{"type":"Topology","arcs":[[[6871,14895],[11,-2],[21,-19],[-1,-19],[22,-9],[5,-14],[17,-19],[19,-12],[20,6],[18,-1],[22,-12],[19,1],[12,-22],[11,1],[7,-10],[26,-1],[18,-13],[10,-1],[11,-22],[26,-8],[16,5],[18,-3],[9,-22],[19,-6],[15,7],[12,-15],[11,-25],[20,-11],[10,-20],[18,-11],[3,-8],[21,-15],[14,-4],[4,-16],[-2,-17],[19,-10],[10,-12],[-6,-20],[1,-25],[-7,-12],[1,-18],[12,-17],[3,-27],[-11,-13],[-2,-10],[19,-1],[2,-37],[8,-31],[16,-16],[16,3],[5,-7],[17,-4],[-5,-10],[2,-17],[-23,-8],[-10,3],[-33,-1],[-23,-7],[-18,-10],[-4,-9],[-28,-11],[-5,-8],[-3,-26],[6,-9],[-7,-15],[1,-15],[-7,-9],[0,-28],[6,-18],[-5,-7],[3,-17],[-10,-6],[-27,-4],[-4,-24],[8,-10],[-17,-17],[0,-8],[32,-34],[29,-5],[4,-18],[18,-3],[22,-13],[12,-13],[15,-6],[17,-15],[3,-13],[16,-18],[9,-4],[34,5],[5,17],[24,6],[7,13],[36,4],[20,22],[-3,27],[7,23],[-17,3],[16,20],[18,1],[38,7],[11,16],[17,-4],[13,-17],[30,-4],[12,-8],[14,-15],[-17,-17],[-23,-16],[-6,-12],[-23,-10],[0,-7],[-20,-18],[-1,-11],[-25,-6],[-14,-13],[-8,-29],[6,-16],[21,-14],[-5,-19],[1,-22],[-12,-10],[-6,-26],[-9,-8],[-5,-15],[7,-6],[-10,-10],[7,-16],[10,0],[5,-20],[13,-9],[11,-21],[8,-5],[0,-13],[13,-12],[0,-20],[-5,-8],[8,-8],[21,-6],[5,-7],[-3,-22],[4,-7],[-6,-33],[-1,-23],[33,3],[9,-2],[12,9],[20,-14],[7,-9],[33,9],[14,6],[28,-4],[2,-5],[22,-2],[63,42],[212,136],[267,173]],[[8375,13811],[-14,-34],[1,-14],[7,-17],[-9,-41],[-22,-30],[1,-13],[8,-9],[4,-15],[-4,-32],[6,-11],[28,-24],[21,-14],[19,-16],[0,-13],[7,-31],[4,-25],[-7,-13],[-20,-19],[-29,-20],[-14,-3],[-19,-14],[-22,-4],[-42,-19],[-22,-8],[-17,-12],[-21,-7],[-20,-27],[-26,-17],[-20,-9],[-46,-36],[-1,-17],[-26,-27],[-1,-6],[-31,-38],[-30,-13],[-16,2],[-28,-25],[-13,-2],[-16,-11],[-25,-6],[-22,3],[-41,-14],[-23,-20],[-19,-23],[-33,-14],[-27,-6],[-31,-5],[-27,-28],[-29,5],[-22,-2],[-14,-12],[-20,-8],[-12,-15],[-29,-12],[-6,-9],[9,-22],[-6,-22],[7,-27],[13,-25],[1,-15],[-17,-20],[-1,-7],[13,-23],[10,-10],[28,-17],[9,-17],[-7,-11],[-29,-14],[-49,-2],[-33,-26],[-8,-17],[-3,-20],[-6,-10],[-36,-25],[-20,-6],[-26,-20],[-26,-9],[-17,-10]],[[7371,12586],[-21,-11],[-7,-17],[-14,-15],[-16,-9],[-19,-17],[4,-11],[-6,-17],[-8,-6],[-15,-26],[-14,-7],[-9,-18],[-10,-8],[-5,-14],[13,-18],[32,-28],[13,-7],[24,-5],[-16,-42],[0,-10],[15,-39],[-11,-18],[-16,-5],[-25,4],[-15,-6],[-16,-19],[9,-12],[-1,-12],[19,-19],[18,-5],[0,-27],[-8,-10],[-36,-6],[-19,-9],[-23,-19],[-21,-40],[-1,-11],[7,-18],[-10,-26],[-13,-10],[-7,-12]],[[7143,11981],[-8,0],[-15,12],[-23,-7],[-35,-4],[3,-13],[-15,-3],[-9,-21],[3,-18],[-20,-20],[-2,-9],[-23,-3],[-23,3],[-6,-11],[-44,14],[-15,-3],[-8,12],[-15,-1],[-22,13],[-6,18],[-29,12],[-17,3],[-24,-1],[-10,-8],[-24,-3],[-48,-3],[-36,-17],[-31,-6],[-17,3],[-20,-3],[0,-12],[-12,-4],[-13,-23],[-33,-10],[-33,-16],[-6,5],[-24,0],[-17,-10],[-17,5],[-20,-22],[13,-18],[4,-14],[-10,-12],[13,-10],[-7,-14],[-20,-14],[-15,-3],[-14,-15],[-14,-7],[-3,-20],[-10,-11],[-16,3],[-55,-8],[-34,-9],[-7,-10],[-24,-5],[-16,-16],[-22,-31],[-11,-4],[-7,-14],[-24,-27],[-11,-9],[-9,6],[3,16],[-7,6],[-5,20],[5,9],[-22,9],[-12,-10],[-23,2],[8,18],[-4,12],[7,21],[-16,9],[-15,19],[-5,20],[9,6],[-3,9],[-14,7],[-2,14],[-10,8],[9,20],[-38,-2],[-17,9],[-15,14],[-1,8],[24,15],[1,17],[-14,24],[-32,4],[-17,4],[-10,16],[-27,3],[-22,-13],[-20,-4],[-11,-12],[-28,-10],[-18,16],[-27,8],[-4,-4],[-20,17],[-26,-4],[-13,20],[0,14],[-17,5],[-25,1],[-29,11],[-19,4],[-1,-26],[6,-6],[-7,-17],[1,-19],[17,-9],[24,-4],[2,-9],[-19,-8],[-8,-17],[9,-12],[0,-17],[7,-13],[-1,-18],[9,-20],[-3,-12],[1,-18],[12,-12],[-1,-20],[-12,-7],[-31,1],[-34,17],[-18,-8],[-26,6],[-22,-6],[-23,5],[-31,-13],[-6,10],[-13,5],[-13,15],[-29,16],[-6,7],[-24,-13],[-34,-5],[-12,-13],[-17,4],[-9,-4],[-30,-28],[-17,-2],[-14,-20],[-11,-8],[-30,4],[-21,16],[-8,-19]],[[5165,11647],[-11,1],[-14,-9],[-36,-4],[-7,9],[-22,7],[-12,18],[-10,2],[-29,-1],[-26,4],[-22,8],[-8,11],[0,11],[-17,4],[-7,23],[-11,9]],[[4933,11740],[5,16],[-8,16],[14,10],[-8,10],[2,15],[-9,9],[-17,6],[-23,19],[-13,3],[-36,15],[-1,6],[-34,20],[11,23],[28,23],[-12,19],[15,19],[-7,8],[-13,-5],[-11,10],[15,14],[-22,12],[5,11],[0,19],[-29,18],[0,22],[19,20],[9,17],[13,9],[22,-2],[7,11],[0,20],[-7,16],[11,7],[-3,13],[8,11],[-27,13],[1,19],[-7,7],[-27,8],[-2,11],[-12,4],[-14,18],[-15,4],[-16,-4],[-14,-22],[-21,-2],[-7,6],[-17,1],[-22,16],[4,10],[-7,22],[-14,5],[-14,14],[-9,24],[2,31],[-10,19],[-2,15],[4,9],[-8,8],[5,17],[-18,6],[-2,8],[9,13],[-24,3],[-2,7],[-21,18],[-20,-5],[-17,6],[-41,-19],[-17,9],[-23,-1],[-28,3],[-7,-7],[-33,-1],[-19,-4],[-25,1],[-20,-2],[-25,-7],[-10,-19],[-14,-5],[-30,5],[-20,-1],[-29,9],[-13,-7],[1,-12],[-11,0],[-13,10],[-18,6],[-13,0],[-15,6],[-23,-2],[-47,3],[-18,8],[-19,3],[-23,-3],[-8,7],[-31,-11],[-10,0],[-31,-18],[-17,6],[-13,-3],[-13,3],[-19,-4],[-3,-8],[-15,0],[-16,7],[-20,2],[-7,8],[10,15],[-12,10],[6,20],[-15,14],[6,12],[-15,1],[-26,9],[-13,8],[-6,10],[16,17],[-7,12],[-38,2],[-11,8],[1,20],[-11,11],[4,9],[16,5],[-21,10],[4,16],[23,8],[0,13],[-22,6],[5,9],[28,-1],[4,10],[-8,10],[-36,14],[-6,10],[16,8],[22,-5],[17,14],[-16,9],[-20,-8],[-20,7],[5,15],[19,15],[24,8],[-3,11],[-14,11],[-24,9],[-8,11],[-14,1],[-18,-22],[-8,2],[-3,28],[6,14],[-14,1],[-19,-7],[-10,13],[-10,37],[-22,13],[-17,-3],[-11,-11],[-8,1],[-19,21],[0,12],[12,17],[12,7],[34,0],[8,8],[-5,11],[-24,7],[-30,-6],[-21,2],[-9,10],[3,10],[18,12],[7,11],[-12,11],[-10,-2],[-15,-13],[-11,-16],[-21,10],[-5,27],[-24,-3],[-14,6],[0,9],[26,10],[9,13],[14,4],[-4,11],[-15,7],[-16,-2],[-21,25],[9,24],[-5,18],[11,14],[-23,9],[4,17],[15,4],[48,-3],[14,29],[11,10],[28,-14],[14,5],[11,12],[14,4],[13,-8],[21,1],[8,-13],[23,-7],[8,12],[17,-5],[3,13],[-21,11],[63,12],[13,15],[-4,16],[-10,6],[-7,36],[3,8],[-5,19],[-17,6],[-1,10],[-21,3],[7,10],[-16,9],[-9,23],[16,7],[194,24],[37,-5],[14,10],[9,-8],[24,-7],[6,-7],[39,6],[20,0],[17,-9],[18,4],[18,-35],[23,-3],[27,17],[9,9],[4,22],[17,22],[-2,13],[9,13],[-13,10],[14,13],[-1,16],[11,9],[1,8],[15,4],[9,18],[1,16],[29,-8],[9,5],[-17,13],[-7,25],[-14,20],[4,15],[-11,9],[-8,23],[-7,5],[-13,32],[-28,5],[-28,19],[-17,29],[-37,5],[-15,13],[-20,1],[-70,160],[-231,148],[-40,12],[-121,0],[-61,3],[-11,5],[-19,42],[-13,22],[-68,35],[-59,40],[-126,96],[-9,3],[-10,47],[17,5],[19,-8],[17,1],[24,25],[37,7],[18,17],[26,17],[8,13],[7,22],[10,15],[6,20],[-9,15],[23,3],[7,6],[-10,18],[4,29],[11,26],[16,14],[26,1],[19,6],[20,16],[15,22],[-9,31],[-12,6],[-7,25],[2,31],[8,32],[-28,23],[-20,43],[-3,33]],[[3336,14961],[30,1],[20,-3],[-7,-14],[-21,-4],[-3,-11],[6,-9],[-3,-10],[8,-22],[9,-13],[17,1],[12,-5],[7,9],[0,19],[15,-3],[-4,-33],[-21,-9],[-5,-14],[-10,-10],[-1,-30],[26,-14],[0,-16],[9,-7],[47,14],[7,9],[14,6],[-4,16],[79,10],[31,2],[14,-4],[-37,-15],[-9,2],[-23,-13],[8,-7],[-6,-16],[11,-7],[38,8],[-14,-17],[-51,-8],[7,-14],[36,-4],[-10,-10],[-13,7],[-27,-2],[-2,-8],[21,-6],[-4,-8],[41,-14],[-13,-11],[-13,9],[-12,-1],[-26,8],[-15,17],[-34,2],[-15,-5],[-19,-19],[-3,-21],[10,-10],[-11,-10],[-2,-28],[-7,-30],[3,-11],[15,-19],[17,-6],[43,-8],[94,-3],[52,2],[47,7],[19,5],[14,9],[2,22],[12,8],[-8,17],[19,11],[11,15],[-8,18],[-20,15],[25,24],[-10,10],[24,1],[8,26],[-11,12],[-4,14],[-22,4],[6,-19],[-17,-7],[7,55],[-15,-1],[-17,14],[21,18],[9,17],[3,20],[-15,33],[-4,25],[-5,3],[-2,24],[-9,16],[-18,8],[-5,11],[24,42],[9,24],[0,18],[-11,14],[5,39],[-6,27],[-20,19],[-24,1],[-10,16],[-7,28],[-17,25],[-25,20],[-22,12],[-22,7],[-71,17],[-38,15],[-17,4],[-12,-6],[-6,19],[3,5],[62,33],[16,14],[6,33],[64,2],[79,8],[32,5],[52,9],[54,7],[61,12],[46,14],[25,23],[2,9],[-8,14],[16,13],[-4,14],[33,6],[4,5],[40,6],[65,20],[33,13],[18,12],[3,23],[39,16],[13,12],[64,24],[36,19],[9,14]],[[4268,15702],[53,-95],[-13,-13],[-17,-5],[-26,-20],[-7,-9],[6,-7],[27,-4],[52,-30],[1,-8],[19,-26],[7,-20],[3,-22],[8,-18],[8,-2],[20,13],[16,5],[25,-5],[13,1],[21,-10],[27,-6],[-5,-20],[7,-6],[21,-6],[-5,-24],[-17,-10],[35,-14],[35,1],[0,-12],[-24,-5],[2,-8],[13,-13],[30,-22],[2,-25],[-2,-33],[-14,-37],[11,-17],[24,-8],[14,-19],[13,-13],[-32,-11],[-44,-8],[-17,-12],[-51,-23],[-33,-28],[-11,-15],[-14,-5],[6,-15],[-6,-17],[-12,-4],[-6,-13],[-16,-7],[-8,-24],[-8,-9],[0,-9],[-15,-22],[-14,-9],[-3,-24],[6,-14],[28,-19],[-4,-10],[-22,9],[-14,-11],[-17,8],[-6,-3],[-6,-46],[-56,-14],[4,-14],[-4,-17],[-23,0],[-2,-16],[-9,-6],[1,-24],[10,-8],[-7,-13],[25,-14],[-8,-29],[2,-33],[-12,-5],[6,-29],[-3,-18],[-28,-8],[-12,-14],[-7,-17],[-24,-8],[-2,-28],[-14,-12],[-12,-22],[3,-9],[-7,-12],[5,-32],[-5,-22],[-22,-10],[10,-23],[-1,-16],[10,-33],[-8,-32],[-9,-12],[6,-15],[-17,-16],[-4,-11],[-12,-9],[6,-10],[-10,-18],[7,-5],[14,-34],[15,-5],[-3,-10],[24,-5],[9,-19],[20,-6],[2,-9],[14,-10],[-4,-22],[16,-4],[10,-11],[2,-15],[18,-11],[5,-18],[18,-22],[16,-3],[22,-19],[15,-6],[318,-19],[295,-18],[267,-16],[0,8],[20,21],[-4,21],[10,22],[20,11],[-16,12],[9,21],[17,4],[15,-2],[24,17],[-1,16],[11,13],[-1,9],[12,12],[-20,12],[17,14],[17,7],[-16,19],[6,10],[-2,14],[9,2],[12,13],[0,13],[-7,16],[22,14],[15,-2],[36,-28],[15,-9],[23,0],[28,5],[6,12],[39,-3],[13,-8],[43,-4],[23,3],[7,20],[14,2],[27,16],[9,10],[26,-1],[5,10],[-9,13],[14,2],[-4,26],[18,13],[10,16],[-6,28],[12,12],[20,1],[25,-8],[12,4],[17,15],[9,14],[1,23],[8,14],[22,10],[12,21],[-3,7],[-17,12],[-1,8],[13,10],[20,-5],[31,-14],[15,7],[4,18],[18,5],[2,17],[21,7],[25,0],[18,6],[18,1],[18,15],[-2,13],[15,17],[0,17],[10,7],[-1,13],[-10,11],[44,1],[13,13],[15,2],[9,17],[13,8],[8,14],[14,9],[22,1],[14,10],[10,27],[-17,8],[2,6],[27,12],[6,12],[10,3],[20,-11],[20,-1],[5,-10],[12,-4],[11,7],[26,3],[14,-2],[36,3],[3,-11],[16,-3],[9,8],[25,9],[9,17],[22,-9],[0,-10],[42,-7],[13,-7],[9,9],[25,4],[13,7],[10,14],[18,5],[21,0],[39,18],[17,-13],[46,-6],[10,17],[18,19],[12,2],[16,12],[0,7],[13,11],[4,9],[24,23],[-1,10],[5,15],[-2,21],[11,6],[45,1],[5,-2]],[[6739,17356],[-89,87],[-27,18],[-40,23],[-31,4],[-32,13],[-16,10],[-24,24],[-10,7],[-20,3],[-66,-16],[-21,15],[-20,17],[-11,22],[-17,10],[-44,-3],[-16,11],[8,14],[-23,6],[-16,7],[-8,-6],[-19,24],[-2,10],[12,32],[15,13],[-19,30],[13,18],[6,26],[-6,13],[7,4],[2,16],[-8,16],[-22,12],[5,5],[-13,23],[6,15],[-9,15],[6,17],[-8,7],[8,9],[6,20],[21,16],[2,14],[-13,7],[-26,-3],[-3,6],[-19,2],[-11,-4]],[[6147,17985],[11,11],[6,16],[50,-8],[15,3],[20,24],[27,2],[20,13],[26,0],[24,8],[12,19],[36,14],[28,3],[5,8],[26,6],[6,10],[23,1],[27,10],[15,12],[18,30],[5,23],[-18,2],[14,13],[35,18],[60,5],[23,11],[9,20],[17,11],[33,14],[3,21],[30,-3],[29,1],[40,9],[22,8],[2,10],[-14,46],[4,0]],[[6836,18376],[10,-36],[13,-21],[18,-13],[39,-17],[53,-33],[12,-12],[13,-29],[-1,-35],[4,-6],[31,-19],[27,-13],[-21,-16],[-8,-10],[-2,-33],[-6,-17],[6,-46],[17,-32],[3,-17],[-3,-8],[2,-29],[1,-57],[3,-26],[-33,-15],[-5,-10],[11,-14],[16,-6],[9,-12],[0,-19],[-15,-13],[-7,-15],[4,-35],[-14,-15],[-37,-12],[-26,-16],[-26,-23],[-19,-25],[-4,-39],[-9,-21],[-15,-17],[-15,-1],[-36,-20],[-13,-26],[8,-21],[-31,-43],[-25,-27],[-26,-50]],[[8150,10860],[35,-12],[38,-3],[13,-18],[-8,-9],[-12,0],[-6,-12],[-4,-29],[14,-8],[6,-20],[-1,-16],[-9,-31],[2,-19],[16,-13],[-17,-14],[-21,0],[-8,-13],[1,-11],[32,-5],[0,-15],[39,4],[-15,-18],[1,-16],[-15,-18],[-3,-31],[-15,2],[-24,-4],[-5,-23],[-6,-4],[-11,-28],[-22,-4],[-26,5],[-6,-33],[-2,-28],[-14,-7],[-11,3],[-25,-15],[-8,-16],[-1,-20],[-7,-15],[9,-22],[9,-7],[13,0],[6,-20],[-7,-21],[-12,-11],[-1,-10],[-10,-3],[-3,-15],[-13,-6],[-12,-29],[-11,-13],[-17,-10],[-9,-10],[11,-14],[12,-29],[4,-18],[17,-15],[6,-16],[16,3],[4,-16],[-8,-16],[8,-27],[-16,-9],[-16,0],[-4,-26],[6,-4],[-8,-24],[10,-14],[2,-16],[-15,-25],[-21,-21],[-6,-15]],[[7989,9867],[-16,16],[-25,0],[-13,-11],[-19,9],[-19,-2],[-18,-8],[-19,-16],[-6,-19],[-11,-11],[-7,-17],[-12,-9],[-15,0],[6,-24],[-14,1],[-15,-5],[-3,-14],[-9,-13],[-26,-22],[-22,6],[-11,-11],[22,-34],[-5,-13],[20,-9],[-6,-18],[-14,2],[-16,-5],[-3,10],[-13,4],[-15,-6],[-2,-12],[-11,1],[-15,-15],[-16,-12],[-24,-8],[0,-7],[-28,-9],[11,-11],[0,-10],[-19,-1],[-4,-17],[-24,4]],[[7553,9551],[-14,1],[-25,-13]],[[7514,9539],[-10,5],[-8,18],[28,18],[0,17],[29,18],[6,12],[28,24],[16,38],[-2,8],[19,17],[26,44],[8,37],[-3,3],[-1,29],[-14,13],[-15,5],[20,32],[-6,28],[8,15],[17,10],[1,21],[18,34],[24,29],[30,-19],[17,-8],[27,-3],[23,-12],[9,-1],[11,10],[13,4],[-1,12],[4,22],[1,34],[6,14],[-3,11],[16,43],[19,11],[4,11],[16,10],[6,12],[-2,19],[-19,5],[-8,11],[9,5],[4,24],[-3,42],[3,47],[3,15],[13,30],[10,10],[23,44],[3,19],[7,9],[-5,32],[-10,17],[22,15],[-6,8],[1,16],[-11,43],[-34,6],[-32,30],[18,10],[10,13],[16,6],[16,1],[40,10],[3,9],[-15,2],[-8,10],[12,13],[-7,28],[19,10],[38,13],[11,1],[1,18],[22,19],[3,28],[11,4],[5,10],[16,2],[26,11],[-12,10],[13,7],[-13,12],[20,5],[6,-9],[18,0],[12,5]],[[6871,14895],[-5,24],[13,12],[14,-7],[13,7],[8,14],[12,2],[0,11],[-15,5],[-4,20],[22,-6],[24,11]],[[6953,14988],[16,2],[11,18],[27,5],[22,-12],[17,-2],[2,17],[17,3],[44,-13],[29,3],[11,-7],[3,-12],[16,7],[-3,16],[5,18],[28,16],[26,24],[-3,13],[11,21],[-8,12],[14,26],[16,-4],[18,-22],[16,0],[26,5],[3,18],[8,10],[24,15],[4,25],[7,7],[-2,29],[-19,23],[-17,15],[-19,-1],[1,12],[-11,15],[2,21],[15,2],[0,27],[-16,12],[-22,10],[-12,1],[-2,12],[12,12],[-3,7],[5,17],[-19,25],[11,17],[-9,14],[4,13],[-10,28],[-9,5],[-3,17],[13,18],[-16,10],[5,11],[29,-2],[2,8],[20,8],[1,13],[18,12],[41,12],[-42,38],[-35,5],[7,8],[4,25],[-16,3],[-4,19],[-12,19],[-16,20],[3,14],[-27,-1],[0,10],[-13,19],[-13,27],[-21,14],[-14,1],[-16,10],[2,8],[-27,8],[-32,-4],[-35,9],[-18,0],[-17,15],[0,13],[-13,7],[-26,-9],[-21,1],[-3,10],[-46,5],[-24,14],[-1,28],[-15,10],[-1,8],[-12,11],[-1,14],[-18,13],[-11,19],[-27,14],[-16,-2],[-21,6],[-6,13],[7,23],[-10,9],[-2,11],[8,12],[-9,30],[-11,6],[-18,1],[-5,11],[11,10],[-11,28],[-17,1],[-2,13],[9,7],[7,23],[-17,8],[-12,16],[14,4],[19,23],[13,22],[1,12],[16,20],[42,11],[-21,9],[-17,0],[-7,9],[-36,9],[-16,-13],[-15,-4],[-24,2],[-19,12],[-26,2],[-58,24],[-7,12],[15,23],[-3,17],[12,9],[2,8],[-36,19],[-23,-9],[-21,3],[-14,-3],[-12,6],[0,9],[-56,34],[-22,8],[-1,18],[-35,6],[-22,15],[-17,-12],[-13,10],[6,5],[-10,11],[34,18],[-21,-1],[-36,15],[-45,0],[-29,11],[-12,0],[-25,11],[1,18],[-17,1],[-33,-19],[-1,-14],[-24,-6],[-16,-33],[-22,10],[-11,12],[-29,3],[-1,-19],[-19,0],[-2,32],[6,22],[-11,1],[10,16],[1,26],[-8,5],[28,26],[4,17],[17,26],[19,46],[-9,12],[4,8],[-23,12],[-40,13],[-4,13],[-21,17],[-3,8],[-38,5],[-3,6],[34,0],[0,5],[-39,-2],[-19,5],[4,15],[-21,6],[-17,-18],[1,-7],[-20,-2],[-6,7],[5,13],[-17,10],[5,7],[-7,15],[22,31],[-9,13],[-12,2],[0,23],[11,12],[-23,5],[14,14],[-26,24],[-17,-4],[-14,-12],[-16,1],[-22,15],[-14,0],[-4,9],[77,119],[-125,-71]],[[5649,17155],[-12,36],[1,11],[27,-2],[12,13],[1,7],[15,7],[6,11],[16,6],[-19,18],[35,-2],[4,22],[-7,17],[2,18],[-23,11],[22,8],[-25,9],[-13,-5],[-13,-13],[-36,-8],[-42,-28],[-29,-3],[-43,-36],[-8,-13],[-29,-22],[-18,3],[-16,-12],[-21,9],[29,19],[6,8],[27,-2],[19,6],[11,20],[22,12],[20,17],[27,30],[0,11],[-26,12],[14,13],[20,-1],[16,6],[-8,19],[8,16],[20,8],[1,-31],[14,-6],[12,1],[22,10],[15,-3],[13,6],[-5,8],[31,13],[21,4],[-11,29],[-2,15],[6,4],[-6,27],[4,5],[-7,17],[-11,5],[-17,-2],[-5,6],[14,13],[-38,16],[-12,12],[14,9],[22,8],[26,16],[25,20],[17,25],[-16,10],[-1,15],[12,29],[-15,20],[-19,11],[6,15],[58,10],[19,7],[11,11],[10,36],[20,11],[31,10],[8,9],[29,14],[5,23],[49,6],[14,4],[26,0],[36,4],[33,7],[29,12],[10,7],[4,17],[12,9],[-3,22],[-6,3],[1,25]],[[6739,17356],[-11,-27],[-12,-9],[-11,-31],[1,-17],[-12,-27],[-9,-12],[-5,-15],[5,-17],[12,-13],[16,-7],[50,-1],[35,-13],[26,-6],[32,-15],[22,-20],[16,-26],[38,-24],[10,-14],[-19,-22],[-24,-16],[-11,-11],[-29,-12],[-12,0],[-21,-9],[-13,-12],[-12,-5],[4,-27],[-2,-13],[-14,-18],[-3,-18],[15,-29],[15,-4],[14,-21],[67,-51],[16,-29],[-17,-32],[26,-29],[18,-13],[-7,-15],[-15,-4],[-6,-9],[3,-10],[30,-26],[14,-23],[8,-26],[-4,-25],[-10,-12],[-40,-24],[-3,-10],[32,-23],[18,-25],[-1,-11],[-21,-21],[-28,-16],[-3,-11],[13,-17],[36,24],[24,2],[14,-3],[23,-18],[9,-29],[27,-5],[35,11],[12,-9],[29,-7],[15,-26],[20,-11],[38,-4],[14,-6],[12,-16],[-4,-23],[39,-22],[28,-5],[19,-10],[4,-20],[20,-21],[25,-19],[6,-17],[26,-15],[10,1],[35,18],[25,20],[13,6],[26,-3],[14,6],[14,-4],[-1,-10],[15,-26],[32,-32],[16,0],[55,21],[30,-1],[22,-14],[54,-21],[7,-12],[-14,-25],[6,-14],[20,-2],[29,15],[30,-6],[20,-20],[27,-16],[-15,-13],[24,-4],[19,-22],[43,-16],[-2,-13],[33,-10],[0,-14],[10,-2],[24,9],[14,-13],[8,-12],[-22,0],[-7,-14],[16,-5],[11,3],[9,12],[11,1],[13,-22],[10,-7],[16,1],[10,8],[13,2],[27,-8],[18,5],[7,21],[14,-5],[10,-11],[16,-2],[11,7],[13,-1],[24,-27],[-19,3],[-6,-9],[5,-9],[20,0],[20,-14],[17,13],[16,1],[32,-13],[38,-9],[24,4],[10,-3],[18,-14],[20,-6],[9,-16],[-3,-14]],[[8455,15777],[-3,-17],[-7,-12],[11,-30],[29,-21],[51,-41],[17,-4],[19,-16],[7,-34],[-5,-28],[9,-21],[-8,-8],[-28,-13],[-7,-14],[11,-26],[-12,-23],[-7,-21],[10,-43],[26,-21],[7,-22],[19,-28],[14,-9],[-6,-13],[-3,-44],[9,-17],[16,-16],[16,-9],[13,-13],[2,-10],[-6,-18],[2,-15],[-4,-61],[3,-22],[-13,-27],[1,-12],[14,-15],[-20,-14],[2,-15],[14,-20],[-17,-14],[-7,-15],[0,-12],[-17,-17],[-8,-22],[7,-12],[-1,-12],[8,-31],[-7,-20]],[[8606,14829],[-18,-13],[-33,-5],[-10,-14],[-18,-15],[-11,-4],[-27,-17],[-15,-6],[-17,-16],[0,-20],[-9,-41],[4,-36],[13,-21],[36,-25],[14,-22],[-5,-6],[2,-18],[-5,-11],[3,-22],[21,-24],[2,-20],[-4,-27],[19,-20],[7,-21],[14,-23],[-33,-35],[-16,-5],[-5,-14],[17,-10],[16,-15],[-8,-17],[11,-27],[18,-15],[-9,-15],[-14,3],[-11,-13],[13,-15],[-6,-16],[-20,-7],[-6,-34],[-16,-10],[-11,-31],[-12,-11],[-18,1],[-21,-20],[-3,-10],[-50,-13],[-11,-19],[0,-12],[14,-13],[-1,-9],[11,-9],[11,-17],[-1,-27],[-8,-28],[-11,-5],[6,-27],[-16,-49],[-4,-27]],[[4661,16331],[-3,-21],[-23,4],[10,14],[16,3]],[[5193,16818],[6,-7],[32,-4],[0,-7],[-41,-1],[3,19]],[[5380,17272],[19,-7],[-18,-7],[-17,0],[-2,11],[18,3]],[[5646,17509],[9,-10],[20,-9],[28,-3],[-13,-8],[15,-12],[-11,-5],[-38,-1],[-12,-7],[0,-13],[-10,-5],[-14,3],[0,42],[19,13],[7,15]],[[7371,12586],[-4,-13],[14,-15],[-3,-8],[18,-16],[-3,-7],[13,-13],[10,0],[27,-16],[12,5],[4,-29],[-8,-28],[14,-3],[28,-22],[-5,-11],[9,-26],[-3,-7],[34,-14],[32,1],[18,-11],[5,-22],[14,-5],[17,-20],[16,8],[12,-8],[24,-1],[5,16],[10,12],[30,10],[27,5],[9,11],[18,-2],[46,-20],[-7,-25],[-1,-17],[5,-18],[23,-26],[13,-7],[28,-24],[-24,-27],[-2,-12],[17,-5],[5,-9],[-6,-14],[-18,-18],[-23,-6],[-9,-11],[-24,-13],[-2,-9],[7,-12],[6,-24],[36,-1],[30,6],[19,18],[20,-3],[12,5],[1,12],[-5,15],[13,8],[4,17],[11,15],[24,-16],[30,-10],[24,-16],[33,-1],[10,4],[25,-24],[5,-21],[11,-4],[5,-23],[24,-4],[8,6],[55,-16],[-3,-4],[12,-26],[16,-9],[-5,-11],[10,-3],[15,-16],[2,-10],[25,-24],[34,22],[27,-4],[32,8],[16,-7],[19,4],[31,-6],[-4,-6],[17,-15],[-9,-12],[35,4],[13,19],[28,15],[22,1],[7,-3],[0,-27],[11,0],[14,11],[16,6],[7,13],[13,8],[28,30],[23,-4],[25,5],[17,-2],[24,7],[16,-9],[13,-14],[15,-8],[19,-3],[15,-24],[20,-17],[8,-1],[13,13],[4,16],[11,12],[6,25],[-5,25],[14,35],[3,10],[18,26],[12,25],[-18,21],[-31,9],[-2,13],[16,23],[24,7],[21,31],[6,11],[-2,18],[10,31],[6,7],[27,7],[10,13],[20,4],[13,6],[8,14],[12,11],[3,23],[19,12],[1,15],[26,10],[13,-8],[30,-8],[22,-12],[47,-20],[13,4],[16,-14],[14,-6],[23,-29],[3,-9],[16,-15],[11,-5],[-9,-52],[-17,-19],[1,-13],[-18,-18],[2,-7],[-9,-17],[-17,-12],[-14,-2],[-22,11],[-18,4],[-20,-15],[13,-12],[-4,-15],[-12,-18],[-24,-42],[22,-4],[17,-12],[17,-4],[13,-9],[-1,-11],[8,-10],[0,-11],[15,3],[13,-7],[20,-5],[12,-9],[19,15],[12,27],[20,15],[5,22],[9,7],[-4,10],[13,13],[-8,12],[13,12],[20,-12],[23,4],[43,-6],[13,10],[22,-7],[8,-10],[-3,-9],[12,-7],[11,-15],[9,-3],[29,11],[37,1],[19,11],[18,18],[-23,27],[-9,4],[-10,17],[-19,0],[3,27],[17,10],[-14,18],[-11,8],[8,21],[1,25],[13,8],[19,18],[39,-10],[33,-19],[2,-13],[19,-8],[20,-2],[29,5],[18,-2],[20,3],[14,7],[6,8],[16,7],[9,34],[35,13],[15,1],[7,-14],[-1,-18],[11,-6],[1,-16],[11,-15],[8,-1],[20,24],[10,4],[13,26],[35,22],[3,18],[11,8],[-1,18],[16,14],[14,3],[7,8],[14,3],[-1,12],[13,11],[14,0],[12,6],[10,14],[34,1],[8,24],[41,-1],[20,6],[9,11],[-1,9],[11,18],[14,13],[12,28],[17,5],[30,-10],[13,11],[20,-1],[17,19],[-6,4],[-2,17],[10,8],[-4,19],[-15,7],[1,18],[-6,12],[1,13],[13,8],[2,29],[28,11],[0,12],[10,6],[-13,17],[-3,27],[0,28],[-4,11],[20,18],[-5,10],[-14,10],[2,21],[-34,4],[-15,7],[-12,11],[-2,14],[-9,11],[-25,0],[-24,15],[8,22],[15,10],[47,17],[12,-2],[19,-14],[7,-13],[22,-9],[15,3],[15,-13],[13,-4],[12,-16],[4,-15],[12,-6],[13,-23],[2,-14],[28,-42],[19,-7],[46,5],[31,13],[1,7],[15,7],[16,15],[25,9],[47,5],[8,10],[-18,10],[1,11],[-8,9],[14,19],[8,4],[-2,16],[-14,16],[5,19],[9,7],[17,3],[11,15],[1,16],[10,12],[27,8],[-2,7],[21,21],[-2,22],[-7,7],[10,17],[-5,25],[-15,9],[-2,13],[18,11],[-5,19],[-12,8],[4,20],[-5,18],[26,16],[-2,12],[10,17],[-1,8],[-14,12],[-8,17],[-11,1],[-6,18],[9,4],[0,13],[-10,14]],[[10699,13347],[10,16],[15,3],[38,-27],[40,-13],[13,-10],[16,-1],[23,-9],[27,-2],[22,14],[28,11],[15,-2],[4,9],[21,11],[20,17],[19,11],[16,29],[3,15],[18,31],[14,17],[10,5],[38,-6],[-4,-27],[18,-10],[40,11],[1,5],[26,26],[-3,14],[12,12],[-2,9],[15,8],[11,-11],[2,-11],[16,6],[9,13],[10,2],[12,-15],[13,-1],[-3,-19],[12,-10],[45,-15],[12,20],[20,11],[21,27],[22,1],[33,-9]],[[11447,13503],[30,-5],[14,2],[29,-8],[35,-7],[27,-10],[28,-5]],[[11610,13470],[-19,-11],[-3,-15],[-26,-29],[-4,-12],[-22,-34],[-5,-21],[-34,-50],[-1,-8],[-27,-37],[-7,-19],[0,-24],[-9,-8],[-11,-23],[-15,-1],[-31,-20],[-23,4],[-12,-9],[9,-20],[-9,-7],[1,-33],[7,-15],[-5,-6],[12,-37],[-6,-16],[-11,-7],[-19,-20],[2,-25],[-11,-14],[-9,-47],[-8,-19],[-16,-12],[-24,-1],[-23,-16],[-18,-4],[8,-20],[-3,-21],[-11,-4],[-35,11],[-17,-3],[-6,-12],[2,-12],[-5,-9],[-23,-18],[-22,-4],[-3,11],[-21,15],[-18,-6],[0,-11],[-18,-14],[-7,-24],[10,-3],[-5,-18],[-13,-2],[-17,-21],[-22,-2],[-3,-28],[-27,4],[-8,9]],[[10969,12672],[-22,-1],[-19,-22],[-13,-8],[-12,-31],[-19,-13],[-10,-13],[15,-13],[-18,-28],[-1,-23],[-23,-37],[12,3],[22,-4],[-2,-30],[11,0],[20,-14],[-4,-19],[-13,-2],[-7,-10],[8,-12],[32,-17],[-18,-9],[15,-19],[7,-2],[57,13],[15,-9],[-5,-12],[-52,-30],[-14,1],[-6,-9],[6,-13],[9,-3],[27,-31],[-3,-9],[-1,-30],[11,-25],[17,-10],[-5,-29],[1,-11],[-8,-12],[-12,-1],[-47,7],[-11,-2],[-28,8],[-24,-2],[-15,4],[-45,-26],[-13,-4],[-3,-9],[-14,-14],[5,-10],[39,-3],[9,-7],[12,1],[34,-8],[14,-20],[47,-12],[22,1],[4,-6],[28,-4],[4,-9],[32,-2],[7,-17],[13,-10],[-6,-14],[40,-20],[-1,-12],[10,-5],[24,-30],[22,-20],[18,-2],[17,-15],[-7,-6],[-30,-1],[-21,-5],[-19,1],[-8,-10],[18,-26],[-14,-14],[-27,-19],[-3,-13],[7,-24],[-16,-23],[-3,-10],[2,-39],[-9,-11],[-28,-9],[-21,-1],[-25,11],[-18,14],[-9,12],[-21,11],[-1,9],[-14,18],[-20,12],[-12,0],[-28,-8],[-9,-19],[-16,-12],[-19,-25],[-21,-9],[-18,-16],[-31,-17],[-3,-16],[-17,-28],[-11,-9],[-11,-1],[-22,-11],[-13,-15],[-28,-11],[-50,-28],[28,-11],[-6,-11],[-18,-16],[-12,5],[-21,-1],[-12,-6],[-16,3],[-31,-18],[1,-9],[-19,-8],[-7,-19],[-22,-6],[-1,-8],[-24,-5],[-11,-10],[-30,-7],[-14,5],[-8,10],[-3,29],[-8,7],[-26,4],[-7,7],[-23,9],[-24,25],[-5,11],[-33,18],[-21,2],[-18,-15],[-32,-7],[-8,-12],[-15,-14],[-18,-2],[0,15],[-27,12],[-6,-10],[10,-5],[-15,-23],[3,-18],[-20,-20],[-1,-7],[14,-8],[-9,-32],[-21,-18],[-21,-36],[-20,-12],[-22,-18],[0,-10],[-24,-31],[-13,-2],[-3,-10],[14,-16],[12,-2],[33,-20],[14,-18],[31,5],[6,-10],[3,-33],[-40,-24],[-2,-25],[-16,-4],[-22,-16],[-7,-16],[-15,-7],[-7,-13],[-15,1],[-33,11],[-8,8],[-17,7],[-14,-16],[-12,-9],[2,-14],[-10,-10],[-11,-29],[-11,-18],[2,-25],[9,-13],[1,-14],[-18,-13],[2,-7],[-17,-9],[2,-6],[-13,-14],[-15,-31],[12,-12],[16,-28],[10,-6],[15,-27],[-12,-18]],[[9795,10744],[-16,-5],[-17,7],[-10,-14],[11,-8],[-14,-13],[1,-5],[-19,-19],[0,-15],[-15,-8],[-5,-10],[-15,0],[-14,12],[-43,-19],[-20,8],[-56,12],[-24,10],[-13,-4],[-12,2],[-18,19],[10,24],[14,12],[-5,10],[-22,5],[-20,-5],[-15,7],[-19,2],[-23,-22],[-38,11],[0,16],[-7,10],[-6,21],[-33,22],[-31,8],[-31,6],[-1,13],[11,17],[-16,7],[1,10],[-14,10],[-13,1],[-4,20],[-14,17],[-31,-1],[-18,3],[-24,10],[-8,-8],[-30,11],[-28,-2],[-12,-8],[-44,-6],[-6,16],[-14,-1],[-9,6],[-5,18],[-9,14],[4,26],[18,11],[16,23],[8,7],[3,14],[12,2],[-20,30],[0,13],[10,8],[32,6],[17,13],[-2,10],[12,5],[-4,24],[-20,27],[6,17],[-1,11],[11,16],[13,6],[-8,8],[-36,-3],[-14,13],[3,30],[-19,5],[-2,34],[13,13],[-14,7],[-7,9],[2,17],[-11,16],[3,7],[-30,24],[-28,8],[-17,-4],[-19,7],[-17,14],[9,12],[-2,39],[-7,11],[1,9],[14,14],[-7,13],[-28,6],[-11,-1],[-15,10],[-23,6],[-21,0],[-2,10],[-38,10],[5,9],[-6,14],[-29,-9],[-17,11],[-21,4],[3,21],[-17,3],[-25,-12],[-6,25],[-20,-6],[-16,2],[-23,16],[-14,38],[2,26],[-24,22],[-22,-21],[-21,-1],[-29,-12],[-15,-14],[-18,1],[-26,-12],[-10,-12],[-24,20],[-10,-7],[8,-19],[-5,-9],[7,-9],[6,-20],[-6,-35],[-12,-17],[-21,9],[-28,-7],[-9,-19],[-28,5],[-14,-3],[-14,-19],[-15,-34],[-15,-10],[-33,-1],[-6,5],[3,19],[-16,1],[-15,7],[-7,14],[-17,-4],[-30,8],[-32,35],[-8,39],[-30,5],[5,-8],[-11,-22],[-5,-24],[-10,1],[-14,16],[-11,6],[-11,-5],[-14,5],[-21,15],[-17,4],[-7,12],[-25,28],[-20,1],[-19,-9],[-11,-13],[-20,-4],[-16,15],[-1,11],[15,29],[4,27],[-27,18],[-21,1],[-32,10],[-17,19],[-13,41],[6,23],[-4,10],[25,16],[14,4],[3,19],[9,11],[-3,13],[-22,3],[-18,9],[3,18],[25,25],[-15,11],[2,9],[-20,12],[-8,16],[17,8],[-2,10],[-21,2],[-4,14],[-26,16],[-2,12],[-19,-8],[1,-8],[-43,-27],[-27,-23],[-9,3],[-40,-17],[-22,-14],[-14,8],[-35,1],[-1,9],[-31,3],[-15,5],[-18,-1],[-16,5],[-11,9],[-11,-6],[-10,5],[-15,-6],[-4,-8],[-15,-7],[0,-9],[-45,-16],[-11,9],[-11,-5],[-2,-10],[-30,6],[0,6],[-27,6],[-18,-8],[-2,-17],[-7,-7],[-13,6],[-4,16],[-11,-1]],[[7150,11962],[-7,19]],[[7150,11962],[5,-11],[-3,-10],[3,-14],[14,-18],[19,1],[17,-15],[-1,-22],[-12,-20],[-3,-13],[13,-17],[0,-9],[-25,-12],[0,-17],[-14,-37],[2,-11],[17,-18],[0,-13],[-24,-19],[-30,-9],[14,-39],[10,-41],[-28,-15],[15,-19],[1,-18],[-24,-3],[-6,-5],[12,-25],[-18,-16],[-14,1],[-20,-30],[-8,-30],[-21,-11],[-9,-12],[-3,-11]],[[7029,11404],[-11,-2],[-40,3],[-13,12],[-18,-1],[-46,11],[-17,14],[-47,-5],[-17,-10],[-12,-1],[-3,-10],[-45,3],[-18,12],[-19,0],[-31,5],[-25,-14],[-20,0],[-33,-15],[-36,4],[-27,-5],[-17,-14],[-35,-1],[-10,-13],[3,-10],[-8,-10],[-15,-4],[-16,-25],[-22,-15],[-25,-35],[-5,-26],[-24,-5],[-14,3],[-25,15],[-28,0],[-11,-8],[-27,-1],[-18,-11],[-2,-12],[-20,-13],[-16,-1],[-10,-8],[-28,5],[-39,13],[-19,-3],[-28,-23],[-6,-10],[-60,-36],[4,-5],[-11,-23],[18,-15],[15,-3],[18,-17],[-1,-17],[-12,-16],[0,-7],[-16,-24],[-25,-8],[-5,-7],[2,-29],[8,-9],[7,-19],[16,-19],[24,-7],[-8,-33],[-24,-16],[-11,-12],[-12,0],[-7,-18],[-15,-11],[-16,-18]],[[5975,10824],[-13,-4],[-28,9],[-17,2],[-27,9],[-7,24],[-10,3],[-2,20],[-22,17],[-12,22],[-22,3],[-2,14],[-14,6],[-1,11],[-47,9],[-42,-9],[-10,14],[-23,-5],[-12,16],[-18,-5],[-24,-1],[-11,-4],[-33,10],[2,10],[-6,20],[-8,11],[-20,0],[-29,-16],[2,-9],[-22,-10],[-19,4],[-7,-3],[-27,1],[-15,12],[-10,3],[-2,24],[-8,7],[-6,21],[-17,20],[-21,36],[-20,-11],[-8,-17],[-15,-4],[-7,-16],[-12,-9],[-4,-18],[-10,-4],[-6,-17],[13,-21],[-7,-15],[-13,1],[-23,-22],[-11,1],[-31,11],[-26,1],[-8,15],[-32,11],[-3,9],[-14,1],[-10,15],[-1,13],[-10,10],[2,25],[-3,13],[-15,7],[-15,20],[16,33],[-8,6],[30,34],[-1,14],[19,-2],[-6,17],[25,2],[36,-25],[17,-5],[14,12],[-1,13],[7,10],[-2,16],[9,5],[7,15],[35,38],[-9,14],[7,17],[-2,13],[-26,10],[-7,19],[2,13],[16,1],[17,12],[27,4],[23,-13],[17,0],[13,11],[15,-9],[26,-12],[18,-4],[32,-1],[10,-7],[41,13],[6,6],[5,23],[23,22],[-18,11],[-5,16],[-8,9],[1,18],[-20,1],[-19,20],[-13,7],[-1,13],[-23,-2],[-14,11],[-30,3],[-14,-15],[-25,2],[-48,-26],[-5,3],[-25,-7],[-30,6],[-31,3],[-18,9],[10,29],[0,21],[-9,10],[0,13],[-9,5],[-4,39],[-4,18]],[[8802,7007],[-3,-13],[-9,-13],[6,-7],[3,-17],[15,-10],[18,-27],[19,-7],[21,-19],[4,-15],[30,-25],[13,-3],[11,-21],[39,-27],[14,-13],[1,-24],[-4,-11],[17,-10],[4,-11],[45,-4],[8,-20],[44,-10],[10,-12],[0,-13],[21,-21],[-4,-14],[10,-16],[11,-9],[31,6],[10,-19],[-8,-20],[21,-21],[1,-17],[-12,-7],[-2,-9],[12,-8],[-5,-16],[2,-17],[8,-11],[26,-5],[7,-19],[-1,-9],[29,-7],[3,-12],[25,-3],[39,-22],[-1,-20],[15,-4],[5,-12],[35,-6],[-1,-6],[35,-13],[5,-16],[21,2],[28,-10],[14,-9],[-14,-12],[21,-16],[16,-3],[14,-11],[20,9],[9,-7],[23,1],[22,-9],[-18,-25],[12,-12],[21,-13],[-3,-6],[26,-5],[15,-28],[15,-4],[13,9],[20,-4],[12,-7],[26,-3],[14,-18],[43,20],[11,-7],[24,10],[10,8],[20,-11],[12,9],[-2,15],[33,1],[-8,20],[15,7],[44,16],[5,12],[20,2],[19,26],[-6,8],[8,9],[30,-9],[20,11],[21,7],[15,-3],[14,5],[-12,13],[28,9],[-7,16],[1,18],[-18,6],[3,13],[-10,3],[1,12],[19,9],[8,-7],[17,7],[-31,15],[-7,17],[2,13],[24,-3],[11,3],[-2,15],[10,4],[14,-7],[22,7],[10,8],[-10,13],[29,5],[12,-8],[22,-1],[13,7],[12,-5],[-14,-15],[-1,-20],[23,-18],[22,-5],[15,6],[-1,15],[14,8],[12,18],[-4,12],[4,9],[12,3],[33,-7],[8,-6],[1,-16],[38,0],[10,-13],[11,-1],[10,23],[25,-14],[2,-13],[26,-18],[19,-1],[30,-10],[5,-11],[21,-3],[28,-23],[37,-12],[23,-3],[20,-16],[13,6],[27,-2],[7,9],[19,6],[18,-4],[4,-13],[21,-19],[16,-8],[10,-12],[4,-17],[17,-12],[23,-12],[-7,-13],[-11,-5],[16,-24],[39,-12],[-13,-27],[-12,-14],[6,-7],[24,0],[32,21],[24,-10],[-11,-22],[2,-12],[21,-22],[-18,-11],[4,-10],[16,-14],[4,-12],[16,4],[4,12],[-13,14],[1,11],[25,1],[14,7],[19,-10],[3,-13],[-16,-10],[-8,-12],[2,-8],[20,-17],[-2,-8],[-23,1],[-11,-10],[17,-16],[10,-16],[39,-23],[14,4],[-1,14],[-13,11],[6,9],[26,-6],[19,-26],[21,-13],[7,-12],[-14,-38],[16,-12],[17,-7],[16,2],[16,30],[21,-4],[16,-13],[10,2],[5,23],[21,-17],[10,-1],[19,26],[15,-7],[-3,-15],[19,-20],[26,-7],[21,7],[16,-12],[8,-16],[-10,-18],[-21,-4],[5,-7],[56,-1],[25,9]],[[11471,5864],[11,0],[15,-11],[21,4],[14,-3],[4,-28],[20,-4],[-14,-19],[-14,-11],[-21,-6],[7,-8],[24,-2],[6,-5],[-3,-25],[6,-6],[18,0],[20,-5],[14,-18],[8,-1],[12,12],[-2,21],[10,2],[15,-20],[1,-11],[26,-33],[-4,-7],[-23,-16],[4,-18],[11,-5],[24,1],[4,-13],[-31,-11],[8,-12],[21,-7],[26,7],[11,21],[41,-13],[16,-21],[1,-29],[12,-7],[25,-5],[-20,-10],[5,-26],[-4,-9],[-25,-19],[31,-14],[14,1],[30,11],[6,12],[-21,9],[-1,9],[40,-11],[16,0],[17,6],[-4,-25],[-19,-3],[-7,-12],[32,-10],[27,5],[-2,-17],[5,-25],[10,-9],[18,-3],[4,18],[7,8],[37,12],[9,-18],[-6,-9],[-35,-9],[-3,-9],[46,-52],[70,-22],[19,-12],[28,8],[0,-15],[15,-8],[-11,-15],[31,-1],[22,17],[25,13],[10,8],[15,2],[-1,-12],[-24,-10],[-4,-25],[-17,-10],[10,-7],[28,10],[38,1],[20,-9],[9,-14],[-13,-17],[-17,-7],[13,-14],[13,-2],[18,14],[24,-3],[13,7],[2,14],[14,2],[4,18],[10,11],[2,13],[10,2],[17,-8],[4,-18],[-22,-7],[34,-22],[19,4],[12,-3],[18,4],[25,14],[3,36],[19,-8],[27,-6],[9,-13],[-2,-12],[5,-8],[26,-2],[14,-7],[7,6],[-9,9],[15,5],[8,-12],[12,-5],[4,-13],[-13,-15],[35,-19],[26,-5],[3,-12],[-12,-15],[7,-8],[21,-3],[29,4],[14,-11]],[[12753,5140],[-14,-9],[1,-9],[-16,-12],[-24,4],[-12,-6],[-17,-1],[-19,-14],[-45,-2],[-36,16],[-35,-8],[0,-13],[-24,-11],[-33,-2],[-18,4],[-28,-5],[-6,-17],[-23,4],[-15,-5],[-18,4],[-24,12],[-23,5],[-58,20],[-29,-3],[-24,-13],[6,-12],[-25,-16],[-53,-24],[-36,-5],[-40,-25],[-24,-5],[-20,0],[-10,-4],[7,-25],[-5,-17],[-17,-8],[-8,-13],[-11,-2],[-18,-40],[0,-11],[22,-22],[14,-26],[7,-34],[-21,-3],[-24,-9],[-3,-9],[-54,-8],[-1,-9],[-27,-8],[-15,6],[-21,2],[-15,-13],[-46,-2],[-39,8],[-62,-4],[-6,6],[-24,3],[-67,-4],[-29,-12],[-19,4],[-36,14],[-36,-6],[-7,-16],[-25,-17],[7,-16],[-9,-18],[-17,-1],[-16,-15],[-12,9],[-12,2],[-25,-5],[-14,-7],[-37,-10],[-1,-11],[-16,1],[-6,-9],[-2,-23],[17,-13],[-12,-15],[-12,-7],[-8,-28],[-25,-31],[-20,-8],[-20,-19],[-38,-11],[0,-13],[-7,-10],[2,-14],[-7,-8],[-4,-38],[-11,-28],[6,-24],[-10,-10],[-23,-11],[-37,-9],[-10,-15],[-11,-6],[-31,-5],[-30,11],[-37,8],[-18,14],[-30,8],[-16,7],[-18,15],[6,18],[-6,20],[-28,6],[-14,-5],[-59,-42],[-10,-12],[-40,-27],[-23,-27],[-23,-10],[-18,-14],[-10,-15],[-19,-20],[-11,1],[-48,14],[-20,10],[-55,34],[-43,18],[-21,13],[0,16],[-29,9],[-14,7],[-19,19],[-22,6],[-15,0],[-11,9],[-3,19],[-14,6],[-15,-7],[-22,-20],[-33,2],[-18,-11],[-6,-14],[-17,-3],[-16,2],[-38,-17],[-39,-7],[-65,3],[-32,11],[-9,11],[-4,15],[-18,26],[-20,13],[-35,18],[-43,12],[-18,0],[-29,-10],[-22,-25],[-6,-24],[-15,-20],[-8,-34],[-16,-2],[-24,15],[-21,7],[-41,-3],[-28,-9],[-12,-7],[-58,-8],[-20,3],[-19,22],[-31,23],[-22,5],[-8,7],[-4,14],[-13,14],[-20,9],[-32,5],[-26,13],[-16,12],[-6,14],[-12,4],[-30,-9],[-20,-10],[-9,-14],[-11,-3],[-28,6],[-20,15],[-29,8],[-16,1],[-30,-5],[-58,-16],[-31,4],[-16,5],[-19,23],[-1,11],[-11,6],[-16,-26],[-24,-10],[-17,2],[2,26],[-16,17],[-1,30],[-22,16],[-26,3],[-26,-10],[-42,-12],[-4,7],[20,13],[8,13],[-10,16],[-16,0],[-21,-6],[-20,0],[-23,8],[-29,34],[-18,7],[-18,0],[-14,-4],[-23,-21],[-20,-7],[-39,-2],[-36,-3],[-34,7],[-17,9]],[[8498,4591],[-29,17],[-35,16],[-35,3],[-72,16],[-88,13],[-30,13],[-14,20],[-16,8],[-9,15],[1,18],[-8,9],[-15,3],[-26,-10],[-23,3],[-16,23],[-26,27],[-22,5],[-20,-2],[-18,-8],[-18,-25],[-9,-5],[-22,-1],[-21,9],[-4,38],[-6,14],[-23,9],[-15,-2],[-9,-29],[-18,-4],[-44,18],[-48,30],[5,24],[29,18],[9,8],[-3,13],[-20,6],[-35,-10],[-12,2],[-18,15],[-10,13],[-11,8],[-34,12],[-33,-6],[-40,-2],[-27,-6],[-29,-17],[-25,-9],[-4,13],[34,19],[5,18],[-7,12],[-20,15],[-19,6],[-10,-3],[-8,-11],[-4,-35],[-17,-23],[-19,-9],[-21,1],[-15,12],[3,28],[-13,14],[-26,4],[-7,-16],[17,-17],[-10,-12],[-18,7],[-67,13],[-28,13],[-54,12],[-1,7],[24,14],[2,18],[-22,14],[-25,7],[-32,-16],[-11,-10],[-16,5],[2,11],[30,10],[8,13],[-2,23],[-31,22],[-22,11],[-23,22],[4,9],[30,-3],[34,14],[11,15],[-3,12],[-21,7],[-35,-5],[-20,5],[-12,8],[8,10],[16,-9],[27,3],[11,15],[2,15],[-5,16],[1,15],[-5,20],[-23,20],[-19,10],[-7,10],[-15,10],[-32,9],[-53,4],[-21,-5],[-55,10],[-27,-5],[-22,2],[-34,13],[-25,19],[-20,10],[-34,4],[-25,-2],[-24,-9],[-18,-2],[-19,4],[-33,24],[-30,10],[-11,9],[0,11],[7,7],[28,4],[15,14],[-3,10],[-30,17],[-19,24],[-6,39],[14,8],[30,4],[9,20],[-8,10],[-29,20],[-13,31],[-20,19],[-13,6],[-19,-6],[-22,0],[-19,-4],[-26,0],[-24,-4],[-9,7],[16,10],[4,17],[-8,12],[-30,0],[-13,-5],[-30,-24],[-29,-8],[-25,7],[-18,-2],[-15,-6],[-22,3],[-12,5],[2,11],[24,4],[4,7],[-7,10],[-17,9],[-19,18],[-18,37],[8,17],[30,9],[9,16],[-13,17],[-8,20],[-19,16],[-44,15],[-21,4],[-9,7],[2,11],[19,14],[11,17],[-2,13],[-12,15],[-32,4],[-17,-1],[-23,23],[-25,-1],[-11,7],[-13,19],[-14,-3],[-20,-18],[-31,5],[-10,-1],[-30,-19],[-33,0],[-28,11],[-47,14],[-7,17],[-17,12],[-10,-2],[-24,-18],[-28,11],[-6,8],[-24,9],[3,17],[-1,27],[-15,7],[-45,2],[-20,6],[-31,-3],[-13,11],[-1,14],[-9,12],[-28,11],[-39,-4],[-24,-16],[-12,-4],[-19,1],[-28,6],[-16,-1],[-36,-10],[-26,-19],[-14,9],[3,10],[-21,23],[-12,5],[-21,21],[-14,2],[-13,-4],[-17,-20],[-13,-3],[-18,4],[-22,10],[-15,26],[-1,15],[-6,7],[-41,12],[-14,18],[-2,19],[-8,8],[-18,6],[-42,4],[3,9],[20,6],[1,15],[15,15],[2,13],[-10,5],[-13,-5],[-27,5],[-40,33],[-17,11],[-23,-1],[3,-10],[15,-7],[6,-13],[-14,-21],[-11,5],[0,20],[-9,9],[-23,-9],[-30,6],[-14,-8],[-14,2],[-14,8],[-35,4]],[[4808,6336],[8,6],[-18,10],[-18,-2],[-1,11],[-18,8],[-17,3],[1,15],[-9,3],[-28,-3],[-10,10],[-34,2],[-12,-6],[-25,2],[-13,10],[-26,-2],[-22,9],[-27,-3],[-42,16],[-10,7],[-11,24],[3,14],[-15,11],[-9,16],[15,9],[1,12],[-15,14],[-7,17],[45,35],[13,2],[24,17],[15,14],[-1,8],[22,12],[12,13],[17,1],[-15,21],[32,18],[7,25],[-1,56],[12,0],[16,26],[12,10],[-17,16],[7,19],[-3,10],[38,44],[18,13],[0,16],[-8,2],[3,16],[-14,22],[-14,6]],[[4669,6971],[30,-7],[12,-9],[11,0],[22,-10],[6,-16],[47,17],[10,13],[18,8],[16,2],[17,-7],[14,5],[20,-2],[17,10],[30,29],[17,-1],[20,9],[8,30],[-3,13],[12,4],[15,-3],[15,5],[16,13],[18,23],[12,2],[10,12],[28,15],[30,-4],[19,1],[33,13],[10,-4],[10,8],[7,14],[11,8],[23,8],[27,-5],[22,16],[11,-2],[28,8],[10,10],[20,3],[17,9],[4,16],[-2,10],[3,16],[10,10],[28,12],[8,13],[1,15],[22,20],[38,13],[13,2],[24,25],[4,15],[-9,14],[9,25],[18,9],[23,27],[0,10],[46,17],[-2,13],[17,19],[16,6],[-3,9],[26,23],[7,16],[17,9],[0,17],[10,16],[16,6],[39,0],[22,14],[19,1],[13,8],[26,5],[13,-2],[15,28],[13,14],[1,21],[-14,5],[-6,23],[14,16],[20,6],[14,8],[-5,6],[27,45],[10,7],[-6,10],[13,15],[35,14],[13,-7],[15,4],[8,10],[17,33],[8,7],[21,-8],[9,3],[14,22],[14,5],[11,15],[-2,16],[17,18],[15,7],[14,13],[14,4],[-4,10],[27,22],[10,11],[8,26],[-3,11],[34,-4],[21,4],[22,-5],[14,20],[-15,6],[19,27],[20,14],[7,22],[34,17],[-2,11],[-25,19],[-1,15],[-9,15],[2,12],[21,13],[14,32],[-27,8],[-7,9],[11,18],[11,4],[32,4],[11,-5],[10,8],[20,7],[11,-9],[20,16],[12,2],[24,23],[21,15],[11,14],[15,5],[9,13],[-1,11],[49,46],[5,8],[22,6],[7,9],[27,19],[35,28]],[[6702,8555],[21,-8],[5,-13],[11,-10],[18,11],[10,14],[38,14],[42,0],[14,-9],[9,10],[23,8],[30,17],[16,-14],[-8,-14],[7,-9],[12,-2],[6,-23],[16,-16],[12,0],[61,13],[27,8],[27,3],[31,-5],[0,-14],[11,-8],[8,-34],[-17,-12],[10,-10],[-1,-22],[14,-1],[8,-26],[14,-13],[2,-19],[42,-3],[-20,-23],[5,-15],[-18,-16],[1,-9],[23,-1],[15,-7],[-3,-13],[15,-1],[28,-11],[7,-10],[-12,-10],[-12,-25],[-15,-3],[-5,-12],[-15,4],[-6,-10],[-27,-12],[-13,-13],[5,-9],[-13,-11],[-13,-4],[-32,-23],[10,-23],[-6,-7],[10,-16],[26,-9],[16,-22],[-25,-7],[2,-15],[-12,-29],[-7,-6],[0,-26],[-19,0],[-14,-6],[-19,-32],[-2,-14],[-22,-26],[-13,-1],[-9,-13],[-13,-26],[0,-16],[-13,-36],[0,-10],[11,-3],[20,10],[2,-13],[11,-5],[10,5],[11,17],[18,2],[-3,-18],[11,0],[15,-12],[30,-10],[11,0],[14,-13],[0,-16],[-15,-1],[-4,-19],[16,-4],[14,4],[2,-10],[14,-9],[30,5],[14,10],[26,-7],[4,-11],[-5,-34],[-15,-1],[-5,-7],[18,-17],[0,-11],[11,-2],[13,-10],[32,2],[11,-2],[11,6],[5,-17],[7,-6],[14,3],[14,11],[17,0],[3,12],[31,6],[0,13],[11,0],[4,-22],[7,-10],[-11,-13],[4,-7],[22,-12],[15,-3],[45,-1],[4,-10],[19,-5],[28,7],[27,-4],[29,-24],[34,-1],[45,2],[22,-3],[86,-1],[28,-4],[7,-7],[6,-26],[8,-10],[32,-28],[18,-10],[18,-2],[15,-7],[13,4],[19,-4],[16,15],[30,0],[6,-7],[22,-6],[5,-11],[21,6],[43,2],[20,-9],[23,-1],[307,-206],[157,-105],[167,-112]],[[4808,6336],[-12,-11],[18,-4],[11,-13],[-9,-16],[-19,-3],[-21,7],[-12,-14],[-22,-7],[-10,1],[-23,12],[-12,2],[-22,12],[-29,-4],[0,-16],[-16,-3],[-19,8],[-6,-13],[32,-4],[-3,-12],[-19,-14],[-17,-3],[-42,2],[8,-18],[-9,-1],[-22,19],[-6,-7],[-17,-6],[-8,12],[-14,2],[-6,-13],[-24,-12],[-23,7],[-30,-9],[3,12],[-11,15],[-15,-7],[-8,6],[-38,4],[-10,-7],[-16,-3],[-21,6],[-14,-17],[-21,-7],[-23,10],[-15,1],[0,13],[-36,23],[-27,6],[-7,17],[-12,12],[-46,2],[-11,6],[-24,2],[-6,14],[-11,12],[-2,13],[-11,3],[3,15],[-12,5],[10,9],[-10,8],[24,11],[11,24],[-7,11],[2,12],[10,11],[6,53],[4,7],[-9,14],[-32,14],[-11,20],[-7,38],[-19,19],[-1,8],[17,17],[6,14],[-17,8],[-3,10],[11,4],[1,21],[-5,9],[10,11],[-4,5],[-27,6],[2,6],[-17,9],[0,10],[-22,12],[-17,0],[-13,8],[-16,25],[-36,18],[-20,0],[-10,-10],[-12,-3],[-12,-13],[-34,-6],[-16,-9],[-21,-3],[-17,-11],[-25,-3],[-22,-9],[-17,3],[-17,-5],[-10,-8],[-19,-2],[-13,-8],[-40,-10],[-19,-12],[-27,-5],[-11,2],[-48,-36],[-11,4]],[[3434,6681],[-10,25],[1,11],[-9,12],[0,16],[13,13],[9,24],[-9,14],[3,12],[-11,38],[3,20],[23,0],[10,12],[31,15],[24,-3],[24,3],[12,14],[-8,11],[-1,26],[8,5],[18,21],[2,13],[10,12],[-1,8],[-33,28],[-11,-2],[-27,12],[-29,21],[-8,-2],[-15,16],[-13,32],[-11,4],[-3,16],[-17,12],[-40,-8],[-14,-12],[-31,3],[-23,-9],[-23,9],[-39,-9],[-10,-11],[-15,3],[-29,-38],[-24,-3],[-14,-6],[-25,0],[-48,-5],[-7,9],[3,10],[-12,13],[-21,-9],[-40,2],[-48,-12],[-39,-12],[-10,0],[-18,16],[-30,-11],[-64,20],[-23,2],[-3,7],[21,35],[14,15],[5,16],[11,15],[6,14],[-11,19],[-11,9],[-2,14],[13,18],[9,3],[2,17],[12,17],[9,4],[2,13],[40,10],[21,22],[-3,29],[8,5],[41,10],[-7,12],[16,2],[11,20],[-12,17],[2,5],[-18,21],[-11,3],[-52,4],[-24,15],[-10,17],[-39,7],[-4,11],[-19,9],[-25,8],[-3,12],[24,14],[20,44],[-1,18],[-6,8],[7,28],[-11,15],[-5,14],[11,28],[-10,-1],[-11,26],[-40,29],[-7,13],[-13,7],[-21,0],[-23,-8],[-25,9],[-12,9],[-56,17],[-27,1],[-14,-13],[-15,-1],[-5,-10],[11,-5],[2,-25],[-25,-30],[5,-17],[-6,-8],[-22,-2],[-29,7],[-17,-5],[-24,1],[-17,8],[-16,-9],[-16,-18],[-34,-9],[-15,-10],[-69,5],[-28,-12],[-27,-1],[-32,-5],[-58,-23],[-17,1],[-11,7],[-49,9],[-5,6],[-24,12],[-5,8],[-33,10],[-23,-2],[-22,17],[-7,17],[0,11],[9,21],[-5,11],[4,23],[-21,9],[-9,19],[-8,8],[-13,27],[-7,8],[5,18],[-5,22],[-17,15],[-3,12],[-12,25],[-16,8],[-8,10],[-3,30],[3,23],[-5,6],[-8,26],[0,34],[10,15],[8,25],[-2,59],[-2,15],[-11,15],[-8,26]],[[1777,8232],[21,0],[15,7],[-12,20],[11,22],[13,5],[19,1],[24,14],[19,0],[10,-7],[16,0],[5,14],[14,0],[41,-22],[35,7],[-12,21],[8,26],[-17,1],[5,19],[15,17],[15,-4],[25,9],[13,-6],[34,32],[-47,11],[8,9],[36,23],[27,2],[19,26],[4,20],[8,0],[13,29],[-7,13],[13,9],[-3,10],[22,24],[12,3],[8,28],[-7,7],[7,22],[-37,3],[-2,17],[40,54],[16,9],[5,14],[44,18],[10,7],[66,64],[12,6],[17,22],[12,24],[5,19],[15,18],[15,-7],[29,-19],[19,-5],[13,4],[4,12],[-12,12],[7,7]],[[2485,8923],[13,0],[15,-9],[24,9],[-6,8],[24,12],[5,11],[36,14],[21,-12],[6,-16],[12,-8],[5,-13],[18,1],[16,-12],[0,-34],[23,-7],[7,-8],[-2,-20],[33,-7],[8,11],[10,1],[25,18],[6,10],[25,-14],[20,-7],[15,3],[3,-12],[-15,-1],[4,-13],[23,3],[15,-6],[13,-17],[31,-15],[25,14],[3,19],[23,-2],[19,9],[23,18],[33,16],[26,3],[22,-13],[19,9],[28,20],[34,-7],[26,-13],[16,1],[28,-7],[11,3],[31,-16],[23,2],[11,-8],[4,-11],[13,-3],[2,-9],[12,-12],[56,-6],[21,20],[-4,11],[24,21],[-1,23],[7,29],[29,2],[19,9],[34,3],[14,-6],[12,3],[42,1],[11,-4],[23,10],[15,3],[9,14],[16,4],[33,-28],[2,-13],[21,-16],[-2,-18],[-13,-17],[-3,-12],[9,-13],[36,-22],[38,3],[25,-14],[12,-10],[17,-2],[24,4],[9,5],[8,15],[19,12],[7,-5],[3,-27],[23,-12],[28,2],[-10,13],[19,4],[-6,10],[22,3],[1,10],[21,-12],[2,-12],[28,-1],[27,22],[19,31],[13,0],[14,13],[0,7],[15,11],[3,24],[-3,13],[37,25],[-11,5],[19,11],[-6,21],[14,9],[-17,5],[-4,12],[-18,-2],[-16,18],[17,3],[17,10],[-4,12],[32,14],[13,-11],[26,-5],[18,0],[25,-17],[55,-12],[22,1],[27,-10],[21,2],[30,-3],[7,5],[25,3],[26,-11],[42,2],[22,-5],[14,2],[37,-22],[7,-19],[18,-18],[39,5],[19,5],[17,-16],[14,3],[34,-3],[7,5],[41,-9],[33,-10],[10,3],[10,12]],[[4857,8931],[5,-5],[-13,-20],[-16,-8],[-23,9],[-12,-5],[0,-28],[14,-4],[8,-9],[-13,-11],[13,-6],[9,-13],[-7,-9],[5,-12],[-18,-11],[-19,-1],[-16,-7],[5,-12],[17,0],[15,-6],[21,-29],[-4,-21],[33,-8],[11,1],[4,-15],[8,-9],[-4,-10],[11,-7],[22,-6],[2,-11],[-10,-10],[-5,-18],[6,-16],[-5,-5],[-1,-17]],[[4900,8592],[219,-102],[28,-26],[22,2],[18,8],[15,1],[38,-9],[15,-17],[11,0],[1,-17],[-9,-30],[9,-16],[24,-8],[19,0],[5,-9],[21,-2],[22,-13],[-5,-6],[10,-21],[-16,-29],[-1,-17],[-23,-5],[-4,-11],[-14,-12],[-9,1],[-5,-21],[4,-6],[-18,-15],[-16,-28],[-23,-10],[-5,-19],[-15,-6],[-7,-15],[11,-8],[-7,-13],[21,-14],[9,-12],[-4,-18],[-2,-25],[-11,-11],[-22,-9],[-10,-12],[6,-5],[-23,-12],[5,-11],[-12,-8],[-15,6],[-24,-1],[-3,5],[-33,13],[-4,11],[-10,3],[1,20],[-12,9],[-12,-4],[-17,12],[-26,2],[-5,8],[-30,8],[-17,-27],[-8,-4],[-25,-25],[-16,-11],[-3,-16],[-19,-38],[-22,3],[-56,13],[-15,0],[-32,-23],[-19,-7],[-9,-13],[-34,-103],[42,-83],[-25,-4],[-5,-13],[-16,-11],[-16,-4],[-33,0],[-30,-3],[-18,3],[-19,12],[-8,12],[-24,12],[-17,19],[-42,32],[-23,5],[-23,11],[-33,-3],[-34,-11],[-28,-2],[-5,8],[-17,2],[-18,-12],[-10,-27],[3,-5],[-13,-13],[-10,-33],[-24,-14],[-26,-5],[-5,-12],[7,-8],[-8,-12],[11,-24],[10,-15],[-14,-11],[-16,0],[-19,-8],[-16,-13],[-14,1],[-13,10],[-11,22],[-28,-3],[-15,10],[-47,-1],[-19,6],[-27,-15],[-8,-10],[-25,-12],[0,-16],[10,-15],[11,-32],[-11,-10],[-4,-16],[21,-6],[1,-12],[-24,-23],[-9,6],[-12,-9],[-17,-3],[-16,-22],[-6,-3],[3,-19],[19,-14],[-14,-24],[40,-8],[19,-23],[-1,-17],[-14,-7],[6,-17],[32,-13],[1,-7],[21,-14],[19,1],[18,-12],[15,-5],[18,10],[25,-9],[15,0],[36,-14],[23,-12],[7,-8],[24,-8],[22,-41],[-4,-12],[-12,-6],[6,-17],[21,-12],[11,15],[41,21],[18,-6],[3,-12],[-12,-38],[2,-18],[-9,-22],[11,-4],[18,7],[28,-9],[9,3],[27,-1],[12,24],[26,8],[24,-6],[9,-11],[28,1],[19,-4],[13,10],[28,-24],[5,-8],[22,-18],[-5,-6],[10,-11],[-2,-31],[15,-10],[-3,-16],[18,-8],[14,2],[22,17]],[[8455,15777],[7,12],[22,11],[-1,11],[15,2],[14,15],[4,22],[7,4],[0,27],[20,4],[7,21],[19,7],[0,10],[-18,15],[-91,50],[-18,22],[-1,17],[19,22],[1,21],[-25,6],[-20,-15],[-29,6],[-88,11],[10,11],[-13,12],[-1,18],[22,14],[5,12],[-4,16],[10,9],[-2,20],[5,10],[-24,17],[-29,1],[-23,15],[-5,11],[7,7],[-3,23],[8,17],[3,31],[-19,9],[-9,-4],[-39,27],[-17,7],[-16,-2],[-24,13],[-26,25],[-29,14],[-9,14],[-40,4],[-17,7],[-9,12],[29,9],[14,16],[18,6],[4,13],[29,19],[5,8],[22,16],[13,-2],[32,29],[37,1],[19,3],[13,-5],[-4,-9],[13,-4],[7,8],[49,4],[26,10],[20,2],[18,7],[10,-5],[27,18],[19,-3],[-2,-7],[12,-10],[13,2],[106,42],[-11,30],[1,34],[-9,17],[-16,7],[-18,21],[-3,12],[17,19],[-16,28],[-8,25],[-15,2],[-4,8],[-41,14],[-14,19],[-18,5],[-1,8],[-15,21],[-14,12],[-18,25],[-24,20],[-15,7],[-1,11],[-13,9],[-22,4],[-33,1],[-15,13],[-16,35],[-19,6],[-13,12],[-10,18],[-29,12],[-12,31],[-9,5],[-27,29],[0,5],[24,24],[4,13],[-10,13],[0,10],[17,5],[2,25],[-7,21],[23,21],[8,13],[10,3],[5,19],[-8,3],[19,14],[9,-1],[29,17],[-7,12],[21,18],[38,14],[18,12],[12,26],[-5,13],[9,6],[-10,12],[13,4],[15,15],[21,6],[-1,10],[16,7],[9,9],[18,6],[10,-2],[12,11],[33,-2],[9,7],[15,-8],[27,15],[19,2],[22,-17],[16,9],[13,-4],[15,5],[18,-1],[23,19],[16,5],[23,23],[16,1],[47,-5],[-2,13],[8,11],[-6,14],[20,2],[14,-5],[38,-6],[23,14],[-12,12],[13,9],[-5,7],[13,12],[13,-7],[27,7],[15,0],[24,-6],[12,7],[16,-3],[19,5],[-5,15],[2,17],[-11,15],[-28,7],[-11,6],[-4,11],[-17,2],[14,14],[9,29],[-8,9],[-2,13],[8,18],[-5,7],[-30,6],[7,12],[2,22],[14,3],[10,13],[5,23],[51,13],[-3,12],[9,6],[-5,12],[19,10],[4,11],[-23,1],[-10,8],[-19,5],[-15,13],[-26,3],[-6,5],[-17,-2],[-32,3],[7,11],[-2,12],[24,17],[36,17]],[[8897,18054],[23,7],[18,0],[14,5],[44,-1],[30,3],[32,14],[10,-3],[25,12],[50,0],[11,-2],[44,2],[25,-2],[12,2],[14,-8],[18,-3],[15,3],[33,0],[11,2],[21,-5],[20,-14],[12,3],[24,16],[21,-16],[23,-7],[0,-15],[14,-4],[7,-27],[-11,-21],[9,-20],[-18,-16],[-17,-25],[16,-5],[26,-1],[19,11],[15,-11],[21,-1],[7,-23],[24,-4],[56,10],[11,-19],[26,-17],[53,-10],[18,-22],[-3,-10],[10,-6],[16,-23],[-7,-4],[0,-43],[-11,-13],[-14,-7],[5,-24],[-16,-14],[-31,-16],[-9,7],[-11,-8],[0,-14],[-15,-17],[-44,-22],[-8,-23],[21,-1],[20,-10],[22,-21],[-5,-16],[-2,-26],[6,-4],[25,3],[29,16],[36,15],[27,-1],[11,-8],[17,-3],[26,-13],[15,6],[25,3],[5,-8],[19,-1],[21,-4],[23,10],[25,5],[27,17],[24,5],[43,5]],[[10045,17574],[7,-7],[3,-22],[-9,-15],[20,-6],[3,-12],[-34,-37],[-2,-11],[5,-13],[-3,-9],[17,-16],[-8,-21],[-8,-12],[-2,-20],[11,-24],[-4,-24],[9,-11],[-3,-12],[-17,-5],[4,-19],[-2,-16],[-14,-17],[-8,-28],[17,-28],[-16,-7],[-7,-19],[-23,-12],[-9,-14],[-17,-7],[-6,-14],[7,-9],[3,-23],[-16,-11],[2,-12],[-9,-14],[-15,-10],[-14,-17],[6,-18],[-10,-4],[-3,-16],[-17,-23],[25,-19],[-8,-10],[17,-14],[-17,-5],[-4,-10],[33,-9],[-1,-14],[35,-7],[11,-7],[-22,-27],[-15,-4],[-14,-17],[-22,-11],[-22,-34],[-7,-29],[-14,-7],[-33,-31],[-19,-25],[-15,-13],[-10,-22],[1,-11],[-10,-16],[-12,-11],[-7,-17],[14,-7],[-8,-8],[-18,-39],[1,-15],[-26,1],[-18,-4],[-25,2],[-31,-16],[-21,-27],[-30,-22],[6,-13],[-4,-15],[-35,-1],[-10,-9],[4,-10],[11,-3],[9,-14],[-23,-13],[-10,-16],[-17,0],[-37,-24],[0,-13],[-14,-17],[-19,-8],[-3,-14],[4,-19],[-8,-20],[-12,-7],[-16,3],[-23,-44],[-4,-19],[-13,-9],[-16,-19],[-8,-18],[-8,-4],[-14,-20],[-27,6],[-8,-2],[-14,-26],[-6,-29]],[[9276,16057],[-6,-14],[-17,-7],[-35,13],[-14,-11],[-5,-11],[-1,-15],[-14,-10],[-9,-26],[13,-9],[9,-13],[0,-31],[7,-6],[-17,-29],[-2,-20],[-22,-16],[-4,-29],[8,-19],[5,-26],[2,-22],[-10,-12],[17,-11],[-7,-26],[-8,-9],[-19,1],[-3,-11],[31,-34],[1,-25],[13,-24],[15,-14],[-6,-8],[-1,-14],[-40,-2],[-8,-7],[-28,-12],[-15,-22],[-2,-25],[-28,-10],[-7,-9],[-18,-2],[-3,-10],[-24,-26],[2,-16],[-10,-16],[-14,-8],[-12,-1],[-17,-21],[4,-13],[13,-9],[-9,-7],[1,-22],[13,-4],[3,-8],[14,-6],[22,-24],[-27,-1],[-24,-13],[-12,-11],[-35,-2],[7,-11],[-5,-8],[22,-1],[2,-12],[11,1],[8,-11],[30,8],[10,6],[48,-7],[20,-6],[12,-9],[3,-20],[-25,-14],[-10,-24],[-23,-18],[-14,-7],[2,-13],[45,-1],[23,-12],[5,-9],[24,-6],[-8,-8],[8,-11],[24,-6],[9,27],[8,4],[35,3],[28,16],[-18,28],[8,15],[-16,9],[-7,12],[-2,28],[24,-4],[8,4],[38,1],[21,-10],[29,-21],[1,-16],[-15,-17],[3,-27],[-8,-24],[4,-35],[-16,-8],[2,-7],[-19,-4],[-11,-19],[10,-33],[-9,-13],[-22,6],[-24,-16],[-22,11],[-15,-1],[-22,-9],[-3,-9],[18,-2],[4,-18],[-13,-35],[-13,-8],[17,-19],[8,-3],[1,-16],[-11,-25],[14,-11],[-6,-9],[25,-16],[10,3],[41,-6],[11,-7],[14,-44],[-9,-21],[6,-19],[9,-16],[0,-12],[18,6],[19,0],[15,5],[17,-9],[23,2],[10,-8],[12,-29],[12,9],[17,-8],[6,-34],[-6,-25],[-17,-10],[-22,-6],[-4,-15],[-37,-4],[-32,-9],[-8,-9],[3,-24],[-6,-19],[7,-3],[6,-23],[-10,-48],[-38,-24],[-40,-45],[-19,-15],[-2,-10],[-47,-24],[-37,-5],[-6,-9],[-23,-10],[-41,7],[-20,13],[-7,17],[-13,-3],[-22,8],[-14,1],[-16,18],[-31,14],[-39,5],[-16,-1],[-32,8]],[[8840,14354],[-196,2],[-10,2],[4,15],[9,10],[21,16],[-6,12],[-16,9],[0,19],[13,14],[31,7],[0,8],[24,23],[15,3],[17,22],[25,6],[8,6],[-3,16],[-9,7],[8,17],[-6,18],[-13,-2],[-4,12],[-13,-1],[-24,24],[-12,-4],[-12,2],[7,18],[-12,11],[10,6],[-8,11],[6,6],[-26,16],[9,7],[-19,12],[0,14],[-11,9],[-23,4],[-14,34],[-21,5],[-4,14],[19,-6],[12,17],[-7,8],[-3,26]],[[4268,15702],[-5,18],[39,12],[45,11],[43,13],[20,14],[8,12],[-1,20],[34,13],[28,18],[33,17],[0,19],[8,29],[15,25],[31,17],[4,8],[24,10],[43,34],[12,23],[-2,8],[9,12],[-2,17],[6,9],[-9,9],[10,13],[-2,18],[10,9],[-1,19],[6,3],[52,15],[44,24],[11,13],[-4,19],[-13,4],[6,14],[14,8],[30,28],[77,14],[28,8],[39,14],[26,11],[27,19],[8,17],[-10,14],[-8,2],[32,27],[38,7],[10,-2],[8,-13],[46,-13],[17,-1],[74,7],[18,-8],[6,10],[27,2],[10,-4],[4,-14],[-11,-8],[-26,9],[-22,-5],[-12,-17],[17,-8],[32,8],[4,-5],[30,-4],[37,15],[10,9],[19,9],[26,0],[6,-7],[40,-3]],[[5441,16347],[-9,-15],[7,-4],[-5,-29],[25,-9],[3,-10],[26,-15],[17,17],[21,5],[13,-16],[10,5],[16,-7],[17,-11],[1,-8],[23,-7],[7,-18],[13,-9],[-10,-8],[-15,4],[-11,-22],[34,-3],[8,-7],[24,9],[19,-10],[16,-14],[63,0],[3,16],[15,14],[8,-15],[-3,-13],[37,-21],[24,-7],[-1,-16],[-11,-14],[1,-10],[10,-15],[2,-21],[-13,-20],[14,-4],[5,-8],[16,-9],[16,0],[8,10],[12,2],[20,-7],[31,18],[22,-14],[-1,-14],[23,3],[16,-3],[-1,-9],[16,-6],[17,8],[13,-5],[12,-13],[17,2],[-1,-25],[14,-7],[9,7],[7,-19],[10,0],[9,-9],[16,4],[24,-6],[13,1],[21,-6],[20,7],[25,-28],[-5,-17],[7,-35],[35,-24],[-2,-23],[12,0],[20,-18],[1,-9],[-7,-19],[-27,18],[-6,-9],[19,-8],[-10,-18],[-10,7],[-18,-6],[-22,0],[-14,-9],[-12,-16],[-20,-15],[-26,18],[-8,-2],[-9,20],[-11,-10],[-9,3],[-10,-11],[3,-8],[-15,-22],[-20,-15],[-17,-2],[-21,9],[-7,-14],[-24,-4],[-5,-11],[-16,-15],[-14,-2],[8,-20],[-4,-22],[11,-8],[31,-10],[17,-23],[15,-3],[1,-9],[-13,-2],[6,-11],[-3,-13],[-17,-7],[7,-11],[-9,-19],[-11,-5],[-9,-24],[4,-15],[20,-15],[-3,-9],[37,-57],[2,-18],[-8,-12],[-10,-4],[-4,-12],[13,-6],[-3,-12],[15,-1],[3,-10],[15,-13],[-16,-18],[12,-7],[29,4],[16,-10],[20,-5],[43,0],[9,-4],[7,-15],[12,12],[13,5],[5,-14],[19,-25],[15,-12],[-28,-13],[1,-12],[20,-1],[1,-15],[18,-14],[13,3],[20,19],[14,4],[0,17],[19,-3],[25,24],[-8,11],[11,10],[70,-3],[38,-15],[11,16],[23,-10],[15,15],[-4,23],[2,11],[16,-2],[27,16],[8,14],[15,-15],[111,-12],[-2,-56],[44,2],[23,-27],[15,-21],[5,-14],[41,-14],[15,3],[2,-11],[51,2],[7,-21],[-15,-5],[-5,8],[-20,-14],[14,-10],[12,-3],[4,-8],[14,-5],[7,-14],[14,-16],[-15,-6],[-5,-14],[16,-15],[17,-7]],[[7514,9539],[-21,0],[-18,14],[9,16],[-1,20],[13,27],[9,7],[-8,22],[-21,0],[-27,5],[-11,-7],[-35,8],[-4,10],[-41,13]],[[7358,9674],[-8,3],[17,39],[10,10],[-5,10],[6,26],[12,12],[6,24],[-3,8],[-29,17],[-5,31],[14,24],[-10,24],[10,22],[27,31],[37,22],[5,13],[11,5],[2,28],[-13,15],[0,35],[-29,14],[-19,28],[1,8],[-11,27],[-27,6],[-14,16],[-31,16],[-29,-7],[-14,1],[-21,-6],[-5,-6],[-25,-7],[1,-16],[-12,-18],[-9,1],[-14,-16],[-24,-9],[-2,14],[-34,-10],[-41,7],[2,7],[-18,17],[-17,-1],[-20,20],[-10,-7],[-20,20],[-22,-2],[-9,4],[-11,14],[1,12],[-32,7],[-18,-2],[-9,9],[-34,-22],[-35,-9],[-39,-3],[-18,31],[11,10],[0,21],[30,18],[13,2],[8,30],[-4,9],[18,10],[7,9],[2,16],[9,11],[-4,8],[7,14],[-4,24],[26,2],[21,17],[6,30],[10,19],[13,11],[-30,32],[6,9],[-12,14],[6,14],[-16,23],[14,5],[21,1],[-11,11],[-22,7],[-2,12],[21,12],[11,20],[15,5],[-3,13],[-31,14],[-1,11],[10,25],[-4,8],[-22,11],[-3,13],[8,11],[32,15],[29,5],[0,9],[14,18],[38,14],[4,5],[-5,26],[3,13],[-8,8],[-28,7],[-5,9],[16,11],[12,16],[-4,24],[7,4],[22,-6],[9,12],[-14,10],[1,10],[12,19],[-2,10],[-26,20],[9,18],[22,13],[26,-6],[14,13],[-25,14],[-20,3],[-16,13],[8,19],[13,15],[7,26],[-6,19],[21,22],[-5,32],[-19,26],[1,10],[19,17],[8,27],[-9,15],[-22,5],[6,12],[-1,23],[11,9],[-6,16],[4,14],[-16,27]],[[9795,10744],[-58,-282],[-60,-289],[-21,-55],[-19,16],[-7,-1],[-41,21],[-6,10],[-37,25],[-13,1],[-38,15],[-18,1],[-26,8],[-6,-4],[-28,9],[-22,1],[-50,9],[-45,18],[-45,-4],[-9,1],[-47,-9],[-12,-7],[-13,1],[-13,-14],[-14,-8],[-14,0],[-12,-11],[-16,-3],[-19,11],[-22,-2],[-32,10],[-24,5],[-32,14],[-4,15],[6,10],[-8,7],[2,14],[-5,9],[-26,23],[-1,18],[-7,9],[7,28],[-26,17],[-5,14],[-18,11],[2,16],[8,23],[17,10],[17,4],[0,22],[11,13],[-20,19],[-21,2],[-23,13],[-11,-1],[-12,9],[-16,-5],[-14,-13],[-18,-4],[-17,3],[-22,-16],[-18,-4],[-9,-15],[-20,0],[-17,-3],[-15,-15],[-8,0],[-9,-17],[-2,-21],[-7,-12],[-11,-7],[-17,8],[-14,-14],[-9,2],[-23,-4],[-15,-9],[-24,-22],[-7,-26],[10,-7],[7,-13],[14,-4],[-5,-14],[4,-19],[11,-14],[7,-23],[-2,-26],[20,-7],[14,-18],[31,-16],[-12,-9],[-15,-27],[9,-10],[1,-18],[14,-19],[-13,-5],[-39,4],[-18,5],[-23,-4],[-19,5],[-9,-26],[-10,-12],[-20,8],[-55,-10],[-19,-19],[-23,-11],[-28,7],[-12,-6],[-20,6],[-20,-36],[-9,-7],[-8,-16],[-20,-11],[-10,13],[-15,10],[-13,-8],[-17,0],[-7,9],[-18,-15],[-14,0],[-9,-16],[-10,-3],[3,-25],[-32,1],[-27,-5],[-18,-27],[-18,-11],[-13,-16],[-39,-4],[1,-10],[-23,-1],[-22,5]],[[4933,11740],[-26,-5],[-20,5],[-27,-18],[-30,-5],[-22,-17],[10,-11],[6,-30],[-8,-18],[4,-16],[-18,-31],[-15,4],[-19,-8],[-15,-24],[-41,-6],[-21,-7],[-19,-1],[-18,-10],[-10,16],[-10,-1],[1,-21],[-8,-17],[-15,-21],[6,-7],[-9,-13],[8,-13],[0,-19],[13,-10],[4,-12],[22,-18],[7,-34],[16,-7],[2,-8],[19,-7],[14,-9],[3,-15],[-3,-19],[6,-4],[9,-21],[14,-15],[22,-4],[13,-7],[12,2],[31,-15],[0,-8],[28,-12],[2,-23],[-5,-18],[-13,-8],[2,-24],[-13,-33]],[[4822,11117],[-24,-6],[-9,-14],[4,-25],[-7,-12],[14,-24],[2,-40],[-9,-6],[-1,-14],[-12,-18],[-29,-3],[-17,-6],[26,-16],[-4,-15],[-23,-22],[2,-9],[-25,-21],[-26,-2],[-52,-9],[-32,1],[-15,-10],[-16,-23],[-28,-10],[-22,1],[-25,-28],[-18,-5],[-16,-10],[-25,-10],[22,-19],[21,-27],[-4,-11],[-15,-4],[-1,-16],[-9,-23],[6,-14],[-21,-31],[-12,-12],[-2,-18],[-11,-6],[-11,-16],[-15,-5],[-2,-24],[-20,-4],[-40,1],[-5,-14],[-31,-15],[15,-8],[22,-20],[21,-27],[-24,4],[-6,-14],[-16,-9],[-9,1],[-14,-10],[2,-7],[-16,-9],[-20,-5],[-6,-8],[-24,-2],[-8,-8],[-33,-13],[-12,-9],[-34,-2],[-23,-12],[-18,1],[-21,-9],[-22,6],[-15,-37],[23,-26],[-1,-14],[31,-15],[7,-16],[-7,-12],[5,-15],[19,-22],[10,-3],[5,-19],[25,-10],[6,-10],[26,-6],[9,3],[19,-5],[5,-23],[8,-6],[3,-17],[0,-18],[-14,-37],[-15,-16],[-17,-33],[-29,-27],[-14,-21],[-17,-1],[-25,5],[-2,-6],[-17,-10],[-9,-12],[-1,-24],[6,-10],[-36,-11],[4,-12],[-10,-10],[-14,-2],[-23,-16],[-4,24],[-14,12],[-8,-3],[-37,17],[-42,-21],[-20,-23],[-22,-7],[-10,-8],[-18,4],[-12,11],[-21,4],[-38,1],[-19,4],[-4,8],[-16,2],[-15,-5],[-10,9],[-19,7],[-12,10],[-26,-7],[-18,7],[-8,13],[3,12],[-9,4],[-35,2],[-6,-6],[-22,0],[-9,16],[-18,12],[1,7],[-14,15],[-16,-1],[0,11],[-18,-1],[-4,18],[-33,11],[-31,18],[-26,-1],[-10,3],[-14,-9],[-17,7],[-24,-29],[-17,6],[-12,-8],[-19,3],[-18,-2],[-18,8],[-10,-7],[-11,12],[-16,6],[-7,13],[-15,-6],[-14,-11],[-26,10],[-4,10],[10,10],[-21,14],[-7,15],[-16,4],[-24,27],[-15,1],[-36,-14],[-26,1],[-17,-20],[-11,0],[-31,22],[-13,12],[-3,18],[3,24],[-8,17],[-16,0],[-28,-16],[-12,-18],[4,-19],[-8,-13],[-28,-15],[-19,8],[-20,19],[-19,9],[-18,1],[-16,-6],[-20,-15],[-2,-10],[-21,-11],[2,-13],[-7,-4],[-48,-6],[-24,3],[-10,-11],[1,-19],[20,-23],[0,-12],[-26,-42],[-8,-21]],[[2564,9908],[-11,10],[-15,20],[-32,37],[-10,6],[-28,7],[-4,9],[-24,16],[-3,21],[5,25],[-3,28],[-9,15],[9,40],[2,28],[16,26],[26,17],[26,0],[2,-7],[-12,-19],[-18,-9],[25,-7],[14,9],[14,3],[25,11],[5,7],[20,3],[11,-3],[12,4],[16,15],[-7,4],[-42,11],[27,8],[14,13],[22,29],[20,13],[28,30],[6,-4],[-10,-17],[16,4],[-2,11],[8,17],[18,21],[9,2],[9,13],[-16,0],[6,13],[9,52],[3,26],[12,11],[20,11],[-3,12],[-19,4],[6,28],[11,12],[1,114],[7,13],[0,17],[-15,4],[7,11],[-4,39],[10,17],[29,-10],[8,8],[-22,32],[-11,9],[-11,-7],[-14,2],[-11,-5],[-10,10],[30,19],[-32,16],[-19,66],[-1,9],[13,8],[-16,14],[5,14],[-8,26],[-11,20],[5,12],[-11,8],[0,27],[-6,54],[-4,63],[2,11],[-7,34],[-3,38],[-18,26],[8,40],[2,32],[-3,42],[5,6],[3,22],[-8,37],[-18,8],[3,13],[9,4],[-2,12],[-12,15],[-7,34],[-7,15],[16,0],[13,7],[-2,12],[12,18],[0,12],[-23,-2],[-6,14],[-19,-10],[-1,-11],[-17,5],[1,27],[-4,9],[-30,18],[-36,5],[-27,-14],[-18,1],[-18,5],[-23,-4],[-24,1],[-1,9],[24,17],[5,13],[24,19],[-4,11],[7,20],[-1,11],[6,13],[-3,12],[12,16],[12,12],[9,-10],[25,-6],[21,4],[28,13],[16,13],[13,7],[56,2],[1,-7],[15,-13],[34,-1],[30,12],[20,25],[-1,11],[16,5],[0,8],[28,10],[26,25],[10,14],[23,17],[14,23],[2,14],[-5,40],[17,-8],[9,8],[-9,18],[-16,-1],[-14,26],[-16,13],[-5,22],[-19,0],[0,13],[-10,6],[3,14],[-14,7],[-3,16],[-12,21],[8,4],[-3,13],[-13,15],[-4,13],[-17,27],[-10,38],[-22,17],[2,27],[-8,10],[-16,3],[12,-24],[3,-31],[-9,-3],[-8,15],[0,10],[-16,21],[0,6],[-25,22],[-46,30],[-28,21],[1,4],[-24,25],[-13,5],[-19,32],[-9,7],[-6,22],[-11,10],[7,23],[17,43],[0,28],[-3,25],[21,-24],[18,-3],[15,3],[13,-11],[7,-15],[26,-27],[17,2],[6,20],[-9,5],[32,33],[-7,10],[9,24],[5,28],[12,20],[0,11],[-17,16],[-22,-1],[-14,16],[-15,9],[12,6],[24,-8],[13,9],[15,-9],[21,7],[-2,14],[-21,31],[15,0],[6,14],[-3,16],[15,2],[2,17],[-14,10],[2,10],[18,8],[15,13],[4,21],[19,32],[-10,17],[-23,19],[-19,-2],[-20,4],[-8,7],[6,13],[-18,15],[-27,12],[0,19],[-13,14],[14,4],[-2,16],[-12,1],[10,16],[-8,8],[-22,7],[-15,-8],[-2,13],[-34,13],[-16,0],[-35,-8],[-27,-9],[-16,-10],[-7,-19],[5,-18],[-30,4],[-19,15],[4,12],[-7,10],[9,14],[-8,18],[-15,14],[3,8],[-6,15],[-27,34],[0,14],[-7,12],[-18,10],[-9,17],[-51,30],[-31,13],[-38,6],[-7,19],[-16,2],[-19,-6],[-8,-29],[2,-10],[-11,-3],[-10,16],[-10,31],[-7,5],[7,31],[6,9],[11,2],[1,30],[24,9],[5,9],[15,-7],[13,7],[9,16],[-2,18],[-9,20],[-28,31],[-2,10],[-15,2],[-39,29],[-63,39],[-35,25],[-15,24],[-15,13],[-22,7],[-27,-2],[-24,22],[-2,16],[-26,15],[-13,1],[-11,16],[-11,1],[-14,14],[149,290],[8,4],[38,-7],[22,11],[16,-3],[15,10],[30,29],[19,14],[-3,14],[-10,8],[-25,44],[-10,4],[-10,23],[2,18],[-17,4],[-3,12],[11,15],[1,14],[-10,9],[8,28],[-1,10],[12,8],[13,2],[-2,10],[30,-4],[22,1],[10,-10],[18,-2],[13,-17],[27,-9],[15,-10],[4,-21],[9,-13],[13,-35],[11,-19],[24,-21],[-1,-14],[6,-11],[27,-12],[0,-11],[11,-9],[12,1],[13,-9],[20,15],[13,5],[2,8],[22,14],[13,23],[3,12],[15,4],[16,-8],[21,-1],[8,12],[-8,7],[16,25],[6,14],[17,11],[5,20],[-2,16],[34,0],[10,15],[8,23],[30,20],[-2,17],[11,7],[20,1],[14,42],[11,-2],[20,14],[45,-9],[9,5],[4,16],[-32,33],[-4,14],[-9,8],[11,11],[15,8],[5,10],[14,11],[-7,5],[10,16],[20,11],[-3,12],[20,2],[37,13],[23,0],[10,7],[27,7],[25,1],[38,-5],[12,7],[19,-4],[10,4],[17,-6],[18,5],[17,13],[-11,6],[-24,22],[26,18],[-3,4],[-43,18],[-13,13],[-21,10],[-4,14],[-10,7],[-14,34],[5,20],[12,3],[2,19],[-25,37],[-2,10],[12,10],[-8,6],[-32,10],[-4,12],[9,2],[1,16],[-7,17],[-14,5],[3,13],[-5,9],[-12,0],[-19,8],[1,10],[-16,21],[6,15],[-22,14],[0,15],[-11,3],[-11,-16],[-11,5],[-23,-1],[2,9],[-28,18],[-10,26],[9,23],[4,24],[-18,11],[-5,13],[10,12],[-6,17],[-17,8],[-26,29],[-1,10],[-14,13],[-5,12],[-10,5],[3,13],[-19,2],[-19,-2],[-21,-7],[-16,2],[2,10],[-6,24],[-9,12],[17,4],[7,10],[5,20],[-4,21],[6,8],[13,-6],[39,32],[23,3],[-23,28],[8,8],[-14,32],[12,7],[15,1],[12,-10],[21,-7],[8,9],[-5,20],[10,11],[8,-15],[20,-11],[1,-17],[14,-14],[17,-3],[12,-23],[18,-7],[23,-20],[14,-7],[19,-29],[-4,-12],[14,-14],[-10,-23],[5,-6],[29,-13],[11,-24],[95,-40],[31,-6],[9,1],[19,-17],[27,-6],[14,-6],[2,-15],[24,-17],[-8,-9],[18,-21],[21,-13],[12,-21],[18,-5],[-3,-9],[6,-16],[17,-15],[33,-24],[7,-18],[6,-5],[29,-3],[45,3],[18,3]],[[7553,9551],[-4,-23],[-10,-16],[-22,1],[0,-11],[-27,-15],[-11,-24],[-22,-5],[-11,6],[-14,-14],[-21,-11],[-9,-12],[-8,-19],[-5,-26],[-13,-3],[-7,-11],[6,-9],[-22,-25],[-21,-16],[-22,-24],[-46,-5],[-19,-10],[-1,-7],[-28,-27],[-16,-20],[23,-10],[7,-20],[-9,-14],[7,-15],[12,-5],[-5,-11],[-24,-16],[0,-20],[-26,-9],[20,-21],[1,-7],[15,-18],[2,-11],[-16,-25],[16,-15],[-31,-11],[-37,-46],[-14,-12],[-4,-15],[2,-16],[-9,-21],[-14,-4],[-25,-12],[-24,-3],[-18,-16],[-8,-23],[-36,-19],[-3,-17],[-22,-4],[-2,-9],[-24,-18],[-17,-10],[5,-16],[-7,-5],[-38,-3],[-9,-7],[-53,-66],[-16,1],[-10,-12],[-1,-12],[-9,-5],[-14,2],[-5,-7],[-18,0],[-12,-9],[3,-8],[-14,-24],[-37,-26]],[[4900,8592],[62,50],[14,-12],[2,-19],[11,-10],[15,-4],[13,-12],[5,-18],[20,3],[25,-1],[13,-9],[19,-6],[3,-11],[14,-7],[7,5],[16,-1],[3,-9],[36,-20],[23,-2],[24,4],[18,10],[28,3],[11,9],[16,7],[11,16],[29,6],[-7,8],[12,24],[16,3],[10,8],[25,1],[13,9],[17,3],[20,14],[10,21],[13,-4],[41,-4],[20,12],[19,-3],[15,10],[27,35],[14,9],[3,11],[-9,12],[-20,5],[-8,16],[29,33],[4,12],[23,5],[10,8],[-1,27],[-9,12],[10,15],[-4,8],[14,15],[6,15],[-4,6],[4,15],[-8,4],[15,24],[30,18],[12,23],[21,13],[-2,5],[16,13],[-2,13],[-8,6],[14,9],[14,4],[23,-8],[17,12],[-1,17],[13,18],[26,-8],[30,3],[9,-11],[22,6],[5,10],[17,13],[10,-3],[17,10],[27,-3],[14,14],[-4,11],[12,13],[16,-5],[25,3],[4,-7],[15,3],[10,7],[4,13],[15,-5],[18,-18],[40,-20],[10,1],[19,-8],[15,-12],[9,24],[-3,5],[9,16],[23,14],[10,-5],[33,-3],[2,-30],[44,-7],[-3,24],[1,12],[15,7],[12,0],[13,25],[30,-6],[17,3],[92,-2],[32,0],[19,-4],[-13,-13],[1,-12],[22,-12],[-7,-13],[-17,-1],[-23,-9],[4,-21],[-9,-10],[7,-11],[1,-13],[-14,-25],[-11,-11],[6,-10],[37,-4],[14,-4],[24,2],[17,-3],[11,-10],[14,-1],[9,8],[16,2],[21,-2],[14,-8],[41,11],[8,-4],[19,9],[17,0],[53,37],[0,7],[17,5],[27,14],[4,16],[24,16],[6,8],[3,15],[18,9],[-5,7],[12,12],[43,17],[13,11],[19,6],[5,17],[-16,11],[-15,18],[-3,17],[13,37],[9,8],[19,2],[17,-5],[14,10],[17,18],[3,13],[-12,5],[-2,16],[-7,7],[16,14],[8,14],[12,7],[8,-5],[19,6],[7,32],[34,29],[20,8],[14,10],[24,7],[26,14],[16,16],[17,10],[12,2],[16,12],[2,8],[28,18],[20,17],[8,20],[10,10],[0,11],[8,13],[10,5],[-1,12],[8,11],[-5,8]],[[8897,18054],[-21,29],[-6,26],[-16,7],[-14,15],[-4,18],[-8,16],[5,21],[-10,12],[2,8],[-10,12],[-22,9],[-5,11],[11,19],[16,12],[-8,15],[28,15],[-8,16],[-13,7],[13,20],[-10,4],[-2,20],[18,14],[-8,15],[-16,8],[-2,12],[14,0],[22,10],[22,6],[-3,11],[13,11],[24,13],[9,-2],[7,15],[8,1],[1,30],[23,19],[0,19],[4,8],[-15,5]],[[8936,18561],[71,-10],[27,3],[14,6],[29,1],[12,4],[61,-6],[33,2],[12,4],[90,-1],[25,2],[15,7],[61,9],[42,11],[38,20],[1,6],[53,22],[40,23],[7,9],[3,16],[51,24],[25,26],[41,7],[41,15],[56,41],[18,16],[39,25],[54,22],[44,10],[29,15],[14,4],[49,21],[41,10],[8,5],[15,21],[16,14],[23,15],[18,21],[15,11],[36,14],[27,15],[17,17],[81,26],[9,5],[46,4],[55,16],[28,1],[33,4],[47,29],[20,3],[22,-5],[20,4],[18,9],[25,18],[28,9],[28,-2],[20,4],[46,-1],[24,3],[6,7],[45,8],[46,25],[5,6],[60,15],[10,9],[20,4],[6,6],[48,14],[41,24],[36,16],[-5,-10],[10,-5],[11,7],[-6,13],[26,21],[17,20],[11,20],[14,36],[23,23],[12,28],[24,30],[21,38],[10,14],[10,20],[-6,19],[2,22],[-5,11],[3,11],[-10,50],[-6,7],[-47,3],[6,12],[19,4],[17,14],[18,2],[1,6],[23,0],[28,-6],[61,-1],[36,5],[37,7],[33,-1],[76,17],[13,-10],[-21,-34],[-31,-12],[1,-14],[-14,-2],[2,-12],[12,-4],[14,-13],[-11,-22],[12,-5],[23,18],[1,-17],[27,2],[33,8],[15,11],[-5,15],[41,17],[41,-6],[18,25],[-18,20],[-10,5],[6,15],[-5,9],[-22,1],[-2,12],[6,11],[-20,7],[-35,-4],[-30,2],[-8,-11],[-11,12],[16,5],[22,20],[45,20],[42,30],[25,20],[25,-6],[30,13],[6,12],[16,1],[10,-8],[-12,-8],[-20,-7],[-22,-17],[16,-23],[14,-11],[27,-7],[10,3],[0,13],[10,12],[11,3],[36,-2],[19,8],[16,11],[10,16],[-1,14],[-7,8],[-24,4],[36,16],[11,20],[17,2],[9,-22],[-22,-8],[2,-12],[29,-5],[6,5],[18,-14],[9,8],[-5,7],[-17,5],[21,11],[21,-2],[27,10],[15,11],[14,-6],[21,7],[-1,6],[-67,-1],[20,15],[8,11],[-35,-6],[-16,-7],[-28,-6],[-4,4],[32,20],[-26,-2],[-21,-22],[-38,-11],[-1,7],[11,16],[15,11],[49,13],[8,7],[34,7],[32,-7],[34,-16],[22,-4],[13,2],[43,-3],[5,8],[28,-9],[23,6],[20,-6],[10,1],[23,-9],[53,-13],[16,-11],[19,-5],[8,-12],[14,-11],[16,-6],[9,7],[18,-5],[24,3],[7,-5],[25,-2],[45,-13],[5,1],[43,-23],[17,-1],[11,7],[13,-1],[32,-12],[39,-21],[1,-6],[20,-6],[19,-16],[10,-2],[5,-34],[9,-15],[29,-32],[16,-25],[28,-31],[20,-28],[46,-53],[17,-17],[16,-24],[-3,-20],[6,-21],[-5,-19],[-33,-38],[-28,-5],[-36,-11],[-7,-10],[-20,-1],[-38,-19],[-10,-2],[-17,-13],[-7,0],[-51,-36],[-2,-10],[-24,-9],[-11,11],[-19,3],[-21,13],[-4,-14],[-19,5],[-6,-21],[25,-1],[16,7],[16,1],[-8,-13],[-3,-14],[-10,-4],[-23,-34],[-2,-22],[-14,15],[-14,0],[-9,-8],[-31,-15],[-19,1],[-19,-4],[0,-12],[17,-7],[-130,-30],[-42,-9],[-60,-10],[-151,-30],[-60,-16],[-110,-27],[-144,-36],[-65,-7],[-147,-26],[-66,-7],[-89,-121],[-16,-20],[-179,-236],[-167,-224],[-7,-6],[-37,-2],[-39,7],[-32,0],[-56,8],[-17,-10],[-23,-7],[-23,-4],[-33,-8],[-25,-1],[-24,-13],[-18,12],[-18,-13],[-8,-1],[-33,-17],[-11,-24],[10,-21],[-22,-24],[-15,-9],[-2,-14],[-28,-13],[11,-10],[-26,-19],[-4,-15],[-21,-27],[-5,-14],[-17,-15],[-15,-8],[-12,-13],[-23,-7],[-19,-11],[-11,-15],[-11,4],[-31,-2],[-19,-9],[-1,-13],[-22,-33],[3,-8],[-20,-13],[-5,-21],[-10,-11],[7,-13],[-7,-16],[5,-8],[-16,-8],[-26,2],[-10,-8],[-5,-21],[-8,-17],[5,-16],[-21,-12],[-10,-26],[-7,-6],[1,-19],[-17,-3],[-4,-23],[-49,-24],[-14,-10],[-5,-19],[-44,-22],[-8,-22],[-21,-16],[-2,-9],[7,-15],[-14,-24],[-3,-15],[-15,-6],[-11,-17],[-11,-8],[-40,-10],[-15,-19]],[[6836,18376],[25,-8],[8,1],[42,-16],[23,-2],[32,-7],[79,-26],[65,-20],[143,-38],[89,-18],[49,-8],[67,-9],[46,-4],[41,-1],[107,1],[59,7],[28,4],[65,27],[30,20],[5,15],[40,34],[5,13],[-11,28],[-20,22],[10,27],[1,10],[-7,22],[-14,18],[14,13],[5,12],[-15,23],[20,10],[11,10],[13,20],[32,12],[-10,7],[-2,11],[21,22],[15,9],[15,-1],[24,-11],[-7,34],[18,13],[12,-3],[17,-17],[3,18],[15,-3],[2,-8],[20,-1],[-12,26],[22,-14],[-3,-14],[36,-5],[-4,18],[9,11],[16,-1],[12,-16],[13,22],[14,2],[7,-10],[18,8],[76,-8],[46,-27],[72,-19],[27,-5],[30,-18],[27,-10],[14,-1],[31,-7],[64,-13],[24,2],[7,5],[21,4],[72,-14],[25,9],[65,-11],[19,4],[39,4],[20,0],[34,5],[29,-4]],[[9795,10744],[7,-10],[-7,-10],[-3,-20],[7,-13],[17,-18],[6,-13],[15,-16],[17,-7],[0,-14],[21,-9],[11,-13],[32,-8],[16,-13],[10,-34],[20,-14],[-5,-10],[9,-4],[14,-17],[0,-11],[25,-5],[36,-31],[-1,-11],[9,-13],[31,-13],[12,-14],[20,2],[12,-5],[16,-21],[16,1],[33,-9],[-16,-5],[-2,-8],[26,-10],[1,-10],[21,2],[9,-8],[-18,-10],[-1,-9],[30,-8],[15,0],[9,-9],[2,-15],[-7,-20],[38,-6],[11,-5],[0,-17],[23,-5],[19,-16],[32,-6],[13,6],[-1,23],[19,7],[30,-1],[26,-16],[29,5],[30,10],[16,-4],[27,-14],[18,8],[-9,16],[12,14],[21,5],[6,21],[18,-4],[12,-13],[28,-1],[37,-14],[20,-1],[22,-11],[21,11],[18,15],[11,13],[17,4],[15,-6],[4,-12],[-5,-17],[22,-7],[25,16],[33,6],[22,6],[14,12],[18,25],[21,-4],[22,15],[12,31],[28,12],[35,-2],[17,4],[9,13],[24,7],[13,-4],[27,1],[18,-6],[31,3],[11,8],[25,5],[25,-2],[19,-6],[23,-2],[37,-13],[41,-18],[3,-10],[-7,-9],[6,-10],[21,-11],[36,13],[17,2],[42,-5],[14,1],[24,13],[8,16],[23,5],[1,12],[26,15],[16,17],[19,5],[23,18],[6,19],[18,16],[37,10],[29,33],[38,19],[13,11],[10,21],[18,12],[25,1],[16,-8],[22,2],[12,-4],[35,-4],[40,18],[50,15],[23,11],[26,3],[27,11],[26,17],[34,10],[31,34],[32,7],[60,3],[20,18],[30,6],[14,6],[57,10],[39,12],[39,23],[13,11],[13,4],[17,-7],[48,8],[26,11],[18,2],[15,16],[17,12],[28,13],[18,-4],[55,22],[45,-1],[26,9],[28,16],[17,5],[30,23],[19,7],[42,9],[10,11],[22,10],[19,3],[7,5]],[[13042,10939],[1,-207],[-1,-277],[0,-200],[0,-183],[1,-243],[0,-183],[0,-205],[0,-247],[0,-177],[0,-291],[0,-204]],[[13043,8522],[-17,1],[-25,-12],[-21,3],[-32,33],[-9,-1],[3,-23],[-21,-13],[-8,2],[-21,18],[-6,11],[-18,8],[-7,-14],[-10,-3],[-23,0],[-8,-5],[-8,-21],[-7,-4],[-31,-4],[-14,4],[0,14],[-9,9],[-12,1],[-26,-21],[-27,4],[-9,8],[0,28],[-6,18],[-17,10],[-28,-5],[-3,-12],[7,-21],[-16,-27],[-13,-13],[-14,-2],[-7,7],[4,16],[-3,11],[-13,8],[-26,-6],[5,-18],[-7,-21],[-10,-13],[-15,4],[-36,24],[-25,7],[-24,13],[-24,17],[-6,-6],[7,-28],[-2,-16],[-24,-5],[-19,21],[-33,8],[-27,3],[-23,-23],[-7,-2],[-46,16],[-17,-7],[21,-18],[-16,-10],[-26,5],[-18,0],[-26,-7],[-15,-19],[-31,-6],[-31,4],[-4,10],[17,18],[8,17],[-6,14],[-16,2],[-17,-3],[-1,-23],[-19,-18],[-14,3],[-44,24],[-21,29],[-23,15],[-19,-5],[3,-13],[10,-12],[4,-12],[-2,-13],[-17,-24],[-19,-16],[-15,5],[0,16],[9,27],[-10,16],[-12,5],[-33,5],[-54,-8],[1,-5],[36,5],[11,-8],[4,-10],[-9,-19],[-8,-6],[-34,7],[-14,0],[-50,-12],[-38,-6],[-21,1],[-26,6],[-21,-2],[-23,-12],[-24,-25],[-8,8],[-9,19],[-26,7],[-30,-2],[-34,-12],[-21,-1],[-34,9],[-26,14],[-27,47],[-24,16],[-20,-6],[-5,-21],[-27,0],[-26,9],[-25,1],[-16,-6],[-8,-13],[-6,-27],[6,-28],[28,-17],[5,-10],[-9,-18],[-15,-6],[-27,6],[-18,11],[-20,25],[-22,21],[-22,0],[-10,-8],[-1,-10],[11,-14],[-2,-10],[-11,-10],[-24,-8],[-12,1],[-23,28],[-13,3],[-31,-3],[-21,-13],[-17,-6],[-23,-28],[-28,-25],[-28,-13],[-8,0],[-35,16],[-17,-5],[-43,-1],[-5,-6],[14,-15],[-2,-24],[-12,-9],[-22,-4],[-40,6],[-16,9],[-18,6],[-13,-6],[5,-16],[-21,-7],[-24,4],[-14,-10],[1,-10],[19,-4],[7,-14],[-11,-5],[-26,0],[-15,-9],[-1,-10],[10,-27],[1,-20],[-4,-8],[-24,-1],[-3,36],[-11,10],[-30,5],[-21,-20],[-12,-7],[-4,-9],[6,-19],[-16,-11],[-18,5],[2,15],[-7,27],[-9,9],[-16,5],[-29,-3],[-10,-8],[-23,-34],[-27,-17],[-19,-1],[-23,4],[-45,19],[-11,23],[-11,7],[-23,1],[-22,-11],[-31,-11],[-31,-22],[-19,-1],[-22,-8],[-9,-9],[-21,5],[-18,-8],[-2,-9],[6,-16],[-9,-12],[-14,-6],[-24,-1],[-14,-11],[-3,-18],[12,-5],[12,10],[12,-2],[10,-13],[4,-19],[-3,-8],[-14,-5],[-36,19],[-17,-11],[-2,-12],[14,-11],[-38,-1],[-12,-9],[-30,-13],[-38,-24],[-5,24],[-9,6],[-20,-14],[-18,1],[-12,-14],[-13,-6],[-24,-21],[-29,-14],[-7,31],[-8,5],[-19,-5],[-10,-15],[23,-8],[6,-7],[-11,-7],[-20,1],[-23,-14],[-20,5],[7,32],[-17,5],[-14,-5],[-5,-9],[-24,-7],[-27,3],[9,16],[-11,7],[-11,-18],[-25,-1],[-22,-9],[-23,0],[6,-11],[32,1],[9,-8],[1,-15],[-15,-7],[-14,9],[-25,3],[-15,-6],[-31,-20],[-17,8],[-17,19],[-9,2],[-19,-8],[11,-12],[-13,-18],[-30,-6],[-4,15],[21,15],[-5,18],[-13,6],[-29,-7],[-1,-40],[-9,-6],[-26,5],[1,7],[12,9],[-4,11],[-35,7],[-14,-4],[-7,-9],[1,-20],[-18,-5],[-10,11],[12,18],[4,16],[-12,24],[-23,2],[-5,-7],[14,-30],[1,-12],[-20,-7],[-7,18],[-18,10],[-19,-5],[-22,1],[-16,-10],[4,-17],[-21,2],[8,15],[-14,22],[-2,18],[-16,4],[-13,-12],[-28,-9],[-9,-11],[-16,-6],[-16,3],[-8,11],[9,11],[-3,14],[-7,3],[-17,-11],[-32,-5],[-22,-16],[1,-11],[21,-9],[8,-6],[-8,-10],[-19,-3],[-9,-11],[6,-21],[5,-5],[-7,-14],[-21,-4],[-18,12],[0,-311],[0,-208],[1,-292]],[[3434,6681],[-1,-9],[23,-19],[-10,-14],[-28,-18],[-5,-21],[-11,-7],[-39,6],[4,8],[-29,3],[1,-9],[-7,-14],[19,-18],[-16,-35],[-37,-12],[-16,-8],[-13,-12],[-32,6],[-30,-9],[-17,-11],[-32,-2],[3,-13],[-17,-11],[-7,-25],[9,-15],[7,-23],[-6,-34],[18,-24],[20,-4],[12,-9],[-3,-11],[20,-10],[25,7],[21,-31],[-2,-22],[-18,-3],[-18,-19],[-10,0],[-27,-7],[-10,-11],[9,-23],[-11,-3],[-19,-31],[-15,-2],[-13,-10],[-15,-5],[-9,-23],[10,-5],[-2,-22],[6,-11],[19,-19],[-25,-8],[-35,-6],[-30,-83],[-48,-146],[17,-16],[34,-14],[45,-5],[18,-14],[-5,-17],[8,-14],[-18,-9],[-9,-20],[2,-17],[17,-21],[8,-30],[17,-7],[6,-15],[-11,-18],[5,-20],[24,-8],[0,-10],[-14,-8],[10,-6],[-7,-28],[-26,-2],[0,-10]],[[3118,5515],[-21,8],[-17,-6],[-24,2],[-21,14],[-26,2],[-14,-11],[-19,-7],[-4,-7],[-20,-6],[-17,2],[-33,-5],[-27,10],[-45,-7],[-15,2],[-23,10],[-3,8],[-21,8],[-40,4],[-12,7],[-18,3],[-25,-4],[-10,-8],[-14,15],[-16,4],[-27,-15],[-47,5],[-64,9],[-37,2],[-21,-6],[-5,11],[12,7],[5,25],[-5,9],[6,12],[-10,28],[10,20],[2,19],[-9,13],[2,13],[17,23],[1,18],[11,2],[2,10],[24,11],[2,17],[9,8],[4,42],[-10,19],[-11,7],[-9,-4],[-49,-4],[-34,-8],[-26,3],[-21,10],[-20,16],[-20,2],[-10,13],[-53,20],[-21,4],[-22,-1],[-14,20],[-2,19],[-37,5],[1,15],[24,26],[19,6],[16,11],[-24,1],[2,13],[18,11],[-15,15],[-11,-1],[-22,13],[-4,9],[-14,1],[-15,11],[-13,-2],[-26,-15],[-16,-5],[-24,9],[-20,0],[-52,-11],[-24,-27],[-44,-7],[-34,-1],[-40,10],[-32,1],[-30,10],[-59,6],[-42,33],[-71,34],[-20,2],[-13,8],[-20,2],[-9,9],[-29,-1],[-26,17],[-5,22],[-22,8],[-19,-1],[-19,-11],[-15,-2],[-39,15],[-14,2],[-19,12],[10,14],[-6,29],[-26,25],[-39,12],[-14,16],[-14,0],[-10,14],[-22,8],[-17,13],[2,12],[31,17],[15,-3],[-1,17],[-22,9],[1,12],[-18,-3],[-24,29],[-13,28],[6,16],[-17,4],[0,7],[-15,14],[-19,5],[-2,-11],[-45,-6],[-9,-7],[-14,2],[-19,-6],[-4,-14],[-20,-9],[-13,1],[-7,8],[-18,0],[-12,-7],[13,-6],[2,-12],[-19,0],[-9,6],[-8,16],[18,17],[-4,18],[-14,5],[-26,-16],[-25,4],[-2,10],[-16,4],[-16,-8],[-7,9],[-20,4],[-16,10],[2,9],[-13,11],[-32,9],[-4,18],[-71,-1],[-6,-4],[-22,8],[-28,5],[-9,12],[-23,9],[-13,11],[4,14],[-26,28],[-32,23],[-22,3],[-12,7],[-3,12],[-9,11],[-17,12],[-18,-1],[-26,12],[-8,12],[-14,8],[-23,-5],[-7,2],[3,15],[-5,5],[-18,-1],[-12,22],[-28,8],[-8,20],[-21,0],[-3,8],[19,10],[7,10],[-33,6],[-17,-3],[-12,6],[-22,21],[-7,17],[2,12],[11,4],[-6,14],[10,16],[-13,5],[-22,-3],[-13,-11],[-16,-1],[-19,22],[-9,-6],[-19,9],[-16,18],[-22,19],[-18,5],[-19,1],[-7,-7],[-23,20],[-14,22],[8,19],[-17,6],[4,10],[25,13],[26,8],[22,15],[13,-4],[2,18],[22,27],[25,23],[58,38],[26,25],[21,16],[12,0],[43,20],[29,6],[40,-1],[1,-11],[-25,-4],[6,-11],[20,0],[23,5],[2,14],[24,-4],[25,11],[14,3],[11,-8],[-21,-11],[-3,-7],[-27,-3],[2,13],[-10,3],[-10,-19],[-24,-1],[7,-17],[27,0],[15,14],[20,-4],[5,-18],[14,-19],[4,-28],[9,6],[4,26],[-5,18],[8,10],[13,-17],[26,-4],[19,16],[32,-4],[14,10],[25,-3],[57,4],[12,-6],[-9,-9],[9,-13],[14,8],[15,-5],[14,-28],[9,12],[4,29],[-6,9],[23,6],[-1,46],[10,6],[8,20],[-8,5],[-5,29],[-15,17],[-23,1],[-33,-9],[-14,8],[-4,55],[22,14],[3,18],[-17,10],[-16,19],[-29,3],[-8,13],[-10,-13],[-20,-14],[-4,-13],[-15,2],[-16,-7],[-8,13],[7,9],[1,20],[-5,28],[-11,31],[-5,8],[-7,28],[-6,9],[-2,18],[-22,11],[-15,55],[2,14],[9,14],[7,28],[15,13],[-7,10],[14,4],[10,14],[15,-6],[19,25],[-6,11],[8,20],[14,9],[22,21],[18,10],[4,12],[-9,4],[5,13],[6,33],[40,37],[43,49],[16,-13],[11,5],[2,32],[10,34],[37,17],[33,2],[-2,15],[35,32],[17,9],[12,0],[15,23],[15,10],[-10,7],[4,9],[30,3],[29,5],[39,1],[24,28],[16,13],[33,13],[29,9],[50,3],[17,-3],[34,0],[19,7],[20,1],[65,8],[40,3],[35,5],[7,8],[27,-3],[0,-10],[13,-13],[-7,-5],[3,-15],[18,-5],[37,9],[11,0],[23,-13],[17,-31],[24,7],[37,37],[25,-5],[17,10],[10,-1],[51,12],[13,-25],[31,-17],[19,1],[0,13],[10,3]],[[10699,13347],[-15,-6],[-3,-19],[-19,-1],[-36,5],[-2,14],[-8,8],[1,15],[17,18],[-2,18],[-18,21],[3,19],[-16,17],[-20,3],[-25,-5],[-17,-10],[-23,5],[-11,-7],[-18,-1],[-27,13],[-16,-8],[1,-7],[-22,-16],[-4,18],[-9,19],[-9,8],[-14,-2],[-12,-8],[-15,5],[-22,-1],[-7,-15],[-21,-9],[-11,6],[-8,18],[-11,10],[-46,13],[2,10],[-9,7],[-32,0],[-25,4],[-5,7],[-21,-3],[-24,13],[-37,1],[-11,15],[4,17],[22,31],[19,10],[16,22],[-19,22],[24,14],[4,11],[1,24],[10,5],[-34,21],[-2,11],[-14,10],[1,12],[-6,16],[-13,7],[10,18],[23,7],[36,25],[-15,13],[6,7],[0,25],[5,16],[-6,7],[-26,1],[9,13],[-35,17],[-9,22],[-24,17],[-14,16],[-2,15],[14,34],[-15,3],[-14,15],[-28,7],[-6,11],[-13,10],[-47,11],[-17,9],[1,12],[-12,12],[1,9],[-13,49],[20,19],[-4,8],[-34,-2],[-15,4],[-17,-2],[-19,3],[-23,-19],[-20,4],[-50,0],[-16,11],[-33,-13],[-17,6],[-47,8],[-11,6],[-17,-7],[-21,2],[-26,9],[-12,-2],[-9,6],[-30,-16],[-13,-23],[-24,-14],[18,-35],[-8,-24],[-17,-9],[-12,10],[-12,1],[-7,9],[-27,1],[-19,-3],[-17,3],[-57,-5],[-15,4],[-13,21],[-25,20],[-20,-6],[6,-11],[-20,-3],[-53,11],[-8,-3],[-29,3],[-24,13],[-19,4],[-1,6],[-26,2],[-6,19],[-20,16],[6,15],[-17,9],[-16,22],[-10,-1],[-29,18],[6,13],[-26,13],[-15,-4],[-24,7],[-10,14],[6,13],[-24,9],[-11,10],[-19,2],[-2,9]],[[9276,16057],[15,-3],[20,7],[14,1],[19,-6],[43,3],[34,-11],[8,3],[30,-3],[9,-5],[18,8],[8,10],[35,9],[26,-3],[9,-4],[27,2],[43,29],[-4,8],[33,14],[7,11],[11,-2],[28,5],[23,-6],[16,17],[8,17],[10,12],[22,-2],[11,-5],[15,13],[6,13],[11,6],[37,7],[9,-6],[-5,-12],[18,-4],[-2,-17],[19,-8],[-6,-9],[-1,-20],[14,-13],[15,-4],[11,-16],[3,-17],[11,-8],[-10,-8],[-4,-18],[-29,-13],[-5,-6],[21,-6],[21,-29],[18,-7],[0,-17],[14,-1],[12,-10],[41,17],[14,0],[8,8],[13,0],[-1,12],[7,20],[64,-1],[17,-9],[18,1],[-3,14],[8,7],[14,-8],[19,-16],[14,-18],[9,11],[11,0],[4,-11],[16,-6],[6,-10],[0,-19],[26,-74],[44,-89],[37,-161],[42,-133],[28,-95],[29,-11],[15,0],[3,-11],[16,-3],[34,-27],[34,-38],[243,-190],[12,1],[19,-9],[9,-22],[17,2],[8,-12],[-11,-21],[4,-13],[18,-10],[-7,-10],[-4,-20],[6,-11],[-7,-11],[2,-19],[7,-25],[13,-19],[4,-23],[25,-27],[7,-21],[-19,-11],[3,-20],[8,-13],[-13,-3],[-11,-15],[5,-14],[28,-7],[11,-60],[-13,-13],[12,-12],[-7,-15],[-18,8],[-5,8],[-30,20],[-24,-2],[-25,2],[3,-15],[-16,-15],[5,-15],[-9,-8],[-22,2],[-5,-15],[-15,-13],[-36,-9],[-26,-19],[-4,-17],[16,-1],[12,-15],[16,-1],[9,-42],[7,-2],[14,-24],[-9,-9],[-3,-15],[8,-15],[-19,-29],[-17,-11],[0,-23],[-8,-31],[5,-16],[-2,-30],[-6,-35],[4,-34],[-7,-8],[2,-15],[7,-12],[10,-26],[1,-12],[8,-4],[13,-28],[-6,-21],[-25,-25],[-5,-28],[-6,-6],[10,-18],[16,-1],[11,-15],[14,-10],[10,-36],[-3,-11],[20,-23],[9,-2],[74,-4],[36,-5],[14,1],[41,-23],[19,6],[14,11],[29,-2],[5,-3],[46,-9],[24,15],[14,-1],[21,6],[24,-10],[11,0],[18,-14],[12,-22],[14,-14],[30,-20],[-8,-17],[-20,-29],[5,-21],[-11,-18],[7,-6],[201,-256]],[[5419,10717],[26,9],[24,-8],[24,-14],[15,-4],[20,11],[54,-9],[13,10],[21,-8],[19,6],[35,-10],[26,2],[31,-10],[18,1],[13,-7],[10,-14],[15,-11],[21,-5],[25,20],[38,2],[12,19],[18,-4],[19,7],[6,10],[19,9],[12,0]],[[5953,10719],[9,-8],[-6,-11],[-23,-11],[-11,-14],[-13,-9],[-10,-15],[0,-18],[9,-11],[1,-14],[-9,-14],[-24,-10],[-37,-1],[-17,-4],[-6,-12],[-20,-8],[-9,-15],[-26,-13],[-15,-4],[-16,-19],[4,-15],[-9,-16],[5,-18],[-18,-5],[-28,-25],[-13,-3],[-16,-17],[-12,-5],[-1,-23],[-8,-6],[6,-23],[-6,-27],[-17,-30],[0,-16],[-12,-17],[12,-19],[-8,-9],[-10,-26],[13,-8],[-16,-12],[-18,0],[-11,-18],[-32,-13],[-8,-19],[-15,-9],[4,-11],[-3,-16],[-16,-8],[-5,-11],[-31,-21],[-7,-18],[2,-16],[-9,-8],[-30,-6],[-7,-17],[-24,1],[3,-12],[-25,-10],[-9,-22]],[[5355,9954],[-36,-1],[-23,14],[-23,7],[-61,9],[9,10],[-11,15],[-2,41],[7,3],[8,18],[9,10],[13,24],[-9,11],[4,21],[20,22],[4,9],[15,11],[10,26],[9,11],[-12,11],[-3,21],[8,15],[-4,9],[6,14],[-21,18],[-3,20],[3,13],[-42,14],[-19,-7],[-30,16],[-18,-6],[-25,1],[-18,15],[13,8],[-1,11],[11,11],[20,7],[-16,8],[-4,10],[13,3],[3,10],[-11,6],[10,17],[1,29],[-10,2],[-2,17],[14,10],[5,30],[-6,16],[19,10],[-12,16],[30,26],[2,11],[18,6],[19,24],[30,-7],[28,3],[12,-9],[17,2],[23,-5],[35,6],[20,-4],[29,6],[-11,68]],[[5975,10824],[-1,-18],[-6,-14],[3,-9],[-17,-27],[17,-19],[-18,-18]],[[5419,10717],[-32,-7],[-10,4],[-35,0],[-23,10],[-28,-2],[-14,4],[-4,8],[-13,-1],[-35,13],[-20,-12],[-20,5],[12,8],[6,33],[-13,15],[-34,-9],[-8,-10],[-17,-10],[-13,5],[-20,-8],[-34,20],[6,24],[14,6],[-10,10],[-12,-1],[-7,9],[24,10],[16,0],[2,14],[11,10],[-5,14],[8,5],[-17,10],[-5,13],[-22,-12],[-25,-7],[-25,10],[-15,-6],[-13,2],[-21,15],[-3,10],[6,27],[-5,10],[-33,13],[-19,15],[-11,2],[-11,22],[2,7],[-12,21],[-9,8],[2,7],[-8,18],[-24,9],[-26,31],[5,8]],[[5441,16347],[18,-1],[21,-9],[17,6],[23,14],[9,-1],[18,10],[18,16],[28,33],[18,26],[23,49],[11,29],[8,36],[1,39],[-21,34],[-20,15],[-12,24],[-11,13],[-14,7],[-21,-4],[-24,15],[-16,3],[-43,-3],[-17,7],[7,16],[14,4],[1,8],[48,22],[13,14],[-6,13],[22,15],[13,21],[7,18],[-4,8],[13,29],[-9,16],[-3,15],[25,18],[13,17],[8,20],[-4,15],[23,20],[9,22],[2,15],[-5,11],[-10,7],[16,12],[5,18],[-8,37],[10,20],[-6,19]],[[4857,8931],[-7,9],[8,7],[25,13],[-2,14],[-12,7],[-4,20],[12,8],[9,15],[-12,22],[-18,11],[7,9],[-5,14],[-11,8],[23,13],[1,11],[25,9],[4,10],[-21,6],[-1,17],[7,9],[-5,26],[8,17],[13,0],[3,16],[8,16],[-9,9],[21,25],[22,15],[-3,9],[9,6],[6,16],[17,16],[-9,19],[7,16],[-11,13],[-4,12],[12,17],[-11,14],[8,8],[19,2],[3,17],[16,8],[12,-1],[13,16],[-17,23],[8,21],[17,2],[0,13],[25,15],[13,-1],[11,15],[-1,10],[16,27],[8,4],[-3,14],[16,6],[1,14],[15,1],[20,12],[12,15],[6,15],[13,6],[-13,10],[-1,14],[8,10],[24,17],[13,15],[9,-7],[14,9],[21,24],[-3,7],[6,19],[13,9],[10,13],[-6,41],[18,4],[11,-6],[13,21],[13,4],[22,19],[17,18],[-15,10],[-9,16]],[[2485,8923],[-12,10],[6,8],[-14,6],[-26,-3],[-27,-12],[-12,7],[34,38],[38,34],[19,19],[17,3],[7,18],[29,12],[51,38],[12,5],[16,-12],[13,15],[-1,14],[28,22],[22,28],[8,15],[14,9],[2,-14],[-4,-16],[15,-12],[9,8],[27,10],[-8,12],[2,15],[-46,21],[-10,8],[7,14],[54,40],[5,16],[27,24],[23,23],[11,8],[10,-9],[27,5],[55,15],[15,-4],[36,31],[18,3],[5,29],[9,7],[-4,15],[10,2],[29,-12],[-1,35],[2,13],[-10,8],[-12,1],[-17,-13],[-8,38],[-5,9],[-2,31],[10,7],[10,-5],[24,3],[9,8],[-10,16],[-7,23],[-10,22],[23,-5],[31,-1],[19,3],[19,15],[14,1],[8,9],[-1,10],[12,17],[32,11],[25,0],[17,4],[12,7],[-16,7],[-25,17],[-3,17],[-10,4],[-13,-5],[1,-25],[-24,-10],[-12,5],[-17,-6],[-10,2],[-27,-17],[-37,-12],[-15,-19],[-23,8],[-16,-6],[-26,2],[-12,-7],[-12,7],[-22,-9],[-18,9],[-9,-3],[-16,9],[-14,2],[-18,19],[-14,3],[-1,17],[14,1],[13,23],[-19,8],[-11,-1],[-10,9],[-19,1],[17,26],[-9,23],[26,11],[18,17],[26,15],[11,1],[23,-8],[17,11],[25,10],[26,14],[-2,7],[23,16],[-3,8],[12,21],[-7,4],[-19,0],[-3,6],[-27,-3],[3,17],[-9,10],[-17,2],[-8,-14],[-23,-13],[-20,13],[-20,-24],[-21,-3],[-14,-10],[-2,-12],[-10,-1],[-15,-38],[6,-3],[-11,-19],[-14,-8],[-21,-48],[-19,-7],[-11,10],[-9,19],[-27,27],[-4,-1],[-34,23],[-38,22],[-10,19],[-16,15]],[[2913,9960],[8,-10],[-19,-5],[3,15],[8,0]],[[11610,13470],[18,-6],[17,3],[20,10],[12,-1],[31,6],[19,-4],[25,3],[18,9],[27,-3],[22,14],[-7,22],[23,8],[28,1],[46,4],[34,-1],[18,-8],[29,-6],[5,-23],[16,-2],[12,5],[33,1],[22,-6],[14,5],[12,16],[13,4],[16,-2],[9,-9],[14,-2],[35,6],[6,8],[13,-3],[-1,-11],[-13,-12],[3,-17],[15,0],[12,9],[30,1],[26,9],[10,0],[33,-16],[16,14],[20,-2],[10,-18],[17,0],[11,9],[-6,12],[12,10],[12,-7],[-1,-27],[15,0],[4,17],[19,-3],[7,10],[11,6],[21,-4],[33,1],[21,-22],[19,-2],[14,4],[41,-3],[41,8],[15,6],[22,-5],[28,8],[12,-1],[6,-13],[15,-1],[16,-8],[11,15],[8,4],[26,-10],[17,6],[17,-7],[42,10],[26,0],[9,7],[27,-1],[9,-11],[3,-14],[16,1],[0,-26],[25,-3],[8,-5],[30,-1],[12,-3],[40,2],[32,-9],[44,10],[6,9],[27,17],[2,11],[18,5],[40,-6],[2,7],[23,5],[-6,28],[19,8],[13,-14],[20,22],[19,6],[19,-1],[19,-11],[14,7],[7,17],[21,4],[23,-9],[11,10],[44,6],[17,-8],[13,14],[18,11],[27,-11],[14,0],[31,6],[29,0],[14,12],[29,-22],[38,-8],[12,-12],[27,2],[26,-8],[39,7],[28,14],[31,-9],[22,-24],[-10,-6],[5,-10],[18,1],[18,-12],[13,-21],[9,-9],[21,3],[25,-8],[26,2],[12,9],[7,-10],[12,6],[17,-1],[4,-16],[18,-15],[23,8],[10,-7],[14,4],[28,-6],[0,-10],[16,-7],[29,-26],[25,-4],[10,-8],[22,4],[26,-4],[19,7],[25,1],[17,7],[20,15],[23,7],[10,11],[20,0],[11,5],[21,-3],[21,4],[9,-3],[41,9],[7,-6],[20,-5],[25,5],[28,-24],[190,-175],[95,-88],[186,-171],[159,-147],[217,-200],[258,-238]],[[15754,12389],[-12,-5],[-14,-18],[-14,-8],[-53,-16],[-29,-13],[-54,-16],[-58,-1],[-71,-10],[-42,0],[-30,4],[-40,-2],[-37,9],[-64,-3],[-67,19],[-32,-4],[-53,-17]],[[15084,12308],[-53,0],[-31,11],[-19,14],[-9,13],[8,28],[-19,11],[-13,2],[-23,11],[-6,14],[-12,13],[-15,5],[-23,-8],[-18,-3],[-15,7],[8,22],[-17,9],[-7,-14],[-17,-6],[-38,15],[-19,-8],[-15,1],[-19,9],[6,11],[29,7],[-11,10],[-18,-2],[-8,7],[-1,22],[-27,10],[-27,20],[-29,-2],[-9,10],[-1,21],[-7,8],[-17,7],[-19,-4],[-12,10],[-1,25],[-14,2],[-8,-16],[-14,-7],[-14,4],[-15,13],[-8,2],[-17,-9],[-24,6],[-24,-8],[-26,1],[-31,-15],[-26,13],[-15,-9],[-15,11],[-10,-8],[-16,0],[1,10],[-13,6],[-41,3],[-19,8],[-22,0],[-16,-11],[-27,-2],[-40,0],[4,-15],[-16,-5],[-18,-2],[-26,-10],[-21,-1],[-7,-16],[-35,-5],[-23,-15],[-22,-5],[-10,16],[-11,3],[-12,-9],[-9,9],[-21,-7],[-10,2],[-42,-6],[-15,4],[-13,-8],[-11,2],[-11,-9],[-17,9],[-11,-5],[-38,-6],[-12,-7],[-22,9],[-22,-8],[-14,5],[-17,-10],[-12,4],[-2,9],[-20,-4],[-16,9],[-25,-4],[-4,19],[-13,-2],[-12,10],[-15,3],[-17,-4],[-24,2],[-16,-15],[-28,-3],[-13,3],[-14,-3],[2,-15],[-10,-3],[-16,12],[-17,-3],[-9,7],[-18,-4],[-16,4],[-24,-5],[-9,-6],[-14,2],[-14,9],[-32,1],[-20,-8],[-45,30],[-36,4],[-49,-2],[-12,10],[-21,6],[-9,9],[-13,1],[-17,-13],[-16,-2],[-3,11],[-13,-2],[-9,-15],[-15,5],[-28,-2],[-4,11],[-22,5],[-13,6],[-13,-3],[-30,12],[-19,12],[-13,-19],[-13,-12],[-2,-11],[-24,10],[-9,10],[-15,6],[-17,-16],[-15,4],[-29,-8],[-14,-14],[-11,-4],[-21,5],[-4,-16],[-16,-1],[-4,-14],[-30,-4],[-12,8],[-17,-8],[2,14],[-12,2],[-17,-5],[-10,5],[-22,1],[-1,-20],[-13,1],[-11,13],[-23,10],[-5,-5],[17,-14],[2,-14],[-11,-5],[-19,10],[-9,-13],[-15,1],[-28,-13],[-8,15],[-14,-2],[-4,-15],[-48,17],[-9,-5],[-22,3],[2,-16],[-13,-2],[-17,18],[-10,-9],[7,-8],[-14,-6],[-18,19],[-9,4],[-20,-4],[-11,21],[-47,-6],[-3,-17],[-37,-19],[-44,-2],[-74,4],[-10,-3],[-52,3],[-23,-5],[-51,-2],[-15,-3],[-21,-16],[-32,-11],[-27,-4],[-50,2],[-44,11],[-40,-4],[-45,-21],[-36,-23],[-46,-11],[-22,1],[-43,-10],[-24,-22],[-32,-23],[-23,-9],[-20,-2],[-31,7],[-50,20],[-7,7],[-35,11],[-19,1],[-53,21],[-8,0],[-27,17],[-3,24],[-16,8],[12,16],[-9,14],[4,10],[-11,9],[-36,3],[-18,4],[-8,13],[-16,0],[-8,6],[-5,21],[-19,17],[-8,16],[7,17],[-12,26],[7,9],[15,6],[1,14],[10,12],[13,5]],[[15084,12308],[-11,-10],[-9,-41],[-10,-17],[-18,-12],[-29,-6],[-12,-21],[-17,-15],[-4,-12],[-35,-23],[-10,-19],[0,-14],[-7,-10],[-31,-10],[-12,-1],[-13,-11],[2,-36],[-39,-42],[-33,-29],[-19,-7],[-12,-10],[-22,-8],[-7,-30],[-16,-22],[-16,-6],[-7,-10],[-12,-3],[-45,-42],[-14,-23],[-13,-3],[-9,-11],[-41,-24],[-11,-2],[-19,5],[-24,-5],[-15,5],[-17,-8],[-17,-16],[-24,-5],[-57,-19],[-55,17],[-28,-4],[-35,1],[-35,15],[-54,-32],[-17,-1],[-29,-17],[-2,-13],[-24,-5],[-18,0],[-33,-18],[-5,-6],[-20,-5],[-34,-15],[-16,-21],[-34,-6],[-37,-24],[-25,-11],[-1,-7],[-51,-14],[-32,-29],[-48,-25],[-4,-8],[-23,1],[-19,-12],[-6,-19],[11,-25],[1,-14],[-18,-18],[-14,-20],[-21,-13],[-28,-11],[-22,-16],[-15,-7],[-29,-23],[-74,-35],[-9,-10],[-16,-2],[-18,-21],[-18,-14],[-33,-16],[-19,6],[-14,-5],[-50,-5],[-43,-18],[-19,-17],[-3,-18],[-31,-20],[11,-25],[-31,-18],[3,-9],[-22,-44],[-7,-23],[-17,-3],[-17,-26],[-26,-17],[-4,-20],[-24,-22],[-20,-1],[-16,-8]],[[8498,4591],[-366,-76],[-304,-62],[-231,-48]],[[7597,4405],[-6,11],[-8,2],[-18,-17],[-22,-5],[-12,25],[-2,14],[14,25],[-13,10],[-20,2],[-16,-10],[-9,0],[-19,11],[-1,18],[-20,5],[-13,-16],[-22,8],[2,10],[-12,12],[-9,-8],[-26,3],[-13,8],[-8,22],[-8,8],[-3,18],[-39,13],[-4,20],[-26,14],[-33,2],[-8,14],[13,17],[-5,4],[-39,-9],[-27,-18],[-7,-1],[-31,5],[-6,7],[-15,2],[-3,9],[10,8],[4,13],[-4,10],[-22,-8],[-9,-17],[-14,-1],[-24,4],[-20,25],[11,21],[-2,12],[-30,20],[-5,13],[0,24],[-16,29],[-15,2],[-9,24],[-17,9],[-21,-1],[-14,10],[-42,-27],[-2,-7],[-19,-20],[-11,-6],[-32,3],[-22,-5],[-15,8],[-16,23],[-13,5],[-5,-13],[-19,-4],[-26,24],[-24,16],[-29,13],[-2,9],[10,12],[-4,11],[-11,3],[-28,1],[-33,8],[-31,20],[-12,2],[-13,9],[-3,12],[-12,7],[-13,14],[-17,1],[-35,15],[-34,2],[-23,10],[-18,4],[-25,14],[-13,13],[-11,-1],[-19,5],[-24,-3],[-19,-14],[-7,-26],[-11,-15],[-44,-31],[-28,-13],[-12,0],[-38,12],[-15,1],[-16,9],[-32,1],[-35,19],[-14,0],[-24,-10],[-16,-2],[-40,13],[-16,2],[-43,17],[-13,18],[-12,1],[-23,10],[-30,-2],[-16,6],[-21,20],[-14,5],[-15,-1],[-22,4],[-28,-7],[-17,6],[-13,17],[11,17],[0,13],[-11,1],[-27,-6],[-13,6],[-6,15],[-24,13],[-6,9],[-18,-20],[-7,-3],[-24,10],[-19,5],[-12,-7],[-23,-3],[-48,5],[-22,-4],[-29,3],[-15,6],[-24,4],[-12,14],[-23,-8],[-17,4],[-11,17],[1,12],[-7,9],[-36,26],[-16,32],[-10,3],[-12,-8],[-6,-11],[-21,3],[5,17],[-13,8],[-16,-6],[-14,2],[0,10],[14,10],[-8,12],[-10,1],[-33,20],[-1,13],[-16,8],[-26,2],[-8,12],[12,12],[-11,4],[-10,15],[-42,7],[-21,5],[-3,12],[33,-1],[-1,7],[-17,2],[-16,17],[5,17],[-11,8],[-60,7],[-12,28],[-16,7],[-17,2],[-18,-3],[-16,-18],[-15,-8],[-29,10],[-2,13],[4,11],[-14,29],[-7,8],[-33,11],[-8,10],[-10,-11],[-24,-10],[-34,3],[-8,12],[-9,3],[-32,-11],[-3,26],[-15,6],[-13,-7],[-22,8],[-2,28],[-19,10],[-11,0],[-18,-16],[-23,1],[-11,13],[-23,-18],[-8,-11],[-9,-30],[-28,-7],[-20,17],[-18,-1],[-32,-13],[-25,-2],[-1,-165],[-26,-7],[6,15],[-14,13],[-20,-6],[-1,-16],[-10,-3],[-40,1],[-20,2],[-25,-6],[-14,5],[-25,19],[-13,4],[-52,-18],[-20,-17],[-8,-12],[-17,9],[-14,2],[-19,19],[-8,13],[-17,9],[-11,-1],[-24,-13],[-9,3],[4,15],[-8,7],[-31,-3],[-22,7],[-18,3],[-18,-11],[-33,23],[-18,-13],[-18,-5],[-19,-12],[5,-7],[16,2],[1,-10],[-29,-7],[-25,21],[-20,3],[-42,-12],[-25,-16],[-16,-3],[-17,8],[-34,7],[-12,-7],[-27,-1],[-19,5],[-33,14],[10,14],[-6,4],[-28,-9],[-35,3],[-23,-3],[-19,13],[-4,13],[-11,6],[-13,-3],[-21,-17],[-38,13],[-11,-5],[-26,4],[-14,-1],[-14,19],[12,8],[-5,11],[-20,9],[-19,27],[2,9],[-10,19]],[[1261,19002],[-19,13],[-5,10],[14,4],[18,-9],[-1,-15],[-7,-3]],[[872,19815],[8,2],[17,-17],[2,-11],[50,-24],[17,-14],[6,-13],[-3,-18],[23,-28],[19,-13],[27,-11],[41,-9],[31,-4],[33,-8],[8,-8],[49,-20],[34,-7],[29,-12],[16,-17],[10,0],[6,-18],[-18,-3],[-18,-16],[-14,4],[-12,-10],[-14,8],[-41,4],[-21,6],[-20,-3],[-26,-9],[-40,1],[-36,-14],[-8,-11],[-9,3],[-33,-23],[-40,-19],[-6,0],[-37,-18],[-10,-19],[75,-42],[5,-11],[3,-27],[-35,-4],[-5,-20],[-14,-6],[-24,7],[-19,11],[-61,12],[5,9],[24,-6],[19,4],[-4,9],[-38,11],[-9,11],[-16,-6],[-9,-32],[19,1],[14,-9],[-2,-10],[22,-5],[4,-16],[12,0],[4,14],[16,7],[22,-11],[-3,-18],[9,-7],[36,2],[3,-6],[21,2],[7,-18],[-6,-21],[-12,-4],[-14,7],[-21,-8],[-11,-13],[-43,8],[-55,-4],[-18,-12],[-1,-16],[11,-18],[16,-3],[20,4],[21,-2],[7,5],[17,-9],[-6,-15],[4,-10],[-4,-34],[3,-23],[7,-22],[-17,-26],[3,-15],[-5,-16],[0,-26],[-7,-15],[6,-9],[8,-47],[6,-2],[9,-27],[-3,-22],[-4,-4],[-35,-5],[-33,-14],[-28,-23],[-3,-5],[8,-17],[-1,-26],[-8,-36],[0,-21],[29,-14],[-21,-22],[20,-15],[-2,-20],[-11,-16],[-12,-10],[-3,-14],[-19,-21],[-37,-26],[-7,-12],[-22,-8],[-13,-13],[-24,-5],[-10,-8],[-14,-43],[-1,-37],[-10,-33],[-4,-2],[-3,-41],[-9,-25],[-3,-22],[1,-32],[-4,-18],[-23,-48],[9,-20],[0,-27],[-11,-6],[-34,-32],[-9,-14],[-1,-24],[-26,-48],[-20,-20],[-28,-37],[-6,-32],[-16,-9],[-38,-65],[-19,-16],[-5,-12],[-34,-32],[-12,-27],[-14,-19],[-23,-24],[-27,-15],[-43,-2],[-14,14],[-27,15],[-22,5],[-8,5],[3,26],[-13,19],[-5,17],[-17,10],[-16,32],[7,23],[-12,5],[-2,38],[6,19],[-3,32],[9,19],[3,18],[21,19],[7,13],[12,9],[12,17],[27,21],[43,51],[6,12],[11,44],[-2,18],[-12,10],[-4,12],[-4,29],[9,41],[5,70],[12,16],[-4,15],[13,21],[-8,9],[6,18],[3,21],[-18,8],[-5,18],[21,8],[13,12],[24,9],[-7,7],[-62,-4],[-19,16],[-22,3],[-56,17],[-22,23],[-17,28],[9,14],[3,18],[16,24],[14,14],[14,24],[0,16],[16,20],[4,20],[-1,21],[21,36],[6,24],[-5,20],[12,4],[0,13],[12,4],[26,17],[3,16],[-20,7],[-20,17],[0,12],[-14,36],[-10,32],[-9,15],[3,15],[24,32],[8,22],[25,19],[11,11],[43,24],[12,22],[39,30],[9,4],[24,18],[19,24],[19,4],[-9,43],[1,15],[19,17],[-5,16],[-2,31],[-7,12],[17,16],[1,21],[-8,26],[21,22],[1,7],[35,30],[6,3],[30,31],[21,15],[24,8],[20,15],[38,20],[38,34],[16,19],[39,27],[39,31],[23,14],[21,3],[27,12],[32,5],[17,8],[7,-3]],[[1235,19895],[-21,-4],[-8,10],[19,26],[14,-4],[8,-21],[-12,-7]],[[2329,19764],[6,-18],[9,-12],[15,-6],[11,-11],[4,-24],[-2,-9],[6,-24],[10,-10],[17,-7],[31,-5],[57,4],[12,-5],[42,-3],[22,-13],[9,-18],[-11,-21],[-16,-20],[-20,-18],[-51,-34],[-5,-18],[15,5],[20,-8],[-5,-14],[-24,-14],[5,-13],[22,4],[14,-23],[-1,-8],[22,-17],[3,-8],[-15,-8],[18,-7],[12,-10],[1,-13],[24,-20],[2,-16],[-17,1],[-28,-4],[-8,3],[-25,-7],[-9,-12],[12,-5],[23,12],[41,10],[8,-8],[28,3],[17,8],[17,3],[19,9],[22,1],[10,-7],[7,-16],[-8,-39],[-6,-10],[-2,-17],[-24,-13],[-19,1],[-38,-12],[-20,-9],[-32,-6],[-17,-8],[-8,-11],[-17,-7],[5,-14],[12,0],[10,-10],[-12,-27],[-3,-19],[5,-14],[-1,-23],[21,-47],[0,-19],[-15,-15],[-9,-33],[-23,-24],[-25,-30],[-13,-21],[-15,-18],[-4,-24],[-20,-8],[-29,-6],[-27,-3],[-24,0],[-39,-11],[-37,-4],[-8,2],[-24,-9],[-18,-3],[-15,-12],[-2,-8],[-25,-20],[-15,-2],[-12,-14],[-11,1],[-14,-21],[-10,2],[-37,-47],[-30,-16],[-32,-12],[-35,-6],[-28,10],[-29,0],[-25,-6],[-38,-15],[-36,-10],[-16,-8],[-9,-18],[-21,-9],[-16,0],[-47,7],[-35,12],[3,7],[-7,26],[-17,19],[-5,12],[-21,22],[14,16],[3,17],[-6,14],[19,9],[9,12],[0,26],[-7,9],[-9,31],[-26,26],[-3,34],[-6,9],[-27,9],[-36,7],[-19,14],[16,12],[10,23],[1,20],[18,25],[12,8],[7,22],[-5,15],[15,23],[7,31],[-4,36],[-17,12],[10,22],[-2,19],[8,8],[3,16],[-6,7],[22,26],[2,31],[29,15],[4,11],[15,13],[11,16],[2,17],[16,15],[20,45],[0,9],[20,0],[14,8],[15,15],[16,9],[8,20],[21,15],[31,4],[32,12],[7,8],[27,-9],[33,8],[19,-22],[1,-7],[21,-8],[71,-3],[30,7],[21,9],[25,17],[36,40],[7,13],[1,23],[-4,7],[0,22],[-6,9],[6,27],[11,19],[-8,24],[61,24],[16,8],[-3,7],[6,32],[21,0],[22,7],[15,-7]],[[2170,19924],[15,-10],[11,8],[19,5],[5,-16],[-16,-14],[-24,-9],[-13,-12],[-5,-11],[-4,-28],[10,-10],[1,-22],[-10,-15],[25,-4],[12,7],[8,-6],[22,-8],[-13,-13],[-12,-3],[-5,-18],[-14,-13],[-4,-18],[-8,-8],[-14,1],[-21,8],[-31,-11],[-30,2],[-32,-13],[-20,-3],[0,13],[-11,7],[-15,25],[-30,-3],[0,12],[-39,21],[-3,55],[12,16],[11,20],[2,12],[12,9],[16,-4],[9,8],[18,2],[-3,22],[16,-3],[15,6],[27,-6],[4,5],[29,8],[30,-6],[12,3],[5,9],[23,6],[8,-3]],[[12753,5140],[9,-2],[22,10],[12,-14],[19,13],[18,7],[10,8],[16,2],[-4,19],[12,2],[25,-11],[15,-16],[24,-14],[0,-14],[-7,-15],[13,-16],[8,-22],[23,-4],[11,8],[7,17],[19,-1],[5,-17],[-3,-14],[17,-6],[20,10],[13,-11],[12,-3],[24,8],[19,-9],[-9,-9],[-19,-7],[4,-12],[35,-17],[12,1],[16,9],[-10,14],[3,19],[29,12],[27,-1],[19,-5],[4,-6],[-8,-17],[22,-17],[28,-3],[11,-9],[14,-1],[2,-22],[-8,-7],[6,-12],[16,-15],[24,-2],[10,-4],[8,-15],[-16,-20],[-17,11],[-14,1],[-23,-11],[-17,-11],[-4,-9],[4,-13],[16,-16],[29,-13],[6,-23],[25,-3],[22,-6],[5,-24],[13,-13],[3,-24],[-10,-22],[17,-12],[2,-19],[14,-14],[26,-12],[4,-15],[13,-9],[7,-21],[27,-1],[5,4],[4,19],[57,13],[21,10],[-5,12],[-28,0],[-2,6],[13,15],[20,8],[21,2],[13,6],[15,-4],[24,-24],[24,-13],[20,-15],[10,-18],[8,-5],[20,3],[17,20],[29,16],[19,-4],[18,-19],[14,-7],[13,-29],[22,-24],[20,-4],[10,8],[5,19],[15,9],[19,-3],[22,-11],[0,17],[21,0],[9,-14],[25,-17],[31,-18],[13,-19],[21,-18],[13,-21],[1,-13],[-20,-15],[-6,-10],[3,-12],[11,-6],[11,4],[20,18],[55,18],[26,-7],[8,-25],[6,-9],[30,-1],[30,-4],[13,2],[18,8],[7,14],[-6,16],[-32,-7],[-31,7],[-8,9],[9,11],[24,3],[20,12],[21,-5],[19,1],[14,14],[11,18],[21,3],[23,-7],[17,-13],[14,-18],[13,-2],[30,12],[22,-7],[14,-18],[2,-15],[-15,-10],[-38,11],[-21,-2],[-20,-26],[-20,-11],[-15,-3],[-22,-11],[-46,-44],[-11,-23],[2,-13],[24,-13],[13,5],[3,10],[-3,17],[10,8],[25,-2],[27,-27],[6,-19],[9,-8],[-8,-16],[10,-11],[-3,-24],[-7,-8],[11,-15],[1,-16],[-12,-22],[-2,-20],[20,-21],[-4,-17],[-22,-2],[-16,3],[-25,-9],[-7,-15],[-4,-33],[11,-19],[20,-14],[26,-11],[16,-13],[15,-22],[14,-14],[18,-12],[5,-9],[-6,-10],[-42,-17],[-7,-22],[-10,-12],[-16,-2],[-21,7],[-21,-3],[-13,-16],[-5,-19],[7,-14],[28,-24],[31,-21],[20,-7],[26,1],[13,9],[4,16],[14,17],[25,3],[17,-10],[-10,-24],[-27,-15],[-17,-17],[-1,-15],[17,-18],[34,-9],[32,-3],[-1,-30],[14,-15],[32,-5],[21,2],[17,7],[11,13],[11,24],[42,32],[15,19],[-2,15],[-12,13],[-23,3],[-14,-3],[-20,-10],[-16,2],[-8,8],[-6,16],[5,10],[24,22],[36,23],[34,8],[16,-4],[13,-10],[14,-17],[15,-9],[28,3],[8,12],[-6,22],[5,12],[23,1],[15,-11],[-12,-17],[1,-10],[15,-8],[16,0],[46,10],[30,26],[15,-3],[40,-18],[11,-13],[-7,-6],[-24,9],[-49,-23],[-7,-17],[18,-18],[4,-15],[-4,-7],[-18,-7],[-20,-18],[-7,-23],[12,-14],[28,-8],[17,2],[43,18],[35,0],[21,3],[12,6],[26,41],[22,13],[30,-1],[11,-8],[37,-46],[13,-14],[25,-12],[21,-4],[29,6],[8,9],[-9,11],[-24,2],[-17,14],[-13,33],[21,4],[16,7],[14,-15],[10,-3],[19,5],[31,-11],[10,-8],[29,-34],[34,-24],[18,-16],[1,-17],[-16,4],[-2,10],[-16,4],[-17,-4],[-2,-7],[5,-35],[-6,-43],[3,-16],[13,-21],[12,-7],[24,-1],[21,18],[4,17],[-3,32],[10,7],[19,1],[44,22],[24,-11],[1,-9],[17,-34],[24,-5],[22,4],[16,-7],[30,-21],[34,-2],[14,4],[23,17],[4,12],[-2,22],[-15,15],[-20,4],[7,12],[25,-1],[10,5],[4,18],[-14,20],[-4,20],[13,19],[17,8],[32,2]],[[15747,3787],[12,-9],[30,-28],[20,-26],[-1,-18],[-20,-12],[-9,-15],[-3,-31],[-17,-25],[-7,-15],[0,-20],[13,-26],[13,-14],[12,-26],[-4,-28],[2,-17],[16,-31],[-1,-15],[-30,-10],[-18,-16],[-12,-28],[4,-50],[-8,-14],[-21,-16],[-9,-13],[1,-31],[7,-15],[-1,-14],[-65,-263],[-72,-293],[-57,-231],[-46,-189],[-72,-291],[-44,-180],[-37,-148],[-39,-159],[-41,-169],[-46,-186],[-55,-223],[-40,-159],[-39,-160],[-57,-228],[-42,-172],[-40,-161],[-27,-12],[-12,22],[-20,16],[-22,9],[-23,27],[-33,29],[-28,14],[-19,16],[-18,33],[-14,12],[-40,19],[-21,2],[-35,-1],[-36,3],[-37,12],[-15,20],[0,30],[7,26],[-4,42],[-14,29],[-14,7],[-49,10],[-43,24],[-13,14],[-10,18],[-14,34],[-13,15],[-16,8],[-32,10],[-66,14],[-11,0],[-36,-25],[-13,-4],[-39,-1],[-18,-5],[-16,-15],[-33,-20],[-35,-14],[-27,-7],[-56,-5],[-18,3],[-19,17],[-19,33],[-16,14],[-26,10],[-20,-4],[-20,-10],[-12,-11],[-17,-3],[-9,9],[-42,3],[-33,30],[-25,14],[-23,1],[-18,-4],[179,207],[110,127],[160,186],[104,120],[154,178],[118,135],[166,190],[49,56],[12,5],[21,38],[-15,11],[-9,35],[5,21],[2,25],[-8,22],[-7,3],[-34,-1],[-4,-18],[-16,-25],[-15,-8],[-16,-2],[-14,-10],[-11,-4],[-26,6],[-10,22],[17,38],[-11,24],[-14,11],[-9,-1],[-13,-28],[-23,-7],[-30,9],[-12,16],[-6,19],[3,13],[-2,28],[-13,18],[-7,19],[-12,8],[-19,1],[-31,-7],[-43,-22],[-37,-5],[-25,7],[-24,12],[-7,10],[4,16],[18,10],[16,3],[32,1],[24,7],[9,9],[0,16],[-8,3],[-19,-7],[-21,2],[-20,13],[-28,4],[-26,-4],[-18,-9],[-21,-20],[-18,-9],[-27,-2],[-23,6],[-19,18],[-11,41],[-20,24],[-7,0],[-23,-19],[-25,-7],[-24,4],[-16,12],[-16,25],[-22,21],[-25,9],[-31,-7],[4,-8],[30,-6],[26,-13],[5,-7],[-6,-16],[-17,-14],[-16,-7],[-49,-4],[-20,1],[-31,9],[-17,11],[-7,9],[-1,18],[20,32],[7,22],[-25,-13],[-39,-1],[-19,4],[-8,8],[6,18],[25,27],[1,9],[-30,11],[-9,7],[-30,1],[-13,5],[-52,6],[-19,7],[-14,15],[-9,20],[-38,5],[-34,-5],[-30,4],[-12,6],[-24,56],[-9,11],[-15,9],[-28,5],[-23,-7],[-27,-26],[-13,-6],[-20,-2],[-22,7],[-23,13],[-15,13],[-4,13],[-9,6],[-35,3],[-19,-18],[6,-15],[14,-18],[0,-10],[15,-17],[10,-18],[-4,-15],[-12,-6],[-14,0],[-24,13],[-11,19],[-17,8],[-46,4],[-47,-14],[-29,1],[-35,-6],[-13,-15],[15,-18],[6,-27],[-7,-7],[-16,-2],[-17,10],[-26,-10],[-5,-39],[-13,-6],[-25,0],[-29,15],[-8,8],[-2,13],[-20,6],[-38,-9],[-11,-7],[-20,-29],[-16,-4],[-16,6],[-4,8],[23,21],[3,10],[-13,5],[-26,-2],[-9,-7],[-4,-17],[-13,-13],[-22,-6],[-12,2],[-23,-10],[-30,-1],[-24,-19],[-18,-3],[-14,8],[-9,14],[1,12],[14,19],[2,9],[-18,16],[-5,11],[-17,6],[-14,11],[-4,9],[-26,37],[-22,12],[-11,-1],[-21,-16],[-8,-16],[16,-33],[-2,-23],[-7,-7],[-25,-2],[-13,10],[-17,20],[-14,12],[6,13],[-3,13],[11,48],[-4,9],[-19,-1],[-41,5],[-25,-2],[-25,10],[-36,5],[-8,5],[-26,27],[-32,9],[-16,0],[-26,-7],[-21,-14],[-38,-15],[-18,3],[-18,7],[-5,12],[3,22],[15,20],[7,19],[-6,11],[-30,10],[-10,-4],[7,-14],[-9,-15],[-24,-1],[-16,-9],[-26,-7],[-9,-20],[-9,-4],[-17,3],[-7,10],[-32,1],[-19,-45],[-23,-31],[-1,-13],[-13,-27],[-25,-24],[-24,-3],[-34,6],[-9,-2],[-14,-17],[27,-49],[-4,-13],[-8,-5],[-17,1],[-43,21],[-46,-11],[-46,6],[-11,8],[-9,18],[-24,10],[-11,0],[-25,-14],[-26,-29],[-27,-20],[-31,-14],[-9,-2],[-19,-22],[3,-18],[-6,-18],[-12,-20],[-25,-14],[-19,2],[-5,9],[2,23],[-9,10],[-16,3],[-3,8],[-30,-16],[-37,0],[-18,16],[-29,4],[-7,-8],[12,-10],[1,-10],[-10,-6],[-41,7],[-8,-22],[-12,-5],[-28,1],[-26,-8],[-26,0],[-34,-12],[-22,5],[-7,14],[-25,8],[-13,25],[9,18],[-15,22],[-9,-17],[-13,-9],[-22,-5],[-13,1],[-31,18],[-22,7],[-17,-2],[-21,4],[-18,-10],[-24,5],[-12,14],[-20,8],[-19,-3],[-19,2],[-19,12],[-9,13],[-20,20],[-19,5],[-20,-1],[-17,6],[-14,-7],[9,-14],[-2,-16],[-32,-20],[-9,-14],[0,-19],[-5,-9],[-27,-13],[-21,1],[0,24],[-6,10],[-15,10],[10,14],[-8,7],[-41,-2],[-2,-26],[-14,-9],[-21,-1],[-9,6],[-9,30],[-16,6],[-22,-3],[-12,-13],[-19,-9],[-26,-7],[-18,-12],[-44,-11],[-19,-2],[-16,3],[-12,-5],[-32,-1],[-16,-4],[-15,-10],[-12,-2],[-12,9],[2,12],[9,9],[-5,22],[-27,13],[-8,13],[-2,18],[-19,18],[-4,17],[-17,4],[-14,-18],[-17,-3],[-26,17],[-7,20],[-32,3],[4,-23],[-10,-15],[-15,-6],[-20,4],[-7,6],[-3,18],[-36,14],[-6,5],[-36,-2],[-12,6],[2,32],[-12,7],[-10,15],[-29,23],[-9,13],[-18,33],[4,20],[-7,8],[10,17],[25,-2],[26,2],[19,18],[12,44],[14,12],[24,7],[32,13],[8,11],[2,13],[-48,1],[-18,3],[-6,15],[12,15],[19,15],[2,12],[-7,8],[-26,5],[-12,8],[-13,36],[19,17],[5,25],[0,24],[-9,18],[2,14],[12,11],[5,14],[-8,12],[-25,-1],[-18,2],[-24,14],[-5,10],[13,22],[4,35],[-39,3],[-24,-6],[-13,18],[-7,4],[-19,37],[-11,9],[-19,-5],[-2,-12],[4,-27],[-11,-18],[-21,-7],[-22,4],[2,12],[21,4],[-10,13],[-14,-4],[-23,0],[-14,5],[-24,-10],[-15,-14],[13,-17],[0,-12],[-9,-6],[-20,1],[-18,8],[-4,14],[-10,7],[-29,5],[-24,14],[-22,9],[-19,-2],[-13,-6],[-48,-5],[-14,15],[0,19],[-24,18],[-43,15],[-46,5],[-46,29],[-11,10],[5,21],[25,13],[10,18],[-2,17],[21,27],[32,19],[34,16],[10,15],[-8,10],[-27,-12],[-26,12],[-6,18],[27,16],[7,14],[-5,7],[-19,4],[-5,9],[12,16],[-3,17],[-26,-2],[-34,7],[-11,9],[5,25],[-6,19],[-8,5],[-14,-3],[-20,4],[-25,1],[-19,8],[-1,8],[23,6],[24,-6],[11,18],[-10,20],[-8,6],[-27,0],[-6,13],[7,19],[-5,7],[4,14],[15,5],[-6,15],[-18,-12],[-21,-1],[-25,13],[-13,34],[2,31],[-19,-8],[-27,4],[-15,7],[-19,20],[-23,6],[-23,-14],[-19,-3],[-33,2],[-22,17],[-4,10],[-3,25],[-10,-9],[1,-26],[-9,-6],[-9,-18],[-19,-4],[-19,5],[4,15],[-12,5],[-10,-11],[-29,2],[-38,14],[-17,0],[-36,16],[0,16],[-13,21],[-21,13],[-15,25],[2,12],[-8,13],[-4,15],[-30,6],[-20,-13],[-28,1],[-28,9],[2,12],[23,19],[4,7],[-21,11],[-13,-7],[-2,-12],[-15,-11],[-19,3],[-28,11],[-26,41],[1,25],[19,31],[-21,14],[-11,-10],[-2,-26],[-19,-18],[-21,-7],[-26,5],[-17,-2],[-44,13],[-9,6],[-47,17],[-14,11],[-32,10],[-18,-6],[-58,0],[-23,10],[-9,-1],[-38,23],[-17,6],[-5,23],[19,11],[3,12],[-13,11],[-9,30],[-33,13],[-20,-2],[-14,6],[-6,17],[20,17],[15,2],[26,-9],[9,-9],[13,-1],[5,9],[-9,19],[9,20],[17,8],[-15,5],[-22,-2],[-21,13],[-1,11],[12,20],[-6,12],[-21,-15],[-29,3],[-2,8],[12,22],[-21,9],[-24,-1],[-22,7],[-10,10],[-24,15],[-10,18],[19,14],[32,5],[15,11],[-11,9],[-1,14],[-33,14],[-11,14],[-4,15],[11,14],[13,8],[-5,9],[-21,7],[-6,10],[-20,14],[-2,8],[9,16],[3,17]],[[15068,7122],[-9,-7],[-15,8],[-24,17],[-14,-1],[-31,18],[-9,-1],[-36,8],[-14,-4],[-44,1],[-16,-4],[-6,6],[-26,5],[-18,13],[-18,-3],[-16,8],[-35,6],[-12,5],[-27,29],[-16,0],[-6,7],[-17,6],[-14,17],[-18,13],[-16,1],[-17,13],[-24,23],[-9,3],[-35,0],[-8,19],[9,21],[19,20],[-4,17],[12,11],[26,9],[9,16],[-6,19],[22,14],[20,9],[3,18],[-14,21],[5,33],[15,25]],[[14634,7561],[-5,5],[13,13],[-8,4],[-12,17],[26,6],[7,8],[23,9],[4,7],[37,10],[10,12],[-4,7],[28,2],[9,-4],[5,17],[-12,9],[37,4],[28,35],[2,11],[-44,12],[-5,6],[-5,28],[-16,6],[-8,9],[-18,8],[15,10],[-30,7],[-13,-4],[-4,-19],[-22,-16],[-33,6],[-23,-6],[-34,17],[-19,-5],[4,-9],[21,-4],[-5,-11],[-12,-4],[-11,17],[-10,-5],[7,-22],[-15,1],[-10,-6],[-18,4],[-10,-11],[-18,-1],[-5,12],[-19,-8],[-15,15],[-20,-7],[-19,3],[4,12],[16,4],[-3,8],[-24,1],[-42,-31],[-31,18],[-16,0],[-4,-6],[18,-8],[6,-19],[-27,-20],[-25,18],[-27,11],[1,16],[-10,1],[-24,-15],[-35,13],[-18,13],[-2,12],[-15,-1],[-3,-12],[-16,-1],[-3,15],[-15,1],[-18,-10],[-34,-3],[-10,-10],[14,-3],[-17,-15],[-14,12],[-15,-11],[-21,-1],[-28,13],[1,16],[20,2],[-19,13],[6,12],[-17,0],[-2,-12],[-17,-2],[-28,20],[-24,9],[-19,0],[-12,-5],[-11,5],[-27,4],[-18,11],[-24,9],[-5,24],[-8,6],[2,11],[-9,7],[-21,33],[-18,17],[-3,11],[-12,8],[-11,21],[8,7],[-5,8],[-18,4],[-27,33],[-29,8],[-31,26],[1,17],[-7,19],[-11,8],[-20,4],[-22,-6],[-22,-18],[-28,11],[-32,4],[-1,10],[-14,19],[-16,14],[-37,-3],[-9,-6],[-20,-4],[-23,11],[-24,-8],[-22,16],[-5,17],[-15,23],[206,62],[323,97],[196,58]],[[13990,8409],[8,10],[-4,15],[52,10],[32,3],[71,14],[51,22],[25,3],[12,9],[4,23],[-12,31],[9,14],[44,-3],[26,10],[16,10],[30,5],[4,24],[-4,31],[-8,24],[-9,13],[-19,18],[11,11],[38,-6],[27,9],[-4,13],[-24,21],[-21,6],[-42,-2],[-10,3],[-7,13],[13,8],[32,0],[19,3],[6,9],[-3,11],[-11,11],[6,13],[39,17],[15,24],[6,16],[22,7],[15,-6],[11,-10],[19,5],[0,14],[-23,14],[4,11],[14,2],[16,-15],[3,-16],[7,-9],[14,-3],[21,5],[23,17],[-4,11],[-28,21],[-1,17],[18,7],[17,-9],[6,-10],[2,-28],[17,-9],[24,16],[0,22],[-7,27],[-7,6],[-29,6],[-7,7],[0,26],[17,11],[24,2],[22,-15],[16,5],[2,10],[-7,9],[-18,6],[-31,19],[-18,4],[-30,25],[2,10],[54,10],[14,12],[-2,29],[19,8],[10,-6],[1,-14],[19,-2],[45,4],[39,15],[11,13],[15,8],[13,0],[17,-11],[3,-7],[-5,-23],[18,-12],[11,-1],[49,19],[42,7],[8,10],[-1,14],[-11,12],[-25,16],[-3,11],[5,12],[23,3],[51,-15],[12,-12],[5,-13],[31,0],[19,9],[6,13],[-1,21],[16,16],[-23,28],[-33,22],[-2,19],[12,8],[28,-5],[24,-39],[18,-18],[41,-13],[13,9],[-3,6],[-28,23],[-19,27],[-2,15],[19,15],[22,-1],[11,-11],[2,-9],[-4,-27],[16,-11],[12,3],[19,18],[-4,31],[8,11],[15,7],[29,-5],[17,-8],[22,-14],[18,0],[16,9],[-5,17],[-7,6],[-35,7],[-5,13],[9,6],[16,0],[34,-19],[12,-19],[0,-21],[18,2],[17,17],[11,25],[19,8],[20,-7],[12,-10],[30,-2],[6,10],[1,15],[13,6],[18,-9],[10,-22],[9,3],[4,12],[15,25],[4,15],[-2,16],[-8,11],[5,26],[13,9],[-5,11],[-11,1],[-16,-6],[1,13],[18,0],[31,-6],[45,-4],[37,5],[21,-8],[-4,-20],[11,-6],[13,11],[-4,17],[16,26],[27,16],[28,-3],[21,-23],[12,-24],[16,-8],[13,-1],[11,7],[8,18],[18,5],[9,-8],[2,-11],[19,-4],[14,11],[47,22],[14,3],[14,22],[10,4],[23,-9],[4,-12],[-3,-12],[-21,-29],[-3,-16],[11,-9],[12,0],[17,9],[17,22],[5,18],[-4,13],[-22,13],[-5,18],[12,5],[28,-4],[20,-6],[14,-15],[0,-26],[15,-13],[20,7],[17,27],[20,-4],[3,-6],[-11,-22],[14,-9],[24,10],[19,-4],[-3,-20],[-28,-16],[1,-10],[31,0],[26,11],[18,12],[22,25],[23,1],[6,-9],[2,-18],[5,-11],[18,-9],[13,5],[9,18],[17,-2],[10,-13],[15,-4],[19,8],[8,10],[45,34],[33,13],[27,0],[28,-15],[15,-2],[13,5],[10,17],[-5,20],[-15,20],[5,11],[13,3],[13,-5],[6,-11],[-6,-21],[-1,-22],[4,-7],[26,-6],[19,5],[20,15],[20,8],[20,1],[20,-8],[11,-15],[6,-18],[19,3],[-2,11],[-10,9],[-4,11],[-22,21],[-1,23],[25,8],[19,-10],[22,-19],[20,0],[30,10],[12,8],[10,15],[2,27],[12,12],[11,4],[18,-3],[17,-10],[37,-6],[23,1],[22,9],[20,0],[29,-17],[13,12],[-20,14],[-28,7],[-12,18],[8,8],[21,-1],[15,-7],[16,-24],[15,-12],[15,-2],[25,12],[16,2],[20,-9],[16,16],[22,-7],[18,-23],[13,8],[-12,15],[-25,16],[-6,16],[18,11],[21,-9],[38,-33],[13,-6],[19,0],[8,14],[-21,24],[3,14],[12,10],[16,7],[21,14],[29,1],[19,-14],[20,3],[3,15],[-16,18],[6,19],[22,-1],[12,-10],[19,-27],[16,-6],[19,5],[5,11],[-3,11],[-9,9],[-53,22],[-13,14],[7,15],[21,8],[27,-3],[32,-14],[23,2],[10,8],[29,4],[7,14],[-20,14],[1,15],[10,9],[3,13],[-4,12],[15,6],[18,-4],[24,-15],[53,2],[31,-4],[33,0],[18,-4],[31,-16],[21,3],[1,23],[-12,12],[11,7],[22,-11],[33,0],[32,13],[21,4],[13,-3],[9,-9],[3,-12],[-6,-14],[-22,-20],[13,-13],[13,-4],[25,12],[12,30],[11,6],[22,1],[9,-8],[0,-12],[-17,-18],[-2,-9],[18,-3],[29,46],[8,25],[13,16],[14,0],[9,-11],[-5,-16],[6,-13],[15,-5],[42,8],[16,-12],[38,-9],[26,3],[23,-11],[14,-24],[4,-30],[23,-1],[43,8],[19,10],[80,65],[43,23],[68,30],[54,16],[19,10]],[[18584,9916],[7,-7],[9,-34],[1,-41],[11,-29],[-3,-20],[13,-14],[2,-10],[12,-4],[22,-19],[6,-18],[15,-15],[8,-20],[0,-45],[15,-26],[3,-9],[19,-9],[17,-27],[29,-5],[63,7],[14,-3],[17,4],[21,18],[14,2],[24,-9],[25,-30],[1,-22],[5,-15],[28,-32],[18,-3],[11,-7],[-9,-21],[4,-8],[18,-7],[2,-8],[-11,-31],[-5,-3],[8,-31],[21,-13],[1,-15],[30,-28],[7,-26],[0,-13],[11,-31],[11,-11],[22,-1],[22,-5],[18,-10],[29,-8],[15,-31],[28,-37],[4,-20],[-20,-14],[-4,-11],[-15,-26],[-29,-22],[-8,-9],[-30,-10],[-11,-10],[1,-13],[-5,-20],[5,-20],[-88,0],[-134,-88],[-48,-31],[-305,-199],[-217,-142],[-2,-90],[43,5],[8,19],[18,21],[18,6],[38,-7],[40,7],[17,6],[22,1],[9,-8],[-2,-17],[82,-18],[23,-1],[22,-5],[14,1],[15,14],[32,5],[15,-4],[3,-7],[29,-20],[15,-19],[-4,-14],[3,-20],[32,-19],[3,-8],[-4,-29],[-6,-19],[0,-15],[10,-14],[14,-4],[26,18],[31,5],[23,-7],[31,0],[7,-6],[20,-45],[9,-7],[25,0],[25,-18],[7,-8],[26,-16],[39,-14],[7,-10],[6,-23],[51,-17],[12,-6],[14,-15],[-1,-14],[14,-18],[20,-11],[5,-9],[18,-13],[7,-19],[35,-15],[23,0],[38,-25],[23,-9],[15,-11],[6,-14],[20,-20],[21,-16],[2,-12],[-20,-24],[-25,-13],[-7,-20],[7,-15],[-3,-14],[-8,-6],[0,-16],[30,-32],[2,-16],[9,-16],[3,-14],[13,-20],[18,-21],[22,-22],[13,-8],[12,0],[21,10],[20,3],[11,-4],[11,-17],[4,-31],[11,-24],[3,-27],[-29,-37],[-2,-17],[-7,-10],[-5,-21],[16,-6],[16,-20],[21,-9],[11,-12],[21,-8],[19,-34],[2,-15],[20,-40],[19,-17],[-4,-44],[7,-27],[20,-18],[11,-15],[4,-24],[14,-12],[19,-32],[4,-14],[34,-14],[11,-14],[-4,-27],[9,-19],[-1,-24],[-6,-13],[7,-16],[18,-4],[10,-7],[18,-31],[17,-22],[3,-19],[14,-23],[4,-17],[-5,-24],[-2,-41],[5,-11],[13,-11],[44,-13],[30,-34],[14,-42],[1,-15],[-11,-12],[-21,-3],[-11,-6],[-13,-17],[1,-11],[8,-22],[33,-24],[9,-20],[-11,2],[-382,-75],[-6,6],[12,25],[-2,23],[-7,4],[1,16],[-17,9],[4,17],[-4,13],[-15,7],[-28,6],[2,16],[-18,8],[-12,12],[-2,16],[-18,4],[6,14],[2,20],[21,-2],[4,6],[22,-11],[18,-3],[14,3],[7,9],[22,19],[16,4],[0,7],[-10,22],[5,4],[-2,15],[-11,14],[7,39],[10,7],[-4,20],[-17,3],[-4,19],[-14,15],[0,31],[8,13],[-11,18],[-3,27],[-18,8],[3,11],[-29,7],[-10,10],[-11,-5],[4,30],[12,3],[2,15],[-7,13],[-1,31],[12,4],[-4,11],[-12,5],[-1,16],[-12,13],[-2,11],[16,0],[-3,22],[-8,6],[6,10],[24,16],[-14,9],[4,14],[-15,3],[-23,-3],[-11,7],[1,11],[18,7],[-18,17],[-11,-1],[-12,19],[-20,6],[-18,1],[-14,8],[-7,15],[6,18],[-11,8],[-7,31],[-11,-7],[-23,-2],[-8,5],[-29,-2],[-20,12],[-3,-14],[-28,-13],[-15,0],[-13,18],[-13,28],[-10,3],[-6,29],[-9,11],[-21,12],[-3,15],[12,35],[-21,3],[-6,25],[15,19],[-2,12],[8,12],[-14,1],[-8,9],[3,20],[30,32],[15,11],[4,10],[-6,12],[-33,12],[-18,-5],[0,21],[-9,11],[4,12],[-6,10],[-21,5],[-22,15],[-28,-8],[-11,-7],[-1,-10],[-11,-11],[1,-11],[-22,4],[-15,-18],[-5,-16],[-21,3],[-23,-6],[-12,-9],[-10,7],[-33,0],[-17,-10],[-14,4],[-9,-10],[-26,-2],[-13,9],[-23,7],[-12,-9],[-1,-13],[-9,-10],[-1,-17],[11,-8],[0,-10],[10,-4],[-19,-25],[-13,-21],[-8,0],[-6,-26],[-18,-1],[-9,-7],[-11,4],[-10,-11],[6,-12],[-14,-8],[-2,-8],[-18,-7],[-17,-13],[-31,22],[-11,-8],[-21,-1],[-7,9],[-17,-1],[-32,4],[-1,17],[-33,5],[-13,5],[-26,1],[-4,-12],[4,-15],[-13,-6],[0,-9],[-30,-8],[-12,-9],[1,-11],[-12,-11],[-18,-8],[-10,-26],[-24,0],[-15,-10],[-22,-8],[-4,-14],[-21,-21],[-51,3],[-10,-6],[2,-12],[8,-3],[11,-19],[-22,-7],[13,-26],[0,-11],[-12,-8],[21,-7],[2,-12],[-35,15],[-21,4],[-11,8],[-19,7],[-20,-6],[-24,18],[-19,3],[-28,-17],[-15,-22],[-11,-2],[-15,9],[7,10],[-18,17],[7,15],[-10,6],[-22,29],[-1,11],[-16,-2],[-22,10],[-12,-4],[-17,16],[-7,21],[-19,14],[-3,9],[-17,8],[3,10],[-25,15],[-36,-12],[-25,17],[-10,18],[0,12],[-9,44],[-12,-9],[-1,-37],[-6,-16],[-17,-8],[5,-8],[-16,-24],[-13,-6],[-7,-13],[-18,-13],[2,-12],[-7,-10],[1,-12],[-7,-7],[-3,-15],[-17,-13],[-21,-27],[-12,-13],[13,-5],[1,-14],[48,5],[17,-4],[5,-9],[-8,-6],[-11,-29],[7,-15],[16,10],[9,-8],[22,0],[7,9],[26,-2],[21,-14],[-23,-35],[15,-9],[11,2],[8,13],[9,-5],[6,-14],[-168,0],[-303,-1],[-236,0],[-363,0],[-226,0],[-215,0],[-318,0],[-194,0],[-21,6],[-4,11],[-38,-3],[-10,7],[-16,-3],[-33,13],[-12,-11],[-35,21],[-19,-4],[-10,10],[-22,4],[-12,9],[-18,-2],[-41,-21],[-33,-6],[-22,-6],[-22,-21],[-13,2],[-7,-11],[-13,0],[-12,8],[-15,-14],[-19,14],[-33,2],[-17,-2],[-15,6],[-14,-3],[-52,-3],[-11,-7],[5,-11],[-37,-4],[-16,-19],[-41,5],[-6,-6],[-31,15],[-11,3],[-6,9],[-12,-4]],[[13043,8522],[19,-10],[3,-19],[15,-7],[52,-5],[10,11],[19,-5],[25,-27],[29,3],[23,12],[18,-11],[0,-19],[-23,-21],[23,-17],[19,2],[13,18],[5,22],[-21,13],[-6,9],[1,16],[8,6],[37,-8],[7,-5],[15,-42],[20,-22],[27,2],[1,17],[-18,24],[0,18],[11,3],[24,-12],[9,-9],[0,-13],[-11,-7],[-14,-18],[3,-8],[-8,-14],[18,-3],[27,27],[18,5],[21,11],[21,-1],[21,-19],[4,-16],[-7,-8],[-27,-10],[6,-9],[19,0],[35,9],[27,-1],[26,11],[31,23],[13,-5],[5,-12],[-6,-38],[16,-14],[12,2],[19,17],[19,30],[35,2],[11,12],[17,11],[4,22],[-5,9],[-29,18],[-8,15],[8,5],[26,-3],[17,-10],[4,-21],[0,-25],[22,-19],[21,11],[14,42],[22,5],[22,-9],[27,-19],[38,-14],[32,-19],[16,-2]],[[14634,7561],[-10,-1],[-24,-13],[-48,-9],[-5,-18],[-14,1],[-7,-14],[-20,-13],[-9,2],[-37,-6],[-6,11],[-17,5],[-40,-8],[1,-9],[-12,-7],[-5,11],[-21,-11],[-10,1],[-46,-5],[-12,2],[-11,-18],[-10,1],[-16,-11],[-24,0],[-14,-5],[-1,14],[-24,10],[-5,-11],[6,-12],[-20,0],[-3,11],[-11,5],[-26,-15],[-44,9],[0,-8],[-18,-4],[-13,4],[-10,-10],[13,-10],[-14,-10],[-19,5],[-12,-5],[-1,-16],[-26,1],[-19,8],[-37,-3],[-16,-9],[-7,-10],[-17,2],[-9,-9],[-19,1],[-22,7],[-14,-4],[-5,-11],[-10,-5],[-17,9],[-26,-13],[-3,-19],[-24,4],[-13,5],[-19,-8],[-11,4],[-26,-2],[-20,2],[-3,11],[-23,-7],[-1,10],[-36,4],[-7,-12],[-21,-3],[-4,12],[-12,9],[-13,-6],[-5,-12],[-25,6],[1,-9],[-24,4],[-15,-5],[-14,9],[-21,-3],[-11,8],[-16,-11],[-16,-3],[-5,13],[-21,4],[-20,-4],[0,-11],[-7,-13],[-15,-5],[9,-9],[-17,-7],[-7,4],[-13,-11],[-31,-17],[0,-5],[-34,-21],[-16,3],[-23,-23],[-24,-2],[-11,-7],[-27,-7],[-18,1],[-26,-11],[-25,4],[-23,-9],[-25,-18],[-47,0],[-3,-14],[-22,-7],[-4,-6],[-36,-6],[-54,-34],[0,-5],[-16,-16],[-22,-12],[-15,-14],[-13,-4],[-12,-15],[-22,-5],[-12,13],[-29,6],[-13,7],[-9,11],[-14,3],[-15,16],[-11,-9],[-14,-2],[-24,13],[-11,13],[-15,1],[-21,9],[-41,-2],[-8,-13],[3,-27],[8,-33],[13,-19],[-16,-33],[10,-16],[-4,-10],[8,-11],[-36,-34],[-17,-2],[-7,-11],[-20,-16],[1,-24],[-7,-14],[-8,-27],[-12,-8],[-1,-24],[-8,-1],[-32,-22],[-5,-12],[6,-6],[0,-29],[-9,-19],[-9,-9],[3,-13],[-11,-8],[-14,-4],[-5,-9],[2,-15],[-14,-20],[-15,-12],[3,-18],[-17,-6],[0,-21],[-27,-10],[4,-23],[10,-25],[-21,-12],[0,-17],[34,-8],[6,-9],[-6,-15],[25,-9],[6,-12],[6,-27],[22,-6],[19,-26],[-8,-7],[-20,-4],[-38,13],[-19,12],[0,14],[8,13],[-2,17],[-10,3],[-31,-9],[-1,-13],[28,-29],[-1,-9],[-16,-1],[-20,21],[-18,-8],[-2,-18],[-13,-7],[4,-21],[10,-4],[-29,-29],[9,-16],[-14,1],[-35,-9],[-9,-15],[-17,-11],[-14,-25],[-15,-12],[-28,-14],[-36,-3],[-6,15],[-11,0],[-19,9],[-30,-8],[-19,2],[-30,-28],[-12,0],[-7,-12],[-1,-14],[5,-11],[-11,-30],[-21,-13],[-27,-9],[-266,-189],[-112,-79]],[[15068,7122],[0,-163],[0,-191],[-1,-156],[0,-252],[12,3],[16,-2],[14,-14],[16,-4],[12,2],[13,10],[8,17],[29,15],[47,16],[37,-7],[24,13],[12,-2],[-8,-23],[3,-26],[48,-7],[10,13],[22,3],[16,7],[19,-5],[25,14],[22,1],[21,-9],[30,-19],[21,-3],[13,2],[24,-2],[32,0],[56,9],[15,-5],[30,1],[16,-4],[22,-1],[0,-15],[5,-12],[29,-10],[15,8],[10,15],[29,17],[5,15],[37,-9],[17,6],[18,-3],[22,7],[24,-15],[14,-15],[16,-3],[0,-7],[47,-1],[26,3],[-1,-14],[20,-10],[8,-9],[24,-13],[23,-26],[-31,-19],[-1,-6],[18,-7],[2,-6],[22,-5],[34,-12],[10,-10],[-5,-8],[-21,2],[-16,-10],[0,-14],[16,-17],[41,-24],[14,-3],[14,4],[7,-17],[-7,-21],[-8,-7],[-19,5],[-18,-8],[3,-12],[-4,-15],[24,-21],[-1,-12],[11,-16],[-3,-16],[-21,-13],[-20,5],[-23,-17],[0,-15],[11,-21],[32,-3],[15,-10],[20,-18],[20,-29],[16,-13],[5,-13],[-5,-11],[-10,-2],[-17,14],[-20,-1],[-17,10],[-19,-4],[-23,6],[-23,-8],[2,-9],[-13,-8],[7,-21],[-2,-11],[-18,5],[-23,-7],[-19,-2],[-12,8],[-16,-6],[-24,2],[-6,-5],[-35,10],[14,10],[-9,23],[8,13],[-21,0],[-33,-20],[-22,13],[-23,-20],[-7,-15],[-12,4],[-16,17],[-40,29],[-20,10],[-5,15],[-15,14],[-25,6],[-9,9],[5,14],[-22,3],[-16,6],[-12,20],[-29,-2],[-12,-11],[-18,-2],[-13,-14],[-10,3],[-32,-17],[3,-9],[-7,-16],[-37,2],[-15,-8],[-22,-16],[-19,-6],[3,-22],[-23,-2],[-7,-27],[-20,24],[-21,3],[-10,15],[-14,7],[-4,11],[-30,-1],[-2,5],[-29,-4],[1,-10],[-28,-5],[-19,-21],[-12,-22],[-30,-7],[-16,7],[-44,-22],[-8,-2],[-9,-12],[-15,-9],[-21,-2],[-8,13],[-14,5],[-19,-6],[-28,1],[-20,-11],[-7,6],[-31,-7],[-16,11],[-10,-7],[-20,11],[-8,-23],[-16,-8],[-10,-13],[-33,10],[-13,12],[-24,8],[-17,-3],[-11,-30],[-16,-7],[-22,-1],[-4,15],[-8,7],[-21,5],[-13,-4],[0,-155],[-1,-209],[0,-219],[0,-223],[7,-14],[-8,-10],[-5,-19],[-7,-2],[-17,-21],[10,-9],[10,-20],[32,-11],[15,-12],[16,-6],[30,-16],[6,-18],[15,-4],[10,-16],[14,-13],[24,-9],[11,-18],[16,-2],[5,-14],[31,-26],[24,-13],[21,-5],[4,7],[31,-5],[39,2],[8,-4],[16,-26],[-2,-12],[25,1],[49,-27],[20,2],[12,-9],[21,-10],[15,-13],[10,-19],[19,-7],[11,-9],[18,-6],[19,3],[24,-14],[46,-10],[18,-14],[5,-10],[47,-10],[6,-13],[-9,-28],[21,-10],[14,-14],[-6,-14],[2,-17],[-10,-20],[21,-6],[12,-20],[14,0],[0,-17],[18,-4],[-19,-13],[-1,-12],[-13,-5],[3,-14],[-14,-11],[-7,-11],[-15,-5],[4,-11],[-14,-8],[-9,-19],[-17,-2],[17,-31],[4,-14],[14,-1],[1,-13],[22,-15],[9,-12],[31,-7],[10,-15],[-25,-23],[16,-11],[25,-6],[4,-10],[34,-10],[-8,-13],[13,-9],[-7,-13],[-3,-25],[15,-6],[9,-10],[46,-19],[9,-9],[13,-2],[16,-11],[-7,-19],[12,-12],[19,-5],[20,4],[10,-27],[-5,-7],[-20,-2],[13,-13],[24,-17],[-7,-22],[-10,-3]],[[15754,12389],[19,4],[21,16],[33,0],[38,17],[27,5],[26,-15],[30,-49],[38,-4],[15,-7],[31,2],[16,-4],[20,0],[34,27],[8,19],[57,35],[42,3],[10,9],[11,21],[27,20],[33,3],[11,5],[8,12],[36,11],[42,5],[25,-10],[18,-23],[22,-3],[40,6],[15,-1],[16,-8],[45,-15],[27,1],[51,-11],[18,-1],[29,12],[45,3],[32,-10],[34,-29],[72,11],[31,-6],[34,1],[18,-6],[15,-19],[35,1],[37,-4],[34,16],[11,10],[32,15],[31,5],[43,-21],[29,2],[18,9],[17,22],[36,3],[22,5],[20,-1],[31,5],[31,-6],[23,4],[26,-4],[31,4],[38,-8],[44,-18],[26,-2],[28,4],[45,23],[17,14],[30,1],[42,12],[46,3],[25,12],[30,8],[22,3],[37,-4],[19,6],[20,1],[44,-12],[32,-24],[19,-7],[15,1],[34,12],[14,3],[30,-1],[24,14],[65,24],[37,33],[48,22],[27,15],[15,14],[20,9],[41,8],[23,-5],[45,-31],[21,-3],[33,7],[32,3],[26,-7],[35,-1],[21,-3],[54,-1],[12,1],[20,-4],[13,-8],[19,-17],[17,-6],[49,6],[14,-1],[21,-8],[37,-30],[60,-27],[29,-20],[1,-7],[-48,-30],[-10,-19],[-2,-25],[11,-17],[15,-14],[9,-24],[26,-27],[29,-17],[16,-7],[1,-12],[7,-9],[19,-13],[4,-18],[-14,-15],[-44,-14],[-31,-16],[-19,-22],[-44,-22],[-34,-11],[-30,-20],[-26,-27],[-10,-16],[-43,-25],[-14,-14],[-3,-17],[-16,-24],[-3,-20],[-15,-35],[-17,-16],[-3,-10],[-4,-46],[-5,-16],[1,-34],[11,-15],[3,-23],[14,-31],[0,-26],[30,-19],[5,-7],[-10,-23],[-19,-9],[-11,-25],[-3,-24],[-16,-13],[-27,-14],[-23,-16],[-30,-17],[-29,-4],[-24,-13],[-16,-17],[-42,-13],[-35,-20],[-47,-15],[-26,-23],[-35,-21],[-19,-21],[-3,-27],[7,-14],[26,-9],[13,-18],[-12,-28],[2,-18],[7,-8],[-2,-13],[-19,-16],[-7,-16],[-21,-32],[7,-14],[22,-19],[25,-31],[0,-22],[26,-13],[-6,-15],[-16,-16],[-3,-8],[2,-26],[-7,-36],[-9,-18],[-13,-11],[4,-49],[0,-29],[12,-20],[8,-30],[2,-40],[-7,-23],[0,-29],[4,-35],[7,-15],[3,-17],[-8,-18],[-32,-44],[-5,-12],[2,-36],[-4,-26],[12,-38],[-2,-9],[-24,-18],[-4,-18],[6,-8],[23,-15],[36,-10],[31,-20],[12,-16],[-10,-36],[17,-14],[23,-7],[2,-8],[-10,-10],[-5,-14],[4,-16],[13,-7],[12,-14],[3,-15],[-3,-10],[-16,-4],[-29,3],[-13,-5],[-8,-10],[-3,-15],[24,-46],[-12,-42],[2,-14],[18,-20],[16,-11],[1,-25],[12,-25],[44,-27],[14,-20],[17,-44],[7,-28],[18,-21]]],"transform":{"scale":[0.0006081229522754322,0.0008344842129263183],"translate":[-79.00906634921824,-4.229406466336059]},"objects":{"master_departamentos_inset":{"type":"GeometryCollection","geometries":[{"arcs":[[0,1,2,3,4,5,6,7]],"type":"Polygon","properties":{"divipola_dep":"05","divipola_dep_n":5,"dpto_nombre":"ANTIOQUIA","area_km2":62788.7331}},{"arcs":[[8,9,10]],"type":"Polygon","properties":{"divipola_dep":"08","divipola_dep_n":8,"dpto_nombre":"ATLÁNTICO","area_km2":3324.2958}},{"arcs":[[11,12,13,14]],"type":"Polygon","properties":{"divipola_dep":"11","divipola_dep_n":11,"dpto_nombre":"BOGOTÁ, D.C.","area_km2":1620.5408}},{"arcs":[[[-1,15,16,17,-9,18,19,20]],[[21]],[[22]],[[23]],[[24]]],"type":"MultiPolygon","properties":{"divipola_dep":"13","divipola_dep_n":13,"dpto_nombre":"BOLÍVAR","area_km2":26680.8064}},{"arcs":[[-3,25,26,27,28,29,30,31]],"type":"Polygon","properties":{"divipola_dep":"15","divipola_dep_n":15,"dpto_nombre":"BOYACÁ","area_km2":23073.397}},{"arcs":[[-4,-32,32,33,34]],"type":"Polygon","properties":{"divipola_dep":"17","divipola_dep_n":17,"dpto_nombre":"CALDAS","area_km2":7421.9384}},{"arcs":[[35,36,37,38,39,40,41]],"type":"Polygon","properties":{"divipola_dep":"18","divipola_dep_n":18,"dpto_nombre":"CAQUETÁ","area_km2":92708.9924}},{"arcs":[[-40,42,43,44,45,46,47]],"type":"Polygon","properties":{"divipola_dep":"19","divipola_dep_n":19,"dpto_nombre":"CAUCA","area_km2":31260.672}},{"arcs":[[-20,48,49,50,51,52]],"type":"Polygon","properties":{"divipola_dep":"20","divipola_dep_n":20,"dpto_nombre":"CESAR","area_km2":22497.9351}},{"arcs":[[-8,53,54,-16]],"type":"Polygon","properties":{"divipola_dep":"23","divipola_dep_n":23,"dpto_nombre":"CÓRDOBA","area_km2":25082.7301}},{"arcs":[[-12,-15,55,56,-33,-31,57]],"type":"Polygon","properties":{"divipola_dep":"25","divipola_dep_n":25,"dpto_nombre":"CUNDINAMARCA","area_km2":22343.4851}},{"arcs":[[-6,58,59,60]],"type":"Polygon","properties":{"divipola_dep":"27","divipola_dep_n":27,"dpto_nombre":"CHOCÓ","area_km2":48384.7982}},{"arcs":[[-14,61,-41,-48,62,-56]],"type":"Polygon","properties":{"divipola_dep":"41","divipola_dep_n":41,"dpto_nombre":"HUILA","area_km2":18137.1197}},{"arcs":[[-50,63,64]],"type":"Polygon","properties":{"divipola_dep":"44","divipola_dep_n":44,"dpto_nombre":"LA GUAJIRA","area_km2":20572.5198}},{"arcs":[[-11,65,-64,-49,-19]],"type":"Polygon","properties":{"divipola_dep":"47","divipola_dep_n":47,"dpto_nombre":"MAGDALENA","area_km2":23109.6572}},{"arcs":[[-13,-58,66,67,68,-42,-62]],"type":"Polygon","properties":{"divipola_dep":"50","divipola_dep_n":50,"dpto_nombre":"META","area_km2":82663.8223}},{"arcs":[[-44,69,70]],"type":"Polygon","properties":{"divipola_dep":"52","divipola_dep_n":52,"dpto_nombre":"NARIÑO","area_km2":31536.974}},{"arcs":[[-27,71,-52,72]],"type":"Polygon","properties":{"divipola_dep":"54","divipola_dep_n":54,"dpto_nombre":"NORTE DE SANTANDER","area_km2":21939.8366}},{"arcs":[[73,74,75]],"type":"Polygon","properties":{"divipola_dep":"63","divipola_dep_n":63,"dpto_nombre":"QUINDÍO","area_km2":1933.1591}},{"arcs":[[-5,-35,76,-74,77,-59]],"type":"Polygon","properties":{"divipola_dep":"66","divipola_dep_n":66,"dpto_nombre":"RISARALDA","area_km2":3556.4336}},{"arcs":[[-2,-21,-53,-72,-26]],"type":"Polygon","properties":{"divipola_dep":"68","divipola_dep_n":68,"dpto_nombre":"SANTANDER","area_km2":30436.3116}},{"arcs":[[-17,-55,78]],"type":"Polygon","properties":{"divipola_dep":"70","divipola_dep_n":70,"dpto_nombre":"SUCRE","area_km2":10585.9129}},{"arcs":[[-34,-57,-63,-47,79,-75,-77]],"type":"Polygon","properties":{"divipola_dep":"73","divipola_dep_n":73,"dpto_nombre":"TOLIMA","area_km2":24128.102}},{"arcs":[[[-46,80,-60,-78,-76,-80]],[[81]]],"type":"MultiPolygon","properties":{"divipola_dep":"76","divipola_dep_n":76,"dpto_nombre":"VALLE DEL CAUCA","area_km2":20677.3686}},{"arcs":[[-29,82,83,84]],"type":"Polygon","properties":{"divipola_dep":"81","divipola_dep_n":81,"dpto_nombre":"ARAUCA","area_km2":23773.1287}},{"arcs":[[-30,-85,85,-67]],"type":"Polygon","properties":{"divipola_dep":"85","divipola_dep_n":85,"dpto_nombre":"CASANARE","area_km2":44267.0097}},{"arcs":[[-39,86,87,-70,-43]],"type":"Polygon","properties":{"divipola_dep":"86","divipola_dep_n":86,"dpto_nombre":"PUTUMAYO","area_km2":25974.525}},{"arcs":[[[88]],[[89]],[[90]],[[91]],[[92]]],"type":"MultiPolygon","properties":{"divipola_dep":"88","divipola_dep_n":88,"dpto_nombre":"ARCHIPIÉLAGO DE SAN ANDRÉS, PROVIDENCIA Y SANTA CATALINA","area_km2":49.5886}},{"arcs":[[-38,93,94,-87]],"type":"Polygon","properties":{"divipola_dep":"91","divipola_dep_n":91,"dpto_nombre":"AMAZONAS","area_km2":109174.8285}},{"arcs":[[95,96,97,98]],"type":"Polygon","properties":{"divipola_dep":"94","divipola_dep_n":94,"dpto_nombre":"GUAINÍA","area_km2":70953.4223}},{"arcs":[[-36,-69,99,-97,100]],"type":"Polygon","properties":{"divipola_dep":"95","divipola_dep_n":95,"dpto_nombre":"GUAVIARE","area_km2":55403.3636}},{"arcs":[[-37,-101,-96,101,-94]],"type":"Polygon","properties":{"divipola_dep":"97","divipola_dep_n":97,"dpto_nombre":"VAUPÉS","area_km2":53109.3379}},{"arcs":[[-68,-86,-84,102,-98,-100]],"type":"Polygon","properties":{"divipola_dep":"99","divipola_dep_n":99,"dpto_nombre":"VICHADA","area_km2":99632.7208}}]}}}