{"type":"Topology","arcs":[[[46379,70525],[43,-9],[20,-26],[7,-13],[26,-13],[-5,-9],[38,-29],[3,-15],[-9,-41],[-3,-26],[6,-6],[31,-7],[20,-15],[13,-4],[24,-17],[13,-22],[1,-18],[7,-26],[24,-23],[20,-15],[0,-22],[10,-18],[18,-15],[20,-4],[1,-6],[20,-8],[24,-22],[11,-15],[15,-1],[28,19],[11,2],[10,-7],[12,4],[7,10],[-3,11],[8,11],[16,-10],[18,-8],[15,0],[18,-5],[42,-23],[24,-22],[16,-11],[9,-1],[38,12],[18,0],[21,-11],[5,-19],[10,-11],[-3,-12],[6,-24],[12,-18],[16,-11],[2,-7],[19,-7],[16,11],[10,2],[20,-20],[-1,-11],[10,-18],[25,-13],[23,-5],[14,3],[8,15],[38,-4],[17,-8],[8,-15],[19,-12],[13,-3],[11,-11],[3,-11],[20,-9],[23,0],[11,-28],[14,-22],[16,-16],[-6,-17],[9,-19],[19,-7],[26,-4],[12,-12],[17,2],[6,-9],[28,-9],[9,-9],[22,9],[14,20],[17,4],[40,-15],[36,0],[20,-26],[5,-30],[-3,-11],[12,-17],[0,-20],[13,-7],[15,0],[24,-6],[27,-14],[35,9],[26,22],[17,1],[-10,-22],[19,-26],[15,-9],[9,-14],[0,-25],[4,-16],[16,-28],[20,-18],[4,-29],[44,-21],[19,-15],[17,-16],[2,-37],[21,-16],[7,-13],[0,-12],[13,-19],[28,-8],[21,-32],[25,-12],[12,-21],[1,-14],[8,-14],[12,-9],[19,-5],[16,-15],[29,-32],[42,-2],[15,-13],[5,-18],[-2,-21],[9,-21],[3,-20],[-5,-11],[0,-23],[3,-11],[0,-26],[-3,-7],[5,-17],[9,-9],[13,-6],[17,-1],[34,-13],[18,-23],[9,-7],[13,-28],[-16,-21],[-1,-24],[-10,-52],[8,-26],[3,-45],[-4,-44],[-14,-21],[-2,-25],[-14,-14],[0,-39],[4,-32],[-1,-15],[12,-24],[10,-11],[5,-15],[22,-29],[8,-20],[8,-33],[-2,-36],[1,-36],[-18,-26],[-10,-9],[-20,-26],[-2,-25],[-4,-22],[22,-12],[42,13],[15,-10],[-1,-27],[3,-39],[10,-33],[2,-22],[-4,-10],[-2,-44],[4,-18],[2,-31],[9,-25],[8,-43],[-4,-10],[9,-5],[2,-14],[10,-13],[21,-3],[9,-17],[1,-14],[15,-9],[12,-18],[30,10],[32,2],[11,-2],[0,-10],[10,-13],[0,-7],[41,2],[20,-7],[10,-16],[-10,-12],[-3,-22],[-8,-11],[4,-30],[5,-8],[1,-42],[-29,-6],[-17,-6],[-28,-17],[-9,-9],[-13,-1],[-29,8],[-12,7],[-11,-3],[-29,0],[-33,6],[-26,-3],[-35,-7],[-9,-6],[-6,-15],[-29,-9],[-49,-1],[-21,-10],[-13,-17],[-10,-8],[-29,-15],[-17,-27],[-2,-13],[-24,-12],[-26,-19],[-25,-5],[-37,-15],[-2,-12],[-12,-12],[-8,-17],[-1,-52],[-4,-10],[-7,-60],[3,-10],[13,-13],[8,-19],[-2,-31],[-17,-20],[-8,-18],[-4,-50],[7,-8],[-1,-17],[-24,-29],[-5,-12],[1,-40],[4,-4],[0,-52],[-4,-10],[1,-28],[5,-6],[17,-53],[1,-26],[-5,-11],[-14,-13],[-2,-8],[0,-51],[12,-28],[-17,-23],[-21,-5],[-77,-1],[-9,-1],[-24,-18],[0,-33],[-18,-35],[1,-48],[13,-20],[20,-8],[0,-19],[-54,-54],[-15,-23],[-3,-18],[1,-21],[5,-10],[14,-6],[2,-9],[19,-29],[21,-25],[4,-14],[16,11],[21,7],[7,-15],[-2,-12],[-17,-19],[7,-9],[24,-14],[8,-16],[30,-9],[17,-9],[15,-1],[45,14],[13,-19],[2,-30],[5,-10],[0,-23],[9,-22],[25,-2],[22,-5],[26,-10],[26,-32],[16,-10],[51,-21],[17,-25],[7,-6],[24,-30],[17,-11],[26,-8],[17,-8],[17,-26],[9,-10],[30,-19],[13,-15],[5,-16],[2,-28],[8,-16],[25,-27],[39,-59],[13,-13],[22,-6],[31,1],[24,4],[29,0],[31,8],[26,11],[15,25],[-4,41],[8,13],[51,15],[26,4],[23,7],[9,34],[10,21],[8,10],[21,9],[44,8],[15,-5],[40,1],[29,7],[21,15],[23,27],[38,62],[5,13],[-2,21],[-16,41],[-1,17],[2,33],[13,57],[5,15],[6,36],[-7,2],[-43,-2],[-20,3],[4,13],[24,31],[9,8],[16,27],[14,30],[16,4],[33,-4],[27,1],[38,11],[20,2],[43,8],[42,10],[12,5],[21,20],[22,46],[2,9],[36,-7],[20,-12],[13,2],[27,-28],[7,-34],[19,-21],[17,-5],[9,7],[20,-2],[17,-6],[11,1],[23,-14],[25,1],[13,-19],[18,-5],[17,-12],[8,-23],[23,-9],[13,-15],[13,-27],[-14,-9],[-7,-14],[-18,-16],[-17,1],[-8,-8],[4,-22],[-6,-11],[-32,-22],[-11,-11],[-19,-9],[-8,-30],[-8,-6],[-17,1],[-8,-9],[-8,-24],[-12,-21],[-18,-15],[-14,1],[-19,-4],[-13,-8],[-2,-8],[-26,-15],[-2,-15],[4,-20],[-16,-11],[-11,-20],[-14,-7],[-11,-16],[-16,-2],[-14,-19],[-3,-9],[3,-34],[-5,-17],[-18,3],[-20,-5],[-17,-14],[-9,-3],[-24,2],[-13,-10],[3,-10],[-7,-16],[-15,-16],[-27,-11],[-13,-13],[3,-23],[-11,-11],[-14,-24],[-4,-19],[5,-8],[-8,-32],[5,-11],[-8,-9],[8,-21],[5,-21],[-7,-1],[8,-18],[12,3],[-3,-15],[16,-1],[12,-6],[-1,-22],[22,-28],[28,1],[9,-12],[-14,-15],[9,-6],[-5,-17],[-9,-9],[8,-8],[-11,-10],[12,-12],[-8,-11],[9,-29],[0,-19],[-16,-12],[-1,-18],[9,-28],[-9,-19],[-14,-3],[-25,-24],[-1,-23],[-12,-19],[6,-28],[-11,-32],[-4,-21],[-11,-18],[-26,-20],[7,-14],[-8,-10],[4,-9],[-25,-14],[0,-23],[18,-14],[10,-16],[-6,-20],[-13,1],[-7,-14],[-14,-15],[13,-10],[-3,-14],[1,-17],[-6,-4],[24,-29],[13,3],[25,-2],[8,-46],[-2,-13],[14,-10],[1,-30],[12,0],[14,12],[6,-6],[1,-27],[7,-2],[15,-18],[-6,-15],[21,-8],[10,-12],[-5,-6],[14,-19],[10,-37],[15,-6],[6,-12],[11,-8],[-1,-21],[5,-12],[-5,-8],[4,-22],[30,-25],[11,-6],[4,-16],[6,-9],[-11,-9],[-9,-13],[7,-16],[10,-3],[-3,-19],[-11,-12],[12,-4],[6,-17],[-23,-6],[5,-8],[-3,-23],[13,-14],[1,-9],[17,-15],[6,-13],[17,10],[8,-34],[16,11],[23,0],[14,8],[2,-13],[10,-20],[12,-11],[-6,-19],[4,-14],[-6,-28],[4,-20],[-9,-8],[1,-15],[17,-36],[-9,-79],[-6,-15],[-5,-23],[4,-20],[-10,-8],[-1,-10],[8,-18],[5,-17],[-18,-14],[-3,-8],[10,-12],[-7,-7],[3,-31],[28,10],[31,-1],[13,-5],[24,3],[9,4],[17,-5],[12,5],[35,-10],[9,18],[40,28],[16,-2],[11,-12],[2,-15],[25,-18],[4,-25],[9,-2],[17,6],[13,-3],[1,-8],[-13,-8],[5,-15],[22,-9],[14,15],[20,8],[37,4],[19,9],[7,-13],[24,-10],[12,4],[6,10],[-3,16],[10,10],[11,0],[16,7],[19,13],[29,-1],[13,-11],[15,0],[57,-8],[8,-24],[54,-3],[16,-10],[20,3],[257,199],[374,278],[235,176],[257,191],[322,241],[341,256],[430,321]],[[52523,65393],[-11,-52],[-30,-50],[-13,-34],[-5,-23],[-1,-36],[3,-31],[12,-18],[3,-17],[14,-44],[1,-13],[-4,-32],[-13,-20],[0,-67],[-18,-63],[-9,-14],[-30,-33],[-20,-44],[-18,-20],[-15,-31],[0,-32],[5,-29],[35,-45],[9,-25],[6,-46],[-1,-41],[-5,-33],[-12,-31],[0,-44],[14,-33],[12,-22],[26,-24],[46,-35],[42,-55],[87,-63],[29,-14],[14,-10],[-8,-6],[29,-32],[11,-16],[4,-17],[-3,-45],[15,-93],[15,-52],[-3,-14],[1,-30],[16,-27],[2,-8],[-1,-40],[-5,-15],[-24,-46],[-37,-45],[-45,-47],[-48,-41],[-56,-41],[-15,-13],[-21,-7],[-20,0],[-15,-3],[-19,-14],[-23,-32],[-26,-19],[-11,-6],[-44,-2],[-44,-14],[-50,-27],[-45,-18],[-76,-45],[-89,-37],[-22,-15],[-47,-44],[-12,-9],[-14,-4],[-31,-2],[-29,-19],[-19,-20],[-22,-30],[-12,-24],[-6,-22],[-24,-28],[-28,-25],[-38,-27],[-42,-33],[-50,-33],[-30,-8],[-50,-38],[-36,-33],[-26,-40],[-32,-27],[-32,-17],[-11,-14],[-3,-62],[-4,-22],[-9,-18],[-22,-29],[-35,-41],[-37,-37],[-7,-29],[-20,-17],[-15,-28],[-25,-33],[-17,-19],[-13,-20],[-22,-17],[-12,-18],[1,-16],[-4,-13],[-24,-8],[-21,-18],[-25,-6],[-13,-8],[-37,-18],[-30,1],[-24,9],[-11,-3],[-29,-26],[-50,-56],[-9,-14],[-26,-21],[-32,-4],[-23,-6],[-28,-17],[-20,-27],[-16,-8],[-74,-21],[-30,-6],[-36,11],[-31,2],[-21,-1],[-48,-13],[-36,-13],[-29,-15],[-12,-9],[-43,-18],[-16,-14],[-14,-20],[-33,-23],[-19,-18],[-14,-19],[-19,-36],[-20,-30],[-23,-29],[-13,-11],[-31,-15],[-42,-11],[-22,-19],[-24,-15],[-17,-6],[-51,-7],[-60,-26],[-38,-8],[-35,-4],[-20,0],[-35,-7],[-18,-13],[-17,-19],[-18,-39],[-55,-62],[-13,-8],[-13,2],[-20,12],[-22,10],[-50,4],[-69,-3],[-22,-6],[-36,-36],[-19,-21],[-21,-12],[-47,-14],[-14,-11],[-20,-32],[-31,-40],[-16,-12],[-23,-10],[-41,-12],[-36,-21],[-14,-14],[-14,-28],[1,-26],[7,-34],[14,-15],[18,-30],[0,-13],[-5,-23],[-13,-38],[-7,-32],[-1,-38],[18,-31],[9,-55],[26,-62],[15,-29],[14,-30],[4,-20],[1,-24],[-3,-26],[-17,-32],[-50,-61],[-4,-15],[1,-22],[11,-21],[22,-32],[13,-45],[5,-10],[43,-47],[15,-13],[58,-43],[39,-26],[28,-43],[7,-20],[1,-17],[-5,-16],[-11,-19],[-13,-16],[-36,-28],[-50,-23],[-30,-17],[-47,-6],[-55,-1],[-58,5],[-29,-4],[-14,-4],[-20,-13],[-16,-20],[-34,-25],[-27,-34],[-24,-16],[-13,-12],[-7,-44],[-18,-26],[-5,-13],[1,-25],[-9,-28],[-4,-39],[-10,-26],[-15,-22],[-34,-28],[-11,-12],[-36,-33],[-28,-22],[-26,-14],[-14,-11],[-16,-6],[-35,-8],[-31,-14],[-66,-49],[-17,-11],[-14,-23],[-10,-11],[-28,-16],[-40,-9],[-35,-17],[-37,-31],[-33,-15]],[[48421,59595],[-49,-22],[-38,-31],[-9,-18],[-20,-62],[-13,-21],[-45,-49],[-42,-33],[-20,-10],[-40,-42],[-18,-25],[-21,-16],[-5,-13],[4,-18],[10,-5],[6,-13],[-6,-40],[-19,-45],[-30,-28],[-17,-41],[-11,-21],[-19,-23],[-17,-34],[-15,-13],[-39,-22],[-15,-19],[-7,-16],[-8,-32],[-7,-18],[-19,-20],[-22,-16],[-14,-31],[-7,-37],[4,-15],[12,-25],[36,-46],[41,-31],[38,-41],[24,-31],[27,-29],[27,-18],[29,-14],[64,-8],[33,-17],[5,-15],[-3,-12],[-15,-28],[-35,-92],[-16,-53],[-2,-48],[9,-42],[14,-37],[6,-23],[14,-28],[11,-29],[6,-26],[-10,-46],[-12,-21],[-20,-18],[-30,-13],[-35,-9],[-50,-1],[-27,7],[-11,10],[-16,1],[-16,-9],[-17,-14],[-30,-5],[-47,-44],[-13,-20],[-2,-23],[5,-19],[10,-19],[10,-7],[10,-16],[-6,-33],[1,-21],[11,-17],[30,-23],[19,-32],[17,-18],[16,-5],[27,2],[24,-10],[7,-13],[6,-38],[6,-28],[-2,-23],[-7,-36],[-19,-34],[-15,-13],[-42,-13],[-68,-5],[-38,-11],[-21,-10],[-25,-16],[-32,-15],[-66,-54],[-28,-37],[-13,-36],[-28,-50],[-20,-57],[-26,-46],[-5,-27],[2,-25],[12,-26],[17,-61],[-4,-25],[-8,-23],[-10,-40],[-19,-37],[-51,-46],[-8,-11],[-10,-23],[-1,-11],[-9,-11]],[[47491,56729],[-28,-2],[-8,2],[-13,22],[-18,10],[-17,19],[-12,8],[-40,0],[-23,-9],[-31,-25],[-33,-10],[-57,-3],[-13,3],[-16,10],[-22,-6],[-1,-16],[4,-22],[10,-38],[-11,-23],[-10,1],[-23,19],[-8,-1],[-10,-11],[0,-27],[-7,-14],[-26,-19],[-5,-9],[-2,-28],[13,-34],[4,-25],[-3,-27],[-10,-13],[-14,-11],[-26,-24],[4,-10],[21,-14],[-1,-21],[-14,-14],[-20,13],[-23,1],[-18,-14],[0,-13],[10,-9],[-1,-9],[-68,-7],[-24,-9],[-15,10],[-17,3],[-33,-7],[-14,12],[-14,-4],[-5,-13],[-15,-17],[-5,-19],[-18,-3],[-27,9],[-14,8],[-11,12],[-17,7],[-47,0],[-15,9],[-29,25],[-14,0],[-35,-19],[-15,3],[-4,11],[-17,20],[-4,16],[-6,10],[-12,2],[-30,-7],[-20,0],[-15,5],[-25,15],[-17,5],[-16,22],[-18,16],[3,31],[-10,18],[-14,7],[2,19],[-5,10],[-18,12],[-9,11],[-26,-1],[-18,13],[-19,4],[-29,17],[-67,16],[-37,-1],[-15,4],[-38,-5],[-11,-5],[-23,-25],[-18,-14],[-26,2],[-18,-4],[-34,-1],[-17,-12],[-26,-4],[-38,-1],[-15,-4],[-16,5],[-20,-10],[-23,-2],[-22,2],[-15,-3],[-22,3],[-15,-4],[-15,-9],[-33,-29],[-17,-6],[-18,3],[-16,-4],[-36,-30],[-59,-4],[-48,-15],[-19,-10],[-24,3],[-42,11],[-24,0],[-20,-8],[-38,-3],[-6,-5],[3,-18],[12,-18],[0,-12],[-11,-7],[-21,-4],[-27,-15],[-8,-20],[-1,-26],[-24,-38],[-14,-7],[-7,-15],[-15,-10],[-18,-6],[-18,-11],[-46,-4],[-24,-7],[-15,-9],[-11,-18],[-15,-10],[-53,-14],[-33,-26],[-22,-10],[-12,4],[-13,20],[-11,4],[-16,-2],[-29,3],[-9,-6],[-14,6],[-20,-5],[-7,-11],[-20,-12],[-17,-17],[-25,-8],[-9,11],[-19,7],[-30,7],[-9,-2],[-27,-29],[-17,-3],[-1,-19],[-14,-7],[0,-19],[-6,-13],[-15,-12],[12,-14],[-3,-14],[13,-9],[-2,-16],[17,-11],[14,-23],[-7,-18],[6,-25],[17,-24],[-10,-24],[-9,-6],[-19,-5],[-9,-8],[8,-13],[-1,-16],[16,6],[24,-10],[0,-11],[11,-15],[-4,-15],[-14,-3],[-12,-24],[5,-24],[-21,-18],[-8,-11],[-11,2],[-13,-9],[-9,0],[-6,-12],[-14,-19],[-18,1],[-5,-16],[-13,10],[-25,-10],[-2,-19],[-8,-14],[-32,0],[-7,-7],[2,-16],[-11,-14],[-28,-9],[-13,-13],[-17,-12],[-9,-13],[-3,-16],[-10,-8],[-3,-22],[12,-22],[-1,-12],[-17,-11],[-2,-15],[-10,-21],[-12,-8],[-11,1],[-14,7],[-30,2],[-10,8],[-20,0],[-15,-5],[-14,3],[-31,-14],[-36,2],[-26,-9],[-55,-11],[-14,-6],[-13,2],[-34,-19],[-24,-8],[-37,3],[-33,-11],[-11,-8],[-13,-26],[-17,-21],[-20,-12],[-16,7],[-16,-3],[-12,-9],[-15,0],[-19,-10],[-7,-23],[-22,-9],[-16,-24],[-20,-19],[-14,-24],[-6,-25],[-17,-12],[-6,-16],[-16,-17],[-15,-33],[-15,-19],[-42,-21],[-8,-10],[-1,-13],[-18,-17],[-7,-13],[3,-10],[-21,-30],[-14,-16],[-27,-38],[-13,-13],[-24,-33],[-45,-44],[-18,1],[-17,31],[2,23],[8,30],[4,23],[-9,11],[-21,16],[-9,16],[0,17],[-9,12],[6,31],[-9,10],[-1,11],[23,39],[8,39],[-2,14],[-41,-21],[-18,15],[-37,-2],[-28,-25],[-21,-24],[-20,10],[-43,-15],[-8,-11],[-14,-11],[-4,17],[-8,19],[3,11],[10,8],[-2,8],[17,18],[-8,10],[15,30],[-13,16],[-12,-2],[-2,10],[12,7],[1,18],[-4,9],[7,38],[5,7],[-4,12],[11,11],[2,11],[15,5],[-5,16],[-20,7],[-4,30],[-8,5],[-23,4],[-12,-3],[-8,13],[-15,18],[-20,4],[-8,9],[7,15],[-3,9],[-15,19],[8,8],[-3,17],[3,9],[14,5],[3,12],[-36,11],[-2,19],[-8,17],[5,12],[19,4],[14,10],[2,17],[-14,27],[-22,13],[-14,14],[-21,7],[4,8],[-10,10],[-3,47],[-9,14],[-3,13],[-15,3],[-14,10],[2,14],[10,5],[7,24],[16,4],[4,8],[-1,36],[-18,13],[-11,-11],[-26,-3],[-24,-9],[-14,9],[-19,1],[-4,-5],[-19,3],[-21,-8],[-13,2],[-14,8],[-24,34],[-18,-2],[-17,11],[-16,20],[-4,18],[-23,18],[-7,14],[2,25],[16,8],[13,2],[13,17],[22,6],[11,13],[3,10],[21,15],[-4,35],[-3,10],[11,38],[-9,16],[-5,22],[-22,17],[-10,17],[-5,27],[-9,13],[-18,4],[-8,7],[-10,-3],[-13,4],[-22,-2],[-19,5],[-15,-2],[-25,5],[-20,18],[-13,7],[-36,-4],[-14,20],[-5,17],[-22,38],[-13,3],[-11,8],[-14,-2],[-12,6],[-19,-6],[-21,0],[-22,3],[-15,-14],[-21,-13],[-22,1],[-17,-18],[0,-10],[-12,-7],[-14,3],[-5,-9],[-23,-3],[-12,1],[-29,-12],[-15,-14],[-10,-16],[-14,-9],[-6,-16],[-42,-27],[-13,-2],[-23,2],[-19,-8],[-7,-8],[-12,-3],[-8,11],[-17,14],[-22,5],[-7,8],[-7,22],[-10,14],[-32,14],[-47,15],[-14,14],[-16,-2],[-7,-11],[5,-12],[-18,1],[-9,5],[-11,16],[-44,31],[-8,22],[-8,8],[-30,-12],[-9,7],[-20,-4],[-18,-23],[-7,-1],[-22,14],[4,21],[-19,7],[-13,15],[-2,15],[-14,15],[-10,23],[12,19],[12,5],[-9,25],[-12,16],[-37,3],[-18,15],[-18,6],[-29,-2],[-20,4],[-21,-10],[-29,10],[-12,-10],[-10,0],[-25,20],[-14,17],[-29,6],[-12,7],[-17,16],[-29,5],[-50,11],[-9,-58],[7,-17],[-5,-25],[1,-17],[4,-7],[21,-14],[3,-11],[-15,-29],[-6,-34],[-8,-20],[1,-18],[5,-37],[7,-16],[-12,-18],[17,-16],[31,-12],[25,-12],[47,-8],[18,-8],[26,-3],[7,-4],[12,-29],[-7,-14],[-17,-14],[-25,-14],[-15,-2],[-17,-8],[4,-7],[-6,-9],[-16,-7],[-14,-32],[-4,-23],[14,-31],[12,-4],[12,-23],[1,-12],[9,-26],[-9,-17],[0,-24],[8,-12],[7,-21],[9,-13],[3,-18],[-10,-23],[3,-14],[4,-45],[8,-7],[1,-13],[7,-14],[10,-9],[4,-14],[-8,-11],[14,-30],[-13,-55],[6,-35],[-2,-17],[2,-35],[16,-23],[17,-10],[14,-22],[-6,-29],[6,-54],[-1,-14],[-12,-13],[-37,-19],[-11,-9],[-6,10],[-18,7],[-56,-3],[-8,9],[-31,-10],[-14,13],[-20,3],[-33,30],[-20,2],[-7,7],[-17,3],[-7,12],[-21,12],[-10,-3],[-21,-13],[-7,-9],[-34,-12],[-51,3],[-11,13],[-20,8],[-25,5],[-36,-1],[-32,-7],[-8,-15],[-12,-9],[-26,3],[-5,9],[-12,5],[-6,-5],[-46,11],[-21,-5],[-31,-12],[-21,-16],[-10,-4],[-10,-13],[-17,-8],[-17,1],[-11,13],[-2,11],[-12,20],[-15,4],[-22,14],[-17,8],[-4,16],[-17,17],[-3,10],[-20,2],[-6,5],[-3,19],[-29,18],[-28,20],[-21,4],[-14,22],[-25,12],[-19,24],[-4,11],[-18,-7],[-23,-22],[-36,-18],[-23,-16],[-49,-4],[-16,3],[-33,-9],[-25,-11],[-14,-4],[-6,-29],[-15,-8],[-21,-23],[-9,-2],[-29,16],[-23,-1],[-17,6],[-17,-4],[-19,-15],[-26,-33],[-21,-14],[-20,-23],[-30,-12],[-14,-12],[-9,-18],[-4,-18],[-8,-5],[-34,-1],[-26,-7],[-10,-20],[-30,-35],[-18,-37],[-17,-13],[-11,-16],[-18,-11],[-13,1],[-40,11],[-36,3],[-30,5],[-23,13],[-13,34],[-16,19],[-21,12],[-16,-4],[-13,-20],[-2,-16],[-8,-8],[0,-21],[-7,-21]],[[39411,55150],[-45,1],[-16,-13],[-24,-12],[-20,-15],[-36,-4],[-9,5],[-39,-6],[-9,-5],[-18,-1],[-34,-9],[-7,9],[-6,18],[-17,14],[-47,10],[-12,15],[-29,9],[-15,30],[-16,23],[-18,11],[-7,9],[5,11],[-39,12],[-32,-1],[-44,-4],[-41,0],[-26,-16],[-16,-5],[-20,35],[-45,5],[-18,7],[-14,12],[-22,3],[-36,14],[-8,9],[-10,25],[-17,21],[-4,31],[4,19],[-26,3],[-25,15],[-19,3],[-6,16],[-14,28],[-6,38],[5,12],[-6,15],[-30,12],[-8,8],[-6,22]],[[38463,55589],[1,19],[13,16],[3,11],[1,31],[-13,37],[-26,22],[7,16],[36,23],[25,7],[-2,14],[-20,28],[-12,22],[0,19],[15,20],[1,19],[-8,11],[-28,16],[-8,13],[-1,13],[-19,3],[-23,10],[-29,16],[-12,27],[-18,17],[-33,20],[-29,26],[-24,2],[-33,12],[-39,27],[-26,15],[-81,31],[-5,5],[4,22],[-10,8],[-27,8],[-18,25],[-22,15],[-29,9],[-24,17],[-10,15],[8,13],[12,36],[14,26],[13,13],[-2,21],[27,26],[19,8],[17,17],[5,25],[20,12],[26,20],[2,10],[-8,7],[-15,40],[-30,31],[5,16],[16,11],[16,19],[15,4],[9,21],[4,18],[-15,7],[-9,12],[-5,21],[-9,0],[-23,-8],[-11,-12],[-13,-1],[-15,10],[-9,10],[-22,7],[2,17],[16,5],[16,15],[7,20],[16,10],[8,12],[-3,7],[-31,14],[-25,16],[-16,16],[-15,8],[-12,17],[3,10],[24,13],[5,12],[2,43],[-15,29],[13,16],[-30,21],[-9,18],[-53,28],[-11,3],[-17,18],[2,25],[-3,11],[4,70],[28,30],[10,17],[5,17],[34,27],[11,24],[13,14],[11,20],[-1,25],[5,13],[9,1],[15,15],[26,11],[24,-4],[24,0],[11,5],[29,-9],[11,33],[20,19],[-9,20],[0,25],[10,51],[-14,13],[-7,32],[-10,11],[1,20],[19,7],[17,13],[10,12],[-4,38],[-9,23],[-1,16],[8,11],[24,18],[1,8],[-16,15],[-17,11],[-22,6],[-23,15],[-28,7],[-5,8],[1,30],[5,15],[0,45],[-26,15],[-3,19],[-17,5],[-41,19],[-21,1],[-14,-8],[-18,19],[-9,28],[0,26],[-25,15],[-26,3],[-12,11],[-16,26],[-12,32],[-16,18],[-29,-2],[-10,12],[-19,6],[-36,-9],[-21,2],[-12,-10],[-5,-35],[-5,-9],[-25,-20],[-4,-17],[-16,-24],[-28,2],[-32,-4],[-15,-9],[-11,0],[-30,29],[-29,1],[-16,9],[-13,-6],[-12,0],[-26,17],[-11,3],[-21,38],[-19,10],[-11,10],[5,28],[12,19],[-5,17],[-11,14],[2,24],[-3,17],[-14,29],[-14,12],[-31,8],[-12,7],[-13,23],[-30,22],[-14,19],[-1,33],[-13,25],[-12,42],[-9,17],[-3,46],[-1,55],[11,26],[0,17],[-12,29],[-12,13],[-7,15],[-10,35],[0,24],[-8,44],[5,19],[12,13],[0,10],[-28,24],[-6,17],[12,14],[15,28],[4,26],[-9,14],[-36,13],[-16,2],[-21,9],[0,27],[-9,13],[14,16],[15,1],[-1,23],[7,19],[-30,20],[-24,-4],[-41,3],[-13,11],[3,18],[-17,17],[-32,26],[-16,19],[-5,12],[-14,13],[-50,-14],[-10,-7],[-25,-2],[-19,5],[-9,6],[-9,16],[-19,4],[-13,-1],[-27,-10],[-38,-27],[-25,-7],[-10,-7],[-8,-13],[-14,-11],[-26,-12],[-17,-4],[-13,4],[-39,30],[-19,7],[-40,-5],[-54,0],[-51,12],[-20,0],[-41,4],[-10,-6],[-8,-15],[-13,-12],[-26,-4],[-27,6],[-24,-5],[-59,-1],[-39,-12],[-38,-8],[-38,0],[-21,4],[-43,1],[-47,-8],[-33,-3],[-43,-20],[-60,-14],[-11,-10],[-12,-21],[0,-34],[-4,-10],[-14,-12],[-25,-14],[-33,-11],[-39,4],[-28,-1],[-15,3],[-39,15],[-13,0],[-17,-6],[-40,0],[-13,2],[-23,10],[-46,18],[-13,6],[-35,10],[-20,-4],[-17,-9],[-16,-18],[5,-60],[-46,0],[-7,4],[-5,14],[-41,32],[-35,18],[-38,11],[-25,-3],[-27,0],[-24,7],[-39,24],[-13,3],[-19,-1],[-21,-10],[-42,-2],[-29,6],[-45,2],[-16,-4],[-52,1],[-48,10],[-22,6],[-28,13],[-25,16],[-42,0],[-19,5],[-16,10],[-4,25],[-13,-4],[-5,-12],[-10,-9],[-16,-6],[-9,7],[-38,-13],[-12,7],[0,9],[-19,16],[-23,-3],[-52,-25],[-19,0],[-18,-4],[-16,-23],[-18,-3],[-24,5],[-9,-14],[-11,-8],[-12,3],[-10,-6],[-19,-22],[-17,1],[-13,-6],[-17,-29],[-18,-4],[-24,12],[-15,0],[-28,16],[-25,-2],[-29,-13],[-22,7],[-13,-12],[-18,23],[-11,2],[-7,-20],[-16,15],[-17,-2],[-29,-16],[14,-7],[-16,-10],[-8,-23],[-13,-8],[-15,3],[-6,22],[-28,-16],[-12,5],[-33,20],[-19,7],[-65,8],[-19,5],[-14,9],[-15,28],[4,29],[6,10],[18,14],[14,16],[1,15],[-11,11],[-26,10],[-12,15],[-2,22],[2,16],[25,54],[-2,12],[-16,15],[-33,12],[-11,11],[-1,15],[25,60],[-12,3],[-24,-5],[-27,3],[-48,22],[-31,10],[-23,11],[-55,38],[-16,19],[-7,15],[-2,17],[4,11],[32,39],[31,26],[7,19],[-3,14],[-20,19],[-15,9],[-29,5],[-74,-4],[-50,5],[-19,8],[-14,10],[-14,21],[-5,24],[0,17],[12,43],[-1,11],[-21,34],[-24,21],[-4,14],[4,16],[17,11],[15,2],[33,-4],[10,2],[7,10],[-1,11],[-19,25],[-14,10],[-54,15],[-2,14],[6,31],[13,27],[12,12],[16,9],[26,8],[22,5],[19,9],[17,19],[1,11],[-9,22],[-11,8],[-46,7],[-16,4],[-21,12],[-5,7],[1,17],[17,21],[22,5],[19,-1],[35,-13],[18,-3],[21,9],[12,19],[5,28],[-3,14],[-9,16],[-20,16],[-42,18],[-48,24],[-33,13],[-26,12],[-18,22],[-6,26],[3,13],[9,16],[14,7],[25,4],[13,-1],[59,-20],[35,-2],[19,5],[28,18],[14,20],[8,22],[-3,13],[-19,23],[-15,9],[-28,-1],[-11,-5],[-38,-23],[-33,-12],[-19,-1],[-19,2],[-18,6],[-21,16],[-5,8],[1,31],[8,26],[9,17],[18,16],[39,24],[15,17],[7,12],[1,16],[-8,37],[2,10],[16,4],[17,-15],[2,-27],[11,-14],[16,-4],[22,3],[18,29],[2,7],[-4,29],[-9,14],[-23,20],[-34,35],[-32,16],[-45,13],[-22,12],[-19,25],[-15,27],[-12,12],[-11,3],[-24,-5],[-8,-5],[-40,-55],[-19,-35],[-16,-14],[-10,-4],[-14,1],[-9,13],[1,31],[-5,32],[-9,25],[2,43],[20,38],[6,28],[-12,11],[-45,-4],[-16,-7],[-42,-22],[-20,-4],[-17,14],[-24,46],[-14,45],[-6,54],[-6,38],[-6,19],[-11,20],[-25,19],[-32,20],[-20,16],[-11,5],[-34,3],[-15,-4],[-19,-10],[-17,-15],[-20,-29],[-11,-11],[-18,0],[-13,6],[-32,35],[-24,20],[-6,20],[-17,24],[-4,20],[0,25],[4,13],[18,32],[32,50],[16,18],[31,13],[25,4],[29,0],[22,-3],[26,-7],[12,0],[26,7],[18,12],[15,26],[1,23],[-7,15],[-12,13],[-29,16],[-31,9],[-39,8],[-41,-5],[-85,-24],[-49,-3],[-17,3],[-18,9],[-15,13],[-21,33],[-2,20],[14,32],[15,14],[58,41],[23,29],[7,22],[-12,22],[-19,17],[-18,12],[-18,1],[-24,-9],[-22,-17],[-28,-29],[-10,-14],[-10,-26],[-3,-17],[-9,-20],[-23,-12],[-42,12],[-30,13],[-17,19],[-5,28],[-1,38],[-6,27],[-5,37],[9,40],[-2,11],[-13,-5],[-19,-28],[-30,-23],[-18,-6],[-24,-4],[-33,7],[-15,8],[-13,13],[-6,13],[0,14],[7,17],[11,9],[19,7],[34,1],[18,7],[24,22],[14,21],[11,26],[14,13],[55,23],[-8,34],[-9,17],[-20,19],[-22,9],[-17,3],[-47,-7],[-20,0],[-16,8],[-15,20],[-7,30],[-6,14],[-27,25],[-13,19],[5,26],[22,47],[8,26],[1,14],[-5,27],[-12,32],[-5,30],[6,21],[10,13],[31,30],[3,13],[-13,11],[-19,2],[-28,-1],[-24,7],[-12,10],[-6,15],[0,15],[7,36],[14,18],[59,18],[22,3],[24,1],[72,-8],[42,-19],[21,-3],[18,11],[8,19],[7,36],[22,36],[20,45],[21,30],[23,15],[19,2],[-12,-16],[16,1],[20,-11],[12,-2],[16,-13],[42,-23],[-16,-14],[15,-17],[3,10],[12,6],[11,13],[3,19],[31,5],[16,14],[-2,8],[11,16],[21,18],[24,6],[16,16],[15,-1],[17,-12],[21,-10],[16,-15],[33,-7],[12,11],[21,4],[20,-4],[11,-7],[10,-13],[3,-24],[8,-17],[23,-11],[32,-5],[22,-9],[16,-11],[12,9],[-11,29],[7,12],[27,8],[33,-5],[36,-17],[15,3],[6,15],[-1,27],[-8,17],[-26,21],[-18,12],[-27,7],[-14,8],[-1,8],[10,14],[12,5],[58,-6],[62,9],[21,11],[18,4],[19,-5],[28,-1],[31,19],[12,15],[6,17],[27,27],[8,12],[0,15],[-13,39],[-4,21],[-28,16],[-16,16],[-10,18],[-5,17],[5,34],[-10,44],[-2,30],[-4,23],[2,15],[8,25],[-1,17],[-15,25],[-4,47],[-6,4],[-18,-4],[-16,2],[-13,6],[-13,22],[-1,28],[-6,17],[-14,10],[-24,1],[-16,-6],[-13,-11],[-14,-19],[-17,-11],[-13,-2],[-11,12],[3,9],[13,13],[22,19],[15,28],[13,19],[0,20],[-5,7],[-15,4],[-22,-9],[-10,-11],[-20,-12],[-6,10],[12,17],[1,16],[-14,24],[-3,22],[-7,7],[-39,-11],[-29,6],[15,21],[38,41],[30,19],[36,16],[338,47],[456,64],[45,-5],[24,-7],[50,0],[31,-9],[34,18],[18,18],[4,11],[19,-5],[20,-31],[28,-6],[20,-9],[20,-4],[19,-14],[9,-1],[22,-23],[3,-12],[45,-15],[17,9],[9,14],[23,9],[22,5],[27,-2],[18,9],[13,-3],[32,-12],[35,15],[26,-8],[25,-33],[18,-4],[6,-21],[14,-23],[15,18],[18,13],[5,20],[16,16],[23,-12],[6,-15],[8,-32],[0,-17],[8,-10],[8,-22],[12,-10],[5,-23],[-3,-12],[7,-13],[28,-4],[17,-7],[25,2],[9,-9],[14,3],[4,11],[12,13],[22,8],[6,18],[17,1],[49,27],[14,18],[24,24],[8,19],[7,30],[-13,10],[-11,22],[28,23],[15,23],[3,16],[11,7],[14,19],[3,21],[21,21],[-6,38],[0,25],[26,24],[10,36],[-13,15],[-23,15],[-12,2],[-6,14],[17,29],[33,30],[9,4],[-8,22],[3,21],[-3,34],[20,25],[36,7],[-9,8],[-2,28],[6,11],[36,16],[24,1],[8,23],[16,22],[6,24],[8,16],[2,29],[-6,20],[10,30],[10,5],[25,-14],[32,-1],[7,-2],[3,-16],[20,-10],[18,-1],[22,8],[15,0],[1,14],[-24,23],[-16,24],[-29,14],[-6,11],[-9,27],[-7,7],[15,16],[-7,14],[-7,2],[-8,24],[1,20],[-17,10],[-1,14],[-13,13],[0,20],[-13,12],[0,13],[-12,12],[8,10],[-3,9],[12,7],[-6,11],[1,13],[14,6],[-11,15],[-19,3],[8,15],[-5,6],[-31,17],[-5,8],[10,9],[-7,19],[-13,21],[-8,5],[-9,36],[2,15],[-30,23],[-11,0],[5,23],[-7,7],[4,13],[-15,18],[-2,24],[-13,20],[-15,35],[-1,9],[-18,12],[-18,30],[-4,-6],[7,-12],[1,-14],[-13,-9],[-17,14],[-14,16],[-16,-16],[-21,9],[-7,21],[-16,2],[-11,15],[-9,3],[-9,12],[-11,-2],[-19,13],[-23,22],[-8,3],[-24,36],[-10,33],[-3,17],[-35,51],[-26,18],[-6,18],[-16,-4],[-18,-17],[3,-9],[-10,-12],[-15,4],[9,14],[-4,10],[-16,1],[-13,-8],[-4,21],[-12,0],[-6,-9],[-15,-3],[-16,14],[-5,14],[-24,5],[-13,-5],[-7,10],[18,5],[5,10],[-18,8],[-26,-12],[-12,3],[-19,-3],[-11,3],[-2,17],[-13,1],[-185,485],[-103,269],[-322,240],[-280,209],[-341,254],[-131,37],[-31,18],[-496,0],[-247,14],[-47,26],[-18,25],[0,21],[-10,15],[-11,29],[-5,26],[-18,36],[-15,46],[-29,53],[2,19],[-11,22],[-15,11],[-234,140],[-41,27],[-241,188],[-199,175],[-318,279],[-19,3],[-16,9],[-10,14],[-5,19],[-2,17],[1,62],[-6,31],[-18,57],[-4,24],[4,11],[18,20],[19,5],[32,-10],[64,-34],[12,-6],[41,-3],[29,10],[26,18],[23,25],[31,53],[18,18],[36,12],[59,4],[25,5],[29,15],[27,26],[25,32],[22,22],[39,29],[32,20],[37,33],[19,27],[14,32],[15,62],[14,43],[28,51],[12,19],[14,30],[10,31],[2,16],[-3,19],[-9,11],[-25,16],[-25,24],[4,12],[19,7],[63,3],[33,10],[19,18],[6,13],[-3,23],[-30,42],[-5,18],[3,71],[9,50],[5,19],[28,67],[9,37],[7,17],[14,25],[10,12],[28,24],[12,7],[24,6],[44,0],[38,-1],[37,9],[40,20],[35,27],[24,21],[25,25],[44,54],[12,20],[5,29],[-4,17],[-15,34],[-3,60],[-7,27],[-9,12],[-21,9],[-19,4],[-9,14],[3,34],[-3,17],[-14,31],[-13,38],[-3,24],[6,40],[4,80],[5,37],[12,41],[8,50],[8,23],[-9,5],[-12,20],[-21,26],[-37,30],[-30,20],[-7,10],[-15,50],[-5,11],[-33,85],[-26,57],[-8,37],[-2,21],[3,55],[-6,44]],[[31940,70839],[39,6],[55,0],[27,-1],[81,-16],[30,-10],[15,-13],[-17,-6],[-22,22],[-8,-1],[-5,-22],[-8,0],[-4,-16],[-9,-18],[-4,-31],[-14,-2],[-1,12],[-9,7],[-24,-7],[-11,0],[-8,14],[3,20],[-13,4],[-14,-10],[9,-26],[-2,-30],[-10,-15],[3,-9],[19,-14],[4,-26],[-9,-26],[0,-22],[-4,-3],[19,-62],[10,-15],[5,-26],[13,-13],[-1,-13],[10,-22],[15,-15],[40,-5],[12,13],[16,-2],[17,-29],[16,0],[14,7],[6,19],[10,6],[4,10],[11,9],[-2,35],[9,11],[-29,13],[-9,7],[-1,14],[-20,20],[-2,14],[40,-11],[12,-16],[29,-1],[21,-12],[8,6],[-10,15],[-16,-2],[-14,12],[19,5],[20,-3],[10,-16],[-5,-18],[-14,-22],[-14,-16],[25,-15],[19,14],[26,8],[23,-5],[24,-12],[15,-14],[-2,-5],[-25,5],[5,13],[-21,4],[-6,-7],[-21,-1],[-8,5],[-19,-10],[33,-16],[-3,-14],[-12,4],[-4,12],[-11,-1],[-10,7],[-10,-5],[-2,-29],[17,7],[19,-1],[13,-16],[17,-5],[42,-2],[14,-9],[-6,-15],[-23,4],[-38,-8],[-14,7],[-16,-2],[14,-32],[-24,0],[-19,17],[-20,-8],[-15,-19],[25,-11],[9,-18],[10,-6],[-21,-13],[-17,-15],[-14,1],[-7,6],[1,31],[-7,4],[-13,-5],[-15,10],[-17,-1],[-3,-12],[12,-17],[-20,-5],[8,-32],[-16,-14],[-4,-11],[-21,-24],[-6,-16],[8,-19],[-2,-28],[-11,-8],[-9,-32],[5,-21],[10,-15],[28,-19],[35,-11],[32,-24],[12,-14],[-13,-13],[11,-19],[-4,-10],[-18,-3],[-8,-10],[32,0],[-9,-15],[9,-6],[18,-28],[19,-6],[20,2],[29,8],[34,17],[34,11],[16,10],[19,7],[24,5],[15,7],[15,19],[11,23],[49,22],[11,10],[1,17],[-6,26],[-13,33],[-25,15],[4,5],[49,-7],[26,-8],[20,-1],[40,5],[33,11],[59,9],[43,4],[74,12],[51,14],[4,-8],[-12,-15],[27,9],[56,9],[24,-2],[33,-16],[1,-14],[-40,-5],[-29,-14],[-8,-12],[-12,2],[-27,-11],[-20,5],[-16,-23],[-37,9],[-27,-10],[-17,-11],[-15,7],[-14,-9],[7,-26],[-25,-10],[8,-13],[23,-20],[-14,-12],[19,-13],[26,-28],[-18,-6],[-10,12],[-19,-18],[-7,-11],[24,-27],[18,-8],[14,6],[14,-2],[11,10],[41,10],[-6,21],[39,-15],[42,8],[17,0],[-22,-18],[-4,-11],[-21,-5],[-5,-14],[-15,-9],[-6,-21],[-12,-3],[-17,12],[-21,-6],[-12,-21],[-26,-7],[-22,0],[-13,-6],[-15,1],[-25,-5],[-10,-13],[-36,9],[-5,-2],[-10,-18],[-21,3],[-13,-14],[1,-12],[28,-2],[5,14],[11,-13],[-6,-15],[15,-16],[13,2],[10,8],[37,-7],[10,4],[10,-3],[6,-11],[37,2],[11,-4],[36,0],[13,-14],[16,-10],[10,-13],[20,-10],[-25,-1],[-3,-11],[18,-11],[-10,-11],[-11,-2],[0,-10],[-14,-4],[-6,6],[2,20],[-10,17],[-20,-14],[-28,12],[9,8],[-30,22],[-24,11],[-30,1],[-18,-5],[-61,-7],[-12,-5],[5,-13],[0,-19],[12,-8],[8,10],[4,21],[9,-4],[0,-15],[7,-24],[22,-11],[24,3],[0,-24],[-4,-5],[-21,6],[6,-17],[16,-10],[20,2],[34,-17],[16,-1],[3,-25],[32,-6],[14,-9],[32,1],[7,-9],[4,-20],[-9,-6],[-19,-3],[-35,-12],[-23,11],[2,13],[-34,14],[-33,0],[-13,-2],[-25,-11],[-17,1],[14,23],[-26,9],[-7,-11],[-25,-15],[-21,-2],[2,43],[-5,14],[-30,39],[-28,28],[-22,8],[-24,4],[-71,1],[-24,-3],[-49,-19],[-11,-7],[-8,-16],[-23,-32],[4,-28],[-18,8],[-20,-9],[-11,-13],[-3,-27],[-10,-17],[13,-31],[-13,-21],[-14,-11],[23,-4],[16,-13],[9,-17],[9,-5],[-12,-17],[-15,-7],[-21,-22],[-3,-12],[1,-20],[-7,-19],[8,-18],[-7,-42],[3,-19],[-14,-47],[-3,-33],[-7,-13],[-6,-35],[1,-19],[8,-36],[1,-15],[19,-26],[5,-10],[37,-51],[70,-32],[35,-8],[42,-4],[98,-24],[48,-6],[61,-3],[17,-2],[25,-16],[16,15],[24,4],[42,-3],[85,-3],[69,-1],[86,1],[22,3],[105,7],[114,16],[75,14],[78,27],[41,26],[15,14],[8,40],[-18,28],[-18,7],[-7,9],[-18,13],[-28,12],[-15,16],[34,-13],[17,11],[13,-4],[6,-11],[15,-3],[20,3],[31,17],[17,18],[2,12],[-9,14],[-19,15],[-8,12],[-4,16],[6,14],[27,16],[53,36],[21,19],[18,27],[6,25],[-9,16],[-5,21],[-20,45],[-7,6],[-20,3],[-6,8],[-2,24],[-23,5],[-12,-6],[-9,14],[-14,-3],[-3,12],[16,12],[-7,9],[4,16],[-25,26],[12,2],[18,-11],[27,15],[20,-5],[43,35],[9,13],[0,10],[-50,30],[-3,10],[18,1],[-5,10],[-29,11],[13,6],[32,-10],[14,-2],[9,-12],[34,-1],[23,12],[9,12],[5,28],[15,31],[-1,12],[4,38],[-7,14],[-36,42],[7,20],[-8,17],[-18,29],[-15,5],[-11,18],[-9,2],[-9,-14],[-15,24],[-15,12],[-13,-25],[7,-10],[14,-33],[1,-17],[-5,-6],[8,-14],[0,-12],[-18,-27],[-10,6],[-13,-10],[-28,-3],[1,16],[16,38],[-1,8],[-12,13],[10,18],[-8,16],[3,40],[9,28],[14,9],[-3,30],[1,15],[-5,32],[-12,24],[-18,4],[-8,-7],[-7,-14],[4,-7],[-18,-7],[-23,26],[-19,12],[-16,2],[-8,-4],[-5,-16],[-14,14],[-8,22],[24,11],[45,38],[19,21],[20,24],[18,32],[18,51],[9,46],[4,47],[-7,32],[-11,18],[-9,24],[-6,5],[-6,44],[-14,26],[-8,10],[0,38],[-9,10],[-8,69],[-18,15],[-3,11],[2,20],[-6,28],[2,27],[-5,25],[-9,18],[-18,20],[-1,20],[-8,20],[-17,14],[-27,9],[-30,14],[-5,6],[-14,31],[-1,17],[16,25],[47,104],[37,71],[22,55],[9,31],[5,25],[3,67],[-2,20],[-16,38],[-12,13],[-21,15],[5,15],[-1,21],[11,50],[3,30],[-1,8],[6,58],[0,29],[-3,35],[-9,40],[-12,24],[-12,14],[-23,20],[-13,29],[-35,28],[-38,4],[-34,-4],[-25,4],[-5,28],[-14,23],[-23,27],[-5,39],[-4,18],[-16,56],[-3,16],[-18,25],[-14,38],[-24,33],[-14,23],[-48,52],[-52,44],[-37,25],[-53,30],[-22,10],[-68,26],[-195,58],[-96,22],[-26,11],[-34,20],[-20,3],[-19,7],[-7,8],[-14,5],[-13,-1],[-2,9],[-21,10],[12,39],[-3,5],[-24,-4],[-21,-19],[-17,10],[-17,-11],[-13,7],[-7,11],[-30,14],[1,-14],[17,-28],[6,-13],[19,-22],[9,-4],[7,-11],[11,-3],[13,-19],[30,21],[19,20],[16,-3],[7,4],[14,-4],[9,-10],[-44,-6],[-26,-15],[-24,-10],[-23,-5],[-9,2],[-51,57],[-16,32],[-1,16],[-8,40],[7,17],[7,8],[61,40],[79,45],[51,28],[39,26],[23,16],[41,39],[23,28],[17,29],[5,16],[-8,10],[-1,22],[6,15],[-3,14],[6,11],[-2,34],[7,6],[135,4],[15,2],[40,0],[71,5],[174,19],[148,18],[94,15],[38,7],[132,27],[80,20],[43,4],[12,4],[107,17],[59,8],[97,19],[34,9],[21,3],[60,17],[36,8],[73,27],[27,7],[52,19],[34,14],[31,18],[13,18],[3,14],[13,11],[3,12],[41,35],[1,18],[6,12],[0,10],[-10,22],[-14,21],[-9,23],[-16,3],[-3,6],[23,6],[27,14],[34,34],[9,22],[-1,26],[-7,7],[-22,1],[5,10],[62,12],[73,17],[11,6],[5,18],[28,6],[46,6],[37,9],[52,8],[16,11],[25,4],[76,25],[44,13],[106,39],[32,14],[23,12],[81,38],[33,21],[26,19],[10,1],[4,15],[-6,36],[2,14],[11,10],[-3,17],[9,22],[0,11],[24,16],[36,14],[28,14],[37,16],[32,17],[6,11],[17,7],[14,12],[2,12],[13,14],[67,29],[71,29],[42,22],[83,32],[26,13],[3,5],[28,12],[26,14],[4,7],[31,15],[29,26],[27,37],[0,8],[11,14],[-1,7]],[[35746,74349],[218,-452],[-20,-20],[-6,-13],[-11,-13],[-19,-14],[-43,-13],[-25,-10],[-55,-59],[-51,-37],[-25,-27],[-3,-17],[17,-18],[7,-15],[22,-10],[13,0],[12,-7],[49,3],[14,-3],[30,-24],[12,-4],[28,-19],[30,-25],[46,-30],[36,-16],[31,-27],[2,-35],[30,-30],[8,-21],[3,-17],[13,-21],[18,-15],[8,-18],[1,-58],[14,-28],[13,-11],[4,-19],[11,-35],[1,-24],[-3,-26],[-7,-13],[19,-17],[7,-14],[6,-29],[7,-11],[-2,-18],[33,8],[13,7],[8,12],[28,16],[13,13],[21,15],[18,9],[46,13],[32,2],[7,-13],[28,-3],[37,-8],[23,-14],[9,3],[1,13],[20,3],[21,-11],[16,-1],[6,-8],[17,-4],[31,1],[-7,-26],[40,-8],[25,-16],[11,1],[34,-8],[-9,-20],[-2,-16],[-7,-25],[-7,-10],[8,-22],[19,-15],[7,-12],[16,-5],[36,-1],[36,-24],[6,-12],[-4,-18],[-10,-8],[-9,-17],[-5,-56],[-8,-10],[-27,-5],[-10,-19],[-26,-15],[29,-18],[13,-5],[26,-18],[33,-17],[29,-3],[14,-8],[23,5],[21,-5],[31,2],[48,8],[20,-3],[4,-8],[-3,-13],[-1,-35],[-8,-9],[-22,-8],[-32,-4],[-24,4],[-11,-6],[0,-17],[6,-21],[15,-17],[21,-14],[12,-4],[1,-17],[6,-10],[22,-14],[10,-14],[20,-14],[12,-13],[12,-3],[8,-8],[3,-16],[35,-25],[1,-72],[4,-11],[-3,-22],[6,-11],[-3,-32],[0,-32],[-3,-24],[1,-40],[-4,-29],[-16,-19],[-2,-37],[-5,-18],[-12,-25],[-10,-17],[0,-16],[-6,-11],[-7,-34],[17,-17],[19,-15],[7,-20],[-6,-9],[9,-16],[24,-14],[20,-4],[14,-18],[23,7],[19,-8],[22,-38],[27,-37],[7,-17],[15,-16],[26,-22],[12,-4],[2,-21],[-23,-19],[-19,-4],[-32,0],[-25,-6],[-31,-21],[-40,0],[-45,-7],[-37,-10],[-13,-13],[-32,-2],[-14,-5],[-12,-12],[-14,-5],[-4,-8],[-15,-8],[-9,-14],[-16,-14],[-38,0],[-7,-8],[-35,-20],[-7,-16],[-27,-12],[-21,-12],[-28,-8],[-18,-10],[-29,-21],[-2,-11],[-25,-28],[-33,-22],[-27,-28],[-19,-26],[-12,-11],[-13,-4],[-8,-12],[-10,-24],[-28,-39],[-26,-11],[-12,0],[-20,-11],[-1,-19],[11,-23],[10,-12],[5,-17],[-19,-21],[-4,-9],[-3,-28],[2,-22],[-31,-5],[-19,-15],[-2,-13],[-17,-21],[1,-12],[-9,-13],[-18,-11],[-18,-2],[-27,-20],[-5,-16],[0,-35],[4,-12],[-12,-10],[-16,-31],[-3,-12],[3,-16],[-38,-25],[3,-45],[-9,-4],[-14,-30],[-16,-16],[-21,-37],[-3,-17],[-30,-11],[-26,-32],[-3,-23],[-10,-29],[-3,-18],[3,-43],[5,-20],[20,-44],[29,-18],[27,-23],[22,-26],[37,-26],[9,-15],[0,-9],[-28,-21],[-24,7],[-65,35],[-12,-4],[-6,-19],[-11,-20],[-9,-7],[-21,-1],[-29,11],[-37,28],[-7,-1],[-20,-18],[-6,-19],[3,-24],[-2,-30],[-13,-80],[-7,-64],[-17,-14],[-42,-14],[-58,-6],[-63,-19],[0,-6],[-27,-7],[-19,-1],[4,-13],[1,-34],[10,-19],[-12,-15],[0,-18],[-6,-5],[5,-15],[-3,-27],[-17,-3],[-20,-14],[-22,8],[-12,14],[-23,-4],[-12,-7],[7,-10],[1,-26],[-9,-10],[0,-11],[6,-10],[-8,-15],[-25,-1],[-6,-14],[2,-16],[10,-26],[-10,-26],[12,-12],[2,-21],[-11,-13],[22,-14],[20,-21],[0,-16],[-26,-25],[-8,-14],[3,-7],[32,-17],[28,-7],[10,-8],[27,-15],[8,-19],[-17,-36],[-13,-60],[-6,-44],[1,-43],[-1,-66],[1,-18],[8,-31],[-2,-6],[-20,-10],[-16,-1],[-12,-6],[2,-18],[11,-43],[3,-31],[9,-42],[-6,-27],[-16,-15],[10,-15],[0,-28],[-30,-23],[-9,-2],[-39,8],[-37,-23],[-11,-22],[-15,-18],[-23,-24],[-3,-17],[-15,-17],[-2,-18],[5,-19],[-12,-13],[-25,-2],[-19,-11],[-30,-3],[-14,-8],[-10,-15],[-3,-13],[1,-15],[-4,-26],[8,-9],[1,-18],[-13,-20],[-2,-24],[5,-5],[-21,-28],[-15,-14],[-21,-15],[-25,-55],[-17,-19],[-9,-29],[12,-31],[2,-13],[-30,-55],[7,-11],[0,-17],[-4,-31],[8,-20],[1,-38],[9,-23],[0,-11],[-16,-54],[-4,-52],[-30,-6],[-26,-18],[-8,-10],[-25,-13],[3,-45],[15,-36],[10,-11],[10,-18],[4,-42],[-6,-32],[18,-12],[6,-18],[-10,-22],[-1,-23],[9,-13],[0,-21],[6,-34],[11,-15],[-16,-35],[-5,-56],[-12,-62],[-10,-22],[-14,-10],[-10,-22],[0,-15],[5,-13],[17,-21],[-1,-22],[-9,-11],[-34,-27],[-25,-38],[-2,-10],[2,-19],[-15,-24],[-35,-11],[-13,-24],[0,-8],[24,-22],[0,-23],[-14,-18],[-15,-33],[-8,-13],[-5,-24],[28,-24],[9,-16],[17,-49],[2,-16],[31,-77],[13,-9],[46,-18],[5,-11],[-5,-21],[-10,-13],[19,-7],[20,-16],[26,7],[23,-5],[9,-5],[4,-12],[20,-17],[-3,-16],[7,-9],[9,-35],[13,-5],[13,-15],[29,0],[25,-8],[9,-44],[14,-15],[22,-7],[13,-11],[10,-14],[-4,-21],[1,-14],[-4,-15],[9,-20],[-21,-15],[-4,-10],[7,-7],[38,-7],[27,-11],[10,-24],[14,-21],[18,-10],[6,-11],[-8,-11],[6,-16],[-2,-12],[7,-6],[-1,-15],[20,-7],[13,-10],[8,-12],[31,-20],[1,-10],[21,-25],[4,-9],[-8,-28],[0,-16],[18,-27],[16,-13],[8,-21],[11,-22],[12,-14],[11,-6],[36,-4],[30,-9],[8,-15],[26,-22],[8,-10],[21,-15],[25,-27],[26,-19],[14,-8],[21,-3],[456,-32],[542,-38],[302,-21],[543,-39],[337,-23],[323,-23],[601,-42],[492,-35],[-5,24],[3,15],[28,25],[18,34],[35,39],[-3,15],[-7,12],[-2,18],[3,38],[-5,18],[11,26],[3,18],[11,30],[13,19],[4,13],[36,13],[7,1],[21,14],[15,15],[0,7],[-18,23],[-3,9],[-15,11],[-25,4],[-5,8],[1,33],[26,28],[-10,23],[3,10],[20,6],[45,4],[25,14],[15,1],[14,-7],[32,0],[20,10],[23,17],[9,14],[23,8],[22,31],[4,25],[-5,26],[-3,24],[5,15],[10,19],[17,12],[14,18],[-8,38],[20,20],[10,16],[18,16],[2,6],[-19,11],[-23,8],[-20,19],[-19,21],[13,8],[34,32],[12,8],[0,7],[12,9],[38,1],[18,11],[10,21],[-11,20],[-25,14],[-2,22],[-12,22],[-14,12],[14,10],[7,20],[-5,9],[9,12],[-5,30],[-5,8],[3,25],[36,9],[11,9],[11,24],[8,3],[9,16],[11,10],[1,13],[-8,24],[-1,15],[7,12],[-10,14],[1,9],[-10,8],[-12,28],[3,16],[27,7],[8,11],[33,15],[21,18],[2,15],[20,0],[20,-6],[21,-3],[23,-16],[7,-19],[8,-8],[13,-4],[17,-13],[29,-32],[30,-27],[19,-14],[21,-9],[17,-16],[22,-16],[37,4],[17,0],[42,-6],[26,14],[43,10],[31,-10],[14,9],[16,45],[9,14],[43,13],[21,-21],[38,-6],[19,-5],[38,3],[16,-9],[0,-14],[12,-8],[22,-8],[36,4],[14,-8],[28,-4],[7,-7],[21,2],[18,-3],[54,-2],[29,6],[27,13],[39,-2],[23,23],[3,20],[-12,36],[11,15],[16,3],[15,-3],[14,2],[16,8],[18,14],[7,12],[13,9],[19,4],[25,14],[28,20],[20,31],[14,15],[17,0],[13,6],[22,0],[35,-11],[18,2],[16,17],[8,30],[-14,20],[-7,19],[-23,14],[4,8],[35,1],[25,8],[2,13],[-16,16],[-7,25],[6,19],[9,14],[-2,20],[-10,16],[13,25],[26,24],[36,15],[4,25],[7,8],[21,7],[11,25],[-2,12],[-23,10],[-2,17],[3,10],[22,25],[-6,23],[-15,17],[-4,31],[14,14],[0,11],[14,21],[20,11],[81,2],[39,-12],[23,-15],[44,-11],[23,2],[25,15],[48,45],[20,29],[13,47],[23,21],[8,20],[2,27],[-8,22],[3,39],[15,43],[18,22],[31,12],[38,22],[20,14],[30,32],[17,36],[3,32],[-12,33],[-21,21],[-17,9],[-33,25],[-7,11],[3,30],[22,20],[21,13],[12,12],[32,-14],[50,-12],[22,-17],[17,-9],[38,-26],[28,-10],[19,-2],[37,8],[25,23],[13,39],[-3,28],[8,21],[47,4],[25,12],[1,7],[-14,33],[-1,25],[21,24],[26,12],[33,12],[30,6],[99,2],[59,18],[17,11],[34,2],[22,-3],[15,4],[38,24],[14,11],[22,36],[0,25],[-4,8],[-2,27],[15,26],[0,15],[5,8],[22,11],[16,25],[4,28],[-8,15],[6,37],[18,13],[13,15],[11,6],[4,45],[-9,13],[-38,2],[-12,7],[-6,32],[14,12],[16,2],[8,-4],[24,2],[7,-12],[16,-2],[26,22],[25,3],[19,-21],[18,11],[21,4],[3,15],[18,13],[20,7],[3,17],[9,8],[18,3],[21,-1],[25,9],[7,13],[14,11],[1,9],[-8,13],[4,14],[15,22],[27,23],[27,15],[5,22],[8,7],[2,13],[13,6],[4,15],[37,-1],[6,13],[0,20],[15,13],[43,3],[22,8],[25,-6],[19,11],[21,21],[19,13],[8,24],[0,17],[7,11],[0,22],[7,9],[26,11],[2,23],[-10,12],[-42,10],[-12,18],[-17,8],[10,28],[11,9],[14,1],[21,10],[15,16],[29,6],[5,11],[13,6],[2,24],[11,10],[12,21],[11,3],[13,12],[19,3],[6,10],[12,-8],[5,-10],[0,-14],[16,-11],[19,-3],[14,-14],[8,-4],[26,-2],[13,-5],[22,6],[7,-5],[14,4],[11,-11],[0,-21],[11,-7],[-1,-12],[36,-17],[13,0],[18,16],[15,2],[11,13],[35,1],[17,12],[33,7],[23,-3],[25,15],[26,-13],[4,-12],[18,-3],[37,2],[23,9],[16,-5],[28,12],[27,0],[12,-9],[4,-10],[-6,-34],[9,-12],[14,-10],[16,-2],[27,8],[39,40],[49,20],[12,-2],[39,22],[25,29],[6,15],[2,28],[3,10],[16,3],[15,-8],[5,-21],[10,-11],[19,-2],[16,5],[10,-7],[2,-48],[4,-7],[36,0],[15,-4],[28,-3],[18,-5],[26,-14],[24,1],[20,-5],[52,-31],[9,1],[12,12],[15,31],[21,-2],[30,14],[23,4],[29,0],[17,7],[34,27],[17,31],[27,35],[35,15],[36,11],[22,0],[51,-3],[14,1],[33,22],[41,10],[16,8],[17,18],[12,7],[15,20],[11,4],[14,-2],[17,-18],[55,-43],[18,-5],[20,4],[33,0],[14,-13],[35,-2],[43,-10],[23,-1],[18,14],[1,19],[16,23],[6,24],[21,26],[28,22],[22,38],[37,6],[15,4],[11,10],[21,29],[22,9],[10,8],[1,35],[16,24],[30,18],[8,10],[6,23],[9,21],[22,30],[15,15],[15,21],[5,28],[43,13],[9,7],[12,26],[-29,16],[0,13],[12,14],[6,13],[-4,6],[9,24],[-3,20],[-13,32],[3,12],[3,36],[19,21],[28,8],[96,5],[86,-1],[22,-11]],[[45840,82181],[-1,7],[-15,16],[-31,30],[-31,37],[-69,77],[-59,63],[-69,78],[-62,68],[-17,23],[-12,10],[-38,21],[-70,65],[-23,15],[-27,12],[-73,58],[-24,17],[-19,8],[-77,13],[-46,3],[-29,10],[-31,20],[-71,33],[-69,47],[-96,117],[-22,20],[-19,12],[-33,10],[-32,5],[-15,-3],[-142,-43],[-22,-4],[-45,-3],[-20,-5],[-40,-18],[-46,35],[8,11],[-29,12],[-3,7],[-18,3],[-18,22],[-6,18],[-12,10],[-23,9],[-21,22],[-2,37],[-9,8],[0,10],[-14,6],[-15,16],[0,12],[-6,14],[-50,25],[-19,26],[-39,17],[-16,3],[-3,-11],[-9,-8],[-41,-9],[-50,-3],[-21,-6],[-12,13],[-55,38],[34,71],[-41,4],[-8,8],[2,9],[-23,8],[-26,-4],[-19,8],[-30,24],[-14,2],[-9,-12],[-7,-2],[0,-13],[-18,-1],[-10,15],[-22,5],[-3,17],[4,11],[-13,29],[-16,18],[-2,8],[-17,8],[-1,23],[-9,9],[5,19],[18,20],[6,14],[9,7],[-14,9],[-4,21],[7,20],[4,24],[10,24],[10,13],[22,18],[8,15],[15,5],[18,22],[-6,21],[-11,7],[-2,15],[18,16],[14,4],[-9,18],[1,13],[-7,7],[-17,1],[-23,-9],[-16,1],[-21,50],[16,41],[17,25],[23,16],[4,28],[7,17],[-4,15],[7,3],[1,14],[7,13],[-11,9],[10,23],[-14,18],[8,18],[-4,14],[-13,14],[29,20],[-4,16],[14,11],[-8,9],[2,8],[-5,19],[8,10],[-13,13],[-7,16],[-9,12],[-5,18],[0,16],[-13,10],[-41,22],[-35,25],[11,7],[9,18],[-6,26],[-8,17],[-13,8],[-8,29],[-13,26],[-5,3],[28,36],[-5,10],[2,23],[-17,25],[-12,6],[-5,10],[9,26],[-11,6],[18,53],[-5,8],[13,18],[-15,4],[-12,8],[3,15],[-9,9],[31,44],[13,-3],[-11,20],[11,37],[16,13],[3,12],[-7,13],[22,14],[13,15],[28,23],[10,3],[2,17],[13,6],[-2,24],[5,9],[2,30],[-18,21],[-34,11],[-7,-4],[-33,-1],[-19,7],[-11,-6],[-20,-2],[-16,-7],[-24,12],[10,20],[-23,1],[-52,5],[-11,-31],[-17,10],[-17,2]],[[43422,85156],[4,11],[17,8],[5,20],[18,13],[6,14],[-1,15],[8,12],[4,33],[8,4],[20,-8],[17,-2],[45,-12],[16,0],[51,-11],[53,-4],[34,4],[30,7],[14,11],[16,20],[-2,25],[14,15],[10,17],[27,28],[10,4],[16,-3],[59,2],[27,5],[6,10],[11,5],[14,16],[18,5],[31,26],[44,5],[28,-4],[36,0],[49,9],[28,18],[20,10],[6,25],[8,7],[12,35],[22,25],[58,14],[29,20],[3,24],[31,-6],[29,10],[18,-2],[14,5],[36,4],[44,10],[13,5],[10,11],[2,14],[-4,9],[54,7],[43,13],[10,6],[10,17],[0,9],[14,22],[53,2],[40,5],[45,11],[8,11],[24,8],[35,16],[35,26],[20,29],[6,1],[17,30],[26,51],[7,16],[2,30],[14,7],[7,9],[15,42],[4,20],[13,8],[-3,18],[-9,19],[-25,14],[-12,-2],[-15,-9],[-12,-19],[-17,-13],[-19,4],[-15,-8],[-9,-22],[-17,-5],[-5,-12],[-33,-3],[-4,-18],[-25,-6],[5,24],[35,43],[17,15],[26,17],[53,13],[12,7],[45,54],[28,19],[73,39],[19,15],[23,10],[27,7],[67,0],[65,4],[25,3],[36,9],[25,1],[31,11],[26,13],[17,10],[20,18],[15,25],[9,20],[5,27],[9,22],[17,14],[23,3],[28,38],[0,8],[29,2],[55,18],[52,34],[10,18],[4,16],[-4,17],[-12,19],[4,25],[9,6],[21,-1],[12,-4],[18,0],[44,-4],[26,-6],[44,2],[16,-1],[25,4],[36,2],[21,5],[25,11],[60,14],[29,9],[27,4],[92,37],[9,11],[7,20],[-12,16],[-56,219],[18,0]],[[46236,87010],[2,-10],[13,-31],[9,-29],[5,-33],[9,-67],[8,-27],[8,-19],[20,-33],[17,-22],[39,-37],[36,-25],[48,-21],[27,-18],[21,-11],[65,-28],[18,-12],[51,-45],[52,-26],[18,-15],[27,-18],[26,-21],[23,-21],[32,-34],[18,-22],[18,-30],[13,-31],[5,-30],[15,-49],[1,-50],[-10,-44],[-1,-30],[6,-40],[19,-31],[24,-13],[36,-24],[22,-26],[19,-14],[22,-13],[36,-14],[37,-20],[20,-5],[21,-21],[-2,-15],[-17,-17],[-69,-42],[-19,-19],[-14,-28],[-9,-31],[-2,-29],[6,-70],[-2,-27],[-5,-19],[-11,-28],[-8,-36],[-3,-47],[6,-19],[7,-37],[4,-39],[5,-33],[4,-43],[10,-42],[15,-33],[19,-29],[26,-46],[12,-34],[3,-20],[-1,-24],[-15,-41],[-2,-25],[1,-77],[11,-35],[1,-167],[4,-24],[1,-78],[15,-66],[0,-25],[-5,-32],[-60,-26],[-25,-14],[-50,-31],[-17,-17],[-5,-13],[0,-17],[11,-20],[23,-25],[14,-22],[14,-8],[28,-2],[23,-18],[24,-33],[11,-22],[5,-36],[0,-27],[-5,-29],[-8,-13],[-22,-12],[-29,-38],[-14,-46],[-13,-8],[-4,-16],[6,-67],[10,-45],[0,-55],[-11,-34],[-9,-14],[-37,-23],[-54,-20],[-32,-9],[-66,-28],[-25,-20],[-28,-17],[-50,-36],[-29,-29],[-13,-16],[-41,-45],[-24,-18],[-28,-43],[4,-3],[-31,-29],[-23,-44],[-9,-60],[-5,-85],[-1,-42],[-12,-45],[-6,-15],[-21,-39],[-28,-27],[-17,-20],[-17,-30],[-27,1],[-32,-7],[-24,-12],[-51,-28],[-43,-31],[-30,-27],[-26,-36],[-10,-20],[-9,-23],[-8,-34],[2,-10],[16,-29],[5,-13],[10,-57],[-5,-15],[-38,-49],[-27,-41],[-59,-95],[-52,-68],[-24,-28],[-25,-35],[-22,-44],[-30,-71],[-16,-48],[-18,-73],[-18,2]],[[51600,51422],[16,-12],[12,-3],[-7,20],[6,4],[12,-23],[9,-4],[14,16],[19,-22],[2,-12],[42,-8],[-3,-20],[14,-7],[11,5],[-1,10],[39,-1],[16,-8],[11,4],[33,-8],[24,3],[29,-6],[27,-22],[1,-16],[-13,-6],[-5,-10],[20,-6],[27,-25],[-5,-15],[-28,-27],[-22,-3],[-29,1],[-8,-11],[-15,-45],[4,-41],[-2,-28],[-15,-29],[-4,-40],[8,-1],[3,-12],[22,-4],[9,-13],[13,-4],[6,-10],[-1,-13],[7,-10],[1,-23],[12,-42],[-9,-26],[-1,-19],[8,-30],[-6,-12],[-1,-19],[-5,-16],[14,-14],[-22,-13],[-13,-56],[-8,-13],[4,-5],[-11,-18],[4,-13],[13,-11],[-3,-11],[9,-19],[-6,-15],[16,-20],[42,-14],[8,-29],[-8,-15],[-24,-26],[-2,-17],[-20,-3],[-14,-8],[-11,8],[-6,-7],[-26,-4],[-18,7],[-24,-3],[-8,-14],[1,-21],[-13,-5],[-12,-18],[7,-25],[-16,-6],[-5,-7],[18,-15],[19,-3],[29,0],[20,-10],[7,3],[18,-11],[5,2],[33,-8],[-9,-33],[9,-14],[-5,-7],[2,-13],[17,-6],[15,7],[18,3],[20,-2],[10,8],[27,5],[8,6],[26,-4],[10,9],[8,-8],[-6,-15],[-24,-16],[-11,-14],[-1,-10],[7,-18],[-26,-15],[2,-26],[-14,-20],[13,-13],[6,-16],[-13,-16],[-6,-22],[-14,-6],[-18,4],[10,-16],[-5,-15],[-16,-14],[-1,-25],[4,-15],[-7,-21],[3,-13],[-6,-5],[4,-15],[-7,-12],[-10,-2],[8,-12],[-1,-24],[-26,1],[-4,-6],[-23,0],[-8,10],[-23,-1],[-21,-9],[-53,-7],[-6,-6],[0,-15],[8,-19],[-5,-22],[-13,-15],[0,-18],[-4,-13],[-15,-10],[-10,-12],[-21,-46],[-9,-26],[-4,-22],[-7,-10],[-4,-27],[-16,-4],[-13,6],[-35,-3],[-27,-19],[-16,2],[-92,22],[-4,0],[-7,-28],[6,-35],[-10,-29],[1,-28],[-6,-17],[-2,-15],[6,-23],[-2,-21],[-6,-24],[5,-10],[0,-17],[-5,-32],[-6,-9],[-23,-7],[-10,-19],[-24,-8],[-19,8],[-28,6],[-15,-12],[-45,-23],[-41,-34],[-16,-25],[-19,-52],[-7,-43],[0,-25],[4,-25],[-10,-20],[-4,-25],[-11,-6],[-3,-19],[10,-14],[3,-21],[7,-19],[-4,-52],[21,0],[16,-20],[21,-15],[22,-7],[32,9],[10,-3],[-5,-12],[4,-26],[13,-31],[0,-22],[-22,-42],[4,-12],[-8,-19],[1,-28],[-11,-20],[-20,-21],[-19,-11],[9,-20],[-13,-29],[-22,-6],[-11,3],[-9,-11],[-1,-32],[-15,-13],[9,-7],[-5,-16],[-17,-3],[-21,-14],[-14,-14],[-22,-45],[-10,-44],[-17,-45],[-23,-28],[-23,-35],[-68,-46],[-16,-23],[-8,-6],[-16,-21],[-3,-11],[8,-20],[16,-17],[25,-15],[3,-11],[-4,-17],[8,-16],[20,-28],[35,-15],[3,-11],[-12,-21],[3,-7],[-7,-13],[1,-25],[-4,-7],[4,-13],[10,-7],[-1,-17],[6,-19],[36,-43],[18,-10],[22,1],[3,-7],[-10,-10],[-2,-33],[16,-12],[0,-22],[14,-7],[19,2],[9,10],[12,3],[15,-4],[8,3],[10,-10],[-7,-10],[12,-21],[1,-37],[-21,-25],[4,-12],[-8,-8],[-8,-30],[-2,-19],[8,-6],[0,-29],[13,-12],[9,-29],[6,-30],[-36,-27],[-30,-16],[-28,-3],[-25,5],[-14,-5],[-2,-31],[-8,-22],[-6,-71],[3,-7],[22,-12],[49,-13],[-24,-14],[-22,-4],[-17,-17],[-8,-42],[-11,-21],[6,-17],[17,-19],[8,-18],[12,-13],[2,-22],[8,-20],[-3,-35],[-9,-6],[-8,-24],[5,-8],[-12,-7],[-17,-32],[-19,-41],[-10,-14],[-12,2],[-8,-11],[2,-11],[-10,-16],[-15,-11],[-12,-18],[-15,1],[-11,-9],[6,-14],[-14,-31],[-12,-35]],[[50945,46722],[-13,4],[-8,12],[-4,31],[-9,9],[-22,8],[-8,9],[-40,-1],[-24,-11],[-17,2],[-21,11],[-23,-19],[-7,-15],[-27,-18],[-26,10],[-16,10],[-23,9],[-11,14],[-23,-3],[-25,-10],[-30,1],[-34,-16],[-37,-3],[-1,-16],[-14,-13],[-6,-11],[-20,-22],[-38,-32],[-6,-14],[-1,-20],[-21,-38],[3,-20],[-22,-17],[-22,-34],[-6,-25],[-22,-39],[-1,-16],[-14,-12],[-21,-13],[-15,-17],[-18,7],[-24,4],[-16,-4],[-1,-8],[15,-30],[11,-52],[-2,-29],[-7,-3],[-17,8],[-19,-3],[-16,3],[-47,-15],[-13,-11],[-11,-44],[-1,-21],[-15,-31],[-17,-19],[-5,-14],[-26,-25],[-15,-18],[-10,-9],[-28,-30],[-29,-21],[-19,2],[-25,-4],[-24,14],[-8,12],[-12,4],[-29,-33],[-12,-7],[-5,-13],[19,-29],[12,-41],[6,-11],[19,-27],[23,-26],[11,-27],[-15,-35],[-5,-23],[19,-8],[30,0],[10,-6],[12,-21],[12,-8],[6,-21],[-8,-35],[-11,-22],[-12,-7],[-14,2],[-23,-3],[-19,7],[-16,-8],[-33,-11],[-18,-2],[-11,48],[-11,7],[-42,11],[-10,-3],[-12,-25],[-39,0],[-5,-7],[5,-20],[-9,-31],[-11,-7],[-13,8],[-22,4],[-35,-27],[-32,-3],[8,-14],[0,-28],[-20,-9],[-19,-14],[-13,-19],[-17,-16],[-5,-19],[-28,8],[-14,-2],[-20,-12],[-31,-11],[1,-30],[-29,-8],[-21,-13],[-44,-19],[-19,-5],[3,-8],[14,-11],[14,-23],[14,-11],[3,-25],[-3,-20],[-17,-12],[-10,-1],[-22,18],[-20,1],[-9,-14],[-1,-9],[7,-26],[-13,-27],[-12,-17],[-29,-2],[-28,9],[-17,12],[-22,1]],[[49164,45224],[-13,6],[-34,0],[-12,-3],[-29,-24],[-26,-15],[-28,-12],[-17,-10]],[[49005,45166],[-12,6],[-10,12],[-19,8],[-16,19],[-13,25],[-6,26],[1,13],[26,30],[30,15],[13,0],[7,12],[16,13],[23,14],[-4,15],[0,25],[11,21],[-7,20],[5,3],[4,18],[9,10],[13,3],[26,-3],[12,8],[20,26],[0,9],[20,7],[11,7],[3,10],[19,17],[-6,7],[8,20],[17,11],[3,6],[22,18],[3,12],[11,5],[7,16],[33,32],[18,13],[0,11],[8,21],[2,15],[12,27],[-1,16],[12,8],[0,25],[9,8],[-4,15],[8,15],[9,5],[9,17],[-9,4],[17,26],[-14,7],[12,28],[10,6],[11,18],[42,27],[13,15],[10,24],[2,13],[8,5],[15,46],[11,17],[10,5],[13,30],[0,14],[12,14],[4,15],[9,14],[-8,22],[13,21],[4,32],[6,10],[2,29],[11,20],[4,40],[-13,11],[0,19],[6,12],[-6,11],[2,23],[-5,13],[7,5],[0,17],[-5,12],[-1,26],[-15,14],[-17,18],[-12,19],[-14,11],[-19,-1],[-21,16],[-20,9],[9,16],[10,2],[10,18],[-3,9],[9,19],[15,17],[5,13],[16,11],[7,21],[4,23],[-4,61],[-12,39],[3,15],[-13,21],[8,9],[11,23],[-3,7],[8,16],[11,14],[41,20],[27,28],[5,20],[-8,41],[12,25],[-7,15],[23,35],[-2,10],[10,8],[-1,11],[10,12],[2,26],[12,29],[6,3],[-6,19],[12,1],[11,7],[-1,9],[18,15],[13,24],[1,16],[9,0],[20,34],[-2,16],[10,11],[-1,17],[-7,7],[4,10],[34,-21],[17,-5],[18,-1],[13,-20],[19,-16],[22,-21],[19,-8],[11,-21],[15,-13],[18,-4],[22,-14],[17,-8],[78,-12],[20,2],[12,-3],[27,-14],[17,-2],[11,-9],[7,-12],[24,-13],[8,-9],[38,-2],[31,21],[6,21],[8,7],[36,16],[15,3],[5,16],[-2,19],[-8,18],[1,12],[10,27],[-4,12],[3,35],[10,21],[0,23],[-8,14],[4,26],[-2,11],[6,14],[6,39],[-4,13],[0,20],[9,29],[2,21],[12,15],[-1,23],[-10,32],[7,9],[2,25],[6,23],[10,26],[5,3],[4,25],[10,7],[0,18],[8,12],[6,33],[7,23],[7,6],[17,25],[10,-2],[19,3],[25,17],[5,7],[-1,14],[13,31],[1,9],[10,6],[26,9],[19,13],[29,2],[-18,12],[-6,18],[4,9],[24,25],[-14,30],[2,22],[-8,5],[9,10],[5,14],[-2,11],[-34,18],[-32,3],[-12,4],[4,14],[-3,8],[-23,22],[-10,6],[35,26],[8,28],[1,27],[-2,24],[12,36],[0,14],[-5,21],[-3,29],[-2,73],[-5,22],[1,37],[-10,24],[0,16],[10,20],[4,26],[-16,10],[-1,16],[14,17],[4,20],[0,21],[10,17],[-5,12],[2,22],[12,0],[9,7],[3,21],[-6,15],[0,17],[-5,13],[19,52],[10,16],[-4,8],[16,30],[14,15],[0,19],[20,20],[9,20],[10,9],[25,0],[2,18],[-5,24],[12,20],[5,16],[9,10],[0,18],[10,23],[17,8],[6,10],[-6,9],[1,16],[8,24],[12,11],[5,19],[-3,8],[5,16],[-5,11],[8,18],[-2,21],[15,17],[16,22],[-7,12],[-2,28],[4,16],[-18,43],[47,19],[-32,30],[-13,6],[-11,25],[-2,25],[-26,28],[-5,11],[14,6],[13,15],[-11,13],[5,5],[30,3],[43,21],[-7,20],[-10,3],[-7,14],[21,12],[-1,21],[-19,5],[4,11],[-4,15],[3,13],[-10,19],[-1,20],[-5,12],[23,13],[3,20],[-17,15],[-11,-4],[-9,56],[-13,27],[-7,26],[-23,4],[-113,22],[-2,-7],[-65,68],[-22,23],[-10,13],[-16,13],[4,14],[-18,10],[-2,9],[15,23],[26,-5],[10,11],[-10,16],[32,3],[4,10],[12,6],[-8,18],[22,0],[18,8],[-10,19],[10,7],[22,-14],[-3,15],[10,10],[28,11],[22,27],[12,-2],[33,-19],[18,7],[5,-4],[-15,-25],[6,-4],[18,12],[13,18],[24,14],[8,-1],[23,15],[18,-5],[15,2],[5,18],[15,-7],[8,5],[3,20],[12,8],[-2,15],[-17,0],[-42,12],[-11,19],[-1,11],[-21,12],[7,32],[20,12],[21,19],[-16,13],[-15,36],[18,13],[0,14],[-24,-2],[-22,6],[-2,8],[35,8],[7,10],[-1,15],[-11,13],[20,22],[58,27],[4,18],[11,12],[14,-10],[32,-4],[7,2],[11,14],[37,18],[39,12],[13,-15],[17,4],[17,12],[16,-23],[14,13],[-9,16],[-6,21],[-8,17],[-13,4],[10,37],[19,1],[12,6],[-2,20],[3,18],[34,4],[-8,30],[10,8],[20,2],[10,33],[-1,12],[7,10],[-6,14],[6,17],[-18,6],[20,10],[-4,33],[14,28],[10,-18],[22,8],[3,18],[15,28],[18,3],[15,11],[14,-3],[18,2],[2,-29],[13,-18],[25,15],[17,15],[-27,3],[5,7],[13,0],[1,11],[10,14],[-11,6],[58,29],[-5,11],[-25,9],[-2,8],[-16,16],[4,28],[23,5],[6,-14],[-4,-10],[8,-7],[17,32],[-16,25],[-12,8],[-24,25],[36,17],[32,9],[14,-1],[18,-12],[6,-16],[0,-17],[27,-1],[-3,25],[12,14],[18,-17],[13,-27],[7,7],[25,0],[14,11],[6,13]],[[46379,70525],[-4,14],[2,17],[-8,15],[1,7],[-9,19],[0,25],[-5,19],[7,15],[22,12],[21,0],[5,28],[38,-10],[20,-21],[17,18],[34,16],[2,22],[13,14],[8,21],[9,5],[37,7],[15,5],[14,16],[-5,25],[-9,10],[-42,16],[-19,10],[-10,15],[1,22],[-10,15],[6,24],[-4,18],[9,8],[16,-5],[11,-13],[13,-8],[41,-10],[26,12],[16,14],[14,4],[40,21]],[[46712,70967],[43,7],[22,1],[17,18],[-4,22],[5,9],[10,5],[7,23],[11,10],[71,14],[17,7],[23,4],[41,-32],[45,26],[-3,-28],[5,-25],[22,-18],[1,-13],[12,-11],[14,-1],[4,21],[17,12],[-5,22],[5,14],[-12,17],[8,13],[15,15],[40,16],[27,1],[25,-12],[29,-7],[15,-12],[19,-4],[23,0],[24,-4],[19,-6],[20,-11],[8,-10],[33,-2],[16,8],[25,7],[44,3],[34,-19],[11,-13],[-3,-23],[6,-22],[9,-12],[22,-6],[19,2],[20,15],[6,10],[-1,12],[-11,31],[3,14],[-5,13],[-1,17],[13,13],[-12,9],[9,8],[-5,16],[7,21],[10,18],[28,19],[6,11],[10,3],[10,16],[28,4],[32,21],[15,15],[1,12],[20,17],[13,15],[5,14],[18,-4],[0,12],[9,6],[7,13],[18,14],[4,11],[-9,16],[-1,15],[-11,10],[2,11],[20,24],[0,14],[14,16],[-1,17],[15,31],[-17,37],[-17,19],[19,36],[7,0],[9,27],[-2,13],[4,13],[-5,9],[-21,16],[24,5],[21,1],[13,-10],[19,-1],[14,-6],[20,-1],[4,-11],[24,-19],[0,-6],[-13,-13],[5,-10],[13,5],[8,-17],[13,-16],[22,-15],[62,0],[71,23],[38,2],[4,26],[-2,21],[9,34],[34,51],[49,26],[24,26],[23,19],[7,11],[9,34],[-1,41],[2,32],[27,32],[4,14],[0,45],[-9,79],[-14,29],[-21,19],[-26,38],[-18,21],[-46,31],[-11,10],[-13,22],[1,11],[-31,-2],[-20,-13],[-9,6],[-18,0],[-11,14],[2,7],[18,6],[2,11],[-6,20],[-22,24],[-25,49],[2,21],[-3,41],[-12,13],[13,17],[11,6],[26,-1],[13,9],[9,-4],[10,6],[-1,29],[-3,6],[-2,24],[9,12],[-2,33],[8,9],[-8,16],[-30,19],[-34,35],[-46,27],[-29,7],[-15,13],[-32,8],[-18,0],[-6,19],[-2,34],[16,28],[11,8],[23,22],[-5,24],[-9,10],[6,25],[6,6],[3,27],[7,22],[-11,23],[-4,17],[-21,28],[-31,23],[-12,26],[-1,28],[7,16],[38,37],[8,21],[-8,17],[-22,17],[-13,15],[1,14],[11,25],[5,20],[-1,34],[-12,38],[-7,7],[-18,34],[-5,21],[-11,15],[-14,12],[-10,-5],[-15,38],[-5,23],[5,22],[13,16],[31,24],[10,14],[4,15],[-3,15],[-11,12],[-23,19],[-31,17],[-5,9],[0,14],[13,19],[14,10],[40,2],[17,-3],[9,5],[30,-4],[20,-10],[13,8],[-4,17],[2,11],[8,7],[4,12],[19,1],[32,12],[16,9],[21,-14],[12,8],[4,13],[-8,7],[-26,1],[-8,15],[10,32],[6,1],[19,19],[29,18],[20,18],[24,9],[24,2],[9,10],[36,13],[25,-8],[40,-2],[9,6],[-2,26],[-15,17],[-25,12],[-19,17],[-23,33],[-20,13],[1,7],[-12,13],[-33,8],[-9,12],[-7,19],[2,12],[-9,17],[-40,3],[-46,8],[-22,5],[-20,0],[-15,7],[1,12],[27,26],[-2,7],[10,30],[2,19],[8,16],[-8,7],[-1,10],[9,30],[-3,25],[-14,1],[-9,-6],[-2,-14],[-8,-5],[-18,4],[-14,10],[-3,15],[4,18],[-15,19],[-3,36],[-10,16],[-22,21],[2,12],[11,31],[-28,12],[-9,19],[-30,27],[-8,10],[-7,19],[-11,17],[-2,14],[5,20],[14,11],[7,11],[-11,13],[-41,-5],[-19,5],[-53,-6],[-2,29],[2,19],[-15,20],[-12,25],[-2,19],[-22,23],[-18,37],[-2,25],[-22,17],[-12,50],[-22,14],[-65,53],[-57,6],[-40,21],[-24,26],[0,16],[6,22],[-14,9],[-29,-2],[-21,4],[-19,19],[-24,8],[-37,-12],[-63,-9],[-33,0],[-78,14],[-66,29],[-14,1],[-31,-2],[-26,3],[-40,53],[-19,11],[-13,4],[-5,8],[9,22],[-2,19],[12,7],[-12,7],[-20,19],[-34,13],[-52,-19],[-21,-12],[-32,-10],[-31,2],[-20,-2],[-35,5],[-13,49],[-25,4],[-13,-4],[-31,8],[-16,13],[-14,-9],[-66,9],[-10,-5],[-11,5],[-11,17],[-13,11],[-39,8],[-24,16],[-12,13],[4,10],[-8,13],[3,38],[-5,12],[-20,25],[3,12],[16,23],[-36,36],[-24,12],[-1,38],[-18,22],[-16,9],[-12,11],[-6,12],[7,17],[-8,12],[-3,38],[-14,7],[-5,20],[-26,26],[-27,7],[-9,23],[-10,1],[-4,29],[-14,17],[4,9],[-14,12],[-43,18],[-24,29],[-11,2],[-31,18],[-18,4],[-9,-5],[-20,3],[-19,-12],[-11,2],[-19,21],[-5,-9],[-25,2],[-1,12],[-22,-1],[-7,20],[-3,20],[-15,22],[5,33],[11,22],[-2,6],[10,29],[3,20],[-5,7],[-23,13],[-4,14],[-8,6],[0,27],[-10,25],[5,12],[20,17],[7,28],[-7,43],[10,12],[-17,18],[-3,11],[-14,25],[-3,31],[-12,10],[-36,21],[-25,5],[-46,0],[-21,22],[-3,11],[1,20],[15,19],[34,28],[-16,20],[5,25],[0,14],[-19,10],[-11,17],[4,13],[-1,13],[-10,19],[-20,-2],[-14,3],[-33,2],[0,15],[-23,6],[16,16],[4,14],[-7,14],[36,30],[0,12],[-8,9],[9,15],[18,12],[5,13],[1,29],[5,3],[0,18],[-15,6],[-33,25],[-23,5],[-13,12],[-27,31],[-8,33],[16,6],[12,-1],[29,13],[13,44],[26,13],[23,27],[18,30],[1,21],[6,19],[25,18],[16,25],[7,4],[-3,14],[-13,15],[7,6],[8,23],[1,15],[8,17],[9,3],[24,26],[3,32],[20,14],[13,1],[16,8],[25,3],[50,17],[9,-4],[18,2],[30,13],[13,13],[-7,11],[-17,6],[-5,16],[-14,-2],[-8,-7],[-21,8],[-14,12],[-23,3],[-13,-7],[-16,0],[-17,5],[-22,26],[-7,15],[-21,6],[-14,7],[-39,7],[-16,14],[-11,5],[-18,-2],[-27,5],[-23,-6],[-3,-10],[-42,-45],[-26,-5],[-7,-5],[-27,-8],[-12,7],[-20,-8],[-27,6],[-23,-2],[-18,5],[-15,16],[-18,6],[-9,12],[-17,11],[-2,7],[-15,6],[-35,-4],[-6,10],[-31,7],[-23,-7],[-9,0],[-31,15],[-38,14],[-13,13],[-12,1],[-23,14],[-10,13],[0,11],[-16,10],[-6,-7],[-20,-12],[-31,27],[-15,7],[-26,8],[-9,26],[-14,7],[-5,26],[17,27],[14,4],[5,18],[9,8],[5,26],[12,4],[8,15],[-7,8],[-14,52],[7,11],[-5,14],[19,26],[13,1],[1,9],[16,7],[0,15],[6,27],[7,6],[18,0],[14,9],[16,3],[-13,11],[-56,-4],[-17,-4],[-12,2],[-14,18],[-31,10],[-35,34],[-23,3],[-23,-13],[-15,-4],[-9,-10],[-20,-11],[-27,-7],[-18,9],[-32,9],[-35,0],[-20,-9],[-13,1],[-23,-9],[-9,3],[-15,17],[-25,10],[-8,20],[7,21],[-19,21],[-12,1],[-10,11],[-15,5],[-7,21],[-21,1],[-35,30],[-8,13],[2,14],[-15,6],[-18,-4],[-15,2],[-24,22],[-14,0],[-16,21],[-21,-2],[-7,17],[-13,5],[-14,1],[-20,14],[-17,2],[1,20],[5,11],[-13,24],[-2,23],[4,9],[-32,12],[-59,11],[-26,-2],[-25,4],[-14,12],[-46,22],[-1,8],[8,15],[-18,14],[-19,3],[-30,-22],[-3,-6],[-35,-32],[-22,-5],[-18,22],[0,12],[-13,17],[22,26],[0,10],[-20,15],[-18,25],[-1,16],[4,10],[29,-10],[17,6],[12,18],[11,0],[7,9],[15,4],[21,12],[12,16],[11,4],[11,16],[-1,11],[6,10],[-18,3],[-18,-8],[-12,-17],[-19,-2],[-8,-8],[-16,-2],[-10,-5],[-16,9],[-20,16],[-25,11],[-15,-2],[-24,3],[-12,-2],[-5,10],[-11,5],[-7,24],[-12,-4],[-17,4],[-26,2],[-15,-2],[-19,-24],[-20,12],[-48,3],[-40,4],[-9,-23],[-12,0],[-6,15],[-14,2],[-18,15],[1,10],[-38,24],[-19,5],[-5,7],[-19,-5],[-16,3],[-12,-1],[-19,8],[-10,13],[-31,16],[-9,22],[-12,2],[-22,-7],[-8,6],[3,16],[-6,21],[10,7],[16,22],[-1,9],[-11,4],[-27,0],[-14,8],[-28,-4],[-42,-25],[-34,-26],[-25,-13],[-35,-24],[-8,-13],[0,-20],[-7,-8],[10,-9],[1,-19],[-19,-12],[-22,-1],[-31,-13],[-24,-3],[-4,-28],[-12,-17],[-36,-76],[-7,-7],[-5,-26],[-7,-4],[-12,-30],[0,-16],[-14,-2],[-33,15],[-1,11],[17,14],[1,21],[9,21],[-10,8],[-16,-4],[-14,3],[-11,9],[-6,19],[-21,15],[0,11],[-20,11],[-16,-6],[-22,13],[-17,-3],[-12,5],[-9,12],[-18,-8],[-21,2],[-11,-11],[7,-6],[-2,-16],[6,-2],[0,-18],[-15,-9],[1,-11],[10,-5],[0,-10],[-25,1],[-13,-4],[-13,2],[-21,-6],[-8,7],[2,38],[-19,36],[17,8],[-10,7],[-51,24],[13,24],[3,15],[38,0],[5,7],[-6,18],[8,15],[-7,11],[13,14],[0,12],[12,9],[0,16],[-14,0],[-34,5],[-7,8],[13,15],[-19,10],[13,15],[18,-6],[1,23],[5,14],[21,-5],[1,8],[13,9],[-8,11],[0,32],[-38,21],[11,12],[8,15],[0,18],[15,-1],[2,20],[-37,4],[-2,5],[7,21],[20,10],[10,20],[-3,12],[34,-9],[8,3],[9,15],[-4,12],[8,40],[28,-5],[19,60],[1,20],[18,43],[16,24],[13,8],[3,16],[17,33],[-4,20],[10,17],[5,31],[15,15],[23,54],[1,14],[14,27],[1,15],[12,25],[-30,34],[-6,23],[18,36],[-26,16],[-20,6],[-24,14],[-25,22],[-13,3],[-13,-6],[-17,5],[-6,16],[-15,25],[-25,-4],[-35,15],[-40,8],[-5,22],[2,13],[-12,26],[-11,-5],[-14,13],[0,19],[-9,36],[-13,-8],[-39,24],[9,14],[-19,14],[-2,10],[-106,23],[-31,0],[-21,2],[-28,-6],[4,27],[12,-2],[1,11],[56,1],[82,-1],[14,6],[-4,13],[-10,2],[-56,-3],[-12,0],[-88,-4],[-22,7],[-19,2],[0,-9],[-23,12],[-14,12],[0,11],[8,21],[-1,19],[9,19],[-1,18],[-20,-7],[-31,2],[-33,13],[-19,-5],[-2,-25],[-18,-8],[-16,-31],[-15,-14],[11,-6],[25,-6],[-9,-15],[-16,1],[-9,-7],[-20,4],[-34,-3],[-6,-21],[-21,9],[-10,22],[-13,13],[15,27],[13,14],[-10,21],[-11,7],[-28,25],[-29,15],[2,13],[18,17],[-32,16],[-16,5],[-2,19],[22,-7],[20,-1],[22,-27],[14,8],[-26,32],[-9,1],[-22,26],[17,23],[13,1],[-2,11],[7,15],[-3,8],[13,23],[32,26],[-10,18],[5,8],[19,15],[-6,9],[-29,29],[-2,25],[-21,8],[-30,0],[-15,18],[-4,13],[23,24],[-3,27],[8,14],[-9,12],[18,25],[0,7],[27,23],[1,9],[-24,0],[-29,10],[-21,-3],[-20,9],[16,33],[13,4],[27,30],[-77,87],[2,16],[-30,9],[-35,-14],[-32,-4],[-27,-20],[-17,-24],[-16,-13],[-35,0],[-32,4],[-27,14],[-12,13],[-15,4],[-14,10],[-19,30],[-20,2],[-13,-5],[-26,7],[-8,8],[-9,22],[0,12],[146,257],[172,305],[-511,-335]],[[41388,81229],[-11,51],[-12,37],[0,10],[-11,23],[-15,47],[-3,19],[4,34],[11,9],[21,-1],[32,-17],[6,-10],[11,6],[31,3],[31,30],[20,30],[0,22],[4,15],[23,8],[37,22],[-2,10],[9,17],[18,26],[33,15],[10,1],[21,14],[15,21],[-22,-6],[-2,12],[-16,10],[-20,-5],[-9,-25],[-19,-13],[0,23],[12,27],[7,4],[-8,25],[-16,11],[-32,-4],[-20,-14],[0,16],[-9,11],[59,20],[18,-9],[5,14],[9,10],[15,24],[8,0],[1,-23],[10,-13],[-15,-4],[-17,-12],[7,-14],[56,-3],[26,-9],[23,0],[8,18],[-6,6],[13,41],[2,29],[-2,12],[-15,42],[-11,39],[2,8],[0,38],[4,36],[-9,5],[-9,-8],[-16,36],[-34,3],[-40,-7],[-7,-10],[-4,-18],[-6,-6],[5,-20],[-25,0],[1,23],[9,19],[-14,27],[21,0],[14,10],[22,-1],[2,11],[7,4],[28,-3],[4,7],[19,7],[19,-6],[15,7],[-4,13],[-26,6],[-43,21],[-34,12],[-20,0],[-23,-13],[-10,-9],[-19,-30],[-36,-33],[-25,-8],[-41,-2],[-38,-14],[-43,-11],[-14,-16],[-33,-12],[-17,-25],[-12,-11],[-12,-5],[-1,-7],[-22,-7],[-14,-17],[-26,-14],[-17,-19],[-21,-5],[-30,-1],[-21,3],[-7,-7],[-27,-2],[-14,-3],[-15,-19],[-6,-15],[-10,-10],[-12,-3],[-30,-32],[-19,-6],[0,9],[-12,3],[-7,21],[-8,-22],[-17,-14],[12,-38],[-12,-7],[-40,-37],[-18,-26],[-2,-11],[-12,-23],[-24,-26],[-16,-8],[-21,-18],[-16,-18],[-26,-21],[-6,-11],[-11,-5],[-20,1],[-18,9],[-17,1],[-5,18],[-11,-2],[-1,-11],[-34,-4],[-5,-10],[29,-1],[-2,-10],[-16,-25],[-38,-7],[-11,2],[-44,15],[-16,11],[-13,14],[-10,21],[8,14],[16,2],[8,7],[25,1],[10,-18],[14,-3],[10,5],[-2,31],[37,31],[-12,10],[11,4],[7,9],[21,12],[10,-14],[13,-1],[14,11],[24,-5],[23,4],[22,0],[47,10],[32,16],[12,18],[15,11],[1,17],[-34,9],[2,23],[24,-3],[22,3],[9,6],[-4,10],[26,25],[16,8],[13,16],[34,7],[14,9],[11,0],[-10,15],[12,9],[9,18],[15,5],[4,9],[24,18],[20,29],[-6,12],[13,16],[14,2],[21,14],[34,37],[15,31],[6,22],[-3,15],[8,2],[10,-9],[16,-6],[7,-20],[22,11],[34,-11],[20,-4],[-2,-7],[-27,-4],[-4,-7],[23,-9],[21,7],[3,11],[-9,15],[-7,25],[-18,8],[-25,3],[8,7],[-25,6],[-8,7],[-42,-3],[-5,-5],[-38,31],[-24,9],[-18,2],[-30,12],[-4,15],[23,9],[20,21],[-3,8],[16,1],[9,10],[10,-8],[25,-3],[19,4],[28,-1],[12,3],[21,16],[1,10],[26,-2],[25,-15],[17,0],[6,8],[-13,5],[-33,7],[-23,19],[9,29],[-2,10],[-15,18],[-1,13],[13,17],[-1,12],[14,27],[6,21],[28,25],[10,2],[18,-5],[15,11],[11,2],[2,-12],[-15,-6],[13,-8],[2,-15],[-6,-9],[2,-21],[-26,-17],[9,-15],[5,-18],[21,-24],[15,-12],[21,-12],[19,-6],[31,12],[11,-18],[6,-20],[11,7],[1,12],[-9,11],[37,30],[51,18],[16,10],[11,-20],[34,-3],[8,4],[29,1],[17,23],[-21,28],[2,10],[40,18],[5,12],[-1,13],[-8,21],[-12,16],[0,12],[8,5],[22,-54],[38,-4],[25,11],[5,11],[-10,6],[5,12],[24,4],[1,-10],[-15,1],[-2,-12],[47,1],[16,3],[23,13],[5,10],[-7,7],[-3,21],[4,11],[-15,8],[-7,28],[-16,5],[-3,7],[6,12],[-9,27],[-1,30],[5,13],[-5,20],[-9,11],[27,18],[21,-2],[-1,9],[-24,11],[-11,13],[7,9],[-2,16],[-7,11],[-9,1],[-2,19],[11,3],[-2,25],[-5,14],[14,20],[-6,38],[-21,47],[-46,21],[-42,-2],[3,25],[-11,-6],[-2,-22],[6,-8],[20,-7],[-4,-10],[-16,13],[-23,8],[-6,12],[-14,18],[-13,10],[21,7],[4,8],[16,9],[-6,9],[18,13],[18,-19],[5,18],[-8,7],[5,21],[-10,6],[-16,-7],[-79,7],[14,10],[-14,20],[-34,17],[4,16],[-11,2],[-27,19],[-13,-10],[12,-8],[16,-17],[-9,-7],[4,-15],[-9,-17],[-10,-10],[-21,-47],[60,-31],[2,-11],[-24,5],[-42,19],[-19,0],[-9,-10],[-24,9],[-13,15],[-1,7],[14,6],[27,15],[15,11],[28,30],[5,25],[-1,14],[-22,47],[8,9],[37,23],[12,11],[26,8],[13,12],[16,2],[33,14],[20,11],[9,9],[77,55],[25,13],[21,16],[-5,5],[33,28],[31,33],[28,36],[18,30],[18,36],[5,17],[-13,23],[-16,15],[-35,12],[2,12],[-11,9],[2,11],[11,12],[2,14],[-12,13],[12,21],[11,24],[20,56],[8,33],[-4,15],[-26,44],[-32,39],[-38,31],[-16,0],[-10,13],[-15,9],[2,12],[9,10],[1,28],[14,17],[68,20],[53,4],[31,5],[52,10],[33,10],[78,36],[21,13],[11,13],[11,21],[6,34],[19,83],[12,14],[2,42],[6,9],[19,9],[19,6],[41,26],[48,12],[76,37],[23,19],[9,26],[18,10],[46,19],[36,20],[20,15],[6,11],[9,38],[7,24],[-2,34],[14,7],[16,-4],[30,4],[39,8],[17,0],[27,6],[58,8],[21,5],[36,17],[47,-2],[58,2],[73,7],[74,11],[74,16],[64,17],[26,17],[56,21],[34,18],[28,19],[15,14],[6,17],[3,22],[-6,22],[11,19],[21,15],[30,27],[5,18],[-15,40],[-4,27],[0,22],[-15,9],[-4,-16],[7,-5],[-3,-31],[3,-29],[-8,1],[-9,17],[-1,11],[6,57],[3,13],[-4,15],[-1,34],[5,13],[5,34],[-3,7]],[[45840,82181],[-41,-112],[3,-8],[-10,-12],[-35,-24],[-14,-15],[-21,-49],[-9,-28],[-8,-53],[-6,-18],[-1,-45],[4,-34],[-2,-21],[-9,-24],[-18,-28],[-12,-22],[-6,-34],[-28,-37],[-10,-19],[-14,-37],[-4,-35],[7,-53],[14,-30],[48,-57],[41,-19],[24,-15],[24,-6],[58,-3],[60,2],[63,2],[24,-6],[23,-10],[45,-26],[51,-20],[36,-7],[33,-9],[34,-13],[74,-35],[59,-36],[45,-48],[23,-26],[23,-22],[32,-61],[7,-28],[25,-32],[38,-28],[61,-38],[55,-50],[30,-38],[11,-29],[-3,-11],[-20,-20],[-29,-41],[-26,-32],[-23,-19],[-10,-5],[-24,-20],[-16,-9],[-23,-20],[-15,-22],[-12,-10],[-19,-23],[-35,-12],[-50,-28],[-33,-13],[-22,2],[-28,-3],[-32,-10],[-18,-9],[-35,-24],[-18,-17],[-20,-29],[-13,-13],[-15,-2],[-26,-9],[-10,-13],[-2,-31],[5,-29],[11,-29],[4,-37],[-9,-9],[1,-54],[-31,-32],[-14,-20],[-13,-33],[-8,-55],[-5,-27],[7,-36],[5,-14],[19,-38],[20,-25],[10,-25],[31,-3],[29,-15],[32,-39],[15,-42],[12,-20],[34,-38],[89,-69],[21,-25],[23,-18],[64,-47],[37,-17],[5,-30],[48,-86],[17,-43],[0,-5],[-19,-38],[-16,-43],[-14,-18],[-16,-37],[-5,-16],[2,-17],[29,-21],[26,-26],[35,-48],[16,-27],[19,-16],[33,-24],[21,-20],[7,-13],[1,-21],[-15,-20],[-20,-17],[-61,-18],[-16,-15],[-8,-13],[-3,-17],[14,-46],[12,-18],[15,-15],[60,-50],[34,-39],[11,-24],[18,-27],[30,-61],[4,-28],[7,-22],[15,-32],[6,-41],[-2,-32],[-4,-16],[-4,-49],[-5,-22],[-27,-37],[-17,-19],[-11,-5],[-29,-22],[-35,-30],[-23,-19],[-36,-24],[-30,-12],[-9,-16],[0,-33],[8,-11],[33,-23],[29,-16],[34,-29],[24,-27],[19,-30],[25,-35],[30,-56],[6,-29],[-8,-23],[-25,-29],[-63,-70],[-35,-31],[-27,-19],[-26,-8],[-24,-17],[-11,-20],[-4,-30],[6,-27],[16,-25],[19,-21],[14,-9],[28,20],[3,5],[33,32],[30,16],[20,16],[34,23],[19,8],[19,3],[59,1],[34,-8],[25,-9],[17,-11],[22,-18],[38,-39],[14,-17],[19,-38],[2,-15],[-5,-45],[4,-20],[16,-19],[15,-10],[33,-13],[39,-3],[23,2],[54,14],[29,19],[50,18],[11,1],[22,-22],[26,-19],[24,-9],[44,-8],[52,-15],[18,-14],[7,-46],[6,-14],[16,-22],[14,-31],[16,-19],[14,-13],[51,-19],[23,-3],[70,-7],[63,-9],[27,-10],[29,-17],[15,-15],[22,-26],[6,-12],[8,-24],[1,-29],[-10,-26],[-1,-27],[-7,-26],[20,-16],[31,-19],[47,-35],[15,-10],[46,-23],[14,-5],[102,-19],[55,-23],[11,-10],[8,-14],[11,-28],[-2,-12],[9,-56],[7,-11],[29,-20],[14,-18],[32,-49],[11,-14],[17,-14],[43,-25],[21,-20],[12,-18],[12,-34],[9,-48],[-1,-23],[12,-5],[15,7],[12,-1],[18,-11],[14,-20],[18,-13],[21,-6],[23,1],[15,6],[38,20],[45,35],[27,12],[37,20],[10,11],[26,19],[28,25],[14,23],[21,16],[55,25],[16,2],[20,-3],[30,-9],[41,-4],[20,6],[23,18],[12,5],[28,2],[14,-6],[15,-14],[3,-12],[-5,-12],[-3,-24],[7,-20],[16,-26],[25,-52],[17,-25],[27,-24],[17,-10],[8,-11],[12,-31],[21,-29],[25,-33],[19,-15],[30,-2],[36,6],[41,19],[22,12],[18,6],[50,21],[35,11],[57,27],[28,8],[19,3],[28,0],[32,-8],[15,-6],[24,-15],[14,-16],[34,-22],[20,-12],[24,-9],[21,-11],[53,-22],[18,-15],[30,-10],[16,-9],[43,-15],[15,-9],[23,-32],[6,-13],[0,-12],[-6,-14],[-21,-25],[-29,-82],[-3,-31],[3,-18],[8,-10],[14,-6],[42,-8],[41,0],[32,12],[16,12],[20,20],[49,25],[25,-10],[26,-3],[38,-1],[33,-14],[25,-22],[32,-35],[26,-39],[43,-34],[49,-26],[10,-2],[7,-11],[-13,-12],[-33,-9],[-17,-18],[4,-23],[10,-8],[22,-8],[39,-1],[24,-3],[9,-6],[11,-19],[16,-9],[17,-32],[28,-38],[29,-19],[59,-27],[49,-12],[36,-15],[8,-16],[-19,-29],[2,-20],[19,-17],[26,-7],[58,-2],[27,-8],[8,-11],[-7,-22],[-2,-25],[7,-22],[15,-7],[28,-1],[21,6],[28,18],[48,20],[12,2],[9,-6],[2,-19],[8,-19],[27,-19],[53,-17],[16,-9],[2,-15],[-7,-11],[-19,-7],[-14,0],[-50,7],[-16,0],[-25,-6],[-21,-10],[-14,-18],[0,-24],[9,-16],[28,-15],[36,-5],[21,2],[25,11],[19,20],[9,26],[8,10],[24,7],[22,-1],[6,-7],[15,-31],[1,-13],[20,-28],[3,-14],[7,-12],[27,-18],[13,-17],[22,-6],[19,0],[25,10],[12,10],[28,29],[36,15],[19,-2],[38,-24],[23,-10],[47,-9],[58,18],[17,9],[9,21],[2,32],[6,21],[11,25],[18,14],[26,8],[7,-1],[10,-18],[-3,-26],[5,-14],[13,-21],[24,-19],[13,-6],[31,-6],[20,2],[20,12],[26,22],[24,6],[28,-10],[12,-11],[7,-21],[18,-24],[34,-26],[16,-7],[41,-23],[1,-15],[-10,-2],[-22,3],[-18,9],[-25,6],[-32,-3],[-12,-7],[-10,-12],[-5,-26],[6,-20],[14,-20],[39,7],[22,0],[23,-7],[21,-16],[16,-23],[42,-27],[11,16],[37,17],[15,12],[8,15],[31,8],[33,0],[18,-14],[34,-3],[31,-14],[37,-28],[14,-6],[68,-14],[18,-12],[15,-6],[30,-6],[21,-1],[30,4],[47,12],[21,3],[20,-10],[23,-7],[74,-67],[21,0],[37,-14],[21,-13],[21,-25],[15,-35],[2,-18],[-11,-45],[-3,-18]],[[52846,74704],[4,-12],[-1,-21],[-12,-19],[0,-30],[-5,-20],[-10,-18],[-3,-20],[-11,0],[12,-63],[9,-29],[25,-49],[43,-47],[22,-19],[51,-34],[42,-38],[73,-71],[19,-15],[32,-35],[20,-18],[21,-17],[20,0],[18,-3],[33,-16],[12,-14],[5,-15],[21,-27],[18,-4],[21,-15],[7,-10],[4,-21],[-1,-33],[3,-34],[11,-37],[6,-26],[-6,-9],[-6,-31],[7,-1],[-8,-42],[-6,-9],[0,-40],[13,-24],[19,-38],[6,-16],[-1,-23],[-15,-18],[-19,-17],[-21,-9],[-18,-14],[-45,-17],[-23,-16],[-8,-9],[-13,-28],[-14,-26],[-3,-12],[21,-44],[7,-6],[4,-32],[8,-9],[7,-32],[-2,-25],[-6,-15],[-41,-66],[-2,-34],[-12,-13],[-1,-35],[-13,-18],[5,-56],[4,-27],[6,-15],[0,-22],[12,-55],[12,-30],[31,-32],[35,-30],[9,-18],[7,5],[27,-22],[28,-105],[28,-53],[15,-22],[34,-60],[46,-27],[8,-17],[-4,-19],[-19,-39],[3,-34],[-5,-66],[-12,-66],[0,-26],[2,-15],[8,-18],[20,-29],[10,-21],[-1,-16],[15,-19],[17,-17],[32,-37],[30,-20],[21,-9],[15,-14],[22,-30],[18,-15],[14,-16],[6,-22],[2,-27],[-7,-46],[-13,-23],[-6,-19],[8,-68],[-10,-124],[4,-21],[-1,-42],[3,-38],[-2,-27],[-7,-19],[0,-17],[11,-73],[2,-20],[-3,-13],[-19,-38],[-12,-19],[-8,-23],[-15,-48],[-5,-20],[1,-16],[8,-21],[21,-19],[41,-30],[2,-13],[-4,-10],[-29,-25],[-19,-7],[-17,-11],[-17,-22],[-5,-21],[1,-21],[10,-31],[28,-45],[23,-33],[6,-13],[0,-16],[-5,-13],[-10,-8],[-53,-30],[-18,-25],[-12,-47],[2,-29],[-1,-26],[-7,-18],[-23,-17],[-28,-30],[-10,-17],[-7,-40],[-7,-21],[-18,-41],[5,-17],[18,-21],[6,-20],[-6,-27],[-1,-28],[19,-57],[5,-31],[6,-15],[5,-44],[-1,-43],[-17,-42],[-10,-13]],[[53467,70213],[-10,-8],[-5,-20],[-18,-16],[-41,-16],[-104,-8],[-34,-15],[-10,-9],[-16,-23],[-6,-22],[-8,-12],[-21,-17],[-32,-39],[-20,-18],[-46,-17],[-66,-44],[-43,-37],[-12,-7],[-51,-20],[-36,-29],[-18,-30],[-15,-18],[-8,-37],[7,-59],[-14,-54],[-10,-53],[-2,-42],[2,-20],[-11,-26],[11,-63],[0,-35],[4,-45],[3,-24],[12,-42],[11,-29],[28,-32],[112,-88],[37,-30],[25,-32],[27,-51],[2,-21],[-5,-14],[-12,-14],[0,-23],[4,-45],[4,-16],[-5,-17],[-15,-35],[1,-39],[10,-64],[36,-51],[29,-33],[20,-30],[3,-20],[-11,-30],[12,-19],[5,-28],[-5,-24],[0,-46],[-8,-38],[-2,-17],[10,-29],[15,-18],[18,-15],[34,-34],[14,-26],[8,-41],[7,-31],[17,-18],[2,-19],[5,-12],[24,-28],[7,-17],[1,-19],[-26,-29],[-19,-26],[-6,-19],[-34,-30],[-12,-13],[-27,-37],[-12,-10],[-42,-11],[-22,-11],[-12,-16],[-14,-26],[-1,-10],[8,-15],[13,-12],[54,-33],[40,-39],[25,-35],[0,-23],[-8,-20],[-23,-39],[-1,-20],[20,-27],[18,-46],[8,-31],[19,-24],[7,-5],[46,-44],[6,-15],[-3,-20],[-13,-24],[-25,-12],[-19,1],[-39,13],[-20,-5],[-14,-7],[-9,-11],[-3,-18],[2,-18],[16,-24],[18,-17],[18,-31],[3,-41],[-10,-19],[-17,-18],[-32,-16],[-52,-17],[-16,-17],[0,-14],[9,-20],[0,-9],[-10,-23],[-1,-26],[-8,-20],[2,-33],[-18,-9],[-18,-22],[-27,-16],[-6,-7],[-10,-24],[-10,-35],[-10,-49],[-9,-32],[-12,-32],[-6,-7],[-32,-13],[-74,7],[-11,-3],[-13,-17],[-9,-34],[-52,-40],[-5,-12],[-1,-18],[-7,-20],[-13,-11],[-55,-16],[-95,-13],[-41,-18],[-14,-14],[-10,-21],[0,-21],[-20,-39],[-6,-30],[4,-23],[37,-24],[13,-17],[8,-22],[-5,-42],[28,-18],[12,-12],[5,-12],[6,-28],[27,-35],[13,-20],[-2,-40],[0,-38],[-2,-50],[-8,-22],[-11,-11],[-3,-20],[-1,-47],[-10,-29],[-33,-17],[-11,-9],[23,-78],[0,-49],[-8,-42],[-17,-61],[-6,-17],[-12,-55],[-22,-55],[-3,-27],[-1,-45],[2,-20],[-3,-17],[-9,-22]],[[37351,77326],[10,-4],[-10,-15],[7,-17],[-4,-16],[-14,-14],[-2,-12],[5,-11],[-2,-12],[-23,-16],[-26,10],[-15,2],[-18,21],[-13,1],[11,34],[-2,17],[13,3],[19,16],[32,10],[32,3]],[[40186,79257],[19,-3],[29,-10],[-3,-10],[-23,-1],[-24,15],[2,9]],[[39385,79512],[15,0],[3,-19],[-45,-4],[1,17],[26,6]],[[39522,79630],[5,-21],[23,-11],[14,0],[-1,-18],[23,-3],[-15,19],[30,-3],[25,-6],[26,-3],[11,-6],[16,3],[10,-11],[-11,-22],[-32,2],[-47,-5],[-40,2],[-47,-3],[-13,3],[1,15],[20,-6],[1,26],[-10,15],[-21,1],[7,11],[21,11],[4,10]],[[39939,81687],[4,-15],[36,-27],[-14,-13],[-32,-4],[-3,6],[-19,15],[-13,19],[-4,13],[23,-2],[22,8]],[[40845,81718],[7,-4],[5,-15],[-6,-12],[-26,-6],[0,14],[-20,0],[-17,5],[-15,-13],[-13,8],[23,7],[23,-2],[25,3],[14,15]],[[40173,81754],[-1,-12],[16,-12],[-17,-8],[-7,18],[9,14]],[[40289,81783],[9,-11],[15,-4],[23,-2],[23,6],[19,-9],[-13,-13],[-14,7],[-13,-14],[-15,1],[-18,-8],[-14,-20],[-43,-2],[-5,-6],[-21,8],[-5,22],[-1,28],[-5,7],[19,4],[5,-14],[12,2],[20,-4],[23,7],[-1,15]],[[41376,82902],[15,-26],[20,-18],[22,-9],[29,-17],[25,-7],[5,-10],[27,2],[19,-2],[22,-6],[27,-3],[21,-9],[7,-19],[-5,-8],[1,-14],[-20,18],[-15,-8],[-21,-4],[-16,-18],[-1,-11],[13,-10],[0,30],[20,6],[-3,-12],[8,-14],[38,-7],[10,-7],[-7,-12],[-28,-18],[-1,-10],[-19,0],[-12,-30],[-17,-2],[-10,15],[-11,4],[-9,15],[-8,-1],[-6,19],[-15,2],[-11,-11],[13,-36],[-30,21],[-3,17],[-16,5],[-20,-22],[-23,5],[-10,-6],[6,-10],[-22,-20],[-13,5],[-10,-11],[5,-9],[14,-7],[6,-21],[12,-3],[-13,-17],[-40,-22],[-58,15],[5,13],[-8,8],[-9,25],[6,27],[10,18],[-10,11],[1,17],[-4,15],[17,30],[-1,10],[-10,8],[3,14],[32,21],[2,19],[21,8],[23,15],[10,22],[4,16],[7,8],[-3,18],[12,5]],[[48421,59595],[1,-19],[-7,-10],[-10,-32],[12,-3],[16,-13],[22,-32],[-2,-6],[8,-17],[-13,-38],[5,-12],[17,-9],[26,-27],[1,-10],[14,-4],[12,-13],[3,-12],[-12,-9],[-4,-16],[22,-16],[1,-13],[7,-3],[22,-27],[29,-3],[12,1],[19,-6],[17,-10],[1,-13],[21,-10],[3,-8],[20,0],[3,-15],[17,-5],[10,-9],[24,5],[6,9],[20,10],[13,-5],[13,-11],[13,1],[-2,-25],[-14,-4],[-9,-10],[-2,-23],[-6,-8],[-1,-16],[8,-6],[5,-30],[-7,-12],[3,-11],[-21,-64],[-19,-10],[10,-35],[10,0],[14,-11],[7,6],[14,-10],[10,2],[13,-10],[-1,-11],[25,-20],[20,-22],[18,-8],[22,-15],[3,-10],[14,-10],[-3,-13],[-10,-8],[-5,-13],[-10,-11],[9,-7],[7,-29],[17,-51],[9,-1],[5,-18],[-5,-14],[5,-10],[-7,-17],[-9,-5],[3,-9],[33,-19],[13,0],[3,-8],[15,-11],[37,-6],[11,-15],[15,9],[10,-7],[2,-11],[13,-4],[10,3],[16,-10],[10,8],[26,-1],[54,10],[6,-6],[20,-5],[5,-16],[14,-7],[10,-1],[19,-18],[1,-13],[8,-15],[-12,-18],[2,-18],[-6,-8],[13,-7],[14,-25],[15,-3],[6,-7],[19,-5],[17,-11],[4,-12],[19,-5],[-3,-9],[15,-13],[22,-7],[-4,-16],[-15,-9],[6,-6],[-2,-13],[29,-4],[5,9],[11,1],[29,16],[15,5],[6,9],[14,1],[11,-4],[3,-22],[6,-10],[13,-5],[49,-9],[-3,15],[12,4],[12,-8],[28,-6],[2,12],[10,3],[3,16],[8,13],[0,15],[7,7],[-8,8],[18,9],[4,16],[19,11],[-2,10],[4,14],[10,1],[21,15],[24,-5],[15,8],[6,13],[12,3],[9,-7],[15,-2],[9,20],[10,0],[10,-16],[13,2],[13,14],[4,13],[16,8],[12,15],[11,-11],[2,-16],[18,12],[3,11],[-3,15],[9,15],[15,1],[12,13],[12,-1],[25,-15],[27,-9],[7,3],[4,13],[46,-24],[24,12],[7,-3],[-5,-24],[-9,-11],[33,0],[11,-8],[-4,-11],[8,-5],[16,8],[22,-18],[22,-1],[19,-11],[4,-29],[-15,-24],[-27,-8],[-8,-7],[1,-12],[10,-3],[12,7],[10,-8],[-18,-36],[-2,-13],[9,-25],[-10,-19],[-1,-23],[15,-28],[20,-12],[-10,-12],[8,-21],[-12,-11],[4,-17],[11,-14],[24,-23],[0,-22],[15,1],[17,-11],[10,-22],[14,-14],[31,-14],[22,-20],[5,-17],[10,-12],[22,-5],[32,-27],[0,-10],[14,-4],[28,-39],[-14,-12],[-3,-15],[-17,-15],[1,-7],[-10,-13],[-21,-12],[-11,-16],[-14,-7],[3,-9],[-12,-23],[-14,-5],[8,-48],[17,-19],[16,3],[13,-11],[24,-1],[11,-18],[-5,-14],[12,-9],[-7,-13],[-2,-14],[-16,-10],[2,-27],[-6,-13],[-21,-15],[6,-14],[-16,-2],[-18,-19],[-13,-3],[-5,-20],[-28,3],[-23,-18],[-19,0],[-23,-15],[-11,-14],[-2,-11],[-11,-12],[5,-10],[-18,-2],[-27,-18],[-19,-6],[-4,-7],[-18,-9],[-24,-21],[-7,-3],[-14,-23],[11,-11],[-6,-10],[15,-7],[15,-14],[-3,-35],[9,-12],[-4,-7],[7,-16],[5,-38],[9,-11],[2,-28],[18,-4],[27,5],[14,-6],[33,-2],[12,2],[18,-3],[25,1],[23,8],[14,-1],[33,8],[13,-1],[12,15],[27,2],[-4,10],[9,12],[4,20],[20,3],[21,21],[9,-4],[18,23],[42,0],[8,13],[7,0],[8,-18],[18,-10],[22,4],[11,6],[14,15],[7,24],[0,31],[-8,11],[-25,15],[-1,20],[3,10],[-8,8],[15,8],[15,-1],[13,6],[27,30],[3,22],[-7,9],[22,33],[-3,19],[8,12],[15,5],[-2,11],[8,6],[-23,17],[15,15],[18,0],[8,4],[26,-18],[19,-10],[6,-19],[26,-8],[18,-20],[33,-12],[11,-9],[38,-16],[30,-3],[12,-5],[30,-25],[18,-7],[9,-20],[16,-16],[24,-12],[33,5],[18,-4],[9,-8],[13,5],[21,-1],[23,3],[20,-1],[27,4],[14,13],[12,-1],[13,-9],[21,-27],[-5,-21],[25,-16],[10,-10],[1,-15],[7,-8],[18,-8],[-1,-17],[5,-16],[12,-16],[-3,-27],[4,-20],[11,-1],[14,13],[10,-4],[-9,-20],[-1,-11],[9,-3],[15,4],[15,-18],[2,-23],[-14,-31],[2,-15],[12,-22],[27,1],[19,3],[7,-9],[24,4],[2,-17],[20,1],[3,12],[12,13],[18,3],[25,-4],[20,-9],[26,-5],[35,-17],[25,-4],[10,-8],[32,-3],[27,-14],[7,-8],[16,-4],[0,-9],[-12,-10],[12,-12],[5,-23],[15,-13],[-8,-17],[3,-21],[-3,-13],[6,-35],[19,11],[8,0],[3,-13],[19,-20],[25,-3],[12,-7],[-15,-40],[-6,-13],[4,-8],[13,-7],[25,2],[16,-24],[26,-21],[3,-23],[16,-10],[5,-16],[1,-28],[23,-30],[20,-12],[-1,-27],[17,-8],[13,-2],[2,-12],[16,-8],[12,-16],[17,1],[9,12],[16,11],[7,21],[20,17],[36,19],[4,11],[30,13],[10,-4],[24,1],[3,6],[16,-1],[29,-14],[31,-7],[47,19],[40,8],[14,-9],[19,16],[12,5],[14,-5],[4,-16],[11,-9],[35,-6],[34,12],[43,8],[18,-18],[18,5],[31,0],[29,-3],[30,-13],[-14,-28],[8,-20],[12,-11],[5,-11],[46,1],[13,30],[15,-14],[-2,-18],[-12,-31],[-18,4],[-31,-38],[-4,-20],[31,0],[27,2],[54,11],[29,7],[10,6],[15,20],[9,9],[5,14],[-4,17],[3,20],[16,1],[16,10],[23,24],[10,1],[25,23],[40,18],[26,0],[21,-3],[23,7],[21,-1],[16,-12],[13,-4],[4,-19],[-5,-28],[5,-8],[-7,-15],[5,-21],[-10,-27],[8,-8],[45,-2],[40,30],[18,24],[39,18],[13,1],[12,9],[15,19],[14,40],[12,13],[11,4],[29,23],[17,24],[33,35],[41,50],[25,32],[15,8],[8,-10],[18,-2],[33,0],[10,-3],[8,-10],[15,0],[7,10],[13,-1],[29,5],[9,8],[30,-1],[28,-13],[40,3],[6,6],[23,6],[8,-4],[16,17],[4,18],[20,20],[23,-30],[34,-12],[0,-9],[29,-20],[27,-29],[12,-20],[10,-5],[4,-12],[34,-21],[5,4],[24,-21],[25,4],[51,-19],[8,-8],[9,-20],[7,-5],[11,-23],[5,-21],[22,-37],[32,-25],[0,-7],[19,-15],[32,-31],[-3,-12],[34,6],[18,10],[5,13],[16,17],[15,21],[-1,14],[11,17],[-1,14],[9,34],[17,5],[14,11],[2,14],[8,6],[3,17],[-4,23],[8,63],[10,13],[9,20],[2,17],[-4,56],[-8,11],[-11,36],[11,24],[0,14],[12,35],[9,7],[2,23],[5,13],[-4,19],[8,6],[4,15],[13,8],[1,22],[8,28],[33,44],[21,37],[21,41],[3,19],[15,20],[10,25],[13,24],[10,29],[-17,21],[-17,34],[-18,14],[-13,15],[-10,17],[-62,21],[-27,7],[-18,9],[-21,3],[-14,14],[2,9],[10,13],[-9,16],[4,13],[-31,22],[1,9],[18,0],[8,18],[9,8],[22,-1],[11,10],[12,27],[16,13],[21,-1],[12,10],[11,-2],[27,17],[24,12],[30,39],[1,17],[13,15],[9,23],[16,18],[6,23],[15,9],[4,9],[0,18],[17,26],[3,24],[-9,22],[3,29],[-4,10],[12,21],[-8,18],[19,12],[-3,18],[8,12],[-3,16],[7,10],[8,40],[8,11],[16,6],[3,15],[50,16],[11,-2],[23,8],[27,14],[7,12],[36,36],[-3,13],[32,8],[32,4],[15,4],[54,32],[3,16],[15,10],[9,13],[5,27],[8,9],[8,-8],[11,4],[1,17],[10,18],[12,-1],[0,14],[20,3],[-8,16],[1,23],[-14,7],[7,18],[2,27],[5,15],[20,-2],[7,17],[17,10],[8,18],[26,11],[-3,15],[9,21],[0,10],[-10,9],[-2,14],[11,1],[40,15],[21,20],[45,13],[12,-11],[18,-1],[21,-24],[38,-11],[13,-8],[12,1],[14,-7],[6,-12],[14,-5],[16,6],[10,-1],[44,-33],[20,-7],[26,-20],[14,-19],[9,-3],[8,-12],[14,-5],[16,3],[11,-2],[11,-10],[25,-11],[25,-15],[19,-2],[39,-15],[27,6],[9,8],[17,5],[13,-3],[35,8],[-5,-14],[-26,-4],[1,-7],[23,-26],[16,-9],[10,-12],[34,-5],[20,-18],[4,-9],[-13,-8],[-8,-11],[12,-6],[11,-12],[25,-13],[28,-45],[30,-26],[9,-12],[10,-45],[18,-10],[15,1],[1,-21],[11,-4],[20,-22],[2,-16],[16,-13],[-1,-12],[15,6],[13,-5],[5,-19],[-3,-12],[-9,-6],[0,-10],[18,-7],[-17,-13],[6,-15],[-17,-13],[-3,-8],[7,-14],[-14,-16],[8,-15],[-13,-20],[3,-11],[9,-4],[-10,-16],[8,-16],[-6,-22],[-6,-10],[-19,-3],[-11,-10],[11,-14],[-9,-6],[-4,-25],[-21,-9],[-1,-13],[-16,-8],[-1,-12],[-8,-5],[-8,-14],[8,-5],[12,-28],[-6,-17],[-9,-10],[-38,-21],[-5,-15],[-16,-22],[9,-15],[0,-15],[-17,-16],[1,-21],[-22,-44],[-25,-8],[-10,-8],[3,-7],[-12,-20],[11,-12],[-13,-13],[-12,10],[-10,1],[-58,-11],[-21,8],[-4,6],[-22,10],[-29,16],[-14,11],[-15,-2],[-22,3],[-34,20],[-62,-53],[-20,-15],[20,-15],[8,-11],[2,-12],[22,-20],[-15,-32],[5,-11],[-6,-31],[-13,-10],[-17,-22],[-21,-49],[-12,-16],[-21,-7],[6,-9],[5,-25],[-5,-6],[-14,-42],[-15,-30],[-28,-38],[-14,-29],[54,-16],[39,-4],[20,-13],[28,-21],[18,-19],[70,-21],[23,-12],[30,-29],[7,-13],[3,-16],[-5,-17],[-8,-8],[2,-12],[22,-14],[7,-10],[0,-11],[-12,-13],[-18,-9],[-3,-10],[9,-14],[25,-8],[18,3],[45,14],[18,-8],[19,-19],[16,-9],[47,-11],[20,-10],[11,1],[17,-10],[14,-18],[21,-16],[8,0],[23,17],[29,40],[17,13],[0,24],[14,30],[12,13],[10,26],[1,17],[14,20],[12,9],[16,2],[10,7],[7,21],[22,12],[15,17],[5,23],[9,17],[4,67],[10,13],[17,8],[10,13],[-2,18],[-11,14],[-3,15],[7,6],[13,2],[12,8],[-6,27],[5,14],[21,4],[-7,15],[-12,16],[-13,23],[2,13],[-4,17],[7,15],[0,22],[-7,24],[3,10],[-8,17],[22,-7],[22,-30],[7,-3],[9,-21],[42,-11],[13,-16],[21,-12],[7,-17],[19,-4],[13,3],[44,0],[18,19],[17,-1],[8,7],[12,-11],[22,-2],[18,-7],[15,6],[31,-8],[21,-9],[32,-2],[12,4],[30,17],[10,28],[49,-27],[26,-2],[15,-8],[5,-8],[26,-27],[3,-11],[-15,-40],[5,-13],[19,-13],[14,-1],[11,-7],[15,-36],[22,-21],[10,-16],[12,-7],[24,-7],[16,10],[22,-3],[17,9],[14,2],[17,9],[8,13],[23,11],[25,0],[17,-5],[41,0],[38,13],[31,-1],[21,9],[9,8],[6,22],[40,11],[32,49],[26,14],[5,16],[11,9],[-13,23],[-13,11],[-4,12],[-29,36],[-22,14],[-11,32],[-39,20],[-9,13],[-1,9],[-12,19],[8,10],[-11,18],[-15,10],[-33,1],[-21,-4],[-23,4],[-2,23],[-4,14],[4,12],[-1,19],[9,25],[-11,11],[2,9],[14,12],[22,12],[4,10],[12,5],[33,20],[-5,12],[-19,28],[-34,45],[-37,16],[-13,13],[7,8],[10,30],[-2,7],[11,18],[3,26],[8,19],[18,10],[-23,40],[-3,21],[9,17],[0,19],[5,13],[21,17],[8,10],[25,11],[34,34],[15,19],[5,11],[20,22],[26,-9],[86,-24],[48,-16],[24,-16],[12,-14],[25,-20],[26,-16],[50,-24],[0,-36],[6,-23],[21,-17],[28,-8],[29,-16],[21,-1],[20,-8],[42,-1],[15,9],[22,7],[28,1],[15,-7],[22,-1],[17,18],[12,4],[10,-6],[23,-1],[28,-7],[19,7],[14,13],[12,1],[11,-7],[24,-1],[19,6],[32,18],[7,8],[-10,18],[3,22],[32,1],[39,17],[18,5],[9,8],[-8,27],[2,10],[22,14],[-2,13],[6,13],[-1,23],[14,30],[6,9],[-3,22],[20,12],[33,3],[18,15],[12,3],[19,15],[25,5],[16,10],[17,5],[25,2],[21,-3],[6,-17],[16,-17],[6,-30],[-2,-28],[-6,-18],[10,-17],[-1,-15],[-6,-7],[9,-8],[18,-7],[17,-14],[8,-34],[1,-18],[-3,-24],[9,-19],[9,-10],[0,-15],[17,-10],[10,-20],[18,-11],[15,9],[25,31],[14,14],[6,20],[14,8],[14,20],[9,21],[38,19],[11,20],[0,21],[12,17],[22,39],[0,10],[10,17],[16,9],[22,-2],[1,19],[8,13],[28,3],[11,7],[-1,20],[55,35],[6,33],[16,26],[-15,15],[7,11],[13,3],[21,11],[12,21],[-3,16],[-8,14],[13,21],[4,12],[-11,26],[14,19],[30,13],[19,32],[31,4],[33,-1],[-4,10],[17,32],[11,6],[25,3],[20,0],[14,11],[0,45],[-4,14],[18,9],[31,42],[17,5],[26,-9],[15,4],[49,29],[5,7],[12,35],[-3,9],[20,14],[9,1],[32,-8],[13,6],[31,3],[23,6],[38,-3],[15,14],[2,21],[10,21],[-8,11],[4,12],[-9,8],[0,14],[19,11],[19,0],[36,-9],[15,-1],[21,14],[27,-10],[14,-2],[36,4],[21,8],[39,10],[21,10],[6,11],[19,20],[15,22],[-6,30],[0,12],[8,9],[3,17],[34,36],[3,14],[-5,12],[6,12],[18,10],[16,18],[18,22],[6,23],[4,33],[22,30],[18,15],[3,20],[-5,12],[11,7],[23,2],[22,9],[16,2],[46,-18],[37,-20],[9,-10],[31,1],[28,22],[9,16],[16,17],[20,-1],[15,-15],[16,6],[31,2],[30,27],[3,11],[11,10],[19,4],[6,7],[4,18],[-3,16],[-27,15],[-2,26],[5,17],[-1,17],[-10,13],[0,10],[19,16],[21,23],[-14,17],[7,22],[-7,49],[-8,8],[-15,2],[-32,13],[-6,10],[0,36],[6,30],[-2,21],[-10,23],[-11,15],[-5,18],[9,21],[-8,19],[3,23],[25,10],[11,21],[16,7],[-6,24],[5,24],[-5,18],[10,14],[0,23],[6,33],[21,11],[26,17],[27,13],[29,2],[11,9],[-4,20],[4,8],[1,28],[12,9],[14,4],[12,17],[-4,14],[-17,14],[-5,10],[3,13],[-5,12],[-22,15],[5,44],[0,18],[-11,24],[-7,42],[4,19],[-4,24],[4,18],[-3,14],[2,27],[-3,33],[9,17],[-3,8],[-15,8],[-11,13],[3,6],[27,16],[10,11],[3,15],[28,32],[14,9],[-4,15],[-15,32],[-36,32],[-5,8],[-17,10],[-2,39],[-8,18],[5,27],[11,16],[-20,8],[-30,3],[-22,5],[-8,6],[-26,2],[-30,-6],[-20,11],[-11,14],[-20,2],[-13,5],[-19,19],[-18,26],[-9,6],[-1,19],[-8,24],[0,26],[-10,17],[-15,13],[-11,19],[-59,14],[-44,-10],[-17,1],[-11,12],[-41,30],[-25,7],[-8,14],[2,7],[14,7],[9,15],[3,25],[-2,19],[-19,16],[1,15],[29,6],[18,18],[18,10],[24,19],[23,-2],[32,23],[27,8],[1,24],[7,9],[19,3],[29,-10],[7,8],[20,-1],[12,3],[15,14],[33,-3],[15,-6],[5,-11],[15,-17],[18,-4],[40,-32],[33,-4],[4,-8],[-14,-38],[7,-12],[16,-6],[27,-15],[13,0],[22,-12],[13,-10],[30,3],[6,10],[23,1],[13,-7],[5,-11],[12,-8],[22,-21],[9,-14],[23,-6],[30,-13],[10,-26],[-5,-12],[20,-31],[26,-8],[10,-16],[-7,-13],[15,-19],[-1,-22],[30,-16],[19,-15],[7,-23],[8,-5],[9,-19],[2,-22],[13,-12],[11,-26],[-5,-24],[3,-15],[12,-15],[-3,-12],[15,-31],[11,-5],[9,-23],[15,-28],[26,-16],[4,-26],[7,-8],[12,-24],[2,-13],[16,-17],[1,-6],[35,-7],[22,-13],[4,-9],[14,-8],[22,-3],[34,3],[17,8],[50,1],[19,13],[13,-3],[33,6],[19,9],[12,13],[21,0],[41,21],[11,0],[22,17],[8,17],[-2,19],[43,28],[20,3],[17,18],[2,17],[12,14],[15,2],[5,14],[13,8],[16,3],[10,6],[27,5],[20,0],[4,12],[23,15],[13,1],[25,8],[12,8],[10,-6],[19,7],[44,-2],[27,9],[20,4],[24,-4],[10,17],[21,19],[1,10],[-12,5],[-15,12],[-33,15],[-11,14],[-3,28],[6,28],[-11,24],[-22,18],[14,32],[28,24],[1,15],[15,18],[16,7],[14,12],[-5,23],[3,26],[-4,28],[-15,17],[-7,17],[-12,6],[-16,15],[-8,19],[4,16],[14,21],[5,14],[1,20],[-2,18],[33,34],[36,8],[9,4],[27,4],[10,33],[24,24],[10,15],[-2,32],[5,16],[0,26],[8,16],[21,20],[14,21],[25,16],[22,8],[25,3],[39,10],[1,9],[-10,13],[0,10],[27,23],[16,8],[3,11],[-4,21],[23,9],[17,13],[4,15],[-5,43],[-1,30],[7,10],[-12,23],[-25,30],[1,9],[13,15],[13,23],[14,33],[-4,20],[5,22],[-17,20],[2,30],[-7,27],[-31,19],[-5,11],[-26,16],[-11,22],[0,36],[7,7],[29,3],[12,7],[28,35],[-15,44],[1,14],[-8,32],[-30,23],[-22,6],[6,10],[7,37],[-3,12],[9,22],[2,22],[-9,19],[7,21],[-17,16],[-4,14],[2,18],[44,23],[8,17],[17,11],[29,5],[1,10],[9,10],[-13,34],[5,21],[12,18],[8,27],[20,35],[-2,24],[6,14],[-11,3],[-22,15],[-10,11],[1,19],[-25,11],[-10,10],[2,13],[-9,36],[-14,20],[-15,4],[-29,3],[-16,20],[-8,22],[2,12],[-6,28],[39,20],[-4,40],[5,21],[-11,23],[-19,21],[-13,22]],[[62013,63195],[20,9],[-5,14],[24,22],[-5,14],[8,17],[29,16],[14,3],[16,-2],[41,-32],[11,-4],[10,-15],[31,-16],[19,-19],[34,-30],[10,-14],[17,-6],[14,1],[18,-14],[30,-6],[3,-9],[30,-10],[16,0],[13,-11],[21,0],[4,-3],[8,-26],[37,-11],[6,-11],[11,0],[11,-9],[15,3],[11,-6],[18,5],[19,-7],[24,-15],[30,-12],[22,-6],[16,-10],[13,8],[21,-10],[20,4],[20,-5],[17,-1],[34,10],[16,9],[-1,9],[22,12],[21,29],[19,4],[21,10],[15,17],[10,-4],[12,8],[15,3],[24,16],[25,0],[9,-7],[26,-5],[19,9],[4,14],[-5,18],[20,18],[15,3],[19,18],[28,13],[15,20],[24,20],[12,1],[15,17],[8,15],[10,8],[27,8],[12,24],[16,7],[7,10],[16,7],[6,19],[9,20],[10,7],[13,20],[2,19],[11,12],[2,30],[11,8],[7,37],[9,9],[-3,26],[3,9],[13,16],[3,11],[16,22],[15,32],[6,30],[15,25],[32,31],[2,14],[8,6],[16,30],[9,8],[33,16],[24,-3],[8,3],[17,-15],[14,-3],[43,3],[49,-12],[12,-7],[5,-13],[-13,-22],[1,-14],[-6,-30],[-9,-17],[-4,-28],[7,-12],[19,-10],[14,-3],[18,-9],[14,-11],[16,3],[12,8],[19,4],[23,-3],[18,22],[26,1],[51,18],[1,24],[10,4],[10,12],[14,29],[15,15],[20,14],[12,3],[19,-1],[29,15],[3,11],[-7,15],[-19,4],[-2,26],[-8,25],[1,13],[19,18],[25,33],[3,9],[-6,42],[16,9],[12,16],[24,3],[8,7],[22,-16],[2,-12],[21,-19],[-17,-8],[-9,-20],[1,-9],[11,-19],[20,0],[26,12],[27,15],[15,3],[14,11],[12,16],[9,35],[15,8],[24,0],[7,-27],[28,-12],[8,-27],[8,-5],[53,-5],[7,-15],[-2,-12],[10,-15],[-17,-5],[-6,-16],[-4,-28],[12,-15],[29,-11],[9,-17],[21,-5],[21,-10],[4,5],[20,-4],[0,-14],[12,-10],[14,-1],[17,13],[74,-46],[12,25],[23,19],[9,16],[6,31],[31,11],[5,14],[13,14],[25,7],[6,6],[2,21],[18,15],[11,23],[16,18],[-4,11],[14,24],[29,19],[17,-3],[11,-6],[20,-1],[40,15],[15,-3],[16,-18],[16,-5],[27,4],[17,-14],[18,-9],[21,-4],[8,4]],[[65070,63934],[6,5],[40,-7],[37,-15],[39,-4],[38,7],[20,0],[25,-13],[28,2],[23,-3],[26,-9],[17,-16],[24,-3],[28,-8],[32,-4],[57,-15],[29,-16],[83,-30],[25,-5],[77,-11],[10,-8]],[[65734,63781],[-7,-14],[-12,-10],[-25,-10],[-12,-12],[-20,-10],[-1,-12],[5,-13],[-8,-10],[-7,-32],[-23,-19],[-4,-16],[-22,-23],[-13,-11],[-6,-11],[-19,-23],[-20,-37],[-4,-22],[-14,-36],[-25,-38],[-1,-8],[-24,-39],[1,-11],[-21,-31],[-7,-4],[-12,-27],[-3,-34],[-8,-30],[-1,-20],[-7,-18],[-19,-26],[-31,-59],[-6,-19],[-19,-16],[-7,-13],[-5,-24],[-13,-8],[-15,-20],[-5,-15],[-10,-10],[-11,-25],[4,-18],[-8,-20],[-27,-38],[-7,-23],[-29,-38],[-17,-30],[-11,-27],[-19,-21],[-10,-36],[-9,-13],[-5,-15],[5,-9],[-10,-14],[10,-20],[-10,-16],[8,-8],[4,-26],[-10,-11],[6,-19],[-6,-13],[-17,-9],[-1,-11],[-15,-9],[-7,-12],[0,-20],[-10,-14],[-11,-3],[-2,-31],[-11,-2],[-9,-16],[1,-19],[-32,-10],[-22,5],[-8,-2],[-37,-28],[-18,-6],[-23,-18],[-21,-30],[-15,-12],[-12,0],[-32,10],[-12,6],[-9,-4],[-27,1],[-14,3],[-10,-25],[-32,-6],[-8,-10],[7,-11],[5,-22],[10,-18],[0,-17],[9,-10],[4,-18],[-10,-17],[-24,-16],[-5,-30],[10,-23],[-5,-29],[8,-12],[-2,-24],[2,-16],[-3,-19],[14,-7],[-3,-27],[18,-25],[-1,-14],[-17,-13],[-6,-13],[9,-11],[-6,-17],[4,-15],[18,-31],[-4,-18],[12,-34],[8,-4],[-3,-18],[10,-27],[-2,-21],[-5,-11],[-15,-48],[-13,-13],[-32,-20],[-1,-8],[-17,-25],[-30,-26],[-10,-24],[-19,-11],[-3,-29],[2,-9],[-1,-22],[9,-24],[-2,-32],[-4,-13],[-9,-8],[-8,-29],[-21,-20],[-8,-25],[4,-8],[-5,-37],[-10,-33],[-2,-28],[-11,-19],[-4,-17],[-2,-55],[-12,-16],[-8,-29],[-13,-41],[-14,-25],[-19,-20],[-33,-16],[-40,-5],[-29,0],[-16,12],[-12,-12],[-57,-20],[5,-9],[-18,-22],[-22,-21],[-19,-3],[-21,4],[-13,-5],[-21,-18],[4,-17],[10,-12],[-3,-16],[-13,-9],[10,-6],[18,-22],[7,-12],[-7,-20],[4,-9],[-19,-25],[0,-28],[10,-16],[-24,-7],[-22,-13],[-23,11],[-29,4],[-7,9],[-23,11],[-23,3],[-8,11],[-30,5],[-17,-7],[-51,-10],[-10,-9],[6,-33],[-12,-4],[-10,-12],[0,-23],[-3,-14],[13,-11],[0,-7],[-25,-43],[-15,-12],[-11,-16],[-13,-6],[-9,-12],[-20,-12],[-25,-28],[-20,-9],[-15,-2],[-25,4],[-27,-9],[-21,15],[1,15],[6,20],[-32,16],[-4,7],[-18,12],[-11,12],[-19,26],[-35,5],[-15,-8],[-18,-19],[-6,-10],[-4,-21],[2,-28],[15,-24],[5,-13],[-5,-15],[-16,2],[-32,19],[-19,-8],[-5,-16],[-14,-11],[-3,-28],[6,-11],[-15,-24],[-16,-9],[6,-14],[-7,-13],[0,-15],[38,-15],[1,-17],[6,-11],[-6,-13],[-1,-16],[-20,-29],[-25,-1],[-27,-7],[-7,-7],[-17,-8],[-1,-24],[-16,-16],[-3,-13],[-30,-18],[4,-14],[-24,-4],[-65,-5],[-7,-13],[0,-18],[5,-6],[-4,-21],[7,-19],[-9,-3],[-12,-22],[1,-11],[8,-18],[-19,-3],[-10,-12],[-12,2],[-16,19],[-28,9],[-28,3],[-13,20],[-12,11],[-6,13]],[[63117,60003],[-14,3],[-29,-8],[-47,0],[-14,-7],[-16,-18],[-6,-24],[-20,-26],[-23,-32],[-28,-16],[-24,-22],[-2,-13],[-12,-22],[8,-9],[-10,-27],[-16,-20],[-10,-39],[-8,-18],[-46,-35],[-14,-16],[-15,-8],[-25,-34],[-16,-14],[-3,-12],[19,-21],[13,-25],[22,-5],[9,-10],[-11,-14],[-14,-32],[1,-8],[-18,-29],[-2,-17],[-11,-18],[-17,-18],[-4,-26],[4,-15],[-4,-32],[-1,-33],[-12,-20],[-14,-43],[-26,-24],[-1,-15],[-11,-13],[-4,-13],[-24,-26],[-31,-8],[-12,-11],[-1,-11],[12,-12],[7,8],[24,13],[16,-2],[14,3],[16,11],[26,1],[10,-9],[53,-9],[-6,-23],[7,-37],[2,-24],[-2,-19],[-9,-24],[3,-17],[8,-2],[14,6],[22,-3],[29,-24],[9,-16],[25,-12],[18,-14],[4,-15],[-2,-30],[-14,-6],[-9,-16],[9,-11],[-5,-14],[-26,-10],[-25,3],[-25,-27],[-5,-24],[23,-34],[12,-22],[20,-5],[35,-17],[7,-9],[13,-5],[11,-14],[13,-6],[29,-21],[-18,-9],[-13,-1],[-27,-16],[-13,-18],[16,-35],[13,-20],[20,-17],[10,-17],[31,-9],[22,2],[45,15],[32,4],[32,11],[101,27],[42,15],[-4,-31],[3,-10],[21,-15],[0,-9],[-15,-15],[-3,-28],[-4,-8],[-29,-24],[-30,-9],[-32,-26],[-15,-5],[-55,-38],[-7,-11],[-30,-12],[-16,-14],[-17,-3],[-16,8],[-23,-1],[-13,-11],[-12,-31],[0,-21],[5,-17],[20,-24],[36,-13],[18,-27],[24,-25],[17,-29],[7,-19],[22,-25],[16,-6],[8,-17],[-13,-44],[15,-22],[0,-29],[-12,-2],[-6,-10],[1,-16],[-6,-24],[6,-17],[-5,-9],[3,-11],[26,-28],[-16,-33],[14,-31],[17,-16],[2,-11],[27,-5],[14,-23],[11,-3],[20,-19],[-2,-31],[-5,-13],[5,-14],[-10,-9],[-2,-23],[-10,-9],[-2,-13],[4,-25],[13,-15],[-8,-37],[-10,-12],[-8,-20],[-17,-23],[-23,-14],[-24,10],[-33,1],[-20,7],[-24,0],[-25,3],[-10,6],[-16,-1],[-10,8],[-15,0],[-18,8],[-22,1],[-27,-12],[-14,-1],[-29,11],[-10,11],[-21,9],[-26,0],[-30,10],[-58,-10],[-9,5],[-24,-2],[-8,-4],[-63,19],[-17,-22],[-23,-13],[-33,-8],[-14,-13],[-20,-9],[-18,-16],[-4,-12],[-27,-6],[-26,-22],[-24,0],[-6,-9],[-22,-13],[-6,-20],[-6,-9],[0,-13],[-16,-20],[-11,-3],[-13,-21],[-18,-20],[1,-13],[-8,-20],[-4,-33],[8,-6],[13,18],[8,4],[70,-1],[28,-8],[14,1],[13,-8],[34,3],[38,-33],[50,4],[15,-3],[30,-13],[26,-4],[40,-17],[27,-2],[16,-15],[8,-18],[24,-24],[5,-10],[4,-25],[6,-8],[21,-5],[35,-1],[10,-6],[28,-6],[31,-20],[28,-2],[18,-8],[15,-1],[24,4],[45,4],[23,-4],[6,-22],[7,-8],[31,-10],[26,-3],[26,3],[13,-6],[23,-3],[0,-23],[15,-18],[24,-10],[8,-1],[13,11],[27,1],[11,4],[24,-13],[22,0],[28,-15],[12,-12],[-15,-12],[7,-23],[-9,-3],[-7,-17],[13,-1],[21,-15],[13,-18],[20,-12],[-3,-16],[8,-4],[-4,-11],[-16,-9],[1,-10],[-11,-17],[21,-25],[21,-9],[17,0],[13,-16],[36,-5],[24,-6],[9,-7],[8,-15],[14,-11],[2,-14],[-5,-16],[15,-8],[3,-7],[-18,-14],[1,-9],[13,-10],[25,-3],[18,-16],[-3,-8],[23,-25],[-3,-10],[27,-19],[4,-23],[10,-5],[2,-10],[14,-4],[5,-8],[3,-17],[13,-6],[3,-8],[13,-5],[2,-7],[24,-15],[4,-12],[-1,-18],[-12,-7],[-5,-10],[8,-15],[31,2],[11,11],[19,-1],[14,-7],[11,10],[29,-13],[3,-13],[15,-9],[9,1],[11,-15],[17,-15],[16,-5],[-4,-16],[-16,-12],[-10,-16],[-17,-4],[-63,1],[-43,-4],[-49,-17],[-40,-5],[-36,6],[-42,1],[-21,-8],[-8,-17],[0,-23],[24,-36],[27,-35],[17,-31],[3,-21],[-15,-27],[-39,-39],[-79,-64],[-33,-28],[-11,-31],[-1,-30],[24,-48],[3,-67],[-26,-48],[-29,-46],[-11,-12],[-5,-15],[-6,-35],[12,-93],[2,-71],[-5,-19],[-23,-28],[-14,-23],[-26,-9],[-45,-11],[-24,-17],[-18,-8],[-27,0],[-17,-4],[-28,-1],[-13,3],[-22,12],[-33,8],[-4,10],[-30,12],[-16,10],[-7,29],[-18,7],[-19,18],[-30,9],[-7,23],[-22,14],[-8,22],[-28,3],[-8,10],[-8,19],[-19,8],[-6,10],[-15,2],[-10,19],[4,22],[-17,13],[-6,18],[-23,22],[-4,8],[-4,24],[-24,21],[-37,16],[-24,23],[-20,-10],[-28,8],[-3,-10],[-16,-10],[-12,9],[-18,-16],[-13,4],[-32,-6],[-9,-9],[-12,0],[-12,-14],[9,-17],[-29,-16],[4,-11],[-4,-8],[-4,-24],[-28,-23],[-15,-19],[-21,-14],[0,-8],[-14,-19],[-19,-8],[0,-14],[-8,-6],[-13,-19],[-5,-22],[15,-3],[-34,-21],[-10,0],[-31,-14],[-12,-8],[-7,-11],[-25,-10],[-31,-35],[-22,-13],[-21,-27],[-11,-2],[-13,-12],[-18,-4],[-27,-24],[-58,-36],[-8,-50],[-6,-14],[0,-13],[-14,-25],[0,-11],[-7,-13],[-15,-20],[-4,-15],[-24,-33],[-3,-15],[-44,-42],[-31,-7],[-17,-1],[-20,-8],[-26,-18],[-43,-23],[-22,-28],[-14,-12],[-10,-24],[-8,-10],[-12,-2],[-27,-17],[-25,-20],[-20,-9],[-27,-4],[-39,-20],[-23,-22],[-18,-6],[-24,-20],[-14,0],[-6,-17],[-32,-16],[-19,-17],[-30,-14],[10,-9],[22,-2],[17,-17],[21,-8],[18,7],[10,-6],[15,-14],[-25,-54],[-28,-29],[-19,-35],[-12,-13],[-14,0],[-17,9],[-6,8],[-25,7],[-13,19],[-9,0],[-10,-17],[-1,-8],[-18,-6],[-24,8],[-10,-1],[-28,-19],[-24,-11],[-20,-2],[-22,5],[-22,15],[-10,-2],[-14,-12],[-25,-30],[-13,-5],[-18,0],[-17,-5],[-28,-28],[-2,-5],[5,-44],[-16,-9],[-16,-4],[-46,-25],[-3,-17],[-9,-16],[-12,-40],[-6,-15],[-37,-26],[-38,-3],[-12,1],[-9,-12],[2,-26],[-11,-6],[-44,-10],[-11,1],[-31,-9],[-13,-14],[-9,-14],[-22,-19],[-19,1],[-4,-6],[-64,-16],[11,-19],[-9,-5],[-13,11],[-11,-4],[-15,6],[-16,19],[-20,8],[-21,-3],[-21,25],[2,14],[-15,4],[-3,11],[3,17],[10,11],[-5,20],[8,15],[-13,19],[-8,5],[0,20],[-4,20],[-18,11],[-13,24],[-21,1],[-19,-5],[-7,6],[-33,6],[-4,6],[-24,6],[-22,18],[-5,12],[-59,14],[-10,7],[-9,16],[-18,7],[-19,22],[-16,28],[-18,12],[-17,19],[-4,14],[2,10],[-26,16],[3,10],[-18,24],[-4,18],[-7,2],[-17,14],[-46,29],[-13,5],[-21,3],[-4,6],[-24,14],[-2,8],[-45,5],[-24,13],[-18,-5],[-7,-12],[1,-13],[-34,-23],[-12,-13],[-19,-12],[-25,-4],[-24,-14],[-28,3],[-34,-8],[-13,-11],[-10,0],[-21,-34],[-8,-23],[-24,-13],[-24,-33],[-1,-8],[-14,-12],[-28,-8],[-47,0],[-3,21],[9,16],[-5,32],[-14,1],[-36,25],[-10,0],[-49,34],[-20,-25],[-6,-26],[13,-25],[30,5],[-14,-23],[-3,-13],[-12,-10],[-12,-33],[-18,-19],[-5,-13],[9,-26],[-6,-16],[0,-23],[10,-20],[-26,-26],[-9,-4],[-18,-22],[-27,-43],[-7,-30],[11,-13],[29,-13],[18,-14],[3,-24],[-2,-12],[-24,-47],[4,-22],[-4,-26],[-12,-22],[-17,-19],[-22,-18],[-36,-36],[-13,-9],[-29,-46],[-14,-32],[-11,-21],[-27,-26],[-6,-13],[0,-34],[-13,-13],[-6,-15],[-13,-6],[-5,-11],[-43,-11],[-14,-8],[-13,-13],[-4,-12],[-22,-9],[-22,-20],[1,-11],[-17,-11],[0,-9],[-6,-28],[8,-10],[-17,-38],[-19,-4],[-12,-23],[-10,-8],[-4,-19],[-6,-8],[-18,-4],[3,-24],[-10,-5],[-7,-16],[-15,-4],[-25,-2],[-10,-5],[-18,-25],[2,-22],[10,-4],[5,-12],[10,-5],[0,-10],[12,-20],[11,0],[11,-23],[33,-4],[15,-5],[5,-12],[27,-18],[24,-20],[44,-14],[18,-20],[17,-14],[3,-23],[15,-24],[21,-12],[19,-22],[26,-5],[21,3],[34,15],[27,7],[21,1],[16,-20],[8,-27],[0,-32],[-2,-30],[1,-29],[9,-31],[5,-32],[-35,-19],[-31,-30],[-17,-14],[-31,-13],[-52,-42],[-12,-21],[-1,-12],[6,-17],[19,-21],[7,-15],[-2,-14],[-25,-18],[-34,-12],[-29,-7],[-4,-6],[-23,-15],[-32,-26],[-33,-29],[-21,-26],[-7,-13],[4,-21],[-5,-12],[-21,-17],[-40,-17],[-14,-12],[-12,-17],[-3,-36],[-32,-27],[-14,11],[-14,22],[-11,1],[-11,9],[-37,20],[-30,3],[-30,9],[-16,9],[-11,18],[-23,24],[-19,4],[-9,-5],[-15,5],[-1,7],[-13,6],[-12,12],[-11,3],[-11,-5],[-3,-26],[-18,-12],[-1,-13],[-12,-22],[-10,-5],[-26,-22],[-15,-15],[7,-14],[3,-25],[0,-27],[-8,-2],[-15,-18],[-5,-16],[-11,0],[-4,-9],[2,-16],[-5,-11],[-13,-9],[-9,-39],[2,-16],[-13,-13],[6,-18],[8,-6],[-5,-10],[-16,1],[-12,-21],[-8,-6],[1,-10],[-15,-19],[-2,-11],[-11,-21],[3,-25],[5,-10],[4,-33],[-7,-8],[5,-40],[38,-65],[2,-14],[-4,-10],[-2,-25],[8,-15],[-28,-36],[-16,-6],[-11,1],[-17,-11],[-2,-9],[12,-21],[-4,-15],[-8,-8],[-23,-13],[-22,-3],[-16,-15],[6,-29],[-5,-9],[-13,-9],[-21,-22],[-3,-13],[-9,-14],[2,-23],[-6,-18],[-3,-23],[-14,-3],[-17,-32],[-7,-7],[-17,-42],[-2,-13],[8,-13],[16,-6],[27,-24],[-1,-17],[-13,-14],[3,-8],[23,-17],[22,-5],[11,-12],[3,-14],[16,-19],[3,-27],[7,-9],[20,-10],[11,-10],[5,-29],[17,-12],[21,-38],[16,-10],[-3,-25],[8,-14],[-13,-39],[-22,-30],[-16,-15]],[[58321,50872],[-22,3],[-42,-28],[-20,0],[-11,14],[3,28],[-17,8],[-16,-5],[-9,-10],[-11,-27],[-30,-39],[0,-7],[10,-11],[34,-19],[1,-3],[-15,-21],[-14,-13],[-19,-13],[-9,-12],[5,-26],[-3,-11],[-10,-10],[-27,-14],[-11,-16],[-17,-13],[-11,-25],[7,-15],[3,-25],[-10,-31],[-13,-10],[-19,-7],[-27,-21],[-15,-38],[-6,-9],[-16,-8],[-26,1],[-21,7],[-17,21],[-38,37],[-10,-1],[-10,-19],[-25,-14],[-35,-2],[-42,-21],[-13,-13],[-42,-21],[-22,1],[-25,10],[-12,15],[-24,14],[-26,5],[-29,10],[-28,6],[-21,2],[-45,9],[-17,9],[-34,14],[-28,0],[-32,13],[-26,15],[-9,10],[-29,10],[-35,-11],[-18,-10],[-30,-2],[-22,11],[-17,27],[-5,16],[-18,21],[-33,26],[11,35],[17,27],[10,27],[3,28],[57,56],[-5,30],[-17,18],[-32,2],[-19,6],[-10,-2],[-10,11],[-18,2],[-31,-13],[-24,1],[-8,-11],[-17,3],[-18,17],[-18,-12],[-15,3],[8,19],[-18,5],[-20,-11],[-16,-1],[-16,12],[-27,11],[-15,-13],[-11,-15],[-27,-20],[-6,-21],[-23,-9],[-13,-27],[-54,9],[-11,6],[-16,16],[-18,5],[-27,0],[-29,16],[-9,10],[-6,16],[-9,2],[6,19],[19,28],[-2,17],[-18,9],[-8,20],[3,27],[-2,10],[-16,20],[-6,12],[5,19],[-8,13],[-22,11],[-3,6],[-22,14],[0,19],[-20,0],[-7,5],[0,11],[-11,5],[-22,1],[-12,11],[-1,9],[-14,10],[-18,1],[-14,11],[-68,22],[-15,0],[-12,8],[-34,-5],[-36,10],[-11,14],[-23,0],[-25,9],[-1,12],[7,11],[-2,24],[-6,11],[18,32],[14,12],[11,26],[1,11],[-18,0],[-23,12],[-1,13],[-23,12],[2,21],[6,10],[-4,14],[-40,37],[-17,11],[-25,4],[-29,0],[-5,19],[-11,6],[4,10],[15,4],[-17,13],[-3,21],[2,24],[-18,9],[-13,16],[0,11],[-13,19],[-3,11],[-10,13],[-24,7],[-11,-5],[-25,3],[-5,4],[-17,-4],[-1,-6],[-19,-2],[-7,4],[-19,-5],[-32,5],[-23,8],[-17,0],[-24,13],[-13,19],[-30,3],[-22,11],[-9,1],[-35,-39],[-13,2],[-40,19],[-15,13],[-28,14],[-25,7],[-19,-13],[-19,-3],[-32,1],[-20,9],[-25,-4],[-19,-20],[-17,-7],[-14,-12],[-15,-4],[-23,4],[-19,-3],[-38,-15],[-11,-8],[-8,3],[-18,-3],[-48,-3],[-2,14],[-23,62],[-24,6],[-15,-11],[-15,-1],[-40,30],[-12,26],[-9,38],[4,19],[-5,13],[-18,22],[-10,19],[-4,17],[-14,8],[13,31],[7,40],[8,18],[2,25],[24,27],[28,12],[19,10],[16,22],[7,24],[16,15],[-3,19],[18,9],[11,23],[12,8],[14,19],[10,6],[6,20],[6,44],[15,1],[31,11],[6,15],[10,10],[-17,4],[-37,34],[-14,0],[-4,12],[6,7],[-1,23],[5,8],[-14,7],[-11,15],[-9,6],[0,26],[2,35],[10,17],[23,12],[5,11],[24,9],[11,-3],[56,19],[42,1],[26,23],[10,16],[16,15],[15,8],[4,19],[-13,26],[26,2],[19,13],[7,12],[-2,16],[-8,21],[2,7],[-5,21],[-3,46],[3,6],[-14,13],[-2,14],[-29,20],[-20,49],[-21,30],[5,16],[12,18],[1,22],[6,24],[-1,33],[-4,15],[20,13],[6,24],[-5,10],[9,13],[17,19],[25,18],[26,11],[-8,6],[-22,28],[-76,0],[-21,-6],[-27,-2],[-24,-5],[-9,1],[-10,10],[-9,17],[-17,25],[-11,7],[1,10],[8,14],[5,29],[-13,24],[-1,12],[18,17],[7,24],[-13,16],[-24,5],[-30,15],[-24,4],[-7,11],[-4,35],[9,22],[4,25],[-2,11],[-9,5],[-9,15],[0,12],[7,24],[10,12],[20,14],[26,35],[2,8],[-13,11],[-49,16],[-13,28],[-12,13],[-3,13],[2,27],[10,20],[-3,21],[-29,35],[-17,40],[10,15],[3,19],[-11,17],[-22,24],[-22,6],[-22,13],[-14,14],[-9,13],[-9,35],[-12,-10],[-18,0],[-11,-6],[-12,5],[-5,11],[-36,9],[-19,15],[-16,5],[-12,-6],[-16,0],[-14,-7],[-26,-5],[-44,20],[-13,-1],[-22,15],[-5,14],[-34,27],[-19,18],[-11,5],[1,18],[13,20],[23,21],[8,24],[-6,25],[5,13],[15,22],[-18,17],[1,10],[-8,43],[-2,27],[-7,17],[-19,20],[-6,15],[6,21],[-4,17],[2,8],[23,18],[-4,9],[40,38],[-2,12],[-9,13],[-7,26],[-10,8],[-21,5],[-10,6],[-22,3],[-18,6],[-22,-1],[-24,10],[-42,-5],[-16,7],[-16,15],[-15,8],[-14,17],[-14,4],[-19,0],[-20,15],[-22,8],[-19,2],[-18,-4],[-25,-10],[-15,-3],[-10,3],[-18,13],[3,8],[-10,19],[1,15],[-5,7],[-21,1],[-25,10],[-21,11],[-7,-7],[-16,-1],[-20,26],[-17,5],[-27,3],[-10,7],[16,6],[16,30],[-13,35],[-15,19],[1,12],[18,18],[-8,14],[-21,-19],[-24,-18],[-28,-25],[-12,-7],[-30,-6],[-13,2],[-25,25],[-20,14],[-21,3],[-2,10],[-25,2],[-29,5],[-32,10],[8,17],[7,23],[1,22],[-5,37],[-16,10],[-33,6],[-21,0],[-12,-7],[-11,-14],[-21,-17],[-18,-4],[-37,-16],[-5,37],[-9,28],[-5,32],[-8,20],[-18,-3],[-10,-8],[-52,-16],[-38,6],[-7,-2],[-21,6],[-93,75],[-1,9],[-17,24],[-11,28],[-1,21],[-9,39],[-6,14],[-1,27],[-14,18],[4,26],[9,15],[0,14],[7,26],[-6,17],[-3,25],[-67,58],[-9,15],[-23,30],[-24,-20],[-28,-38],[-32,-18],[-6,-21],[-11,-8],[-22,3],[-55,-2],[-10,-9],[-17,-5],[-25,-20],[-43,-9],[-17,1],[-6,-13],[-16,-10],[-17,-18],[-13,-28],[-13,-13],[-36,7],[-39,1],[-7,-11],[-35,-25],[-14,-23],[-24,18],[-17,-18],[-9,2],[-9,-10],[-2,-10],[-11,-18],[-11,-5],[-8,-13],[-28,42],[4,15],[-25,4],[4,12],[-3,16],[-48,6],[-13,-7],[-30,-30],[-2,-8],[4,-38],[6,-6],[2,-15],[20,-16],[4,-7],[-3,-22],[-6,-9],[-13,-8],[10,-11],[-8,-16],[2,-6],[28,-10],[10,-12],[3,-21],[-8,-10],[-2,-15],[19,-40],[-6,-27],[2,-19],[-9,-40],[3,-11],[-4,-13],[7,-5],[-8,-11],[17,-30],[-28,-10],[-24,-40],[1,-10],[-17,-7],[-8,-21],[-18,12],[-28,12],[-12,9],[-29,11],[-30,-3],[-16,-10],[-29,-5],[-27,-14],[-10,-2],[-22,-30],[-11,-27],[-3,-33],[-21,0],[-28,15],[-14,4],[-52,4],[-13,-8],[-27,-4],[-16,-4],[-28,-44],[-20,-36],[-9,-10],[-2,-33],[-15,-11],[5,-9],[4,-20],[-15,-7],[-9,-13],[-9,-38],[1,-7],[-15,-9],[-6,-12],[-16,-7],[-4,-7],[-20,-4],[-15,-9],[-8,-12],[2,-6],[-68,4],[-15,-6],[-25,0],[-29,-6],[-12,2],[-8,7],[-4,15],[1,27],[-3,36],[13,28],[-20,7],[-25,-5],[-21,4],[-17,14],[-29,7],[-13,10],[-10,40],[-19,24],[-38,-5],[-34,-11],[-43,22],[-40,-2],[-13,13],[-25,5],[-30,30],[0,11],[-15,8],[-11,20],[-31,33],[-3,12],[-19,3],[-9,-5],[-10,9],[14,19],[0,10],[-15,15],[-18,-3],[-14,19],[15,40],[9,16],[-6,7],[-3,33],[-11,15],[10,13],[-1,11],[5,14],[-14,25],[-8,-5],[-42,12],[-16,-1],[-18,9],[-21,0],[-26,4],[-5,-6],[7,-15],[21,-19],[-11,-37],[-11,-16],[-23,-48],[-9,-28],[2,-30],[-10,-16],[-5,-40],[-16,-1],[-23,6],[-17,12],[-9,25],[-12,2],[-16,13],[-2,23],[-18,18],[-27,12],[-29,-2],[-11,-18],[-8,-4],[-17,7],[-4,12],[-11,-2],[-22,5],[-13,6],[-20,17],[-4,6],[-23,14],[-4,8],[-23,19],[-22,8],[-7,-13],[-8,0],[-15,14],[-18,9],[-22,34],[-6,22],[-13,12],[-16,22],[-22,40],[-28,37],[-24,22],[-28,6],[-24,-1],[-31,2],[-32,-12],[-21,-13],[-5,-9],[-20,-10],[-26,-29],[-18,-29],[-29,-11],[-17,2],[-35,-13],[-13,21],[-23,14],[-28,37],[7,16],[-9,16],[-1,18],[-13,11],[36,13],[-1,28],[8,3],[4,21],[11,16],[4,29],[10,19],[-13,10],[7,19],[4,26],[21,13],[17,27],[-9,5],[-8,26],[-19,8],[-27,7],[-6,19],[-18,19],[-13,6],[-29,26],[-14,4],[-25,0],[-15,-5],[-33,6],[-40,19],[-10,2],[-21,12],[-29,9],[-15,1],[-14,6],[-14,20],[-27,13],[0,10],[-14,11],[-7,23],[-8,14],[3,14],[-5,18],[-11,12],[-6,33],[-15,10],[10,5],[0,20],[-10,13],[3,7],[-8,25],[-8,-1],[-9,14],[2,21],[-15,12],[-17,-3],[-1,14],[21,23],[16,10],[12,25],[-1,12],[12,18],[0,25],[-11,5],[-6,19],[10,9],[17,4],[-4,15],[12,6],[5,-9],[17,5],[-6,10],[27,11],[7,11],[16,9],[5,21],[14,-2],[14,4],[10,-9],[14,9],[7,19],[-2,13],[6,4],[1,15],[-14,5],[12,22],[1,12],[17,12],[-3,12],[7,12],[-3,9],[19,7],[6,25],[-10,4],[10,14],[-14,8],[-5,8],[-28,4],[-34,12],[-14,-3],[-14,2],[-3,9],[-17,17],[-22,1],[-31,18],[2,15],[18,16],[2,15],[-5,19],[9,8],[-13,10],[29,22],[4,20],[13,13],[25,7],[0,20],[14,28],[16,10],[-11,26],[-28,10],[-19,16],[0,10],[11,15],[-5,18],[-13,2],[-1,13],[-16,11],[-19,1],[-19,16],[10,8],[-5,9],[-19,-5],[-4,9],[5,14],[-4,12],[-22,19],[-12,2],[7,19],[10,2],[9,12],[18,5],[-5,14],[12,14],[5,-12],[20,1],[-11,18],[12,8],[0,11],[-11,11],[-51,-6],[-11,8],[-10,0],[-11,-18],[-13,5],[13,21],[-21,14],[14,7],[10,23],[-23,-3],[3,28],[15,3],[-48,18],[-14,10],[-16,25],[-28,14],[-18,7],[5,22],[-11,34],[-16,-8],[-26,-18],[-19,-1],[-16,-11],[3,-41],[-25,-21],[-5,-9],[-22,-9],[-4,-17],[-35,-10],[-7,-12],[-18,-4],[-18,-16],[-20,-14],[-10,-14],[-13,-2],[-18,-23],[-16,-8],[-9,-15],[-27,-20],[-13,-27],[-11,-1],[-14,-15],[-9,0],[-17,12],[-14,3],[-19,-13],[-49,-16],[-11,-11],[-35,-21],[-7,-21],[11,-17],[-14,-10],[-14,5],[3,20],[-7,5],[-21,-2],[-3,-6],[7,-11],[1,-13],[-15,2],[-3,12],[-20,7],[-8,-8],[11,-13],[-4,-9],[-17,2],[-20,-15],[-10,-14],[-7,1],[-14,16],[-16,-1],[-12,-9],[-23,3],[5,30],[-16,8],[-19,-9],[-12,-2],[-23,3],[-18,-16],[-10,20],[-7,5],[-24,-10],[-13,7],[-5,22],[3,20],[-30,12],[-19,-6],[-13,10],[-21,-10],[-6,13],[-14,-13],[-26,6],[-12,-18],[-10,-9],[-17,5],[-15,22],[-7,24],[-7,10],[-23,16],[-9,-1],[3,-14],[-3,-12],[-13,-6],[-19,1],[-10,9],[-12,22],[-9,6],[-21,-9],[-16,-2],[-10,6],[-3,27],[-15,9],[-14,0],[-30,-21],[-15,-7],[-18,5],[-24,20],[-6,-2],[-19,-21],[-14,-5],[-12,3],[-11,-5],[-15,-39],[-20,-14],[-24,-5],[-17,-12],[-8,-10],[-2,-11],[7,-10],[1,-14],[-9,-17],[-13,-9],[-19,9],[-15,-12],[-31,-12],[-22,3],[-19,-11],[-38,-17],[-8,-9],[-11,-1],[-17,12],[-8,16],[-17,14],[-17,0],[-9,-11],[-18,-13],[-9,-43],[-25,-20],[-15,0],[-5,10],[-14,13],[-51,13],[-14,10],[-3,14],[2,15],[-6,8],[-20,-6],[-7,-20],[-12,-8],[-11,6],[-2,31],[-13,4],[-13,-17],[-15,1],[0,28],[-11,3],[-29,-16],[-31,-14],[-12,-11],[-7,-37],[-1,-40],[-17,-31],[-12,-4],[-45,20],[-9,10],[2,17],[7,14],[-3,17],[-19,27],[-11,2],[-14,-6],[-23,-4]],[[47517,56637],[-10,30],[-7,33],[-9,29]],[[47517,56637],[6,-19],[15,-29],[1,-25],[-14,-27],[1,-15],[9,-27],[5,-23],[11,-17],[16,-17],[9,-40],[7,-8],[13,-3],[47,4],[31,1],[22,-4],[13,-7],[15,-17],[18,-42],[1,-10],[-9,-37],[1,-28],[3,-31],[-14,-22],[-18,-44],[-17,-28],[-8,-32],[-2,-26],[9,-34],[8,-14],[35,-35],[6,-24],[-8,-18],[-37,-23],[-36,-8],[-17,-10],[-12,-19],[-6,-35],[6,-45],[-6,-29],[-21,-34],[-4,-17],[4,-25],[-9,-28],[-17,-29],[-3,-13],[7,-28],[3,-21],[10,-19],[15,-17],[15,-29],[28,-23],[5,-18],[0,-27],[-5,-14],[-25,-33],[-26,-26],[-24,-20],[-25,-12],[-20,-7],[-27,-5],[-26,-1],[-19,-6],[-16,-8],[-13,-15],[-2,-13],[6,-23],[24,-40],[8,-23],[0,-19],[7,-25],[15,-41],[3,-45],[4,-20],[12,-36],[4,-37],[18,-56],[37,-16],[28,-4],[4,-16],[-12,-11],[-23,-6],[-29,5],[-31,11],[-24,4],[-27,-6],[-30,-18],[-10,-15],[-1,-19],[4,-10],[36,-31],[23,-32],[11,-36],[2,-26],[-8,-23],[-22,-9],[-25,-4],[-50,1],[-13,-5],[-12,-19],[2,-17],[7,-19],[7,-28],[5,-11],[20,-24],[9,-21],[-5,-15],[-17,-22],[-27,-23],[-25,-16],[-23,-4],[-15,0],[-20,8],[-42,41],[-17,-4],[-6,-13],[8,-22],[18,-22],[15,-32],[-1,-16],[-5,-12],[-35,-31],[-10,-14],[-7,-17],[-4,-30],[-13,-63],[-5,-11],[-12,-38],[-13,-11],[-36,-18],[-35,-22],[-17,-17],[-22,-38],[-4,-16],[-5,-38]],[[47025,53996],[-13,4],[-16,-3],[-17,-9],[-13,8],[9,19],[-9,5],[-28,-16],[-5,-12],[-15,-2],[-8,-12],[-20,-11],[-4,19],[-12,6],[-22,-1],[-3,7],[9,17],[-26,2],[-19,-15],[-32,36],[-17,22],[-16,7],[-27,-11],[-20,13],[-14,-15],[-15,9],[-13,1],[-16,-5],[-15,9],[-22,8],[-9,19],[-6,1],[-21,-9],[-18,-1],[-19,10],[-30,9],[-22,22],[-24,15],[-25,31],[-27,7],[-13,-2],[-5,-9],[-14,-4],[-23,8],[-5,-9],[-15,-2],[-9,6],[-13,-2],[-9,-11],[-12,2],[-18,-6],[-2,9],[-13,2],[-15,-12],[-16,6],[-11,-19],[-22,-19],[-13,-6],[-7,-10],[-21,3],[-28,-8],[5,-17],[-15,-4],[-4,-25],[-10,-9],[-21,3],[-9,10],[-31,2],[-23,-1],[-20,6],[-10,12],[-24,-15],[-14,7],[-22,-1],[-22,19],[-12,5],[-19,17],[-18,12],[-16,1],[-23,11],[-11,-9],[-16,7],[-14,-8],[-25,3],[-22,6],[-15,12],[-15,3],[-29,-3],[-20,2],[-20,-14],[-19,-20],[-14,-2],[-15,5],[-23,-18],[-11,-15],[-25,0],[-17,6],[-18,-6],[-19,1],[-18,-28],[-19,-8],[-22,1],[-26,-3],[-8,-15],[-24,-5],[-18,-16],[-20,7],[-8,-4],[-15,7],[-17,-5],[-27,11],[-21,-2],[-13,6],[-26,-2],[-8,9],[-17,-6],[-5,-10],[-19,-8],[-7,2],[-20,-9],[-6,4],[-24,-12],[-6,9],[-19,4],[-1,-11],[-14,-12],[6,-14],[-18,-23],[-17,-3],[-8,-6],[-50,-1],[-17,5],[-27,-11],[-15,4],[-19,-7],[-12,2],[-7,-17],[-10,-5],[-24,-38],[4,-12],[-10,-9],[15,-26],[-14,-14],[6,-8],[-24,-27],[-28,4],[-8,-5],[-5,-17],[-18,-3],[-2,-9],[-12,-13],[2,-12],[-21,-19],[-3,-17],[-33,-29],[3,-17],[-35,-12],[-7,-5],[-3,-26],[-24,-6],[-8,-13],[-13,-8],[-3,-12],[-16,-25],[-11,-8],[-7,-25],[-11,-3],[2,-15],[-12,-14],[-2,-11],[6,-11],[1,-19],[-9,-8],[-11,2],[-7,-9],[-21,-10],[-5,-7],[10,-7],[-20,-28],[-2,-16],[4,-7],[-5,-23],[18,0],[6,-12],[-8,-9],[-10,1],[-9,-12],[-25,-6],[-30,8],[-19,-17],[-24,-11],[-27,14],[-14,-3],[-18,1],[-15,9],[-5,16],[-10,10],[-35,3],[-4,12],[-30,24],[-16,-4],[-10,4],[-15,-10],[-18,2],[-15,-11],[-11,10],[-16,1],[-15,7],[-12,-6],[-7,-16],[-28,-15],[-25,1],[-7,-5],[-26,2],[-6,-7],[-16,3],[-28,1],[-24,-8],[-5,-16],[-15,-2],[-1,-13],[-27,-13],[9,-18],[-13,-11],[1,-13],[-5,-13],[-15,-10],[-27,4],[13,-23],[-1,-4],[-28,-20],[-25,-8],[-10,11],[-10,2],[-16,-5],[-14,-10],[-18,-3],[-27,-31],[-12,-9],[-13,1],[-12,7],[-14,-7],[-17,13],[-26,5],[-31,3],[-20,12],[-25,4],[-3,5],[-24,9],[-14,9],[-9,-1],[-23,7],[-13,9],[-19,2],[-9,6],[-23,-3],[-28,4],[-30,-14],[-8,-15],[-22,-20],[-16,-9],[-12,-15],[-14,-6],[-8,-15],[7,-7],[-4,-8],[-18,0],[-18,-15],[-6,-19],[-7,-4],[-13,-23],[-11,-4],[-7,-11],[-16,-8],[-9,-9],[-24,-9],[-3,-7],[-27,-8],[-15,-8],[-11,-23],[-17,-8],[-12,-11],[-18,-9],[-1,-8],[-25,-16],[-16,-2],[-12,-8],[-7,-13],[-14,-9],[11,-10],[6,-15],[-3,-19],[-8,-10],[-15,-42],[-8,-10],[-10,-28],[40,-23],[11,-12],[0,-12],[21,-24],[62,-11],[11,-10],[16,-26],[21,-14],[12,-2],[8,-11],[6,-18],[-11,-27],[-2,-14],[9,-26],[2,-13],[-12,-12],[-38,-64],[7,-13],[-7,-8],[1,-13],[-20,-35],[-9,-22],[-30,-24],[-9,-35],[-15,-5],[-24,-17],[-27,-5],[-36,-8],[-13,-10],[-6,-23],[6,-15],[1,-25],[8,-25],[-7,-32],[-4,-7],[6,-25],[-1,-9],[14,-23],[18,-18],[13,-34],[14,-59],[15,-33],[15,-22],[25,-27],[10,-8],[60,-19],[39,-14],[2,-28],[-27,-100],[-6,-26],[-20,-29],[-35,-28],[-45,-19],[-28,-35],[-18,-23],[-38,1],[-9,-2],[-16,-22],[-5,-18],[-7,-9],[3,-16],[-6,-21],[-13,-11],[-8,-13],[-36,-25],[-35,-46],[-18,-28],[-14,-14]],[[42719,51249],[-23,-6],[-29,-11],[-18,0],[-24,11],[-12,2],[-4,10],[-23,16],[-34,5],[-8,-9],[-22,-11],[-20,8],[-21,21],[-34,7],[-53,27],[-21,8],[-15,26],[-7,17],[2,52],[-10,18],[-19,9],[-23,6],[-3,21],[-10,10],[-1,12],[14,7],[-7,42],[-11,13],[-24,10],[-12,24],[-17,9],[-25,25],[-16,31],[-7,31],[7,23],[-15,15],[-18,7],[-39,-3],[-17,1],[-36,15],[-2,19],[-12,21],[6,28],[-4,10],[-20,0],[-32,17],[-10,22],[18,15],[8,14],[-20,-1],[-32,7],[-38,15],[-36,2],[-9,10],[-16,-4],[-20,7],[-43,9],[-19,-6],[-18,2],[-33,-6],[-34,-23],[-16,-7],[-30,0],[-21,-4],[-15,6],[-14,14],[-3,12],[1,18],[-9,17],[-20,-4],[-34,-19],[-15,2],[-25,-3],[-19,27],[-7,29],[-23,21],[-9,-8],[-14,-3],[-12,7],[-16,-5],[-8,-13],[-13,-5],[-17,3],[-14,-3],[-16,3],[-23,-1],[-12,7],[-10,-9],[-9,-1],[-7,-17],[-16,-14],[-14,-2],[-8,13],[-15,6],[-29,6],[-35,12],[-11,1],[-31,-8],[-17,4],[-4,7],[9,17],[-1,13],[7,9],[1,24],[-5,11],[3,15],[-9,33],[-11,1],[-6,16],[7,11],[-3,10],[-19,3],[-11,7],[-7,17],[12,14],[-6,11],[-31,-5],[-16,7],[-36,-3],[-9,13],[-12,7],[-11,-4],[7,-20],[8,-9],[-9,-9],[-12,3],[-21,-8],[-14,-32],[-26,-6],[-20,-11],[5,-12],[-1,-13],[6,-16],[-12,-3],[-8,-25],[-25,7],[-44,-25],[-7,6],[-33,1],[-16,8],[-24,2],[-30,-16],[-26,3],[-4,6],[-39,5],[-38,-8],[-23,14],[-7,14],[-33,29],[-14,-1],[-19,7],[-9,7],[-4,29],[4,17],[-1,19],[-12,11],[-7,25],[14,13],[-12,13],[-1,17],[-20,7],[-6,26],[-1,21],[4,10],[-16,14],[-5,24],[-8,9],[-13,4],[-2,28],[-14,7],[-5,29],[-12,3],[-6,13],[-12,4],[-7,23],[13,11],[-19,13],[-3,15],[-28,19],[0,13],[-8,9],[-15,24],[2,14],[-5,11],[-10,3],[-6,14],[-34,-22],[-16,-14],[-29,-13],[-6,-20],[-1,-31],[-17,-23],[-10,-7],[-22,-4],[-8,2],[-29,-18],[-12,-22],[4,-17],[23,-22],[-9,-13],[-38,-4],[-8,8],[-8,17],[-13,-3],[8,-40],[-8,-11],[-18,-10],[-10,-13],[1,-10],[18,-11],[27,3],[-10,-15],[-22,-2],[-19,-11],[-3,-9],[2,-19],[-14,-3],[-29,-18],[-3,-8],[16,-17],[-4,-18],[-20,-15],[-11,-22],[16,-25],[3,-29],[4,-11],[12,-17],[18,-14],[-9,-22],[-16,-31],[-4,-18],[-21,-3],[-31,5],[-16,-4],[-10,-11],[-5,-17],[-17,-20],[-37,-28],[-12,-21],[-44,5],[-19,8],[-27,16],[-25,2],[-55,25],[-33,-5],[-26,5],[-16,10],[-13,3],[-18,-8],[-24,16],[-7,10],[-28,-2],[2,5],[-15,26],[9,3],[8,-13],[23,23],[-23,-1],[-1,8],[-15,3],[-12,7],[-7,12],[-10,-4],[-7,19],[-15,1],[-13,6],[-27,1],[-5,23],[7,15],[-18,6],[-30,-4],[-4,10],[-21,0],[-15,25],[5,25],[-11,13],[-18,7],[-4,19],[-2,41],[-11,0],[-13,16],[-2,17],[-16,17],[-6,24],[7,7],[-4,21],[1,17],[-7,14],[8,21],[9,14],[-1,37],[-9,25],[-8,7],[-22,9],[-21,5],[-11,9],[-8,15],[-3,13],[-14,19],[-28,11],[3,10],[-10,7],[-3,20],[4,15],[12,13],[2,26],[16,22],[-2,10],[20,17],[5,13],[3,28],[8,15],[-34,29],[13,35],[0,7],[24,10],[21,16],[17,31],[22,28],[27,31],[-13,10],[-11,15],[9,17],[15,-4],[-4,28],[28,0],[47,-9],[-3,8],[-15,26],[3,9],[-9,12],[5,7],[-5,19],[29,7],[21,-11],[17,-1],[26,8],[8,7],[12,-3],[12,-8],[7,-14],[17,-15],[31,-14],[14,-14],[9,-17],[22,-10],[24,-22],[46,-19],[4,-10],[17,-8],[4,14],[14,8],[7,16],[23,5],[14,24],[-8,21],[9,12],[-3,10],[-10,5],[-4,11],[11,5],[14,20],[3,14],[9,14],[-1,39],[12,12],[-19,16],[2,10],[21,8],[17,11],[6,16],[9,14],[-6,13],[6,8],[19,14],[-7,10],[13,18],[4,14],[9,-2],[8,12],[15,5],[-6,14],[20,16],[-9,16],[15,16],[-1,11],[33,1],[11,10],[3,13],[13,10],[13,22],[1,18],[-9,14],[-22,11],[-6,24],[13,22],[4,23],[11,16],[3,20],[-9,29],[-2,33],[-16,8],[-25,1],[-14,-7],[-20,28],[-11,2],[-17,15],[-5,14],[4,7],[-7,32],[-7,18],[-17,18],[6,19],[-6,11],[10,32],[18,6],[16,-7],[31,7],[24,21],[1,6],[15,3],[1,11],[30,14],[17,-4],[21,1],[19,12],[19,-5],[35,18],[12,-17],[30,-14],[6,-12],[45,-19],[10,1],[32,-5],[25,1],[10,12],[15,7],[32,35],[13,5],[30,3],[0,-7],[11,-21],[4,-25],[16,-12],[9,2],[24,-15],[10,2],[5,-25],[11,-12],[31,8],[16,-9],[22,-7],[11,1],[27,-8],[28,6],[28,-11],[29,-5],[4,9],[15,-4],[25,4],[17,-3],[7,-8],[14,-1],[3,-24],[13,3],[10,7],[38,10],[30,20],[57,14],[20,8],[20,18],[5,11],[-3,12],[-10,13],[5,17],[18,11],[5,9],[-2,14],[5,31],[20,15],[10,17],[16,9],[8,12],[1,12],[7,18],[15,12],[17,1],[0,10],[-10,11],[-10,20],[-16,5],[-37,16],[-14,39],[-8,5],[-1,14],[5,18],[-13,4],[-12,18],[-8,19],[-4,57],[7,31],[-80,2],[-18,14],[-27,45],[-18,12],[-16,25],[-32,15],[-21,20],[15,33],[-21,26],[-46,-5],[-4,9],[-20,-2],[-23,-11],[-21,22],[-19,12],[-17,17],[-31,11],[-17,-1],[-15,-10],[-26,7],[-34,7],[-8,-4],[-7,-17],[-13,-10],[2,-25],[6,-24],[-19,1],[-16,11],[-13,3],[-17,-3],[-16,-8],[-17,15],[-21,2],[-10,-8],[-8,5],[-27,-11],[-8,-10],[-17,-4],[-9,-14],[-9,1],[-9,-13],[-30,-20],[-27,-5],[1,-14],[-16,3],[-14,-8],[-11,-14],[-21,-11],[-21,13],[-5,-3],[-39,-16],[-23,-2],[-13,-8],[-24,-4],[-20,17],[-19,-6],[-11,-8],[-12,6],[-13,0],[-28,6],[-16,15],[-28,-20],[-4,-16],[-11,5],[-16,34],[-12,11],[-14,-4],[-45,3],[-5,7],[-30,17],[-25,-2],[-4,-6],[-22,0],[8,20],[7,5],[5,35],[-12,7],[16,17],[17,4],[1,11],[-6,25],[11,17],[7,23],[-11,20],[8,9],[-4,15],[16,12],[2,10],[-16,7],[6,24],[-15,40],[-22,7],[-9,17],[-1,24],[10,24],[-37,23],[-9,15],[4,14],[-3,54],[4,16],[-3,39],[-7,46],[-15,44],[-3,20],[1,24]],[[54263,33177],[-19,-17],[-4,-12],[13,-15],[1,-15],[-11,-29],[-20,-21],[-7,-12],[-1,-17],[27,-17],[7,-14],[2,-19],[-6,-16],[7,-31],[25,-16],[21,-21],[16,-9],[8,-19],[22,-21],[14,-18],[2,-8],[-12,-12],[4,-16],[25,-14],[12,-20],[16,-6],[23,-15],[9,-14],[10,-4],[17,2],[25,-26],[15,-13],[6,-18],[21,-2],[10,-10],[11,-18],[7,-45],[9,-28],[12,-19],[12,-11],[5,-22],[28,-7],[19,-13],[5,-12],[29,-19],[10,-16],[42,-13],[12,1],[20,-23],[5,-11],[1,-39],[19,-29],[12,-12],[26,-17],[18,-19],[19,-5],[47,-38],[37,-33],[14,-37],[31,-13],[12,-15],[2,-19],[-5,-20],[1,-20],[13,-8],[-4,-47],[-14,-19],[-4,-15],[0,-18],[14,-19],[19,-15],[18,-7],[18,-4],[3,-10],[-4,-15],[16,-13],[4,-16],[16,-3],[10,11],[22,-9],[27,3],[17,-17],[75,-2],[16,-2],[-1,-14],[22,2],[-6,-18],[10,-12],[0,-22],[10,-4],[-5,-25],[36,-2],[7,14],[18,-15],[14,-3],[3,-8],[20,0],[39,15],[5,-18],[-22,-12],[8,-10],[15,-1],[37,-8],[4,-8],[12,1],[16,-16],[-20,-19],[32,-14],[-1,-11],[9,-10],[-12,-5],[20,-23],[-16,-12],[6,-9],[34,-13],[-9,-6],[3,-22],[20,1],[4,-14],[19,-13],[7,-11],[1,-15],[12,-17],[-14,1],[1,-12],[-7,-13],[14,-5],[-22,-18],[11,-23],[22,6],[8,-8],[-1,-14],[15,-4],[-15,-15],[-2,-18],[-15,-8],[4,-15],[19,1],[40,-21],[28,13],[42,-2],[22,8],[-7,13],[8,9],[20,-15],[13,2],[1,-25],[7,-3],[-2,-13],[11,-6],[0,-16],[21,-27],[-13,-8],[-7,-15],[8,-12],[-1,-17],[-7,-13],[-18,-6],[19,-14],[-13,-8],[-30,-1],[-4,-8],[5,-21],[31,-14],[1,-12],[14,-4],[-5,15],[15,0],[3,-12],[20,6],[-5,-19],[19,7],[-5,-26],[10,-23],[20,10],[15,-18],[17,-1],[1,-16],[-18,3],[-9,-6],[-5,-20],[-10,-6],[10,-14],[-15,-25],[2,-10],[-33,2],[-14,-25],[2,-18],[11,1],[18,-8],[16,-14],[-7,-8],[13,-8],[-14,-12],[3,-15],[23,-5],[8,18],[11,-5],[1,-14],[19,-2],[-6,-27],[-17,-7],[3,22],[-18,-3],[0,-22],[-26,3],[-9,-9],[6,-29],[-16,-2],[-9,-5],[6,-15],[10,11],[14,-7],[0,-35],[19,-3],[17,-14],[-4,-33],[15,-10],[30,-13],[17,12],[24,0],[18,-15],[12,10],[10,-6],[-8,-11],[-3,-17],[9,-24],[-1,-20],[-11,-4],[-15,4],[0,-15],[37,-5],[2,-16],[-15,-5],[-2,-11],[9,-12],[15,1],[27,-4],[14,-7],[40,-8],[26,-13],[5,-13],[-22,-6],[26,-40],[38,-8],[9,-5],[24,0],[13,-11],[19,9],[6,-5],[-1,-12],[-18,0],[-6,-8],[17,-7],[19,6],[-4,-17],[10,-4],[31,11],[13,-8],[20,15],[4,-13],[-3,-16],[59,-37],[15,10],[-1,-18],[-9,-10],[1,-20],[-11,2],[-8,18],[-14,-3],[-1,-9],[18,-8],[-7,-8],[-21,5],[-1,-7],[8,-22],[5,-1],[26,18],[10,0],[12,-8],[-5,-32],[-7,-7],[28,-20],[33,-2],[16,-5],[25,-14],[-16,-7],[-22,6],[-1,-10],[10,-19],[7,-5],[19,3],[22,0],[14,-6],[21,-15],[3,-8],[29,5],[11,-7],[24,-3],[7,-9],[-6,-6],[-16,-4],[10,-10],[38,-11],[12,-7],[25,-9],[16,1],[7,-6],[32,13],[2,-22],[-4,-8],[15,-9],[-3,-16],[3,-31],[15,-5],[-5,-16],[13,-8],[36,8],[35,-2],[14,4],[17,-16],[16,0],[7,-6],[13,2],[9,11],[11,-1],[6,12],[11,-1],[-4,-25],[-12,-9],[14,-19],[26,2],[-3,12],[10,5],[12,-8],[12,-17],[-10,-13],[26,-11],[12,-11],[-19,-17],[-14,1],[-10,-8],[10,-8],[0,-10],[-11,-10],[-17,-2],[16,-18],[34,-28],[30,-21],[7,-10],[23,5],[10,-15],[20,-7],[15,1],[10,-15],[20,7],[2,-22],[19,11],[7,-10],[-14,-10],[12,-12],[26,16],[31,7],[9,30],[17,-8],[8,-20],[7,-7],[21,-9],[55,19],[21,-3],[9,9],[24,-3],[-17,-18],[6,-5],[20,2],[12,9],[2,-27],[9,-5],[17,7],[14,-16],[11,-8],[0,-8],[-21,-6],[19,-13],[-7,-9],[-17,3],[17,-26],[-21,-13],[-21,-5],[-16,-11],[-9,-12],[-24,-16],[-16,-2],[-4,-22],[9,-5],[39,28],[15,-7],[5,-17],[-6,-23],[-13,-9],[15,-9],[15,17],[12,-2],[3,-8],[-15,-18],[-4,-11],[20,-4],[14,-12],[34,13],[19,-10],[4,-9],[15,-12],[-12,-26],[-1,-20],[12,-3],[31,11],[9,7],[9,-3],[6,-12],[20,16],[8,-6],[-5,-11],[9,-7],[8,3],[3,12],[11,-1],[-6,-25],[11,-24],[-9,-8],[-12,-1],[-9,6],[-7,12],[-22,-7],[0,-8],[24,-7],[33,-19],[11,-18],[-1,-30],[17,9],[7,17],[23,-6],[4,-9],[-18,-9],[1,-15],[20,-8],[10,-8],[33,-1],[21,18],[31,23],[26,-3],[27,-12],[8,12],[21,14],[8,-3],[-10,-19],[2,-10],[28,-18],[13,2],[8,-17],[33,4],[20,-2],[7,-6],[4,-19],[17,2],[23,10],[13,1],[8,-9],[-18,-12],[0,-9],[18,-4],[14,2],[13,10],[13,-3],[-9,-12],[-26,-14],[14,-25],[19,-13],[18,-2],[15,5],[20,18],[32,31],[28,10],[12,-10],[15,6],[5,17],[32,20],[12,1],[8,-8],[-9,-23],[6,-6],[28,5],[31,28],[10,-20],[-8,-21],[5,-10],[11,1],[7,20],[17,14],[1,11],[-5,13],[6,7],[20,5],[27,21],[-8,9],[10,7],[15,1],[14,-21],[28,-6],[-5,-23],[19,8],[11,1],[12,-15],[25,-4],[9,18],[9,12],[5,19],[17,9],[-14,16],[7,13],[11,0],[10,-9],[11,3],[-1,10],[-12,11],[-20,-5],[-12,2],[-4,21],[16,8],[35,-10],[17,-1],[16,10],[17,2],[3,-8],[-29,-22],[-10,-19],[0,-9],[11,-2],[21,21],[11,6],[20,2],[5,6],[1,18],[-17,25],[-26,45],[-23,32],[14,10],[23,-16],[13,1],[22,13],[2,6],[-7,20],[-14,10],[-1,6],[19,13],[14,-9],[-1,-17],[11,-9],[28,7],[30,-4],[5,20],[10,6],[19,-5],[17,20],[25,4],[5,-15],[13,0],[14,26],[14,19],[3,30],[12,9],[7,17],[-10,17],[2,11],[32,0],[22,-9],[2,-17],[15,-3],[20,7],[7,17],[-17,9],[15,5],[17,-8],[12,19],[3,15],[15,25],[7,25],[17,18],[-27,37],[-2,12],[2,20],[8,8],[26,3],[10,-3],[16,-15],[9,-2],[29,21],[14,-6],[-2,-20],[7,-9],[27,1],[14,-9],[11,0],[11,7],[5,16],[22,10],[7,18],[24,0],[8,-8],[-5,-17],[14,-9],[36,38],[14,9],[19,24],[21,2],[22,-16],[21,-2],[8,10],[0,17],[16,1],[25,-11],[5,7],[-6,15],[-16,23],[-22,10],[-5,14],[7,10],[17,6],[26,0],[13,7],[-2,9],[-39,23],[-12,0],[-14,-22],[-11,-6],[-12,5],[-5,12],[1,23],[24,20],[15,1],[28,-15],[36,-22],[26,-21],[6,-2],[12,13],[-1,10],[-9,13],[-10,25],[-9,29],[11,15],[-3,25],[-3,43],[-38,12],[-55,3],[-32,-9],[-13,-17],[-14,0],[-6,15],[-2,21],[4,8],[15,7],[21,1],[27,-13],[17,0],[6,5],[-2,12],[16,26],[0,12],[-6,6],[-23,7],[-18,11],[-12,22],[-8,6],[-27,5],[-4,12],[4,10],[11,8],[21,1],[21,-7],[29,8],[15,8],[7,10],[2,14],[11,5],[13,-3],[21,-17],[9,-17],[48,-2],[6,3],[15,31],[-2,6],[-23,14],[-54,27],[-44,25],[-12,12],[-7,25],[3,20],[-14,21],[0,42],[9,22],[9,6],[24,-1],[65,-21],[36,-4],[7,18],[-5,30],[0,28],[-4,15],[-12,12],[-44,8],[-6,9],[5,9],[12,2],[31,-18],[18,-5],[40,1],[19,-7],[21,-19],[16,-5],[26,6],[10,-1],[11,-15],[6,-26],[11,-2],[11,14],[1,35],[13,19],[16,10],[21,4],[6,26],[-7,19],[-10,10],[-16,7],[-20,1],[-7,13],[17,10],[61,5],[57,17],[15,0],[11,-7],[16,-25],[8,-5],[54,10],[9,0],[27,-14],[19,9],[33,25],[19,6],[19,-2],[11,-28],[-28,-26],[-18,-24],[-10,-21],[2,-7],[-5,-20],[-6,-40],[1,-14],[5,-14],[53,-50],[26,-29],[12,-8],[54,-7],[38,-14],[23,3],[30,17],[6,7],[21,37],[-1,9],[-24,28],[5,10],[21,15],[22,12],[10,1],[18,-10],[41,-16],[9,-1],[8,13],[-18,12],[-24,22],[-12,21],[3,11],[23,32],[-11,38],[-3,18],[5,27],[12,17],[29,10],[21,2],[41,-11],[37,-5],[23,-5],[31,-11],[20,-13],[14,-16],[4,-12],[-1,-20],[-9,-31],[9,-14],[48,1],[61,3],[45,-2],[18,-8],[15,-16],[4,-23],[6,-16],[15,-11],[23,1],[7,4],[18,31],[6,13],[18,69],[0,16],[-16,25],[0,10],[12,8],[31,-7],[10,-9],[3,-24],[7,-7],[1,-32],[4,-16],[26,-16],[21,-18],[7,-20],[-11,-16],[14,-22],[72,-62],[24,-18],[11,-5],[31,-5],[44,-1],[33,-9],[74,-29],[17,-8],[15,-15],[0,-29],[5,-9],[29,-10],[18,5],[32,-5],[8,-5],[18,-30],[38,-24],[11,-17],[45,-39],[28,-15],[22,-9],[37,-10],[30,-14],[34,-8],[48,-4],[46,-11],[23,-14],[25,-26],[5,-26],[12,-8],[19,-2],[26,7],[14,16],[13,9],[20,3],[32,-4],[27,-11],[29,2],[30,41],[14,7],[18,0],[18,-5],[11,6],[8,18],[10,3],[51,-19],[23,-1],[7,-12],[7,-26],[0,-26],[16,-20],[18,-17],[33,-17],[18,-24],[1,-7],[29,-11],[36,-30],[20,-32],[21,-22],[6,-19],[2,-45],[9,-19],[45,-39],[24,-19],[16,-8],[57,-25],[13,-8],[9,-15],[-6,-20],[-15,-32],[-7,-7],[-35,-19],[-11,-8],[2,-14],[34,-39],[17,-39],[13,-22],[34,-21],[27,-1],[18,-9],[16,-5],[46,3],[16,-8],[0,-15],[-23,-47],[-5,-27],[-14,-31],[-12,-20],[-30,-36],[-19,-33],[5,-24],[20,-7],[31,-2],[20,3],[47,-4],[10,13],[22,15],[43,24],[22,17],[22,23],[13,9],[25,-2],[27,-22],[34,-13],[11,-11],[-3,-31],[-7,-13],[-9,-30],[-24,-31],[-4,-10],[0,-20],[10,-27],[28,-30],[44,-54],[16,-17],[-2,-18],[-15,-13],[-44,-17],[-11,-7],[0,-20],[15,-25],[41,-46],[24,-22],[9,-34],[7,-22],[8,-5],[19,1],[17,7],[23,18],[10,27],[4,29],[-19,29],[-34,36],[-6,19],[2,19],[9,16],[14,8],[17,2],[42,-9],[28,4],[27,23],[32,10],[33,-5],[23,-20],[22,-25],[7,-18],[3,-19],[0,-26],[-15,-27],[-17,-14],[-32,-6],[-16,-17],[-17,-39],[1,-16],[8,-19],[27,-26],[20,-26],[34,-28],[8,-13],[1,-16],[-17,-11],[-70,5],[-24,-1],[-34,-15],[-10,-8],[-2,-23],[32,-32],[38,-46],[26,-41],[16,-34],[15,-14],[42,-30],[30,-24],[72,-41],[39,1],[15,11],[4,9],[0,51],[-5,13],[-19,13],[-16,15],[-18,24],[-8,22],[5,18],[27,2],[77,-15],[28,-10],[13,-11],[13,-17],[13,-29],[13,-35],[28,-34],[13,-10],[18,-7],[45,-34],[7,-9],[30,-58],[0,-22],[-4,-6],[-14,-49],[-22,-27],[-10,-17],[-7,-31],[0,-25],[64,-57],[46,-25],[26,-9],[36,-1],[29,12],[20,34],[23,78],[13,24],[8,6],[27,0],[19,-6],[41,-17],[20,-25],[43,-37],[13,1],[27,12],[10,15],[1,14],[-5,18],[-31,31],[-3,16],[14,15],[10,2],[26,-6],[63,-53],[25,-23],[20,-9],[19,1],[25,21],[13,28],[3,42],[12,16],[24,17],[15,1],[10,-4],[38,-28],[7,-14],[-3,-15],[-15,-18],[-2,-25],[19,-29],[26,-23],[12,-22],[21,-21],[14,-9],[38,-15],[19,-6],[35,-5],[29,9],[28,22],[9,4],[21,0],[21,-21],[16,-12],[26,-24],[28,-45],[4,-11],[0,-22],[-16,-56],[-9,-16],[-13,-13],[-20,-9],[-43,0],[-24,-9],[-7,-7],[3,-12],[23,-15],[35,3],[25,-4],[34,3],[39,0],[60,-11],[36,4],[26,11],[56,28],[22,7]],[[65168,27767],[45,1],[17,-7],[23,-20],[14,-22],[7,-6],[25,-9],[22,3],[40,25],[21,5],[13,-1],[19,-20],[10,-37],[8,-40],[-10,-30],[-1,-12],[11,-12],[26,0],[18,4],[27,0],[12,-5],[-3,-16],[-20,-40],[-34,-49],[-34,-39],[-23,-18],[-18,-6],[-39,-10],[-29,-9],[-4,-8],[5,-14],[28,-15],[69,-3],[29,-7],[11,-10],[11,-16],[1,-24],[-18,-32],[1,-23],[5,-39],[6,-14],[19,-13],[21,-3],[13,3],[37,1],[63,-17],[21,-10],[29,-28],[28,-55],[16,-8],[18,3],[20,28],[27,29],[4,11],[-1,31],[-15,29],[2,28],[23,17],[19,-6],[10,-29],[12,-20],[41,-45],[1,-6],[1,-50],[11,-22],[15,-21],[45,-50],[20,-33],[15,-31],[0,-13],[-14,-18],[-32,-16],[-13,-10],[-15,-23],[-14,-8],[-19,-18],[-5,-14],[1,-34],[4,-12],[16,-24],[11,-11],[21,-11],[13,-2],[82,6],[16,-3],[25,-32],[1,-13],[-12,-16],[-36,-14],[-28,-7],[-26,-14],[-27,-10],[-7,-7],[-1,-23],[17,-21],[15,-13],[34,-18],[32,-11],[21,-5],[30,3],[24,7],[51,22],[14,18],[10,23],[0,21],[-17,33],[-4,16],[7,8],[20,-3],[17,-14],[105,-45],[47,-8],[13,-10],[27,-38],[8,-19],[30,-41],[8,-29],[3,-32],[-16,-45],[-1,-11],[9,-21],[17,-14],[34,-19],[25,-7],[31,-2],[32,1],[19,-4],[-3,-13],[-19,-17],[-23,-15],[-33,-5],[-9,-10],[2,-48],[6,-31],[11,-26],[4,-18],[-7,-25],[-12,-19],[-30,-29],[-41,-17],[-39,-1],[-11,-4],[-1,-19],[19,-17],[44,-23],[11,-7],[15,-3],[18,-8],[22,-17],[19,-7],[31,0],[25,2],[40,17],[47,12],[36,22],[18,26],[6,19],[0,14],[-7,22],[-17,10],[-60,10],[-14,21],[1,16],[8,6],[19,-3],[41,-17],[42,-10],[23,-11],[36,-13],[39,-2],[29,2],[29,7],[40,22],[24,2],[7,-14],[-24,-25],[-20,-27],[-5,-16],[0,-35],[-17,-15],[-36,2],[-22,-4],[-23,-19],[-10,-21],[1,-18],[17,-15],[22,-7],[25,0],[20,-3],[29,-17],[20,-5],[20,1],[24,6],[32,15],[22,7],[12,-5],[-1,-31],[-5,-20],[-1,-29],[8,-27],[0,-56],[10,-33],[22,-27],[19,-17],[38,-17],[15,-4],[19,2],[5,4],[8,60],[8,28],[18,26],[10,10],[32,15],[41,6],[29,12],[28,24],[19,-1],[10,-15],[27,-54],[2,-14],[-11,-24],[-17,-19],[-19,-9],[-76,-15],[-14,-5],[-32,-17],[-15,-28],[2,-13],[24,-38],[21,-23],[22,-30],[26,-24],[28,-43],[41,-47],[28,-42],[36,-18],[15,-5],[39,-6],[27,-9],[14,-8],[49,-23],[27,-11],[76,-22],[16,-13],[20,-23],[25,-14],[19,-6],[52,5],[15,6],[47,25],[19,0],[2,-19],[-21,-31],[-3,-13],[4,-10],[24,-18],[37,-17],[5,-7],[-1,-15],[-7,-8],[-17,-5],[-53,2],[-23,-7],[-29,-17],[-5,-15],[6,-7],[19,0],[58,8],[14,-2],[32,-9],[35,-5],[36,6],[10,4],[29,19],[22,20],[16,23],[23,17],[73,39],[31,22],[39,42],[22,6],[41,1],[11,-6],[1,-16],[-12,-26],[-7,-6],[-43,-10],[-35,-21],[-19,-21],[-3,-12],[-2,-26],[5,-47],[-4,-18],[-12,-15],[-49,-33],[-21,-10],[1,-19],[17,-13],[25,-5],[23,4],[27,10],[12,12],[27,15],[22,6],[39,-2],[37,1],[40,14],[19,1],[22,-7],[59,-27],[24,-15],[30,-30],[5,-11],[2,-26],[-11,-19],[-16,-19],[-14,-30],[-14,-11],[-38,-12],[-20,-10],[-13,-12],[-2,-14],[9,-16],[29,-24],[20,-13],[32,-9],[20,0],[25,13],[23,17],[26,36],[19,7],[26,0],[15,-4],[20,-11],[18,-5],[22,7],[30,24],[3,9],[-6,42],[13,16],[56,11],[16,11],[4,8],[1,19],[-6,45],[3,14],[7,11],[32,25],[6,26],[2,36],[15,12],[28,-1],[16,-7],[52,-29],[21,-17],[5,-27],[-9,-44],[-9,-7],[-21,-8],[-42,-3],[-19,-15],[-2,-17],[7,-19],[19,-7],[15,5],[22,-3],[42,-49],[12,-8],[24,-5],[28,4],[29,13],[21,0],[25,-8],[25,-5],[58,13],[14,5],[73,44],[31,26],[17,27],[1,17],[-13,26],[-2,12],[7,37],[2,51],[19,3],[21,-11],[36,-31],[18,-6],[49,-7],[30,-7],[12,-6],[22,-19],[7,-12],[11,-34],[-10,-55],[5,-22],[17,-17],[24,-12],[23,-3],[56,8],[17,-10],[26,-24],[18,-3],[13,4],[11,9],[2,15],[-27,25],[-9,19],[8,17],[29,10],[24,-3],[12,-15],[14,-30],[8,-11],[48,-25],[13,-25],[4,-35],[-4,-18],[-16,-29],[-36,-27],[-4,-11],[6,-13],[8,-4],[35,-6],[21,-10],[61,-35],[16,-7],[81,-16],[29,-10],[9,-19],[0,-37],[-12,-28],[-37,-43],[-3,-13],[6,-12],[27,-12],[48,-10],[38,-5],[12,2],[31,13],[36,10],[25,0],[15,-5],[30,-26],[25,-29]],[[70402,24336],[-38,-21],[-18,-20],[-1,-15],[4,-27],[-11,-17],[-28,-25],[-25,-14],[-27,7],[-15,0],[-38,10],[-17,-1],[-52,-26],[-69,-5],[-28,-19],[-20,-24],[-29,-25],[-43,-3],[-42,-7],[-97,1],[-42,13],[-27,14],[-19,17],[-10,14],[-27,9],[-7,7],[-15,1],[-43,-5],[-77,-24],[-26,-6],[-10,-9],[4,-26],[7,-16],[0,-13],[-16,-10],[-32,-4],[-17,-6],[-33,-31],[-20,-6],[-50,3],[-18,-3],[-46,-5],[-25,11],[-48,7],[-29,-1],[-23,-4],[-26,-8],[-24,-2],[-13,-5],[-14,-29],[0,-30],[-9,-24],[-13,-5],[-15,1],[-44,21],[-23,2],[-29,-19],[-31,-5],[-73,20],[-67,36],[-33,20],[-48,13],[-48,12],[-48,21],[-42,15],[-42,17],[-33,11],[-16,11],[-33,14],[-21,4],[-55,0],[-39,-5],[-26,-7],[-64,-24],[-17,-13],[-16,-23],[5,-22],[12,-18],[9,-19],[-19,-24],[-37,-20],[-46,-32],[-59,-31],[-51,-21],[-79,-42],[-30,-20],[-52,-13],[-50,0],[-42,-9],[-38,-25],[-21,-22],[-38,-27],[-45,-28],[-21,-20],[-42,-13],[-56,-10],[-82,0],[-29,-5],[-13,-14],[-1,-37],[8,-27],[13,-28],[6,-22],[4,-31],[-4,-26],[-17,-24],[-45,-29],[-28,-12],[-18,-22],[0,-20],[-11,-18],[-18,-7],[-28,-5],[-11,-13],[-1,-20],[-16,-40],[5,-18],[-17,-16],[-9,-17],[-20,-48],[-4,-15],[1,-52],[9,-18],[23,-14],[19,-24],[10,-17],[29,-34],[17,-60],[22,-29],[17,-30],[-4,-38],[10,-11],[7,-19],[1,-52],[12,-43],[-4,-12],[-20,-5],[-39,0],[-19,3],[-8,10],[-21,13],[-13,-4],[-9,-9],[1,-14],[7,-14],[-13,-11],[-32,-7],[-14,-7],[-4,-12],[3,-16],[-11,-16],[-21,-13],[-20,-6],[-39,-1],[-30,3],[-65,-9],[-45,-12],[-5,-11],[1,-27],[-17,-9],[-46,-5],[-30,-18],[-18,-8],[-18,2],[-27,15],[-12,11],[-20,5],[-36,4],[-14,5],[-19,-3],[-13,-33],[-22,-17],[-25,-12],[-17,-3],[-28,-1],[-25,-6],[-20,7],[-19,-8],[-15,10],[-26,9],[-13,-15],[-23,-6],[-31,18],[-15,-1],[-16,7],[-50,-6],[-35,4],[-14,17],[-12,2],[-34,-1],[-32,-10],[-50,1],[-24,-4],[-21,-8],[-41,-2],[-41,3],[-23,29],[-65,14],[-31,3],[-33,-2],[-26,-6],[-54,-1],[-56,-5],[-27,-8],[-30,-7],[-25,7],[-24,0],[-42,-9],[-21,-7],[-15,-10],[-3,-24],[-16,-9],[-24,2],[-27,8],[-21,3],[-28,9],[-19,10],[-31,11],[-23,10],[-16,19],[-11,9],[-46,8],[-18,-2],[-25,-10],[-68,-7],[-37,-11],[-13,-13],[-11,-17],[0,-18],[-5,-29],[-22,-19],[-17,-11],[-49,-29],[-15,-18],[6,-25],[17,-24],[8,-26],[-6,-43],[-6,-18],[-9,-13],[-19,-13],[-28,-2],[-25,2],[-13,-6],[-31,-50],[-20,-13],[-18,-8],[-22,9],[-23,34],[-27,9],[-24,0],[-42,-12],[-58,-9],[-24,-13],[-34,-21],[-19,-1],[-19,11],[-11,-6],[3,-14],[-67,-27],[-23,-3],[-18,-7],[-4,-14],[13,-22],[0,-10],[-11,-5],[-44,11],[-20,-6],[-25,-45],[-6,-29],[-2,-61],[-3,-19],[14,-26],[22,-17],[22,-6],[14,-11],[0,-14],[-12,-20],[-36,-38],[-52,-32],[-14,-41],[-10,-44],[-7,-47],[-35,-53],[-38,-50],[-31,-47],[-32,-26],[-48,-12],[-42,-38],[0,-29],[-41,-24],[-56,-17],[-66,-18],[-34,-17],[0,-30],[3,-32],[-24,-23],[-7,-24],[14,-32],[-4,-32],[-27,-38],[-11,-47],[4,-50],[-4,-38],[-7,-47],[-34,-70],[-11,-62],[11,-61],[15,-51],[-42,-48],[-37,-11],[-36,-28],[-24,-12],[-69,-14],[-32,-9],[-28,-15],[-18,-7],[-13,-13],[-8,-23],[-20,-35],[-16,-13],[-32,-15],[-52,-18],[-36,-7],[-38,3],[-20,5],[-27,12],[-26,16],[-30,14],[-19,7],[-40,9],[-63,8],[-23,8],[-23,11],[-25,18],[-27,26],[-24,20],[-29,16],[-44,16],[-2,-7],[-46,13],[1,8],[-34,6],[-32,19],[-21,23],[-41,34],[-13,14],[-8,14],[-1,12],[5,16],[13,22],[17,21],[1,15],[-7,20],[-1,17],[-7,21],[-12,24],[-28,21],[-23,9],[-30,3],[-34,-3],[-28,-10],[-29,-15],[-83,-66],[-30,-30],[-28,-26],[-34,-19],[-66,-58],[-41,-56],[-57,-50],[-35,-22],[-69,-58],[-45,-60],[-14,-16],[-38,-51],[-51,-28],[-23,-7],[-21,-11],[-50,-42],[-20,-25],[-41,-70],[-26,-34],[-15,-16],[-11,-19],[-27,-25],[-44,1],[-42,18],[-45,16],[-62,20],[-47,16],[-56,30],[-25,15],[-41,30],[-20,18],[-54,33],[-62,49],[-49,29],[-97,48],[-37,22],[-40,18],[-58,35],[-16,8],[-15,16],[-4,36],[4,41],[-5,11],[-18,6],[-24,-1],[-22,10],[-35,13],[-14,2],[-13,9],[-20,21],[-21,6],[-16,16],[-17,22],[-46,49],[-16,4],[-29,2],[-14,7],[-13,10],[-20,9],[-35,-5],[-23,4],[-27,19],[-20,25],[-7,31],[-4,29],[0,28],[-5,12],[-11,10],[-14,8],[-30,-1],[-39,-18],[-21,-13],[-19,-20],[-15,-11],[-21,-26],[-22,-29],[-13,-11],[-87,14],[-19,0],[-28,-7],[-33,-17],[-41,-35],[-7,-18],[-10,-34],[-7,-13],[-32,-12],[-38,-2],[-43,7],[-20,2],[-36,-13],[-56,-33],[-35,-19],[-29,-14],[-30,-7],[-31,-10],[-61,-11],[-37,-4],[-34,4],[-24,0],[-28,4],[-74,-1],[-50,4],[-55,0],[-30,9],[-55,18],[-49,28],[-34,51],[-6,15],[-11,41],[-2,17],[-17,35],[-17,28],[-25,33],[-13,23],[-21,21],[-35,23],[-26,21],[-24,13],[-25,20],[-24,14],[-41,20],[-30,17],[-139,44],[-14,9],[-23,3],[-72,0],[-25,-6],[-18,-11],[-77,-28],[-18,-13],[-43,-54],[-19,-32],[-9,-21],[-13,-45],[-6,-48],[-5,-19],[-22,-41],[-31,-39],[-10,-15],[-7,-36],[-7,-65],[6,-34],[-3,-11],[-18,-17],[-26,-8],[-42,-1],[-19,7],[-32,21],[-19,16],[-15,22],[-12,7],[-60,23],[-28,7],[-27,3],[-34,0],[-73,-11],[-30,-6],[-70,-21],[-47,-20],[-29,-25],[-20,-9],[-58,-14],[-68,-1],[-30,-4],[-22,-7],[-36,-7],[-23,-3],[-41,1],[-26,5],[-15,8],[-31,28],[-9,13],[-26,51],[-11,12],[-44,29],[-30,24],[-32,37],[-21,18],[-21,8],[-54,12],[-14,5],[-23,17],[-10,15],[-15,68],[-21,37],[-14,14],[-18,14],[-29,18],[-51,26],[-99,17],[-33,4],[-13,10],[-51,27],[-45,25],[-10,11],[-43,30],[-12,17],[-10,23],[-13,40],[-22,20],[-25,0],[-33,-18],[-26,-10],[-67,-14],[-22,-9],[-41,-23],[-18,-15],[-14,-25],[-7,-19],[-14,-22],[-18,-14],[-28,-2],[-86,19],[-29,13],[-57,54],[-24,15],[-26,11],[-52,18],[-39,10],[-35,4],[-32,-1],[-60,-8],[-61,-15],[-76,-31],[-31,-7],[-35,-2],[-46,-23],[-52,-11],[-65,10],[-58,7],[-23,5],[-44,18],[-35,33],[-32,60],[-12,18],[-2,53],[-12,19],[-15,6],[-20,2],[-11,-9],[-10,-17],[-19,-52],[-24,-48],[-28,-25],[-35,-13],[-35,-9],[-26,1],[-28,5],[-17,8],[-7,20],[5,18],[10,16],[9,23],[-7,42],[-18,20],[-11,19],[-38,44],[-1,30],[5,20],[-2,31],[3,23],[-9,37],[-32,34],[-32,20],[-27,20],[-27,16],[-17,3],[-62,-4],[-32,-6],[-43,-16],[-30,-23],[-22,-10],[-50,-17],[-25,-3],[-21,-6],[-22,-15],[-31,-7],[-13,6],[-7,11],[4,17],[18,20],[16,13],[36,20],[10,8],[26,38],[8,23],[-7,40],[-10,16],[-23,19],[-20,8],[-46,-5],[-35,-10],[-53,-21],[-28,-1],[-53,3],[-27,8],[-40,16],[-24,13],[-20,18],[-13,15],[-20,37],[-13,28],[-7,11],[-45,52],[-23,15],[-23,9],[-28,7],[-32,3],[-44,0],[-25,-4],[-31,-16],[-23,-24],[-23,-31],[-49,-45],[-22,-16],[-16,-7],[-42,-12],[-97,-7],[-63,1],[-29,-1],[-25,-3],[-17,-6],[-43,-6],[-35,-1],[-50,3],[-51,16],[-35,17],[-43,27],[-28,16]],[[53023,21740],[-32,19],[-86,62],[-26,16],[-28,15],[-61,26],[-26,17],[-14,5],[-28,5],[-29,3],[-43,-2],[-29,2],[-45,10],[-51,16],[-70,16],[-62,18],[-66,17],[-81,15],[-64,9],[-78,14],[-93,13],[-46,8],[-18,5],[-32,13],[-43,23],[-21,13],[-8,10],[-26,40],[-6,24],[-10,17],[-15,13],[-66,38],[-19,19],[-7,14],[-11,39],[0,21],[5,21],[0,40],[-12,26],[-19,19],[-28,14],[-21,2],[-14,-3],[-55,-23],[-51,-24],[-24,-4],[-35,1],[-21,8],[-15,10],[-56,84],[-10,24],[-45,52],[-23,31],[-10,17],[-26,29],[-15,7],[-34,11],[-41,5],[-42,-1],[-39,-6],[-55,-25],[-21,-17],[-15,-19],[-21,-32],[-22,-39],[-13,-25],[-10,-11],[-26,-13],[-43,-6],[-49,2],[-22,6],[-35,14],[-27,23],[-2,25],[3,27],[-4,33],[-6,30],[0,17],[-8,46],[-26,64],[-16,23],[-22,12],[-33,9],[-21,2],[-43,-3],[-19,-10],[-9,-13],[-4,-17],[-4,-60],[-5,-16],[-16,-30],[-33,-19],[-19,-2],[-21,1],[-43,16],[-13,10],[-70,32],[-55,31],[-48,36],[-30,26],[-44,28],[-48,13],[-12,8],[-9,11],[-3,18],[3,42],[4,15],[-1,22],[12,37],[18,16],[37,25],[67,40],[28,29],[6,11],[1,28],[-11,34],[-23,23],[-29,6],[-33,0],[-21,-5],[-43,-17],[-31,-15],[-45,-12],[-27,3],[-22,8],[-17,12],[-15,14],[-42,46],[-16,23],[-24,39],[-35,24],[-13,13],[-24,13],[-53,23],[-46,14],[-16,4],[-31,0],[-24,-5],[-77,-23],[-59,-7],[-74,-3],[-30,1],[-46,-8],[-65,-20],[-28,-16],[-24,-24],[-65,-42],[-35,-15],[-42,-21],[-27,-7],[-19,5],[-10,16],[3,26],[8,14],[38,30],[39,16],[39,34],[23,14],[21,35],[2,15],[-2,33],[-7,20],[-22,37],[-32,34],[-48,38],[-44,22],[-35,6],[-21,-3],[-21,-11],[-19,-25],[-11,-27],[-4,-33],[-2,-93],[-3,-16],[-9,-23],[-24,-44],[-16,-20],[-28,-46],[-20,-20],[-17,-12],[-23,-10],[-16,-2],[-48,1],[-41,6],[-13,5],[-20,14],[-13,21],[-14,17],[-3,18],[2,38],[13,37],[3,21],[-3,19],[-18,33],[-33,33],[-32,18],[-34,6],[-44,-7],[-14,-14],[-14,-22],[0,-39],[8,-13],[48,-38],[16,-29],[0,-28],[-10,-14],[-17,-10],[-15,-4],[-30,7],[-42,25],[-21,5],[-57,12],[-148,28],[-26,6],[-25,9],[-111,65],[-27,10],[-40,11],[-57,4],[-75,23],[-23,8],[-15,15],[9,17],[34,15],[39,19],[26,31],[12,44],[0,24],[-3,17],[-36,35],[-54,31],[-83,30],[-20,6],[-29,-6],[-11,-7],[-15,-17],[-30,-22],[-43,-27],[-36,-37],[-11,-7],[-24,-5],[-13,1],[-29,27],[-6,24],[5,15],[11,12],[29,14],[24,7],[25,4],[19,8],[23,15],[10,13],[24,48],[6,43],[-3,49],[-10,17],[-27,25],[-17,11],[-45,40],[-37,29],[-15,7],[-32,23],[-43,21],[-40,35],[-21,33],[-9,5],[-24,31],[-4,24],[5,11],[13,7],[18,1],[32,-3],[42,-8],[31,-1],[32,5],[16,7],[45,26],[46,24],[19,15],[12,18],[13,39],[2,31],[-2,12],[-13,15],[-12,6],[-33,12],[-25,13],[-13,4],[-44,0],[-38,-8],[-27,-9],[-36,-7],[-38,3],[-41,18],[-32,20],[-18,20],[-10,19],[-4,18],[10,10],[14,3],[21,-3],[41,-30],[27,-15],[27,-9],[27,2],[34,11],[22,10],[10,9],[20,29],[15,35],[4,34],[1,37],[-19,78],[-1,19],[5,52],[-4,33],[-8,30],[-6,31],[-7,14],[-19,22],[-46,35],[-23,21],[-25,13],[-14,5],[-40,28],[-14,19],[-13,33],[-61,44],[-18,9],[-27,10],[-18,2],[-70,25],[-136,16],[-80,1],[-23,-7],[-25,-14],[-38,-2],[-27,6],[-29,1],[-13,6],[-64,10],[-65,19],[-25,4],[-39,-2],[-28,0],[-24,-5],[-18,-14],[-34,-3],[-25,2],[-32,8],[-64,21],[-44,21],[-32,21],[-22,29],[-33,19],[-48,42],[-33,19],[-49,27],[-27,7],[-26,1],[-39,9],[-47,2],[-18,-1],[-83,-10],[-57,-22],[-10,-7],[-29,-13],[-31,-5],[-44,-3],[-32,3],[-31,8],[-13,6],[-31,21],[-14,14],[-17,20],[-23,19],[-20,13],[-31,30],[-24,13],[-46,19],[-52,12],[-44,46],[-3,14],[-1,35],[5,11],[26,26],[21,5],[46,8],[46,5],[26,11],[11,9],[15,21],[12,25],[1,16],[-15,28],[-32,29],[-20,13],[-25,12],[-44,28],[-19,18],[-28,32],[-19,30],[-14,35],[-5,40],[1,24],[-2,22],[-24,64],[0,22],[6,14],[30,27],[27,9],[75,7],[25,5],[24,8],[24,18],[12,19],[3,24],[-5,31],[-11,23],[-19,26],[-20,18],[-63,46],[-34,31],[-6,12],[-7,27],[-29,73],[-6,24],[-6,11],[-34,51],[-17,16],[-30,24],[-56,25],[-24,0],[-18,-7],[-35,-18],[-89,-1],[-54,-12],[-23,-8],[-43,-2],[-40,4],[-26,0],[-26,-5],[-50,-15],[-22,-3],[-27,4],[-12,7],[3,22],[15,13],[36,22],[15,16],[7,17],[7,28],[3,34],[-6,20],[-10,18],[-18,18],[-15,5],[-39,5],[-34,0],[-32,-7],[-54,-27],[-35,-37],[-23,-19],[-28,-25],[-35,-29],[-28,-18],[-23,-10],[-32,-9],[-38,-2],[-25,8],[-27,12],[-48,13],[-43,1],[-33,-9],[-43,-25],[-18,-8],[-39,1],[-23,5],[-29,10],[-48,26],[-10,10],[-3,13],[6,14],[15,14],[33,10],[32,1],[32,7],[19,15],[0,19],[-12,26],[-16,18],[-26,19],[-25,12],[-20,14],[-32,31],[-7,17],[-12,15],[-27,22],[-20,36],[-22,49],[-5,21],[-12,28],[-13,42],[2,38],[18,35],[11,9],[46,13],[27,11],[35,8],[14,8],[17,16],[21,25],[2,8],[-3,28],[-6,10],[-22,16],[-18,40],[-7,12],[-8,35],[-9,17],[-14,42],[-8,14],[-14,18],[-55,49],[-36,19],[-45,10],[-72,26],[-30,13],[-39,8],[-46,13],[-19,13],[-15,19],[-2,33],[7,16],[37,26],[28,25],[13,16],[20,34],[7,24],[17,27],[1,17],[-4,30],[-4,11],[-31,50],[-18,21],[-27,11],[-62,2],[-41,9],[-18,0],[-29,-6],[-22,0],[-20,8],[-20,14],[-3,43],[-6,9],[-19,21],[-27,14],[-38,-1],[-28,-11],[-25,0],[-10,4],[-45,33],[-18,52],[-34,41],[-7,5],[-21,0],[-20,-9],[-10,-8],[-24,-31],[-7,-14],[-24,-30],[-12,-9],[-16,-6],[-25,0],[-31,10],[-69,14],[-30,-1],[-11,-3],[-51,-30],[-27,-23],[-11,-12],[-36,-22],[-40,-5],[-35,0],[-40,2],[-18,3],[-33,13],[-23,20],[-23,12],[-34,5],[-27,8],[-25,10],[-80,27],[-21,4],[-42,16],[-13,8],[-10,12],[-2,13],[0,30],[-4,16],[-25,34],[-12,9],[-30,14],[-27,0],[-14,-7],[-22,-22],[-23,-26],[-29,-18],[-13,-12],[-13,-6],[-27,7],[-40,26],[-46,17],[-7,7],[-8,18],[-10,13],[-15,7],[-27,4],[-40,12],[-14,20],[-2,43],[2,20],[10,18],[-1,32],[-8,34],[0,9],[19,26],[-1,17],[-12,10],[-63,34],[-17,2],[-102,0],[-28,2],[-35,5],[-27,7],[-12,14],[-19,6],[-22,1],[-22,-4],[-21,-7],[-54,-4],[-31,3],[-30,13],[-18,20],[-7,18],[-1,63],[-10,24],[-27,35],[-31,21],[-31,15],[-30,10],[-23,6],[-37,1],[-32,-5],[-28,-1],[-27,-5],[-38,-10],[-28,-17],[-36,-32],[-33,-25],[-23,-12],[-25,-7],[-26,0],[-50,4],[-30,10],[-27,6],[-33,5],[-27,6],[-35,0],[-31,-4],[-33,-9],[-37,-8],[-39,-12],[-38,-17],[-69,-70],[-35,-23],[-16,0],[-26,11],[-15,21],[-1,12],[13,26],[-2,23],[-31,45],[-7,13],[-12,12],[-22,12],[-13,29],[-12,8],[-35,14],[-34,37],[-17,12],[-23,35],[-12,13],[-19,9],[-39,2],[-30,-5],[-25,-12],[-24,-28],[-27,-41],[-6,-18],[-12,-11],[-27,-11],[-24,0],[-33,11],[-43,8],[-29,11],[-60,33],[-9,11],[-27,49],[-19,44],[-5,19],[-1,41],[-3,30],[-9,17],[-17,19],[-25,12],[-39,14],[-48,6],[-32,10],[-23,14],[-10,26],[-31,20],[-5,10],[-9,29],[-3,28],[-6,24],[0,35],[-13,23],[-19,19],[-24,14],[-29,9],[-24,4],[-64,-1],[-22,3],[-27,6],[-31,1],[-24,9],[-8,11],[-1,18],[21,16],[22,6],[30,4],[17,9],[11,9],[10,32],[-5,27],[1,13],[16,23],[27,24],[17,24],[11,31],[-4,26],[-21,26],[-18,2],[-18,-12],[-35,-12],[-31,-2],[-35,1],[-20,6],[-27,15],[-42,44],[-57,51],[-41,48],[-21,18],[-21,9],[-41,26],[-10,13],[-27,5],[-30,9],[-25,-9],[-10,-8],[-6,-21],[17,-27],[26,-17],[37,-15],[11,-13],[11,-20],[0,-29],[-9,-31],[-14,-34],[-17,-26],[-16,-8],[-30,8],[-14,14],[-6,22],[-1,30],[7,23],[-1,19],[-11,28],[-10,8],[-15,6],[-21,0],[-20,-6],[-13,-8],[-20,-19],[-19,-8],[-26,1],[-34,7],[-65,20],[-17,-7],[-14,-18],[-14,-9],[-12,-3],[-31,1],[-25,7],[-32,28],[-26,12],[-25,2],[-47,1],[-33,4],[-36,9]],[[37953,29998],[4,11],[21,11],[6,8],[-6,17],[-34,4],[-17,8],[-18,18],[-10,-1],[-33,-16],[-15,-1],[-13,12],[-2,15],[3,19],[-6,16],[-32,11],[-30,17],[-13,11],[-16,-8],[-40,13],[-11,6],[3,75],[-36,10],[-14,-12],[-17,5],[-16,-8],[-17,-2],[-2,-11],[-26,9],[-2,19],[-14,5],[-7,-19],[-16,0],[6,16],[-10,10],[-22,-3],[-5,13],[6,16],[-11,5],[-16,-1],[-1,24],[-21,11],[-14,-2],[-12,-12],[5,-26],[-2,-8],[-13,-6],[-10,5],[-4,14],[-11,6],[-28,-2],[-15,-6],[-13,-16],[-22,-10],[-31,0],[-32,18],[-16,2],[-12,-9],[-9,2],[-12,18],[-19,5],[-3,10],[-12,3],[-11,12],[-28,0],[-34,5],[-12,-8],[10,-32],[-16,-6],[-24,29],[-16,0],[-10,11],[-22,4],[-14,13],[-16,-7],[-11,3],[0,19],[-8,8],[-14,-3],[-12,8],[-11,-11],[2,-12],[-29,10],[-15,-2],[-9,-8],[-15,-4],[-21,4],[-17,14],[-32,2],[-14,6],[-1,12],[-33,10],[-36,24],[-17,4],[-16,16],[-14,6],[-12,10],[-16,34],[1,16],[-9,14],[6,22],[-3,16],[-10,8],[-13,3],[4,48],[-6,16],[14,6],[-7,9],[-12,5],[-5,9],[-18,9],[-2,14],[-17,5],[-24,-15],[-20,-6],[-12,9],[13,7],[39,37],[-5,7],[-13,2],[-13,18],[-3,14],[12,19],[21,10],[5,6],[24,11],[8,18],[0,29],[-3,10],[-19,9],[-1,24],[-28,18],[-15,14],[-3,11],[-18,20],[-5,12],[7,23],[-7,16],[27,21],[32,4],[13,17],[-3,12],[13,5],[21,18],[11,-1],[10,8],[1,19],[10,16],[11,3],[5,15],[33,27],[13,-1],[15,10],[22,1],[7,13],[26,16],[6,8],[21,16],[25,-10],[14,9],[1,27],[5,10],[16,12],[8,14],[-13,17],[19,10],[25,5],[3,5],[-17,12],[1,11],[8,9],[-5,14],[16,-4],[20,8],[13,18],[49,20],[14,24],[0,12],[25,16],[8,9],[-4,13],[8,7],[9,-9],[23,0],[24,-10],[10,5],[-2,13],[-15,0],[9,15],[-2,10],[11,9],[-1,8],[-18,0],[-18,9],[0,18],[-24,15],[16,26],[17,-5],[27,19],[16,-2],[8,20],[19,13],[2,11],[10,7],[13,-2],[2,17],[7,12],[5,24],[0,18],[-5,13],[11,17],[0,11],[9,5],[3,14],[-3,16],[-10,12],[2,11],[-7,9],[19,29],[-3,4],[-1,32],[-6,24],[0,15],[20,15],[10,4],[2,22],[-28,13],[4,15],[-18,16],[11,16],[19,-3],[17,12],[16,-7],[9,18],[12,9],[-3,17],[13,24],[9,9],[16,31],[-5,15],[12,-1],[13,8],[12,20],[25,19],[-13,14],[-2,22],[-14,16],[-30,-11],[-12,5],[2,28],[6,12],[2,14],[8,32],[-5,8],[19,27],[-4,12],[-11,7],[10,12],[-9,5],[1,11],[10,13],[14,12],[17,25],[23,25],[14,33],[15,12],[17,-6],[22,5],[1,13],[-15,9],[12,18],[23,18],[2,28],[44,37],[9,13],[22,13],[-5,16],[-12,4],[3,11],[22,15],[-1,16],[-7,14],[-12,2],[-7,11],[-17,-1],[-11,13],[10,8],[-7,17],[4,14],[22,6],[-6,14],[-15,13],[-12,5],[6,20],[-11,17],[-5,27],[-20,17],[3,7],[-16,6],[-21,13],[-10,1],[-12,9]],[[37384,33008],[33,-4],[15,-11],[18,1],[24,-10],[15,-1],[17,-7],[9,-10],[19,-14],[22,-19],[22,4],[24,-4],[30,-21],[57,-28],[4,-7],[2,-40],[19,-29],[5,-3],[17,7],[26,22],[26,5],[20,13],[27,7],[31,19],[41,12],[13,8],[6,10],[1,21],[10,18],[12,4],[27,-4],[37,22],[10,21],[48,0],[16,5],[15,-17],[52,-13],[36,16],[24,6],[27,-12],[14,-3],[38,7],[26,25],[34,13],[13,7],[6,14],[24,27],[17,12],[9,22],[18,8],[9,24],[15,9],[23,22],[38,4],[31,-7],[8,1],[17,12],[16,15],[31,8],[12,5],[13,15],[2,16],[-7,9],[9,35],[1,16],[17,24],[-3,28],[-12,21],[-14,13],[11,15],[1,11],[31,10],[20,10],[34,-5],[27,-6],[27,13],[32,7],[18,13],[-3,25],[19,16],[32,7],[14,11],[17,29],[10,11],[1,22],[19,11],[3,16],[10,11],[24,11],[24,-1],[21,9],[15,18],[1,20],[3,7],[32,26],[25,18],[43,22],[14,5],[39,2],[42,-1],[21,-6],[21,-12],[21,-2],[19,4],[41,1],[19,13],[18,1],[19,12],[19,3],[32,27],[26,8],[30,-12],[12,-7],[15,0],[22,10],[7,7],[-7,9],[2,10],[13,19],[0,15],[10,13],[5,19],[19,19],[11,3],[17,19],[9,1],[40,18],[17,3],[27,13],[19,-11],[30,-2],[17,3],[46,-11],[13,6],[40,50],[35,19],[14,-1],[33,-10],[17,4],[28,4],[19,23],[15,-1],[34,10],[12,6],[11,12],[7,18],[9,10],[16,-1],[25,11],[22,0],[20,3],[13,9],[15,2],[23,11],[19,23],[-2,14],[4,12],[0,30],[15,21],[0,8],[-11,38],[1,17],[13,58],[16,24],[24,21],[47,14],[40,23],[30,21],[24,47],[6,16],[3,20],[2,51],[11,26],[22,18],[40,16],[15,32],[9,7],[27,5],[21,10],[15,2],[28,11],[19,16],[39,15],[29,-3],[14,3],[8,7],[16,29],[18,15],[11,6],[9,28],[5,6],[40,35],[7,12],[0,19],[10,22],[0,20],[-18,31],[-19,15],[-1,19],[18,27],[17,40],[4,49],[19,16],[31,12],[21,16],[36,41],[23,32],[10,21],[27,32],[-2,17],[1,33],[20,12],[24,7],[60,32],[33,3],[12,3],[21,19],[19,4],[2,15],[-10,16],[-1,28],[9,16],[15,6],[14,11],[-3,23],[14,20],[18,17],[29,11],[29,6],[9,9],[-4,21],[-10,21],[40,47],[5,11],[19,20],[29,11],[16,22],[-1,39],[9,12],[1,12],[19,15],[45,6],[18,23],[8,14],[-2,21],[-5,19],[7,36],[7,8],[26,20],[2,9],[-3,16],[6,25],[40,17],[8,10],[21,3],[17,-3],[34,-2],[10,7],[12,-2],[22,4],[62,-4],[57,30],[5,15],[15,5],[12,14],[35,12],[32,-6],[12,1],[39,29],[15,8],[25,5],[23,7],[32,3],[23,7],[22,-7],[31,-3],[19,16],[2,16],[7,7],[-8,16],[13,20],[8,20],[-1,13],[22,24],[4,28],[23,13],[27,28],[1,39],[10,9],[0,40],[-9,13],[-24,9],[-17,-1],[-15,13],[-3,10],[-22,43],[-5,25],[6,12],[-1,21],[22,47],[19,20],[16,7],[41,8],[44,19],[30,19],[24,22],[-6,15],[-14,4],[1,9],[29,39],[8,21],[-6,19],[22,18],[6,21],[13,29],[28,33],[11,30],[14,13],[28,22],[-22,30],[-5,18],[10,23],[30,36],[15,11],[29,10],[18,11],[21,5],[20,32],[10,7],[26,4],[16,-2],[16,-11],[11,-18],[13,-6],[16,-1],[61,21],[24,28],[10,18],[3,19],[8,21],[16,20],[9,18],[4,20],[17,32],[8,27],[15,22],[18,14],[19,-5],[43,-21],[9,-12],[16,-1],[36,15],[23,31],[4,13],[15,10],[11,38],[7,9],[34,7],[23,19],[19,29],[24,41],[0,8],[-11,29],[7,18],[-2,21],[42,48],[9,25],[16,11],[19,-2],[16,-10],[10,0],[12,15],[5,31],[18,10],[22,17],[17,33],[30,6],[30,13],[1,13],[-13,14],[-7,21],[37,28],[14,25],[25,26],[24,17],[10,11],[19,26],[14,14],[7,12],[4,30],[17,32],[9,28],[-5,19],[11,13],[-5,17],[-10,6],[3,27],[8,4],[31,-7],[59,-1],[39,-12],[27,6],[12,10],[46,4],[36,-14],[31,-18],[22,4],[17,23],[14,24],[6,25],[20,23],[-20,9],[-13,11],[-19,3],[-9,8],[14,28],[23,13],[13,30],[22,25],[2,22],[7,9],[48,27],[5,5],[-1,23],[29,13],[8,41],[15,16],[-5,21],[9,26],[11,7],[62,26],[49,32],[12,5],[7,9],[-12,18],[-2,14],[5,19],[-20,13],[-16,22],[-25,25],[-36,24],[-8,8],[4,27],[-8,44],[-18,22],[-15,29],[-3,19],[3,21],[8,36],[15,18],[27,21],[9,3],[33,21],[10,15],[2,18],[12,20],[5,34],[22,37],[4,27],[-35,8],[-27,21],[-15,5],[-31,4],[-12,15],[-20,6],[2,19],[7,5],[4,18],[17,28],[6,16],[13,18],[45,21],[26,3],[55,13],[17,-1],[33,4],[16,-17],[22,-10],[6,1],[30,26],[12,14],[33,18],[25,1],[21,13],[32,-22],[6,-14],[9,-7],[27,12],[31,34],[24,32],[26,14],[21,-6],[26,21],[30,34],[20,16],[9,11],[14,27],[24,15],[31,27],[4,16],[26,14],[7,11],[2,23],[17,13],[18,17],[19,5],[44,22],[-2,19],[8,19],[30,22],[-9,34],[6,16],[26,39],[22,28],[17,1],[16,16],[12,24],[15,18],[16,6],[15,11],[29,48],[18,13],[14,14],[6,18],[13,22],[29,18],[62,10],[21,27],[7,14],[13,10],[35,7],[9,15],[1,13],[49,14],[5,31],[27,28],[22,11],[7,12],[31,30],[9,19],[17,13],[14,16],[15,4]],[[45688,40506],[13,3],[21,-21],[39,-5],[14,-11],[6,-15],[0,-14],[11,-38],[35,-39],[14,-7],[18,18],[3,9],[11,0],[6,19],[33,5],[9,24],[22,19],[9,28],[16,2],[17,15],[17,4],[17,10],[28,9],[11,17],[49,8],[74,-6],[22,2],[12,-2],[11,-9],[22,0],[23,9],[8,7],[57,-46],[19,6],[8,7],[7,18],[-4,6],[8,14],[14,12],[34,19],[45,4],[8,7],[8,19],[35,9],[4,10],[23,7],[11,17],[11,2],[11,10],[12,0],[25,-21],[7,-11],[26,-18],[9,-16],[-14,-22],[-6,-23],[-14,-19],[25,-24],[3,-19],[17,-7],[34,-5],[9,-6],[-4,-13],[3,-11],[11,-19],[9,-31],[-6,-21],[3,-10],[17,-14],[11,-24],[25,-18],[10,-16],[12,-3],[23,4],[17,-4],[27,21],[17,7],[37,-9],[30,7],[20,7],[8,9],[30,4],[49,-16],[22,-2],[6,33],[22,7],[34,5],[28,9],[28,19],[45,7],[22,-4],[42,14],[36,-7],[28,-10],[23,-4],[39,-5],[5,-12],[-5,-21],[4,-16],[-1,-20],[42,-35],[-6,-7],[6,-12],[-10,-37],[24,-22],[-3,-19],[8,-10],[6,-28],[8,-26],[-3,-12],[-14,-12],[-29,-10],[-21,-25],[15,-25],[13,-6],[11,-14],[-8,-17],[-3,-14],[3,-14],[14,-16],[-9,-17],[-2,-28],[11,-10],[19,0],[28,5],[12,-62],[11,-28],[5,-24],[6,-9],[28,-19],[11,-19],[3,-19],[14,-5],[8,-18],[-3,-15],[9,-35],[-6,-21],[20,0],[42,-5],[47,5],[26,-3],[37,-10],[-12,-25],[-16,-8],[-12,-16],[-6,-19],[-28,-19],[-8,-23],[3,-14],[11,-15],[8,-30],[-3,-12],[-22,-14],[-6,-24],[-8,-12],[-17,-5],[-19,-21],[-3,-14],[6,-28],[33,-8],[28,-2],[34,5],[22,-12],[28,-9],[11,-10],[-17,-40],[6,-24],[31,0],[31,-2],[11,-5],[17,-14],[39,-14],[8,-7],[3,-14],[34,0],[28,-45],[-9,-7],[-5,-15],[-34,-28],[-6,-19],[-11,-14],[-11,-33],[-6,-38],[-14,-12],[-14,-2],[-25,4],[-3,-9],[-19,-9],[-3,-19],[-11,-15],[-6,-23],[-8,-5],[-11,14],[-28,3],[-14,7],[-20,-5],[-6,-43],[-39,-16],[-17,-5],[-16,-19],[-40,-14],[-25,-21],[-16,-19],[-9,-24],[9,-23],[11,-19],[3,-14],[-12,-3],[-44,-38],[-28,-4],[-28,-15],[-34,-28],[-11,-2],[-6,-19],[-11,-3],[-14,-11],[-31,-36],[-22,-7],[3,-28],[16,-19],[6,-29],[14,-4],[3,-29],[-6,-14],[-17,-14],[-2,-7],[16,-45],[-5,-7],[28,-24],[28,-9],[17,-10],[28,-9],[28,-5],[8,-7],[11,-38],[14,-16],[14,-8],[6,-18],[19,-26],[-11,-17],[-36,5],[-42,-5],[0,-9],[-14,-5],[0,-19],[8,-54],[-3,-22],[-16,-28],[-6,-24],[-22,-61],[-6,-10],[-22,-19],[0,-9],[8,-33],[-6,-14],[9,-15],[-11,-52],[-28,-4],[-34,4],[-11,-4],[-9,4],[-33,-11],[-20,-17],[-17,-28],[-5,-5],[-6,-19],[-11,-9],[-6,-24],[-11,-14],[-5,-14],[-6,-29],[-11,-9],[-6,-33],[-5,-10],[0,-23],[-11,-15],[-6,-19],[-22,-28],[-23,-19],[-17,-23],[-8,-19],[-25,0],[-28,-5],[-23,-38],[-5,-14],[-11,-10],[-17,-37],[-6,-24],[-17,-33],[-5,-5],[-6,-23],[-5,-43],[-9,-9],[11,-26],[-8,-31],[-14,-14],[3,-15],[-6,-47],[-11,-24],[-17,-42],[-3,-24],[6,-23],[45,-12],[33,9],[12,10],[5,12],[0,18],[28,-4],[3,-10],[11,-9],[9,-19],[-14,-24],[8,-7],[17,-5],[22,-11],[11,4],[17,-11],[20,2],[-9,28],[3,10],[17,28],[11,10],[14,35],[76,7],[30,-5],[-8,-23],[-8,-7],[-23,-5],[-8,-7],[-8,-19],[11,-17],[22,-2],[22,2],[12,-14],[33,-9],[6,-12],[11,0],[0,-24],[11,-2],[34,-19],[39,-2],[6,-10],[33,-14],[25,5],[20,-3],[31,-26],[-3,-14],[6,-16],[22,-5],[6,-7],[-6,-14],[6,-26],[-6,-31],[-36,-5],[-26,0],[-2,-24],[-12,-18],[-8,-24],[-28,-2],[8,-12],[14,-10],[12,3],[67,-19],[56,16],[0,-14],[5,-24],[6,-9],[50,-21],[6,-19],[28,-3],[5,-11],[28,-3],[6,19],[17,3],[11,9],[28,9],[6,17],[16,2],[9,7],[3,24],[22,-2],[22,-19],[45,2],[0,-19],[39,0],[3,-9],[11,-10],[3,-33],[-28,-9],[6,-19],[14,-10],[-6,-14],[-3,-21],[6,-28],[-6,-10],[17,-7],[0,-9],[-14,-5],[-5,-29],[-31,-4],[-9,14],[-8,-7],[-17,-5],[-17,-33],[14,-12],[6,-14],[11,-9],[11,-24],[14,-5],[0,-19],[17,0],[-5,-23],[5,-26],[45,-10],[20,-16],[2,-10],[14,-5],[6,-14],[11,-4],[20,7],[25,2],[25,-2],[14,-12],[20,12],[25,5],[20,-8],[8,2],[17,-6],[14,23],[-6,12],[6,7],[30,-14],[6,-33],[6,-19],[8,-12],[-6,-5],[9,-11],[17,-15],[11,-14],[19,12],[40,5],[5,14],[23,9],[27,29],[20,7],[25,-14],[23,4],[2,33],[12,24],[8,2],[20,-7],[22,15],[20,-5],[2,9],[14,12],[40,2],[2,19],[-8,17],[6,12],[-6,9],[8,5],[31,7],[14,-7],[-3,-24],[9,-19],[8,-59],[20,-12],[8,-37],[-11,-31],[0,-7],[-28,0],[-6,-24],[23,-21],[-6,-12],[11,-14],[9,5],[19,-12],[12,-3],[0,-9],[33,-7],[6,-17],[28,-4],[2,-15],[12,-9],[19,16],[45,10],[11,7],[17,-17],[28,0],[8,12],[20,-16],[56,-3],[-20,-33],[-11,-9],[9,-10],[39,7],[19,12],[9,-23],[50,-15],[34,10],[14,-5],[25,14],[11,-4],[20,9],[8,12],[17,-5],[39,3],[3,-29],[8,7],[45,3],[3,-10],[22,-14],[3,-11],[30,-19],[27,-28],[1,-9],[11,-1],[22,-23],[30,-6],[32,0],[77,2],[82,11],[65,2],[34,-2],[93,-13],[54,0],[139,-7],[109,3],[48,-2],[74,-12],[38,-9],[32,-30],[14,-49],[5,-32],[3,-43],[32,-49],[37,-33],[43,-52],[52,-49],[32,-19],[32,2],[9,-14],[2,-14],[12,0],[5,-12],[28,-7],[25,10],[48,-19],[6,-12],[8,-2],[25,7],[6,4],[25,7],[8,-4],[14,-19],[9,2],[22,-2],[22,2],[14,21],[3,15],[11,0],[0,14],[-19,9],[-6,19],[3,24],[20,0],[36,-5],[6,-21],[36,-3],[36,3],[20,7],[31,-7],[5,-10],[-5,-9],[22,-14],[56,-10],[17,-14],[20,-7],[5,-38],[14,-14],[45,12],[11,9],[28,7],[0,-9],[14,-5],[20,12],[22,5],[14,7],[48,-7],[22,4],[36,3],[17,-10],[14,-16],[34,-10],[17,-7],[30,10],[31,-17],[30,-6],[4,9],[278,-217],[250,-195],[300,-233],[425,-330],[349,-272],[292,-228],[366,-284],[314,-245]],[[37953,29998],[-20,4],[-19,-5],[-18,-14],[-3,-10],[3,-16],[8,-7],[60,-12],[13,-9],[25,-44],[17,-18],[4,-10],[-2,-24],[-8,-15],[-29,-26],[-25,-6],[-52,-7],[-31,6],[-18,9],[-10,13],[-17,8],[-11,-3],[-28,-34],[-20,-31],[-28,-18],[-31,-12],[-31,-8],[-43,8],[-22,14],[-25,19],[-17,7],[-26,17],[-8,22],[-9,0],[-7,-15],[-13,-4],[-14,5],[-90,58],[-8,4],[-24,0],[-22,-5],[-50,-18],[-14,-1],[-10,-17],[1,-10],[9,-15],[10,-8],[2,-13],[-11,-12],[-24,-7],[-24,-11],[-20,3],[-28,30],[-20,13],[-26,-4],[-12,-18],[-5,-30],[-9,-15],[2,-23],[9,-9],[18,-2],[12,7],[28,28],[30,4],[16,-8],[15,-14],[5,-30],[-10,-20],[-8,-8],[-37,-15],[-26,-28],[-12,-22],[-22,-10],[-49,-3],[-45,1],[-31,5],[-34,0],[-10,2],[-22,14],[-12,-3],[-16,-12],[2,-22],[22,-20],[10,-26],[-3,-17],[-14,-4],[-23,-1],[-31,18],[-13,13],[-16,24],[-6,14],[-1,24],[-16,3],[-8,-5],[-25,-35],[-10,-8],[-29,-6],[-20,-13],[-10,-1],[-23,11],[-6,16],[0,19],[-4,12],[-12,15],[-14,8],[-9,0],[-21,-13],[-9,-19],[-4,-29],[-11,-13],[-38,-18],[-12,-8],[-17,-20],[-9,-6],[-21,-5],[-16,9],[-43,17],[-37,4],[-60,-21],[-14,-2],[-19,-18],[-13,-3],[-17,3],[-10,12],[3,10],[17,12],[7,10],[-1,12],[-8,10],[-24,14],[-3,21],[-13,24],[-17,-2],[-9,5],[-20,-12],[-14,-20],[-17,8],[-16,18],[-34,8],[-48,0],[-32,7],[-17,6],[-24,-1],[-29,-16],[-14,-18],[-9,-7],[-23,-7],[-31,0],[-29,16],[-35,11],[-23,2],[-13,-7],[-8,-12],[-3,-18],[-21,-22],[-13,-21],[0,-22],[-14,-8],[-20,3],[-17,11],[-23,-5],[-11,-11],[-18,-2],[-17,5],[-14,13],[-33,18],[-11,11],[-35,-1],[-27,7],[-2,40],[-4,7],[6,16],[-14,9],[-25,2],[-9,8],[-6,19],[-22,13],[-36,30],[-35,24],[-16,5],[-33,1],[-20,4],[-40,21],[-9,9],[-7,18],[-1,32],[-12,22],[-18,15],[-15,19],[2,13],[-17,9],[-45,14],[-30,-8],[-20,-1],[-30,5],[-32,1],[-19,-4],[-15,4],[-29,18],[-16,6],[-46,-3],[-10,6],[-41,10],[-15,22],[-7,46],[-6,14],[-15,22],[-26,20],[-10,23],[11,11],[-8,26],[-16,9],[-29,7],[-9,13],[18,26],[4,20],[-3,12],[-29,-15],[-19,4],[-1,34],[12,11],[27,10],[6,9],[-2,12],[-19,10],[-22,25],[7,14],[29,9],[24,5],[7,26],[29,2],[4,9],[-5,30],[18,9],[15,12],[-9,28],[-1,16],[23,7],[1,11],[-14,12],[-13,29],[7,21],[2,35],[19,36],[20,16],[-6,27],[9,13],[1,26],[-10,34],[17,17],[0,25],[6,16],[-6,20],[10,20],[1,18],[6,19],[-3,19],[14,10],[4,20],[-13,27],[-15,19],[-9,20],[-13,8],[-21,5],[-41,29],[-30,12],[-10,9],[-17,6],[-7,13],[-15,14],[-1,9],[18,41],[-6,7],[-36,9],[-10,22],[-17,12],[-3,14],[12,21],[3,17],[-5,25],[3,11],[-11,7],[-6,17],[6,17],[-1,20],[-17,24],[-13,5],[-10,19],[-35,40],[-7,14],[2,25],[9,17],[23,17],[17,28],[21,17],[1,18],[5,13],[19,10],[5,16],[-8,9],[-16,9],[-27,10],[-5,12],[-21,7],[-8,7],[-5,13],[1,30],[34,3],[11,12],[-5,10],[-14,5],[1,9],[12,14],[0,24],[11,24],[-1,14],[-18,33],[-1,11],[29,30],[12,22],[-3,14],[-14,11],[-34,15],[-31,6],[-23,-5],[-17,2],[-3,9],[8,15],[-3,12],[-18,2],[-10,20],[-27,10],[-15,10],[-3,15],[14,15],[-7,20],[-14,10],[-31,15],[-9,9],[-18,9],[-7,12],[-12,1],[-31,-8],[-39,6],[-5,11],[1,18],[-18,8],[-21,1],[-11,4],[-17,20],[-1,6],[9,19],[2,15],[-8,9],[-21,4],[-10,10],[-1,11],[-18,20],[-18,3],[-2,14],[4,8],[-12,5],[-15,-1],[-15,11],[-17,7],[-18,-4],[-30,7],[-11,22],[-12,14],[-31,9],[-24,1],[-26,-7],[-22,-23],[-10,-18],[-10,-6],[-21,-2],[-27,-14],[0,-11],[-21,-21],[-15,-4],[-14,-27],[-24,2],[-20,-6],[-21,-1],[-30,-14],[-29,-8],[-17,-1],[-31,-28],[-25,-6],[-9,-9],[-25,-3],[-27,2],[-16,-11],[-18,2],[-10,-15],[-19,-11],[-6,-10],[-17,-2],[-15,-16],[-27,0],[-4,-9],[-22,3],[-11,-7],[-39,-1],[-19,-21],[-50,-15],[-13,1],[-6,-8],[-31,7],[-41,6],[-15,-16],[-29,-2],[-25,-5],[-9,-8],[-7,-14],[-26,-18],[-9,1],[-30,-12],[-12,7],[-24,-4],[-3,-10],[-10,0],[-9,-8],[-31,-21],[-40,-17],[-21,2],[-41,-16],[-26,-4],[-21,-14],[-16,2],[-28,-10],[-22,-13],[-9,-20],[-16,-12],[-16,-1],[-17,4],[-13,-3],[-26,-17],[-16,-1],[-5,-11],[-12,8],[-9,-2],[-20,10],[-14,-7],[-11,6],[-16,-13],[-20,-9],[-18,-28],[-13,-10],[0,-14],[-20,-3],[-9,-13],[-12,-9],[-13,-3],[-3,-8],[-16,-11],[-8,-11],[-47,-41],[-12,0],[-16,8],[-15,12]],[[32341,31633],[3,24],[-18,14],[-15,24],[-3,30],[-10,26],[5,19],[2,28],[-2,8],[-13,8],[-13,16],[-12,31],[5,32],[-5,46],[28,12],[13,27],[14,21],[17,48],[9,10],[0,17],[9,21],[1,16],[-20,26],[-4,17],[-9,13],[-3,14],[8,24],[-1,20],[4,10],[-3,14],[-14,33],[-8,31],[-1,20],[8,14],[0,11],[-20,31],[-6,24],[14,51],[-1,18],[-12,15],[-3,15],[14,-3],[63,-4],[31,7],[27,26],[13,27],[14,10],[38,16],[21,6],[16,17],[40,26],[29,2],[44,-14],[24,-4],[52,7],[31,-4],[15,9],[6,17],[15,24],[27,28],[-11,36],[-23,13],[-4,37],[1,35],[-3,14],[-1,32],[3,9],[34,22],[12,19],[11,8],[14,28],[23,14],[14,29],[3,46],[5,15],[40,57],[2,13],[-3,26],[-16,17],[-28,14],[-10,11],[-17,28],[-37,12],[-16,17],[-3,23],[-10,10],[-27,2],[-18,-8],[-33,11],[-31,22],[-45,21],[-38,35],[-13,9],[-17,5],[-15,9],[-5,17],[-23,21],[-8,3],[-35,-11],[-12,4],[-10,17],[1,9],[-7,15],[-31,33],[-12,27],[-11,53],[-11,14],[-1,12],[-19,47],[-44,20],[-9,10],[-7,26],[2,36],[-22,20],[-18,10],[-18,21],[-11,8],[-40,-10],[-30,-2],[-41,-26],[-19,-3],[-31,3],[-7,-4],[-18,-27],[-18,-17],[-15,-8],[-93,3],[-34,11],[-42,-12],[-16,-11],[-7,-16],[-28,-5],[-31,8],[-10,7],[-10,-2],[-12,10],[-33,20],[-20,1],[-27,-11],[-22,6],[-22,-18],[-32,-3],[-19,-14],[-18,-4],[-4,-11],[-12,-11],[-9,-19],[-16,-12],[-33,18],[-28,-2],[-14,-9],[-16,-23],[4,-12],[-22,-36],[-19,-17],[-3,-7],[-19,-18],[-9,-16],[-11,-29],[-9,-12],[-21,-8],[-20,-2],[-8,-5],[-34,-5],[-16,4],[-14,-13],[-40,-15],[-41,0],[-20,-7],[-42,8],[-25,-8],[-16,1],[-93,-7],[-30,-12],[-19,-11],[0,11],[-14,2],[-2,8],[-13,14],[0,11],[-14,10],[2,10],[-7,16],[17,22],[-1,20],[-11,10],[-36,11],[1,19],[-13,10],[-14,-13],[-30,-8],[-2,-14],[-12,1],[-8,-7],[-7,-14],[-20,5],[-14,-5],[-19,5],[-10,-5],[-7,10],[-25,-12],[-20,-6],[-30,1],[-19,16],[-22,-6],[-14,6],[-4,-10],[-21,-3],[0,-8],[-37,-14],[-20,2],[-32,-8],[-15,6],[-5,-10],[-27,-10],[-10,7],[-11,-1],[-9,-9],[-9,1],[-6,-13],[-28,-11],[2,-11],[-20,-9],[-8,9],[-14,-1],[-10,-9],[-20,-1],[-5,-10],[-12,0],[-8,8],[-14,-8],[-16,3],[-12,21],[-13,13],[-16,1],[-7,18],[-20,-9],[-6,28],[-43,-5],[-9,-21],[-16,4],[-3,-5],[-18,-4],[0,-13],[-15,-2],[-14,6],[-7,-8],[-30,8],[-3,13],[1,21],[-21,0],[11,12],[-10,9],[-20,-10],[1,-17],[-15,-2],[-17,7],[-27,5],[-5,18],[-12,-6],[4,-11],[-16,1],[-1,12],[-14,-3],[-9,8],[-36,6],[-41,21],[-18,-4],[-9,7],[-12,-6],[-30,12],[-24,-1],[-12,22],[0,15],[16,21],[13,40],[23,24],[12,31],[17,19],[2,13],[7,6],[-4,12],[19,24],[15,12],[-2,11],[19,11],[5,10],[-2,23],[10,21],[12,33],[12,11],[14,5],[11,16],[-5,12],[15,25],[-15,9],[-2,11],[15,15],[6,12],[18,23],[-4,23],[-11,15],[-10,22],[-8,6],[-11,24],[-10,2],[-12,24],[-6,5],[-17,-1],[0,12],[21,23],[7,14],[1,13],[-8,13],[-21,0],[-7,4],[-3,21],[13,0],[19,10],[5,9],[-3,17],[22,28],[37,12],[4,6],[-2,18],[4,14],[0,42],[12,19],[15,31],[16,19],[7,14],[-12,13],[14,9],[34,-3],[14,10],[-7,19],[3,30],[17,11],[39,8],[25,8],[17,1],[31,16],[33,6],[25,23],[2,21],[32,17],[6,20],[21,21],[1,10],[-7,48],[9,21],[-18,29],[3,29],[11,13],[21,13],[21,-1],[42,6],[13,5],[11,11],[16,4],[25,-5],[13,-13],[9,-1],[17,17],[3,11],[-3,14],[-20,17],[-5,9],[-2,29],[10,12],[16,3],[37,-6],[9,21],[16,22],[12,34],[11,16],[-9,7],[-12,24],[-8,9],[1,11],[-11,15],[3,6],[-13,9],[7,10],[1,16],[-19,31],[-18,4],[-12,29],[-26,34],[-46,15],[-30,-3],[-12,5],[-17,-2],[-12,12],[-18,-2],[-6,5],[-24,-3],[-10,-7],[-30,9],[-23,4],[-14,-4],[-15,3],[-30,21],[-2,7],[-21,15],[-11,19],[-34,9],[-11,25],[-24,27],[-6,30],[-17,0],[-17,12],[-17,0],[-41,14],[-15,8],[-11,-2],[-40,3],[-13,18],[4,17],[-10,15],[-17,10],[-21,7],[-37,27],[-20,1],[-12,8],[-23,9],[-12,15],[-12,4],[-9,-6],[-16,5],[-9,12],[-7,21],[8,14],[-4,9],[24,22],[22,6],[22,28],[11,4],[12,11],[8,0],[1,41],[17,38],[10,7],[-3,29],[3,13],[10,7],[22,6],[6,28],[10,18],[4,17],[-5,14],[4,19],[-4,7],[4,19],[-1,29],[-12,18],[-10,4],[-2,14],[16,38],[-1,18],[-12,11],[13,9],[16,22],[-4,33],[-13,20],[-1,8],[-32,45],[-3,20],[-9,15],[-9,30],[2,12],[-6,12],[8,5],[21,33],[7,21],[32,16],[-19,36],[-40,-4],[-9,31],[-2,14],[-11,22],[-19,15],[-4,14],[4,16],[-3,10],[-23,11],[-17,14],[-7,18],[-30,21],[-18,5],[-22,18],[-13,25],[-34,23],[-13,23],[-2,16],[-15,24],[-29,22],[-23,10],[-32,-1],[-56,4],[-13,6],[-23,-16],[-20,-27],[-11,-4],[-26,2],[-53,27],[-48,16],[-33,32],[-16,10],[-32,7],[-20,2],[-33,18],[-25,17],[-24,4],[-22,12],[-45,4],[-26,15],[-40,5],[-71,1],[-10,-6],[-9,-20],[-40,-38],[-25,-2],[-19,3],[-19,-1],[-10,-7],[-7,-26],[0,-16],[9,-14],[26,0],[8,-8],[12,-35],[0,-11],[-8,-20],[0,-22],[5,-32],[-26,-14],[-18,-20],[-1,-33],[-24,-24],[-10,-21],[-25,-31],[1,-11],[13,-11],[6,-10],[1,-48],[-10,-26],[-12,-12],[-38,-1],[-29,-10],[-25,1],[-21,14],[-16,7],[-44,6],[-38,9],[-25,-2],[-26,-15],[-17,-7],[-31,3],[-19,6],[-20,1],[-11,-6],[-19,1],[-34,13],[-33,20],[-12,1],[-11,-6],[-13,-22],[-28,-12],[-15,-18],[-17,-29],[-37,-37],[-36,-8],[-13,-1],[-40,-23],[-33,-5],[-16,-7],[-30,-29],[-30,-17],[-81,5],[-22,-1],[-46,8],[-81,5],[-32,4],[-20,0],[-29,-6],[-29,-16],[-57,-34],[-34,-6],[-77,3],[-9,-2],[-17,-13],[-17,-4],[-21,1],[-27,-1],[-38,-6],[-24,-12],[-18,-14],[-47,-19],[-28,-7],[-40,-17],[-10,-9],[-50,-26],[-20,-7],[-38,-3],[-31,8],[-9,6],[-11,14],[-28,13],[-59,9],[-29,9],[-66,13],[-44,12],[-19,28],[-29,22],[-18,8],[-12,11],[-14,2],[-27,17],[-9,13],[-9,22],[-12,8],[-30,13],[-57,13],[-38,13],[-19,0],[-18,-8],[-25,-4],[-33,2],[-20,9],[-17,12],[-21,23],[-30,39],[-4,18],[-16,33],[-10,29],[1,52],[15,47],[22,38],[1,12],[-20,54],[0,26],[13,39],[4,28],[-1,18],[-8,12],[-44,19],[-34,12],[-21,26],[-12,26],[-4,35],[-23,29],[-12,11],[-12,21],[-6,18],[-2,22],[-21,11],[-12,38],[1,17],[-29,37],[2,31],[16,23],[4,32],[-20,66],[-2,12],[2,24],[-48,38],[-25,35],[-1,19],[-7,23],[0,13],[-9,10],[-17,34],[-4,49],[-4,12],[-16,17],[-36,23],[-28,15],[-16,13],[-19,33],[-9,29],[-1,31],[9,52],[-10,30],[5,21],[-3,22],[3,30],[5,8],[-1,30],[-19,26],[-19,59],[0,22],[-12,40],[0,60],[-2,10],[-1,91],[4,25],[8,20],[31,27],[10,22],[6,20],[0,27],[7,30],[8,18],[-1,148],[-4,10],[-1,126],[-4,21],[-6,15],[0,31],[-14,30],[-12,13],[-18,30],[-8,22],[0,28],[-12,17],[-2,37],[-10,21]],[[25572,38980],[11,-2],[15,4],[19,-3],[40,-1],[57,26],[5,6],[-7,31],[0,11],[-7,14],[-37,41],[-1,7],[16,28],[25,51],[7,17],[39,16],[15,8],[49,-1],[27,5],[33,19],[16,15],[15,8],[34,24],[18,-6],[15,4],[15,-3],[18,7],[12,-1],[28,-15],[11,-18],[41,-3],[27,1],[10,8],[-6,24],[-8,8],[1,14],[8,10],[16,6],[14,-2],[20,2],[22,-3],[17,-14],[4,-11],[41,-8],[18,-11],[23,-9],[10,-11],[19,0],[8,-6],[14,1],[12,-11],[2,-24],[14,0],[33,10],[24,3],[32,14],[24,3],[14,4],[11,9],[-10,7],[-1,10],[-34,21],[-9,16],[-6,19],[0,17],[24,42],[1,14],[-5,6],[6,28],[12,15],[-4,17],[-20,-8],[-22,-12],[-18,0],[-8,9],[0,16],[5,13],[9,35],[6,45],[8,23],[17,31],[10,11],[23,14],[34,8],[4,-3],[-9,-23],[35,-3],[21,5],[46,19],[19,13],[14,5],[36,-18],[19,-6],[38,20],[-1,20],[20,30],[13,11],[24,13],[4,15],[18,21],[20,18],[-3,8],[-12,4],[-29,1],[-29,12],[-63,10],[-31,-11],[-15,13],[-7,17],[33,40],[97,73],[35,28],[16,11],[10,-1],[15,7],[24,-3],[60,7],[16,15],[-2,12],[21,26],[9,3],[7,24],[24,41],[2,11],[15,40],[5,29],[-2,15],[10,3],[20,-4],[53,137],[-4,8],[-13,0],[-11,14],[5,11],[-6,20],[2,10],[16,19],[14,4],[13,-2],[28,8],[-18,15],[-4,10],[3,18],[-11,17],[13,20],[7,3],[19,22],[35,53],[14,18],[27,3],[5,-7],[18,17],[9,61],[23,73],[-10,11],[7,10],[-17,2],[-6,7],[2,13],[24,33],[4,41],[-1,21],[-18,9],[-23,6],[-27,-7],[-14,1],[-2,24],[-16,8],[-36,-16],[-17,-13],[-22,-32],[-11,-7],[-2,-11],[-27,-28],[-13,-9],[-10,11],[11,26],[21,35],[10,26],[16,13],[43,13],[-16,3],[-13,15],[4,26],[35,61],[25,33],[21,32],[26,37],[33,50],[14,31],[10,13],[33,14],[15,12],[16,16],[0,19],[15,22],[9,25],[29,7],[36,16],[63,33],[20,11],[15,4],[7,-5],[12,6],[-3,10],[40,34],[21,25],[54,61],[47,51],[21,24],[20,12],[28,32],[22,23],[36,44],[20,30],[22,19],[27,14],[25,35],[45,68],[36,75],[14,36],[10,44],[5,36],[4,13],[13,26],[23,29],[25,26],[16,7],[4,-19],[6,-5],[34,-14],[-4,-11],[6,-9],[11,0],[10,-20],[25,-1],[38,-20],[17,-19],[15,-8],[12,-26],[69,-1],[17,17],[35,3],[15,60],[-26,8],[-16,24],[-6,20],[11,15],[19,11],[-1,8]],[[28464,42248],[28,3],[24,-3],[47,-36],[15,-6],[45,8],[24,12],[27,22],[4,17],[-26,21],[2,8],[12,7],[31,-3],[7,8],[-10,18],[-29,4],[-24,18],[5,19],[12,6],[27,1],[18,-4],[19,-16],[28,-7],[2,21],[11,15],[5,13],[12,8],[17,1],[26,25],[28,-6],[11,4],[15,17],[19,3],[8,11],[13,5],[16,-8],[7,-14],[22,-11],[12,-11],[28,-11],[14,-16],[-6,-32],[6,-13],[13,-18],[31,-20],[17,-18],[3,-26],[15,-31],[16,-9],[24,1],[20,8],[14,1],[19,-11],[17,-15],[16,-19],[16,-10],[10,-20],[0,-18],[-13,-15],[-1,-22],[5,-21],[0,-28],[-9,-26],[8,-13],[34,-15],[8,-9],[25,-3],[26,-7],[23,-20],[7,-15],[-16,-41],[-3,-36],[9,-19],[13,-4],[49,-2],[25,-7],[38,-23],[11,3],[32,51],[30,9],[12,-2],[16,15],[12,16],[0,17],[-5,14],[6,11],[29,-12],[26,6],[14,17],[-8,12],[-3,20],[9,13],[14,5],[14,-3],[19,-13],[19,-9],[20,-3],[10,-6],[11,-17],[23,-17],[47,-23],[34,-11],[25,0],[19,16],[17,0],[7,-14],[-2,-17],[7,-13],[0,-12],[-12,-8],[-22,-2],[-23,5],[-23,-18],[-5,-17],[18,-23],[25,-5],[37,12],[2,-17],[-2,-16],[11,-16],[15,10],[6,33],[12,13],[14,-6],[9,-32],[16,-5],[18,10],[14,1],[21,-38],[24,-22],[12,-22],[-2,-23],[8,-9],[12,1],[10,15],[-1,18],[5,20],[14,11],[8,0],[10,-10],[1,-11],[-12,-30],[8,-15],[11,-7],[21,-7],[19,-19],[13,-6],[14,11],[-2,11],[-19,9],[0,8],[10,7],[30,-3],[17,-21],[50,43],[24,7],[-3,12],[-22,2],[-1,15],[11,16],[15,11],[1,11],[-9,17],[10,4],[23,-8],[23,5],[15,-12],[21,1],[17,9],[5,12],[-1,33],[12,1],[6,-15],[27,-4],[11,7],[-4,27],[14,21],[15,1],[19,-7],[24,13],[8,17],[18,17],[19,3],[15,7],[4,10],[-3,24],[18,5],[13,-12],[24,8],[6,8],[12,0],[14,-9],[8,2],[5,26],[-20,10],[13,17],[17,-4],[19,12],[6,-32],[13,2],[25,-1],[15,-11],[17,21],[15,0],[30,-13],[7,-31],[20,-9],[7,-9],[13,1],[49,25],[8,8],[19,9],[29,25],[17,19],[7,19],[31,4],[9,12],[21,16],[17,2],[16,-12],[15,1],[20,-5],[14,12],[10,3],[3,-15],[-10,-8],[9,-7],[21,8],[11,-12],[14,1],[27,-20],[22,-11],[22,-17],[12,1],[6,-8],[16,-6],[15,2],[20,-4],[13,5],[21,1],[47,-17],[21,0],[28,-14],[17,-3],[44,17],[12,-11],[25,-13],[10,-10],[30,-19],[5,-10],[45,-14],[24,2],[25,-4],[24,4],[6,7],[14,1],[14,-9],[10,-14],[22,-17],[-2,-15],[10,-10],[8,-26],[12,-8],[21,-7],[21,-1],[20,-9],[2,-10],[-14,-23],[0,-8],[10,-11],[19,-8],[6,-13],[13,-17],[34,0],[15,-5],[32,4],[41,-17],[27,-3],[23,1],[44,-8],[13,3],[11,15],[15,3],[0,12],[17,4],[14,12],[10,25],[11,5],[-2,13],[9,3],[-9,15],[-7,36],[11,18],[23,5],[18,18],[7,11],[21,3],[17,48],[-11,13],[0,17],[12,15],[-1,18],[10,10],[-1,19],[-10,16],[2,14],[8,10],[-2,15],[13,41],[9,13],[-5,20],[3,22],[13,6],[10,-1],[12,7],[21,1],[16,7],[20,1],[24,-11],[21,10],[10,13],[31,14],[18,5],[25,-1],[12,5],[19,-8],[30,7],[20,13],[15,-3],[18,2],[18,-15],[13,4],[16,-4],[9,-14],[11,0],[8,7],[18,-5],[13,15],[19,1],[19,-10],[16,2],[31,14],[8,-4],[33,2],[19,-8],[12,5],[15,-1],[15,-7],[16,1],[14,-11],[13,1],[9,13],[36,15],[16,13],[20,6],[24,20],[22,-2],[12,-5],[27,34],[0,12],[13,22],[13,4],[26,2],[26,14],[10,-8],[15,-6],[7,-15],[10,-7],[16,-30],[23,-20],[19,-12],[-11,-12],[10,-9],[22,-5],[13,-11],[-19,-15],[16,-11],[2,-6],[-36,-10],[-1,-11],[18,-9],[30,-1],[30,-17],[16,-18],[-7,-9],[-12,2],[-2,-12],[20,-13],[22,1],[15,-6],[-3,-18],[-32,-7],[2,-6],[20,-6],[3,-7],[-7,-31],[11,-12],[-4,-13],[-14,-5],[0,-17],[-15,-9],[-8,-14],[-13,-4],[1,-20],[-15,-13],[8,-8],[-4,-12],[-1,-24],[3,-9],[19,-9],[7,-19],[7,-6],[2,-17],[31,-22],[6,-7],[24,-11],[1,-8],[10,-13],[13,-6],[32,-21],[11,-1],[16,-13],[20,-4],[24,10],[27,0],[8,8],[10,-7],[52,7],[14,0],[15,-14],[13,-6],[-6,-11],[12,-11],[20,-7],[15,6],[20,-21],[16,-4],[11,-15],[-5,-5],[9,-12],[33,-17],[12,8],[40,11],[12,-6],[7,-22],[14,7],[15,17],[14,-17],[33,8],[6,13],[15,-8],[36,25],[10,23],[26,6],[6,15],[-8,7],[-11,0],[0,18],[8,-1],[17,7],[5,16],[14,-6],[6,15],[7,2],[4,13],[17,12],[11,1],[25,-25],[7,-29],[6,-9],[14,-6],[-1,-9],[-16,-11],[-1,-20],[7,-9],[-8,-12],[6,-22],[18,-2],[11,-10],[27,-15],[1,-14],[17,-14],[19,-4],[33,8],[-1,8],[8,16],[11,-2],[14,-19],[9,-6],[27,3],[14,5],[8,22],[-30,21],[-17,5],[-4,9],[12,14],[19,0],[7,-4],[15,-18],[24,22],[3,9],[-12,18],[-13,9],[1,18],[14,6],[27,-1],[24,17],[16,-2],[7,-6],[7,-17],[16,1],[-1,20],[-24,20],[-3,16],[9,8],[30,13],[15,-6],[10,-16],[-7,-28],[7,-6],[27,-6],[7,-9],[-11,-23],[18,-30],[16,-2],[15,6],[13,-3],[-1,-12],[-7,-15],[3,-12],[9,-4],[12,6],[-1,22],[11,15],[15,2],[15,-7],[14,-2],[14,7],[12,18],[13,2],[9,-13],[15,9],[9,16],[-8,22],[11,15],[12,4],[11,16],[10,6],[16,-10],[-4,-17],[8,-19],[27,6],[13,19],[11,-1],[24,-10],[17,14],[0,7],[-16,14],[-11,1],[-18,-10],[-12,3],[-6,22],[2,19],[-14,5],[-15,15],[-13,0],[-10,-15],[-15,4],[-2,18],[7,8],[22,1],[20,-4],[20,-1],[16,-10],[11,-2],[8,10],[-1,14],[-21,19],[-2,11],[14,6],[23,-3],[2,14],[-17,5],[-18,-3],[-9,12],[21,6],[27,-10],[14,3],[15,9],[19,-2],[9,-5],[16,-27],[20,0],[1,22],[-11,16],[-15,5],[-17,13],[-7,9],[7,14],[27,4],[6,9],[-6,29],[6,5],[40,-5],[3,9],[-9,11],[-3,19],[6,16],[10,5],[16,-1],[10,-11],[2,-15],[12,-8],[12,21],[-4,11],[-33,22],[-2,20],[18,23],[1,10],[-8,15],[3,25],[-4,13],[-10,3],[-30,-10],[-9,5],[4,24],[6,11],[21,6],[10,7],[1,24],[6,31],[6,8],[15,-2],[7,-18],[14,-5],[16,12],[16,7],[0,10],[-8,16],[18,7],[15,-8],[6,-21],[7,-7],[14,6],[5,43],[5,11],[10,4],[28,-1],[2,9],[-17,12],[-12,-2],[-16,-9],[-15,5],[-18,12],[4,14],[25,13],[6,13],[-18,14],[-7,9],[8,13],[19,-7],[16,-21],[17,-3],[9,8],[1,19],[-13,6],[-21,3],[-8,9],[6,8],[22,1],[24,-19],[14,8],[-9,19],[-28,6],[-12,6],[-13,13],[-26,3],[-6,12],[10,4],[34,0],[25,-12],[6,-16],[18,-4],[11,13],[1,12],[-6,12],[-19,11],[3,16],[17,10],[-6,9],[-22,11],[-20,5],[-22,0],[-6,13],[6,16],[-15,26],[-10,6],[-21,-3],[-18,-12],[-22,1],[-9,6],[-13,17],[9,14],[19,7],[19,2],[30,-13],[8,6],[-8,16],[-21,9],[-22,-4],[-46,-3],[-19,2],[-11,8],[-3,18],[17,13],[7,10],[0,14],[-5,16],[10,12],[13,-1],[16,-8],[11,-43],[15,-15],[12,-1],[17,9],[-2,36],[4,5],[23,14],[-3,14],[-12,26],[-2,16],[-16,15],[-1,15],[15,7],[18,-5],[7,-12],[-1,-18],[9,-13],[19,-7],[6,17],[-5,26],[3,11],[10,1],[16,-21],[19,0],[-2,30],[18,17],[-11,21],[22,-2],[6,-15],[19,-15],[36,-34],[21,-3],[36,-11],[22,-2],[24,-8],[33,-1],[22,-3],[21,0],[34,-16],[15,-26],[15,-4],[28,-13],[9,-18],[43,-8],[58,-21],[16,-9],[25,-4],[20,0],[41,-10],[20,-8],[12,2],[22,-6],[19,3],[8,-4],[13,9],[17,3],[24,-3],[18,-11],[48,-14],[15,-7],[7,-15],[28,11],[17,-9],[42,10],[23,-1],[6,-8],[30,-1],[13,6],[8,-4],[14,7],[19,-3],[8,-8],[28,22],[2,7],[22,-2],[35,2],[11,6],[9,-4],[23,4],[41,-24],[13,6],[21,-4],[30,-29],[27,-8],[8,9],[37,5],[7,11],[17,8],[22,-8],[4,-6],[38,-5],[13,3],[32,-16],[25,0],[2,5],[25,-7],[4,-4],[22,9],[17,2],[20,-3],[14,-7],[5,-9],[17,-5],[14,-13],[37,-23],[24,-25],[25,-8],[17,-15],[4,-16],[8,-12],[5,-26],[10,-15],[-1,-21],[11,-13],[15,-9],[2,-11],[9,-8],[20,-24],[11,-8],[6,-13],[20,-1],[21,11],[16,0],[5,15],[38,-3],[8,-4],[27,3],[27,-6],[-2,10],[12,17],[17,4],[21,-11],[27,14],[18,-11],[8,1],[8,-13],[-5,-18],[9,-17],[20,0],[11,-18],[26,9],[19,-5],[14,10],[30,-15],[13,13],[15,3],[14,-3],[8,-11],[16,7],[19,-9],[22,2],[6,6],[18,8],[5,8],[30,2],[15,-15],[35,-11],[41,-6],[44,-11],[36,-14],[21,-10],[69,-21],[10,-5],[43,16],[26,43],[14,13]],[[38152,42287],[4,-19],[17,-5],[-11,-28],[-14,-27],[-8,-6],[-11,-20],[-11,-12],[-16,-6],[-28,-20],[-10,-15],[-12,4],[-32,29],[-27,3],[-33,11],[-35,-17],[-12,-9],[-4,-15],[9,-21],[-1,-12],[-13,-16],[8,-13],[-2,-16],[-7,-18],[7,-24],[25,-5],[31,-11],[9,-9],[5,-15],[20,-18],[-11,-18],[-42,-37],[10,-15],[24,-3],[19,-8],[12,-31],[22,-26],[2,-7],[-10,-24],[-15,-11],[-1,-6],[19,-34],[-1,-24],[-16,-10],[-8,-12],[-9,-5],[-25,0],[-8,-5],[-8,-19],[-9,-1],[-21,6],[-21,-15],[-26,4],[-42,-16],[-21,-14],[2,-35],[16,-26],[42,9],[30,-4],[24,-17],[7,-12],[18,-5],[10,2],[11,-8],[9,-20],[26,-32],[24,-21],[-3,-18],[9,-27],[13,-11],[1,-17],[-6,-31],[-12,-7],[-3,-26],[2,-19],[38,-21],[18,6],[28,-5],[18,-21],[8,9],[18,0],[5,-6],[23,1],[23,5],[10,-4],[-4,-27],[8,-15],[-3,-11],[5,-13],[27,-17],[5,-27],[-3,-11],[-14,-18],[3,-16],[36,-13],[9,-21],[40,-15],[13,-1],[34,-12],[6,-12],[-7,-14],[10,-27],[-13,-21],[-12,-4],[-16,-20],[-7,-34],[-11,-20],[-1,-35],[21,-21],[7,-27],[-4,-27],[-10,-15],[-11,-8],[-5,-42],[5,-10],[-5,-18],[3,-11]],[[38329,40682],[350,-188],[223,-120],[322,-173],[13,-20],[16,-4],[2,-8],[17,-20],[0,-4],[23,-28],[18,-5],[11,-25],[13,-11],[33,-4],[20,7],[13,0],[10,8],[12,-2],[34,16],[12,9],[30,13],[45,2],[15,4],[29,-15],[28,4],[34,-14],[9,3],[18,-11],[5,7],[13,-1],[10,-12],[10,-2],[14,-27],[19,-3],[8,-7],[1,-12],[-8,-9],[26,-23],[13,3],[15,-8],[18,3],[8,-13],[-5,-32],[-8,-11],[2,-11],[8,-12],[-14,-32],[4,-22],[-5,-13],[-6,-29],[2,-7],[-12,-12],[-9,-26],[0,-19],[14,-10],[12,-24],[11,-8],[3,-17],[9,-8],[11,8],[9,-16],[8,-4],[18,0],[17,-15],[11,-5],[15,1],[13,-18],[20,9],[17,18],[24,-8],[21,-43],[21,-2],[14,5],[23,-5],[20,-11],[11,2],[33,-17],[15,-15],[20,-9],[18,-19],[-12,-24],[-8,-5],[7,-20],[3,-18],[15,-19],[6,-23],[11,-17],[-23,-14],[-6,-20],[-15,-10],[9,-16],[-1,-8],[-12,-11],[-4,-21],[14,-7],[-25,-31],[-3,-18],[8,-16],[-5,-40],[-6,-9],[-30,-2],[-18,-16],[-20,-4],[-14,4],[-12,-6],[-16,-28],[0,-22],[-33,-30],[-8,-14],[-15,-12],[-15,7],[-24,-3],[-4,-12],[4,-9],[-3,-17],[-14,-4],[10,-12],[-9,-14],[2,-24],[-6,-10],[4,-10],[12,-16],[-13,-11],[1,-18],[-10,-8],[-25,-2],[9,-16],[-16,-5],[-6,-11],[-14,0],[-3,-14],[-18,-29],[4,-9],[-11,-6],[-16,-17],[-9,-14],[11,-14],[-20,-8],[-4,-20],[-36,-30],[-17,5],[-39,-24],[-6,-8],[6,-12],[-13,-9],[-1,-20],[10,-11],[-12,-12],[-5,-19],[-24,-20],[-17,-10],[-19,1],[-12,-19],[-6,-19],[3,-14],[-12,-9],[0,-8],[11,-13],[13,1],[3,-18],[12,-1],[3,-9],[-7,-13],[6,-6],[-1,-19],[-14,-16],[-11,-5],[14,-19],[35,-18],[5,-14],[12,-1],[9,-10],[12,-6],[-7,-13],[11,-10],[4,-18],[11,-9],[17,-4],[-4,-22],[6,-18],[-17,-33],[-4,-13],[2,-40],[-6,-14],[7,-16],[20,-8],[25,-26],[6,-11],[-25,-9],[-13,2],[-3,8],[-20,-5],[-5,-32],[-8,-9],[-9,3],[2,16],[-5,6],[-14,-4],[-4,-9],[6,-11],[-6,-14],[-15,1],[-10,-15],[-44,-13],[-22,-15],[-3,-8],[7,-12],[13,-3],[25,12],[5,-7],[-2,-13],[-10,-7],[-10,3],[-14,-6],[-30,6],[-20,-10],[-2,-13],[26,-19],[-15,-14],[-18,2],[-9,9],[4,20],[-12,-3],[-8,-8],[3,-10],[15,-16],[-1,-6],[-57,-35],[-3,-12],[30,-7],[2,-12],[-8,-21],[-13,-8],[-19,-20],[-15,-10],[-27,10],[-37,-10],[-8,9],[16,18],[-5,5],[-48,-12],[-6,-11],[-17,10],[-11,-4],[-19,-19],[-5,8],[5,19],[-20,2],[-4,10],[17,0],[-2,13],[-35,-8],[0,20],[-31,16],[-10,14],[-9,6],[-22,-6],[-9,5],[-4,16],[-18,1],[-6,11],[-2,22],[-8,19],[-30,7],[-8,6],[3,58],[11,20],[-11,17],[-21,-1],[-10,4],[-2,14],[-8,8],[-8,17],[-10,-9],[-13,0],[-11,8],[-7,-16],[-7,-1],[-19,22],[-19,14],[4,16],[-14,5],[-23,-2],[-33,-11],[-36,6],[-12,17],[-24,1],[-19,36],[-11,11],[-17,2],[-25,13],[-15,-2],[-23,7],[-8,10],[-25,-1],[-4,-16],[-9,-15],[-26,-29],[-5,0],[-7,-23],[2,-15],[-7,-15],[-13,-18],[3,-10],[-37,-10],[-15,-16],[-4,-16],[-12,-6],[4,-19],[-25,-11],[-12,-9],[3,-13],[-8,-3],[-5,-14],[-26,-10],[-31,-29],[-13,-3],[-25,-20],[-3,-10],[-12,-13],[8,-13],[-3,-42],[-9,-9],[-1,-15],[-11,-29],[-15,-7],[-7,-9],[0,-21],[-8,-23],[-17,-30],[-3,-27],[-9,-8],[-43,-9],[-8,0],[-35,22],[-22,6],[-40,2],[-24,9],[-15,12],[-23,8],[-15,-1],[-30,13],[-20,-1],[-40,14],[-32,4],[-29,-1],[-16,-14],[-12,-19],[-26,1],[-7,-5],[-4,-21],[-25,3],[-7,-2],[-12,-25],[-23,-30],[-32,-16],[-35,-11],[-9,-5],[-15,-44],[-25,-16],[-137,-488],[170,-392],[-24,-7],[-46,-4],[-30,-11],[-10,-11],[-6,-14],[-7,-38],[-23,-26],[-40,-26],[-20,-4],[-10,-7],[-38,-4],[-29,4],[-24,-8],[-80,3],[-12,-3],[-30,-1],[-26,-5],[-57,-4],[-23,12],[-18,3],[-32,-2],[-18,16],[-6,22],[-9,7],[-28,1],[-14,9],[-12,32],[-16,13],[-7,14],[-36,28],[-17,17],[-20,7],[-22,4],[-35,37],[-15,23],[-15,14],[-7,15],[1,16],[-25,17],[-15,3],[-26,18],[-23,20],[-24,25],[-22,5],[-9,5],[-29,42],[-15,10],[-51,15],[-26,-2],[-15,10],[-27,11],[-27,26],[-25,7],[-19,-10],[-18,-4],[-40,2],[-26,-7],[-34,4],[-14,-7],[-53,-12],[-20,-13],[-29,-12],[-22,-7],[-32,0],[-24,-6],[-56,-2],[-15,21],[-5,17],[-11,5],[-23,5],[-35,0],[-22,-19],[-24,-26],[-24,-9],[-6,-6],[-7,-34],[-14,-12],[-2,-21],[-7,-34],[-7,-6],[-5,-21],[14,-7],[0,-15],[-34,-36],[-7,-5],[-14,-22],[0,-15],[-11,-39],[-9,-13],[0,-13],[-4,-17],[-10,-23],[-5,-36],[-10,-17],[-12,-11],[-16,-10],[-25,-9],[-37,-19],[-46,-5],[-36,-8],[-23,-9],[-5,-7],[-2,-17],[-8,-13],[4,-9],[-9,-11],[6,-9],[24,-17],[0,-15],[-9,-10],[-22,-16],[-4,-6],[0,-23],[13,-47],[15,-16],[5,-10],[11,-40],[10,-16],[24,-21],[10,-17],[-3,-16],[-28,-36],[-13,-12],[-16,-4],[-63,-3],[-38,-16],[-41,-22],[-16,-19],[-29,-25],[-18,-18],[-18,-7],[-14,1],[-21,7],[-7,6],[-13,36],[-12,6],[-28,4],[-1,18],[-16,23],[-5,17],[2,13],[-4,10],[-22,22],[-80,-11],[-32,-2],[-3,12],[-19,22],[-40,15],[-45,-7],[-31,9],[-32,-5],[-59,-2],[-24,-3],[-39,12],[-29,19],[-10,2],[-20,-16],[-22,-21],[-25,-10],[-25,-16],[-18,-9],[-19,-19],[-16,-29],[-34,-20],[-31,-24],[-11,-6],[-24,-8],[-5,-10],[8,-24],[-5,-13],[1,-29],[11,-15],[40,-33],[-10,-24],[10,-30],[10,-19],[5,-22],[-1,-15],[7,-32],[10,-17],[3,-16],[-8,-11],[-34,-36],[-18,-41],[2,-31],[5,-10],[17,-14],[16,-8],[29,7],[17,-5],[6,-41],[-1,-19],[-37,-40],[-7,-16],[5,-35],[-4,-6],[-23,-7],[-32,-1],[-12,13],[-1,17],[-24,-1],[-21,-17],[-17,-21],[-10,-8],[-52,-6],[-20,-7],[-7,-23],[-8,-14],[-17,-14],[-33,-56],[-10,-2],[-16,-11],[-3,-12],[4,-23],[14,-52],[17,-20],[18,-11],[12,-18],[24,-10],[7,-8],[-25,-38],[2,-10],[-16,-25],[-19,-13],[-4,-20],[3,-9],[30,-5],[21,1],[6,-8],[27,-13],[24,-8],[50,-2],[4,-2],[21,-36],[38,-27],[3,-25],[19,-23],[29,-10],[-29,-35],[-6,-33],[-11,-9],[-39,-14],[-5,-10],[13,-49],[-1,-23],[12,-11],[13,-3],[27,-14],[17,-5],[12,-16],[22,-8],[13,-1],[25,-12],[5,-9],[-1,-26],[52,-26],[15,-12],[4,-15],[14,-11],[20,0],[30,13],[9,1],[21,-10],[31,-29],[42,-28],[13,-25],[6,-6],[41,8],[20,0],[-6,18],[21,15],[38,15],[15,0],[14,-7],[15,-19],[13,-1],[20,5],[13,-15],[12,-7],[21,-3],[19,6],[24,-2],[56,-26],[21,-13],[17,-15],[28,-3],[22,-11],[20,-19],[23,-14],[51,-24],[11,-9],[18,-27],[49,-18],[38,-10],[12,-11],[44,-82],[6,-28],[8,-12],[2,-17],[15,-20],[15,-37],[-1,-9],[-17,-45],[-8,-7],[-33,-13],[-6,-12],[5,-13],[16,-22],[4,-13],[1,-31],[23,-19],[22,-30],[17,-10],[21,4],[11,18],[15,16],[18,37],[36,24],[20,12],[17,4],[12,13],[56,25],[28,18],[12,2],[11,-8],[49,-18],[5,-10],[-14,-18],[-2,-18],[25,-11],[-5,-20],[-20,-38],[-10,-38],[9,-23],[1,-19],[-8,-17],[-18,-25],[0,-13],[13,-20],[-4,-54],[3,-11],[-21,-10],[-6,-13],[9,-21],[-25,-26],[-2,-15],[7,-7],[31,-19],[12,-2],[28,5],[7,3],[8,21],[9,4],[25,3],[37,-13],[26,-6],[24,-19],[14,-8],[10,1],[37,16],[18,-1],[28,-6],[32,3],[33,-3],[12,26],[-1,19],[12,15],[19,41],[9,13],[21,7],[37,17],[9,9],[38,4],[47,-14],[16,-9],[34,-4],[5,-5],[9,-28],[12,-11],[13,-6],[61,-12],[19,3],[22,11],[12,1],[30,-6],[37,-11],[8,0],[23,14],[14,21],[16,12],[21,4],[8,-10],[-3,-17],[11,-15],[19,-11],[9,-24],[6,-8],[19,-12],[23,7],[14,-15],[-10,-15],[6,-20],[13,-19],[39,-28],[4,-11],[26,-14],[22,-29],[-1,-15],[-22,-14],[5,-12],[9,-5],[10,-18],[19,-20],[-6,-35],[7,-15],[1,-20],[-6,-13],[-17,-19],[-1,-10],[13,-16],[1,-17],[13,-7],[48,-40],[7,-30],[-19,-33],[1,-13],[27,-21],[16,1],[30,-18],[13,3],[14,14],[27,-7],[9,11],[28,22],[27,14],[6,7],[12,24],[10,3]],[[52846,74704],[14,30],[17,27],[38,21],[22,8],[29,23],[8,25],[-12,26],[21,8],[30,-2],[9,2],[19,12],[12,37],[28,21],[4,8],[-8,10],[-16,6],[-5,8],[20,18],[8,2],[12,23],[0,31],[14,2],[16,17],[1,19],[5,6],[4,32],[-5,8],[2,15],[-7,10],[-1,17],[6,10],[-4,9],[12,12],[30,20],[17,-4],[14,-9],[9,1],[19,10],[18,2],[2,14],[-13,6],[-15,-2],[7,32],[27,-2],[20,-13],[9,12],[-4,8],[-44,34],[7,10],[21,0],[17,7],[18,-10],[27,4],[-10,20],[2,39],[-3,11],[-27,19],[-17,17],[-9,14],[-22,21],[-24,14],[-29,12],[-17,12],[-24,11],[-19,18],[-20,15],[-74,45],[-26,21],[-18,8],[-26,20],[-36,22],[-35,20],[-21,17],[-18,24],[-23,34],[-34,46],[-3,11],[0,72],[32,43],[23,28],[23,30],[15,43],[0,25],[-14,33],[-18,13],[-19,9],[-33,8],[-30,-1],[-25,-12],[-21,-16],[-24,-24],[-14,-18],[-16,2],[-27,15],[-76,9],[-278,43],[-39,5],[-39,6],[11,17],[17,9],[13,23],[-4,7],[-25,15],[-1,28],[-24,9],[-2,35],[-10,24],[6,24],[10,14],[12,5],[14,13],[21,15],[16,6],[17,16],[14,22],[6,36],[-5,42],[-11,31],[17,14],[22,23],[3,7],[6,41],[-5,12],[-2,23],[-9,18],[4,14],[19,35],[-21,11],[-21,14],[-5,0],[-33,24],[-20,30],[-12,3],[-20,-5],[-29,6],[-55,0],[-17,5],[-14,11],[-8,18],[-26,10],[-30,27],[-6,25],[-12,17],[-1,12],[9,15],[-9,14],[9,3],[6,-14],[10,12],[-2,32],[0,42],[-8,38],[15,32],[5,26],[14,21],[3,22],[-1,19],[1,54],[10,23],[17,15],[6,9],[-27,3],[3,10],[-18,7],[-17,11],[-1,6],[-17,6],[-11,-2],[-15,5],[-15,-4],[-22,-15],[-27,14],[-6,16],[-19,-4],[-11,2],[-3,14],[-10,8],[3,9],[-35,28],[-24,17],[-15,2],[-12,25],[-12,0],[-11,7],[-17,-2],[-20,7],[-9,22],[-12,2],[-20,-13],[-17,3],[-17,-3],[-5,7],[-14,0],[-17,6],[-36,26],[-5,8],[-21,13],[-7,15],[-13,11],[-17,-1],[-4,13],[-11,15],[-12,10],[0,19],[-21,20],[-20,6],[0,10],[-23,3],[-12,15],[-17,11],[-18,5],[-27,25],[-22,9],[-6,8],[-15,37],[-17,19],[-16,-4],[-20,0],[-15,-2],[-31,15],[-7,8],[-35,-6],[-12,7],[-25,4],[-12,17],[2,11],[-62,4],[-6,21],[-13,14],[-16,0],[-11,8],[12,15],[30,4],[14,13],[41,8],[3,9],[15,9],[14,-1],[10,13],[8,27],[7,6],[21,2],[14,12],[-5,15],[8,8],[10,-5],[14,6],[10,-6],[14,5],[3,9],[17,11],[0,15],[12,26],[7,8],[-1,12],[18,20],[13,4],[14,19],[13,11],[14,2],[17,14],[4,10],[25,10],[4,19],[14,22],[17,1],[12,10],[9,22],[14,14],[19,7],[5,14],[14,5],[8,-4],[14,-16],[10,-1],[23,12],[14,-2],[6,19],[21,21],[2,13],[23,31],[16,8],[16,15],[8,19],[17,6],[5,8],[78,-3],[24,5],[50,1],[25,-13],[3,14],[-3,20],[43,-2],[9,-2],[34,-20],[21,-5],[-12,-19],[0,-13],[-6,-11],[17,-13],[35,-5],[27,12],[-10,20],[15,7],[61,1],[67,7],[51,9],[20,-2],[25,10],[16,0],[5,10],[26,19],[35,12],[21,-1],[36,7],[7,11],[15,-9],[32,24],[27,10],[18,-1],[39,-21],[13,9],[19,19],[28,7],[10,13],[17,10],[1,8],[23,17],[15,-6],[42,1],[20,-11],[-1,-21],[-6,-13],[14,-16],[10,-22],[22,-8],[12,7],[14,17],[7,1],[23,-17],[226,106],[208,95],[1,19],[-7,24],[-16,0],[-2,19],[14,4],[-13,14],[-12,3],[-3,15],[19,11],[-2,15],[-12,6],[4,12],[-20,1],[-1,15],[15,-2],[14,19],[-7,9],[-15,5],[15,11],[-24,1],[8,18],[-3,12],[-22,12],[9,14],[10,0],[-2,28],[9,17],[-27,-4],[-3,10],[18,-2],[8,5],[-7,9],[-11,5],[17,15],[-10,2],[-21,18],[1,24],[-20,7],[-7,14],[13,6],[-11,12],[-10,-9],[-31,4],[-4,22],[-13,1],[-11,10],[5,9],[15,14],[-21,4],[2,17],[-30,-5],[-6,10],[1,19],[-14,-2],[2,40],[-14,18],[12,10],[8,14],[5,22],[16,5],[20,14],[8,23],[-13,10],[4,9],[-10,16],[-14,6],[4,11],[-4,33],[-14,12],[-11,18],[-5,15],[1,28],[-4,14],[-16,20],[4,25],[-18,7],[-1,28],[-24,10],[-15,-2],[-21,3],[-9,21],[-10,13],[0,10],[-20,2],[-2,12],[-9,1],[-15,-9],[-9,7],[-14,-4],[-21,12],[10,19],[-31,7],[-23,-11],[-14,2],[0,14],[-19,4],[-4,17],[-16,21],[5,5],[-28,24],[10,7],[-23,20],[-10,-7],[-22,-8],[-15,5],[-11,11],[5,6],[-21,16],[7,16],[-6,4],[-5,18],[-18,7],[2,13],[-20,29],[-15,10],[-2,13],[14,21],[-21,6],[-8,9],[-10,-4],[-5,11],[-15,14],[3,13],[-24,13],[3,19],[-13,-1],[-2,15],[-15,0],[-20,11],[14,13],[-13,12],[6,9],[-21,16],[-10,23],[-10,-2],[-17,9],[-10,13],[6,9],[-4,15],[-25,12],[-6,18],[-25,13],[-6,9],[-23,3],[-3,7],[-26,20],[-13,5],[4,22],[-10,14],[2,16],[-11,7],[-21,6],[0,17],[-15,3],[-4,6],[-27,-8],[-22,4],[-6,13],[-35,9],[-11,11],[-13,-10],[-46,3],[-4,-8],[-13,-9],[-9,14],[-28,8],[-11,-3],[-19,9],[-6,9],[-11,-3],[-9,12],[-24,13],[8,8],[-1,14],[-17,28],[3,10],[-10,9],[-4,17],[3,12],[-23,25],[3,14],[-12,7],[-5,16],[-4,28],[-38,16],[-11,10],[-27,3],[-4,9],[-17,16],[1,10],[-35,21],[-24,44],[2,8],[-11,13],[-7,23],[-29,1],[-5,16],[-43,14],[-17,-9],[-7,17],[-16,16],[1,15],[-9,15],[-11,26],[4,11],[-17,28],[2,11],[-22,25],[2,15],[-13,10],[-16,4],[-9,8],[-17,29],[-25,2],[-2,22],[2,20],[-11,-5],[-9,8],[-5,16],[-14,6],[-29,40],[0,23],[28,32],[1,7],[30,33],[-7,6],[16,11],[4,11],[27,17],[-3,10],[9,11],[-3,18],[8,7],[4,13],[-9,43],[-15,12],[-13,1],[-2,8],[9,12],[-19,10],[7,10],[1,15],[19,1],[7,11],[10,-8],[33,20],[2,14],[-11,7],[11,22],[10,6],[-4,10],[5,11],[-14,3],[12,11],[3,11],[-3,22],[-6,5],[-10,49],[-13,9],[3,13],[-3,22],[20,12],[16,20],[-2,12],[14,12],[-8,20],[13,16],[30,9],[12,-2],[19,19],[6,15],[-7,10],[9,6],[4,13],[11,0],[29,14],[0,13],[13,8],[5,19],[-10,10],[6,6],[-2,13],[9,20],[-8,9],[-17,-1],[-8,8],[15,23],[33,12],[8,9],[1,11],[21,10],[16,0],[11,8],[10,-9],[19,21],[26,13],[11,10],[16,-5],[13,10],[16,0],[17,30],[-9,5],[-10,16],[8,13],[-18,24],[19,8],[17,14],[-4,11],[18,7],[15,10],[-5,8],[14,5],[0,11],[12,9],[47,4],[29,21],[5,12],[10,-2],[12,8],[51,23],[19,14],[9,14],[16,16],[0,16],[33,-3],[10,13],[4,26],[-7,17],[15,22],[-11,23],[2,16],[14,5],[12,-5],[10,4],[-1,15],[-30,11],[-6,11],[20,5],[-9,11],[5,10],[35,28],[-1,10],[-16,12],[2,12],[-16,1],[2,12],[-10,13],[6,10],[20,10],[5,-5],[19,3],[9,8],[-2,12],[7,11],[18,-6],[10,2],[-6,12],[17,6],[9,24],[13,7],[13,-1],[10,9],[35,2],[16,13],[1,21],[16,12],[-22,12],[0,8],[16,2],[10,15],[26,-1],[14,10],[5,24],[18,-8],[11,7],[2,19],[14,2],[15,9],[19,-2],[27,22],[25,-13],[17,3],[15,24],[15,0],[15,-4],[1,12],[-8,7],[9,13],[34,-5],[22,19],[9,-2],[-10,-28],[8,-3],[24,15],[47,-7],[10,3],[0,11],[9,12],[18,6],[11,-5],[10,-14],[22,8],[19,-25],[11,-1],[8,15],[11,8],[18,2],[22,13],[21,19],[21,15],[4,-11],[12,-5],[9,19],[16,-7],[14,1],[20,14],[11,-8],[-11,-25],[9,-2],[16,8],[22,-12],[4,-9],[-1,-19],[18,5],[22,-21],[-15,-2],[-2,-8],[16,-6],[10,14],[17,5],[-1,11],[13,2],[7,11],[22,18],[17,-7],[18,1],[17,-14],[6,13],[13,-7],[13,3],[11,-12],[10,4],[10,25],[18,-4],[7,11],[9,-7],[37,-5],[7,6],[0,16],[17,23],[13,-3],[22,2],[22,32],[15,12],[-1,11],[22,-10],[14,8],[-5,13],[16,3],[17,-2],[15,3],[-6,11],[14,10],[3,11],[10,4],[19,30],[10,8],[-1,12],[14,1],[11,-11],[13,4],[-8,14],[2,12],[27,-9],[5,13],[20,-3],[14,3],[30,-8],[22,12],[7,-9],[15,-4],[11,4],[6,-8],[16,-3],[16,9],[14,-12],[-5,-9],[12,-6],[16,12],[30,0],[-5,14],[6,11],[20,4],[5,14],[-34,20],[2,21],[18,17],[3,8],[12,4],[-25,30],[-9,25],[7,13],[28,2],[17,-7],[25,8],[14,7],[12,-9],[15,5],[14,-4],[2,-10],[12,-6],[34,-2],[20,-8],[20,-2],[28,-15],[18,2],[18,-10],[17,3],[32,26],[17,2],[8,12],[-7,8],[27,15],[17,4],[2,13],[-14,13],[5,9],[-17,10],[-17,0],[-5,12],[5,11],[12,1],[22,20],[12,1],[-1,10],[-12,10],[-3,18],[-6,8],[13,8],[6,17],[18,11],[18,18],[16,-4],[19,-11],[7,-11],[12,-6],[29,-3],[31,23],[28,1],[23,12],[22,-5],[11,-7],[11,8],[13,3],[20,-9],[16,8],[10,-17],[8,0],[11,-11],[34,-9],[0,8],[21,22],[18,2],[13,12],[16,-10],[32,-3],[17,-4],[17,2],[10,8],[28,6],[23,12],[8,11],[8,22],[-27,16],[-11,22],[-1,16],[4,11],[-4,26],[8,28],[-5,10],[-18,14],[0,8],[-20,9],[12,8],[-3,13],[-11,8],[-40,9],[-2,7],[-34,1],[-14,9],[-22,4],[-12,5],[-4,10],[-16,3],[1,10],[-16,3],[-1,17],[11,9],[-12,5],[-12,18],[-38,3],[-35,9],[-31,-2],[7,17],[39,12],[16,13],[1,7],[19,9],[10,9],[11,19],[14,41],[-8,13],[10,24],[2,17],[-5,10],[12,15],[-2,11],[-11,5],[1,8],[-23,19],[3,12],[-14,24],[12,7],[2,9],[-11,7],[7,14],[16,22],[-1,9],[13,26],[-1,14],[-13,18],[4,6],[-11,11],[-29,6],[-25,1],[-48,12],[-21,10],[15,17],[-1,20],[16,17],[2,26],[-1,18],[-6,13],[1,12],[11,29],[-2,8],[41,7],[16,7],[20,27],[7,18],[16,15],[0,15],[-4,15],[9,6],[9,17],[2,18],[7,12],[-7,17],[4,10],[29,14],[7,-1],[20,10],[-6,14],[2,14],[21,14],[11,-2],[12,-18],[28,-6],[38,1],[2,7],[24,11],[19,4],[4,11],[-10,13],[-1,14],[-7,6],[2,12],[27,13],[13,14],[0,9],[-13,16],[4,13],[-15,19],[27,6],[5,11],[18,12],[14,1],[14,22],[17,4],[27,0],[4,10],[12,11],[-22,14],[-19,8],[-3,7],[-40,-1],[-21,4],[-31,-1],[-15,8],[-8,13],[-19,15],[-23,3],[-14,-1],[-27,21],[-11,-1],[-22,25],[-12,4],[-9,8],[-19,27],[-45,-1],[-33,7],[-28,8],[-12,16],[-15,7],[-38,3],[-32,-11],[-30,6],[-9,-1],[-23,7],[-14,-7],[-54,6],[12,32],[15,12],[3,9],[-13,15],[-20,10],[23,32],[13,5],[18,12],[13,15],[7,13],[22,20],[26,19],[32,20],[32,17],[39,15],[44,24]],[[54653,85482],[17,8],[52,17],[26,10],[32,3],[14,-4],[25,1],[31,6],[17,8],[10,9],[23,5],[16,-3],[21,3],[29,-10],[27,1],[14,-3],[51,4],[32,14],[53,1],[8,-4],[11,6],[18,-6],[30,12],[2,5],[31,10],[16,3],[6,15],[46,21],[12,-5],[19,-1],[11,-4],[14,9],[35,14],[26,22],[26,10],[73,3],[10,-7],[24,1],[37,5],[32,0],[7,-10],[11,-1],[12,9],[42,-11],[35,2],[29,7],[34,0],[34,-3],[32,2],[16,4],[22,-6],[43,4],[39,-8],[23,3],[27,7],[22,-20],[27,-12],[7,-9],[16,0],[28,7],[10,-13],[19,-6],[25,6],[14,5],[20,2],[23,-10],[29,2],[19,12],[33,-5],[33,1],[46,13],[34,-18],[6,-7],[28,2],[18,-4],[14,-16],[24,-17],[24,-11],[9,-16],[11,-6],[20,9],[27,7],[15,17],[11,1],[6,9],[24,12],[17,0],[9,17],[17,17],[16,-2],[3,-8],[29,-21],[23,4],[12,-17],[4,-29],[6,-9],[11,3],[11,-11],[19,0],[18,-8],[19,3],[6,-13],[-6,-14],[-10,-6],[9,-10],[0,-11],[10,-30],[15,-8],[25,2],[17,-12],[-1,-24],[18,-38],[5,-18],[-15,-5],[-9,-18],[15,-8],[13,-19],[-4,-32],[-14,-3],[-11,-12],[-9,-27],[-5,-24],[-9,-11],[16,-17],[-1,-15],[5,-9],[27,-11],[-3,-18],[2,-11],[-10,-18],[-14,-15],[-9,-20],[-15,-11],[-6,-10],[-20,-2],[-10,-22],[-21,-1],[5,-14],[-6,-15],[-19,-7],[7,-14],[-33,-17],[-4,-15],[10,-14],[-2,-16],[-9,-10],[-6,-19],[-8,-12],[14,-1],[28,5],[10,10],[14,3],[25,16],[21,1],[10,-4],[25,-2],[12,5],[39,-4],[28,23],[22,3],[10,21],[16,4],[23,-13],[10,-10],[7,-20],[23,-9],[17,3],[24,9],[21,-8],[5,-5],[17,-4],[0,-24],[13,-26],[11,-36],[8,-21],[21,-22],[23,7],[53,-8],[26,11],[20,4],[36,4],[11,-3],[26,10],[27,-2],[18,7],[18,2],[46,14],[25,0],[-14,-23],[8,-9],[14,-39],[12,-16],[8,-4],[36,-27],[2,-8],[17,-13],[29,-14],[16,-14],[38,-14],[14,1],[23,-11],[14,-3],[17,4],[15,-4],[19,-11],[9,1],[29,-5],[14,-7],[23,-1],[5,-11],[16,-10],[21,-30],[-3,-25],[33,-26],[-7,-36],[-5,-12],[22,-11],[21,-16],[2,-20],[28,-28],[26,-40],[9,-8],[-2,-16],[-25,-18],[-8,-27],[2,-8],[-10,-7],[-2,-9],[13,-11],[-15,-14],[-1,-10],[16,-8],[12,-26],[-12,-8],[6,-25],[8,-8],[-7,-16],[-3,-27],[-11,-2],[-8,-29],[-27,-27],[-13,-3],[-32,4],[-11,-39],[4,-15],[-3,-14],[12,-23],[16,-13],[12,-4],[-3,-8],[-23,-8],[-3,-10],[7,-16],[-15,-18],[-18,-9],[-12,-12],[4,-9],[-7,-12],[-16,-7],[-22,1],[-14,5],[-15,-6],[5,-13],[-18,-22],[-11,5],[-13,-15],[-13,3],[-8,-16],[7,-11],[-19,2],[-7,-10],[-12,19],[-15,-1],[-1,13],[-7,5],[-18,-12],[-18,-4],[9,-8],[-18,-16],[10,-23],[-11,-4],[-2,-36],[-23,1],[-6,-14],[4,-13],[-18,-5],[-23,-2],[13,-20],[15,4],[9,-5],[-8,-16],[0,-13],[-8,-4],[-14,6],[-31,-15],[-16,6],[-2,-11],[-11,-8],[3,-16],[-25,-6],[1,-15],[-20,9],[-4,10],[-16,6],[-14,-6],[4,-21],[11,-12],[0,-8],[-23,-4],[-14,-9],[-10,2],[-13,-9],[6,-23],[23,-4],[2,-14],[-5,-9],[-17,2],[-5,9],[-13,-3],[1,-16],[-13,-11],[-7,-11],[-7,-29],[2,-10],[15,-18],[7,5],[2,15],[8,4],[23,-2],[3,8],[27,-4],[32,-30],[26,-9],[4,-6],[20,-6],[4,-14],[13,-16],[27,-21],[14,-17],[22,-12],[10,-19],[-14,-18],[7,-13],[-9,-15],[-4,-28],[8,-11],[-6,-24],[5,-17],[-8,-14],[3,-6],[-9,-15],[6,-5],[-2,-22],[-4,-8],[11,-12],[13,-7],[28,6],[24,-3],[34,13],[14,-2],[21,15],[7,11],[41,5],[4,23],[7,3],[17,-2],[17,10],[7,11],[45,9],[20,9],[8,14],[13,1],[8,9],[25,13],[14,3],[12,12],[21,7],[12,-4],[10,4],[24,-13],[44,0],[8,-3],[14,-16],[15,-4],[7,-14],[25,-3],[14,-11],[32,0],[20,-7],[17,-18],[18,-9],[23,-6],[10,-9],[10,0],[9,-12],[13,-4],[7,8],[28,11],[11,11],[26,7],[8,8],[9,-5],[22,0],[12,6],[26,-1],[6,-17],[15,-21],[8,-2],[17,6],[24,-11],[28,5],[40,-19],[16,2],[9,-5],[21,0],[18,9],[25,8],[15,-6],[25,15],[1,10],[10,14],[32,12],[26,1],[14,5],[29,3],[12,10],[12,16],[37,16],[32,22],[7,14],[12,2],[19,-5],[17,1],[21,9],[11,11],[28,11],[50,9],[10,4],[50,-3],[19,4],[44,0],[2,10]],[[59341,83213],[14,-19],[16,-14],[9,-24],[-1,-18],[-12,-12],[6,-21],[-1,-18],[13,-14],[-13,-18],[-17,-6],[-1,-20],[-6,-27],[18,-10],[63,-17],[3,-5],[-4,-40],[11,-12],[-11,-18],[-17,-17],[0,-8],[-15,-12],[4,-16],[-4,-20],[-13,-28],[-32,-1],[-48,-55],[-6,-19],[0,-21],[-4,-11],[11,-42],[8,-3],[0,-19],[-8,-9],[2,-13],[-6,-21],[7,-21],[11,-9],[4,-12],[17,-11],[17,-17],[14,-7],[0,-8],[-13,-11],[-7,-25],[-7,-11],[1,-12],[-5,-30],[6,-15],[-16,-7],[-20,-21],[-4,-12],[14,-24],[-1,-17],[-13,-16],[0,-26],[-6,-11],[5,-19],[-2,-20],[19,-18],[0,-12],[7,-16],[-4,-9],[17,-22],[-16,-28],[2,-13],[-5,-14],[10,-42],[-5,-17],[9,-20],[14,-12],[14,-22],[-10,-23],[-4,-30],[-22,-9],[-20,-1],[-22,-9],[-3,-7],[2,-38],[12,-53],[-8,-16],[3,-40],[-1,-17],[-20,-24],[-15,-24],[-11,-6],[-4,-15],[-10,-14],[0,-25],[-6,-8],[-5,-30],[-8,-19],[5,-13],[-7,-23],[-12,-13],[10,-17],[19,-42],[13,-18],[4,-18],[14,-26],[10,-11],[0,-15],[-11,-12],[-22,6],[-13,-7],[-19,-4],[-10,-10],[1,-12],[-13,-20],[-9,-35],[1,-17],[-21,-11],[-13,-12],[-13,-5],[-1,-19],[-18,-14],[-28,6],[-20,-33],[-14,-32],[-9,-5],[-17,-1],[-15,-23],[-23,0],[-5,-7],[4,-28],[-8,-22],[-21,-14],[16,-36],[11,-8],[4,-21],[-5,-13],[11,-15],[-2,-25],[5,-9],[-1,-26],[-13,-12],[-5,-9],[-47,-28],[-6,-10],[11,-14],[0,-14],[6,-23],[-11,-11],[-28,-53],[-23,-1],[-35,-17],[-2,-27],[-15,-15],[-6,-17],[-14,-12],[2,-9],[-6,-11],[-9,-1],[-10,-18],[9,-35],[18,-21],[-2,-28],[-15,-4],[-25,-14],[-5,-27],[-8,-14],[1,-25],[-3,-13],[-12,-7],[-25,-25],[1,-23],[-16,-20],[-7,-18],[-10,-14],[4,-9],[28,-9],[-1,-17],[8,-4],[18,0],[12,7],[16,3],[28,-5],[7,-8],[-26,-6],[-7,-12],[7,-18],[10,-10],[-15,-12],[-2,-16],[-8,-4],[-8,-20],[36,-32],[35,-10],[5,-9],[-7,-15],[-17,-2],[-32,-15],[-21,-4],[-18,-13],[-12,-16],[14,-20],[25,1],[25,-8],[13,-13],[18,-7],[36,-3],[17,-12],[1,-37],[-3,-28],[6,-4],[30,2],[28,-11],[21,-14],[25,0],[32,-7],[14,-10],[13,-16],[17,3],[1,-12],[-12,-17],[-5,-17],[-32,-9],[5,-20],[-9,-8],[-14,0],[-19,-18],[5,-16],[-10,-19],[-23,0],[-9,-16],[-28,-4],[-7,-15],[-20,-10],[-16,-39],[-10,-6],[-4,-12],[-11,-2],[-4,-9],[-26,-22],[-19,-1],[-12,-4],[-3,-9],[-15,-5],[-20,-41],[-23,-20],[-2,-20],[-19,-23],[-6,-22],[-10,-8],[-7,-22],[-6,-5],[-1,-20],[10,-22],[-11,-13],[-8,-2],[-11,-19],[-3,-24],[6,-7],[-3,-17],[-6,-15],[-29,-21],[-12,-14],[-15,6],[-19,-11],[-10,-15],[-11,-8],[4,-14],[-58,-51],[2,-24],[-26,-5],[-18,-20],[2,-28],[-11,-13],[-1,-12],[-16,-9],[-12,2],[-7,-15],[-25,-19],[-6,-27],[-43,-28],[-20,-31],[-4,-35],[-10,-22],[-7,-23],[-20,-25],[3,-16],[17,-34],[-16,-4],[-9,-17],[-6,-21],[-16,-15],[-7,-22],[-14,-17],[-10,-6],[-14,-17],[-13,-10],[-12,-17],[-5,-15],[-13,-48],[5,-18],[55,-16],[11,-8],[-11,-13],[-23,-11],[-9,-7],[-6,-16],[-13,-26],[-15,-34],[-14,-13],[-4,-18],[-2,-32],[-8,-24],[-14,-20],[0,-9],[10,-25],[1,-24],[-6,-13],[-18,-2],[-87,6],[-8,-1],[-45,-16],[-22,-3],[-23,8],[-47,-2],[-33,3],[-10,-4],[-26,-24],[-22,1],[-10,-4],[-18,-22],[-15,-11],[-23,-9],[-9,-28],[-27,-16],[-11,-27],[-41,-60],[-22,-12],[-20,-2],[-3,-13],[-12,-24],[-28,-23],[-18,-10],[-20,-20],[3,-29],[22,-31],[5,-24],[-4,-24],[-16,-21],[-21,2],[-36,-5],[-12,-11],[-34,-1],[-41,6],[-10,-5],[-10,-18],[-21,-16],[-1,-16],[14,-27],[6,-5],[36,-11],[7,-4],[11,-34],[9,-11],[19,-7],[6,-8],[-6,-9],[-22,-9],[-46,-31],[-15,-4],[-15,-15],[-2,-27],[-17,-13],[-7,-22],[-15,-12],[-44,-5],[-23,3],[-19,9],[-2,-20],[-12,-19],[-28,-17],[-11,-14],[-18,-13],[-51,-27],[-11,-11],[-9,-39],[8,-22],[-16,-24],[-12,-24],[-29,-34],[-35,-18],[-25,-7],[-15,-16],[-6,-17],[-7,-46],[1,-14],[8,-19],[0,-19],[12,-15],[2,-12],[-9,-12],[-11,-56],[-22,-39],[-20,-11],[-26,-20],[-15,-6],[-5,9],[-22,11],[-27,-3],[-8,-8],[-5,-16],[-13,-14],[-14,-9],[1,-23],[4,-7],[-16,-14],[-2,-11],[7,-14],[-7,-23],[-11,-6],[-3,-20],[9,-14],[-6,-9],[-27,-19],[4,-25],[-14,-9],[15,-16],[-9,-22],[-12,-20],[4,-15],[-4,-8],[-32,-2],[-20,-18],[-3,-7],[-27,-42],[-3,-12],[-22,-13],[-13,-11],[1,-15],[-4,-17],[-9,-5],[-16,-29],[-6,-21],[-5,-5],[-27,-13],[-11,-18],[-13,-36],[-16,-9],[-5,-28],[-11,-5],[-30,14],[-33,6],[-33,9],[-15,2],[-30,-10],[-6,-8],[-2,-16],[-12,-29],[2,-8],[-13,-11],[-11,-19],[-18,-7],[-1,-26],[11,-5],[8,-11],[-1,-8],[-23,-25],[-8,-36],[2,-20],[-18,-15],[5,-18]],[[56200,76029],[-2,-18],[-16,-27],[-5,-23],[-16,-1],[-19,-7],[-17,-19],[-19,-4],[-22,9],[-21,2],[-12,9],[-21,2],[-22,17],[-11,13],[-14,7],[-17,1],[-23,-14],[-11,-14],[-23,-22],[-6,-22],[-17,-33],[4,-36],[-6,-19],[0,-14],[-33,-23],[-26,-26],[-10,-40],[-10,-11],[-16,-71],[16,-21],[39,-20],[9,-19],[14,-17],[10,-27],[1,-28],[6,-46],[-1,-31],[-7,-21],[2,-19],[17,-22],[12,-7],[-7,-15],[-24,-16],[-13,-29],[-1,-19],[15,-41],[-16,-14],[-24,-4],[-6,-10],[9,-11],[-3,-24],[4,-8],[0,-19],[-10,-23],[-22,-13],[-19,-16],[-3,-10],[-13,-5],[-14,-20],[-10,0],[-10,-10],[-1,-26],[-9,-11],[-7,-21],[16,-13],[1,-12],[-9,-6],[1,-13],[-7,-11],[-3,-28],[16,-13],[-4,-37],[5,-18],[16,-20],[3,-24],[-3,-8],[7,-18],[-2,-19],[13,-29],[0,-18],[6,-7],[0,-20],[-5,-9],[0,-26],[9,-33],[1,-16],[-17,-9],[-23,-18],[-8,-14],[7,-16],[59,-37],[13,-15],[-8,-11],[-6,-19],[0,-16],[-12,-33],[0,-11],[-7,-21],[1,-12],[-25,-38],[-4,-3],[-31,-4],[-29,0],[-20,7],[-8,-27],[-3,-24],[19,-45],[26,-15],[4,-23],[24,-16],[4,-10],[13,-8],[15,-20],[12,-9],[9,-19],[-5,-32],[-11,-12],[21,-10],[7,-23],[-2,-26],[-5,-13],[13,-12],[14,-20],[-2,-29],[3,-10],[24,-40],[16,-14],[6,-16],[12,-16],[14,-2],[13,-8],[1,-12],[-9,-16],[-18,-22],[7,-17],[1,-31],[-10,-20],[-26,3],[-16,-3],[-18,3],[-38,-9],[-64,-4],[-6,-13],[-27,-20],[-27,-3],[-13,-15],[-15,-10],[-12,5],[-22,-7],[-10,-13],[-19,-12],[-8,-19],[-16,-25],[-9,-7],[-1,-14],[-24,-39],[-3,-30],[-10,-16],[-4,-19],[8,-39],[-2,-14],[-19,-9],[-16,-13],[-8,6],[-13,-3],[-11,-13],[-24,-10],[-2,12],[-18,-1],[-1,-18],[-21,-15],[5,-9],[-14,-19],[-18,-9],[-20,8],[-14,-10],[-21,3],[-18,-28],[6,-22],[-8,-3],[-20,-17],[-22,-36],[2,-27],[-10,-19],[-10,-7],[-31,-13],[-4,-18],[4,-27],[-8,-24],[18,-5],[-2,-16],[-8,-23],[-18,-18],[-13,-21],[-59,-37],[-31,-6],[-18,2],[-15,-23],[-30,-32],[-22,-43],[10,-7],[-4,-11],[2,-24],[13,-13],[-6,-9],[29,-26],[25,-16],[-14,-15],[-23,-18],[2,-34],[7,-12],[1,-16],[-6,-22],[-2,-19],[56,-20],[13,-39],[13,-11],[42,-15],[18,-16],[12,-15],[4,-19],[12,-14],[25,2],[8,-17],[-7,-10],[20,-26],[-17,-15],[-26,0],[-27,5],[-17,7],[-26,-3],[-28,-24],[-17,-12],[-28,-15],[-26,-9],[-6,-12],[-1,-16],[-20,-13],[-16,-5],[-4,-9],[-25,-3],[-28,0],[-19,-6],[-21,9],[-11,-5],[-38,0],[27,-32],[13,-20],[-14,0],[-24,-12],[-16,0],[3,-20],[16,-7],[27,1],[18,-4],[19,8],[21,-2],[7,-7],[9,-23],[0,-18],[-6,-7],[3,-12],[45,4],[5,-6],[0,-21],[4,-11],[24,-12],[14,12],[28,1],[22,14],[18,0],[42,13],[13,11],[27,14],[24,-11],[19,6],[16,-4],[9,2],[62,-15],[44,1],[25,-9],[10,-9],[11,-16],[24,-13],[35,7],[15,-1],[13,-10],[20,-28],[11,-27],[3,-22],[-2,-30],[2,-17],[-14,-16],[-23,-6],[-18,-9],[-20,-18],[-28,-20],[-6,-20],[3,-10],[-11,-12],[-12,-5],[-6,-33],[-8,-5],[-3,-27],[-12,-19],[-19,-17],[-21,-13],[-40,-36],[-24,-9],[-18,-10],[-17,-16],[-3,-26],[-21,-25],[-22,0],[-17,-10],[-4,-8],[28,-2],[12,8],[27,0],[12,5],[17,0],[17,-5],[28,2],[42,-2],[13,-3],[64,2],[12,-11],[23,-8],[20,-20],[41,-17],[8,-26],[9,-17],[14,4],[12,-5],[21,-16],[40,-8],[11,-5],[-19,-21],[-11,-18],[1,-18],[9,-17],[22,-15],[42,-11],[11,0],[29,-8],[16,-8],[7,13],[1,11],[10,8],[0,16],[11,19],[0,24],[9,33],[19,16],[14,6],[20,-12],[11,-21],[12,2],[17,28],[82,15],[-11,4],[10,12],[21,-3],[19,11],[20,15],[16,0],[22,9],[8,7],[8,22],[-21,21],[-8,13],[-20,4],[-9,10],[22,3],[9,14],[-3,13],[-12,18],[-16,12],[-13,26],[10,9],[-4,21],[17,11],[7,15],[1,13],[-13,9],[-6,19],[-7,4],[-29,4],[-8,5],[-12,21],[-3,21],[-15,17],[-10,47],[-1,44],[-6,16],[8,27],[28,-6],[5,-5],[30,-10],[18,-3],[15,2],[22,10],[13,12],[36,3],[14,-4],[31,0],[17,3],[8,6],[49,-7],[16,-4],[25,-12],[18,-15],[29,-15],[20,-22],[21,-16],[30,-27],[18,-2],[12,-10],[14,-20],[-5,-12],[-9,-8],[1,-10],[20,-46],[8,-8],[-17,-13],[-10,-22],[-24,-21],[-4,-9],[-17,-10],[3,-19],[-6,-32],[13,-16],[5,-34],[-11,-10],[9,-17],[-20,-59],[4,-8],[-6,-17],[-16,-15],[6,-14],[-2,-38],[7,-5],[0,-18],[-5,-6],[1,-34],[6,-11],[8,-55],[-1,-19],[-21,1],[-13,-7],[-18,-1],[-10,-12],[8,-13],[0,-18],[-20,-3],[-16,-8],[-42,-10],[-12,-20],[-20,-21],[-9,-4],[8,-14],[-9,-12],[-6,-17],[13,-14],[-6,-16],[2,-24],[11,-2],[15,-11],[-8,-39],[16,-23],[-2,-25],[-15,-15],[-6,-16],[3,-23],[-17,-8],[-23,2],[-14,9],[-21,-4],[-15,7],[-5,8],[-12,3],[-15,-6],[-3,-9],[-12,-12],[-39,-17],[-27,-28],[-20,-2],[-10,27],[-14,8],[-19,4],[-28,14],[-45,-7],[-17,3],[-27,-13],[-13,-16],[-22,-11],[-18,3],[-11,-6],[0,-20],[-10,-24],[34,-5],[15,-8],[25,2],[20,-20],[-10,-7],[-3,-18],[6,-14],[-4,-16],[5,-7],[-14,-24],[6,-3],[6,-20],[-15,-13],[-5,-13],[3,-12],[-5,-21],[-6,-7],[-6,-20],[-11,-3],[7,-11],[-10,-21],[-13,-8],[-14,-17],[-10,1],[-17,-12],[-18,-20],[11,-1],[11,-13],[25,-10],[11,-15],[13,-8],[16,-25],[42,-2],[-10,-9],[-14,-40],[10,-1],[9,-36],[-13,-43],[-9,-16],[-18,0],[-18,-22],[3,-14],[10,-24],[17,-19],[-16,-9],[33,-1],[23,-24],[14,-4],[17,4],[-2,-15],[-23,-16],[-15,-2],[-15,-11],[-1,-11],[7,-12],[23,-5],[19,-1],[27,-24],[27,-20],[12,1],[27,14],[23,-14],[4,-9],[14,12],[13,5],[6,13],[27,20],[4,-6],[-2,-16],[6,-18],[-4,-8],[-3,-39],[20,12],[8,17],[17,-6],[21,6],[14,1],[12,-18],[12,-2],[23,-16],[0,-5],[13,-30],[2,-11],[10,-20],[-8,-23],[5,-34],[19,-10],[1,-16],[-6,-25],[0,-16],[21,-17],[1,-9],[-12,-37],[-8,-4],[-17,-17],[-3,-32],[9,-23],[13,-22],[1,-43],[10,-27],[14,-22],[15,-29],[0,-22],[-9,-29],[7,-6],[36,10],[6,7],[31,10],[28,0],[14,3],[19,-2],[17,1],[10,-8],[13,9],[22,10],[20,12],[18,1],[12,-5],[14,-19],[25,-19],[42,3],[12,4],[37,3],[18,-12],[1,-10],[22,-16],[18,-40],[-14,-15],[0,-10],[18,-9],[9,-13],[4,-44],[15,-6],[51,42],[19,-2],[27,8],[8,-21],[16,-22],[-3,-14],[5,-7],[4,-19],[-3,-8],[4,-15],[2,-27],[4,-7],[-1,-20],[9,-44],[-2,-3],[1,-29],[-8,-40],[-21,-9],[18,-18],[-10,-22],[-26,-6],[-36,-18],[1,-10],[-9,-11],[-16,-8],[-21,-2],[-12,-14],[-40,-6],[-2,-45],[-14,-2],[10,-14],[-11,-7],[10,-24],[-36,5],[-40,-17],[-7,18],[-17,-7],[-9,8],[-52,-5],[-12,-6],[-3,-13],[-12,2],[-12,18],[-11,-6],[1,-17],[-26,3],[-10,-11],[-15,-2],[-11,-8],[-19,-2],[-10,-12],[4,-13],[-18,-5],[-12,-14],[5,-7],[-2,-13],[11,-15],[2,-21],[-3,-19],[-17,-15],[1,-8],[17,-14],[-5,-16],[-16,-1],[0,-42],[-17,-7],[14,-22],[29,-14],[-1,-14],[5,-13],[11,-7],[-7,-10],[10,-6],[-2,-18],[-7,-8],[13,-35],[-9,-18],[-8,-2],[-6,-23],[5,-23],[19,-21],[8,-13],[-2,-17],[10,-12],[-17,-5],[-19,-1],[7,-17],[-14,-15],[6,-12],[1,-14],[-16,-6],[-6,-15],[1,-15],[-16,-26],[-12,-5],[-17,3],[-33,-23],[-17,-18],[-9,-26],[-27,-3],[-24,-15],[-13,-24],[-16,-8],[-6,-11],[-15,-13],[-5,-17],[-16,-11],[2,-14],[-38,-11],[-2,-18],[-10,-4],[10,-13],[-14,-10],[-10,-19],[-12,-13],[-14,-3],[-7,-11],[5,-14],[-9,-9],[-17,-8],[-19,-17],[-5,-19],[7,-9],[0,-13],[-16,9],[-19,-1],[-3,-10],[7,-7],[17,-4],[-4,-12],[-21,4],[-6,-19],[-16,-14],[-20,-5],[-60,-34],[-24,-5],[-16,-21],[-16,-9],[-13,-14],[-25,-13],[-28,4],[-16,-11],[-58,-6],[-18,-9],[-31,0],[-8,-17],[-19,-26],[-24,-10],[-13,-9],[-16,-1],[-15,-9],[-23,6],[-6,-5],[6,-11],[-4,-8],[-23,0],[-46,-10],[-14,23],[-25,8],[-13,-4],[-15,8],[-14,-3],[-16,12],[-15,-3],[-9,19],[-13,15],[-28,23],[-6,10],[-11,-4],[-9,38],[-7,7],[-2,18],[-10,1],[1,18],[-16,-2],[-9,8],[-27,-24],[-8,0],[-13,11],[-7,-4],[-19,1],[-23,19],[-11,1],[-9,11],[-21,-7],[-16,9],[-21,4],[-5,12],[-23,28],[-9,8],[-6,12],[4,12],[-6,17],[-10,3],[-10,-8],[-20,15],[-18,5],[-31,15],[-12,7],[-48,23],[-20,-3],[-31,19],[-22,-5],[-20,0],[-27,12],[-40,4],[-29,-11],[-14,5],[-22,-2],[-22,8],[-25,1],[-29,10],[-25,2],[-14,17],[-13,4]],[[54422,67967],[-3,1],[-410,4],[-390,4],[-3,5],[-27,-6],[-9,7],[12,30],[-4,10],[-25,-1],[-6,9],[8,11],[18,-3],[9,4],[3,11],[-10,12],[-9,4],[-26,-3],[-1,6],[25,2],[3,9],[-21,6],[18,19],[29,6],[15,-3],[13,-7],[13,5],[13,18],[18,6],[20,-8],[7,2],[17,35],[-2,18],[-18,2],[-15,15],[3,17],[7,19],[-23,6],[-9,9],[-1,20],[-20,0],[-11,8],[2,14],[-12,23],[11,23],[-4,20],[2,12],[20,14],[8,20],[16,12],[9,17],[45,14],[29,-1],[9,4],[-3,17],[13,3],[25,-16],[7,2],[-1,14],[24,12],[3,8],[-25,15],[15,16],[-18,9],[10,7],[20,0],[14,-5],[-6,18],[16,20],[32,11],[6,8],[9,26],[35,6],[4,7],[22,2],[23,39],[26,-5],[1,25],[21,43],[21,8],[15,12],[34,8],[11,-3],[19,4],[27,14],[5,17],[-23,44],[14,18],[0,11],[-25,18],[-13,15],[-1,13],[5,14],[-4,10],[18,15],[16,30],[-3,13],[-13,9],[-9,30],[4,14],[9,12],[-13,10],[-53,-14],[1,10],[-9,12],[-1,17],[17,7],[5,13],[-13,5],[-17,-5],[-9,10],[-15,-13],[-32,-1],[-17,7],[0,28],[-38,19],[2,23],[-5,12],[-27,20],[-11,4],[-17,-7],[-13,-10],[-19,-4],[-15,4],[-23,0],[-11,9],[3,14],[14,13],[-8,17],[5,22],[14,15],[-3,8],[-20,4],[-23,-3],[-9,9],[15,12],[19,7],[22,-1],[-10,17],[-13,0],[-13,-7],[-15,8],[12,10],[19,6],[13,14],[1,16],[-6,12],[-20,14],[-9,9],[3,10],[29,5],[-8,13],[-17,8],[-20,18],[-9,18],[-36,17],[-10,2],[-12,12],[4,15],[25,10],[6,9],[-6,21],[-13,10],[-30,-4],[-10,4],[-20,28],[-15,9],[-23,9],[-2,10],[14,10],[27,-4],[12,6],[3,9],[-16,18],[-8,2],[-15,-11],[-11,4],[5,22],[-1,7],[-16,15],[-36,-1],[-17,16],[-21,-3],[-17,9],[-4,15],[4,12],[-4,8],[-20,10],[-8,10],[5,9],[23,4],[-4,11],[-29,15],[-2,22],[-7,7],[-23,8],[-4,17],[16,12],[-21,14],[-22,0],[-1,16],[-8,11],[-18,-12],[-16,-4],[-11,20],[-27,18],[4,16],[16,11],[22,-4],[16,-18],[23,-5],[17,0],[13,5],[6,19],[-8,21],[9,15],[29,17],[-2,6],[-20,18],[-5,14],[8,30],[-6,17],[-14,19],[-3,38],[4,20]],[[35746,74349],[-9,13],[5,7],[-1,27],[-4,17],[-12,10],[2,9],[13,5],[17,11],[36,14],[35,8],[59,22],[84,23],[99,24],[110,38],[64,28],[54,37],[28,29],[5,18],[13,15],[13,22],[5,17],[-1,22],[9,20],[0,17],[-11,9],[-3,9],[30,15],[61,25],[47,23],[20,18],[31,14],[21,17],[34,22],[8,16],[73,42],[24,12],[36,24],[12,15],[-6,32],[5,14],[0,18],[-8,13],[8,18],[15,25],[-3,17],[10,23],[-17,42],[20,11],[21,39],[10,9],[-3,14],[9,9],[-2,12],[15,11],[10,23],[20,15],[47,33],[15,6],[44,26],[14,17],[3,20],[29,11],[69,39],[21,17],[-1,14],[14,7],[32,21],[40,29],[0,13],[42,34],[29,25],[14,21],[4,30],[-5,6],[22,25],[13,29],[-9,10],[1,26],[5,3],[18,29],[11,26],[1,10],[-10,4],[2,17],[7,25],[-5,26],[15,24],[7,15],[-8,23],[-10,13],[-19,10],[8,15],[12,13],[23,31],[7,34],[-5,16],[-17,8],[5,27],[30,29],[13,15],[5,14],[3,22],[-9,11],[2,17],[-7,5],[2,19],[25,16],[95,26],[44,14],[73,30],[36,18],[84,50],[57,45],[18,19],[19,26],[10,19],[6,23],[0,24],[-8,18],[-16,26],[-26,14],[-25,3],[0,16],[9,11],[4,25],[10,14],[58,37],[22,22],[22,25],[10,17],[23,10],[24,34],[-4,15],[25,10],[37,6],[21,7],[92,20],[93,19],[70,17],[74,20],[44,14],[72,30],[83,36],[62,30],[47,26],[54,38],[44,38],[11,12],[12,33],[13,17],[10,32],[-11,31],[-10,15],[-20,20],[-9,-13],[-22,7],[1,-13],[-5,-11],[4,-10],[16,-22],[-4,-18],[7,-18],[-19,-5],[-8,4],[-8,14],[-1,14],[8,29],[2,33],[4,15],[10,13],[23,23],[42,35],[35,27],[1,13],[20,18],[33,13],[32,9],[40,6],[48,5],[42,-9],[9,-8],[2,-19],[6,-6],[16,-29],[84,-32],[78,-25],[26,-5],[47,-4],[24,0],[101,8],[62,9],[10,4],[-6,-29],[8,-5],[24,15],[-5,11],[24,6],[19,-2],[5,9],[23,6],[38,4],[9,-6],[14,2],[3,-23],[14,-9],[19,-5],[14,3],[8,19],[16,17],[-2,10],[29,5],[4,-4],[63,8],[17,0],[21,-8],[18,-11],[7,-12],[-3,-15],[8,-17],[6,-21],[2,-39],[-13,-6],[-2,29],[-31,-24],[-13,11],[-21,10],[-27,1],[3,12],[-30,7],[-19,2],[-19,-10],[-30,1],[-20,-3],[-21,-10],[-30,-29],[-20,-10],[15,-5],[-1,-8],[-12,-2],[5,-15],[-9,-14],[-15,0],[-4,-7],[32,-7],[-1,-11],[22,11],[7,-2],[0,-16],[15,3],[13,-8],[15,34],[12,2],[12,-12],[15,-5],[24,1],[34,13],[7,15],[14,4],[-1,-15],[16,-23],[18,3],[20,-4],[18,2],[3,-14],[22,1],[43,-5],[13,7],[1,7],[21,0],[9,6],[8,25],[-24,10],[22,9],[6,-13],[27,-4],[35,9],[31,14],[25,17],[17,26],[30,13],[32,23],[5,12],[13,-7],[28,-2],[4,-5],[27,3],[21,10],[23,-4],[21,-22],[6,-12],[31,-7],[25,2],[10,-4],[25,8],[18,-5],[45,0],[10,-9]],[[40539,77401],[-3,-13],[-39,-15],[9,-8],[-6,-33],[7,0],[17,-12],[5,-10],[-20,-134],[38,-1],[17,-10],[16,-17],[14,-3],[18,-12],[3,-7],[2,-21],[5,-21],[19,-7],[16,5],[4,-13],[-1,-19],[25,-15],[24,-9],[21,-15],[16,27],[41,45],[13,11],[0,19],[39,-5],[19,-5],[22,18],[5,-2],[17,-31],[1,-20],[21,-11],[12,-13],[25,-2],[7,5],[9,17],[28,6],[17,-7],[17,0],[4,-30],[36,-37],[32,-17],[8,-35],[13,0],[30,-25],[17,5],[34,-13],[13,-45],[-7,-7],[20,-21],[2,-14],[27,-28],[26,-15],[-13,-15],[-4,-16],[-16,2],[-11,-6],[-11,4],[2,9],[-19,21],[-8,-10],[-23,-7],[-10,-20],[4,-19],[-21,-27],[-7,-22],[-13,-5],[4,-11],[25,-3],[11,-3],[20,1],[16,-5],[25,5],[26,-8],[12,0],[19,-15],[8,1],[7,-19],[36,4],[13,14],[51,20],[13,-4],[61,-43],[2,-19],[11,-16],[17,-4],[37,-27],[19,1],[12,4],[16,-10],[20,-2],[7,10],[39,0],[13,-6],[7,6],[21,4],[15,-1],[23,15],[19,0],[17,-17],[16,-9],[15,9],[1,21],[22,17],[-8,5],[-2,30],[19,22],[18,13],[4,16],[19,18],[16,-3],[5,-14],[-12,-12],[-2,-12],[24,-4],[8,-6],[-10,-8],[4,-13],[-9,-23],[-10,-9],[-20,-43],[15,-5],[9,18],[18,-4],[28,-13],[15,-19],[27,1],[12,-4],[-6,-11],[12,-3],[-1,-13],[19,-17],[15,7],[11,-9],[4,-14],[15,2],[12,6],[24,-20],[12,-15],[35,-6],[9,-5],[-9,-15],[-4,-18],[5,-6],[-7,-16],[-1,-18],[-17,-4],[-10,-36],[-16,-26],[4,-48],[18,-10],[-7,-12],[9,-10],[-10,-18],[14,1],[13,-7],[-7,-10],[12,-6],[-11,-16],[11,-11],[3,-34],[12,2],[6,-12],[12,-5],[0,-15],[-19,-2],[-7,-6],[1,-17],[-14,-29],[-7,4],[-10,-14],[-30,2],[6,-40],[16,-7],[15,5],[12,-16],[14,2],[7,-21],[13,-19],[48,-21],[-8,-25],[26,4],[20,-3],[45,1],[15,9],[5,23],[12,19],[18,10],[7,-15],[9,-1],[17,13],[29,-28],[15,-7],[8,8],[7,18],[9,10],[15,-34],[53,30],[23,22],[6,13],[15,9],[28,10],[7,9],[28,-32],[54,-40],[-7,-18],[-20,-7],[-7,-20],[14,-14],[16,-7],[44,7],[20,5],[31,2],[8,-14],[13,4],[44,-5],[-5,-31],[2,-14],[64,-28],[30,11],[10,-4],[14,23],[17,11],[23,4],[8,-4],[21,1],[5,-11],[-5,-16],[25,-35],[15,-12],[8,-15],[22,9],[49,3],[-1,-15],[-10,-31],[1,-13],[35,-23],[-8,-21],[-22,-18],[3,-12],[18,-8],[-13,-23],[32,2],[16,7],[16,13],[21,22],[25,-2],[-8,-22],[-3,-32],[-26,-23],[24,-4],[16,-9],[29,-1],[14,5],[15,-19],[18,-13],[5,-14],[47,12],[18,10],[28,-14],[38,-4],[31,-12],[35,-4],[17,8],[28,-2],[22,-16],[10,7],[27,-18],[35,19],[20,1],[26,14],[26,-23],[8,-17],[19,-16],[6,-20],[-4,-7],[19,-13],[9,-24],[18,-11],[13,-32],[-19,-11],[-13,-40],[24,-5],[-4,-11],[-5,-48],[12,-7],[-3,-30],[2,-12],[29,-6],[-26,-44],[48,-26],[-12,-12],[77,-44],[2,-13],[19,-7],[9,-13],[-8,-18],[11,-36],[-3,-22],[-9,-13],[-1,-18],[36,2],[14,-4],[29,-25],[12,-25],[40,-34],[71,-36],[11,-14],[-77,5],[-27,-89],[-2,-2],[-49,37],[-26,30],[-16,14],[-17,9],[-8,-20],[-19,-27],[77,-36],[-39,-87],[-18,22],[-11,-2],[-12,13],[-13,-2],[-19,3],[-19,8],[-2,-17],[-9,-11],[-13,-8],[-21,10],[-27,3],[-41,-10],[-16,-8],[-15,-19],[-27,-19],[-4,-17],[-10,-21],[-34,-36],[-32,-8],[-11,-17],[-20,-23],[7,-8],[-24,-15],[-28,24],[-18,23],[-10,-3],[-26,26],[-24,14],[-21,-12],[-12,3],[-14,24],[0,19],[3,8],[-27,43],[-12,9],[-14,-15],[-20,-42],[-27,-1],[3,9],[-14,8],[-27,-14],[12,-22],[-5,-9],[-19,-8],[-26,2],[40,-42],[-61,-100],[-38,-44],[25,-15],[-11,-22],[-28,-6],[-32,16],[-27,-5],[-26,1],[-16,-5],[-28,18],[-29,13],[-28,10],[-14,-54],[-9,5],[-4,-20],[-21,-2],[-31,-10],[-16,1],[-18,-5],[-16,0],[10,-22],[6,-22],[-15,-2],[-19,-9],[-7,-18],[-21,-21],[-16,-8],[-24,-20],[-32,-4],[-21,-10],[6,-66],[14,-9],[-2,-17],[11,-1],[0,-23],[-13,-48],[11,-2],[-11,-31],[22,-16],[20,-20],[30,-14],[30,-9],[13,-8],[55,-17],[20,-24],[12,-4],[24,-3],[-16,-30],[36,-14],[-5,-34],[61,-13],[3,-45],[-46,-6],[-6,-4],[6,-22],[9,-3],[9,-28],[-7,-20],[-24,-4],[17,-10],[2,-27],[-32,-12],[-12,-12],[-3,-36],[-20,5],[8,11],[0,11],[-14,-1],[-5,-12],[-12,-14],[3,-11],[46,-11],[-4,-19],[-11,-17],[-15,4],[3,-25],[6,-4],[16,-23],[-3,-3],[-28,-7],[-17,21],[-36,13],[-23,-30],[5,-13],[10,-2],[13,-11],[0,-11],[-10,-15],[-14,-35],[-16,-4],[-33,9],[-3,-7],[33,-14],[-16,-40],[22,5],[8,-45],[8,-29],[41,3],[-6,-25],[0,-23],[8,-9],[41,-14],[-14,-45],[20,-25],[6,-16],[-2,-22],[7,-4],[24,-42],[2,-13],[14,-14],[3,-20],[16,-12],[26,-29],[4,-27],[19,-22],[14,-25],[6,-84],[-3,-7],[-18,-13],[-10,-36],[-25,-22],[-17,3],[-3,-32],[-11,-22],[41,-19],[12,-13],[-8,-32],[-12,-5],[7,-17],[-10,-4],[-4,-14],[55,18],[21,-8],[13,-45],[44,-21],[1,-6],[-12,-12],[27,-21],[-23,-24],[-23,-16],[-7,-8],[-15,-39],[50,-33],[14,6],[43,10],[28,-6],[14,1],[22,8],[23,-5],[16,-14],[25,-7],[-2,-22],[21,-4],[15,-12],[13,-3],[12,2],[21,-5],[46,7],[56,-4],[15,-9],[13,9],[13,0],[23,-6],[9,1],[11,-8],[27,-12],[1,-33],[-21,-7],[-22,-13],[3,-17],[25,0],[26,-6],[14,-14],[8,6],[-3,13],[48,58],[29,8],[-3,13],[26,1],[9,-37],[10,-27],[33,-46],[11,-22],[34,-51],[34,-26],[29,-29],[-30,-24],[-18,-10],[-39,-10],[-26,-18],[-10,-18],[-4,-22],[18,-20],[18,-8],[30,-2],[34,7],[-3,-22],[3,-42],[4,-9],[24,-13],[22,-17],[28,-34],[14,10],[16,4],[21,1],[54,49],[-14,11],[40,31],[17,-5],[27,8],[15,15],[0,81],[13,1],[20,-7],[8,2],[21,-11],[17,-3],[58,-1],[1,11],[-26,13],[38,44],[1,11],[29,36],[-4,9],[-29,26],[-1,20],[21,24],[25,23],[287,-13],[154,-72],[12,8],[16,17],[9,17],[7,31],[24,-13],[13,3],[3,11],[23,-2],[-4,-23],[14,-16],[23,-5],[19,12],[20,28],[4,20],[15,12],[-4,27],[-2,27],[-4,17],[-4,38],[7,11],[3,39],[63,-11],[23,29],[88,51],[-9,17],[2,26],[19,24],[22,-3],[21,-26],[14,-29],[23,-18],[168,-19],[87,-11],[136,-17],[65,-9],[-2,-38],[-6,-53],[-1,-123],[-1,-48],[96,4],[83,2],[8,-3],[-7,-28],[3,-8],[15,-8],[19,-5],[7,-22],[8,-12],[14,-13],[35,-1],[19,-11],[-3,-11],[-14,1],[-8,-5],[13,-26],[10,-10],[-2,-12],[9,-17],[7,-4],[23,-32],[4,-33],[10,-24],[9,-8],[23,-5],[66,-27],[18,-5],[-7,-18],[20,-22],[11,-17],[16,-10],[29,7],[-11,28],[62,18],[12,-9],[-23,-32],[18,-12],[62,33],[20,-27],[14,-2],[58,10],[55,-3],[29,-38],[-15,-13],[16,-50],[-40,-12],[-23,-12],[-4,24],[-15,15],[-23,0],[2,-17],[-30,-20],[-30,-29],[12,-22],[19,-16],[23,-12],[15,1],[24,-7],[12,-7],[9,-32],[6,-7],[35,-5],[25,-19],[12,-22],[0,-19],[26,-12],[-12,-10],[-20,-39],[13,-17],[8,3],[47,6],[9,-30],[-39,-16],[-23,-12],[15,-26],[-32,-2],[-2,-27],[2,-12],[15,-20],[24,-7],[-2,-47],[3,-7],[25,8],[0,-18],[15,12],[39,-16],[13,-9]],[[49005,45166],[-8,-2],[-65,-1],[-15,2],[-25,19],[-26,15],[-17,16],[-5,16],[8,21],[25,31],[6,25],[-11,18],[-1,33],[9,45],[24,48],[7,22],[23,36],[-2,19],[25,21],[9,14],[-6,20],[-5,31],[-4,6],[-18,46],[-14,7],[-17,0],[-17,-7],[-34,1],[-70,20],[-14,9],[-21,0],[-8,-4],[-14,-20],[-14,-9],[-18,-6],[-27,1],[-32,9],[-26,15],[-19,-1],[-37,16],[-9,16],[0,17],[-9,14],[-39,18],[-19,1],[-36,11],[-10,7],[-42,18],[-21,4]],[[48366,45804],[-24,1],[-8,16],[14,23],[3,35],[6,14],[22,34],[15,33],[3,28],[9,17],[18,21],[14,10],[7,16],[-12,29],[-7,7],[-1,13],[4,38],[13,46],[-2,12],[7,27],[20,14],[7,22],[24,21],[14,50],[-1,17],[10,25],[2,19],[-9,6],[3,15],[-6,17],[-17,17],[-23,15],[-19,8],[-24,6],[-13,7],[-25,27],[-4,23],[1,24],[-7,24],[-1,41],[-6,11],[0,23],[11,24],[15,10],[6,17],[0,10],[15,23],[9,33],[-3,19],[12,28],[-19,8],[-3,12],[-11,25],[-17,20],[10,12],[4,14],[11,14],[-3,11],[-10,8],[5,14],[23,14],[-1,18],[28,14],[2,8],[22,10],[2,13],[-8,10],[17,36],[22,25],[26,8],[6,5],[-3,18],[33,30],[18,4],[17,14],[30,18],[8,12],[21,8],[7,9],[16,9],[-6,13],[4,16],[15,17],[7,14],[30,10],[16,16],[3,70],[8,27],[-5,5],[0,27],[-24,7],[-8,15],[-1,11],[-11,22],[-10,9],[0,10],[16,9],[3,12],[-17,5],[-1,16],[-8,14],[9,32],[-5,22],[6,19],[-1,38],[-16,11],[-12,18],[-30,1],[-31,17],[-22,6],[-10,9],[4,37],[-37,13],[-14,12],[-3,22],[-25,50],[-7,27],[12,14],[-11,5],[3,12],[-7,19],[-17,28],[-4,28],[-12,33],[-11,7],[-20,-2],[-9,3],[-8,13],[-33,9],[-26,1],[-26,34],[-15,-3],[-15,12],[-4,12],[1,17],[-7,5],[-14,-5],[-15,5],[-3,21],[-23,15],[-15,5],[-35,23],[-15,7],[-20,4],[-25,-4],[-15,-16],[-18,-1],[-40,-14],[-7,4],[-50,0],[-14,-4],[-19,-15],[-10,-29],[-11,-6],[-17,22],[-14,3],[-22,-29],[-28,-10],[-36,-3],[-39,-17],[8,-28],[-16,-23],[15,-26],[-19,-46],[-19,-30],[-12,-10],[-13,-1],[-25,7],[-10,-7],[-29,-34],[-16,-8],[-6,-9],[8,-7],[-3,-14],[-11,-5],[-10,-11],[-22,-3],[-21,-24],[-7,-2],[-7,-13],[-18,-8],[-15,0],[4,19],[9,8],[-3,29],[4,11],[-11,23],[-16,8],[-15,0],[-12,-8],[3,-19],[-13,-9],[-14,6],[-58,-16],[-12,-6],[-18,-32],[-15,0],[-13,19],[4,15],[-27,-1],[-15,5],[-13,20],[-29,5],[-42,-1],[-15,17],[2,12],[22,7],[-3,14],[-15,5],[-7,10],[-32,10],[5,6],[13,-1],[9,8],[-12,10],[-31,19],[-26,1],[-1,12],[-15,-2],[-21,-17],[-8,-3],[-8,30],[-13,-3],[-21,21],[-18,30],[-22,17],[-20,-10],[-22,-20],[-31,-6],[4,-18],[-5,-11],[-12,9],[5,17],[0,18],[11,12],[-2,9],[-11,18],[-18,16],[7,17],[-27,14],[-20,-11],[-34,-12],[-22,-6],[-15,-18],[-12,8],[13,26],[-2,16],[-13,2],[-15,-9],[-9,12],[11,8],[10,14],[-6,7],[-26,2],[-32,-9],[-18,-2],[-6,8],[25,38],[7,22],[0,21],[-4,13],[-12,8],[-22,6],[-51,6],[-33,8],[-14,7],[-49,-16],[-24,4],[-8,8],[-9,24],[-9,12],[-10,1],[-36,-21],[-27,-20],[-26,-16],[-29,-33],[-21,-14],[-63,-17],[-43,-10],[-36,-14],[-25,-1],[-21,5],[-13,-1],[-45,-18],[-46,-3],[-12,4],[-28,44],[-10,39],[-13,16],[-11,5],[-11,11],[-6,13],[8,18],[15,18],[18,15],[10,15],[27,13],[36,13],[4,16],[-8,11],[-24,-5],[-30,2],[-13,7],[-6,9],[8,24],[9,8],[21,3],[12,5],[22,29],[64,45],[55,11],[8,13],[0,33],[12,39],[9,26],[3,30],[-15,26],[-1,17],[11,14],[20,15],[26,10],[17,10],[17,17],[12,26],[1,26],[5,47],[13,31],[24,25],[-2,19],[-15,19],[4,17],[14,23],[12,23],[0,11],[-9,14],[-13,36],[6,54],[9,12],[24,5],[41,-6],[31,-1],[22,7],[32,24],[14,15],[19,32],[6,17],[4,29],[4,60],[10,37],[23,39],[19,51],[23,13],[23,7],[10,14],[-4,17],[-33,24],[-1,12],[-14,20],[-15,30],[-11,13],[-29,24],[-11,11],[-8,19],[15,20],[9,25],[0,11],[-7,17],[-26,14],[-17,21],[-1,27],[27,41],[4,16],[-7,18],[-33,9],[-14,16],[-12,24],[-3,26],[17,14],[40,10],[16,-1],[32,-10],[22,-4],[14,7],[1,12],[-15,27],[-29,25],[-36,11],[-20,4],[-35,16],[-7,7],[-10,19],[0,13],[8,22],[25,19],[33,13],[28,21],[16,17],[8,13],[7,25],[4,27],[10,15],[27,13],[23,4],[11,8],[4,31],[-2,14],[-14,17],[-22,18],[-20,14],[-46,8],[-8,7],[-31,17],[-7,13],[4,41],[28,43],[14,76],[-1,10],[-10,17],[-8,6],[-31,12],[-40,26],[-17,18],[-9,25],[-3,33],[4,13],[12,14],[15,29],[13,8],[30,12],[32,11],[17,13],[42,23],[40,9],[33,-6],[20,6],[17,8],[8,9],[4,13],[-5,28],[19,37],[5,15],[15,22],[18,15],[30,12],[33,21],[38,14],[38,9],[16,7],[12,12],[4,11],[-2,44],[-5,21],[-4,31],[-8,18],[0,10],[14,27],[-3,37],[-12,20],[-20,16],[-52,8],[-40,13],[-22,12],[-18,28],[-5,14],[4,12],[14,12],[47,27],[38,49],[14,30],[3,44],[-22,60],[0,10],[15,13],[16,5],[26,-13],[20,-6],[24,-13],[19,2],[26,37],[10,21],[-6,26],[-9,9],[-33,2],[-7,8],[-2,27],[3,23],[16,16],[3,14],[15,22],[16,39],[0,25],[-9,19],[-50,47],[-25,18],[-18,18],[-10,15],[1,33],[20,35],[13,14],[22,12],[28,21],[11,16],[20,14],[10,2],[48,-9],[57,-23],[11,2],[18,11],[8,19],[22,20],[-1,10],[-10,9],[-18,10],[-20,19],[-35,21],[-19,8],[-32,9],[-34,2],[-15,3],[-51,27],[-9,12],[-6,23],[9,34],[19,36],[5,21],[19,25],[17,17],[18,27],[13,34],[4,21],[3,30],[9,40],[-14,14],[-11,18],[0,21],[-5,20],[4,17],[20,25],[17,29],[39,34],[11,14],[2,48],[-8,23],[-5,24],[2,19],[-11,40],[-13,14],[-3,12],[-17,16],[-19,37],[-16,21],[-11,21],[-3,26],[6,24],[19,23],[42,41],[19,16],[12,24],[7,44],[11,16],[2,18],[-2,25],[-7,21],[-18,22],[-10,26],[-11,12],[-17,5],[-40,2],[-24,9],[-6,9],[-1,12],[11,22],[22,13],[3,13],[-13,16],[-3,20],[3,33],[6,27],[9,15],[33,20],[5,8],[-9,22],[-8,32],[-10,20],[3,29],[14,14],[-1,22],[-14,19],[-4,20],[-25,55],[-20,34]],[[58321,50872],[0,-3],[-49,-271],[-47,-266],[-69,-387],[-72,-408],[-76,-422],[-69,-392],[-51,-285],[-48,-270],[-85,-261],[-15,-8],[-7,5],[7,26],[-13,8],[-27,-16],[-16,1],[-9,8],[4,11],[12,3],[11,10],[-1,16],[-15,17],[-10,-4],[-5,-33],[-9,-1],[-13,29],[-31,28],[-15,1],[-26,12],[-18,14],[-21,4],[-7,8],[1,22],[5,11],[-8,13],[-20,9],[-11,-8],[-8,-15],[-10,2],[-11,24],[-10,7],[-3,16],[-14,6],[-5,16],[-19,10],[-14,-10],[-14,3],[-3,7],[1,20],[-8,15],[-42,12],[-16,16],[-2,9],[-15,14],[-17,-1],[-1,6],[-38,-1],[-8,10],[-41,10],[-26,23],[-36,5],[-31,12],[-10,11],[-40,3],[-33,1],[-39,11],[-25,4],[-31,15],[-11,8],[-26,-18],[-16,-1],[-38,13],[-60,29],[-18,2],[-30,6],[-19,1],[-23,-4],[-37,5],[-45,9],[-40,12],[-20,4],[-23,0],[-39,11],[-23,21],[-27,3],[-34,15],[-13,12],[-25,9],[-32,19],[-31,7],[-21,-1],[-67,-11],[-36,-3],[-29,1],[-29,-5],[-17,0],[-20,5],[-30,-11],[-19,1],[-28,-15],[-28,8],[-14,-3],[-26,-13],[-26,0],[-24,-7],[-26,-24],[-22,-10],[-27,-1],[-8,6],[-18,-1],[-10,-8],[-13,-17],[-2,-14],[-18,-1],[-6,-5],[-2,-19],[-19,-8],[-2,-10],[-15,-11],[-22,-10],[-19,1],[-37,-2],[-15,-22],[-15,-5],[-9,-19],[-13,-7],[-43,-7],[-20,-7],[-20,20],[-13,7],[-31,5],[-5,13],[-12,8],[-19,-1],[-9,6],[-27,3],[-10,-2],[-21,-17],[-23,6],[-14,11],[-29,8],[-13,13],[-18,0],[-34,11],[-32,0],[-25,10],[-8,6],[-34,9],[-24,17],[-31,8],[-17,10],[-24,10],[-12,9],[-23,9],[-6,13],[1,14],[-10,7],[3,23],[-5,15],[14,21],[-3,17],[12,8],[-5,19],[-24,14],[0,28],[-6,11],[11,32],[-5,14],[-15,28],[-23,25],[-37,33],[-11,23],[-10,2],[-11,18],[-13,8],[3,9],[-9,11],[0,14],[6,11],[-4,21],[2,20],[-9,6],[0,19],[-14,15],[-8,2],[-1,19],[16,20],[-12,26],[4,13],[12,19],[10,34],[-6,13],[-13,12],[-17,3],[-4,9],[-28,25],[-36,17],[-19,31],[1,17],[-6,18],[-20,22],[-18,8],[-14,15],[-21,9],[-7,22],[7,22],[22,4],[-2,9],[-13,20],[2,13],[16,19],[6,15],[-3,23],[13,38],[17,17],[20,12],[34,16],[15,4],[31,0],[21,16],[0,25],[-10,32],[10,47],[16,22],[16,17],[19,9],[-3,13],[-24,17],[-14,24],[-24,31],[-4,13],[-18,8],[-27,7],[-20,3],[-17,-5],[-20,3],[-9,6],[-19,5],[-29,11],[-36,39],[-46,-3],[-7,7],[-6,16],[-38,17],[-34,-19],[-31,-5],[-10,-9],[-15,-25],[-32,-28],[-23,-6],[-50,-9],[-19,6],[-20,0],[-30,7],[-26,-27],[-16,-7],[-28,-19],[-10,-16],[-10,-8],[-75,-21],[-19,-17],[-2,-14],[17,-22],[-1,-6],[-32,-11],[-30,4],[-49,0],[-43,-7],[-29,-10],[-3,-10],[-23,-19],[-9,-16],[-12,-7],[-12,-17],[-18,5],[-16,-7],[-17,-24],[-8,-17],[-6,-26],[-7,-14],[-31,-10],[-8,-10],[1,-11],[26,-4],[7,-7],[4,-35],[-5,-23],[-28,-58],[-33,-17],[-14,-13],[-17,4],[-23,11],[-27,23],[-11,-20],[-24,-9],[-6,-24],[-19,-16],[-9,-3],[-15,5],[-13,10],[-27,-8],[-34,-3],[-30,-9],[-18,-22],[-44,-19],[-12,-20],[-14,-9],[-16,-28],[-27,-20],[-10,-15],[-18,-16],[-9,-32],[-8,-15],[-2,-18],[-7,-14],[-5,-36],[2,-8],[19,-27],[22,-4],[21,-57],[6,-6],[27,-7],[20,-8],[10,0],[2,-20],[-10,-21],[-10,-11],[-4,-15],[3,-12],[0,-25],[13,-11],[11,2],[1,-18],[-10,-26],[11,-12],[3,-18],[10,-13],[2,-13],[20,-12],[5,-32],[11,-18],[4,-46],[8,-15],[0,-40],[-5,-10],[-9,-30],[0,-35],[5,-8],[33,-9],[27,-4],[24,-19],[25,-39],[14,-27],[16,-20],[65,-45],[25,-13],[22,-4],[14,-14],[-7,-9],[-26,-13],[-16,-18],[-20,-41],[-23,-29],[1,-15],[-7,-6],[-11,-38],[8,-25],[19,-17],[8,-2],[6,-33],[-5,-16],[4,-21],[-1,-16],[17,-22],[6,-24],[8,-14],[11,-8],[21,-6],[17,-10],[-1,-5],[-21,-1],[-11,-18],[-40,-8],[-19,1],[-43,11],[-46,-2],[-26,5],[-13,5],[-14,-1],[-31,8],[-43,15],[-40,1],[-18,-10],[-34,-8],[-20,2],[-12,5],[-11,12],[-5,18],[-30,-13],[-16,-30],[5,-20],[-5,-16],[-18,-25],[-2,-32],[-19,-23],[-7,-12],[-17,-21],[-2,-10],[-32,11],[-20,12],[-28,24],[-23,4],[-11,-9],[-26,5],[-34,-25],[-23,-5],[-35,3],[-11,-3],[-26,-21],[-35,1],[-28,-26],[-24,-29],[-4,-19],[-20,-12],[-63,-22],[-13,-10],[-19,-25],[-37,6],[-25,14],[-18,1],[-35,14],[-31,-1],[-16,-26],[-23,-4],[-26,6],[-5,7],[3,13],[-10,11],[-24,-4],[-5,-18],[-21,-22],[-6,-15],[-2,-30],[-13,-25],[-29,-10],[3,-24],[-7,-13],[2,-17],[-39,-30],[-11,-28],[-10,-8],[-13,-41],[-11,-5],[-17,-18],[-33,-10],[-9,-14],[-11,-3],[-17,11],[-24,5],[3,41],[-9,13],[-28,22],[-2,13],[-23,0],[-22,-16],[-14,-1],[-15,-8],[-5,-10],[-13,4],[-11,-4],[-44,1],[-7,7],[-3,20],[-16,12],[-9,-7],[-16,-23],[-15,-7],[-12,-13],[-15,-9],[-8,-11],[-27,12],[-19,-1],[-13,-13],[-1,-25],[-6,-12],[-16,-11],[0,-10],[-11,-17],[-20,1],[-21,-15],[-3,-18],[-3,-37],[6,-12],[12,-9],[12,-4],[-7,-27],[-8,-12],[-21,-3],[-16,9],[-38,3],[-6,14],[-49,-14],[-20,-12],[-17,-20],[-9,-5],[-14,2],[1,19],[-6,10],[-19,-12],[-26,-8],[-22,-35],[-21,-22],[-16,-27],[1,-13],[-15,-32],[-26,-9],[-4,-13],[-9,-9],[-35,-17],[-9,-17],[-16,-20],[-17,-6],[-8,-15],[4,-15],[-6,-5],[-24,-4],[-37,1],[-30,-10],[-27,0],[-41,-8],[-9,-10],[11,-35],[-19,0],[-20,-6],[-28,9],[-11,0],[-14,-8],[-24,9],[-28,3],[-38,14]],[[38463,55589],[-58,-21],[-19,-3],[-30,0],[-20,12],[-30,7],[-31,2],[-17,-20],[-43,-34],[-20,-4],[-19,-10],[-11,-14],[-25,-7],[-29,0],[-51,-16],[-19,-1],[-12,-4],[-12,-12],[-13,-20],[-33,-30],[-21,-14],[0,-13],[10,-19],[31,-23],[2,-27],[9,-21],[1,-27],[5,-23],[-1,-14],[8,-16],[1,-14],[-7,-15],[-17,-20],[-8,-49],[0,-18],[7,-33],[11,-23],[-13,-19],[-9,-27],[-12,-12],[-10,-17],[-7,-50],[-24,-23],[-15,-3],[-16,4],[-15,13],[-15,4],[-30,-8],[-14,-13],[-2,-11],[-33,-7],[-5,-7],[-12,-40],[-12,-24],[-30,-42],[-19,-11],[-31,9],[-52,-12],[-34,-15],[-32,1],[-7,-3],[-35,-24],[-15,-24],[-11,-3],[-19,24],[-6,3],[-22,-1],[-50,-9],[-10,-4],[-16,-15],[-16,-20],[-11,-10],[-19,0],[-9,19],[-12,11],[-7,30],[-14,17],[-41,-5],[-5,-15],[5,-13],[0,-31],[6,-10],[-3,-30],[-26,-25],[0,-25],[-5,-30],[-8,-18],[-19,-26],[13,-18],[0,-13],[-32,-14],[-13,-11],[3,-9],[18,-22],[-11,-10],[0,-16],[-6,-12],[-13,-9],[-5,-15],[-35,-3],[30,-27],[18,7],[9,-26],[9,-14],[-1,-24],[-11,-14],[9,-10],[26,0],[-2,-22],[-7,-11],[-12,-9],[4,-7],[15,-2],[8,-7],[0,-10],[13,-18],[14,-4],[7,-25],[0,-9],[9,-21],[12,-4],[4,-11],[33,-35],[12,-5],[13,-11],[16,-23],[6,-37],[-3,-26],[3,-15],[23,-17],[3,-26],[-8,-21],[2,-17],[22,-14],[28,-2],[16,-15],[9,-27],[0,-14],[42,-30],[37,-3],[13,-14],[15,-21],[27,-8],[4,-10],[-7,-22],[11,-21],[3,-17],[-5,-62],[-6,-28],[11,-13],[16,-5],[2,-23],[26,-44],[1,-22],[4,-12],[23,-26],[24,-18],[13,-24],[29,-10],[14,-16],[13,-3],[13,9],[20,0],[53,-35],[26,-1],[22,11],[13,-4],[12,-12],[15,-8],[33,-5],[13,-28],[44,-13],[4,-7],[-6,-14],[1,-16],[31,-14],[30,-26],[31,1],[14,-7],[6,-13],[0,-22],[-5,-21],[15,-29],[0,-38],[-4,-10],[-13,-12],[-5,-25],[4,-17],[-2,-21],[-9,-8],[-33,-16],[-11,-13],[-2,-33],[-4,-21],[2,-33],[10,-24],[-3,-9],[-18,-8],[-6,-13],[7,-28],[-3,-22],[-18,-16],[-12,-22],[-1,-15],[4,-19],[-4,-8]],[[38007,52636],[-25,-10],[-72,-16],[-2,-14],[-9,-19],[-19,-18],[-6,-15],[7,-19],[-4,-22],[1,-25],[6,-10],[2,-22],[5,-9],[-2,-13],[-18,-28],[-3,-19],[-6,-11],[13,-38],[13,-23],[21,-25],[9,-27],[-8,-19],[7,-11],[0,-16],[6,-27],[-10,-10],[8,-15],[-10,-18],[-1,-22],[6,-22],[-5,-12],[17,-17],[-23,-22],[-16,-6],[8,-21],[-12,-11],[3,-33],[-14,-16],[-1,-10],[-11,-13],[2,-16],[-4,-12],[-23,-17],[-20,2],[-28,-6],[-20,4],[-22,-10],[-29,-8],[-32,5],[-20,5],[-12,-3],[-3,-34],[20,-18],[19,-7],[38,-32],[17,-5],[12,-12],[0,-22],[-20,-22],[3,-28],[-26,-26],[-10,-7],[-17,0],[-14,-10],[7,-13],[-21,-23],[-4,-15],[-11,-12],[8,-15],[1,-25],[-21,-18],[-21,-10],[-7,-8],[-6,-34],[-18,-19],[-30,-13],[-37,-7],[-23,-2],[-46,1],[-44,-10],[-20,-8],[-40,-8],[-29,4],[-23,-2],[-54,-20],[-26,-2],[-23,2],[-18,-3],[-32,8],[-31,-1],[-29,-14],[-33,-33],[-10,-20],[-3,-16],[-10,-23],[-20,-19],[-16,-24],[-8,-6],[-29,-11],[-15,-9],[-41,-18],[-28,-7],[-50,-1],[-25,6],[-14,0],[-8,-8],[-16,-33],[-36,-43],[-8,-16],[-17,-12],[-19,-24],[-12,-3],[-8,-9],[-29,-1],[-23,-9],[-10,-13],[-23,-16],[-13,-14],[-19,-2],[-39,-16],[-21,-14],[-12,-1],[-32,-18],[30,-19],[-1,-16],[5,-11],[14,-17],[42,-28],[11,-21],[9,-10],[11,-2],[11,-19],[21,-23],[3,-23],[12,-23],[9,-5],[-2,-11],[-8,-10],[-9,-33],[-44,-9],[-17,-11],[3,-25],[-4,-7],[2,-21],[-2,-19],[9,-7],[-15,-25],[-17,-23],[13,-16],[-11,-11],[-16,-30],[2,-40],[19,-27],[-6,-5],[-6,-26],[-8,-11],[-18,-12],[-4,-14],[-17,-25],[-13,-28],[6,-20],[-19,-3],[-22,-23],[-11,-19],[-17,-18],[14,-37],[-7,-24],[-14,-22],[-35,-12],[-13,-2],[3,-14],[-28,-60],[-14,-17],[-20,-10],[-6,-8],[-12,2],[-25,-9],[4,-16],[-12,-14],[5,-32],[21,-17],[-5,-13],[-20,-20],[-12,-2],[-35,-11],[-38,-6],[-24,-13],[-16,5],[-13,10],[-18,-4],[-12,3],[-34,-1],[-14,4],[-30,2],[-18,-12],[-3,-24],[3,-12],[-3,-20],[-10,-8],[-15,-6],[-28,-18],[-27,-9],[-32,-16],[-16,-11],[6,-10],[18,-1],[11,-10],[27,-18],[5,-13],[20,-25],[30,-9],[17,-17],[12,-2],[13,-14],[-4,-16],[9,-18],[27,-31],[1,-8],[17,-27],[30,-20],[20,-5],[-21,-17],[-16,0],[-9,6],[-18,2],[-10,4],[-23,2],[-21,5],[-16,-9],[-10,-12],[-2,-19],[2,-27],[-36,-32],[-9,-1],[-18,-10],[-40,4],[-14,-8],[-11,-22],[-32,-19],[-3,-11],[14,-20],[-14,-18],[-26,-1],[-11,-6],[-16,-20],[4,-23],[-9,-4],[-48,-3],[-30,10],[-16,-19],[-8,-19],[-22,-4],[-48,1],[-26,-7],[-6,-18],[-26,-22],[-21,-2],[-9,-11],[-21,-3],[-26,-15],[-23,-6],[-38,-22],[-48,-46],[-9,-4],[-17,1],[-45,-5],[-22,5],[-24,-8],[-23,3],[-7,-12],[-18,-4],[-13,-12],[-22,-13],[-30,-16],[-12,0],[-24,8],[-38,-4],[-42,-16],[-18,-3],[-10,-18],[-18,-6],[-34,2],[-10,8],[-1,13],[-23,11],[-21,-3],[-14,-12],[-3,-8],[4,-21],[-2,-16],[-21,-30],[2,-19],[-12,-18],[2,-22],[-18,-32],[4,-15],[26,-35],[34,-24],[20,-24],[11,-24],[-4,-9],[1,-20],[-7,-23],[5,-15],[42,-14],[37,-22],[10,-19],[39,-15],[11,-7],[3,-9],[-6,-21],[8,-12],[3,-15],[9,-13],[-2,-16],[-13,-11],[-13,-30],[1,-33],[19,-38],[15,-17],[22,-19],[20,-44],[15,-8],[5,-13],[42,-17],[6,-35],[14,-24],[2,-9],[-10,-8],[8,-14],[32,-20],[15,-2],[37,-19],[17,-4],[24,-24],[0,-22],[64,-11],[44,-21],[35,13],[17,0],[37,-7],[15,-6],[8,-9],[6,-26],[-3,-25],[17,-16],[1,-41],[9,-13],[15,-5],[8,-11],[1,-18],[8,-29],[6,-32],[-6,-27],[-1,-36],[4,-22],[-8,-12],[-6,-50],[-10,-27],[-11,-19],[-8,-36],[-11,-31],[-15,-18],[-7,-3],[-15,-26],[-26,-28],[-12,-23],[-22,-38],[-7,-20],[-16,-38],[-13,-40],[-14,-10],[-26,-27],[-7,-16],[-32,-27],[-9,-14],[-29,-32],[-13,-23],[-6,-25],[-10,-19],[-20,-16],[-10,-17],[-18,-7],[-21,7],[-31,-5],[-10,2],[-19,14],[-46,6],[-22,6],[-4,-3],[-6,-30],[-37,-14],[-33,-34],[-7,-17],[-6,-32],[-26,-7],[-3,-18],[0,-30],[11,-32],[-10,-10],[1,-23],[16,-22],[9,-6],[4,-15],[-5,-6],[-37,-23],[-28,0],[-11,4],[-55,-14],[-16,-7],[-1,-10],[13,-37],[3,-20],[-10,-29],[-29,-18],[-34,-9],[-25,-3],[-12,-7],[-30,-34],[-28,-2],[-24,-31],[-18,-12],[-15,-4],[-17,13],[33,34],[6,11],[0,33],[-5,15],[-1,22],[-27,33],[-29,23],[-11,0],[-14,-9],[-10,-1],[-16,6],[-27,17],[-9,11],[-21,11],[-28,9],[-34,16],[-14,11],[-25,-12],[-34,-31],[-41,-21],[-30,-19],[-40,-21],[-26,-29],[-5,-22],[-7,-13],[-21,-13],[-12,-11],[-13,-21],[-27,-7],[-17,-9],[-14,-4],[-30,-12],[-27,-29],[-14,-10],[-14,1],[-11,6],[-48,15],[-12,14],[-21,11],[-19,28],[-19,5],[-35,1],[-30,11],[-32,3],[-15,-3],[-17,4],[-45,-2],[-46,2],[-35,9],[-12,8],[-21,-3],[-9,5],[-17,36],[-14,5],[-31,-5],[-20,11],[-31,-14],[-17,-13],[-14,3],[-42,45],[-15,10],[-34,18],[-28,6],[-35,25],[-15,20],[-18,-1],[-16,-8],[-16,-16],[-24,2],[-29,-10],[-11,0],[-15,10],[-14,0],[-11,16],[-24,7],[-11,18],[-4,26],[-20,16],[5,22],[12,7],[-9,8],[9,9],[-3,13],[-10,5],[-17,0],[-9,13],[-28,1],[-47,6],[-12,6],[-6,-7],[-15,4],[-16,-5],[-18,7],[-24,-13],[-3,-16],[-19,-4],[-18,-10],[-5,8],[-17,4],[-18,-2],[-13,5],[-8,16],[-29,25],[2,34],[-12,15],[-33,10],[-14,18],[-14,10],[6,12],[-4,9],[2,13],[-13,8],[-9,24],[-15,7],[-12,16],[-2,12],[-8,6],[-20,-14],[-24,1],[-20,8],[-9,27],[5,5],[5,20],[-23,1],[-12,14],[-41,-19],[-12,12],[0,11],[-7,22],[1,27],[3,14],[-11,8],[-14,-6],[-14,6],[-7,10],[-24,8],[-9,14],[-19,14],[-29,0],[-7,-5],[-21,18],[-27,0],[-4,8],[5,15],[-11,4],[-22,0],[-18,5],[-31,35],[-18,4],[-12,-5],[-30,0],[-13,-8],[-14,0],[-18,4],[-12,-9],[-10,0],[-21,25],[-5,0],[-13,-20],[-15,1],[-17,-13],[-7,-10],[-18,-1],[-11,12],[0,9],[-18,-1],[-5,9],[-16,5],[-20,-8],[-1,-20],[-8,-21],[-16,-17],[-10,-25],[-10,-15],[-1,-12],[-18,-6],[-13,-15],[-18,10],[-15,0],[-14,12],[-24,7],[-25,-13],[-22,-24],[-20,-8],[-4,9],[-22,-12],[-12,2],[-10,-8],[-13,21],[1,11],[-26,3],[-23,-5],[-10,5],[-13,-15],[-17,2],[-14,22],[-18,2],[-5,12],[-21,3],[-11,-10],[-12,-4],[-4,-14],[-12,-7],[-38,19],[-7,15],[-2,25],[-21,7],[-14,0],[-6,8],[-23,6],[0,6],[-23,28],[9,17],[-13,18],[-21,-8],[-19,-9],[-2,-10],[-21,-3],[-16,-17],[-17,-13],[-5,-11],[-18,-13],[-21,16],[-35,9],[-15,9],[0,9],[-14,0],[-21,8],[1,10],[-15,11],[-5,25],[11,19],[33,28],[-35,25],[-40,34],[-12,7],[-3,13],[-10,11],[4,18],[-11,10],[5,14],[-14,6],[-10,-9],[-10,0],[-12,15],[-18,4],[-14,9],[2,12],[-11,7],[-24,26],[-28,44],[-18,21],[-21,16],[-33,8],[-28,-3],[-52,-19],[-17,-11],[-45,-23],[-32,-11],[-58,7],[-30,-1],[-20,-5],[-18,-19],[-12,-42],[-10,-15],[-28,-19],[-23,-3],[-22,5],[-20,13],[-32,35],[-75,54],[-21,21],[-31,37],[-10,18],[-2,12],[-2,58],[14,110],[0,27],[-7,33],[-11,16],[-16,8],[-30,3],[-36,-6],[-38,-18],[-37,-19],[-16,-12],[-23,-23],[-37,-58],[-11,-28],[4,-29],[11,-45],[0,-15],[-12,-38],[-19,-27],[-29,-13],[-14,-10],[-23,-21],[-24,-18],[-25,-10],[-18,3],[-25,11],[-35,25],[-31,32],[-25,33],[-24,24],[-30,22],[-50,20],[-36,8],[-35,1],[-25,-9],[-44,-21],[-18,-13],[-38,-30],[-17,-17],[-5,-9],[-2,-23],[-8,-24],[-6,-8],[-23,-17],[-58,-30],[-6,-16],[11,-20],[3,-26],[-7,-11],[-20,-9],[-34,-6],[-39,2],[-18,-3],[-58,-14],[-46,-5],[-27,3],[-29,8],[-43,4],[-42,-51],[-7,-17],[-2,-33],[4,-16],[12,-25],[15,-20],[45,-49],[12,-17],[10,-23],[2,-23],[-5,-37],[-12,-29],[-36,-71],[-43,-74],[-12,-24],[-14,-38],[-20,-61]],[[28787,46913],[-11,8],[-37,38],[-38,63],[-23,34],[-36,50],[-47,63],[-16,18],[-31,43],[-14,13],[-27,14],[-61,22],[-27,2],[-24,12],[-9,15],[-10,25],[-34,32],[-64,46],[-6,48],[-4,53],[2,30],[5,35],[11,39],[1,15],[-11,129],[9,18],[-15,22],[-6,17],[-23,7],[-2,9],[26,124],[11,64],[5,46],[0,31],[4,31],[-3,27],[18,42],[37,63],[13,16],[48,36],[43,29],[14,14],[48,6],[8,-5],[37,2],[13,-4],[10,-29],[-8,-8],[-1,-13],[-17,-31],[-11,-8],[-6,-11],[2,-9],[-11,-14],[-54,-25],[-16,-13],[3,-15],[16,6],[12,-5],[17,0],[0,-25],[51,6],[10,14],[18,1],[32,28],[19,11],[17,4],[9,-7],[10,2],[65,31],[22,18],[18,6],[-10,8],[1,8],[12,10],[15,6],[20,0],[5,-7],[17,2],[1,10],[21,7],[19,2],[28,-12],[18,-4],[24,6],[24,14],[0,18],[8,8],[17,6],[38,5],[3,36],[-13,10],[-18,8],[-20,4],[-23,12],[-27,8],[-16,1],[-39,16],[-47,9],[-22,1],[-5,-5],[-22,-1],[-27,8],[-7,7],[21,7],[9,6],[19,-2],[9,8],[10,-9],[27,4],[23,-7],[4,-7],[16,6],[55,24],[25,20],[33,39],[30,50],[9,22],[10,15],[16,9],[26,42],[13,12],[54,37],[13,12],[21,32],[14,16],[19,28],[39,43],[23,25],[20,-4],[3,-15],[-18,-26],[-15,-17],[-18,-5],[-18,-14],[-17,-26],[-9,-10],[24,-4],[10,14],[21,7],[49,1],[17,-15],[14,6],[-14,25],[-3,44],[-5,13],[10,27],[18,23],[2,30],[-10,7],[22,13],[-1,5],[16,12],[21,7],[4,16],[16,21],[7,16],[18,1],[11,-7],[19,8],[-13,6],[16,17],[4,22],[19,24],[39,6],[-13,16],[-33,-1],[-17,-10],[-21,-16],[-13,-7],[-8,12],[6,24],[10,17],[8,21],[7,70],[14,81],[18,95],[5,37],[0,19],[4,19],[4,46],[10,28],[6,28],[18,20],[11,-20],[18,-4],[8,16],[38,29],[19,8],[-13,61],[-17,1],[-20,-3],[-27,3],[-13,16],[3,29],[13,43],[9,62],[12,32],[24,2],[9,22],[-8,18],[7,26],[3,27],[3,68],[1,122],[-5,86],[1,50],[4,10],[-3,51],[3,78],[15,52],[11,12],[-1,47],[1,32],[-29,-1],[-21,7],[-11,13],[0,26],[6,9],[22,17],[2,25],[-11,55],[-8,106],[5,44],[11,22],[25,13],[11,-2],[15,-9],[94,-36],[31,39],[-23,16],[-12,46],[-28,46],[-24,43],[-1,16],[15,0],[18,13],[-1,10],[-10,7],[-5,-12],[-16,-1],[-47,9],[-33,-16],[-11,-16],[-22,0],[-17,9],[-19,3],[-22,-10],[-21,-15],[-18,6],[-18,-15],[-10,3],[13,17],[2,18],[-9,17],[7,15],[21,10],[16,14],[27,11],[25,18],[23,24],[-3,6],[-64,39],[-24,-10],[-15,6],[-11,12],[-11,23],[-8,36],[-9,49],[-14,55],[-21,76],[-15,59],[-10,35],[-4,25],[0,20],[7,11],[24,18],[22,9],[-13,36],[-52,31],[-2,12],[14,27],[6,27],[-4,35],[-17,57],[-10,28],[-32,60],[-15,37],[-24,23],[-7,12],[7,6],[23,-14],[30,-6],[2,15],[-14,1],[5,16],[-18,19],[-27,22],[-3,39],[-7,41],[8,31],[2,17],[-5,53],[-5,75],[-4,34],[-5,64],[-4,27],[-4,80],[-4,38],[-6,126],[-5,55],[2,28],[6,26],[-11,44],[-4,44],[-4,22],[-17,6],[-22,-1],[0,14],[21,3],[11,29],[-3,55],[-9,62],[-3,32],[0,28],[4,17],[10,10],[-29,30],[-28,-3],[-11,18],[-8,24],[-12,27],[1,18],[7,38],[8,59],[17,77],[4,57],[1,48],[4,47],[0,52],[-3,65],[-7,79],[1,10],[16,18],[-2,27],[0,50],[7,20],[8,12],[-10,36],[-23,137],[-15,3],[-22,13],[-19,2],[-15,18],[2,41],[9,24],[35,19],[-7,54],[-10,4],[-21,25],[-17,44],[-16,70],[-14,88],[-9,30],[-18,43],[-1,12],[11,29],[11,5],[16,-9],[20,-17],[9,-18],[33,6],[26,-13],[16,-31],[19,-10],[-13,33],[-14,26],[8,7],[31,11],[15,2],[28,-5],[-4,10],[-23,2],[-16,-2],[-37,-9],[-18,4],[2,26],[-9,33],[10,4],[29,-9],[31,9],[-24,7],[-12,10],[-10,22],[15,23],[9,18],[3,42],[-4,13],[-33,-7],[-35,-11],[-26,11],[5,13],[-3,20],[23,18],[-29,4],[-20,10],[-19,-15],[-32,-14],[-7,-8],[-21,-8],[-12,-13],[9,-3],[0,-39],[-31,-5],[-26,9],[-11,18],[1,98],[4,15],[14,9],[-14,6],[-11,22],[2,7],[-9,17],[-14,11],[-19,9],[-11,18],[-22,6],[-6,-14],[-9,5],[5,16],[-47,32],[-30,14],[-16,-6],[-13,8],[-15,1],[-5,8],[-14,1],[-11,-7],[4,-15],[-14,-3],[-9,9],[-2,12],[-22,3],[-11,-9],[-7,-14],[-25,-3],[-22,-17],[-14,-4],[-29,-20],[4,-11],[-14,-12],[-5,-16],[-19,-11],[-1,25],[-8,9],[-30,19],[-31,3],[-14,12],[-27,4],[-4,5],[-22,-2],[-15,2],[-29,-6],[-29,-11],[-53,10],[-30,-2],[-14,-5],[-5,44],[26,8],[9,9],[-1,15],[14,12],[32,9],[21,28],[14,35],[4,26],[37,21],[5,10],[31,25],[11,23],[13,9],[-3,33],[-13,20],[2,37],[14,14],[3,23],[10,23],[-8,9],[5,31],[-1,12],[-14,21],[16,4],[19,11],[7,26],[-11,38],[-2,17],[17,9],[-1,12],[12,18],[8,0],[12,20],[-1,19],[14,2],[1,16],[12,15],[24,20],[10,2],[3,-11],[16,-2],[5,-18],[0,-18],[6,-6],[18,0],[21,8],[3,-13],[22,-9],[31,-7],[25,1],[32,7],[33,10],[33,14],[21,12],[29,13],[31,21],[30,27],[30,29],[5,10],[19,7],[8,10],[26,13],[16,-5],[11,4],[14,14],[27,0],[24,5],[19,8],[7,-16],[22,-2],[11,5],[24,-7],[26,14],[28,-10],[4,-16],[14,-6],[-15,-13],[25,-19],[19,-28],[19,-14],[44,-13],[27,1],[14,-4],[11,5],[41,6],[34,13],[43,19],[46,26],[12,19],[22,16],[25,35],[10,29],[12,20],[-4,12],[-15,9],[-1,6],[15,10],[-1,15],[13,3],[29,-1],[13,23],[14,-2],[0,22],[6,6],[-6,10],[11,9],[-10,23],[1,16],[12,1],[13,-9],[7,-19],[17,-2],[28,9],[33,19],[17,17],[17,27],[31,30],[41,46],[16,23],[19,31],[6,14],[2,18],[16,9],[2,-10],[11,0],[17,20],[23,12],[25,30],[24,43],[21,53],[9,12],[0,23],[8,43],[0,26],[-4,55],[-15,74],[-1,34],[16,21],[25,-5],[4,-15],[-3,-16],[27,-59],[15,-3],[14,7],[-12,17],[-14,8],[0,10],[29,11],[8,23],[-19,23],[7,9],[11,-1],[3,11],[-22,4],[-12,16],[-6,28],[15,18],[3,15],[-28,25],[0,21],[-7,1],[-4,-17],[9,-15],[17,-17],[-9,-9],[-21,-28],[-10,-21],[-29,21],[-7,12],[0,9],[-10,33],[-16,30],[-26,40],[-16,14],[-15,5],[-16,17],[15,3],[-6,10],[-28,10],[-2,10],[3,26],[0,24],[-10,22],[-12,10],[2,14],[-15,7],[-11,-5],[-25,3],[-16,-12],[-5,-13],[-13,10],[8,10],[-1,23],[6,16],[-13,6],[7,13],[-5,8],[-12,3],[-12,-2],[-12,10],[0,11],[18,30],[-12,17],[6,22],[-10,11],[-22,8],[-19,-2],[-5,-23],[-14,1],[-7,9],[-1,13],[21,12],[-7,14],[-3,20],[0,24],[-3,18],[-20,19],[-11,16],[2,20],[-5,25],[-14,22],[13,17],[19,3],[3,14],[-7,6],[6,14],[-12,14],[-2,14],[-14,6],[0,12],[-19,18],[-3,18],[-17,16],[-24,7],[-10,19],[14,2],[6,12],[-2,18],[-20,32],[-11,3],[-3,12],[8,6],[-22,37],[4,8],[-15,10],[4,13],[-14,10],[-4,15],[2,17],[-8,26],[-7,4],[-5,28],[-10,9],[-1,9],[12,11],[-3,25],[-15,17],[6,4],[-10,14],[-16,14],[-25,13],[-2,14],[-10,7],[-1,12],[-9,10],[-27,9],[7,37],[11,10],[-7,7],[2,18],[9,9],[-15,21],[6,7],[-6,11],[3,10],[-10,8],[-4,14],[-14,13],[-6,12],[-14,-8],[-7,3],[-6,14],[-15,3],[-2,26],[4,12],[-12,18],[-17,-1],[8,-39],[-1,-13],[14,-18],[3,-19],[12,-27],[-1,-12],[11,-14],[9,-26],[4,-116],[5,-9],[3,-20],[-4,-28],[-12,10],[-23,2],[-8,7],[-20,-6],[-3,9],[16,7],[6,16],[-16,19],[-7,21],[-22,18],[15,9],[7,22],[-18,3],[-2,11],[-17,-5],[-10,15],[14,11],[-5,14],[-11,11],[3,29],[-19,8],[1,30],[-6,5],[-34,37],[-61,59],[-33,30],[-69,53],[-36,23],[-52,37],[-44,35],[-17,17],[-15,18],[-18,13],[-9,3],[-10,13],[4,21],[-8,9],[-12,20],[-16,19],[-11,4],[-7,13],[-13,-3],[-13,7],[-2,16],[-18,11],[3,22],[-25,20],[-28,5],[2,19],[-20,6],[0,10],[12,13],[-14,16],[-17,2],[-6,6],[-2,26],[-29,20],[5,13],[-10,21],[-13,7],[-22,22],[-3,14],[6,14],[-11,11],[-9,19],[-1,19],[-8,10],[4,8],[-5,12],[-15,4],[-24,-2],[3,22],[-8,24],[13,19],[-2,31],[13,19],[4,38],[29,44],[3,43],[-6,13],[8,5],[13,49],[22,48],[1,17],[-6,23],[2,16],[-8,33],[11,6],[4,22],[-7,9],[2,10],[12,12],[-4,15],[-13,13],[3,17],[-8,14],[4,16],[-7,18],[0,13],[-12,15],[17,13],[11,-15],[-5,-23],[12,-16],[19,-11],[0,-10],[20,-15],[-4,-8],[16,-13],[-6,-17],[20,-15],[30,-9],[17,-1],[18,2],[10,-6],[51,8],[11,5],[25,-15],[-6,-7],[13,-8],[11,-15],[9,-6],[4,-24],[11,-17],[11,-29],[20,-30],[28,-30],[16,-13],[18,-22],[25,-34],[9,3],[61,7],[10,21],[12,12],[-3,12],[7,50],[-14,25],[-9,3],[-16,-3],[27,28],[22,29],[64,68],[19,28],[-4,26],[-25,23],[15,21],[4,20],[-6,19],[5,7],[20,46],[10,51],[4,45],[5,35],[-1,19],[-11,10],[33,14],[12,19],[10,22],[-4,12],[11,2],[-4,13],[2,37],[-11,22],[-16,12],[-8,16],[-12,13],[-19,13],[-22,3],[-23,-3],[-1,-17],[-19,-5],[-2,-12],[-14,8],[7,11],[-5,12],[-12,0],[-5,21],[-10,14],[-13,6],[-7,13],[-25,19],[-17,3],[-7,-16],[-23,-6],[1,11],[-11,9],[-12,-2],[12,22],[-2,21],[7,9],[42,21],[5,-9],[16,0],[3,-9],[35,-3],[11,2],[27,-16],[12,1],[18,9],[25,29],[-1,9],[22,-1],[5,-15],[19,-15],[1,-8],[12,-10],[33,3],[30,17],[23,7],[1,7],[24,33],[-11,16],[-13,2],[-7,12],[7,22],[-14,10],[-8,-8],[-15,14],[7,13],[-9,3],[-3,13],[-9,5],[-6,22],[-14,3],[-10,-6],[0,20],[-32,5],[5,15],[13,17],[13,-1],[27,-12],[13,11],[12,4],[11,38],[8,1],[4,23],[-7,5],[-2,16],[-14,6],[-3,11],[12,12],[0,27],[9,8],[24,5],[31,-2],[11,32],[3,15],[-5,34],[-29,20],[-2,11],[-27,14],[5,9],[1,39],[12,16],[9,-8],[9,3],[16,16],[26,13],[19,24],[-5,8],[5,14],[22,1],[21,12],[9,16],[6,32],[-8,5],[10,16],[-3,14],[3,15],[10,14],[0,14],[19,20],[1,29],[9,8],[7,23],[9,-1],[19,8],[3,6],[1,31],[-24,55],[-7,9],[-9,20],[-12,-1],[-15,9],[-4,25],[-27,26],[-16,2],[-1,14],[-21,13],[-20,7],[-6,-3],[-14,7],[-23,-3],[-14,-15],[-38,28],[-11,-5],[-3,-11],[-18,1],[-10,5],[-12,17],[-2,10],[-18,7],[-11,12],[-3,17],[27,3],[10,28],[-9,22],[-15,-3],[-2,13],[-16,5],[-13,18],[-20,17],[-30,12],[-8,8],[-18,2],[-12,9],[-14,22],[-28,4],[-6,-5],[-11,11],[12,4],[1,17],[-13,18],[15,4],[3,12],[-1,26],[-12,17],[-12,6],[-11,-2],[-18,20],[7,2],[1,20],[-6,6],[21,16],[27,-2],[9,5],[11,31],[-13,21],[0,14],[-8,10],[-18,-4],[-14,7],[-16,1],[-2,25],[15,8],[-2,9],[31,1],[3,15],[-6,16],[-29,37],[-26,17],[-32,13],[-35,6],[-8,-14],[-15,-10],[-20,2],[-3,-17],[-14,-2],[-6,10],[-16,7],[6,14],[7,31],[-11,9],[-15,3],[-2,8],[-28,16],[-62,21],[-20,4],[-43,3],[-24,-1],[-65,-14],[-27,1],[5,-8],[-55,-18],[-43,-19],[-22,-7],[-42,-16],[-24,-11],[-27,-17],[-16,-18],[2,-13],[-3,-16],[5,-10],[-11,-11],[4,-10],[-15,-14],[-12,-18],[6,-12],[0,-21],[-11,-2],[-1,-10],[9,-12],[16,1],[25,-29],[-5,-10],[-16,10],[-27,10],[-8,-3],[-8,11],[-17,3],[-11,9],[-3,14],[-32,-9],[-20,-13],[-4,-13],[10,-4],[7,-19],[-15,-4],[-6,10],[-9,1],[-4,16],[-15,26],[-8,-3],[-12,8],[9,16],[-19,10],[2,11],[-10,4],[-3,10],[18,17],[0,14],[-5,14],[3,12],[-10,25],[-17,20],[14,15],[0,14],[17,13],[12,-7],[4,13],[-16,5],[6,17],[-11,12],[3,9],[-12,10],[4,7],[-5,16],[-14,12],[1,15],[-19,19],[-16,4],[-14,17],[-12,27],[11,24],[2,14],[-9,18],[-11,11],[2,17],[-11,4],[5,22],[-12,8],[-3,19],[-11,9],[-10,1],[-22,27],[-16,4],[4,20],[-23,10],[9,21],[-7,15],[10,16],[-11,13],[-19,-2],[-6,29],[-14,-6],[7,19],[1,18],[13,8],[-9,12],[-3,19],[-18,25],[-24,18],[-12,-2],[-3,11],[-12,7],[1,11],[-22,1],[2,10],[-9,10],[5,14],[-16,16],[-10,-2],[-7,14],[-4,20],[-26,23],[-14,9],[-29,4],[-15,16],[-11,18],[-15,1],[-11,17],[-12,8],[-45,28],[-16,16],[-13,2],[-65,32],[-18,10],[-4,8],[-14,1],[-24,8],[-35,9],[-19,-2],[-10,7],[-28,13],[-25,2],[-9,-7],[-8,-17],[-21,25],[9,7],[-13,7],[-4,33],[-13,9],[2,8],[-13,5],[7,10],[-5,12],[-12,5],[-30,5],[-26,1],[-32,-8],[-27,-12],[-17,-11],[6,-11],[-4,-27],[1,-12],[-14,-15],[4,-13],[-13,-16],[2,-21],[-9,-1],[-4,-22],[-7,-6],[16,-16],[-5,-9],[2,-16],[-19,-14],[-25,-1],[-12,17],[0,18],[-11,8],[-23,-6],[-4,8],[10,33],[-7,8],[3,11],[-5,12],[-18,19],[9,7],[-2,12],[5,9],[0,15],[-13,8],[-13,44],[-22,19],[-5,7],[0,17],[-5,8],[3,12],[11,7],[13,24],[-2,8],[9,23],[-11,8],[11,21],[8,9],[-11,8],[11,10],[-4,7],[8,18],[8,9],[23,6],[12,-9],[12,10],[12,25],[-3,22],[-10,6],[10,20],[-8,4],[-12,19],[4,16],[15,7],[-7,9],[4,16],[29,3],[18,9],[17,15],[9,13],[15,-3],[8,5],[14,23],[6,22],[31,12],[3,-11],[-9,-11],[10,-20],[28,-6],[35,19],[19,16],[13,18],[16,29],[20,24],[-12,3],[-2,45],[-7,39],[-18,62],[8,6],[-14,10],[-12,21],[-19,28],[-53,68],[-3,6],[-32,24],[-10,18],[1,14],[8,16],[-18,20],[-24,-2],[-22,3],[-15,8],[-40,34],[-62,56],[-54,46],[-45,35],[-31,22],[-107,70],[-17,14],[-2,24],[-24,15],[-19,-3],[-14,7],[-72,57],[-40,37],[-16,17],[-13,7],[-14,19],[6,6],[-7,20],[-11,9],[-10,17],[-22,20],[4,18],[-9,4],[-18,20],[-15,8],[0,7],[-27,27],[-16,5],[-11,13],[-12,-8],[-19,13],[-35,10],[-18,-4],[-10,-9],[-5,13],[-17,-18],[2,-9],[-12,-5],[-8,14],[9,14],[-24,2],[-16,6],[-9,-12],[-10,5],[-4,10],[-14,11],[-9,24],[-7,-6],[-25,22],[16,19],[-9,10],[-38,8],[0,22],[9,1],[-8,25],[-8,11],[11,10],[-11,7],[-10,-6],[-10,6],[-2,17],[-25,18],[-18,-2],[-32,-11],[-11,-16],[-11,0],[-8,7],[21,7],[-3,12],[4,9],[-10,8],[11,24],[-24,15],[-22,-2],[-10,-11],[-20,7],[-11,18],[6,9],[-12,9],[16,6],[-6,10],[-13,8],[-3,12],[-45,2],[0,11],[-9,4],[14,15],[-14,8],[-8,-10],[-21,1],[-11,18],[-15,10],[4,9],[127,287],[159,359],[108,244],[215,485],[23,8],[11,9],[15,1],[3,-7],[18,-6],[6,3],[22,-5],[5,-7],[19,5],[10,-11],[13,13],[10,3],[21,-2],[12,-20],[18,0],[5,10],[27,17],[12,1],[15,16],[13,9],[10,1],[15,-17],[40,3],[14,13],[-3,22],[18,2],[11,7],[24,4],[26,27],[1,9],[18,8],[17,21],[5,14],[13,3],[7,11],[20,14],[5,20],[8,11],[18,4],[8,12],[25,11],[17,17],[21,4],[-11,17],[-9,37],[7,13],[-7,14],[-22,10],[-14,25],[-8,5],[1,13],[-6,5],[-1,20],[-28,18],[-2,17],[-10,6],[-7,20],[1,12],[-13,9],[-5,16],[-19,27],[0,12],[-11,16],[-2,15],[-42,20],[-9,14],[-4,19],[2,14],[-20,24],[-3,28],[-7,10],[2,12],[8,17],[-8,10],[-1,19],[9,27],[-14,6],[-21,13],[-36,2],[-1,24],[4,15],[-9,1],[-5,13],[7,14],[1,12],[12,14],[1,15],[26,18],[1,15],[-10,20],[1,18],[9,14],[-2,11],[-13,15],[-23,18],[0,20],[12,13],[2,25],[12,2],[-3,22],[-7,1],[-6,13],[5,18],[17,18],[-6,23],[10,10],[-8,12],[13,9],[22,11],[4,16],[9,4],[30,-2],[16,3],[7,7],[-2,20],[-8,13],[2,16],[38,1],[15,3],[22,-12],[20,3],[29,-13],[8,-1],[23,8],[11,-2],[46,-2],[1,-8],[14,-10],[10,-1],[6,-18],[9,-9],[18,10],[16,0],[3,-8],[-3,-19],[11,-2],[30,9],[8,-8],[1,-11],[24,-9],[6,-25],[8,-10],[6,-18],[8,-5],[36,-13],[12,-11],[8,2],[20,-4],[15,-10],[13,-3],[27,-35],[31,-11],[21,-23],[-11,-13],[-1,-21],[5,-8],[2,-36],[14,-19],[15,-10],[-9,-9],[6,-12],[12,-8],[3,-32],[9,-2],[2,-25],[-3,-14],[11,-2],[6,-14],[27,-24],[-6,-19],[0,-13],[7,-9],[-2,-16],[18,-7],[11,-18],[0,-10],[11,-15],[5,-39],[19,-22],[13,-6],[11,-12],[26,-38],[27,-22],[-4,-33],[1,-32],[19,-21],[4,-11],[1,-19],[9,-8],[28,-1],[5,-11],[12,-7],[35,-4],[2,-16],[20,-9],[-2,-19],[4,-34],[15,-22],[14,-8],[2,-8],[11,-7],[31,-3],[20,7],[23,-17],[14,-1],[5,-13],[10,-7],[34,-4],[8,4],[1,27],[25,17],[15,25],[9,-1],[28,10],[16,15],[-1,12],[8,16],[-1,9],[33,28],[8,11],[16,7],[1,8],[32,13],[5,14],[10,7],[0,18],[23,26],[4,21],[12,2],[2,20],[-16,22],[3,8],[22,27],[14,0],[6,8],[24,10],[17,0],[12,-10],[18,-1],[24,-11],[15,-16],[14,-4],[8,5],[30,-6],[8,3],[24,-3],[22,12],[3,29],[9,18],[-18,4],[-10,9],[-7,18],[9,25],[10,7],[2,26],[11,12],[19,34],[17,14],[13,44],[12,22],[20,11],[17,33],[11,8],[20,4],[4,24],[5,9],[-2,11],[14,5],[-1,46],[-30,42],[-1,10],[13,4],[9,18],[26,-1],[48,4],[28,6],[38,-10],[23,10],[-5,7],[0,27],[22,27],[5,15],[1,19],[13,27],[-4,14],[7,3],[13,20],[-1,13],[17,8],[29,20],[13,-2],[10,14],[-1,9],[15,3],[5,6],[16,2],[6,22],[10,9],[-4,13],[5,7],[-5,23],[3,20],[-5,20],[27,20],[-3,8],[20,6],[17,-3],[6,-9],[24,5],[0,9],[34,-1],[7,27],[10,14],[-7,5],[5,12],[-5,9],[18,23],[-1,17],[6,30],[-9,10],[15,9],[9,11],[-1,17],[9,19],[30,-2],[17,-11],[18,1],[6,10],[15,-1],[15,18],[-8,20],[-9,8],[-2,10],[45,4],[17,-1],[2,-6],[18,-1],[4,-6],[22,-2],[19,3],[7,-7],[32,-5],[22,-12],[12,1],[30,-8],[11,11],[24,10],[-6,16],[2,9],[-18,19],[21,6],[5,16],[15,13],[-1,14],[-9,11],[-17,8],[1,12],[-10,15],[-19,3],[-2,20],[-22,12],[-1,18],[4,7],[-4,14],[-10,8],[-28,-1],[-13,14],[8,15],[-11,1],[-3,17],[-11,21],[0,12],[18,5],[-6,13],[-17,12],[-21,7],[-8,-1],[-11,17],[-13,-2],[-4,13],[15,0],[1,16],[7,8],[46,2],[15,16],[2,10],[12,15],[18,4],[15,-7],[15,27],[6,5],[-13,15],[14,0],[24,6],[1,19],[11,1],[4,14],[11,1],[7,11],[-16,7],[-12,11],[-3,9],[13,13],[-8,14],[22,20],[14,25],[12,-1],[8,12],[21,15],[6,11],[24,2],[11,14],[-6,6],[0,15],[-11,9],[5,29],[21,5],[17,-1],[2,6],[15,7],[18,-2],[9,-7],[25,10],[5,10],[18,-5],[10,12],[11,2],[21,11],[14,14],[9,20],[37,-14],[19,0],[10,4],[30,1],[24,-6],[14,1],[23,22],[15,6],[3,7],[62,21],[22,11],[25,1],[17,-4],[28,0],[21,-7],[24,-1],[13,18],[20,-8],[19,6],[33,-3],[15,-13],[19,-8],[48,1],[9,12],[15,5],[3,13],[20,2],[36,-13],[18,3],[24,-6],[20,16],[22,0],[13,-10],[19,-3],[14,-8],[8,0],[17,-7],[28,-1],[9,10],[37,15],[20,29],[9,3],[11,12],[13,4],[14,13],[-5,8],[-11,1],[-23,9],[-6,10],[-33,-4],[-1,41],[-8,10],[-16,10],[-3,12],[-16,17],[-26,6],[-9,10],[16,4],[17,12],[11,15],[22,2],[29,29],[21,16],[4,9],[-10,21],[-9,3],[-23,20],[-19,-1],[-18,7],[-7,9],[-27,9],[-25,21],[-16,18],[-17,1],[-8,-6],[-10,4],[-10,19],[-7,4],[-36,37],[-21,2],[-13,15],[-9,5],[-22,22],[-18,4],[-14,20],[1,9],[-16,15],[12,21],[-23,15],[-19,22],[-36,-15],[-7,-7],[-24,2],[-8,15],[25,19],[9,0],[6,15],[16,12],[-1,29],[-13,13],[-2,11],[-14,6],[8,15],[-13,22],[-4,23],[11,2],[10,9],[-5,16],[11,30],[-20,12],[-1,7],[14,5],[4,11],[25,10],[22,5],[-2,29],[8,8],[-2,19],[6,11],[-1,22],[-10,19],[-20,17],[-6,16],[-13,14],[3,22],[-17,19],[0,10],[-11,8],[-9,17],[-10,2],[-9,33],[3,16],[-4,17],[-10,12],[4,13],[10,7],[7,12],[19,-9],[16,5],[-3,21],[-9,5],[-9,14],[-18,10],[-40,12],[-12,9],[-15,3],[-32,19],[-32,3],[-2,27],[-19,8],[6,22],[12,9],[18,0],[6,4],[-1,24],[7,47],[-2,10],[-9,9],[0,17],[-11,13],[3,6],[-12,26],[-27,2],[-28,24],[2,22],[4,5],[-5,21],[10,12],[-10,22],[0,12],[-8,10],[-26,4],[-9,-7],[-16,1],[-15,11],[-13,4],[-6,10],[-43,12],[-1,44],[6,8],[-21,23],[-10,17],[-19,9],[-12,37],[-6,10],[7,16],[0,19],[21,-3],[9,11],[-11,27],[-16,8],[-6,9],[-26,4],[-7,27],[-14,15],[-20,5],[-7,16],[3,22],[15,15],[-5,14],[-7,6],[-19,-1],[-12,11],[-12,1],[-23,-24],[-1,-18],[-14,-9],[6,-13],[-16,-9],[-14,9],[-31,12],[-11,-5],[-20,8],[-17,-9],[-22,6],[-12,-5],[-11,4],[0,16],[7,9],[2,17],[-30,14],[-20,19],[-6,19],[-19,13],[-19,6],[-22,14],[-8,20],[2,13],[-14,18],[-6,21],[0,25],[-10,9],[-2,14],[4,22],[10,22],[-4,3],[10,29],[18,18],[-5,19],[7,29],[-2,25],[9,16],[14,8],[-9,12],[-2,22],[-5,9],[-18,18],[-7,-2],[-14,11],[-15,4],[-12,12],[2,8],[-8,13],[-5,23],[-10,18],[8,14],[11,8],[7,20],[15,13],[2,10],[-9,9],[-1,21],[-15,21],[-1,19],[-17,13],[-4,8],[-52,17],[-4,11],[-30,29],[-17,33],[-1,8],[-20,27],[-12,7],[-18,17],[-4,9],[1,32],[-4,13],[-23,19],[-15,29],[-20,15],[5,20],[-19,15],[-5,22],[-12,10],[-19,4],[-10,10],[5,12],[-2,15],[16,16],[-7,17],[-14,4],[-30,1],[-21,-3],[-12,8],[-19,-4],[-8,3],[-28,-8],[-24,-2],[-7,-9],[-12,1],[-16,-9],[-31,-5],[-18,-9],[-56,7],[-11,3],[-5,19],[12,18],[2,8],[-9,22],[1,15],[-6,11],[-5,21],[9,12],[-12,15],[0,16],[-17,19],[-19,13],[-9,14],[5,11],[38,13],[10,-1],[22,9],[21,34],[-1,8],[10,7],[-1,14],[8,4],[1,16],[4,10],[-2,15],[11,34],[0,13],[-12,6],[4,8],[-1,20],[6,6],[-8,17],[-7,29],[7,4],[4,17],[13,16],[12,0],[19,-11],[24,-17],[12,0],[15,15],[5,15],[20,9],[10,0],[10,11],[38,-1],[12,-4],[2,11],[-12,9],[2,36],[-7,15],[-13,19],[-5,0],[-28,16],[8,20],[21,4],[27,-7],[16,-11],[13,1],[12,-8],[27,8],[12,0],[12,-10],[26,-1],[15,6],[3,12],[-15,11],[3,5],[-7,32],[-23,9],[-9,7],[-3,14],[-16,13],[0,14],[-17,13],[-6,16],[6,18],[26,18],[-7,8],[-15,32],[-1,14],[-14,28],[-13,6],[-11,14],[3,11],[-6,12],[7,22],[-3,5],[15,15],[26,9],[9,9],[27,0],[18,8],[16,-1],[13,-18],[17,-2],[19,-28],[18,2],[12,5],[18,-18],[15,0],[9,-12],[17,-8],[8,7],[39,16],[-18,18],[-6,36],[-7,5],[-4,14],[-1,38],[6,18],[8,9],[26,7],[0,21],[-8,6],[-12,-2],[-14,22],[10,10],[8,-21],[23,1],[9,13],[26,-8],[-11,-10],[-2,-22],[-6,-9],[4,-21],[-8,-11],[-19,7],[-13,-19],[4,-20],[18,-3],[23,15],[29,0],[6,-16],[18,-9],[18,-18],[12,-8],[8,-14],[7,-3],[-2,-13],[-8,-10],[-5,-34],[2,-10],[28,-35],[6,-18],[7,2],[19,-13],[22,-3],[6,-6],[17,-2],[3,-6],[20,2],[12,8],[0,-18],[-18,-15],[12,-5],[19,-11],[9,-22],[3,-28],[11,-18],[27,-11],[17,-11],[29,-13],[-1,-21],[5,-14],[11,-12],[13,-3],[15,5],[10,-14],[18,-8],[10,-16],[16,-12],[6,-28],[19,0],[5,16],[13,-20],[12,-1],[12,-17],[0,-29],[10,-11],[9,2],[19,-19],[2,-8],[15,-21],[3,-19],[6,-13],[-4,-28],[-9,-17],[-1,-10],[11,-23],[26,-10],[-4,-19],[15,-4],[9,-12],[-13,-24],[11,-19],[-22,-13],[-7,-26],[-8,-9],[-3,-16],[7,-16],[16,-13],[50,-29],[28,-14],[41,-18],[11,-11],[-3,-25],[10,-9],[-3,-17],[10,-10],[5,-19],[-2,-8],[17,-18],[68,-31],[103,-54],[61,-32],[49,-23],[64,-28],[10,-1],[20,-10],[13,-11],[35,-5],[45,-12],[44,-8],[15,-1],[24,6],[2,16],[11,-1],[9,-16],[-11,-15],[17,-23],[13,-2],[17,-22],[18,-19],[10,6],[9,-5],[12,7],[5,-16],[21,-10],[53,-8],[6,6],[12,-5],[0,-11],[13,-12],[17,4],[11,-14],[0,-12],[8,-21],[-5,-9],[5,-28],[19,-18],[14,-2],[20,-31],[17,-6],[20,2],[7,-27],[13,-7],[6,-14],[-24,8],[-13,-8],[-4,-14],[-12,-7],[5,-21],[24,-21],[5,-8],[19,-12],[12,-3],[8,-10],[-3,-12],[6,-13],[14,-14],[19,-15],[26,-7],[27,-23],[5,-17],[0,-21],[18,-29],[26,-34],[21,-6],[22,-10],[22,-3],[7,-5],[10,-26],[-13,-7],[-10,-10],[0,-18],[23,-18],[9,-13],[-7,-6],[1,-22],[21,-18],[42,-23],[4,-30],[26,-14],[35,-13],[5,-21],[17,-13],[-1,-17],[19,-2],[6,-16],[31,-15],[-14,-18],[5,-8],[21,-15],[-4,-6],[9,-15],[8,-26],[24,-13],[4,-9],[30,-6],[59,-5],[26,-1],[65,2],[71,8],[48,2],[16,6],[60,9]],[[49164,45224],[-6,-19],[1,-33],[14,-11],[9,-19],[-4,-18],[-31,-8],[-6,-8],[-9,-29],[-26,-39],[-17,-3],[-26,4],[-46,0],[-8,-8],[-1,-11],[9,-29],[-16,-20],[-24,-20],[-16,-4],[-32,-1],[-7,-5],[-16,-25],[-5,-15],[-16,-31],[-7,-28],[-17,-38],[-30,-20],[-35,0],[-26,-3],[-23,6],[-5,14],[-14,8],[-21,-8],[-11,-12],[-14,-30],[-14,-18],[-41,-34],[-27,-9],[-16,-9],[-38,-53],[-5,-20],[-6,-9],[-5,-32],[-16,-32],[-6,-35],[-8,-22],[-3,-26],[7,-17],[0,-15],[-9,-7],[-24,0],[-28,-12],[-10,-14],[-13,-30],[-6,-8],[-2,-26],[4,-9],[19,-9],[-4,-18],[-17,-14],[-12,-15],[-54,-72],[-32,-28],[-30,-28],[-18,-11],[-8,-9],[-30,-45],[-12,-15],[-20,-16],[-8,-14],[-18,-26],[-20,-20],[-10,-4],[-14,17],[-12,4],[-18,-3],[-15,-9],[-19,0],[-13,5],[-6,12],[0,15],[-25,5],[-30,-14],[-7,-27],[-8,-8],[-40,-27],[-29,-13],[-3,-5],[-1,-32],[-21,-26],[-1,-8],[-26,-20],[-28,-41],[-38,-29],[-3,-15],[-24,-18],[-39,-49],[0,-16],[28,-13],[11,-10],[23,-10],[34,-12],[7,-11],[4,-25],[7,-18],[10,-10],[-1,-33],[-19,-36],[-5,-18],[-14,-12],[3,-14],[16,-19],[3,-26],[7,-13],[50,-23],[3,-12],[-9,-19],[-14,-20],[-19,-16],[-17,-11],[-23,-10],[-11,-13],[-30,-24],[-11,-39],[6,-13],[19,-26],[-13,-17],[-51,-13],[-16,-5],[-39,-25],[-1,-6],[17,-22],[39,-35],[1,-20],[27,-18],[-2,-16],[4,-16],[14,-13],[6,-10],[3,-16],[27,-29],[11,-16],[10,-33],[-1,-20],[-19,-37],[-8,-23],[-25,-30],[-12,-31],[23,-22],[21,-7],[15,-16],[7,-23],[-24,-4],[-44,-14],[-12,-10],[-49,-25],[-8,-32],[-35,-20],[-4,-17],[-12,-16],[-22,-11],[-16,-23],[2,-10],[-38,-39],[-9,-7],[-8,-23],[0,-19],[-30,-26],[-27,-31],[-5,-20],[0,-34],[-11,-16],[4,-18],[10,-16],[-2,-26],[-4,-15],[-12,-18],[-7,-36],[-16,-27],[-4,-23],[-58,-16],[-34,-17],[-28,-20],[-37,-22],[-19,-5],[-11,2],[-40,-13],[-31,3],[-9,-5],[-4,-11],[-20,-18],[-16,-23],[-17,-8],[-7,-10],[2,-23],[-15,-18],[-9,-24],[8,-23],[-17,-23],[-23,-8],[-16,-10],[-25,-12],[-13,-10],[-47,-28],[-22,-20],[6,-22],[-7,-14],[-2,-13],[3,-20],[-13,-12],[-36,-8],[-16,-8],[-38,-1],[-8,-8],[-4,-18],[7,-10],[-4,-9],[-17,-19],[-27,-12],[-14,-9],[-15,-24],[-23,-23],[-27,-12],[-13,-19],[-21,-7],[-9,-9],[1,-19],[8,-8],[2,-29],[6,-6],[0,-13],[-18,-13],[-9,-11],[-12,-2],[-25,6],[-24,-2],[-17,-13],[-15,-1],[-32,3],[-31,-5],[-21,-26],[-13,-8],[6,-24],[-8,-21],[-17,-3],[-20,-9],[-12,-19],[-2,-10],[-29,-31],[3,-9],[-20,-16],[-16,-26],[-25,-35],[-15,-13],[-8,-14],[-3,-14],[-12,-19],[-4,-16],[-16,-22],[-22,-9],[-23,9],[-41,-4],[-7,-15],[-21,-21],[-10,-15],[0,-7],[14,-15],[-21,-43],[-34,-23],[-13,0],[-16,9],[-29,3],[-10,-26],[-10,-11],[-22,-3],[-24,13],[-28,-5],[-28,-18],[-23,-26],[-4,-8],[11,-11],[6,-18],[-12,-19],[-2,-18],[-29,-36],[0,-17],[-15,-24],[-31,-19],[-8,-18],[-25,-21],[-22,-9],[-22,-21],[0,-14],[-32,-21],[-10,-3]],[[38329,40682],[254,238],[23,-1],[14,-16],[5,-20],[15,-20],[-4,-9],[4,-12],[-8,-14],[14,-15],[-1,-11],[7,-16],[-4,-15],[27,-22],[2,-12],[12,-14],[29,-14],[36,-3],[8,-36],[10,-13],[21,5],[13,-11],[13,-44],[-6,-21],[14,-23],[10,-10],[13,-5],[13,0],[17,19],[17,9],[12,2],[37,-9],[27,11],[39,-6],[-7,-36],[11,-10],[33,-4],[15,7],[25,-11],[38,-9],[14,-7],[1,-31],[4,-17],[5,-5],[19,0],[10,-9],[5,-19],[24,-6],[30,25],[31,-3],[29,0],[6,-3],[11,-43],[9,-12],[23,0],[17,-16],[37,-27],[40,-11],[22,-28],[18,-8],[23,4],[28,-2],[23,-4],[21,4],[21,0],[19,10],[20,-1],[18,6],[32,17],[23,14],[17,19],[43,11],[75,1],[15,5],[21,16],[7,24],[22,14],[12,4],[7,12],[26,2],[7,20],[25,26],[9,26],[11,0],[22,11],[23,-1],[33,10],[12,-4],[20,4],[-1,10],[-15,25],[-13,13],[11,30],[-4,10],[10,30],[9,9],[5,17],[16,17],[18,6],[18,1],[16,12],[17,-2],[39,37],[25,1],[18,6],[12,0],[10,-6],[25,-1],[14,3],[27,19],[11,15],[14,11],[19,3],[30,10],[19,2],[58,36],[23,30],[20,46],[4,16],[12,13],[6,25],[36,-19],[17,-5],[38,-3],[44,-1],[11,-3],[39,-5],[34,-2],[31,21],[13,5],[19,15],[21,13],[30,-6],[28,0],[21,-6],[28,17],[31,29],[3,8],[-7,17],[2,12],[17,5],[24,11],[12,16],[10,27],[6,10],[20,14],[11,21],[10,8],[4,16],[15,17],[23,18],[19,9],[4,32],[7,18],[-4,17],[-10,18],[-24,21],[-52,9],[-19,8],[-11,9],[-17,35],[-12,39],[12,23],[17,14],[15,23],[4,14],[14,17],[16,11],[24,31],[15,25],[2,14],[11,15],[3,26],[16,13],[20,7],[25,-1],[32,8],[18,12],[22,22],[-6,18],[1,25],[8,17],[0,17],[10,13],[26,19],[3,11],[-21,1],[-16,11],[-9,-1],[-19,32],[-13,12],[-3,10],[9,13],[7,28],[25,30],[0,14],[-18,25],[1,9],[9,6],[3,12],[32,22],[12,24],[-1,9],[-10,21],[12,22],[25,17],[-12,7],[-6,21],[11,21],[14,9],[-9,12],[1,28],[-21,16],[-11,3],[2,14],[9,27],[25,19],[3,19],[11,16],[11,21],[18,7],[16,18],[18,12],[12,3],[2,10],[17,22],[11,9],[29,4],[14,23],[12,26],[5,29],[12,14],[8,17],[8,7],[24,12],[37,32],[13,8],[-8,26],[7,12],[15,6],[23,17],[20,28],[-1,24],[-5,35],[-10,12],[-23,17],[6,10],[24,20],[8,0],[18,13],[59,17],[16,-13],[27,-11],[11,2],[21,-13],[19,0],[19,9],[9,11],[11,1],[2,10],[10,4],[20,22],[-8,43],[3,3],[1,31],[10,19],[28,24],[-1,18],[-7,11],[6,9],[16,7],[19,-4],[8,-11],[9,-3],[10,8],[11,-1],[12,-11],[11,4],[13,-7],[10,-13],[36,2],[15,3],[20,-5],[14,1],[7,9],[33,4],[7,-8],[11,-36],[12,-22],[5,12],[14,2],[12,10],[7,-5],[15,3],[18,15],[26,6],[2,14],[14,16],[5,15],[17,7],[12,14],[9,2],[13,14],[-10,9],[4,10],[22,6],[12,-9],[29,-4],[22,9],[12,16],[36,20],[23,-2],[17,-7],[18,5],[9,-7],[44,0],[20,-4],[11,4],[-17,12],[2,21],[6,11],[34,22],[1,10],[-10,8],[0,15],[-5,17],[20,2],[2,12],[-6,13],[13,22],[18,12],[12,3],[8,-6],[8,13],[14,5],[15,-4],[9,-7],[-9,-15],[10,-9],[22,0],[17,-3],[13,12],[49,4],[12,-19],[3,-13],[28,-1],[16,8],[21,5],[7,10],[9,0],[14,12],[8,11],[14,2],[-10,22],[5,23],[9,13],[20,6],[2,-19],[10,-8],[28,-1],[16,-8],[-4,-14],[13,-11],[5,-18],[13,-2],[11,-8],[13,5],[7,-6],[-2,-24],[14,-3],[18,-16],[19,-4],[9,-9],[26,-14],[19,-5],[5,-5],[22,-6],[6,-12],[14,-7],[12,-12],[40,6],[20,-10],[10,-19],[17,-6],[23,-1],[10,-4],[12,-14],[-18,-6],[18,-8],[3,-9],[15,-8],[11,-16],[18,7],[4,29],[-5,12],[17,10],[2,17],[16,12],[4,32],[-2,15],[-10,10],[6,23],[16,6],[1,8],[15,18],[-2,18],[39,24],[11,10],[25,14],[19,17],[13,-4],[9,-10],[19,-7],[15,6],[31,0],[19,-4],[3,-10],[-7,-13],[9,-4],[18,13],[27,-4],[22,2],[8,-19],[-7,-24],[-10,-19],[-1,-12],[13,-6],[0,-19],[3,-43],[15,-1],[65,-21],[27,-6],[40,4],[13,-15],[22,4],[4,23],[-1,29],[-11,33],[-7,30],[2,38],[4,19],[16,20],[15,7],[28,7],[51,-1],[11,5],[19,17],[11,2],[16,15],[-23,17],[-6,17],[7,22],[19,21],[15,5],[26,-2],[15,-5],[26,-13],[18,-2],[21,-9],[52,2],[17,14],[376,-10],[10,-2],[14,7],[17,3],[30,-9],[60,2],[18,-15],[18,-5],[24,8],[19,-11],[-14,-11],[-7,-13],[-20,-12],[-6,-16],[-8,-9],[4,-24],[-5,-22],[5,-9],[48,-18],[15,-16],[15,-3],[13,-23],[4,-29],[-3,-3],[-41,0],[12,-29],[-19,-5],[-35,3],[-16,-2],[-15,-13],[-15,-2],[-10,-8],[-30,0],[-11,-5],[-13,-12],[12,-57],[-33,-18],[17,-9],[18,-17],[-4,-12],[-12,-8],[-18,-26],[7,-23],[12,-10],[9,-22],[-6,-7],[-4,-34],[12,-6],[2,-15],[-11,-9],[-3,-18],[-18,-28],[12,-32],[-2,-19],[-11,-7],[-24,-1],[-16,-19],[-8,-23],[-22,-12],[6,-14],[-8,-23],[12,2],[13,-11],[24,-3],[13,-17],[13,13],[23,-9],[18,1],[23,-3],[27,7],[14,-10],[28,-8],[17,-9],[12,-1],[15,7],[28,-6],[53,9],[16,-6],[26,2],[15,-4],[12,-7],[9,-23],[10,-9],[14,-2],[11,-15],[29,-6],[29,4],[20,7],[10,8],[7,20],[43,3],[25,9],[23,-3],[13,-10],[13,4],[14,-4],[23,1],[20,-5],[5,-17],[18,-4],[12,-9],[14,14],[27,12],[24,-8],[10,1],[13,8],[31,3],[10,9],[39,12],[8,-1],[23,-16],[13,1],[11,10],[36,7],[19,23],[15,2],[21,-5],[17,5],[15,-1],[27,13],[28,29],[21,12],[17,19],[15,0],[12,22],[13,1],[19,31],[12,11],[12,-3],[13,8],[2,20],[18,3],[10,8],[-12,19],[13,13],[38,2],[14,3],[16,18],[29,8],[8,15],[13,9],[40,21],[15,2],[6,13],[-10,27],[6,24],[21,26],[39,26],[7,13],[21,23],[28,12],[2,9],[25,29],[0,23],[7,22],[-1,11],[6,17],[10,7],[16,-4],[14,9],[9,12],[20,2],[3,13],[-19,23],[-2,13],[11,24],[21,7],[12,11],[8,15],[30,4],[1,12],[16,4],[36,14],[25,19],[19,12],[32,5],[16,7],[10,15],[15,6],[11,18],[14,6],[1,11],[14,5],[15,-1],[19,17],[32,7],[4,26],[-2,10],[6,9],[13,7],[-1,28],[-24,12],[4,17],[-14,12],[-10,1],[-23,11],[-16,18],[-9,15],[0,10],[-11,5],[-2,13],[-10,2],[-13,22],[7,25],[-9,21],[1,9],[-13,22],[4,27],[11,10],[7,25],[-4,10],[8,12],[-11,13],[18,10],[5,9],[13,43],[4,20],[15,17],[22,17],[48,6],[30,5],[21,-3],[9,-5],[10,-15],[30,0],[6,12],[15,3],[8,12],[14,5],[15,14],[34,50],[2,15],[15,8],[15,15],[0,13],[13,25],[-3,9],[4,12],[-16,10],[-33,15],[7,23],[-7,4],[-9,25],[0,21],[-12,14],[-17,0],[7,13],[-7,10],[4,22],[14,16],[18,9],[21,15],[10,4],[9,19],[17,16],[4,30],[19,12],[14,18],[19,5],[20,-18],[13,-7],[26,5],[11,10],[23,5],[16,8],[12,16],[-8,4],[6,30],[6,12],[-4,18],[7,17],[-7,10],[10,16],[8,27],[14,-3],[15,9],[21,26],[2,26],[10,11],[36,31],[9,2],[30,36],[-2,7],[4,20],[7,5],[12,-5],[36,15],[25,-4],[21,17],[-2,11],[21,21],[18,-3],[16,9],[30,6],[24,16],[29,6],[1,13],[19,0],[12,14],[9,2],[12,12],[27,13],[7,6],[19,3],[17,24],[36,30],[13,21],[26,15],[11,3],[21,24],[10,7],[19,3],[11,6],[17,1],[13,16],[11,4],[25,21],[17,17],[7,12],[3,24],[12,12],[19,8],[27,22],[6,10],[28,22],[20,10],[24,23],[32,28],[2,21],[10,6],[16,2],[-4,19],[7,20],[19,10],[0,15],[8,15],[0,17],[14,14],[9,4],[8,16],[13,14],[-3,21],[1,33],[13,25],[21,35],[13,3],[26,18],[9,26],[-12,10],[-4,11],[2,13],[10,7],[2,24],[7,9],[17,10],[-2,23],[-21,15]],[[54653,85482],[-3,20],[-40,58],[-19,12],[-3,23],[-19,25],[-9,46],[1,5],[-10,54],[-10,19],[-30,18],[-34,16],[0,8],[-24,16],[-8,21],[-26,25],[-2,22],[-9,9],[-10,24],[6,13],[2,17],[-11,24],[-3,13],[-9,4],[-1,17],[-9,20],[7,11],[-4,16],[10,18],[11,8],[-6,32],[3,11],[-11,15],[-16,12],[-10,21],[-8,10],[12,40],[-3,21],[-18,6],[-22,29],[-19,6],[-6,12],[-23,7],[-24,18],[-16,0],[-12,38],[-10,11],[10,17],[0,20],[14,8],[6,19],[15,27],[11,5],[8,12],[19,13],[10,2],[2,12],[14,14],[4,18],[-15,23],[-10,9],[-11,22],[9,17],[15,-5],[7,17],[11,1],[18,14],[4,15],[7,5],[24,1],[19,4],[7,6],[-7,19],[-14,15],[-11,17],[-5,20],[-7,4],[-18,-4],[-8,7],[9,11],[-5,9],[-27,7],[-3,7],[14,12],[16,24],[27,13],[0,7],[-24,4],[-18,17],[5,5],[25,-4],[12,9],[-5,17],[-16,4],[-19,0],[-10,8],[0,25],[-12,7],[-1,7],[17,1],[15,12],[-1,9],[-17,24],[8,7],[25,10],[9,13],[21,6],[-1,13],[13,19],[-37,42],[4,25],[-12,16],[-16,-6],[-20,6],[6,12],[-23,10],[3,10],[9,7],[0,11],[-13,7],[-9,22],[16,7],[26,-6],[17,2],[-3,33],[18,0],[25,-3],[27,-8],[6,3],[-8,20],[24,2],[13,-8],[6,-15],[8,-2],[8,14],[22,18],[7,17],[24,2],[11,19],[-11,11],[2,11],[-11,11],[6,12],[14,-6],[12,3],[3,14],[9,9],[19,-14],[15,6],[-14,14],[-15,6],[3,10],[23,20],[35,0],[10,13],[4,14],[25,11],[15,-9],[24,1],[21,36],[-20,15],[26,23],[9,2],[9,-15],[8,3],[6,14],[5,24],[-6,9],[6,15],[-12,13],[1,15],[9,19],[9,8],[-6,36],[10,9],[14,4],[20,-7],[7,6],[-6,17],[-25,9],[6,11],[14,-6],[21,3],[-1,10],[-29,8],[-3,13],[29,1],[9,11],[18,-4],[9,5],[-1,31],[-3,10],[4,53],[16,20],[2,17],[-16,15],[-47,9]],[[54813,87886],[45,-4],[9,-3],[97,-21],[60,-11],[64,-9],[13,-1],[15,13],[21,5],[44,-3],[31,-1],[14,12],[28,1],[14,7],[3,8],[23,-1],[12,5],[64,1],[18,2],[15,16],[34,4],[69,-9],[101,-14],[59,-8],[21,-1],[68,-1],[24,8],[27,3],[16,-1],[9,8],[15,1],[24,11],[52,-3],[88,-2],[56,0],[172,2],[63,5],[37,5],[36,9],[27,23],[155,22],[27,9],[67,11],[26,6],[62,19],[64,20],[21,8],[61,28],[13,10],[2,12],[20,13],[32,16],[27,17],[5,27],[32,18],[96,43],[23,13],[40,15],[26,14],[6,15],[55,27],[39,21],[37,26],[22,18],[12,22],[18,22],[8,25],[-1,23],[8,27],[22,16],[67,35],[22,9],[43,21],[26,15],[26,19],[43,38],[15,19],[6,27],[19,15],[21,22],[57,13],[13,2],[64,17],[34,4],[55,19],[42,17],[22,11],[45,25],[10,12],[41,27],[32,26],[78,72],[69,58],[25,30],[48,45],[29,22],[44,31],[35,32],[21,15],[33,18],[62,27],[41,21],[35,13],[47,22],[33,18],[55,10],[41,12],[84,27],[27,12],[32,27],[58,32],[31,13],[27,8],[12,14],[47,14],[15,11],[16,3],[21,13],[72,31],[19,11],[39,7],[67,23],[30,5],[33,13],[29,22],[13,15],[0,9],[10,11],[41,67],[35,31],[30,35],[48,38],[45,32],[19,19],[23,27],[31,56],[23,24],[37,25],[29,14],[56,20],[30,17],[34,15],[15,10],[27,25],[22,12],[17,12],[28,16],[36,31],[5,10],[18,14],[-2,6],[15,16],[82,40],[31,9],[37,7],[36,16],[39,14],[33,8],[32,11],[39,17],[37,26],[48,7],[18,6],[35,3],[86,1],[12,5],[24,2],[48,10],[19,15],[29,12],[51,17],[44,19],[40,5],[30,-5],[42,0],[63,6],[71,16],[39,17],[18,14],[16,21],[29,25],[40,19],[20,21],[32,21],[30,9],[51,3],[31,-8],[42,-16],[19,-1],[39,10],[19,1],[21,8],[11,12],[14,7],[31,8],[27,12],[-7,8],[76,58],[23,25],[28,11],[31,6],[58,26],[33,2],[18,-1],[63,-10],[34,4],[37,6],[10,7],[41,-3],[12,2],[73,2],[33,-5],[28,1],[7,4],[22,3],[33,-2],[15,2],[21,8],[5,15],[20,14],[64,11],[12,8],[70,10],[38,10],[17,15],[35,14],[23,15],[14,14],[40,24],[32,22],[27,16],[16,23],[6,4],[117,36],[53,18],[45,10],[30,10],[13,10],[10,18],[16,14],[27,6],[20,8],[34,6],[15,12],[10,15],[16,5],[18,13],[27,2],[23,8],[10,8],[20,2],[26,5],[32,12],[23,12],[62,42],[17,16],[39,25],[22,11],[28,18],[72,32],[28,15],[32,20],[18,7],[-21,-48],[-15,-13],[21,-15],[23,-2],[12,6],[33,33],[9,5],[28,6],[22,7],[21,18],[9,20],[-6,20],[-23,-4],[-13,-14],[-17,-13],[-32,-4],[-14,6],[-28,-3],[29,20],[22,29],[20,19],[17,8],[22,23],[27,20],[23,36],[2,12],[26,27],[16,21],[25,55],[20,37],[1,11],[11,20],[4,39],[10,20],[33,85],[42,50],[33,35],[20,20],[15,27],[6,29],[8,19],[18,58],[14,16],[8,15],[7,22],[11,16],[20,22],[15,29],[22,22],[15,29],[8,21],[-1,13],[19,24],[22,45],[5,15],[9,7],[10,29],[13,15],[10,21],[20,28],[15,40],[10,13],[13,41],[0,20],[-6,29],[-13,27],[-2,14],[4,50],[1,56],[-9,15],[-4,27],[-5,12],[13,51],[-3,16],[-14,6],[7,16],[0,24],[-5,19],[5,14],[-8,22],[-9,7],[-4,22],[-2,53],[-10,38],[-10,18],[-15,14],[-17,4],[-59,6],[-35,-1],[-39,-10],[-16,13],[-25,1],[4,16],[17,23],[1,17],[29,11],[18,0],[34,11],[-3,13],[7,10],[26,15],[12,2],[12,15],[15,8],[32,2],[10,5],[29,2],[6,5],[-3,24],[4,3],[54,1],[16,-5],[24,1],[29,-7],[50,-10],[11,0],[22,-9],[49,0],[24,-7],[15,4],[42,-3],[31,2],[31,-3],[-3,-10],[32,13],[30,-2],[27,7],[18,0],[32,11],[20,2],[50,2],[7,7],[19,6],[27,4],[18,-1],[30,10],[33,3],[16,5],[31,-5],[39,-3],[65,6],[34,8],[48,14],[9,5],[36,4],[8,7],[34,5],[25,16],[48,11],[25,9],[13,-13],[22,1],[8,12],[23,6],[-10,-19],[10,-17],[27,1],[3,-17],[-12,-23],[-2,-20],[-19,-9],[-9,-19],[0,-18],[-12,-30],[-17,-6],[-11,-21],[-4,-16],[-27,-12],[-24,-3],[-26,-9],[-16,-12],[-35,-20],[-2,-25],[2,-20],[5,-22],[-11,-9],[-21,4],[-4,13],[-19,-16],[-11,-18],[11,-8],[-4,-13],[-11,-3],[-12,-10],[0,-9],[34,1],[18,-10],[30,-6],[-12,-16],[11,-2],[6,11],[13,-5],[12,-10],[0,-10],[15,-5],[15,-27],[-1,-9],[-23,-27],[7,-11],[-7,-20],[-24,-37],[1,-15],[-7,-12],[12,-2],[28,7],[15,-1],[4,14],[15,-3],[4,12],[16,15],[5,-11],[17,-16],[19,-3],[-8,12],[4,18],[-18,18],[-1,16],[18,0],[20,12],[-5,16],[11,9],[-6,25],[12,1],[-5,13],[-12,-1],[9,17],[9,5],[16,0],[-4,-29],[9,3],[-4,-23],[-13,-9],[-5,-15],[17,5],[6,-5],[-16,-10],[-11,-14],[10,-20],[-8,-12],[-1,-18],[-5,-15],[6,-9],[25,2],[17,11],[17,7],[1,7],[30,11],[19,5],[-11,-18],[8,-11],[16,8],[24,5],[14,-1],[-26,23],[6,8],[14,-12],[19,-7],[14,3],[-4,-22],[11,-5],[26,-5],[12,11],[12,5],[-5,27],[15,16],[1,13],[12,-3],[14,4],[-4,11],[22,14],[-3,13],[-9,-1],[-7,11],[-4,16],[5,24],[-2,8],[-16,11],[-3,7],[29,0],[13,-11],[22,-1],[20,7],[13,12],[1,14],[20,2],[22,10],[19,-1],[4,22],[23,9],[23,0],[13,-10],[12,9],[-3,12],[17,4],[-4,-28],[24,-3],[7,-5],[14,10],[16,5],[13,-4],[19,-13],[19,-5],[22,5],[20,16],[11,17],[-10,9],[-6,17],[-2,17],[15,-8],[18,13],[-4,8],[10,10],[0,12],[-13,14],[-5,13],[10,12],[-20,15],[-16,1],[-31,26],[2,13],[-14,5],[-12,13],[-18,9],[-13,22],[13,0],[17,22],[-6,19],[14,4],[30,-7],[-7,17],[3,11],[-29,15],[-16,11],[-27,7],[-13,-2],[-12,-32],[-38,27],[8,16],[0,14],[-7,20],[-10,10],[8,13],[12,8],[16,1],[-1,11],[-10,17],[-12,-1],[-8,22],[-21,8],[-39,7],[-26,-12],[-28,7],[-40,-9],[12,-11],[-14,-7],[-10,12],[-11,6],[-28,-8],[-22,6],[-38,-3],[-24,-6],[-10,10],[-30,4],[-29,-21],[-6,-14],[4,-18],[9,-16],[0,-21],[-8,-3],[0,27],[-7,9],[-17,5],[-17,-5],[-10,10],[2,11],[-6,12],[-23,-1],[2,8],[30,20],[27,10],[13,3],[25,13],[28,24],[10,16],[16,12],[0,8],[20,21],[17,13],[24,9],[34,20],[10,3],[29,18],[23,9],[13,12],[31,20],[19,4],[12,8],[-5,9],[20,20],[13,3],[10,11],[23,12],[27,21],[10,10],[17,11],[12,17],[24,18],[11,3],[27,32],[19,8],[14,21],[25,20],[14,14],[18,9],[9,-10],[25,0],[7,-14],[9,-6],[37,-9],[24,3],[5,16],[20,8],[5,8],[43,15],[22,11],[6,9],[1,18],[8,20],[13,9],[21,3],[21,-2],[23,4],[19,-3],[13,-8],[12,-15],[-3,-10],[-44,-23],[-6,-16],[-29,-10],[-10,-7],[-30,-6],[-11,-8],[-5,-13],[-9,-10],[-12,-1],[-16,-11],[-2,-10],[-24,-5],[-14,0],[-9,-34],[27,-61],[36,-48],[60,-50],[46,-21],[31,-8],[31,-3],[16,2],[26,12],[-7,9],[19,23],[-10,7],[-2,23],[16,18],[-3,8],[19,13],[7,15],[17,0],[24,6],[6,9],[47,-8],[28,0],[9,-3],[63,3],[37,10],[18,9],[22,16],[45,36],[20,20],[26,37],[13,39],[2,44],[-4,22],[-15,24],[-14,13],[-16,7],[-20,4],[-39,5],[-22,1],[-5,-6],[-20,-1],[-13,3],[5,11],[34,5],[27,7],[4,8],[30,13],[45,13],[41,25],[14,13],[16,21],[12,34],[-2,17],[4,6],[22,9],[27,8],[19,-5],[5,-30],[7,0],[-1,-22],[8,-7],[24,-9],[-15,-9],[-4,-10],[16,-3],[-3,-12],[-32,-14],[-7,-7],[-18,3],[-9,-13],[-8,1],[-16,-9],[5,-30],[9,-17],[-4,-10],[16,-19],[20,15],[24,-2],[26,-16],[-18,-8],[16,-12],[15,-2],[0,12],[17,9],[5,9],[-3,9],[25,3],[30,-20],[17,-26],[12,-9],[-21,-13],[-22,-7],[13,-14],[27,17],[18,6],[3,12],[15,14],[18,10],[1,18],[-24,17],[-25,10],[-44,13],[6,8],[64,30],[-1,12],[-18,4],[-7,9],[29,1],[16,-10],[22,-4],[48,-3],[13,-4],[21,8],[55,36],[36,4],[30,27],[23,13],[6,10],[27,2],[4,-13],[26,15],[17,-7],[-22,-11],[8,-10],[25,1],[17,7],[22,15],[22,8],[2,5],[-13,11],[3,14],[-21,15],[-20,0],[-22,-15],[-13,2],[-26,-3],[-8,-6],[-20,6],[-9,-9],[-52,1],[-5,-18],[-10,-6],[5,-10],[-24,0],[-24,2],[-32,-13],[-7,-7],[-32,13],[-8,8],[7,15],[14,0],[14,10],[21,6],[18,15],[10,19],[24,-3],[-4,9],[8,8],[26,8],[34,14],[-35,3],[-8,9],[7,8],[27,8],[33,4],[6,13],[-9,5],[-23,4],[-36,-2],[-11,5],[-10,-10],[-23,-3],[-19,-27],[-10,-6],[-28,1],[-6,13],[17,9],[4,14],[-16,-3],[-32,-33],[-37,-19],[-51,-17],[-30,2],[-19,-13],[-15,0],[-14,19],[19,19],[14,9],[26,11],[18,22],[14,12],[23,8],[13,15],[-1,20],[-6,8],[-11,0],[-18,-18],[-21,-16],[-17,-4],[-32,-2],[-19,-14],[-2,-13],[-19,-9],[0,-11],[-11,-31],[-14,-3],[-21,-23],[-29,-10],[-16,0],[-62,-24],[-21,-16],[-25,0],[-6,8],[6,9],[-4,17],[7,17],[12,9],[18,26],[-3,21],[10,3],[22,22],[29,17],[9,14],[20,9],[22,6],[16,0],[39,13],[22,3],[25,10],[30,5],[27,11],[33,33],[24,9],[33,4],[21,9],[17,13],[44,0],[50,-14],[59,-10],[23,-10],[47,-29],[8,-3],[32,-20],[15,-4],[35,-19],[24,-3],[15,7],[43,-17],[8,-5],[41,2],[12,9],[50,-8],[14,7],[19,-2],[26,-10],[31,-6],[36,2],[19,25],[3,12],[46,-17],[30,-15],[35,-11],[18,0],[13,5],[7,12],[-5,10],[39,-5],[23,10],[20,-10],[25,-6],[37,-15],[22,3],[8,10],[13,-8],[43,-17],[21,-14],[27,-11],[36,-8],[24,-9],[34,-8],[89,-28],[37,-7],[26,-25],[15,-8],[24,-20],[39,-2],[13,-5],[23,-15],[7,-17],[20,-24],[6,-18],[24,-21],[10,-2],[26,-30],[32,-20],[21,-7],[12,0],[20,12],[14,21],[34,-5],[39,-18],[32,-6],[9,9],[14,3],[23,-1],[22,6],[25,-8],[4,-13],[49,-6],[17,-10],[26,5],[11,-1],[32,-13],[25,-2],[35,-12],[14,-10],[34,-7],[31,-13],[11,-3],[11,6],[10,-2],[45,-31],[58,-39],[16,-5],[58,-34],[29,-8],[23,0],[15,4],[19,12],[6,18],[-4,10],[8,8],[16,-13],[22,2],[32,-8],[78,-37],[19,-17],[32,-4],[31,-20],[25,-11],[30,-22],[10,-2],[63,-45],[7,-17],[-1,-10],[16,-11],[15,-1],[28,-8],[22,-9],[28,-20],[15,-23],[36,-33],[22,-3],[17,-7],[4,-9],[21,-24],[13,-18],[-21,-22],[1,-14],[6,-9],[7,-30],[-8,-33],[11,-11],[14,-25],[10,-33],[25,-27],[32,-42],[7,-15],[30,-45],[23,-23],[27,-42],[22,-41],[14,-21],[5,-14],[16,-21],[10,-8],[28,-40],[60,-82],[15,-7],[4,-11],[13,-16],[18,-31],[17,-41],[14,-26],[21,-21],[34,-59],[38,-40],[17,-26],[24,-28],[14,-25],[22,-22],[18,-30],[19,-16],[16,-20],[12,-23],[21,-19],[15,-21],[4,-14],[17,-25],[11,-7],[9,-22],[12,-24],[-9,-8],[0,-34],[-4,-14],[3,-26],[-3,-14],[8,-27],[-2,-20],[8,-17],[2,-15],[9,-21],[-4,-23],[-6,-2],[-5,-25],[0,-18],[-6,-21],[-18,-7],[-3,-24],[-8,-10],[-7,-17],[-25,-22],[-11,-26],[-9,-3],[-10,-21],[-17,-11],[0,-5],[-14,-16],[-12,-20],[-60,-24],[-20,0],[-16,6],[-20,-6],[-20,-25],[-18,7],[-16,-3],[-17,-13],[-16,-24],[-16,-7],[-15,11],[-27,2],[-10,-9],[-21,-39],[-13,-6],[-21,13],[-16,-5],[-17,1],[-15,-4],[-10,-13],[-18,-1],[-29,-14],[-16,-12],[-15,-15],[-48,-22],[-18,-13],[-19,1],[-20,-11],[-42,-39],[-14,-19],[-16,-6],[-27,4],[-15,-8],[-6,-8],[-20,-14],[-9,-17],[-20,-6],[-14,-10],[-26,-23],[-17,-7],[-28,-35],[-19,-14],[-21,-22],[-14,-11],[-10,-43],[-16,-1],[-26,-12],[-36,-24],[-18,-8],[-41,18],[-4,33],[-8,6],[-26,11],[-18,3],[-27,-4],[-10,5],[-10,25],[-40,22],[-7,8],[-19,1],[-10,-10],[3,-22],[11,-10],[28,-2],[24,13],[0,-23],[-24,-6],[-14,6],[-6,-23],[-11,-2],[-17,14],[-28,11],[-33,11],[-14,0],[-3,-36],[5,-11],[-9,-27],[-29,-6],[11,-20],[30,-11],[40,10],[14,-7],[19,2],[9,9],[6,14],[34,14],[13,0],[4,22],[34,21],[20,-3],[15,7],[35,-18],[-5,-7],[-37,-20],[-17,-21],[-11,-22],[-6,-17],[-7,-54],[-5,-14],[-17,-10],[-23,-9],[-18,-19],[-12,-26],[-16,-19],[-8,-33],[0,-13],[-8,-1],[-15,-12],[-11,-13],[-7,-22],[-6,-68],[0,-38],[-7,-6],[-15,11],[-1,11],[-17,22],[-25,2],[8,9],[0,23],[-21,5],[-37,-7],[-22,-20],[-2,-9],[-12,-6],[7,-10],[19,-1],[10,12],[20,-4],[-6,-12],[-17,-2],[-24,-15],[-27,4],[-33,-3],[-25,-13],[-12,0],[-8,14],[-5,17],[-14,-4],[2,-18],[-3,-5],[12,-12],[-18,-5],[-6,-16],[23,-7],[-1,-11],[-12,-1],[-19,10],[-12,1],[-12,15],[-28,1],[-16,-3],[-19,7],[-15,-15],[-23,4],[-8,-10],[-11,-3],[-2,-18],[1,-40],[8,-15],[12,-7],[44,-6],[5,-4],[-36,-10],[-211,-59],[-282,-77],[-174,-42],[-244,-48],[-338,-76],[-278,-62],[-224,-69],[-23,-9],[-111,-31],[-338,-96],[-457,-132],[-131,-39],[-263,-34],[-146,-30],[-252,-51],[-77,-12],[-129,-27],[-269,-38],[-7,-13],[-45,-70],[-175,-274],[-136,-213],[-67,-95],[-73,-111],[-138,-212],[-210,-322],[-308,-473],[-196,-303],[-148,-231],[-214,-330],[-62,-96],[-64,-100],[-11,-8],[-16,-22],[-33,5],[-30,-13],[-26,-1],[-41,2],[-20,-2],[-32,5],[-17,7],[-24,6],[-25,10],[-16,-1],[-46,9],[-45,1],[-48,-5],[-38,2],[-37,13],[-16,2],[-33,-15],[-22,0],[-22,5],[11,12],[-7,6],[-46,6],[-25,12],[-31,-1],[-24,-13],[-34,-15],[-13,-23],[-26,-9],[-13,-8],[-19,1],[-26,-9],[-8,-9],[-21,0],[-39,-11],[-34,-3],[-38,-14],[-10,0],[-35,-9],[-53,-19],[-9,2],[-27,-5],[-68,-1],[-11,-8],[0,-12],[-29,1],[-19,-9],[-39,-31],[-9,3],[-12,28],[-9,14],[1,23],[-45,-14],[-20,-15],[-28,-15],[-25,-31],[-32,-4],[-8,-8],[-36,-20],[-47,-37],[-44,-16],[-25,-25],[-9,-26],[-20,-14],[-28,-7],[-9,-8],[3,-11],[15,-12],[29,-10],[6,-6],[4,-19],[22,-43],[3,-19],[8,-13],[19,-6],[3,-6],[-11,-12],[-44,-30],[-26,-29],[-25,-21],[-8,-11],[-17,-8],[-12,0],[-15,-11],[-16,-21],[2,-13],[-4,-43],[-7,-9],[-22,-6],[-37,-15],[-9,-27],[-7,-6],[-21,2],[-20,-11],[-3,-13],[9,-13],[24,-11],[17,-11],[1,-15],[-26,-26],[-25,2],[-35,-27],[-22,-24],[-21,-39],[-1,-10],[8,-12],[0,-10],[-56,-76],[-10,-24],[-22,-29],[-10,-31],[-12,-13],[1,-19],[-7,-9],[-16,-8],[-28,-26],[-4,-12],[-12,-19],[-16,-10],[-25,-9],[-20,-16],[-5,-18],[-11,-17],[-16,-10],[-19,-18],[-24,-3],[-68,-29],[-35,-25],[-34,-18],[-10,-11],[-13,-36],[-34,-37],[-42,23],[-11,1],[-65,-12],[-26,-1],[-26,2],[-20,-8],[-37,-11],[-12,-7],[-10,-16],[7,-18],[-1,-18],[-8,-27],[-9,-16],[-26,-32],[-23,-3],[4,-32],[-5,-10],[-12,-43],[-18,-21],[1,-26],[9,-11],[-14,-24],[-35,-30],[-21,-7],[-12,0],[-14,-10],[-3,-15],[10,-12],[3,-11],[-7,-37],[-7,-14],[-20,-22],[-16,-14],[-4,-19],[13,-35],[14,-23],[-3,-18],[-15,-14],[-3,-29],[-8,-16],[2,-26],[16,-3],[1,-9],[-20,-15],[-26,-10],[-16,-13],[-28,1],[-23,8],[-57,-3],[-22,-10],[-20,-26],[-17,-60],[-25,-12],[0,-6],[23,-21],[-3,-14],[-21,-36],[-9,-21],[-1,-11],[13,-50],[9,-22],[-2,-13],[-15,-10],[-35,-15],[-37,-20],[-17,-38],[4,-11],[-7,-17],[-8,-31],[-12,-24],[-28,-31],[1,-35],[-6,-12],[1,-10],[14,-14],[-3,-18],[-12,-15],[-12,4],[-46,-3],[-7,-6],[-1,-21],[8,-40],[-14,-18],[6,-13],[-11,-13],[-22,-10],[-13,-14],[-32,-15],[-23,-17],[-17,0],[-24,-18],[-24,-10],[-21,-19],[-22,-9],[-57,-50],[-4,-8],[-1,-49],[-6,-20],[-10,-11],[-46,-31],[-77,-38],[-59,-35],[-17,-15],[-5,-14],[-8,-74],[-11,-23],[-31,-10],[-10,-8],[-9,-22],[-25,-13],[-14,-1],[-24,3],[-2,-5],[14,-11],[18,-32],[-1,-20],[8,-8],[19,-41],[-11,-6],[0,-24],[-18,-22],[-31,-8],[-5,-17],[10,-26],[1,-11],[-20,-23],[-8,-5],[14,-41],[-2,-7],[-22,-3],[-37,-21],[-7,-9],[-9,-24],[-10,-9],[-18,-37],[-17,-19],[-29,-9],[1,-8],[-38,-8],[-27,-17],[-7,-12],[-13,8],[-38,-6],[-25,-18],[-16,1],[-5,-10],[-1,-23],[-7,-13],[-12,0],[-20,-25],[-18,-15]],[[46236,87010],[35,0],[14,-12],[23,-14],[30,-14],[20,0],[12,4],[47,-25],[51,-22],[30,-11],[16,-3],[26,-11],[23,-5],[27,-1],[45,-6],[28,-10],[23,-5],[40,-14],[39,-6],[71,-25],[60,-22],[63,-28],[85,-25],[44,-22],[40,-15],[86,-28],[36,-14],[51,-16],[55,-21],[68,-21],[22,-6],[80,-26],[48,-17],[41,-8],[17,-6],[38,-10],[67,-23],[28,-8],[32,-13],[13,-2],[127,-37],[79,-19],[37,-7],[72,-19],[60,-13],[21,-7],[98,-22],[61,-10],[138,-29],[50,-9],[77,-12],[144,-21],[42,-5],[114,-9],[32,-4],[95,-5],[73,-1],[80,2],[77,1],[96,-2],[115,1],[69,3],[73,6],[6,1],[165,24],[65,12],[46,11],[47,19],[17,13],[18,3],[8,12],[13,8],[33,12],[49,22],[68,33],[14,5],[39,30],[24,14],[37,27],[24,23],[-5,7],[13,16],[-3,25],[13,14],[1,6],[19,19],[23,17],[38,37],[7,22],[19,16],[57,54],[18,27],[3,32],[-16,34],[-8,26],[4,10],[-11,19],[-15,44],[-13,13],[-6,18],[-8,13],[-16,10],[-7,0],[-19,21],[1,17],[-13,13],[9,14],[4,28],[-10,6],[16,14],[9,13],[0,13],[8,13],[-4,12],[11,16],[2,15],[1,33],[-9,35],[-11,31],[-8,36],[-22,21],[-14,24],[-20,6],[-14,0],[9,15],[4,17],[25,23],[29,39],[0,10],[10,12],[12,38],[-3,18],[-15,5],[-16,14],[-20,-4],[1,11],[17,11],[0,15],[-7,8],[-19,-1],[-24,28],[23,2],[26,20],[8,14],[32,4],[19,9],[3,11],[19,11],[23,24],[20,32],[4,24],[-13,5],[9,19],[-6,10],[-22,-19],[-11,-1],[-3,12],[25,16],[25,2],[9,7],[15,-9],[19,5],[2,9],[21,2],[24,5],[10,17],[10,-4],[13,1],[30,22],[-14,20],[-19,-7],[-9,5],[1,16],[-31,-6],[-11,5],[-14,0],[-6,19],[22,12],[8,9],[23,9],[11,23],[13,18],[-6,18],[16,1],[2,6],[16,1],[2,12],[-18,24],[4,6],[-10,15],[6,14],[14,-8],[16,1],[-1,-14],[23,-11],[13,11],[6,11],[20,5],[14,-4],[7,7],[1,12],[17,8],[9,-12],[35,1],[3,-9],[-13,-10],[-6,-11],[8,-26],[11,-3],[20,7],[7,12],[16,3],[16,-9],[2,-6],[36,-1],[33,18],[4,15],[-14,5],[-7,19],[-20,11],[-7,-1],[-2,25],[-14,28],[-22,14],[-7,20],[1,10],[26,-3],[26,4],[14,7],[3,22],[15,11],[16,-1],[-2,19],[17,5],[3,-15],[29,-6],[-10,-20],[-16,-10],[4,-12],[18,5],[3,-5],[26,3],[-5,-15],[8,-8],[-9,-13],[1,-18],[6,-5],[30,19],[13,0],[22,12],[-15,7],[-3,17],[12,10],[-3,13],[-11,2],[12,14],[-2,11],[16,3],[20,-14],[6,2],[22,-8],[-7,-13],[12,-8],[0,-16],[14,-7],[27,-2],[1,-21],[15,-5],[17,4],[10,26],[-1,15],[-9,15],[-13,7],[4,8],[-2,16],[-10,16],[-20,12],[5,7],[-2,30],[31,8],[0,-8],[10,-6],[-1,-25],[11,-4],[25,1],[5,-13],[16,8],[1,-16],[-10,-12],[17,-8],[-2,-10],[-21,-7],[-7,-26],[-1,-15],[21,-15],[32,-4],[20,8],[21,-8],[-4,-10],[11,-8],[30,1],[20,10],[7,26],[-13,11],[7,22],[-17,13],[-3,14],[21,17],[8,31],[8,5],[38,1],[27,16],[5,-5],[-5,-17],[-9,-8],[16,-4],[5,-15],[17,-15],[-14,-8],[2,-13],[24,-2],[10,-9],[26,3],[27,16],[-3,16],[-12,14],[-15,7],[4,13],[14,18],[-1,13],[13,2],[20,13],[11,2],[25,-6],[-3,-32],[34,-14],[18,7],[13,-3],[3,10],[-9,15],[18,4],[21,0],[8,3],[26,-10],[3,-9],[19,4],[40,0],[6,-14],[15,-12],[10,5],[4,10],[15,8],[10,-6],[49,-1],[22,-3],[13,-12],[21,-9],[32,10],[19,-1],[7,5],[34,-9],[3,-7],[-10,-16],[23,-16],[15,-4],[17,4],[10,-4],[10,-12],[28,2],[-8,-12],[4,-10],[18,-10],[20,-5],[1,-12],[9,-2],[14,-15],[66,-23],[30,-8],[23,4],[28,-17],[29,-10],[42,0],[75,-35],[22,-5],[28,1],[18,-5],[43,-18],[50,-33],[35,-28],[36,-23],[54,-15],[40,-25],[17,-6],[15,0],[41,-4],[38,-10],[57,-18],[33,-10],[55,-13],[25,-3],[77,-21],[104,-21],[26,-1],[29,2],[42,6],[22,11],[8,15],[22,2],[26,12],[35,2],[48,-10],[59,-15],[58,-14],[93,-19],[39,-5],[31,1],[12,3],[19,17],[41,18],[18,-1],[137,-32],[32,-7],[46,-6],[32,-3],[32,9],[45,10],[36,-1],[83,11],[38,7],[26,1],[28,-3],[30,2],[10,6],[45,10],[47,2],[38,7],[69,-12],[33,-8],[15,2]],[[58321,50872],[13,-12],[18,-30],[-1,-8],[-13,-18],[-15,-26],[-4,-12],[1,-25],[-4,-39],[-6,-20],[2,-8],[12,-16],[13,-35],[19,-8],[14,-14],[-2,-20],[37,-45],[-1,-18],[15,-15],[11,-27],[17,-12],[14,-15],[30,-50],[33,-18],[30,-9],[7,-5],[4,-24],[-1,-19],[-7,-14],[4,-9],[15,-5],[21,-1],[29,-15],[22,-22],[8,-25],[13,-8],[26,-30],[9,-2],[25,3],[12,-2],[26,-13],[20,-16],[39,-9],[17,-27],[14,-15],[8,-2],[24,-18],[16,-66],[4,-45],[9,-17],[13,-33],[27,-21],[35,-18],[15,-17],[2,-7],[-11,-33],[-7,-14],[8,-16],[28,-7],[14,-26],[41,-53],[7,-23],[-4,-28],[8,-12],[28,-8],[37,4],[29,-7],[26,-27],[31,-39],[20,-19],[30,-20],[28,-26],[10,-16],[1,-22],[-2,-29],[4,-13],[18,-9],[6,-11],[7,-29],[25,-5],[16,-18],[13,-7],[22,-4],[13,-6],[14,-14],[26,-10],[22,-16],[11,-14],[12,-36],[17,-9],[20,14],[28,8],[17,-2],[43,-18],[5,-6],[46,-79],[21,-22],[17,-5],[20,1],[17,7],[11,0],[31,-19],[29,-2],[18,15],[13,5],[15,-3],[18,-9],[8,-10],[3,-19],[-12,-14],[-13,-6],[-41,0],[-17,-5],[-7,-10],[5,-12],[12,-11],[67,-21],[31,-16],[7,-12],[-1,-30],[5,-20],[9,-6],[18,0],[45,15],[16,3],[27,-4],[12,-13],[-3,-22],[-6,-10],[-26,-23],[-40,-15],[-12,-13],[-1,-18],[6,-8],[25,-11],[51,-7],[25,-12],[22,-8],[17,-1],[21,4],[23,-5],[20,-16],[17,-27],[1,-28],[-4,-7],[-26,-13],[-16,2],[-19,11],[-9,1],[-11,-8],[-1,-21],[16,-23],[23,-7],[15,4],[19,15],[20,2],[12,-5],[10,-13],[-9,-14],[-25,-15],[-10,-9],[-9,-21],[5,-16],[41,-13],[19,-3],[64,-4],[31,-8],[31,-14],[12,-12],[8,-35],[0,-12],[-6,-32],[6,-5],[22,3],[27,-1],[11,-4],[27,-16],[17,-17],[21,-30],[15,-17],[23,-12],[37,-4],[41,-1],[30,-13],[26,-9],[15,0],[17,8],[18,20],[4,34],[-1,20],[-8,31],[2,25],[13,15],[22,9],[44,7],[43,-3],[48,4],[28,-6],[13,-7],[41,-31],[25,-24],[30,-16],[27,15],[8,0],[31,-7],[21,-2],[16,3],[15,16],[15,7],[30,6],[27,17],[26,13],[25,4],[30,-10],[34,-6],[36,-18],[11,-12],[29,-23],[18,-10],[18,-5],[22,3],[21,5],[17,12],[11,18],[-5,28],[-30,46],[3,23],[8,12],[20,22],[20,11],[15,5],[39,7],[29,13],[13,27],[-1,20],[-5,21],[7,21],[12,9],[19,4],[24,-3],[20,-9],[10,-9],[20,-42],[12,-14],[15,-9],[51,1],[39,-3],[26,-3],[31,-10],[78,-31],[43,-24],[23,-5],[30,6],[28,-5],[39,-19],[19,-14],[31,-19],[15,5],[15,28],[12,8],[43,9],[17,9],[9,15],[-1,21],[20,18],[30,10],[20,21],[13,26],[12,16],[43,18],[27,-1],[33,-18],[27,-11],[12,-19],[5,-12],[1,-25],[-10,-25],[-9,-31],[-3,-22],[13,-22],[30,-12],[26,-4],[20,1],[33,13],[41,31],[31,35],[21,8],[43,5],[35,9],[35,5],[42,21],[31,-1],[16,9],[29,26],[30,31],[11,21],[20,18],[11,22],[-15,40],[4,8],[20,8],[20,0],[72,-15],[14,-2],[24,9],[47,42],[19,20],[13,22],[10,33],[3,37],[4,18],[11,14],[7,22],[16,9],[30,6],[34,28],[35,12],[26,-4],[67,-1],[30,-3],[19,2],[37,8],[21,2],[12,6],[21,33],[18,31],[20,17],[18,7],[59,5],[55,-15],[14,-1],[24,5],[24,-4],[46,3],[39,-7],[37,-20],[28,10],[23,-7],[15,0],[27,7],[33,3],[34,13],[2,17],[6,6],[30,8],[41,3],[21,12],[12,1],[44,-8],[35,2],[24,-1],[32,-9],[26,-13],[17,-5],[34,-1],[34,-4],[26,-7],[42,-19],[29,-8],[15,-10],[66,-25],[67,-34],[39,-24],[61,-26],[9,-17],[5,-16],[-3,-16],[-8,-10],[-15,-7],[-6,-10],[1,-13],[7,-11],[1,-17],[16,-21],[21,-16],[18,-18],[20,-13],[28,-4],[18,3],[25,12],[40,12],[64,32],[36,11],[35,1],[105,-16],[27,-2],[40,-7],[55,6],[14,5],[33,24],[31,14],[22,16],[6,13],[11,43],[13,23],[22,8],[45,1],[11,3],[19,12],[4,9],[-6,31],[4,16],[12,10],[22,8],[23,15],[11,10],[39,28],[20,19],[13,30],[16,19],[17,11],[40,10],[37,15],[22,17],[30,32],[42,36],[11,21],[7,34],[5,36],[20,32],[23,16],[30,25],[23,9],[40,12],[47,8],[44,21],[22,31],[11,12],[11,21],[43,59],[32,32],[37,25],[28,10],[24,14],[23,16],[17,8],[23,15],[24,20],[30,32],[18,55],[22,44],[14,22],[13,16],[18,11],[30,10],[48,5],[54,0],[18,-6],[48,-30],[34,-2],[22,0],[35,11],[20,-4],[29,-18],[84,-15],[34,-2],[24,0],[19,4],[17,9],[44,32],[37,19],[46,20],[36,10],[32,14],[26,14],[82,23],[29,10],[68,43],[27,12],[23,3],[80,7],[33,10],[37,19],[40,24],[42,43],[67,39],[29,10],[35,5],[19,5],[54,26],[19,22],[10,17],[26,33],[13,12],[35,46],[19,26],[7,7],[29,12],[56,16],[42,5],[26,-1],[27,5],[74,5],[69,0],[34,2],[15,3],[26,12],[23,26],[12,25],[24,23],[30,9],[58,9],[34,9],[38,22],[20,7],[68,8],[56,16],[48,12],[57,11],[101,31],[37,13],[23,12],[94,60],[37,27],[28,22],[52,52],[29,17],[24,1],[16,-6],[34,-22],[20,-4],[15,2],[35,11],[32,7],[47,7],[41,2],[29,8],[10,11],[30,18],[31,11],[32,14],[17,2],[26,-6],[13,0],[20,12],[61,78],[10,8],[22,10],[36,37],[28,14],[24,8],[8,5],[10,24],[13,11],[11,4],[22,-2],[26,-19],[21,-6],[24,5],[34,17],[32,13],[37,12],[23,15],[37,20],[40,17],[24,7],[38,3],[82,-9],[41,-1],[22,5],[47,21],[59,21],[77,52],[36,23],[35,11],[34,15],[14,10],[43,38],[24,23],[12,9],[33,29],[24,10],[51,20],[38,10],[43,7],[92,26],[16,8],[13,14],[14,30],[13,8],[49,20],[24,20],[19,8],[23,5],[35,-1],[12,8],[19,19]],[[71584,51796],[1,-427],[1,-553],[0,-8],[0,-325],[0,-337],[0,-390],[0,-252],[0,-444],[0,-503],[0,-516],[0,-350],[0,-336],[0,-283],[0,-247],[0,-284],[0,-452],[0,-415],[0,-453],[0,-519],[0,-435],[0,-267],[0,-465],[0,-496],[0,-342],[0,-323],[0,-244],[0,-340],[0,-474],[0,-458],[1,-506]],[[71587,40352],[-18,7],[-29,2],[-22,-4],[-28,-16],[-30,-26],[-44,-18],[-23,-2],[-21,2],[-43,15],[-23,21],[-29,38],[-10,10],[-14,26],[-27,27],[-27,34],[-13,7],[-17,-4],[-7,-9],[0,-26],[3,-15],[12,-34],[-2,-32],[-12,-18],[-14,-13],[-33,-22],[-26,-7],[-16,1],[-17,9],[-41,35],[-13,9],[-9,13],[-25,28],[-10,19],[-13,34],[-15,19],[-13,7],[-43,11],[-14,-13],[-6,-14],[0,-18],[-11,-21],[-15,-9],[-25,-7],[-61,7],[-14,0],[-18,-5],[-36,-27],[-18,-36],[-15,-63],[-24,-17],[-35,-6],[-50,-5],[-42,-11],[-29,2],[-15,4],[-16,17],[-4,22],[5,22],[-2,21],[-14,30],[-20,14],[-33,7],[-17,-3],[-33,-25],[-19,-22],[-14,-22],[-28,-25],[-12,-7],[-38,0],[-34,7],[-39,13],[-24,13],[-14,22],[-4,37],[1,37],[5,37],[0,21],[-4,40],[-4,12],[-18,37],[-17,24],[-10,8],[-26,12],[-14,4],[-36,0],[-48,-4],[-26,-12],[-6,-7],[-14,-42],[2,-18],[30,-56],[6,-24],[-7,-18],[-29,-53],[-13,-29],[-25,-44],[-27,-37],[-26,-29],[-13,-7],[-17,-3],[-27,3],[-12,7],[-13,15],[-1,12],[8,33],[8,43],[-3,18],[-9,33],[-24,24],[-30,11],[-14,2],[-25,-2],[-27,-7],[-42,-20],[-10,-15],[3,-22],[6,-14],[17,-24],[4,-11],[-13,-58],[-12,-39],[-11,-19],[-20,-29],[-12,-12],[-16,-6],[-45,21],[-30,22],[-18,23],[-12,11],[-29,13],[-26,21],[-18,19],[-12,8],[-36,13],[-39,6],[-29,13],[-56,34],[-42,29],[-33,29],[-25,18],[-10,11],[-3,17],[-7,6],[-18,-1],[-16,-12],[-10,-17],[1,-37],[5,-30],[12,-29],[12,-39],[3,-24],[-2,-28],[-10,-23],[-9,-9],[-16,-9],[-30,-9],[-17,0],[-28,6],[-28,19],[-27,30],[-17,40],[-6,8],[-35,12],[-99,25],[-28,4],[-33,8],[-49,2],[-13,-4],[-12,-12],[-21,-38],[-49,-54],[-25,-7],[-21,5],[-35,16],[-36,22],[-36,13],[-62,18],[-32,3],[-29,-2],[-10,-3],[-6,-12],[8,-20],[22,-20],[31,-16],[28,-32],[5,-18],[-12,-26],[-15,-13],[-38,-9],[-29,3],[-46,10],[-32,14],[-15,1],[-24,-4],[-33,1],[-28,-6],[-33,-16],[-32,-6],[-14,-6],[-26,-19],[-20,-21],[-9,-17],[-3,-21],[-6,-10],[-22,-11],[-32,-13],[-33,-5],[-39,0],[-22,3],[-50,12],[-52,2],[-13,4],[-9,11],[0,23],[3,10],[40,57],[29,29],[12,28],[5,18],[18,34],[1,33],[-4,10],[-24,24],[-30,7],[-32,2],[-40,-4],[-22,-6],[-7,-5],[-12,-28],[1,-25],[4,-30],[-1,-26],[-4,-13],[-15,-22],[-29,-30],[-27,-16],[-22,-1],[-20,6],[-14,8],[-39,26],[-19,11],[-34,25],[-28,15],[-61,37],[-11,14],[-17,29],[-12,27],[-31,49],[-14,15],[-45,38],[-17,10],[-32,23],[-41,3],[-21,-4],[-8,-6],[-10,-16],[-1,-13],[3,-26],[10,-20],[42,-56],[6,-23],[1,-21],[10,-17],[-2,-31],[-7,-28],[-16,-24],[-16,-15],[-14,-19],[-25,-56],[-16,-18],[-39,-36],[-19,-22],[-8,-3],[-32,3],[-11,5],[-11,19],[2,39],[-2,37],[25,48],[8,35],[2,44],[-6,28],[-13,24],[-21,25],[-22,13],[-28,11],[-46,11],[-66,9],[-22,1],[-44,-3],[-50,-8],[-56,-12],[-59,-9],[-13,-5],[0,-16],[6,-6],[21,-1],[30,6],[37,14],[19,4],[39,-1],[26,-10],[19,-26],[4,-23],[7,-7],[5,-19],[-6,-23],[-20,-34],[-11,-32],[-16,-21],[-15,-7],[-29,3],[-28,7],[-57,18],[-25,4],[-58,-2],[-39,-7],[-105,-25],[-61,-22],[-19,-5],[-43,-3],[-23,-10],[-70,-11],[-85,3],[-53,20],[-32,7],[-21,1],[-61,-7],[-24,0],[-24,-7],[-19,-9],[-36,-26],[-17,-16],[-41,-47],[-55,-69],[-16,6],[-16,28],[-6,24],[-14,38],[-20,30],[-11,8],[-29,12],[-28,9],[-35,7],[-58,1],[-67,-11],[-22,-11],[-24,-7],[-34,-18],[-59,-23],[-21,-5],[-27,-1],[-36,4],[-21,4],[-41,15],[-78,23],[-31,16],[-76,48],[-24,23],[-7,10],[-1,34],[-12,29],[-21,29],[-17,41],[-28,57],[-8,13],[-23,24],[-36,26],[-30,12],[-53,2],[-16,-9],[-11,-23],[-6,-42],[0,-22],[-4,-12],[-11,-19],[-13,-10],[-22,-2],[-76,12],[-48,15],[-57,23],[-35,9],[-23,2],[-45,-5],[-29,-11],[-36,-18],[-13,-12],[-11,-17],[-11,-30],[0,-33],[-11,-28],[-3,-27],[-6,-19],[-3,-21],[7,-31],[8,-19],[1,-22],[-5,-37],[2,-13],[10,-11],[43,-31],[33,-25],[21,-10],[17,-14],[8,-19],[11,-14],[3,-15],[0,-18],[-6,-20],[-11,-23],[-19,-26],[-20,-13],[-40,-13],[-29,1],[-28,7],[-37,13],[-18,9],[-74,50],[-18,15],[-30,39],[-12,32],[-21,30],[-30,20],[-10,11],[-18,47],[-13,14],[-20,11],[-32,9],[-20,0],[-36,-11],[-21,-14],[-21,-25],[-7,-17],[-2,-13],[5,-16],[33,-40],[11,-24],[-7,-48],[-45,-47],[-12,-7],[-32,-14],[-55,-17],[-25,1],[-21,4],[-28,20],[-21,32],[-11,23],[-9,28],[-9,15],[-20,15],[-27,10],[-23,4],[-53,-13],[-75,-4],[-17,-8],[-38,-22],[-29,-29],[-23,-6],[-26,-11],[-21,-13],[-63,-86],[-7,-14],[-24,-35],[-48,-54],[-68,-64],[-57,-33],[-57,-27],[-32,-1],[-35,21],[-27,21],[-50,24],[-33,13],[-14,2],[-14,-4],[-27,-20],[-13,-5],[-44,-5],[-61,3],[-72,-2],[-12,-6],[-6,-21],[3,-12],[10,-9],[28,-15],[14,-35],[-2,-24],[0,-34],[3,-21],[-3,-22],[-6,-14],[-19,-23],[-28,-19],[-36,-6],[-25,-11],[-29,-1],[-71,13],[-68,9],[-24,6],[-33,18],[-32,26],[-74,24],[-25,3],[-20,-8],[-8,-9],[-1,-12],[9,-28],[11,-46],[-6,-11],[-19,-12],[-32,-5],[-15,-8],[-13,-1],[-20,6],[-22,-1],[-43,9],[-12,5],[-22,-5],[-26,-24],[-10,-17],[-2,-18],[4,-27],[10,-8],[16,-7],[17,-3],[37,-1],[20,-8],[16,-20],[-1,-21],[-6,-17],[-18,-15],[-28,-9],[-17,0],[-40,4],[-49,-7],[-23,-8],[-22,-12],[-17,-20],[-7,-21],[2,-26],[19,-45],[19,-57],[4,-26],[1,-63],[4,-31],[-6,-23],[-12,-15],[-22,-9],[-29,-3],[-46,7],[-14,16],[-2,28],[15,53],[2,15],[-4,26],[-10,32],[-21,30],[-25,18],[-33,10],[-32,4],[-33,12],[-25,-3],[-10,-7],[-29,-33],[-34,-45],[-12,-12],[-48,-32],[-16,-22],[1,-22],[21,-57],[3,-31],[-14,-31],[-33,-18],[-19,-4],[-38,0],[-17,4],[-12,10],[-5,10],[-2,21],[7,51],[0,19],[-6,22],[-12,33],[-2,29],[-8,23],[-36,42],[-27,17],[-39,10],[-31,3],[-15,-1],[-53,-11],[-17,-7],[-31,-25],[-12,-15],[-14,-32],[-9,-13],[-25,-31],[-20,-50],[-9,-15],[-15,-19],[-25,-21],[-27,-16],[-36,-26],[-23,-15],[-23,-6],[-53,0],[-64,9],[-31,9],[-67,40],[-116,49],[-21,22],[-6,13],[-8,26],[-2,24],[-10,24],[-19,21],[-28,12],[-38,7],[-28,0],[-26,-2],[-24,-11],[-65,-38],[-49,-22],[-58,-20],[-19,-11],[-33,-29],[-26,-26],[-47,-34],[-23,-15],[-53,-9],[-25,4],[-43,-27],[-34,-5],[-12,-8],[-15,-27],[-22,-14],[-28,-1],[-18,4],[-24,14],[-16,5],[-28,-3],[-13,-7],[-32,-28],[-9,-18],[2,-22],[14,-20],[11,-26],[1,-31],[-4,-16],[-10,-15],[-24,-27],[-28,-19],[-28,-10],[-26,-1],[-37,4],[-37,-6],[-29,-21],[-27,-33],[-14,-34],[-2,-31],[3,-19],[19,-24],[18,-4],[13,3],[11,16],[24,26],[11,6],[35,0],[16,-5],[22,-31],[17,-32],[0,-20],[15,-43],[5,-5],[0,-24],[-8,-26],[-7,-12],[-37,-28],[-20,5],[-35,24],[-11,11],[-15,7],[-19,15],[-20,26],[-15,7],[-31,2],[-26,-9],[-28,-19],[-18,-26],[-7,-31],[2,-27],[12,-11],[28,-14],[13,-15],[3,-10],[-11,-18],[-7,-5],[-21,6],[-15,10],[-30,11],[-17,1],[-13,-6],[-28,1],[-15,-4],[-16,-13],[-8,-14],[-22,-18],[-37,-15],[-87,-43],[-53,-44],[-30,-23],[-13,-14],[-12,-18],[-17,-14],[-16,-6],[-14,2],[-7,29],[-8,62],[-6,22],[-18,20],[-16,9],[-15,0],[-11,-8],[-18,-31],[-11,-11],[-31,-16],[-23,0],[-18,5],[-31,-1],[-20,-11],[-10,-13],[-10,-30],[-8,-13],[-21,-12],[-33,-12],[-19,-15],[-27,-36],[-28,-29],[-25,-21],[-62,-38],[-17,-23],[-19,-9],[-18,4],[-9,19],[6,21],[-13,48],[-7,20],[-6,37],[-14,17],[-19,8],[-29,-2],[-30,-10],[-20,-10],[-27,-21],[-12,-15],[-5,-18],[5,-17],[20,-13],[51,-17],[22,-10],[18,-15],[7,-20],[-7,-18],[-15,-8],[-25,-4],[-51,8],[-28,-4],[-56,-39],[-20,-18],[-19,-10],[-24,-4],[-27,3],[-17,11],[-12,16],[0,31],[7,42],[15,35],[4,15],[-1,25],[-6,14],[-11,7],[-25,6],[-25,0],[-40,-14],[-18,-10],[-9,-27],[-12,-19],[-9,-5],[-35,-7],[-27,-9],[-24,-13],[-18,1],[-30,10],[-38,-1],[-27,7],[-9,13],[3,15],[32,29],[10,16],[-2,18],[-22,20],[-19,-3],[-25,-52],[-21,-32],[-22,-9],[-15,-2],[-39,5],[-25,0],[-24,-7],[-27,-18],[-39,-16],[-11,-3],[-23,1],[-23,-3],[-39,4],[-6,-13],[1,-15],[16,-17],[16,-9],[27,-1],[27,4],[30,8],[36,0],[11,-2],[18,-12],[18,-30],[2,-21],[0,-48],[-8,-20],[-21,-17],[-19,-1],[-13,4],[-36,31],[-20,13],[-22,10],[-36,7],[-18,1],[-24,-4],[-64,-30],[-20,-18],[-8,-10],[-70,-49],[-30,-17],[-19,1],[-16,17],[-31,21],[-29,32],[-16,27],[-27,29],[-15,8],[-21,5],[-33,-3],[-33,-11],[-8,-11],[-1,-15],[9,-13],[26,-25],[8,-18],[-7,-33],[-14,-25],[-8,-10],[-25,-18],[-34,-11],[-38,-2],[-50,-14],[-11,3],[-12,15],[-5,31],[11,22],[18,11],[26,10],[21,12],[22,35],[3,17],[-2,31],[-8,23],[-14,14],[-38,24],[-14,4],[-35,-4],[-41,-13],[-42,-12],[-6,-11],[5,-46],[1,-25],[4,-12],[-5,-33],[0,-37],[-4,-27],[-17,-20],[-21,-11],[-47,-1],[-38,12],[-20,12],[-4,24],[8,14],[34,23],[16,17],[1,21],[-7,21],[-13,11],[-25,12],[-21,5],[-69,9],[-25,5],[-21,-3],[-36,-14],[-17,-11],[-12,-19],[-2,-12],[11,-42],[0,-16],[-7,-36],[-17,-20],[-23,-8],[-32,3],[-16,8],[-13,14],[-12,29],[0,21],[11,26],[16,21],[22,20],[19,40],[-3,33],[-30,73],[-18,40],[-8,10],[-14,9],[-34,-2],[-39,-8],[-21,-11],[1,-19],[12,-35],[13,-29],[2,-18],[9,-23],[21,-39],[7,-17],[2,-16],[-7,-24],[-10,-12],[-23,-15],[-21,-4],[-27,0],[-21,12],[-6,14],[-2,59],[-9,16],[-15,18],[-11,8],[-20,6],[-18,1],[-27,-9],[-49,-19],[-47,-1],[-46,9],[-32,-5],[-18,-10],[-12,-18],[-2,-16],[6,-14],[15,-21],[5,-31],[-10,-16],[-19,-9],[-17,-4],[-31,8],[-16,16],[4,18],[20,29],[7,24],[-4,27],[-28,28],[-26,48],[-7,42],[-2,46],[-11,16],[-23,10],[-14,0],[-17,-11],[-25,-37],[-10,-9],[-19,-10],[-61,-20],[-17,-4],[-33,-19],[-38,-48],[-17,-16],[-23,-10],[-26,-3],[-32,4],[-34,11],[-12,11],[-17,38],[5,20],[31,34],[1,13],[-13,54],[-10,13],[-21,1],[-29,-32],[-39,-21],[-56,-14],[-58,-2],[-16,-6],[-42,-39],[-21,-12],[-29,-28],[-6,-21],[4,-21],[7,-11],[25,-22],[17,-6],[45,-11],[18,-9],[13,-22],[-7,-21],[-26,-26],[-26,-9],[-38,0],[-14,-3],[-24,-18],[-7,-11],[-4,-24],[10,-30],[12,-70],[23,-24],[-4,-24],[-26,-40],[-13,-11],[-33,-13],[-27,-2],[-14,4],[-16,16],[-19,26],[-18,11],[-18,4],[0,-384],[0,-255],[0,-390],[0,-442],[1,-474],[0,-510],[0,-404],[0,-364],[0,-348],[0,-269]],[[32341,31633],[-7,-12],[0,-32],[8,-14],[32,-12],[12,-16],[3,-15],[23,1],[3,-11],[16,-21],[20,-8],[-55,-34],[-7,-22],[-26,-15],[-16,-17],[-12,-8],[-22,-7],[-16,-22],[-16,-9],[-6,-9],[0,-18],[-15,-37],[-21,-19],[10,-9],[3,-15],[-8,-14],[-12,-11],[-22,-9],[-15,6],[-17,0],[-44,14],[-39,0],[-37,-13],[-10,18],[7,21],[11,6],[1,11],[-33,15],[-20,2],[-14,15],[-5,21],[-14,-5],[-7,-9],[-28,-21],[-5,-24],[9,-11],[3,-10],[-26,-16],[-12,-24],[6,-26],[21,-15],[28,-26],[2,-17],[28,-25],[-5,-12],[-9,-5],[-1,-30],[-18,-40],[-17,-23],[3,-34],[-4,-12],[-15,-13],[-31,-14],[-13,-1],[-32,-19],[-18,-8],[-21,-4],[-35,-11],[-11,-19],[-2,-16],[-12,-7],[-17,7],[-22,-2],[-9,-10],[-15,-5],[-18,-20],[-3,-12],[-8,-10],[-56,17],[-19,3],[-17,-2],[-20,10],[-18,3],[-22,-17],[-28,-5],[-37,-15],[-39,-8],[-12,-13],[-36,-24],[-6,-8],[-14,-5],[-36,-6],[-19,4],[-43,-2],[-32,-5],[-7,-10],[13,-20],[8,-21],[-4,-12],[-45,-20],[-9,-14],[-13,-7],[-3,-10],[6,-15],[-7,-4],[2,-18],[-16,-8],[-3,-7],[11,-18],[-20,-48],[10,-11],[2,-13],[-7,-17],[15,-10],[17,-19],[8,-41],[18,-26],[4,-23],[-3,-21],[-22,-23],[-9,-18],[19,-22],[1,-15],[-2,-28],[3,-14],[-7,-14],[-4,-26],[8,-17],[5,-22],[18,-24],[12,-23],[18,-11],[12,-19],[19,9],[18,-12],[11,0],[31,-17],[29,8],[6,-14],[-1,-20],[18,-12],[-1,-19],[-8,-6],[-4,-30],[15,-5],[15,1],[8,-8],[-1,-16],[10,-10],[20,-9],[13,-1],[14,8],[27,11],[9,15],[11,9],[14,5],[45,29],[-18,-43],[4,-16],[25,-32],[5,-17],[19,-18],[16,-20],[5,-22],[12,-23],[-7,-35],[-10,-14],[2,-33],[6,-21],[-9,-8],[-23,-2],[-19,2],[-22,-5],[-8,-14],[-11,-28],[-23,-18],[-12,-24],[-18,-8],[-43,2],[-29,-5],[-10,-7],[-26,-4],[-17,-11],[-27,-8],[-10,-7],[-19,-22],[-13,-21],[2,-31],[28,-26],[12,-33],[-3,-22],[-22,-7],[-25,-3],[2,-17],[-11,-12],[-12,-7],[-9,-19],[-2,-13],[-14,-11],[-13,-18],[-3,-30],[-15,-23],[-23,-6],[-39,-3],[-28,-18],[-7,-15],[-18,-14],[-15,-7],[-16,-3],[-31,-12],[-6,-14],[-20,-31],[2,-15],[-7,-25],[-7,-7],[3,-20],[16,-12],[12,-2],[15,-10],[3,-10],[-6,-33],[3,-11],[-2,-26],[-8,-23],[9,-22],[16,-27],[26,-18],[4,-14],[16,-7],[6,-8],[26,-46],[-20,-3],[-22,-14],[-46,-11],[-13,-8],[-24,-2],[-33,-7],[-17,-12],[-21,-4],[-26,4],[-24,-10],[-76,-247],[-44,-144],[-51,-178],[-59,-200],[-73,-250],[-17,-62],[24,-20],[16,-25],[28,-23],[5,-11],[35,-16],[28,-18],[24,-7],[48,-23],[46,0],[31,-8],[32,-1],[21,-5],[16,-19],[-5,-14],[13,-9],[26,4],[6,11],[1,17],[8,2],[13,-24],[14,-1],[5,-20],[22,0],[-1,-9],[10,-6],[1,-10],[-14,-15],[11,-13],[3,-10],[-16,-27],[-4,-13],[1,-24],[11,-29],[20,-14],[2,-12],[-11,-7],[-13,7],[-30,-16],[-7,-11],[-14,-6],[-27,-1],[3,-33],[5,-17],[-9,-9],[1,-9],[-8,-24],[1,-24],[8,-15],[-1,-43],[15,-37],[30,-17],[11,-9],[7,-14],[4,-19],[-30,-14],[12,-26],[26,-19],[5,-11],[4,-25],[14,-30],[1,-18],[21,-18],[50,-17],[8,-8],[6,-21],[6,-8],[5,-34],[-14,-37],[-9,-16],[-15,-14],[-9,-19],[5,-38],[17,-34],[-1,-23],[8,-6],[18,-25],[10,5],[9,12],[12,7],[14,-6],[15,-15],[14,-8],[8,-17],[-11,-28],[-9,-5],[-16,-20],[-30,-13],[2,-11],[29,-4],[10,-15],[-6,-14],[-11,-4],[0,-8],[25,-5],[10,-5],[14,-27],[-5,-8],[-18,1],[-23,7],[-8,-1],[-8,-11],[7,-21],[-5,-15],[-2,-20],[-12,-20],[-6,-2],[-22,14],[-11,-6],[-13,-18],[-6,0],[-8,23],[-15,11],[-12,-12],[4,-33],[-2,-17]],[[31051,26112],[-22,5],[-35,14],[-31,22],[-28,-3],[-16,-5],[-7,-10],[-18,-11],[-20,1],[-34,7],[-29,-2],[-14,3],[-23,20],[-31,9],[-17,7],[-18,27],[-24,11],[-19,-11],[-14,-1],[-15,10],[-31,5],[-28,-5],[-19,-10],[0,-25],[-13,-14],[-39,-14],[-10,-15],[-28,-5],[-9,-28],[-6,-7],[-26,-2],[-14,-4],[-41,-22],[-35,-2],[-21,10],[-15,1],[-24,-15],[-21,-3],[-15,3],[-26,21],[-16,0],[-17,-9],[-16,-16],[-17,2],[-8,13],[-20,6],[-20,-7],[-25,14],[-6,9],[-16,10],[-24,3],[-16,-10],[-14,-1],[-4,-16],[-15,-10],[-25,2],[-14,5],[-28,-11],[-20,8],[-21,-7],[-11,3],[-17,12],[-17,1],[-18,-6],[-18,18],[-28,-5],[-2,13],[-36,17],[-8,7],[-6,25],[-9,12],[-19,-8],[-23,6],[-1,18],[-23,7],[-16,17],[-35,2],[-20,0],[-29,9],[-28,5],[-32,0],[-21,2],[-33,17],[-17,14],[-10,-13],[-18,0],[-6,16],[-16,3],[-25,8],[-3,7],[-17,8],[-14,-5],[-7,-14],[-18,-5],[-25,2],[-14,-12],[16,-20],[12,-4],[4,-12],[-4,-15],[-14,-5],[-57,17],[-8,13],[-15,6],[10,14],[-10,16],[-17,2],[-17,23],[-64,20],[-16,-7],[-28,-27],[-44,-29],[-25,-10],[-48,0],[-30,5],[-12,12],[-20,-1],[-4,9],[-12,-7],[-11,6],[-17,2],[-36,-3],[-65,17],[-91,11],[-67,10],[-37,8],[-36,1],[-46,-5],[-71,11],[-86,-29],[-6,15],[-12,12],[-3,27],[10,-1],[5,19],[24,13],[10,1],[8,25],[10,16],[-16,35],[-1,12],[10,5],[-6,17],[17,10],[-6,16],[-16,23],[19,33],[0,14],[7,11],[-10,7],[6,15],[-16,20],[-8,17],[-1,10],[-17,10],[1,21],[11,20],[-8,11],[9,13],[2,12],[11,10],[3,17],[16,42],[15,6],[-6,20],[5,6],[-8,16],[-1,27],[2,18],[-18,14],[-2,22],[-16,25],[7,17],[11,10],[-10,36],[14,4],[18,20],[-8,16],[7,19],[9,4],[4,17],[7,4],[0,20],[19,6],[4,38],[11,11],[-10,15],[1,17],[8,4],[21,-1],[15,9],[11,20],[-3,27],[33,29],[20,3],[1,6],[23,2],[3,8],[16,5],[3,11],[-1,19],[3,25],[10,8],[-6,16],[15,13],[21,25],[-2,8],[13,19],[-7,11],[10,4],[-9,16],[2,11],[9,17],[-8,9],[0,44],[9,4],[0,16],[-5,14],[6,8],[0,19],[-13,6],[-4,16],[-8,2],[-5,29],[13,5],[-5,27],[-20,2],[-14,9],[-7,13],[-21,15],[-41,-22],[-39,-1],[-19,-16],[-20,2],[-9,5],[-44,-3],[-11,6],[-14,2],[-13,-14],[-27,2],[-30,-18],[-20,2],[-22,-5],[-9,-6],[-37,-3],[-21,-8],[-16,8],[-28,-6],[-12,0],[-53,13],[-13,9],[-18,24],[-29,4],[-4,5],[-19,6],[-30,33],[-19,5],[-7,7],[-19,8],[-3,17],[-6,6],[-26,-3],[-24,3],[-10,10],[-23,-2],[-16,24],[-3,10],[-21,27],[-25,14],[-17,1],[-6,6],[-35,16],[-9,2],[-9,10],[-18,8],[-29,-1],[-14,11],[-12,1],[-21,7],[-9,14],[-11,6],[-27,4],[-18,-1],[-11,6],[-29,10],[-42,-10],[-27,5],[-22,0],[-29,33],[-9,27],[-20,34],[3,19],[1,41],[-11,29],[-106,20],[-35,-3],[-10,7],[3,21],[10,28],[16,4],[-26,21],[35,25],[12,26],[-1,12],[15,21],[15,6],[24,33],[35,10],[15,10],[25,4],[42,28],[14,21],[10,5],[-99,6],[-4,6],[3,16],[-4,11],[14,12],[2,14],[22,13],[21,4],[11,21],[18,17],[0,20],[-13,10],[0,11],[-25,-1],[-12,14],[10,4],[-19,14],[-23,1],[-23,-10],[-6,10],[-19,12],[-8,13],[-13,6],[-5,8],[-22,5],[-16,8],[-3,20],[-16,24],[-20,-4],[-9,8],[-26,-1],[-3,8],[-14,5],[3,10],[-16,8],[-7,11],[-17,-2],[-8,14],[-31,-4],[-24,-7],[-10,-13],[-20,3],[-2,-11],[-17,-8],[-6,-10],[-18,-11],[-9,2],[-8,-11],[-15,-9],[-35,-4],[-14,-12],[-10,4],[-8,-11],[-25,15],[-5,9],[-11,-4],[-19,4],[-38,15],[-6,8],[-15,4],[-19,-10],[-39,-1],[-29,-13],[-12,-11],[-28,-5],[-5,-4],[-30,9],[-16,-1],[-30,-8],[-18,-8],[-4,-14],[-10,4],[-11,-4],[-10,5],[-10,-2],[-2,-19],[-16,-3],[-23,-24],[-5,-14],[-14,-3],[-1,-14],[-12,-10],[-26,-39],[-29,-8],[-22,-5],[-26,3],[-18,-5],[-10,-9],[-20,-4],[-24,-1],[-6,-6],[-26,-1],[-27,4],[-39,-7],[-15,-1],[-24,7],[-20,-8],[-12,1],[-30,16],[-17,5],[-11,-6],[-14,10],[-25,10],[-66,15],[-61,8],[-23,-4],[-15,6],[-32,-7],[-10,5],[-26,5],[-37,11],[-29,12],[-22,15],[-26,-14],[-28,-1],[-23,20],[-21,6],[-72,14],[-69,3],[-13,6],[-3,33],[-22,16],[-28,1],[-16,10],[-57,48],[-20,26],[-14,15],[-19,4],[-16,19],[-14,9],[-40,12],[-5,6],[-38,21],[-15,12],[-3,14],[-14,-1],[-9,10],[-15,-1],[-12,5],[-11,22],[-12,-6],[-10,3],[-11,14],[-20,7],[-10,-1],[-14,11],[-48,0],[-3,4],[-32,7],[-28,19],[-7,12],[-19,8],[-20,-2],[-23,1],[-36,9],[0,19],[-11,11],[-27,11],[-16,-10],[-18,10],[-17,4],[-9,-6],[-10,4],[-26,-8],[-23,5],[-11,15],[-12,4],[-2,8],[-18,4],[-26,18],[0,16],[-17,6],[-8,7],[-11,1],[-9,13],[3,11],[-3,19],[0,27],[-10,16],[3,9],[-5,8],[-15,4],[-11,13],[-16,-1],[-20,12],[-17,-1],[-11,12],[-19,1],[-14,-6],[-14,4],[-31,-4],[-9,4],[-8,-8],[-19,-5],[-15,-13],[-9,-3],[-17,-25],[-17,-3],[-11,-7],[-14,3],[-20,-6],[-10,6],[-20,0],[-5,8],[-19,8],[-25,16],[-31,14],[-15,-1],[-9,11],[-18,1],[-6,12],[-13,-5],[-13,1],[-6,7],[-25,3],[-26,24],[-15,3],[-14,15],[-17,-4],[-5,22],[-8,6],[-12,-2],[5,24],[12,2],[14,11],[12,-1],[2,10],[14,16],[-4,25],[-12,15],[11,12],[-21,34],[0,14],[-4,22],[6,14],[-12,10],[-14,1],[0,13],[-26,17],[-3,15],[4,15],[-11,3],[-15,26],[-11,1],[-8,14],[-9,4],[-19,-4],[-10,9],[-31,19],[-16,-4],[-9,12],[-21,7],[-14,-2],[-2,9],[-17,-3],[-6,9],[-18,5],[-7,10],[-17,10],[1,33],[-12,13],[-19,11],[-10,-4],[-14,5],[-21,-3],[-12,2],[-14,22],[-2,20],[-13,5],[-15,0],[0,18],[-17,-1],[-7,9],[-26,7],[-18,20],[-18,0],[-16,16],[-12,6],[-8,15],[-34,12],[-4,16],[31,19],[1,10],[-13,14],[-8,14],[11,8],[8,19],[16,3],[10,10],[17,-1],[13,12],[12,4],[10,13],[29,13],[20,-12],[20,1],[8,-15],[14,7],[2,24],[13,4],[-6,16],[-12,11],[-11,-3],[-11,-10],[-1,21],[23,19],[-1,10],[10,10],[-1,13],[-10,10],[-9,-3],[-2,-17],[-14,2],[-14,-5],[-14,2],[-4,9],[-14,-1],[-19,12],[-6,26],[12,0],[13,9],[-3,17],[-13,8],[-31,4],[-16,9],[-23,-28],[-7,-3],[-14,10],[-15,2],[-6,11],[14,8],[4,9],[-8,13],[9,11],[-23,5],[1,15],[-15,0],[-10,15],[-14,7],[6,14],[-22,19],[1,26],[-8,22],[-7,6],[-4,18],[-11,2],[-4,12],[-16,1],[10,12],[-7,10],[3,13],[-8,10],[18,5],[0,11],[-16,2],[-1,10],[17,0],[-7,16],[10,7],[2,26],[-4,9],[-16,7],[-15,-12],[-33,14],[11,14],[-10,8],[-1,11],[-25,6],[-18,22],[5,11],[-7,11],[7,14],[-4,7],[-21,-4],[-24,19],[-9,2],[-19,-15],[-6,21],[-18,-2],[-13,-30],[5,-23],[-26,-13],[-37,-3],[-9,-10],[4,-10],[-9,-4],[-17,1],[-1,15],[-15,9],[-45,-5],[-31,-10],[-14,9],[-2,-24],[-22,-17],[-18,15],[-13,-16],[-23,9],[-25,-9],[-15,1],[-12,-11],[-29,-10],[-3,-11],[5,-10],[-3,-13],[-13,-15],[1,-17],[-27,-1],[-11,-10],[-28,-13],[-19,-16],[-15,5],[-21,-4],[-15,2],[1,19],[-7,8],[-13,4],[-11,10],[-30,-3],[-21,3],[-20,-1],[-16,-16],[-34,-18],[6,-16],[29,-5],[18,-9],[9,-24],[-4,-16],[2,-15],[-16,-4],[-26,0],[-35,4],[-25,11],[-13,16],[-1,38],[-11,19],[-19,21],[0,9],[20,3],[0,17],[11,12],[6,17],[-7,17],[13,6],[12,-9],[14,0],[5,9],[-6,22],[15,12],[-3,8],[-16,6],[-10,21],[1,15],[-19,19],[-18,0],[-17,6],[-2,17],[-12,-1],[-18,-28],[0,-27],[-22,-10],[-11,3],[-9,8],[-14,-2],[-21,-39],[-31,6],[-25,-9],[-7,7],[-1,21],[-8,2],[-20,-7],[-10,3],[-9,16],[6,24],[-3,6],[-31,8],[-27,18],[-7,-10],[-14,-6],[-10,-9],[-13,-2],[-11,-14],[-20,-4],[-7,17],[-20,13],[-1,10],[16,17],[-2,8],[-21,7],[-17,-5],[-14,-9],[-22,-3],[-10,10],[-12,-4],[-16,-41],[-18,1],[-14,-6],[-22,-3],[-5,15],[27,25],[6,9],[-3,22],[8,15],[-4,7],[-19,-5],[-5,8],[11,43],[-7,8],[-23,-7],[-15,3],[-8,11],[7,27],[-9,10],[-33,-8],[-14,6],[-2,16],[-34,6],[-13,5],[-13,15],[-20,4],[-12,-12],[-13,-6],[-17,8],[3,10],[40,28],[1,5],[-17,24],[6,15],[-10,13],[-12,1],[-18,-8],[-10,1],[-202,-2],[-49,1],[-22,-20],[-15,-4],[-9,10],[-42,16],[-23,22],[-3,-4],[-28,0],[-8,4],[-25,-1],[-7,-5],[-46,24],[-10,17],[-18,14],[-7,17],[1,12],[-13,4],[-24,-3],[4,9],[12,9],[-32,21],[-14,-2],[-30,4],[-16,10],[-7,16],[-27,24],[-1,35],[6,13],[12,12],[-2,9],[-37,8],[-8,7],[-4,33],[-10,20],[-14,7],[2,8],[-11,26],[-14,9],[-9,12],[-2,14],[5,5],[7,22],[-15,9],[-23,0],[-22,-7],[-18,19],[-15,-6],[-14,25],[-17,-1],[-4,16],[-15,12],[-56,16],[0,-15],[-24,-9],[-10,5],[2,19],[-30,17],[-6,14],[-16,0],[-6,18],[2,19],[-6,21],[-14,4],[-7,23],[-14,14],[-1,11],[-26,17],[-13,-3],[-19,16],[-13,27],[-44,1],[-13,4],[-17,-10],[-10,9],[-19,12],[-37,30],[-19,-1],[-19,9],[-16,22],[-6,17],[-13,17],[-20,15],[-19,6],[1,11],[-17,7],[-34,-1],[-17,-16],[-14,-5],[-29,-3],[-17,3],[-14,7],[0,25],[13,18],[1,29],[-18,14],[-3,10],[-32,-1],[-9,-6],[-33,-2],[-11,5],[0,14],[-34,72],[-2,16],[-26,15],[-23,3],[-12,7],[-24,-6],[-19,8],[-11,11],[4,21],[-18,9],[3,21],[-11,19],[10,18],[17,12],[22,10],[10,12],[-14,12],[-11,1],[-16,11],[-15,-4],[6,-19],[-5,-3],[-14,-24],[-46,3],[-20,-4],[-23,0],[-9,12],[0,23],[13,15],[28,8],[28,18],[9,10],[34,9],[21,2],[24,16],[0,14],[26,22],[26,26],[15,-7],[14,7],[-1,25],[-26,-2],[-29,-17],[-31,-15],[-47,-37],[-16,1],[-47,17],[-71,14],[-30,-6],[-17,0],[-24,-11],[-15,8],[1,7],[-23,13],[-9,1],[-30,35],[-10,3],[-10,16],[-12,4],[-15,18],[-15,26],[-24,53],[-5,26],[2,22],[6,36],[25,9],[15,-4],[5,13],[-13,16],[-6,17],[-1,25],[-4,6],[-22,13],[-13,10],[-2,10],[6,29],[8,7],[12,-3],[37,-24],[17,34],[-26,18],[-28,8],[-43,2],[-14,-7],[-12,0],[-20,-8],[-36,-27],[-2,-14],[-18,-12],[-41,-2],[-12,-5],[-10,4],[-36,49],[-26,29],[-15,25],[-40,-28],[-9,2],[-47,27],[-22,9],[-40,54],[-24,33],[-42,46],[-35,28],[1,10],[-11,5],[-25,3],[-32,15],[-18,7],[-2,19],[-24,0],[-14,-9],[-37,-6],[-5,-13],[2,-15],[10,-18],[-38,14],[-30,25],[-64,71],[-31,52],[-17,36],[-9,13],[-34,27],[-4,10],[20,5],[10,7],[13,-7],[16,2],[14,16],[0,31],[-14,-3],[-4,-9],[-16,-6],[-6,18],[-11,10],[-11,3],[-9,14],[4,19],[10,16],[1,16],[22,7],[29,25],[54,30],[105,35],[16,8],[37,26],[37,36],[26,11],[5,-1],[-20,-31],[6,-10],[10,0],[25,13],[12,15],[-11,4],[-4,35],[12,32],[14,16],[41,57],[16,29],[19,26],[25,28],[35,41],[40,41],[41,33],[7,17],[22,6],[25,20],[54,38],[52,33],[39,30],[71,76],[25,30],[8,14],[14,7],[6,7],[39,40],[28,21],[27,10],[23,-9],[36,27],[11,-1],[20,8],[60,37],[48,22],[35,10],[83,22],[29,3],[9,-6],[13,0],[0,-23],[17,9],[28,8],[31,0],[26,6],[12,-4],[19,13],[15,-15],[2,-18],[-19,-12],[-15,-19],[-20,-6],[-27,1],[-10,3],[-31,-11],[-12,-8],[-12,-24],[-25,-30],[-6,-11],[-9,-6],[-1,-17],[-6,-14],[-29,-31],[-10,-20],[15,-8],[11,20],[19,13],[15,-12],[-2,21],[4,16],[27,28],[33,25],[24,2],[27,-33],[28,-3],[20,6],[1,9],[-21,17],[27,5],[29,3],[16,10],[24,9],[21,18],[5,9],[15,4],[-2,8],[-12,18],[-16,-12],[-11,5],[-2,-31],[-16,13],[-13,2],[17,14],[23,17],[42,8],[7,-19],[8,-3],[39,-7],[58,23],[46,31],[21,8],[33,4],[11,-8],[6,-11],[30,-18],[-11,-12],[-12,-6],[-9,5],[-11,-13],[-14,-9],[-11,2],[-5,-11],[-11,-8],[-2,-13],[-11,-19],[-15,6],[3,9],[-24,-3],[13,-16],[-5,-8],[-14,4],[-12,-5],[-21,5],[-1,-9],[-14,-1],[-22,5],[-6,21],[0,17],[12,13],[2,10],[-11,7],[-30,6],[-9,-23],[-6,-5],[-2,-16],[8,-8],[-2,-19],[-15,-14],[-12,-6],[-39,2],[-30,-3],[-12,-6],[-20,2],[-3,-16],[18,-22],[1,-9],[-19,-10],[2,-13],[20,9],[11,-17],[18,-10],[8,1],[25,-12],[1,14],[-41,14],[-3,16],[27,9],[11,-27],[20,-9],[22,-5],[28,-20],[13,-19],[-11,-12],[7,-8],[23,16],[9,-1],[-17,34],[-30,20],[-3,16],[18,10],[-1,6],[11,19],[12,10],[23,5],[23,-2],[11,-6],[4,-32],[-18,-3],[1,-11],[19,4],[7,7],[6,16],[20,16],[11,-11],[5,-22],[0,-18],[-6,-8],[10,-9],[11,-26],[28,-27],[28,-63],[8,-21],[-6,-2],[-28,10],[-3,-3],[31,-21],[3,-28],[-2,-11],[-13,-16],[-22,-9],[-46,-2],[-27,-3],[-17,-7],[-25,-1],[-15,3],[-21,15],[-23,2],[-13,-7],[-17,-22],[-13,-11],[15,-8],[4,10],[22,24],[10,2],[30,-18],[22,-8],[62,14],[18,-3],[16,-8],[22,-3],[17,-9],[4,-17],[20,9],[4,14],[22,15],[14,16],[11,47],[4,74],[-13,52],[0,14],[-6,21],[0,31],[9,14],[8,4],[15,-3],[14,-14],[7,-26],[9,-14],[23,-28],[22,-18],[16,0],[8,-16],[-10,-5],[15,-10],[26,19],[6,17],[-2,23],[-9,24],[10,14],[14,-2],[12,-63],[15,-23],[26,-29],[23,-17],[10,-25],[-11,-17],[-27,-15],[-17,-23],[10,-5],[19,8],[22,-3],[27,29],[4,8],[5,33],[-31,29],[-20,23],[-30,42],[-5,20],[35,23],[22,19],[55,-9],[27,-1],[48,-9],[7,-6],[15,-41],[16,-13],[-5,23],[-2,24],[1,22],[16,24],[11,12],[43,-10],[57,-4],[34,6],[50,2],[45,-1],[19,7],[40,5],[44,-1],[29,-9],[21,-17],[-14,-14],[-7,0],[-16,-31],[-2,-16],[9,-14],[-6,-17],[36,-11],[60,39],[25,3],[21,-13],[13,-15],[14,-30],[2,-20],[17,-35],[14,-32],[9,-15],[-13,-23],[-17,-11],[-58,-16],[7,-5],[63,15],[12,6],[20,19],[32,24],[7,13],[17,2],[29,15],[-5,8],[-16,-5],[-28,6],[-11,9],[3,21],[1,27],[5,20],[3,54],[3,15],[-6,12],[-17,25],[1,6],[43,22],[48,3],[8,7],[22,9],[21,13],[-12,19],[-35,0],[-8,12],[-1,26],[11,18],[-2,34],[-4,13],[-2,55],[-3,11],[31,16],[10,13],[-4,31],[9,4],[21,21],[-8,3],[7,15],[17,14],[-7,7],[-26,-2],[-8,4],[3,22],[-3,22],[-7,34],[-8,29],[0,31],[-6,22],[-21,50],[1,16],[-8,9],[-14,-11],[-18,18],[-21,-1],[-37,3],[-36,2],[-30,-5],[-45,-16],[-34,-19],[-26,-5],[-32,9],[-11,0],[1,15],[-15,16],[5,7],[-4,17],[-1,40],[5,15],[-8,28],[9,12],[-1,37],[-15,8],[3,21],[-9,19],[-1,54],[11,12],[-1,6],[11,9],[16,-1],[19,8],[-1,22],[11,6],[-4,14],[28,-8],[21,38],[-10,-3],[-16,15],[6,19],[11,17],[-25,18],[-18,17],[-10,0],[-15,10],[-2,15],[-13,11],[0,13],[-15,6],[-11,14],[-1,15],[-14,1],[-8,15],[-12,-1],[-38,6],[-22,-6],[-31,8],[3,11],[-20,0],[-10,29],[-14,20],[-10,10],[-11,-18],[-17,6],[-6,-13],[0,-17],[-7,-19],[-18,-10],[-9,-17],[-15,-11],[-19,-7],[-21,-21],[-1,-21],[4,-21],[-19,-18],[-40,10],[-20,-1],[-11,-11],[2,-8],[-36,-8],[-20,-7],[-12,4],[4,8],[-13,6],[-3,20],[-10,2],[1,20],[9,5],[-2,11],[12,9],[10,19],[3,96],[-1,25],[-4,16],[-5,50],[-8,39],[-19,67],[-1,15],[-12,22],[42,19],[5,-19],[25,-17],[37,-11],[14,4],[24,-2],[30,13],[-1,18],[-25,2],[-29,-5],[-48,1],[-22,24],[-26,12],[-23,6],[-17,0],[-14,13],[-8,24],[-16,82],[-13,52],[-10,21],[-13,20],[2,10],[-7,27],[0,21],[-4,29],[5,12],[-46,15],[-18,-8],[-17,8],[-12,24],[-12,48],[-8,43],[-19,59],[-6,28],[-3,39],[-6,25],[-8,18],[8,65],[18,19],[18,50],[21,83],[10,50],[6,15],[12,14],[15,11],[19,5],[6,14],[-12,31],[-14,15],[-5,16],[8,0],[26,-7],[29,10],[18,24],[22,46],[19,4],[15,-21],[27,-11],[20,29],[2,13],[19,11],[-2,15],[11,6],[27,41],[-9,15],[-15,37],[11,57],[7,15],[14,23],[28,25],[29,16],[53,56],[36,47],[9,8],[12,0],[12,-7],[19,13],[-1,7],[22,25],[3,19],[21,7],[-8,8],[2,24],[-20,9],[-13,-3],[-4,12],[10,25],[12,37],[3,18],[1,37],[6,51],[11,49],[20,34],[26,20],[82,82],[9,13],[28,26],[100,133],[21,32],[53,70],[40,40],[10,18],[11,5],[5,-18],[-41,-54],[12,-8],[1,-9],[28,-37],[10,0],[19,8],[17,17],[-3,24],[3,18],[7,6],[30,6],[22,41],[-21,3],[-32,-1],[-3,7],[5,45],[15,45],[8,31],[6,14],[6,33],[-6,19],[-35,5],[7,15],[19,-3],[21,4],[52,20],[30,19],[53,30],[17,8],[15,1],[9,-8],[-11,-16],[-5,-14],[11,-5],[25,15],[6,9],[24,20],[19,9],[2,-16],[-7,-28],[46,44],[-12,36],[6,36],[42,56],[42,34],[57,64],[19,5],[34,19],[16,13],[35,10],[16,-7],[22,24],[-5,14],[12,11],[25,52],[7,9],[21,11],[20,-4],[20,38],[-19,9],[-9,15],[-12,12],[23,1],[18,12],[2,13],[-12,3],[-15,13],[-1,10],[13,1],[30,-7],[44,6],[34,1],[33,10],[19,-1],[27,8],[9,12],[15,3],[17,-4],[10,-13],[12,-2],[8,6],[-19,11],[0,8],[29,4],[10,-10],[108,-3],[29,30],[31,49],[38,57],[20,21],[45,36],[23,13],[43,19],[68,32],[33,12],[34,10],[52,20],[172,15],[33,2],[22,-6],[46,-9],[39,0],[24,3],[16,-9],[10,1],[18,9],[7,-7],[28,2],[29,10],[48,24],[31,1],[17,5],[34,-2],[31,14],[24,2],[9,-7],[199,30],[20,5],[20,-3],[44,0],[80,11],[11,5],[28,6],[24,10],[17,2],[33,-1],[-2,-13],[9,-10],[13,22],[10,2],[10,16],[18,22],[32,6],[26,1],[31,-5],[23,-14],[18,-30],[2,-6],[-20,-5],[-1,-9],[11,-12],[14,-22],[30,-28],[-13,-12],[-16,-10],[10,-72],[11,0],[22,-7],[20,0],[24,-15],[10,6],[15,-1],[78,18],[47,17],[15,-2],[28,2],[30,-19],[21,-19],[22,-11],[9,-1],[12,-12],[2,-18],[10,-15],[0,-13],[14,-4],[15,-14],[12,-53],[18,-26],[30,-3],[27,8],[31,18],[10,9],[17,26],[41,44],[31,42],[28,31],[33,33],[22,7],[1,-12],[51,-18],[21,4],[9,-4],[38,27],[11,14],[18,6],[42,-5],[34,6],[4,10],[42,2],[6,5],[-2,13],[18,7],[7,-8],[15,-3],[41,15],[5,12],[12,0],[8,-8],[18,2],[11,-16],[11,-10],[9,-18],[-5,-9],[23,-4],[9,-11],[-10,-10],[7,-38],[9,-8],[13,3],[14,-14],[4,-9],[28,-4],[14,-10],[5,-10],[40,-29],[18,-5],[59,12],[2,6],[-10,24],[-1,18],[6,13],[28,14],[15,1]],[[62013,63195],[-25,-12],[-37,-15],[-12,-23],[-1,-22],[7,-14],[0,-17],[-5,-11],[-23,10],[-8,-8],[-17,11],[-19,-11],[-11,-11],[-35,-1],[-2,-10],[-18,8],[-20,17],[-15,2],[-17,-2],[-19,-10],[-22,-7],[3,28],[-6,16],[-14,9],[3,20],[9,8],[0,14],[-11,29],[-13,-1],[-9,11],[-1,16],[15,15],[-11,37],[4,12],[12,4],[11,19],[22,33],[12,6],[9,11],[-3,17],[4,16],[-9,16],[-3,24],[1,16],[-9,11],[0,11],[-34,32],[-30,42],[6,43],[-4,14],[8,8],[-3,11],[4,14],[-11,21],[-18,20],[-10,16],[-22,17],[-3,10],[-28,0],[-27,5],[-14,7],[-12,0],[-25,-15],[-29,1],[-19,-8],[-13,3],[-16,-7],[-15,-24],[-25,-12],[-29,-9],[-17,12],[-29,0],[-18,8],[-31,3],[-20,-12],[-4,-11],[-22,-9],[-25,0],[-18,8],[-28,-12],[-20,12],[-29,5],[-12,7],[-11,14],[-39,21],[-25,-5],[-23,-26],[-16,-3],[4,-37],[-17,-15],[-13,-18],[-20,-10],[-4,-13],[8,-19],[-16,-10],[-6,-24],[-9,-1],[-16,35],[-5,25],[2,24],[-8,11],[-6,17],[2,11],[-30,44],[-5,13],[3,10],[-3,23],[10,18],[-4,8],[-12,-6],[-18,1],[-16,15],[-25,-5],[-30,-4],[-33,-34],[-15,-6],[-15,3],[-16,9],[-33,12],[-24,-2],[-47,3],[-19,-3],[-8,-18],[-4,-26],[-15,-28],[-22,-16],[-28,-15],[-23,-4],[-15,-9],[-44,30],[-2,30],[-24,31],[-5,24],[-22,12],[-9,8],[-14,28],[-33,0],[-2,10],[-10,8],[-45,14],[-23,2],[-75,25],[3,32],[4,15],[-20,8],[-18,26],[-21,-1],[-33,7],[-36,-6],[-40,-1],[-11,14],[-13,2],[-29,-3],[-26,10],[-8,-8],[-13,4],[-20,32],[-9,1],[-18,-7],[-23,2],[-13,-11],[-22,4],[-32,19],[-11,-4],[-11,6],[-13,20],[-33,20],[-13,1],[-15,-5],[-33,4],[-11,6],[-31,-3],[-30,-7],[-19,7],[-14,41],[7,16],[-14,11],[-22,6],[0,29],[14,49],[10,18],[21,24],[15,37],[46,68],[15,4],[7,11],[56,35],[27,38],[23,40],[15,25],[-9,10],[0,12],[-10,20],[-34,21],[1,22],[-27,19],[10,9],[26,12],[10,17],[12,10],[16,4],[11,10],[15,6],[-5,13],[17,14],[4,22],[-11,25],[5,4],[-2,16],[4,9],[-5,14],[19,23],[-14,12],[6,14],[21,1],[-1,10],[22,12],[17,-5],[7,6],[-13,25],[5,21],[-5,3],[-31,-4],[-13,-7],[-16,1],[-17,18],[-21,10],[-14,15],[-9,1],[-14,11],[-17,3],[-5,17],[-11,26],[8,9],[-7,13],[-8,1],[-23,24],[-19,8],[-8,29],[14,29],[-7,25],[-21,20],[5,31],[-10,4],[-16,19],[-29,12],[0,22],[23,11],[13,17],[-3,20],[7,12],[46,30],[12,4],[38,2],[11,15],[34,24],[21,21],[24,9],[19,10],[38,36],[-28,17],[-15,32],[-19,13],[17,17],[7,17],[-10,28],[8,20],[2,18],[-3,28],[3,25],[-14,11],[10,10],[4,18],[19,36],[-7,9],[-1,12],[-16,13],[-38,1],[-22,-8],[-14,1],[-31,13],[6,13],[16,23],[16,25],[-2,6],[-16,4],[-23,18],[-34,21],[-71,30],[-13,15],[-17,51],[0,16],[-5,11],[1,12],[-10,4],[-38,30],[-20,27],[-30,17],[-8,18],[-3,20],[-16,5],[-7,17],[-24,17],[1,29],[-8,41],[9,27],[2,24],[8,10],[14,36],[8,6],[-2,18],[17,42],[-18,15],[-7,17],[-35,-17],[-27,19],[-16,26],[-6,16],[-10,9],[-31,8],[-29,4],[-27,16],[-28,4],[-9,26],[-14,25],[-26,5],[-10,6],[-1,15],[-16,21],[-38,15],[-32,0],[-31,10],[-10,14],[-21,10],[-32,4],[-27,0],[-34,15],[-37,27],[5,31],[0,26],[-14,26],[-19,21],[-18,13],[6,40],[-5,25],[-12,16],[3,13],[-10,51],[-2,21],[-9,33],[-3,19],[-15,53],[21,9],[11,10],[15,30],[18,12],[13,15],[4,16],[-17,26],[1,12],[-46,-2],[-13,-11],[-34,1],[-10,3],[-8,-9],[-30,7],[-23,16],[-36,6],[-22,-8],[-50,-3],[-34,13],[-21,-3],[-23,5],[-15,-5],[-16,-10],[-15,-38],[-18,-17],[-2,-6],[-28,-17],[-22,4],[-19,7],[-39,10],[-26,-2],[-34,-6],[-17,2],[-33,9],[-17,1],[-62,-9],[-15,4],[-28,22],[-24,21],[-15,9],[-54,-33],[-43,-9],[-36,-19],[-19,-2],[-22,7],[-31,26],[-26,-4],[-16,13],[-13,4],[-55,2],[-27,11],[-27,1],[-27,9],[-7,13],[-21,15],[-17,1],[-32,-14],[-19,-13],[-19,-7],[-30,-4],[-13,9],[-17,6],[-25,-4],[-26,13],[-21,19],[-35,13],[-22,1],[-29,-13],[-20,1],[-21,14],[-12,14],[-7,3],[-17,-4],[-29,-17],[-16,-1],[-9,-11],[-51,-44],[-16,-26],[-17,-44],[-18,-37],[-51,-41],[-26,-10],[-24,-15],[-3,-19],[3,-30],[7,-9],[28,-17],[9,-30],[24,-31],[8,-33],[-14,-23],[0,-14],[-12,-14],[0,-21],[-7,-22],[0,-20],[-12,-25],[-15,-13],[-30,-6],[-12,1],[-20,14],[-9,10],[-7,18],[-13,9],[-24,3],[-12,-3],[-16,4],[-9,11],[-6,18],[-10,15],[-15,7],[-20,-4],[-14,2],[-9,-10],[-23,2],[-11,-5],[-21,12],[-13,-6],[-38,-4],[-10,-13],[-15,6],[-16,-1],[-8,7],[-30,6],[-16,6],[-23,-8],[-44,-6],[-17,1],[-12,-3],[-15,3],[-36,-2],[-24,4],[-13,-3],[-10,-14],[-18,8],[-10,-7],[-11,2],[-31,11],[-7,10],[-11,-7],[-11,2],[-4,16],[3,20],[-19,9],[1,13],[-15,13],[-4,16],[-14,15],[-19,5],[-52,54],[-33,37],[-30,1],[-17,-17],[-11,0],[-24,-15],[2,-14],[6,-8],[14,-3],[2,-26],[-6,-5],[-23,3],[-26,-9],[-25,-4],[-19,1],[-21,6],[-26,15],[-47,10],[-20,-15],[-9,8],[-34,12],[-18,-1],[-22,15],[-22,-2],[-12,-11],[-25,3],[-16,4],[0,13],[-23,0],[-12,-11],[-17,15],[-16,0],[-11,-8],[-18,12],[-19,-2],[-2,16],[-32,17],[-7,9],[-12,1],[-8,8],[-43,12],[-16,0],[-3,8],[-14,-1],[-5,14],[1,14],[-10,3],[-18,-5],[-6,10],[-20,-5],[-8,10],[-14,-1],[-3,9],[-13,3],[-16,-14],[-9,9],[4,9],[-7,8],[-16,-2],[5,13],[-8,20],[12,12],[-4,22],[-27,17],[-8,16],[-27,23],[-10,-14],[-11,5],[3,26],[17,7],[-5,20],[15,7],[-5,12],[7,11],[-5,14],[-14,14],[5,13],[-16,-3],[-8,18],[-16,-3],[-20,5],[3,14],[-22,13],[-11,23],[-19,-2],[-7,11],[7,16],[-3,8],[-12,3],[-3,17],[-21,0],[-6,-7],[-13,5],[-16,15],[-9,0],[-5,17],[-26,9],[-20,-1],[-7,19],[-10,0],[-26,24],[-2,14],[13,10],[-5,12],[4,11],[15,13],[-14,11],[-15,19],[-15,2],[-13,12],[-19,6],[-16,-5],[-4,12],[-10,5],[-17,-12],[-21,2],[-7,-6],[-15,-2],[-11,13],[-17,5],[-24,-6],[-13,14],[-13,8],[-6,-6],[-17,6],[-15,12],[-5,9],[11,6],[-6,23],[-7,8],[-17,7],[-3,10],[16,11],[6,14],[-2,11],[8,17],[-8,12],[-20,-1],[-26,22],[-19,5],[-14,-5],[-14,8],[1,9],[-7,15],[-25,9],[-14,17],[-22,-2],[-8,8],[-22,4],[-23,-2],[-2,14],[-6,5],[-5,18],[5,7]],[[56200,76029],[12,4],[4,-8],[47,-10],[16,1],[25,8],[13,10],[27,14],[15,-5],[19,-1],[9,8],[15,0],[47,-15],[10,-7],[22,-3],[41,7],[20,-12],[10,-1],[17,10],[42,7],[12,-4],[13,5],[19,0],[65,-24],[13,-1],[11,-9],[36,-10],[13,-8],[20,4],[14,10],[17,1],[11,-5],[26,2],[39,-15],[16,6],[12,-1],[12,-12],[15,11],[7,-2],[2,-21],[14,1],[13,6],[17,15],[2,15],[14,11],[15,-9],[23,32],[12,12],[18,9],[23,5],[24,-3],[11,6],[15,17],[12,0],[10,7],[10,-4],[18,7],[3,12],[16,-14],[12,-2],[3,-9],[15,3],[-1,11],[13,-1],[8,-9],[37,-3],[24,-12],[13,-11],[37,8],[23,-4],[25,6],[26,3],[33,19],[2,13],[14,7],[8,12],[13,5],[30,28],[19,-3],[13,8],[-3,14],[15,4],[32,31],[-11,15],[-6,20],[8,17],[22,-4],[10,13],[12,-3],[9,12],[17,-2],[8,15],[17,-4],[13,15],[18,6],[5,26],[15,9],[-8,9],[6,10],[10,1],[46,-8],[32,23],[12,-1],[16,-11],[39,1],[14,11],[30,-14],[10,-9],[30,-2],[26,-7],[18,6],[2,23],[14,16],[4,13],[14,11],[12,15],[26,-8],[10,14],[19,7],[-4,12],[-19,10],[-4,13],[4,31],[11,26],[14,21],[18,11],[40,-27],[10,15],[38,2],[13,-10],[12,-2],[2,-9],[18,-3],[29,21],[14,-4],[11,7],[-2,12],[-11,11],[5,14],[16,2],[12,24],[12,34],[10,9],[18,8],[16,12],[11,-25],[15,-5],[13,7],[20,32],[20,8],[20,2],[25,7],[10,7],[18,0],[25,-12],[12,-17],[-8,-31],[-14,-24],[16,-14],[41,0],[18,-6],[8,-28],[-2,-25],[-13,-25],[5,-10],[21,-18],[36,-1],[15,-11],[-5,-19],[-18,-24],[-4,-18],[7,-35],[-3,-34],[-6,-6],[-35,-8],[-11,-4],[-10,-15],[13,-18],[18,0],[46,14],[18,-9],[5,-11],[14,-13],[25,-10],[31,-4],[6,-4],[6,-25],[8,-15],[14,-15],[14,-22],[4,-44],[10,-33],[8,-14],[16,-12],[17,-6],[5,-10],[-12,-17],[-13,-12],[-18,-9],[-5,-12],[1,-21],[-10,-50],[-15,-15],[-29,0],[-37,-17],[-38,-28],[-27,-9],[-7,-14],[12,-9],[30,-6],[21,-15],[35,-7],[13,-26],[3,-13],[11,-12],[20,-8],[5,-18],[16,-19],[8,-26],[10,-12],[39,-30],[24,0],[13,-6],[7,-16],[-3,-10],[-24,-21],[-1,-10],[20,-22],[56,-7],[20,-12],[3,-19],[8,-8],[16,-7],[34,12],[10,6],[18,3],[19,12],[5,23],[9,5],[23,-2],[33,12],[19,12],[56,-1],[23,8],[6,19],[6,9],[40,-3],[11,4],[7,22],[10,14],[-2,10],[-18,10],[15,25],[-2,21],[7,16],[6,33],[13,10],[21,1],[22,-4],[35,-12],[77,-1],[61,8],[20,0],[13,-5],[34,-27],[36,-18],[55,-3],[16,2],[5,8],[-2,34],[-11,33],[0,17],[5,14],[13,5],[15,-6],[22,-22],[36,-12],[23,-36],[-6,-17],[-22,-15],[-1,-13],[17,-3],[25,15],[16,1],[22,-8],[22,3],[1,-10],[-9,-13],[8,-10],[-1,-11],[-14,-25],[-1,-7],[18,-27],[12,-1],[22,14],[13,30],[8,12],[15,11],[48,0],[15,-6],[5,-10],[-5,-35],[5,-13],[19,-1],[22,15],[18,0],[7,-4],[3,-27],[-7,-3],[-29,9],[-17,1],[-17,-12],[7,-19],[19,-2],[24,12],[10,1],[17,-8],[8,-12],[0,-15],[-7,-7],[-20,-7],[-30,-1],[-11,-9],[1,-13],[7,-8],[22,0],[22,6],[12,-1],[12,-11],[7,-14],[-3,-12],[-12,-12],[108,-354],[180,-417],[90,-460],[59,-302],[106,-388],[67,-244],[82,-316],[26,-97],[7,-38],[7,-10],[23,-3],[16,-10],[23,-6],[13,-12],[24,1],[11,-8],[5,-25],[16,-12],[7,4],[-7,17],[7,13],[11,3],[21,-4],[19,-22],[-5,-10],[-29,0],[-13,-13],[12,-8],[17,5],[12,-2],[35,-10],[31,-3],[137,-132],[141,-177],[265,-241],[319,-290],[406,-371],[5,-3],[21,10],[27,-2],[33,-14],[41,-27],[9,-19],[-9,-13],[-27,-8],[-17,-11],[-1,-11],[15,-9],[30,10],[14,16],[27,-15],[3,-5],[-18,-7],[0,-8],[12,-7],[-1,-17],[7,-9],[12,5],[5,20],[15,2],[21,-10],[11,-1],[12,-17],[-15,-23],[4,-9],[30,-4],[5,-18],[-13,-13],[-21,4],[-12,-3],[1,-15],[14,-9],[2,-7],[-18,-25],[-1,-15],[22,-11],[0,-11],[-20,-2],[-2,-10],[11,-11],[6,-16],[30,-5],[8,-14],[15,-9],[19,3],[4,-6],[-5,-19],[13,-13],[-13,-9],[4,-18],[-33,-7],[6,-17],[-5,-8],[5,-24],[-12,-17],[3,-7],[-10,-8],[-3,-12],[10,-5],[-3,-10],[10,-11],[-14,-20],[24,-5],[-8,-20],[-20,-34],[-5,-25],[-2,-27],[-15,-2],[-1,-16],[11,-3],[-18,-22],[12,-2],[5,12],[20,-6],[8,-24],[7,-12],[8,-4],[17,10],[9,-6],[-37,-20],[-1,-10],[11,-11],[7,-18],[13,-6],[-13,-15],[13,-15],[0,-11],[12,-21],[9,1],[6,-20],[-12,-10],[26,-14],[4,-16],[-10,-9],[-2,-12],[15,-31],[16,-17],[21,-2],[-3,-13],[-10,0],[-17,-10],[-5,-9],[12,-8],[22,15],[8,-14],[-13,-16],[19,-7],[25,11],[-6,-25],[-12,-1],[-8,-15],[16,0],[21,-25],[4,-14],[18,-19],[-6,-5],[6,-14],[24,-27],[2,-34],[8,-12],[-2,-10],[-19,-17],[-23,-4],[-8,-13],[-12,0],[-18,-17],[2,-25],[-4,-13],[18,-8],[-8,-17],[19,-19],[-15,-11],[20,-29],[-2,-13],[10,-1],[5,-17],[-22,-12],[-7,2],[-24,-6],[-3,-17],[-27,-17],[-3,-11],[-12,-28],[9,-8],[-2,-25],[12,-30],[35,-16],[19,-2],[11,-8],[10,2],[19,-13],[22,2],[12,-24],[3,-30],[-9,-11],[4,-10],[1,-27],[12,-27],[0,-15],[6,-26],[6,-9],[1,-16],[-3,-39],[10,-17],[-5,-12],[9,-7],[-1,-13],[-23,-26],[-27,-8],[2,-19],[-7,-9],[21,-12],[2,-9],[20,-15],[7,-21],[-6,-9],[-1,-21],[-9,-24],[5,-12],[-17,-4],[-29,16],[-45,21],[-11,26],[-9,13],[-25,21],[-19,8],[-37,25],[-5,14],[-18,10],[-17,17],[-10,-3],[-22,8],[-33,-6],[-10,-11],[-19,3],[-7,-4],[-36,16],[-26,-6],[-6,3],[-32,0],[-18,-6],[-1,-21],[18,-9],[10,-23],[2,-15],[-6,-7],[-14,-3],[-8,-7],[-17,-25],[12,-15],[-18,-11],[-13,-3],[-3,-10],[13,-19],[9,-41],[-11,-13],[-17,-6],[-10,-17],[-39,-4],[-15,13],[-16,1],[-17,-4],[-22,-35],[-13,-4],[-3,-10],[17,-22],[-17,-6],[-6,-13],[17,-6],[-6,-10],[-23,5],[-13,-16],[-11,-5],[-1,-9],[8,-14],[-9,-12],[-14,8],[-24,7],[-24,-2],[-6,-10],[-17,-6],[-23,-2],[-40,-11],[-24,-11],[1,-16],[-10,-8],[-23,-5],[-19,-16],[3,-9],[-6,-12],[-27,-12],[-8,-11],[7,-10],[-13,-15],[-5,-29],[1,-17],[20,-22],[15,-3],[9,12],[2,12],[18,-3],[-1,-15],[9,-3],[5,-12],[11,-11],[-8,-8],[36,-24],[11,10],[11,5],[16,-14],[11,5],[16,-9],[6,-20],[24,-6],[7,-6],[-3,-12],[-22,-2],[1,-21],[-11,-5],[20,-16],[-3,-13],[11,-17],[16,7],[6,-16],[-12,-7],[-14,-16],[13,-4],[-8,-11],[0,-16],[6,-20],[10,-7],[16,-1],[14,-19],[-1,-13],[14,-4],[0,-10],[8,-8],[-5,-26],[7,-9],[16,-3],[-2,-13],[6,-8],[-10,-36],[-24,-6],[-5,-10],[14,-14],[2,-20],[-10,-4],[1,-15],[-14,-10],[5,-16],[-3,-6],[12,-14],[-5,-14],[22,-20],[-14,-15],[-8,-23],[-6,-6],[-6,-19],[-23,-25],[2,-12],[-4,-12],[-18,-26],[-26,-9],[-2,-10],[-26,-5],[-5,-14],[-11,-14],[-3,-18],[7,-16],[-10,-18],[11,-15],[-7,-20],[4,-20],[-8,-16],[-1,-14],[-7,-16],[3,-22],[-22,-25],[3,-12],[-5,-15],[1,-29],[13,-7],[6,-19],[-7,-33],[9,-14],[1,-18],[-7,-24],[2,-12],[-11,-27],[9,-7],[-1,-29],[3,-6],[-3,-21],[7,-6],[4,-15],[-3,-14],[-12,-15],[-1,-12],[-13,-10],[4,-20],[-8,-11],[10,-12],[-7,-13],[-6,-40],[12,-23],[1,-24],[9,-15],[-15,-16],[5,-19],[-1,-18],[-7,-19],[0,-14],[12,-9],[-13,-30],[-13,-7],[22,-35],[-15,-27],[-2,-13],[6,-16],[-3,-9],[7,-10],[11,-2],[0,-14],[10,-6],[2,-21],[9,-9],[9,-45],[7,-9],[1,-14],[11,-24],[-6,-18],[10,-7],[3,-13],[-6,-6],[4,-12],[14,-13],[21,-7],[-1,-12],[23,-22],[-2,-12],[17,-24],[-5,-17],[11,-6],[2,-30],[4,-11],[-5,-22],[1,-21],[-15,-13],[2,-16],[-4,-23],[-9,-19],[-16,-7],[-1,-14],[-10,-12],[-16,-9],[-7,0],[-18,-24],[3,-10],[-6,-12],[-14,-12],[-9,-2],[-8,-16],[4,-17],[-11,-2],[-6,-9],[9,-8],[0,-14],[-7,-7],[1,-19],[5,-6],[-10,-11],[0,-24],[-14,-5],[-10,-21],[9,-24],[9,-14],[-2,-18],[3,-9],[24,-23],[16,-5],[25,-3],[23,2],[17,-12],[12,-30],[16,-13],[1,-16],[34,-20],[11,-19],[11,-8],[13,-39],[3,-41],[18,-9],[-6,-31],[3,-12],[2,-22],[6,-13],[-4,-28],[7,-7],[-12,-18],[23,-37],[12,-23],[29,-24],[17,-24],[12,-7],[24,-5],[304,-18],[38,-6],[14,2],[9,-7],[21,-5],[17,0],[18,-7],[30,1],[29,11],[28,-8],[21,-14],[20,-10],[20,-13],[15,-6],[14,-13],[12,-6],[18,-19],[30,-12],[3,-11],[14,-4],[45,13],[32,15],[14,0],[2,17],[41,33],[25,5],[54,-5],[15,-5],[25,-1],[22,-18],[36,-10],[43,-6],[17,-5],[16,12],[8,-1],[18,-13],[33,-8],[16,-8],[9,8],[15,-4],[9,7],[16,32],[10,7],[16,6],[22,14],[21,-1],[9,-6],[25,4],[32,12],[19,10],[38,4],[36,-10],[14,-8],[19,0],[3,-18],[25,-9],[19,5],[10,-12],[17,6],[28,-17],[-3,-16],[7,-12],[41,-23],[6,-30],[23,-22],[8,-25],[10,-25],[25,-20],[10,-21],[19,-5],[7,-6],[0,-14],[24,-10],[25,-27],[19,-10],[10,-13],[14,-5],[27,-32],[-3,-11],[-11,-7],[-22,-38],[5,-22],[-9,-24],[-21,-35],[-27,-28],[-7,-17],[-18,-33],[2,-18],[9,-11],[-6,-26],[12,-6],[4,-13],[-8,-12],[6,-17],[-6,-10],[-14,-5],[-5,-12],[4,-15],[-11,-6],[0,-17],[-12,-9],[0,-8],[26,-14],[1,-19],[277,-405],[205,-303],[217,-319],[125,-184]],[[40448,50744],[17,17],[19,-3],[0,7],[33,15],[1,7],[19,-6],[15,4],[6,-6],[20,-8],[19,-1],[8,-12],[13,-10],[33,0],[13,-9],[29,-13],[8,-12],[23,-3],[27,-27],[17,-9],[27,-3],[14,-7],[20,4],[11,12],[6,13],[10,9],[26,7],[12,7],[28,-8],[4,-7],[20,-2],[3,-14],[27,7],[43,-8],[8,6],[19,-2],[16,-11],[27,-4],[5,-3],[20,3],[9,12],[9,2],[6,12],[18,2],[10,17],[20,-9],[32,-6],[29,-13],[5,-9],[26,4],[16,9],[15,2],[19,12],[15,-7],[9,3],[28,-9],[4,-8],[14,-7],[35,-2],[39,-16],[22,8],[10,8],[20,1],[8,-7],[13,5],[13,-6],[20,1],[41,-22],[16,1],[27,-16],[24,-2],[5,-5],[16,-3],[19,10],[18,0],[16,-9],[20,3],[13,-7],[-5,-10],[5,-14],[22,-7],[15,4],[16,-14],[7,-13],[19,-19],[3,-19],[23,-16],[17,-26],[20,-12],[30,1],[22,-3],[9,-10],[25,-8],[13,20],[24,6],[11,24],[32,23],[19,19],[21,0],[16,-3],[12,7],[19,2],[36,-8],[34,5],[19,7],[9,8],[0,10],[11,40],[-3,22],[33,9],[39,-5],[12,-8],[21,-5],[17,15],[37,6],[24,12],[23,34],[2,15],[22,14],[13,-6],[44,33],[17,3],[32,-2]],[[42630,50754],[22,-29],[13,-12],[-6,-16],[7,-10],[-26,-23],[-26,-16],[-8,-1],[-28,-15],[-14,-15],[-16,-5],[-6,-18],[-27,-25],[-13,-26],[-12,-5],[-10,-15],[-9,-2],[-24,-20],[-7,-15],[1,-18],[-31,-37],[-2,-16],[-5,-17],[3,-17],[-4,-22],[4,-14],[19,-10],[14,-23],[8,-20],[-6,-23],[7,-14],[2,-29],[-23,-32],[-14,-34],[-47,-15],[-17,-20],[-12,-20],[-24,10],[-25,1],[-11,-4],[-13,3],[-37,1],[-32,-8],[-32,3],[-9,-6],[-26,-4],[-37,-12],[-9,-20],[-7,-27],[-5,-10],[-22,-20],[-8,-5],[-35,-5],[-18,-5],[-4,-15],[-15,-13],[-12,-31],[-7,-11],[-24,-14],[-25,-7],[-29,-24],[-28,-17],[-17,1],[-7,-7],[-38,-12],[-22,-42],[-3,-12],[-31,-9],[-8,-9],[2,-20],[12,-33],[-3,-8],[7,-28],[-18,-16],[0,-18],[-9,-20],[-10,-12],[-2,-10],[11,-10],[12,-58],[-1,-20],[-6,-6],[-19,-3],[-50,-12],[-16,-24],[-35,-28],[-10,-25],[-23,-23],[-15,-8],[-15,-13],[-21,-7],[-13,0],[-19,-6],[-7,-12],[-34,-26],[-15,-18],[-10,-23],[-33,-11],[-15,-17],[10,-49],[-5,-17],[1,-15],[-10,-24],[-33,-30],[1,-23],[18,-15],[7,-33],[-13,-18],[4,-14],[9,-5],[-4,-27],[-11,-26],[0,-10],[-10,-22],[-1,-45],[-19,-16],[-9,-13],[-22,-24],[15,-21],[-1,-11],[-14,-45],[-19,-9],[-6,-54],[7,-23],[-11,-34],[-10,-22],[-27,-27],[9,-9],[13,-30],[12,-20],[-3,-15],[17,-12],[-27,-24],[-7,-21],[15,-33],[-7,-6],[-13,1],[-9,-7],[-9,-24],[-11,-14],[-1,-25],[-6,-16],[22,-16],[16,-6],[17,-13],[-4,-14],[-12,-14],[-15,-7],[-23,-6],[-14,-16],[-25,0],[-24,-6],[-22,4],[-22,-20],[-7,-29],[-8,-7],[-8,-28],[-37,-13],[-5,-8],[-20,-3],[-29,-17],[-34,-15],[-8,-9],[-4,-41],[-14,-30],[-13,-18],[0,-9],[10,-14],[-47,-8],[-26,-10],[-17,-16],[-3,-17],[18,-14],[14,3],[7,-6],[5,-34],[-14,-15],[-3,-29],[-11,-5],[-29,-7],[-29,-24],[-8,-22],[0,-13],[-10,-18],[-33,-16],[-26,-21],[-11,-23],[-24,-16],[-13,-12],[-22,-14],[-2,-12],[-19,-25],[1,-15],[12,-17],[-20,-14],[-3,-28],[10,-12],[-4,-14],[6,-22],[-17,-20],[-11,-3],[-7,-16],[-14,-2],[-17,3],[-17,-5],[-6,-16],[-9,-9],[-8,3],[-51,-4],[-18,-15],[-7,-13],[-2,-38],[-4,-13],[-26,-7],[-15,7],[-14,-1],[-25,12],[-16,-7],[2,-29],[7,-26],[-8,-11],[-17,-9],[-24,-4],[-9,-9],[-9,3],[-33,-18],[-6,-13],[-6,-26],[-14,-14],[1,-26],[-11,-23]],[[40187,47133],[-21,-9],[-45,4],[-33,-7],[-31,7],[-18,-1],[-16,11],[-4,18],[-15,1],[-30,19],[-4,26],[-16,-1],[-8,-8],[-42,4],[-12,14],[-13,0],[-27,13],[-45,1],[-26,9],[-15,10],[-26,3],[-10,7],[-12,-4],[-37,10],[-24,-5],[-34,-2],[-18,-5],[-4,21],[21,29],[18,20],[5,26],[-2,6],[-22,5],[-9,18],[-20,12],[-8,15],[-1,20],[11,25],[-10,22],[-2,12],[10,25],[-12,33],[-1,13],[5,12],[2,18],[15,13],[12,5],[9,15],[3,16],[7,9],[3,18],[11,25],[10,9],[10,16],[18,21],[6,26],[9,17],[15,16],[-2,26],[25,31],[-6,12],[-12,8],[0,8],[-19,25],[2,60],[5,21],[9,15],[23,21],[9,14],[3,12],[16,23],[23,21],[8,14],[1,12],[7,9],[7,23],[8,12],[20,16],[24,11],[11,11],[4,18],[12,11],[2,18],[-6,13],[15,7],[-1,12],[7,12],[6,33],[19,6],[5,21],[8,6],[6,18],[-13,13],[0,16],[-13,14],[-25,10],[2,19],[-7,2],[5,18],[-16,13],[3,18],[11,10],[-9,22],[4,15],[13,25],[10,8],[6,23],[-6,12],[0,13],[-8,14],[11,19],[2,18],[12,14],[-1,17],[-23,10],[2,14],[-34,39],[-20,17],[-14,3],[-2,19],[7,10],[-3,24],[-9,23],[-2,20],[22,17],[3,12],[-15,34],[-17,4],[-13,9],[-16,1],[-13,33],[-9,1],[-39,-15],[-13,4],[-22,19],[-13,6],[-16,2],[-26,-18],[-16,-21],[-36,6],[-11,5],[-17,16],[-22,-6],[-10,5],[-1,14],[-12,6],[-19,-4],[-8,9],[8,15],[-15,16],[-14,1],[-13,-10],[-26,-11],[-10,4],[-25,-12],[-7,6],[-19,1],[-27,-7],[-20,20],[-30,-14],[-10,4],[-6,13],[-13,2],[-6,14],[-8,0],[-13,-11],[-9,4],[-5,23],[23,3],[0,5],[-14,11],[-13,4],[2,18],[6,11],[15,1],[3,-14],[18,4],[10,17],[-10,19],[6,10],[2,22],[12,11],[15,0],[3,16],[-29,8],[-2,8],[11,7],[22,-10],[12,12],[22,0],[5,8],[14,-1],[13,12],[24,5],[28,11],[-9,6],[-16,-6],[-28,13],[-17,13],[-20,9],[0,12],[9,13],[-4,7],[-15,0],[-5,15],[11,9],[8,-5],[10,10],[24,2],[3,20],[7,29],[-5,9],[-16,-3],[-7,11],[-16,8],[-3,12],[16,2],[-1,21],[11,16],[2,23],[14,8],[-1,17],[9,30],[-6,18],[12,11],[-4,13],[2,19],[-16,2],[-3,6],[13,23],[-12,9],[-16,-2],[-11,3],[-6,10],[-14,-3],[-5,7],[12,11],[-7,15],[2,18],[7,19],[11,3],[3,11],[12,6],[23,-3],[9,31],[-34,19],[-4,8],[4,18],[12,9],[28,8],[-4,12],[11,16],[16,4],[0,19],[10,13],[4,20],[-25,-4],[2,16],[-15,3],[-18,18],[-1,10],[10,31],[30,25],[32,11],[13,12],[-9,13],[4,16],[-6,13],[-14,7],[-5,11],[-17,16],[0,13],[19,27],[27,3],[18,12],[12,17],[26,21],[-3,13],[6,8],[17,9],[2,8],[-6,21],[11,20],[20,13],[20,6],[6,9],[28,3],[15,27],[18,10],[12,18],[3,14],[11,9],[6,20],[14,13],[15,2],[8,-11],[22,-1],[24,-10],[5,-7],[27,0],[15,-14],[8,8],[35,9],[11,-2],[12,4],[35,-3],[21,5],[12,-5],[26,-2],[10,-13],[-4,-6],[4,-16],[27,11],[16,-3],[11,4],[17,-1],[23,-13],[35,7],[6,-10],[11,6],[18,-12],[13,7],[14,0],[36,6],[15,-1],[34,11],[31,2],[26,-10],[21,-4],[19,1],[13,-4],[16,8],[25,0],[18,-7],[5,5],[31,10],[15,1],[8,11],[-42,322]],[[42719,51249],[-5,-29],[-2,-42],[1,-13],[-7,-34],[-7,-19],[-10,-12],[4,-11],[-4,-11],[15,-21],[-17,-32],[8,-12],[-24,-10],[-13,-20],[0,-7],[-11,-28],[-11,-9],[-1,-10],[10,-8],[20,-37],[0,-16],[36,-29],[0,-7],[-31,-19],[-32,-34],[-8,-25]],[[40448,50744],[-16,-9],[-10,3],[-54,-8],[-14,-16],[-7,6],[-11,-8],[-17,-1],[-17,3],[-2,8],[-20,-2],[-5,8],[-16,2],[-15,-4],[-7,5],[-23,1],[-39,-10],[-9,6],[-31,1],[-26,23],[-34,-2],[-37,25],[-11,14],[-18,-2],[-3,-9],[-25,3],[-13,8],[-5,-17],[-21,-6],[-11,-7],[-6,10],[-19,8],[-38,10],[-7,13],[0,19],[-11,7],[-36,-4],[-6,8],[-11,-8],[-15,10],[-13,4],[-18,13],[-38,9],[-8,8],[-23,3],[-4,5],[-22,7],[-27,-21],[-15,-7],[-12,-22],[-28,-8],[-21,17],[-16,5],[-3,9],[-11,3],[-5,-15],[-8,-3],[-18,-14],[-2,22],[16,13],[25,14],[10,11],[14,53],[-3,17],[4,11],[-1,21],[12,13],[-3,42],[-12,13],[4,11],[-3,12],[-9,10],[0,14],[-12,7],[-19,4],[-19,-4],[-27,-19],[-28,-9],[-13,2],[-24,-4],[-2,16],[-9,4],[-11,-10],[-9,-17],[8,-20],[-21,8],[-16,-5],[2,-20],[-4,-9],[-22,-20],[-25,-10],[-22,-20],[-12,2],[-42,22],[-16,-5],[-27,-16],[-15,-16],[-24,0],[-43,17],[-9,7],[22,21],[4,7],[-15,13],[-35,-20],[-21,2],[-6,14],[11,15],[20,13],[-5,10],[-15,3],[-24,-15],[-11,0],[-10,9],[3,13],[8,13],[2,17],[-8,14],[26,0],[18,-10],[0,19],[-12,9],[-28,6],[1,22],[13,10],[31,-2],[17,10],[10,20],[-21,17],[0,16],[-18,14],[-36,-12],[-13,4],[-6,12],[5,10],[-8,6],[-27,6],[6,13],[29,8],[29,11],[19,10],[19,17],[11,-4],[14,-16],[12,-1],[19,7],[12,14],[0,46],[7,19],[14,15],[32,33],[-4,24],[-18,28],[3,12],[32,6],[-2,19],[-17,14],[-32,14],[-21,21],[-21,62],[-14,4],[-15,-11],[-7,-11],[-9,4],[-31,-20],[-13,-24],[-26,-4],[-19,6],[-5,-6],[-25,-4],[-10,-7],[-3,-13],[-14,-3],[-8,6],[-18,4],[-14,9],[-10,13],[-19,3],[-9,7],[-24,1],[-10,-11],[-12,2],[-32,-10],[-7,-7],[-30,2],[-23,6],[-14,15],[-22,13],[-15,21],[-33,22],[-7,13],[1,22],[-7,13],[12,21],[-8,11],[2,24],[4,15],[10,11],[-1,10],[6,20],[0,16],[-10,18],[-1,18],[-9,10],[-27,-3],[-8,2],[-8,16],[-39,18],[-5,14],[-20,3],[-29,13],[-7,10],[-17,9],[0,11],[-8,11],[-11,-2],[-29,20],[-8,10],[-15,1],[-30,12],[-8,29],[-14,33],[6,23],[-25,19],[0,11],[7,19],[-10,18],[6,9],[-11,7],[-25,41],[-11,25],[-15,20],[-22,17],[-1,8],[12,30],[-1,13],[-6,9],[-17,8],[-9,21],[0,30],[-27,7],[-29,30],[-45,10],[-12,24],[1,14],[-11,14],[-21,12],[-6,13],[-12,11],[-9,14],[-23,16],[-11,25],[2,23],[16,14]],[[40539,77401],[25,0],[16,-7],[30,2],[12,-18],[9,-1],[29,-12],[7,-8],[31,-3],[38,14],[31,16],[41,26],[38,28],[13,13],[15,-9],[23,1],[30,18],[23,19],[20,13],[41,40],[17,23],[15,12],[45,55],[21,28],[50,70],[35,57],[36,67],[5,15],[28,62],[18,44],[7,29],[12,23],[8,23],[18,39],[16,42],[30,93],[17,71],[10,65],[3,34],[2,48],[-1,36],[-7,56],[11,-5],[1,52],[-20,-1],[-4,25],[-22,70],[-14,32],[-26,36],[-32,25],[-17,15],[-19,10],[-15,20],[-23,62],[-27,53],[-42,61],[-21,25],[-9,-7],[-27,15],[-22,-1],[-24,-12],[-32,-5],[-10,-4],[-10,13],[-21,8],[-14,11],[-10,1],[-10,11],[-34,27],[-20,9],[-43,6],[-12,-3],[-35,-2],[-26,-6],[-17,4],[-26,-6],[-30,-3],[-30,1],[-27,5],[-29,1],[-23,-3],[-33,-11],[-17,-11],[-16,-20],[-8,6],[2,10],[12,18],[13,11],[57,30],[18,23],[10,22],[-5,19],[4,8],[21,3],[22,8],[14,9],[8,14],[-1,25],[40,15],[58,44],[48,20],[47,27],[24,18],[19,18],[12,17],[1,9],[-16,36],[-13,11],[2,16],[35,23],[55,47],[16,18],[11,23],[-2,10],[-8,6],[36,44],[5,11],[-3,25],[13,17],[13,31],[1,21],[-13,7],[-4,13],[14,32],[4,30],[9,18],[17,21],[12,37],[-7,9],[-1,15],[-32,50],[-13,6],[7,37],[-6,17],[3,9],[25,11],[12,17],[6,21],[6,8],[53,31],[2,8],[27,34],[4,14],[19,21],[1,18],[9,9],[10,41],[14,28],[-1,19],[-11,39],[-6,13],[3,12],[39,26],[31,29],[23,28],[4,15],[16,32],[1,15],[15,45],[6,37],[-2,21],[3,9],[-3,23],[-16,32],[-10,10],[-21,12],[-10,13],[5,19],[12,10],[26,11],[20,13],[13,25],[7,30],[2,33],[-2,36],[-9,33],[-2,34],[-4,20],[-17,51],[2,14],[15,4],[-6,19],[30,56],[2,16],[-3,25],[-16,41],[-6,11]],[[38152,42287],[-11,20],[-10,5],[-7,17],[24,23],[7,13],[23,12],[16,18],[15,4],[17,16],[30,12],[9,20],[-1,13],[-15,12],[1,17],[-26,10],[-23,25],[-1,10],[6,19],[-2,13],[-8,16],[-2,11],[-9,27],[14,14],[2,13],[18,10],[16,-1],[6,30],[-5,16],[25,10],[9,16],[-26,35],[-5,22],[-14,28],[-2,18],[-21,7],[-10,19],[-31,16],[-14,3],[1,8],[15,28],[12,16],[-13,12],[-4,12],[6,11],[-10,31],[-41,13],[-5,8],[5,17],[17,12],[51,29],[25,21],[-4,13],[-11,11],[3,10],[15,17],[19,14],[30,10],[22,-6],[33,26],[16,44],[-9,20],[-27,-7],[-9,1],[-11,13],[-20,-1],[-11,3],[-7,17],[0,21],[4,43],[8,19],[18,26],[-5,39],[-15,29],[3,21],[-1,30],[18,10],[10,27],[-2,21],[4,23],[18,2],[35,-2],[5,16],[-4,16],[15,15],[2,12],[-6,19],[30,38],[0,16],[6,21],[-10,8],[-8,18],[-20,17],[9,17],[-1,9],[24,16],[24,29],[13,12],[7,22],[10,14],[38,24],[11,11],[25,14],[15,19],[-4,20],[-8,24],[28,21],[7,9],[2,28],[9,13],[15,33],[25,20],[6,11],[12,7],[9,15],[-2,15],[18,10],[-30,53],[-6,35],[5,6],[22,5],[-5,10],[6,25],[-2,16],[6,15],[-18,16],[-5,17],[-29,16],[4,11],[-7,33],[-8,11],[1,11],[-10,8],[27,8],[15,10],[9,17],[-5,6],[12,33],[-11,18],[-13,16],[-1,9],[-22,26],[-2,10],[6,11],[15,2],[14,15],[24,-5],[10,-7],[7,9],[21,0],[16,10],[4,21],[-4,33],[11,26],[13,-1],[18,20],[13,3],[17,10],[5,7],[15,1],[10,-10],[26,3],[28,34],[7,18],[16,6],[2,17],[-16,6],[-7,9],[0,13],[-7,21],[-17,1],[1,19],[-16,16],[-9,16],[0,10],[13,20],[1,7],[-11,25],[9,7],[5,18],[8,5],[10,15],[17,3],[25,-3],[11,9],[14,4],[9,36],[-7,24],[12,13],[29,8],[5,21],[11,7],[26,-1],[12,7],[7,17],[17,3],[36,-6],[14,10],[5,20],[11,12],[6,19],[7,8],[-2,45],[29,22],[0,33],[6,9],[4,17],[13,10],[12,28],[-1,9],[18,13],[18,9],[0,36],[-15,20],[2,9],[26,7],[13,12],[24,10],[19,21],[-11,10],[-4,18],[3,16],[9,2],[29,-1],[23,4],[18,19],[62,39],[9,11],[7,21],[15,23],[18,14],[3,38],[7,23],[13,10],[25,1],[8,11],[22,8],[-1,10],[-22,20],[-20,15],[-10,12],[6,34],[-11,30],[11,26],[10,17],[11,9],[16,7],[22,14],[9,15],[52,45],[14,32],[10,15],[31,23],[10,1],[12,-6],[0,-26],[13,-3],[51,8],[10,22],[-3,10],[5,12],[11,10],[22,27],[15,1],[1,10],[17,29],[5,15],[9,9],[3,25],[-14,11],[10,34],[16,23],[1,15],[-4,20],[15,8],[6,11],[33,19],[20,26],[6,20],[15,18],[-6,10],[3,12],[-10,12],[12,16],[-10,10],[2,23],[-22,12],[-5,7],[16,38],[-9,12],[5,19],[-2,22],[25,17],[51,1],[17,-26],[28,-1],[25,24],[5,20],[-3,20],[19,28],[7,6],[27,7],[25,14],[17,21],[17,9],[25,29],[10,29],[21,1],[19,17],[5,16],[18,22],[11,2],[11,8],[6,23],[-13,9],[-11,16],[-17,4],[-23,15],[-34,44],[2,28],[-2,7]],[[28464,42248],[-16,20],[-26,13],[-9,17],[24,28],[4,9],[29,-1],[-4,11],[-22,5],[-31,0],[-32,12],[-42,-8],[-10,4],[-55,-9],[-18,-7],[-71,-35],[-10,-14],[-8,-3],[-42,12],[-10,26],[10,24],[27,23],[25,29],[80,99],[51,52],[67,71],[36,39],[42,55],[34,37],[19,11],[12,2],[15,-10],[23,11],[0,19],[17,26],[1,23],[10,14],[24,6],[69,36],[28,18],[84,67],[16,16],[47,42],[59,57],[26,13],[25,7],[22,-2],[9,-11],[-8,-19],[1,-15],[32,-36],[16,8],[-8,18],[8,20],[15,14],[29,40],[-14,10],[12,53],[39,48],[24,21],[32,19],[20,18],[47,69],[43,65],[14,26],[17,44],[19,29],[28,28],[16,10],[4,-6],[-7,-20],[-2,-33],[6,-10],[3,-24],[-4,-16],[-9,-6],[-4,-38],[2,-14],[18,-34],[33,-20],[6,-2],[16,18],[21,19],[27,16],[11,-4],[13,10],[61,28],[6,7],[-17,26],[-21,22],[2,29],[4,10],[1,33],[-8,6],[-19,4],[-27,15],[-11,3],[-11,18],[-20,6],[-5,9],[-20,9],[-12,0],[-17,8],[-6,7],[-30,13],[-35,30],[-8,9],[1,16],[11,26],[16,22],[40,39],[44,36],[31,19],[35,36],[51,45],[23,16],[11,18],[10,27],[-6,20],[3,11],[31,26],[59,64],[22,21],[43,50],[22,31],[27,31],[46,35],[23,5],[-8,-17],[8,-21],[16,-6],[23,5],[30,11],[44,8],[16,-4],[38,16],[33,11],[25,2],[26,7],[51,24],[49,11],[14,-4],[-7,-15],[-12,-8],[-7,-13],[15,-7],[49,21],[13,10],[33,37],[27,26],[1,8],[14,9],[11,13],[18,11],[20,3],[9,29],[13,8],[34,-12],[11,0],[27,28],[5,14],[6,44],[0,31],[11,48],[9,13],[17,5],[8,16],[-16,30],[3,38],[4,4],[33,9],[21,-8],[27,-24],[56,-18],[18,-9],[16,28],[-14,21],[0,31],[-3,27],[-5,58],[8,35],[-1,27],[-20,4],[-10,13],[-10,23],[-21,6],[-22,0],[-6,-4],[-13,-21],[-10,-9],[-14,-5],[-5,-23],[-10,-6],[-15,2],[-6,12],[2,32],[-7,43],[-17,55],[-4,38],[-16,26],[-8,19],[8,18],[-9,30],[-7,55],[0,46],[4,14],[10,11],[26,8],[14,-5],[1,-11],[14,-9],[15,-1],[49,1],[23,9],[25,3],[8,6],[14,20],[13,13],[-9,33],[-25,29],[-7,11],[-5,43],[-22,71],[-16,44],[-15,35],[-8,25],[21,19],[7,-14],[35,-23],[31,-9],[23,1],[14,7],[15,0],[43,-14],[31,1],[1,11],[15,7],[-3,20],[10,2],[22,-3],[31,-23],[21,-4],[14,10],[4,10],[-2,25],[4,6],[26,20],[13,6],[55,3],[17,13],[17,29],[1,10],[-2,29],[-5,11],[27,24],[14,19],[3,27],[7,8],[30,7],[21,3],[15,14],[19,5],[15,8],[7,8],[22,8],[25,2],[8,-3],[50,-1],[10,-4],[9,8],[3,24],[33,-7],[11,-8],[25,7],[36,31],[11,5],[1,24],[6,21],[-24,0],[-13,5],[-16,-17],[-19,-2],[-12,14],[-24,7],[-8,13],[-22,9],[-5,9],[-14,9],[-2,12],[-16,6],[-16,32],[14,4],[-9,45],[-36,15],[-5,6],[-55,-26],[-6,-5],[11,-12],[7,-22],[1,-30],[-9,-49],[-21,-25],[-21,-12],[-42,-9],[-13,-1],[-31,18],[-19,6],[-39,-3],[-29,-24],[-39,9],[-62,-50],[-25,-16],[-14,-4],[-10,-13],[-24,-8],[-7,-6],[-16,1],[-17,-14],[-31,-3],[-8,-6],[-17,-32],[-15,-4],[0,12],[-7,7],[-11,-2],[-39,-20],[9,-17],[-18,-28],[3,-4],[-14,-21],[-9,-4],[-20,0],[-24,11],[-22,18],[-22,12],[-37,6],[-21,-6],[-6,-13],[0,-15],[-27,-2],[-17,8],[-61,7],[-4,-6],[-18,3],[-8,-10],[9,-14],[-14,-8],[-15,2],[-24,21],[-19,3],[-8,6],[-36,-6],[-10,1],[-17,-7],[-24,-28],[-17,-1],[-2,12],[-13,1],[-9,7],[-11,-3],[-3,15],[-21,8],[0,-15],[-7,-7],[-30,10],[-23,21],[-5,14],[-17,-11],[-13,6],[-5,11],[-18,-14],[-24,9],[-17,14],[-16,27],[2,11],[-32,8],[6,9],[-9,15],[-10,4],[-13,18],[-15,3],[-14,9],[-28,4],[-15,35],[9,41],[34,7],[10,-11],[15,13],[14,5],[1,9],[-13,3],[2,12],[20,17],[17,34],[12,5],[0,23],[-32,19],[-31,10],[-16,9],[-16,-11],[-28,7],[-43,40],[-6,-13],[-14,-4],[-21,-15],[-25,9],[4,10],[-13,17],[4,18],[16,1],[1,39],[-9,18],[-3,16],[16,-4],[9,-7],[14,10],[6,20],[17,12],[3,16],[-11,8],[-2,16],[-9,30],[-10,10],[0,12],[-11,19],[26,7],[5,17],[24,-1],[2,10],[15,-1],[34,18],[23,-4],[8,8],[-15,17],[34,24],[13,21],[14,16],[4,13],[-5,15],[18,1],[12,12],[9,-20],[1,-20],[17,-1],[-2,23],[6,3],[-6,18],[27,7],[-1,-11],[15,-20],[7,18],[-3,19],[12,4],[-8,10],[17,6],[29,0],[27,-8],[-4,-11],[25,6],[9,-9],[14,-5],[1,-10],[23,-4],[35,4],[4,11],[12,6],[-22,27],[19,6],[19,-2],[16,-18],[10,15],[-10,1],[-3,12],[14,5],[14,11],[29,1],[8,-10],[18,8],[-8,11],[14,12],[25,-8],[11,28],[10,-4],[14,25],[14,4],[5,11],[30,11],[17,-3],[5,16],[-3,9],[19,12],[-4,6],[-20,-6],[-23,1],[30,22],[14,8],[11,19],[14,17],[26,11],[9,14],[-16,4],[-5,17],[23,7],[-18,11],[7,6],[19,-2],[6,9],[-17,6],[16,16],[-7,4],[2,13],[17,12],[-2,17],[-15,17],[-13,5],[-23,-5],[-16,4],[-26,-4],[-12,1],[-8,12],[-5,18],[-13,3],[-22,-3],[-33,-1],[-26,-8],[-17,-3],[-2,23],[-9,21],[20,12],[5,8],[-1,15],[-9,14],[-12,11],[-4,10],[-12,13],[-34,9],[-22,2],[-13,-2],[-15,-14],[-3,-27],[-14,-25],[-16,-1],[-36,-17],[-12,-9],[-9,-14],[-16,-11],[-5,-9],[-18,22],[-16,14],[-4,41],[9,19],[-17,-3],[-3,-8],[-16,-11],[-6,-10],[-10,-3],[-39,-53],[-8,-19],[-11,-6],[-14,-16],[1,-14],[-11,-8],[-47,-11],[0,-9],[-9,-8],[-7,12],[-24,5],[7,-16],[-10,-18],[-24,-14],[-16,4],[5,10],[-13,6],[-7,-10],[1,-12],[-14,-25],[8,-31],[-9,-9],[-34,2],[-3,-17],[17,-11],[-8,-30],[-13,1],[-16,-10],[-6,-22],[-9,-12],[27,-7],[3,-16],[-18,-9],[-22,7],[1,-14],[-10,-16],[-1,-22],[23,-15],[-16,-27],[-12,-5],[15,-10],[-4,-9],[-11,-7],[-2,-8],[-14,-22],[14,-20],[-2,-19],[-21,-6],[-17,6],[-3,13],[-14,6],[-17,-20],[-1,-18],[-17,-22],[-4,-24],[-8,-12],[-7,-28],[-7,-8],[-9,-32],[-14,-23],[0,-19],[-6,-8],[1,-15],[-7,-2],[-5,-17],[-38,-20],[-19,0],[-11,-11],[-11,-1],[-21,16],[-22,31],[0,16],[-6,17],[-31,59],[-16,20],[-17,18],[-13,9],[-20,28],[-18,18],[-28,34],[-16,-3],[-20,13],[-31,24],[-39,35],[-48,35],[-40,23],[-71,44],[-45,37],[-12,24],[-14,17],[-11,26],[-3,23],[-15,19],[-50,52]],[[30348,46847],[-18,-3],[-3,11],[12,6],[9,-14]],[[30413,46871],[5,-8],[-14,-8],[-1,-14],[-11,-10],[-12,8],[24,31],[9,1]],[[30357,46871],[14,-2],[-7,-18],[-7,-2],[-10,18],[10,4]],[[30388,46876],[-7,-22],[-12,-2],[8,24],[11,0]],[[30424,46889],[-12,-16],[-5,6],[17,10]],[[30193,46883],[-14,5],[8,12],[9,-5],[-3,-12]],[[30281,46925],[2,-14],[-12,-1],[0,-11],[-26,-17],[6,18],[-16,-3],[-7,-18],[-8,-1],[-4,19],[-20,4],[-6,18],[2,13],[25,-12],[0,13],[14,-5],[14,4],[8,-11],[14,15],[14,-11]],[[30253,47030],[-8,-9],[-10,3],[10,13],[8,-7]],[[30197,47050],[6,1],[14,-19],[-1,-9],[-10,-6],[-28,4],[19,29]],[[30116,47044],[-3,-19],[-12,-9],[1,-16],[-22,1],[-6,13],[13,13],[13,2],[1,15],[15,0]],[[30132,47062],[16,-3],[1,-13],[-19,4],[2,12]],[[30236,47062],[11,12],[10,-8],[2,-15],[-4,-8],[-19,-1],[-9,-10],[-13,6],[-1,16],[23,19],[0,-11]],[[30156,47089],[11,-18],[15,-7],[-18,-6],[-10,6],[-6,25],[8,0]],[[30275,47114],[6,-15],[-5,-8],[-19,4],[8,28],[10,-9]],[[30213,47158],[21,-4],[8,-8],[-4,-10],[6,-11],[1,-14],[-6,-11],[-13,7],[-17,-10],[3,-16],[-26,-2],[-18,9],[2,13],[-4,21],[8,29],[5,10],[11,1],[23,-4]],[[65734,63781],[29,-7],[12,-12],[27,-11],[7,0],[50,13],[17,0],[42,23],[1,12],[40,14],[14,-8],[15,-1],[22,3],[16,10],[12,1],[26,-10],[16,20],[31,-2],[9,8],[16,4],[38,-12],[37,-7],[13,14],[21,2],[13,6],[22,0],[22,-12],[13,4],[43,30],[11,0],[18,11],[7,-1],[14,-12],[9,-2],[33,6],[21,2],[28,-5],[11,6],[11,12],[29,5],[23,21],[14,21],[-3,17],[-15,19],[-7,21],[-4,30],[3,18],[7,5],[25,5],[21,-3],[8,3],[5,12],[9,9],[18,7],[44,7],[20,-1],[19,-4],[31,0],[51,6],[39,7],[50,0],[48,7],[48,-3],[91,0],[22,-3],[15,-5],[18,-15],[18,-19],[9,-3],[42,-3],[32,-6],[36,-13],[12,-32],[0,-33],[1,-35],[8,-10],[36,-8],[28,-3],[18,4],[33,20],[24,1],[19,5],[48,-4],[27,5],[17,0],[24,-8],[50,-11],[14,-9],[34,8],[22,12],[40,41],[10,37],[28,12],[26,6],[40,-5],[24,-6],[40,-39],[37,-10],[18,-2],[29,4],[40,2],[14,3],[25,14],[35,6],[7,6],[17,34],[28,2],[13,-5],[12,-13],[3,-25],[-6,-26],[-20,-35],[-19,-8],[-15,-15],[-3,-20],[15,-34],[-1,-26],[6,-7],[20,-6],[18,2],[18,11],[33,32],[15,10],[40,13],[29,2],[22,-8],[33,0],[45,16],[42,20],[18,6],[41,1],[36,-15],[50,-25],[27,-26],[23,-10],[34,7],[21,42],[9,14],[27,20],[21,-1],[24,-11],[12,-14],[15,-36],[18,-26],[7,-23],[39,-10],[30,9],[44,41],[4,9],[-3,22],[-22,26],[3,18],[16,21],[13,7],[16,3],[17,-4],[21,-13],[8,-16],[-1,-43],[7,-20],[-1,-10],[-12,-25],[-2,-12],[6,-20],[9,-15],[16,-6],[31,2],[8,21],[-4,16],[-1,51],[4,10],[17,4],[57,-22],[21,5],[17,38],[8,12],[22,17],[26,11],[15,-1],[36,-15],[35,-4],[73,9],[23,-1],[37,-5],[16,-8],[22,-22],[28,-52],[20,-20],[22,-10],[21,-4],[35,2],[35,11],[24,10],[55,-2],[29,-4],[38,-8],[43,-1],[37,8],[50,8],[21,8],[35,6],[24,7],[64,30],[20,3],[12,-3],[56,-24],[22,0],[29,8],[31,12],[30,18],[17,5],[19,0],[14,-11],[12,-44],[14,-18],[19,-3],[19,4],[24,-3],[36,-35],[20,-5],[10,3],[14,15],[12,28],[15,24],[21,14],[15,5],[26,-6],[42,-28],[38,-14],[25,1],[17,8],[14,16],[14,8],[16,1],[19,-7],[15,-19],[19,-8],[26,10],[34,0],[42,19],[69,14],[30,1],[10,-2],[40,5],[27,-2],[21,9],[13,23],[15,3],[21,-5],[19,0],[33,4],[23,-4],[16,-14],[21,-40],[-1,-11],[-10,-18],[2,-17],[23,-20],[30,-4],[34,10],[26,-4],[25,-18],[8,-15],[-6,-8],[-20,-1],[-16,-10],[-12,0],[-21,25],[-9,-4],[23,-31],[0,-21],[-12,-7],[-3,-12],[6,-15],[9,-5],[36,-3],[69,-10],[16,-8],[18,-16],[34,6],[23,-2],[19,-13],[16,-6],[12,1],[18,11],[13,0],[20,-13],[13,-1],[22,12],[8,0],[40,-11],[95,9],[29,-7],[30,-19],[49,-19],[22,-1],[50,19],[50,8],[31,13],[33,5],[15,6],[15,16],[12,26],[33,21],[3,23],[8,13],[25,-6],[14,2],[12,8],[12,17],[0,32],[11,21],[27,16],[22,5],[25,1],[25,-6],[61,0],[37,-11],[19,-10],[20,1],[10,32],[27,14],[17,4],[47,5],[22,12],[7,9],[0,17],[-34,14],[-9,12],[0,39],[-12,21],[1,11],[45,30],[23,8],[12,-1],[9,-38],[8,-12],[18,-13],[17,-2],[20,8],[14,15],[32,45],[17,34],[9,8],[40,17],[27,6],[59,-2],[19,-3],[11,-6],[7,-20],[8,-9],[25,-14],[26,-4],[42,8],[18,0],[20,6],[3,9],[-25,11],[1,14],[9,11],[35,23],[-1,8],[-18,6],[-25,-16],[-30,5],[-7,13],[11,24],[19,9],[15,-3],[5,-9],[16,-6],[27,3],[21,16],[27,4],[11,-4],[16,-22],[19,-1],[19,2],[15,-7],[6,-11],[16,-5],[16,33],[5,20],[26,-4],[36,5],[38,13],[45,7],[35,-2],[27,3],[17,-9],[17,-19],[23,-10],[11,0],[13,8],[14,13],[13,31],[11,18],[23,3],[14,8],[-3,17],[6,10],[12,9],[25,1],[56,-32],[26,-4],[26,-12],[24,-2],[34,2],[47,10],[17,8],[61,10],[32,0],[43,-7],[46,8],[20,14],[17,28],[19,15],[19,1],[11,-4],[17,-29],[12,-34],[27,-26],[33,-16],[44,-6],[17,-5],[19,-15],[44,-4],[31,-6],[16,-7],[14,-15],[1,-23],[7,-10],[10,-2],[26,8],[23,2],[23,-7],[37,7],[21,-14],[22,-3],[32,-1],[14,-5],[18,-14],[14,-1],[15,5],[53,9],[27,8],[38,3],[13,6],[-10,18],[0,7],[14,14],[13,2],[41,-8],[13,9],[10,17],[12,7],[23,0],[28,-17],[17,-2],[19,11],[11,-1],[9,-19],[9,-4],[19,0],[15,-7],[12,-19],[19,-9],[5,-8],[10,-36],[17,-6],[10,-11],[0,-9],[16,-12],[-1,-6],[-19,-19],[-16,4],[-6,-12],[9,-17],[11,-3],[20,11],[14,3],[9,-10],[-6,-9],[-15,-8],[-15,-1],[-5,-15],[17,-2],[28,2],[14,9],[12,-2],[10,-29],[9,-5],[19,-1],[25,-17],[13,-5],[20,-20],[15,-1],[3,-12],[-6,-10],[-20,-11],[3,-8],[22,-6],[12,-8],[3,-24],[12,-5],[15,-12],[8,-13],[3,-13],[10,-3],[40,5],[20,-6],[-2,15],[16,5],[49,-15],[54,-26],[15,-3],[40,-3],[5,13],[8,3],[21,-6],[18,5],[6,29],[7,12],[13,8],[20,-5],[14,-16],[-2,-9],[-23,-5],[-2,-12],[25,1],[20,-7],[29,2],[18,25],[17,-2],[1,-28],[10,-4],[1,31],[39,1],[8,-33],[19,-18],[-8,-24],[22,-12],[8,-12],[0,-15],[28,-19],[16,-15],[14,0],[24,9],[10,15],[18,-3],[8,3],[7,16],[12,-1],[20,-18],[8,-12],[13,-6],[35,13],[21,9],[24,-1],[15,-14],[18,-12],[46,3],[12,-5],[0,-46],[23,-11],[13,-18],[19,3],[12,-9],[-7,-13],[-1,-17],[12,-25],[15,-4],[24,10],[18,-4],[1,-13],[-16,-2],[5,-14],[25,7],[11,-4],[1,-12],[27,-31],[15,-2],[13,3],[18,-1],[19,-16],[16,-7],[24,3],[13,-7],[15,-24],[14,-5],[30,4],[37,3],[20,9],[26,-3],[27,2],[29,-14],[23,-4],[42,15],[14,20],[11,5],[14,-4],[17,-13],[11,-3],[26,18],[18,3],[30,-1],[66,33],[22,26],[25,12],[-7,14],[9,17],[36,4],[16,11],[19,2],[57,19],[10,7],[0,24],[15,6],[15,16],[23,-1],[29,7],[21,-3],[11,-5],[17,4],[13,14],[15,4],[13,-14],[9,0],[35,19],[8,-2],[20,-14],[9,1],[19,12],[28,-9],[15,1],[4,9],[13,3],[35,-16],[9,-1],[18,11],[25,-1],[40,13],[24,1],[11,8],[38,13],[24,-9],[5,-21],[20,-1],[13,-13],[26,2],[13,-9],[10,-1],[39,18],[16,4],[16,-1],[32,3],[115,-114],[321,-343],[179,-192],[275,-293],[388,-415],[219,-234],[253,-270],[290,-310],[363,-388],[286,-306],[240,-257],[216,-231],[223,-238],[205,-219],[288,-309],[346,-370],[276,-294],[144,-155]],[[82660,58661],[-34,-16],[-13,-9],[-10,-20],[-24,-33],[-26,-29],[-43,-34],[-14,-7],[-30,-10],[-35,-13],[-43,-20],[-30,-7],[-28,-11],[-51,-12],[-22,-11],[-23,-17],[-42,-16],[-29,-18],[-24,-11],[-24,-8],[-23,-11],[-39,-13],[-56,-7],[-30,-14],[-25,-15],[-39,-9],[-32,-2],[-27,8],[-16,-2],[-65,4],[-58,-4],[-89,-16],[-20,-8],[-51,-3],[-59,-9],[-69,-10],[-75,0],[-59,3],[-38,-1],[-123,18],[-72,-7],[-94,-1],[-49,7],[-98,34],[-55,3],[-42,-11],[-87,3],[-45,-10],[-36,0],[-42,12],[-38,15],[-45,13],[-51,12],[-70,34],[-25,2],[-89,-9],[-45,-9],[-77,-29],[-34,-11],[-58,-26],[-44,-14]],[[79926,58276],[-6,-1],[-52,0],[-94,-2],[-65,6],[-33,10],[-93,38],[-33,22],[-36,32],[-12,15],[-9,31],[-17,16],[-8,13],[-1,30],[4,28],[12,17],[12,27],[4,30],[-16,15],[-61,37],[-36,11],[-19,2],[-37,18],[-18,12],[-22,11],[-13,10],[-25,67],[-23,35],[-26,26],[-31,16],[-34,6],[-38,-2],[-15,-7],[-24,-21],[-16,-9],[-28,-6],[-17,-8],[-27,1],[-27,5],[-23,10],[-12,20],[2,19],[5,8],[1,26],[14,22],[9,30],[-6,22],[-15,11],[-18,7],[-26,1],[-14,-10],[-7,-15],[-9,-42],[-15,-17],[-26,-12],[-30,2],[-20,9],[-29,19],[-41,9],[-28,11],[-25,19],[-10,4],[-26,-1],[-16,-9],[-24,-22],[-13,-5],[-27,-1],[-36,3],[-47,18],[-24,18],[-5,7],[-2,21],[3,13],[23,21],[35,9],[43,4],[18,5],[22,11],[10,12],[3,19],[-16,16],[-41,2],[-45,-11],[-29,0],[-18,7],[-9,9],[-6,19],[-1,57],[3,28],[-3,19],[-16,13],[-39,16],[-18,3],[-41,16],[-42,39],[-15,8],[-35,35],[-18,11],[-16,-2],[-39,0],[-30,-6],[-33,1],[-21,19],[-14,29],[0,38],[-2,31],[-4,26],[-8,21],[-20,19],[-68,32],[-18,0],[-22,-5],[-13,-7],[-27,-4],[-11,2],[-16,14],[-20,24],[-2,7],[-10,54],[2,16],[19,8],[9,8],[-2,18],[-19,15],[-58,7],[-8,-4],[-11,-14],[-2,-23],[-13,-33],[-23,-24],[-17,-10],[-17,-2],[-24,5],[-32,17],[-43,45],[-17,16],[-20,11],[-17,-1],[-19,-21],[-23,-18],[-26,-4],[-39,11],[-15,9],[-20,7],[-22,1],[-13,-7],[-5,-12],[-12,-7],[-10,3],[-31,20],[-8,-1],[-12,-25],[-9,-7],[-19,-1],[-19,9],[-13,1],[-55,-6],[-26,-13],[-25,-8],[-11,-7],[-11,-26],[-10,-12],[-31,-8],[-12,3],[-42,31],[-36,14],[-30,16],[-18,2],[-13,-8],[-11,-20],[-19,-14],[-22,7],[-39,43],[-19,5],[-7,-6],[11,-26],[-5,-10],[-19,-4],[-35,2],[-23,-4],[-8,3],[10,22],[0,12],[-4,16],[-29,15],[-12,9],[-15,5],[-28,2],[-25,-2],[-20,12],[-60,-4],[-35,4],[-39,18],[-14,11],[-24,10],[-23,-5],[-19,-16],[-21,3],[-25,16],[-10,-1],[-16,-11],[-14,-20],[-28,-20],[-17,-3],[-29,2],[-50,-9],[-14,0],[-40,13],[-17,-3],[-21,-9],[-33,-3],[-30,4],[-20,-2],[-11,-15],[4,-11],[25,-19],[3,-8],[-5,-14],[-16,-9],[-21,-6],[-29,-13],[-11,0],[-16,6],[-46,-13],[-38,-25],[-34,-14],[-33,-7],[-38,2],[-28,0],[-21,-10],[-7,-17],[1,-26],[-24,-32],[-18,-10],[-18,-2],[-26,8],[-36,-6],[-17,0],[-25,-11],[-21,-15],[-26,-14],[-16,-12],[-11,-14],[-23,-17],[-17,-3],[-44,-12],[-28,-9],[-16,18],[-3,31],[-8,13],[-14,15],[-22,10],[-22,0],[-26,-15],[-12,-17],[-12,-9],[-24,1],[-9,15],[-3,25],[-12,6],[-25,-4],[-31,-25],[-17,-9],[-23,0],[-20,12],[-3,34],[-18,10],[-10,0],[-14,-17],[-13,-37],[-16,-10],[-14,0],[-28,14],[-31,6],[-14,-8],[-8,-21],[-16,-2],[-10,3],[-16,13],[-22,3],[-22,-11],[-16,-18],[-12,-8],[-15,0],[-9,7],[-24,1],[-7,-6],[-16,-25],[-21,-12],[-14,11],[-14,26],[-18,10],[-23,-1],[-32,-13],[-15,-11],[-26,-4],[-17,-5],[-44,-2],[-41,-16],[-27,-2],[-28,-15],[-19,-16],[-16,-2],[-19,4],[-9,20],[-29,17],[-17,0],[-19,-7],[-35,-18],[-36,-9],[-21,7],[-16,10],[-21,5],[-19,-3],[-16,-8],[-12,-21],[-20,-14],[-19,-4],[-12,3],[-17,12],[-4,7],[-1,27],[-4,12],[-22,3],[-23,-10],[-41,-8],[-31,16],[-18,18],[-13,5],[-33,2],[-30,-11],[-11,-9],[-13,-1],[-15,4],[-14,11],[-5,19],[16,42],[-15,15],[-27,-1],[-25,-10],[-20,4],[-5,27],[-7,9],[-18,11],[-62,13],[-29,-3],[-37,-16],[-9,-16],[-14,-7],[-20,18],[-14,16],[-23,3],[-19,-4],[-13,-21],[-13,-7],[-20,-17],[-20,-27],[-21,-3],[-28,9],[-25,-5],[-23,-13],[-19,-4],[-32,8],[-20,8],[-22,3],[-22,-5],[-12,-13],[-2,-22],[6,-14],[2,-32],[-15,-12],[-25,-4],[-18,9],[-11,15],[-10,19],[-15,12],[-12,3],[-30,-15],[-39,1],[-38,34],[-12,1],[-23,-5],[-15,-11],[-22,-8],[-13,3],[-54,18],[-41,-5],[-35,-11],[-20,-10],[-13,-15],[-23,-12],[-33,3],[-24,7],[-28,19],[-30,24],[-33,5],[-35,-6],[-14,0],[-26,5],[-24,0],[-23,-11],[-14,-18],[-42,-11],[-31,8],[-26,21],[-16,8],[-10,14],[4,9],[-33,30],[-33,27],[-14,8],[-25,19],[-10,3],[-15,-5],[-31,0],[-12,3],[-23,15],[-23,22],[-14,9],[-22,18],[-15,4],[-8,-7],[3,-14],[15,-14],[6,-16],[-12,-15],[-28,-6],[-16,5],[-12,8],[-25,1],[-32,3],[-51,-11],[-26,7],[-49,49],[-26,-5],[-17,9],[-21,8],[-19,14],[-37,45],[-26,12],[-10,0],[-17,-8],[-38,-38],[-31,-26],[-31,-10],[-19,0],[-16,4],[-6,35],[-9,16],[-19,3],[-20,-5],[-14,-10],[-4,-14],[4,-25],[-3,-11],[-13,-14],[-18,-6],[-32,11],[-19,12],[-12,4],[-38,3],[-40,-13],[-35,0],[-10,8],[6,21],[-2,14],[-9,8],[-18,7],[-18,-2],[-57,17],[-20,14],[-30,17],[-16,4],[-18,-16],[-22,-5],[-28,23],[-23,12],[-36,4],[-24,9],[-10,8],[-16,28],[-26,18],[-20,9],[-15,3],[-15,-2],[-16,-8],[-13,-15],[9,-13],[30,-6],[20,-10],[4,-12],[-21,-16],[-12,-4],[-41,-3],[-26,-14],[-10,-9],[-15,-33],[3,-9],[15,-24],[-2,-17],[-15,-5],[-10,3],[-25,18],[-16,9],[-31,7],[-24,11],[-25,18],[-12,29],[-12,8],[-50,22],[-18,-2],[-9,-8],[1,-28],[-11,-8],[-2,-30],[2,-49],[-12,-11],[-13,0],[-8,16],[8,21],[-7,24],[-10,9],[-14,5],[-41,4],[-69,-14],[-26,-10],[-20,-12],[-14,-14],[-20,-32],[-23,-23],[-33,-17],[-13,0],[-86,21],[-11,-4],[-5,-15],[15,-29],[1,-16],[-4,-9],[-11,-3],[-37,2],[-29,-4],[-8,-10],[-2,-16],[3,-24],[-9,-19],[-15,-9],[-17,-5],[-32,7],[-60,-9],[-14,3],[-12,9],[-21,24],[-17,0],[-15,-18],[0,-16],[-4,-18],[-12,-3],[-15,6],[-9,11],[3,20],[10,27],[-3,22],[-5,5],[-16,5],[-29,-4],[-32,-21],[-16,-6],[-23,4],[-41,26],[-47,8],[-21,0],[-19,-4],[-7,-17],[-2,-15],[13,-34],[-1,-16],[-7,-15],[-26,-2],[-28,8],[-21,18],[0,11],[-22,19],[-3,15],[-18,15],[-16,1],[-24,20],[-18,9],[-18,3],[-20,-5],[-2,-19],[23,-23],[27,-20],[22,-23],[7,-28],[3,-22],[-4,-17],[-10,-20],[-11,-6],[-22,2],[-42,28],[-18,16],[-19,5],[-14,-6],[-11,-15],[0,-22],[-6,-17],[-5,-4],[-30,-4],[-31,7],[-40,-18],[-15,-22],[-34,-15],[-24,-6],[-24,18],[-7,20],[-4,33],[-15,13],[-10,2],[-25,-12],[-8,-12],[-4,-40],[-10,-31],[-42,-12],[-8,6],[-12,20],[-4,19],[-27,14],[-26,5],[-22,12],[-18,23],[-18,11],[-12,19],[3,8],[-6,14],[-8,6],[-17,1],[-13,-7],[-5,-13],[27,-29],[10,-17],[0,-10],[-10,-9],[-27,-4],[-23,5],[-14,7],[-19,3],[-31,-2],[-10,-12],[0,-27],[16,-23],[0,-13],[-23,-12],[-27,3],[-22,18],[-8,37],[-17,22],[-24,7],[-17,-4],[-19,-9],[-9,-15],[2,-15],[31,-33],[7,-26],[-4,-12],[-14,-7],[-21,2],[-25,14],[-15,16],[-26,22],[-22,30],[-9,20],[-20,13],[-19,4],[-59,-9],[-24,-10],[-15,0],[-15,7],[-5,20],[11,15],[8,23],[-4,19],[-22,18],[-36,11],[-12,1],[-12,-12],[-23,-12],[-35,-1],[-19,23],[-21,1],[-9,-8],[16,-16],[0,-11],[-28,0],[-13,-7],[-6,-15],[-13,-16],[7,-22],[-1,-25],[-25,-16],[-7,-19],[-15,-2],[-19,4],[-1,-15],[-6,-9],[-15,5],[-13,-1],[-24,-11],[-28,-25],[-28,-9],[-15,-1],[-23,8],[-35,3],[-22,-9],[-56,-1],[-36,10],[-45,9],[-37,-8],[-44,4],[-65,-4],[-45,6],[-29,-1],[-40,-11],[-47,-1],[-52,10],[-59,0],[-10,2],[-47,1],[-28,-4],[-22,0],[-21,-6],[-21,-12],[-37,-4],[-34,3],[-21,-1],[-38,-8],[-35,-5],[-45,4],[-31,-3],[-29,-12],[-22,-20],[-25,-16],[-27,-22],[-14,-15],[-23,-10],[-42,-23],[-17,-7],[-46,-16],[-58,-11],[-53,-6],[-41,1],[-35,2],[-92,1],[-36,4],[-64,21],[-45,16],[-73,18],[-92,-2],[-28,-5],[-40,-13],[-39,-18],[-148,-84],[-65,-46],[-39,-23],[-43,-37],[-26,-5],[-31,-15],[-19,-6],[-24,-3],[-24,-7],[-26,-10],[-38,-5],[-19,6],[-43,3],[-28,-4],[-36,-18],[-22,-7],[-25,-6],[-27,-8],[-19,-1],[-44,-11],[-19,-28],[-16,-6],[-35,-36],[-9,-6],[-19,-27],[-13,-8],[-13,-13],[-24,-8],[-37,-32],[-9,-18],[-29,-17],[-8,-12],[-18,-3],[-28,-10],[-23,-12],[-26,-18],[-33,-3],[-14,2],[-31,-8],[-21,2],[-9,7],[-20,-4],[-21,12],[-29,4],[-5,5],[-24,5],[-21,13],[-16,1],[-33,23],[-30,9],[-33,19],[-20,2],[-11,19],[-29,11],[-10,0],[-12,11],[-15,22],[-9,-2],[-16,15],[-21,3],[-27,14],[-10,-3],[-21,5],[-15,10],[-28,8],[-38,-1],[-36,6],[-13,5],[-36,21],[-8,10],[-15,6],[-32,1],[-31,22],[-20,5],[-15,-1],[-26,19],[-17,2],[-7,9],[-12,-2],[-18,3],[-46,32],[-31,19],[-9,18],[-23,12],[-6,24],[9,20],[-7,7],[0,17],[-7,11],[10,12],[-14,24],[-12,11],[-23,12],[-18,4],[-10,9],[2,36],[21,19],[12,0],[10,10],[1,10],[-20,27],[-14,42],[6,14],[-2,13],[13,21],[-14,18],[-20,7],[-12,7],[-3,8],[-22,6],[-28,3],[-7,-6],[-17,3],[-12,-2],[-14,6],[-27,5],[-18,-1],[-31,8],[-4,8],[-40,3],[-4,11],[16,20],[-22,21],[-21,10],[-36,-3],[-28,4],[-34,30],[3,9],[-4,41],[-23,35],[5,13],[-32,29],[-2,17],[-15,7],[-20,22],[-9,3],[-22,31],[-4,37],[-9,9],[3,24],[8,4],[-4,23],[14,9],[8,21],[-6,21],[-16,10],[0,12],[-10,46],[-7,8],[-2,20],[-8,7],[9,21],[20,20],[25,11],[10,13],[26,5],[8,9],[-4,10],[7,24],[-5,24],[11,6],[14,21],[13,1],[3,28],[35,20],[17,6]],[[79926,58276],[-27,-26],[-19,-22],[-9,-26],[-1,-27],[-7,-50],[-7,-38],[-8,-20],[-3,-32],[-7,-20],[-13,-18],[-23,-43],[-15,-14],[-58,-41],[-19,-7],[-32,-6],[-22,-1],[-15,4],[-19,-8],[-11,-10],[-17,-34],[-20,-28],[-15,-40],[-19,-21],[-30,-21],[-20,-27],[-5,-14],[-1,-28],[-7,-17],[-29,-26],[-15,-9],[-36,-15],[-26,-20],[-22,-14],[-17,-21],[-14,-32],[-10,-27],[-15,-34],[0,-64],[-7,-24],[-9,-14],[-12,-9],[-77,-30],[-51,-18],[-49,-6],[-20,-9],[-18,-12],[-9,-12],[-8,-18],[-2,-20],[1,-31],[7,-32],[-3,-18],[3,-16],[8,-18],[3,-20],[-6,-18],[-22,-26],[-30,-40],[-26,-39],[-29,-33],[-8,-6],[-13,-18],[-32,-36],[-34,-32],[-32,-26],[-47,-49],[-23,-28],[-17,-4],[-44,-26],[-17,-6],[-26,-20],[-21,-27],[-29,-10],[-21,-2],[-20,-9],[-23,-15],[-7,-28],[-4,-42],[-8,-23],[-6,-51],[-18,-31],[-11,-23],[-39,-50],[-28,-15],[-38,-13],[-12,-19],[0,-10],[-15,-19],[-28,-2],[-22,-9],[-18,-23],[-6,-13],[-20,-13],[-35,-30],[-31,-42],[-23,-24],[-50,-54],[-41,-72],[-15,-41],[-12,-5],[-28,-2],[-13,-4],[-4,-13],[-32,-42],[-23,-15],[-61,-45],[-35,-20],[-52,-31],[-13,-5],[-31,-6],[-27,5],[-24,12],[-25,9],[-20,1],[-20,-11],[-36,-9],[-14,-6],[-10,1],[-24,19],[-12,3],[-23,0],[-37,-15],[-21,-12],[-11,-11],[-7,-13],[-23,-31],[-25,-21],[-15,-10],[-45,-15],[-24,-2],[-31,-8],[-29,-22],[-30,-12],[-18,1],[-37,-11],[-25,-10],[-24,-13],[-26,-6],[-15,-8],[-26,-6],[-21,8],[-28,6],[-19,10],[-23,9],[-41,10],[-95,35],[-29,1],[-37,-6],[-24,-11],[-25,-2],[-28,11],[-54,-2],[-60,-6],[-24,8],[-21,17],[-26,16],[-58,28],[-16,4],[-19,-5],[-14,-9],[-16,-23],[-43,-32],[-19,-11],[-11,-16],[-33,-12],[-35,-29],[-29,-15],[-30,-5],[-40,-1],[-20,-8],[-61,-40],[-36,-30],[-8,-17],[-2,-45],[-3,-3],[-31,2],[-20,-4],[-12,-10],[-30,-9],[-39,1],[-35,-1],[-13,-10],[-11,-15],[-16,-7],[-16,-11],[-38,-19],[-15,-11],[-26,-12],[-20,-28],[-39,-19],[-45,-6],[-41,-19],[-25,-22],[-25,-3],[-18,-7],[-27,-21],[-25,-34],[-9,-16],[-12,-12],[-1,-13],[-20,-25],[-28,-2],[-48,-12],[-38,-6],[-23,-7],[-47,-29],[-10,-13],[-51,-34],[-44,-35],[-17,-7],[-22,-4],[-13,-8],[-16,-20],[-33,-17],[-5,-33],[-12,-4],[-16,5],[-44,-20],[-32,-33],[-15,-1],[-11,12],[-11,0],[-22,-18],[-24,-1],[-22,-4],[-19,-12],[-14,-24],[-16,-17],[-16,-25],[-13,-13],[-35,-25],[-18,-23],[-32,-24],[-22,-12],[-101,-60],[-40,-21],[-8,-11],[-10,-26],[-24,0],[-40,5],[-27,-1],[-13,-7],[-44,-29],[-23,-20],[-15,-17],[-12,-22],[1,-35],[2,-17],[11,-20],[4,-23],[7,-21],[10,-17],[12,-36],[6,-48],[-1,-20],[-6,-16],[-11,-14],[-33,-35],[-25,-20],[-14,-26],[-21,-27],[-4,-17],[-18,-26],[-22,-17],[-17,-5],[-23,-17],[-23,-21],[-24,-12],[-13,-10],[-22,-11],[-27,-5],[-14,-6],[-12,-11],[-13,-23],[-12,-8],[-15,-3],[-28,-26],[-22,-15],[-49,-21],[-13,-9],[-27,-31],[-61,-46],[-31,-33],[-42,-25],[-35,-18],[-34,-16],[-58,-32],[-19,-13],[-17,-8],[-66,-38],[-33,-16],[-12,-22],[-15,-14],[-7,-14],[-13,9],[-17,-5],[-17,-14],[-19,5],[-8,-9],[2,-16],[-12,-8],[-25,-34],[-15,-10],[-14,-23],[-33,-21],[-23,-18],[-22,-28],[-48,-31],[-33,-16],[-19,-21],[-16,-8],[-17,0],[-39,22],[-25,5],[-12,-1],[-23,-14],[-34,-10],[-38,3],[-54,-18],[-37,-1],[-16,3],[-44,-6],[-15,-5],[-24,-16],[-23,-5],[-50,-25],[-79,-34],[-52,-45],[-11,-24],[-15,-14],[-2,-52],[-5,-21],[-8,-11],[-33,-24],[-13,-15],[-15,-10],[-24,-10],[-16,-18],[-10,-3],[-14,-14],[0,-13],[11,-21],[21,-19],[18,-47],[-4,-21],[-12,-12],[-21,-12],[-31,-9],[-19,-14],[-18,-18],[-27,-18],[-2,-8],[14,-38],[-21,-40],[-4,-17],[-24,-44],[-12,-33],[-2,-27],[-13,-18],[-13,-26],[-16,-75],[-8,-29],[-3,-5],[-49,-3],[-24,-13],[-12,-28],[-17,-29],[-19,-21],[-8,-24],[-13,-19],[-41,-30],[-16,-22],[-46,-31],[-7,-16],[-5,-57],[-8,-22],[-44,-42],[-53,-60],[-19,-9],[-22,-1],[-39,6],[-18,-3],[-22,-12],[-6,-17],[-20,-7]],[[53023,21740],[-485,-117],[-199,-48],[-809,-195],[-312,-75],[-471,-112],[-460,-111],[-287,-68],[-322,-78],[-334,-80]],[[49344,20856],[-5,18],[-18,37],[-28,11],[-9,-3],[-27,-35],[-25,-26],[-18,-22],[-29,-21],[-16,-7],[-14,0],[-30,5],[-14,7],[-18,23],[-1,13],[7,17],[-12,20],[-15,39],[-7,31],[1,36],[4,10],[23,25],[6,22],[3,23],[19,40],[-27,13],[1,6],[-11,16],[3,9],[-16,2],[-23,-2],[-31,0],[-31,12],[-17,-1],[-20,-15],[-7,-16],[-20,-17],[-38,3],[-37,19],[-30,23],[-8,9],[-4,23],[6,17],[-8,47],[-54,25],[-26,-5],[-5,-13],[-7,-33],[-17,-19],[-25,-9],[-13,1],[-29,9],[-49,26],[-7,10],[-1,14],[13,2],[3,22],[-12,26],[-13,17],[-3,21],[-18,-4],[-20,-23],[-6,-13],[-11,-4],[-41,5],[-22,0],[-28,10],[-16,0],[-21,23],[-31,16],[-15,44],[-8,35],[-9,24],[-20,17],[-15,22],[-5,54],[-6,30],[-8,7],[-25,7],[-13,11],[-35,9],[-39,4],[-26,10],[-16,10],[-17,28],[-3,10],[4,60],[-13,17],[-19,18],[-48,25],[-23,5],[-38,-1],[-25,-3],[-27,0],[-25,5],[-23,8],[-20,13],[-14,26],[1,30],[17,32],[17,15],[20,32],[-2,16],[-18,3],[-11,-4],[-20,-13],[-42,-14],[-26,-6],[-61,-8],[-10,-17],[-16,-13],[-31,-12],[-22,-16],[-9,-11],[-20,-14],[-30,-6],[-28,7],[-24,2],[-14,5],[-24,1],[-38,9],[-15,19],[-8,14],[-18,8],[-43,1],[-15,18],[-3,13],[6,14],[14,15],[6,12],[20,10],[7,15],[1,16],[9,31],[-2,27],[-16,20],[-23,2],[-13,-13],[-9,5],[-24,-27],[-18,-7],[-25,-39],[4,-24],[-16,-16],[-12,-3],[-44,-3],[-30,7],[-37,14],[-34,1],[-7,4],[-10,23],[-35,29],[-14,21],[-16,39],[5,16],[11,17],[5,17],[-1,9],[6,14],[8,5],[10,22],[-1,40],[-6,16],[-12,10],[-21,12],[-51,35],[-9,14],[-22,14],[-7,11],[11,18],[-8,19],[-22,24],[-4,18],[-3,46],[10,32],[-3,17],[-23,27],[-7,17],[-6,34],[-5,15],[-26,43],[-26,10],[-35,3],[-13,18],[-2,21],[-10,25],[6,26],[-5,11],[-13,10],[-28,15],[-24,19],[-18,9],[-27,4],[-24,-2],[-34,-7],[-27,13],[-7,10],[-2,18],[-22,8],[-24,-23],[-15,-8],[-12,-12],[-14,-6],[-16,-15],[-21,-10],[-29,-20],[-18,-24],[-15,-3],[-7,-6],[-9,-33],[-17,-26],[-24,-23],[-22,-27],[1,-8],[-14,-12],[-22,-4],[-5,-10],[-18,-15],[-32,-2],[-31,9],[-23,3],[-21,-2],[-22,6],[-35,-11],[-20,-16],[-12,-2],[-25,5],[-23,15],[-26,12],[-13,12],[-18,32],[-10,30],[-20,22],[-8,16],[-10,8],[-20,0],[-13,11],[-8,24],[-10,-10],[-9,-33],[-11,-27],[-11,-14],[-17,-9],[-18,-3],[-31,6],[-18,14],[-8,14],[1,20],[-25,8],[-19,17],[-1,6],[-26,19],[-13,16],[0,20],[-36,8],[-19,7],[-20,15],[-21,27],[-26,10],[-14,10],[-28,12],[-26,7],[-13,8],[-10,14],[-12,34],[2,8],[31,34],[10,21],[-2,15],[-13,36],[-12,7],[-35,9],[-50,5],[-28,-4],[-38,3],[-46,13],[-13,6],[-38,9],[-14,7],[-22,5],[-22,13],[-20,19],[-31,12],[-42,39],[-13,8],[-27,1],[-21,9],[-36,30],[-17,13],[-10,17],[-2,20],[-5,10],[6,10],[-25,13],[-26,20],[-20,23],[-32,42],[-13,-2],[-29,15],[-27,-5],[-28,11],[-13,10],[-25,12],[-27,10],[-18,14],[-31,12],[-41,5],[-51,7],[-24,-5],[-24,2],[-50,23],[-29,19],[-16,8],[-71,17],[-21,16],[-32,15],[-20,20],[-18,5],[-12,10],[-2,12],[-18,13],[-34,38],[-12,0],[-21,-9],[-14,2],[-23,18],[-33,8],[-18,0],[-29,-8],[-32,-14],[-22,-2],[-16,7],[-19,-17],[-28,-31],[-23,-8],[-7,-7],[-6,-48],[-8,-30],[-9,-19],[-5,-29],[-9,-12],[-27,-21],[-12,-34],[-6,-6],[-31,-19],[-19,-14],[-17,-22],[-41,-25],[-9,-17],[-23,-15],[-32,-31],[-28,-9],[-15,-9],[-31,-9],[-16,-17],[-24,-15],[-26,-6],[-25,2],[-31,12],[-38,17],[-25,7],[-22,11],[-15,2],[-22,10],[-20,-2],[-21,7],[-21,-2],[-13,5],[-12,10],[-28,5],[-1,16],[-10,9],[-49,0],[-35,-4],[-29,2],[-20,6],[-42,24],[-52,40],[-18,12],[-31,13],[-55,2],[-39,-21],[-33,-15],[-13,-10],[-14,-4],[-26,-1],[-23,-7],[-19,-1],[-25,8],[-20,-1],[-7,11],[-26,14],[-71,24],[-11,5],[-31,2],[-36,8],[-42,16],[-25,17],[-18,9],[-42,11],[-46,31],[-31,38],[-14,23],[-9,21],[-36,1],[-16,3],[-20,10],[-16,11],[-22,9],[-33,17],[-18,3],[-21,-1],[-50,-11],[-37,0],[-29,9],[-32,20],[-15,17],[-17,32],[-23,24],[-34,24],[-22,11],[-34,12],[-33,2],[-28,-8],[-54,13],[-25,5],[-11,-1],[-62,-17],[-14,-10],[-16,-5],[-23,0],[-48,13],[-23,18],[-33,54],[-17,24],[2,14],[12,15],[12,25],[19,26],[4,41],[-6,21],[-36,7],[-8,-1],[-75,-26],[-35,-2],[-29,10],[-25,16],[-2,16],[-8,12],[-13,46],[-18,18],[-19,-2],[-10,18],[-25,9],[-27,17],[-23,43],[-20,8],[-9,-3],[-4,-39],[-18,-37],[-23,-24],[-31,-13],[-17,4],[-47,19],[-10,11],[-22,12],[-35,3],[-14,9],[-13,1],[-16,9],[-23,-9],[-27,-20],[-35,-5],[-21,2],[-20,-11],[-18,-2],[-13,8],[-39,12],[-12,1],[-32,-9],[-38,-1],[-12,8],[-28,3],[-10,-11],[-10,11],[-41,-8],[-26,0],[-25,-9],[-29,1],[-13,7],[-32,0],[-44,7],[-26,15],[-34,13],[-49,1],[-24,4],[-14,5],[-10,9],[-7,36],[-20,22],[-25,9],[-30,-9],[-28,-12],[-19,-14],[-16,-6],[-35,-1],[-35,23],[-14,19],[-20,34],[-10,25],[9,27],[-3,33],[-29,38],[-45,36],[-40,38],[-31,22],[-35,30],[-13,30],[-4,20],[-32,67],[-8,26],[-6,9],[-39,14],[-22,-12],[-29,-26],[-5,-30],[-20,-21],[-20,-7],[-28,1],[-36,19],[0,15],[17,39],[3,24],[-7,20],[-10,10],[-37,9],[-18,-11],[-45,-17],[-17,-4],[-18,0],[-17,6],[-8,9],[-3,35],[4,12],[23,19],[18,11],[14,17],[-11,40],[-19,16],[-41,3],[-16,7],[-44,29],[-12,11],[-9,14],[-36,17],[-17,18],[-6,20],[-2,40],[-18,17],[-17,10],[-27,11],[-36,6],[-19,0],[-14,4],[-10,-8],[-18,2],[-10,10],[-18,30],[-13,26],[17,34],[10,9],[19,10],[-21,10],[-9,8],[-13,3],[-26,41],[-1,11],[-14,17],[-19,13],[-42,1],[-28,7],[-27,4],[-27,7],[-30,1],[-29,21],[-9,3],[-37,0],[-11,2],[-15,16],[-2,9],[6,12],[1,19],[12,6],[22,0],[9,-3],[37,-7],[54,1],[9,6],[-1,14],[-11,14],[-12,2],[-30,-1],[-30,6],[-16,11],[-5,15],[-29,32],[-4,14],[-9,11],[22,31],[3,28],[-7,18],[-7,10],[-16,10],[-22,21],[-8,3],[-36,0],[-36,5],[-38,13],[-32,-1],[-33,-5],[-22,11],[-13,-3],[-24,8],[-13,24],[-13,34],[-1,27],[-12,30],[-13,21],[-20,15],[-23,11],[-21,5],[-19,-1],[-27,2],[-23,7],[-39,-3],[-35,-11],[-17,-12],[-15,-14],[-35,-60],[-15,-15],[-45,-21],[-38,4],[-27,10],[-34,25],[-20,10],[-12,20],[0,28],[3,12],[17,49],[-6,30],[-21,45],[-16,23],[-12,41],[-11,19],[-19,19],[-47,17],[-50,23],[-38,11],[-34,49],[-8,5],[-16,-14],[-13,-28],[-4,-13],[-11,0],[-35,-13],[-23,-16],[-18,-6],[-8,-13],[-31,1],[-28,-4],[-46,13],[-36,1],[-13,8],[-15,18],[2,16],[-7,18],[-14,10],[-23,1],[-31,-22],[-31,-9],[-16,-9],[-9,-27],[-13,-3],[-11,4],[-19,15],[-8,20],[5,25],[-4,55],[-6,25],[-22,26],[-19,7],[-17,-5],[-43,-27],[-12,-6],[-34,3],[-26,12],[-31,24],[-10,14],[-3,25],[18,21],[4,45],[-5,15],[-9,8],[-59,38],[-19,10],[-26,5],[-22,-2],[-12,-11],[-23,-33],[-36,-31],[-20,-8],[-39,1],[-35,10],[-16,21],[-9,27],[-8,11],[-12,1],[-9,-7],[-49,-49],[-19,-11],[-19,-16],[-18,-21],[-12,-30],[-2,-22],[-7,-23],[-7,-49],[2,-19],[-9,-21],[-13,-10],[-58,-26],[-19,-5],[-40,-2],[-18,6],[-21,18],[-5,19],[-18,24],[-19,14],[-21,5],[-54,-12],[-64,-33],[-67,-25],[-76,-10],[-26,-2],[-1,-61],[0,-232],[-1,-423],[0,-65],[-58,-32],[-17,-7],[-20,-1],[-13,6],[-6,13],[-1,16],[5,13],[29,29],[2,18],[-9,16],[-13,13],[-40,14],[-20,0],[-14,-9],[-37,-6],[-11,-12],[6,-36],[1,-18],[-10,-22],[-14,-7],[-26,-4],[-47,-1],[-54,5],[-63,-1],[-55,8],[-25,2],[-48,-7],[-54,-21],[-19,5],[-40,17],[-38,28],[-40,39],[-26,21],[-25,14],[-27,5],[-36,-9],[-38,-21],[-21,-10],[-29,-6],[-32,-15],[-54,-20],[-17,-9],[-15,-13],[-35,-44],[-15,-16],[-12,-38],[-23,-21],[-20,-4],[-18,4],[-29,42],[-11,6],[-47,7],[-23,15],[-13,24],[-24,27],[-17,22],[-16,32],[-16,29],[-40,30],[-30,12],[-21,2],[-27,-3],[-25,-15],[-7,-13],[-43,-24],[-21,-14],[-15,-1],[-18,10],[-5,8],[7,28],[10,27],[2,14],[-10,20],[-12,11],[-14,6],[-26,3],[-15,-7],[-38,-8],[-47,-6],[-19,3],[-29,20],[-42,13],[-34,5],[-23,6],[-17,0],[-22,-8],[-11,-9],[-22,-29],[-16,-6],[-21,12],[-23,20],[-17,26],[-38,34],[-35,19],[-18,-6],[-17,-28],[-20,-20],[-21,-10],[-45,-9],[-27,-13],[-48,-35],[-16,-8],[-15,-13],[-4,-8],[4,-11],[21,-13],[30,3],[25,8],[11,-3],[12,-29],[-8,-20],[-13,-10],[-25,-11],[-37,-9],[-29,-5],[-13,3],[-39,43],[-17,21],[-12,11],[-36,26],[-16,6],[-40,5],[-26,1],[-37,-12],[-31,-4],[-19,-10],[-18,-16],[-37,-5],[-29,-8],[-23,-15],[-9,-12],[-39,-21],[-32,-28],[-25,-12],[-11,-3],[-28,2],[-39,18],[-30,18],[-52,14],[-43,14],[-45,3],[-19,-14],[-30,-15],[-31,-1],[-25,5],[-17,-5],[-38,-7],[-19,3],[-58,23],[-44,31],[-47,22],[-41,14],[-10,9],[3,13],[34,16],[8,8],[3,19],[-25,20],[-21,2],[-27,-13],[-23,-23],[-13,-5],[-31,-4],[-66,5],[-41,10],[-18,1],[-18,-2],[-48,-14],[-32,-4],[-13,3],[-28,15],[-16,22],[-21,14],[-13,13],[-16,35],[-1,24],[-43,28],[-32,-3],[-23,-11],[-54,-46],[-30,-35],[-10,-5],[-15,-1],[-22,12],[-14,17],[-23,7],[-55,27],[-16,6],[-19,-11],[-5,-7],[-22,-7],[-37,4],[-33,11],[-35,3],[-12,-2],[-21,-12],[-26,9],[-5,8],[-5,35],[-10,14],[-36,17],[-1,19],[32,27],[20,11],[2,13],[-13,30],[-11,8],[-73,34],[-9,7],[-9,33],[-9,17],[-17,24],[-30,27],[-8,14],[-3,16],[7,23],[-1,20],[-21,42],[-14,11],[-3,34]],[[211,95462],[26,-21],[7,-18],[12,-8],[29,-7],[32,-14],[9,-11],[-10,-6],[-27,3],[-24,-3],[-46,-26],[-2,-6],[20,-13],[2,-12],[-15,-10],[-33,20],[-3,-10],[9,-6],[22,-3],[1,-8],[17,-1],[0,-12],[-16,-6],[-12,3],[-19,-5],[2,-11],[22,-2],[-1,-18],[2,-15],[-4,-8],[-1,-25],[6,-24],[-2,-9],[-18,-6],[-8,-7],[-1,-33],[7,-22],[-12,-20],[-12,-12],[-19,-11],[-8,-36],[-5,-43],[-6,-15],[3,-15],[-15,-17],[-8,-22],[-13,-18],[-16,-34],[-16,-19],[-13,-22],[-19,-5],[-20,12],[1,8],[-14,25],[-2,21],[5,27],[33,41],[4,18],[-5,22],[3,35],[6,32],[-14,23],[-22,6],[-10,16],[15,30],[5,24],[6,12],[0,13],[14,13],[-10,12],[-8,35],[8,17],[22,17],[3,7],[30,25],[-2,19],[5,5],[-1,38],[25,30],[28,18],[15,17],[28,23],[28,8]],[[2494,99949],[11,-15],[2,-18],[16,-7],[30,-1],[9,-10],[-8,-13],[-19,-17],[8,-6],[-1,-12],[15,-30],[14,-13],[21,6],[4,-7],[-4,-20],[-36,-13],[-12,-8],[8,-8],[-5,-14],[7,-27],[-6,-21],[-21,-29],[-1,-8],[-61,-13],[-12,-13],[-17,-10],[-10,-15],[-17,-9],[-32,-1],[-24,-10],[-8,-9],[-27,6],[-1,11],[-12,17],[3,14],[8,7],[-5,21],[-7,8],[-2,14],[-17,5],[2,22],[8,10],[7,28],[-3,39],[7,17],[16,18],[10,24],[18,13],[8,11],[19,8],[16,-1],[11,-11],[20,-1],[21,10],[11,17],[-2,19],[2,22],[21,10],[1,13],[16,0]],[[2451,99999],[-3,-19],[2,-19],[10,-5],[-7,-23],[-29,-3],[-14,-5],[-7,14],[-19,10],[-1,17],[8,15],[29,11],[31,7]],[[70402,24336],[24,-10],[14,4],[28,24],[26,16],[20,5],[15,0],[19,-8],[19,-24],[11,-33],[13,-5],[10,9],[13,23],[19,19],[23,13],[45,21],[29,12],[28,19],[14,20],[24,10],[40,2],[19,11],[-2,16],[-7,9],[-29,26],[-3,8],[5,17],[25,10],[25,-1],[45,-15],[58,-35],[37,-39],[25,-39],[11,-13],[15,-9],[35,-12],[25,-20],[10,-12],[7,-28],[-6,-37],[-12,-19],[-14,-28],[-2,-25],[7,-14],[15,-22],[29,-38],[11,-24],[9,-42],[12,-25],[3,-13],[18,-18],[22,-7],[30,0],[21,5],[37,27],[9,12],[9,32],[5,32],[14,15],[25,8],[27,-1],[26,-11],[15,-34],[3,-17],[1,-28],[-3,-38],[-8,-28],[3,-14],[13,-18],[13,-5],[18,-2],[23,11],[8,12],[22,24],[21,10],[30,-1],[23,-13],[17,-17],[14,-21],[19,-13],[29,0],[12,3],[41,22],[45,12],[34,-2],[29,-11],[16,-14],[2,-15],[-16,-22],[-22,-24],[-17,-9],[-49,-15],[-13,-6],[-4,-20],[5,-21],[14,-17],[42,-20],[46,-33],[40,-21],[18,-5],[48,2],[27,9],[18,12],[17,15],[3,8],[-4,16],[-26,34],[-9,17],[-8,32],[0,25],[12,24],[8,9],[62,27],[32,22],[22,8],[45,3],[66,-11],[36,-17],[40,-6],[11,-8],[5,-19],[-7,-18],[-14,-17],[-10,-27],[-1,-18],[19,-16],[26,-17],[24,-32],[22,-14],[43,2],[25,-7],[15,0],[30,-10],[12,-8],[18,-23],[15,-13],[22,-6],[16,6],[20,-4],[16,-35],[-5,-8],[-21,-12],[-6,-18],[4,-11],[19,-22],[-3,-7],[-26,-21],[0,-5],[47,-27],[-1,-11],[-23,-19],[3,-14],[11,-16],[23,-23],[30,-18],[23,-3],[33,0],[39,-4],[26,-9],[17,-11],[18,-24],[12,-30],[0,-17],[-8,-17],[-13,-18],[-20,-35],[-23,-23],[-13,-1],[-18,7],[-23,29],[-16,15],[-16,5],[-19,1],[-20,-4],[-33,-11],[-13,-9],[-24,-12],[-26,-16],[-43,-37],[-24,-18],[-12,-19],[-6,-22],[4,-30],[12,-31],[28,-37],[20,-18],[18,-22],[27,-17],[24,-9],[44,-21],[23,-14],[9,-23],[-4,-54],[11,-25],[9,-7],[37,-8],[65,-6],[46,-12],[43,-17],[15,-19],[0,-11],[-14,-33],[8,-34],[11,-18],[37,-34],[17,-24],[4,-65],[7,-49],[-6,-25],[-21,-29],[-12,-34],[1,-19],[19,-26],[47,-29],[5,-10],[4,-26],[3,-52],[11,-25],[24,-22],[13,-6],[9,-14],[28,-13],[27,-19],[29,-14],[20,-15],[1,-23],[-2,-9],[4,-16],[15,-19],[38,-21],[14,-21],[5,-24],[0,-40],[6,-12],[20,-24],[10,-6],[34,-5],[15,4],[47,2],[22,19],[2,21],[-4,26],[3,22],[16,22],[22,5],[60,11],[64,17],[55,18],[33,9],[47,18],[14,7],[21,19],[9,22],[-5,20],[-21,16],[-14,1],[-44,0],[-18,-2],[-39,2],[-12,6],[-4,12],[6,11],[38,44],[17,26],[34,20],[48,21],[16,2],[34,-2],[22,3],[11,4],[57,28],[29,-3],[21,-8],[10,-9],[18,-32],[26,-30],[26,-20],[27,-30],[49,-39],[19,-13],[30,-10],[39,-30],[21,-20],[15,-9],[6,-10],[25,-55],[18,-30],[9,-10],[21,-14],[33,-2],[50,14],[14,13],[15,28],[10,25],[29,27],[48,29],[18,16],[40,26],[15,7],[22,1],[26,-1],[29,-19],[30,-32],[15,-25],[27,-32],[32,-9],[27,-27],[6,-12],[6,-28],[23,-42],[11,-36],[7,-19],[10,-13],[28,-29],[20,-42],[31,-29],[30,-9],[10,-6],[29,-4],[15,2],[26,15],[14,24],[7,37],[2,18],[8,31],[13,15],[12,10],[23,9],[14,9],[35,1],[43,-13],[36,-22],[29,-32],[8,-3],[18,5],[3,18],[-7,31],[5,32],[8,10],[13,8],[32,0],[18,-6],[15,-13],[21,-48],[15,-19],[100,-82],[53,-34],[43,-21],[33,-27],[28,-47],[4,-11],[22,-32],[25,-24],[32,-33],[29,-28],[9,-17],[19,-30],[6,-19],[17,-34],[6,-31],[-1,-33],[-14,-23],[-40,-25],[-27,-21],[-17,-20],[-10,-26],[-1,-28],[5,-18],[9,-13],[19,-18],[27,-9],[28,4],[15,13],[34,44],[19,19],[31,21],[30,11],[93,40],[17,5],[22,10],[43,16],[19,4],[48,-3],[20,-5],[38,-22],[21,-56],[6,-18],[5,-46],[6,-14],[18,-28],[11,-7],[32,-4],[24,8],[28,2],[29,-3],[50,-10],[71,-9],[33,1],[22,7],[72,40],[12,14],[7,14],[12,36],[1,18],[-1,20],[-13,25],[-13,13],[-24,4],[-13,-3],[-37,-23],[-31,-9],[-25,-3],[-51,4],[-23,8],[-53,22],[-24,19],[-10,24],[0,12],[10,22],[29,17],[15,3],[37,1],[32,8],[14,5],[45,35],[37,21],[31,3],[14,-6],[39,-23],[23,-3],[38,5],[17,5],[25,17],[21,29],[12,21],[18,59],[10,14],[15,10],[43,12],[24,2],[21,-2],[52,-11],[39,-18],[14,-11],[9,-13],[47,-41],[18,-22],[14,-30],[28,-33],[33,-9],[20,2],[46,21],[16,13],[29,13],[29,9],[20,-1],[18,-5],[39,-18],[12,-12],[61,-83],[10,-32],[-1,-19],[-5,-19],[-10,-20],[-12,-11],[-36,-17],[-16,1],[-21,14],[-42,17],[-37,12],[-39,10],[-30,4],[-29,0],[-29,-16],[-16,-17],[-10,-16],[-24,-48],[-14,-22],[-18,-19],[-40,-31],[-41,-20],[-62,-16],[-45,-20],[-46,-31],[-37,-37],[-21,-25],[-23,-32],[-39,-44],[-68,-72],[-29,-50],[-8,-23],[-5,-34],[2,-37],[7,-24],[14,-21],[43,-28],[27,-12],[14,-2],[27,7],[23,16],[13,25],[1,25],[-3,21],[-9,23],[-2,19],[3,15],[14,22],[26,17],[17,3],[26,-3],[25,1],[33,-13],[15,-13],[13,-19],[33,-36],[38,-38],[14,-21],[4,-25],[10,-29],[2,-22],[5,-11],[31,-28],[5,-10],[-17,-34],[-11,-30],[-1,-12],[15,-25],[17,-17],[6,-13],[-3,-56],[-3,-37],[-5,-18],[-12,-19],[-17,-20],[2,-11],[10,-18],[32,-41],[11,-26],[1,-12],[-8,-40],[-9,-23],[-25,-45],[-14,-35],[-9,-51],[2,-42],[11,-30],[14,-18],[33,-26],[24,-28],[7,-23],[-2,-23],[-11,-22],[-12,-10],[-39,-13],[-52,1],[-45,12],[-20,2],[-19,-2],[-30,-8],[-22,-11],[-28,-23],[-11,-15],[-13,-28],[-8,-28],[-1,-50],[-3,-23],[-11,-47],[1,-35],[25,-55],[18,-33],[37,-34],[47,-34],[35,-16],[69,-34],[29,-23],[40,-40],[19,-30],[26,-50],[14,-22],[55,-69],[12,-11],[33,-20],[32,-25],[12,-16],[6,-24],[-5,-23],[-19,-25],[-20,-11],[-14,-5],[-67,-28],[-53,-27],[-18,-12],[-17,-23],[-6,-24],[-6,-57],[-11,-26],[-28,-30],[-32,-9],[-32,-1],[-21,6],[-42,20],[-26,8],[-25,3],[-22,-1],[-18,-6],[-19,-11],[-18,-21],[-34,-55],[-18,-44],[-5,-24],[0,-21],[16,-45],[14,-24],[69,-68],[43,-45],[25,-23],[59,-45],[43,-29],[51,-22],[31,-10],[64,-8],[45,9],[13,7],[30,25],[11,14],[10,44],[5,31],[10,26],[14,22],[17,18],[15,11],[33,13],[24,5],[46,0],[48,-16],[14,-18],[5,-17],[-4,-26],[-26,-51],[-10,-33],[-43,-31],[-33,-20],[-35,-23],[-22,-19],[-28,-29],[-19,-33],[-4,-24],[0,-25],[3,-21],[21,-39],[23,-28],[22,-16],[62,-25],[38,-10],[39,-7],[32,-2],[62,0],[25,-6],[14,-9],[7,-27],[-8,-21],[-6,-68],[1,-24],[4,-12],[14,-22],[18,-19],[21,-17],[29,-13],[32,-7],[46,-6],[25,-1],[86,10],[47,17],[23,15],[18,19],[15,21],[11,23],[19,72],[10,20],[17,24],[14,14],[53,42],[60,57],[43,38],[18,19],[33,44],[11,26],[1,18],[-9,52],[-9,24],[-10,16],[-31,21],[-57,13],[-36,1],[-36,-5],[-20,-7],[-44,-31],[-39,-18],[-32,-1],[-22,4],[-12,7],[-19,18],[-15,18],[-9,20],[-11,33],[-2,24],[8,24],[13,22],[68,72],[28,32],[30,23],[41,35],[34,31],[43,24],[17,4],[51,16],[42,10],[28,4],[29,-3],[21,-5],[15,-8],[23,-16],[31,-30],[37,-46],[21,-36],[14,-13],[23,-16],[25,-13],[28,-7],[21,2],[50,13],[16,6],[24,24],[9,20],[-1,12],[-18,60],[-7,46],[4,25],[14,28],[22,10],[22,4],[50,-7],[27,-15],[21,-17],[14,-18],[-2,-18],[-14,-26],[-16,-16],[-18,-24],[-1,-21],[8,-24],[11,-13],[25,-17],[24,-8],[40,-2],[25,1],[53,12],[35,6],[100,27],[26,11],[15,14],[19,46],[15,22],[23,20],[25,12],[28,-3],[31,-9],[45,-22],[28,-12],[61,-31],[33,-20],[37,-39],[6,-11],[0,-13],[-7,-14],[-22,-17],[-17,1],[-13,7],[-26,26],[-12,7],[-28,1],[-22,-10],[-23,-16],[-48,-27],[-31,-16],[-79,-38],[-17,-12],[-12,-25],[-3,-19],[5,-24],[7,-14],[15,-21],[49,-50],[15,-21],[3,-12],[2,-40],[-10,-24],[-9,-9],[-37,-13],[-35,-21],[-30,-23],[-19,-18],[-35,-43],[-17,-31],[-11,-29],[-1,-22],[4,-24],[17,-34],[30,-35],[21,-13],[25,-11],[31,-9],[40,-4],[43,3],[24,6],[60,29],[34,18],[19,14],[22,11],[41,14],[31,4],[29,-6],[83,0],[68,11],[17,4],[48,28],[12,15],[26,44],[23,65],[24,43],[21,31],[30,27],[36,22],[26,9],[64,4],[28,-1],[29,-5],[28,-20],[19,-17],[17,-24],[22,-33],[23,-32],[14,-24],[36,-47],[39,-62],[19,-18],[15,-25],[19,-23],[32,-24],[18,-11],[52,-21],[28,-7],[57,-10],[29,2],[36,4],[28,7],[27,15],[19,19],[11,23],[-1,22],[-11,18],[-25,14],[-14,4],[-32,1],[-33,-3],[-17,4],[-29,19],[-10,17],[-31,30],[-10,23],[-14,54],[-10,27],[-9,13],[-25,14],[6,17],[9,9],[21,3],[66,17],[33,14],[23,18],[10,0],[31,-18],[14,-32],[13,-18],[21,-16],[18,-2],[25,16],[29,8],[21,0],[80,-27],[28,-13],[21,-12],[40,-36],[16,-20],[64,-83],[11,-16],[26,-44],[42,-38],[36,-31],[64,-45],[49,-45],[22,-28],[3,-12],[6,-40],[-5,-29],[-14,-16],[-18,-4],[-12,10],[-20,29],[0,20],[-8,26],[-12,12],[-21,-4],[-31,11],[-24,0],[-27,-5],[-20,-12],[-5,-11],[-3,-23],[9,-33],[6,-42],[5,-56],[1,-37],[-4,-21],[-13,-110],[-6,-71],[1,-24],[8,-52],[8,-24],[9,-20],[20,-33],[16,-20],[26,-21],[24,-14],[39,-9],[18,-1],[43,6],[18,9],[23,16],[18,19],[26,40],[8,24],[8,58],[0,19],[-5,21],[-11,73],[-1,18],[6,21],[22,25],[19,8],[36,-1],[39,4],[31,10],[44,27],[22,21],[39,31],[32,15],[14,1],[47,-17],[29,-18],[19,-18],[4,-12],[0,-28],[13,-35],[11,-23],[13,-19],[9,-8],[1,-31],[26,-48],[15,-13],[17,-6],[26,8],[21,-2],[18,-12],[18,25],[20,3],[49,-7],[27,-11],[38,-24],[18,-19],[69,-54],[36,-25],[16,-7],[21,-5],[37,-1],[65,4],[36,9],[24,9],[51,33],[22,22],[18,24],[12,28],[7,32],[1,36],[-4,47],[-5,19],[-26,42],[-12,13],[-26,16],[-22,6],[-57,14],[-8,6],[-4,17],[11,18],[14,11],[15,5],[49,-2],[33,-5],[20,3],[19,10],[20,13],[19,43],[-1,44],[-11,26],[-21,39],[-23,26],[-18,54],[-1,43],[5,21],[15,25],[34,44],[22,16],[20,12],[29,10],[47,5],[81,3]],[[82632,17930],[-1,-10],[35,-19],[16,-11],[35,-34],[44,-55],[31,-33],[14,-12],[18,-26],[27,-33],[17,-28],[16,-37],[0,-48],[-4,-36],[-27,-37],[-54,-20],[-11,-11],[-16,-26],[-9,-32],[-2,-42],[-11,-107],[-10,-15],[-14,-40],[-21,-33],[-23,-28],[-19,-38],[-10,-35],[-1,-48],[2,-46],[10,-37],[18,-42],[25,-45],[27,-33],[25,-34],[37,-70],[8,-34],[2,-18],[-1,-37],[-10,-51],[-4,-44],[11,-80],[34,-94],[30,-56],[5,-39],[-9,-29],[-28,-16],[-95,-34],[-42,-27],[-33,-47],[-29,-55],[-14,-39],[-7,-40],[7,-108],[13,-77],[0,-49],[-20,-49],[-13,-19],[-43,-40],[-46,-38],[-17,-24],[-19,-34],[-2,-35],[0,-55],[7,-60],[10,-31],[21,-38],[-5,-66],[-52,-243],[-213,-1004],[-115,-542],[-73,-342],[-106,-500],[-127,-594],[-1,-10],[-105,-494],[-90,-422],[-99,-469],[-152,-712],[-30,-141],[-112,-528],[-107,-503],[-74,-347],[-149,-703],[-17,-89],[-49,-227],[-93,-435],[-94,-444],[-77,-358],[-187,-878],[-88,-413],[-132,-621],[-5,-23],[-160,-753],[-83,-386],[-79,-372],[-85,-398],[-101,-474],[-42,-201],[-2,-6],[-82,-387],[-91,-426],[-80,-374],[-50,-235],[-14,-71],[-12,-50],[-6,-35],[-17,0],[-13,-10],[-23,-11],[-4,-10],[-55,-25],[-4,35],[-44,71],[-29,21],[-28,30],[-25,24],[-43,13],[-49,29],[-31,35],[-10,27],[-51,63],[-52,47],[-30,37],[-56,57],[-113,63],[-75,78],[-73,157],[-60,56],[-97,54],[-65,36],[-44,10],[-42,1],[-80,-6],[-65,-2],[-61,5],[-85,13],[-91,25],[-59,30],[-44,52],[-17,41],[1,144],[3,24],[10,46],[15,52],[-4,95],[-13,103],[-18,67],[-39,74],[-59,30],[-38,8],[-110,20],[-27,8],[-23,10],[-16,12],[-66,35],[-96,67],[-53,69],[-41,82],[-28,85],[-28,77],[-15,29],[-24,29],[-15,14],[-65,38],[-131,48],[-113,26],[-107,29],[-49,12],[-46,0],[-19,-10],[-21,-17],[-56,-52],[-35,-27],[-14,-15],[-31,-15],[-22,-5],[-84,-7],[-77,5],[-41,-6],[-16,-6],[-16,-12],[-46,-52],[-20,-18],[-133,-96],[-144,-67],[-110,-34],[-144,-14],[-83,-6],[-75,13],[-53,52],[-23,27],[-25,48],[-24,31],[-13,35],[-19,41],[-21,33],[-18,18],[-25,19],[-36,21],[-22,10],[-34,12],[-14,2],[-29,-1],[-28,-7],[-24,-10],[-56,-30],[-26,-17],[-24,-27],[-24,-24],[-17,-11],[-21,-6],[-33,2],[-8,6],[-18,26],[-12,8],[-32,4],[-58,-2],[-40,3],[-21,4],[-20,7],[-14,9],[-39,41],[-32,41],[-51,52],[-49,41],[-15,9],[-35,15],[-54,7],[-40,-2],[-46,-9],[-30,-10],[233,312],[163,218],[335,448],[141,190],[309,412],[327,439],[330,441],[423,568],[309,414],[320,429],[293,392],[187,251],[303,401],[117,154],[258,341],[203,267],[5,5],[23,4],[18,14],[23,50],[18,36],[2,9],[23,49],[21,35],[-25,13],[-18,12],[-19,28],[-14,40],[-15,60],[-4,32],[-1,37],[7,52],[14,44],[-1,39],[1,38],[5,26],[1,17],[-7,41],[-11,36],[-15,26],[-9,8],[-18,6],[-24,0],[-49,-2],[-68,0],[-21,-17],[-2,-16],[6,-55],[-4,-23],[-16,-35],[-31,-48],[-11,-13],[-28,-20],[-35,-14],[-67,-10],[-41,-41],[-14,-10],[-27,-10],[-21,-5],[-30,0],[-29,5],[-17,11],[-27,9],[-6,20],[-9,15],[-11,6],[-10,18],[-6,47],[9,21],[21,68],[7,14],[16,22],[13,30],[4,23],[-17,45],[-14,25],[-16,46],[-29,33],[-25,17],[-29,6],[-11,-10],[-6,-20],[-2,-20],[-23,-58],[-20,-34],[-19,-17],[-22,-10],[-26,-6],[-25,-2],[-40,10],[-19,6],[-30,14],[-19,5],[-17,9],[-18,23],[-21,34],[-10,21],[-24,87],[-3,38],[5,15],[9,10],[-7,14],[7,17],[-6,27],[0,26],[-3,46],[-3,15],[-13,34],[-21,22],[-13,17],[-14,39],[-8,17],[-9,32],[-13,20],[-17,10],[-19,8],[-24,5],[-54,1],[-21,-3],[-65,-19],[-40,-10],[-21,-11],[-17,-12],[-38,-23],[-28,-22],[-20,-12],[-27,-13],[-25,-10],[-41,-11],[-42,-7],[-66,-7],[-36,6],[-31,10],[-35,15],[-59,30],[-24,17],[-17,9],[-15,19],[-15,28],[-1,31],[2,17],[16,30],[32,27],[17,10],[24,10],[53,12],[14,5],[53,4],[9,-2],[69,0],[29,7],[37,17],[32,9],[18,13],[21,28],[6,20],[0,28],[-7,30],[-16,12],[-17,0],[-31,-11],[-48,-21],[-29,-4],[-30,5],[-27,11],[-13,20],[-19,17],[-29,15],[-20,6],[-33,2],[-18,7],[-32,8],[-33,6],[-30,-1],[-27,-3],[-31,-8],[-16,-7],[-23,-16],[-52,-30],[-22,-22],[-21,-28],[-5,-11],[-35,-31],[-42,-25],[-33,-18],[-37,-10],[-30,-4],[-45,1],[-55,14],[-37,16],[-47,43],[-31,45],[-19,53],[-9,49],[1,25],[-7,40],[-10,27],[-19,27],[-9,8],[-22,36],[-33,41],[-11,7],[-16,-8],[-38,-45],[-17,-16],[-38,-29],[-45,-21],[-59,-10],[-45,3],[-24,5],[-30,12],[-45,33],[-20,20],[-17,26],[-22,39],[-25,57],[-35,47],[-21,22],[-33,27],[-47,24],[-25,9],[-31,9],[-18,0],[-17,-5],[-48,-4],[-17,-6],[-27,-15],[-8,-22],[10,-13],[14,-6],[75,-11],[46,-17],[45,-23],[34,-16],[29,-21],[11,-14],[8,-18],[-1,-38],[-10,-25],[-11,-12],[-57,-48],[-15,-19],[-24,-16],[-21,-7],[-18,-14],[-36,-10],[-28,3],[-23,-4],[-46,-1],[-10,-3],[-60,-2],[-30,3],[-51,1],[-55,14],[-22,8],[-48,21],[-34,21],[-38,34],[-10,12],[-15,28],[-4,12],[-6,36],[3,39],[24,53],[17,32],[23,31],[17,33],[12,42],[4,23],[13,39],[-1,23],[-14,0],[-15,-15],[-38,-49],[-16,-15],[-17,-6],[-39,-1],[-27,5],[-36,0],[-35,-6],[-21,0],[-48,6],[-29,12],[-18,17],[-15,23],[-1,10],[3,29],[10,30],[9,16],[27,31],[47,52],[32,43],[7,21],[-4,20],[-9,7],[-36,19],[-57,20],[-21,8],[-14,15],[-24,19],[-14,4],[-62,7],[-30,-1],[-15,-5],[-11,4],[-42,21],[-20,5],[-57,7],[-10,4],[-55,0],[-70,9],[-35,12],[-24,11],[-19,13],[-29,28],[-17,21],[-11,21],[-14,50],[-4,25],[-5,10],[-13,10],[-27,2],[-69,14],[-17,-2],[-11,7],[-34,0],[-55,-11],[-54,-9],[-30,-1],[-74,10],[-47,10],[-50,24],[-19,19],[-18,38],[0,25],[-4,18],[-25,74],[-7,14],[-6,30],[-19,51],[-18,28],[-17,22],[-29,25],[-32,17],[-33,8],[-15,10],[-21,7],[-30,1],[-18,-2],[-36,-10],[-13,-7],[-18,-5],[-27,-11],[-14,-11],[-17,-37],[-14,-19],[-23,-23],[-41,-34],[-29,-16],[-25,-10],[-41,-8],[-38,0],[-42,9],[-34,11],[-15,9],[-44,35],[-50,28],[-46,42],[-15,21],[-11,46],[-7,14],[-19,17],[-18,13],[-21,0],[-53,14],[-29,1],[-38,-2],[-19,-10],[-36,-33],[-24,-41],[13,-34],[0,-7],[13,-31],[33,-35],[17,-30],[7,-20],[-3,-21],[2,-28],[13,-20],[30,-31],[20,-29],[3,-15],[18,-37],[17,-31],[2,-11],[0,-28],[-3,-18],[-12,-18],[-34,-22],[-16,-6],[-24,-1],[-33,3],[-33,13],[-68,47],[-16,19],[-12,24],[-8,36],[-5,11],[-34,13],[-25,21],[-13,4],[-58,4],[-22,6],[-56,5],[-15,5],[-34,-2],[-67,-25],[-25,-7],[-15,0],[-29,-8],[-59,-25],[-24,-2],[-59,8],[-36,0],[-72,-10],[-47,-10],[-22,-7],[-21,-19],[-13,-17],[-22,-37],[-3,-10],[5,-16],[48,-46],[13,-15],[9,-22],[13,-58],[1,-46],[-10,-16],[-16,-15],[-16,-7],[-32,-6],[-18,4],[-21,15],[-23,20],[-15,8],[-12,2],[-47,-8],[-27,-11],[-27,-17],[-5,-9],[-1,-21],[-1,-66],[-3,-41],[-13,-60],[-9,-12],[-45,-14],[-54,-5],[-24,2],[-24,4],[-32,14],[-37,25],[-29,23],[-22,9],[-22,21],[-8,13],[2,26],[-10,37],[-12,10],[-38,18],[-34,0],[-29,-10],[-53,-13],[-31,-17],[-12,-3],[-31,2],[-45,-34],[-11,-23],[-25,-55],[-21,-34],[-22,-24],[-21,-11],[-23,-5],[-24,-3],[-18,2],[-23,7],[-15,9],[-9,10],[-16,24],[1,13],[21,31],[50,52],[15,7],[7,9],[13,28],[1,21],[-52,23],[-66,2],[-19,-2],[-24,-8],[-28,-22],[-7,-15],[-8,-47],[-10,-32],[-24,-33],[-29,-29],[-20,-11],[-23,-7],[-44,-8],[-12,0],[-26,7],[-14,0],[-54,-24],[-40,-21],[-32,-4],[-17,-5],[-15,0],[-27,9],[-21,0],[-9,-7],[-31,-41],[-15,-16],[-18,-13],[-35,-21],[-21,-9],[-18,-4],[-33,-2],[-11,3],[-20,11],[-29,27],[-13,20],[-15,28],[-8,19],[-2,26],[6,28],[12,14],[7,23],[27,34],[13,23],[5,14],[3,28],[-5,8],[-28,22],[-10,11],[-18,11],[-15,22],[-19,50],[-49,20],[-21,10],[-37,26],[-14,13],[-7,15],[-14,43],[-10,14],[-27,45],[-24,30],[0,28],[-20,27],[-25,27],[-35,28],[-54,30],[-16,4],[-13,-1],[-19,-7],[-30,-26],[-20,-15],[-33,-35],[-7,-14],[-10,-30],[-17,-32],[0,-19],[26,-39],[8,-28],[12,-31],[11,-19],[9,-21],[4,-40],[-4,-43],[-8,-25],[-13,-17],[-17,-14],[-20,-6],[-33,-6],[-24,-1],[-23,3],[-30,17],[-25,28],[-45,67],[-23,27],[-27,16],[-13,15],[-20,29],[1,16],[6,15],[16,16],[4,16],[-8,9],[-15,8],[-12,12],[4,9],[18,21],[7,22],[5,41],[13,34],[22,132],[-5,28],[-15,12],[-36,0],[-21,-4],[-18,0],[-64,14],[-26,4],[-27,-2],[-51,7],[-15,-1],[-50,-10],[-39,2],[-23,5],[-35,15],[-17,14],[-27,12],[-73,8],[-41,9],[-30,10],[-34,22],[-26,25],[-19,22],[-33,47],[-30,33],[-26,15],[-37,12],[-44,8],[-24,7],[-33,3],[-32,-3],[-65,-25],[-19,-1],[-19,-5],[-20,-13],[-66,-52],[-43,-24],[-40,-19],[-26,-16],[-22,-8],[-25,-5],[-22,0],[-54,12],[-56,19],[-16,15],[-5,21],[-15,37],[8,41],[3,29],[-1,31],[20,41],[23,25],[20,29],[8,22],[13,39],[7,30],[0,23],[-4,12],[-18,17],[-73,25],[-36,19],[-16,5],[-34,-11],[-8,-8],[23,-36],[7,-30],[0,-20],[-9,-22],[-26,-31],[-29,-5],[-70,3],[-16,-11],[-22,-21],[-28,-15],[-70,-17],[-9,-6],[-29,-5],[-11,-16],[-2,-43],[-4,-14],[-17,-23],[-21,-13],[-17,-5],[-25,-1],[-19,4],[-26,11],[-15,23],[-8,2],[1,14],[-6,4],[-30,-5],[-65,5],[-13,15],[-21,-10],[-8,-15],[-9,-38],[-11,-26],[-27,-53],[-7,-17],[-18,-61],[-13,-30],[-14,-22],[-24,-24],[-23,-39],[-18,-33],[-4,-62],[-12,-32],[-1,-12],[-12,-34],[-31,-49],[-39,-48],[-29,-30],[-13,-25],[-18,-12],[-45,-9],[-54,-3],[-48,10],[-34,2],[-59,14],[-17,0],[-19,-10],[-29,-34],[-5,-23],[-22,-21],[-2,-19],[3,-8],[24,-30],[11,-19],[26,-58],[26,-40],[18,-38],[6,-22],[-5,-36],[-11,-26],[-11,-10],[-25,-13],[-30,-4],[-20,2],[-19,6],[-31,23],[-27,17],[-32,13],[-30,24],[-14,16],[-39,9],[-1,10],[6,10],[-10,7],[-42,-42],[-14,-8],[-31,-10],[-46,-3],[-27,0],[-26,-16],[-16,-2],[-50,0],[-17,9],[-24,3],[-48,12],[-19,1],[-12,4],[-18,15],[-7,10],[-19,16],[-12,20],[-6,19],[-13,13],[0,19],[-9,14],[-23,5],[-20,11],[-13,13],[-38,15],[-28,2],[-17,-3],[-38,-19],[-66,-46],[-22,-29],[-5,-4],[-30,-36],[-24,-24],[-17,-22],[-10,-19],[-16,-12],[-23,-23],[-31,-24],[-37,-36],[-37,-18],[-60,-34],[-30,-19],[-14,0],[-23,-7],[-11,-19],[-41,-36],[-5,-16],[-16,-21],[-5,-11],[13,-33],[2,-15],[-2,-40],[-12,-38],[-12,-24],[-4,-23],[-38,-78],[-11,-17],[-19,-15],[-24,-14],[-22,-19],[-34,-16],[-51,-3],[-28,13],[-10,11],[-11,30],[10,86],[7,6],[-6,16],[-22,22],[-6,12],[-13,13],[-26,8],[-14,1],[-23,9],[-14,12],[1,23],[-11,-6],[-46,-32],[-35,-21],[-30,-14],[-40,-7],[-71,-1],[-40,8],[-21,15],[-54,59],[-29,16],[-18,4],[-35,0],[-36,-3],[-27,-18],[1,-16],[30,-26],[18,-21],[8,-25],[-3,-23],[-17,-23],[-26,-9],[-23,0],[-29,7],[-58,22],[-29,9],[-28,-2],[-10,-23],[4,-39],[-6,-15],[-22,-30],[-47,-24],[-16,-3],[-43,-2],[-40,13],[-16,1],[-39,-13],[-27,-4],[-28,-12],[-12,-11],[-32,3],[-31,0],[-9,-3],[-35,2],[-50,-14],[-43,-31],[-33,-11],[-13,-2],[-54,1],[-16,6],[-18,14],[-21,34],[-7,35],[-38,26],[-19,0],[-13,-7],[-23,4],[-12,14],[-6,29],[-22,26],[-17,36],[-8,28],[-1,23],[4,12],[31,16],[6,6],[-3,28],[-33,62],[-14,40],[-12,0],[-8,-16],[-7,-24],[-21,-38],[-24,-22],[-30,-22],[-44,-18],[-24,-5],[-23,-2],[-33,2],[-18,7],[-23,19],[-30,14],[-26,20],[-14,6],[-13,11],[-23,14],[-29,15],[-29,3],[-32,12],[-34,-6],[-34,-2],[-38,6],[-25,10],[-5,7],[-20,-3],[-6,-9],[-33,-24],[-33,-14],[-16,-2],[-36,0],[-30,11],[-17,13],[-18,27],[-16,18],[-3,13],[-11,9],[-30,0],[-28,17],[-3,9],[-22,11],[-22,-1],[-6,-4],[-24,1],[-25,-9],[-23,0],[-33,3],[-22,7],[-51,41],[-27,15],[-29,46],[-7,16],[-16,19],[-22,19],[-9,13],[4,18],[-39,24],[-32,7],[-25,12],[-19,6],[-30,-2],[-54,0],[-20,11],[-27,10],[-22,3],[-51,-14],[-4,-16],[6,-14],[19,-25],[11,-27],[1,-32],[-8,-44],[-23,-24],[-41,-25],[-19,-15],[-47,-30],[-14,-21],[-6,-14],[-18,-33],[-7,-23],[-2,-19],[9,-48],[-3,-19],[-17,-22],[-33,-22],[-79,-40],[-34,-7],[-26,2],[-27,8],[-7,21],[3,10],[-8,8],[2,34],[10,30],[0,9],[-23,47],[-25,18],[-18,11],[-16,21],[8,28],[28,27],[3,11],[-17,25],[-14,9],[-62,1],[-23,-5],[-21,-7],[-21,-1],[-17,4],[-25,-1],[-4,-15],[6,-31],[0,-56],[-9,-23],[-33,-27],[-26,-13],[-59,1],[-25,-7],[-22,7],[-18,20],[-12,30],[-7,26],[-6,10],[2,25],[-1,35],[-10,15],[-35,20],[-24,5],[-7,6],[-28,-2],[-16,-21],[-9,-2],[-16,4],[-11,10],[-12,-2],[-15,-23],[-34,-41],[-28,-18],[-47,-22],[-53,-14],[-6,-4],[-47,-16],[-36,-19],[-13,-20],[-21,-12],[-6,-8],[-36,-4],[-32,-17],[-71,-22],[-38,-9],[-80,-7],[-46,15],[-19,-1],[-15,-9],[-35,-15],[-44,-9],[-27,-2],[-58,6],[-30,-5],[-34,-13],[-32,-18],[-19,-15],[-11,-15],[-21,-10],[-30,-3],[-24,11],[-9,10],[-13,22],[-1,13],[8,45],[24,24],[13,18],[3,19],[-2,18],[-10,30],[-1,27],[-10,13],[-66,24],[-33,21],[-13,15],[-34,63],[-8,39],[1,46],[-4,10],[-17,14],[-3,8],[-23,18],[-31,32],[2,35],[-9,15],[-2,20],[-5,12],[-26,22],[-23,8],[-15,-3],[-6,-6],[-21,-40],[-21,-28],[-16,-17],[-34,-17],[-36,-1],[-29,11],[-31,22],[-46,48],[-17,40],[0,49],[-12,9],[-51,1],[-16,-4],[-20,0],[-27,24],[-15,-10],[0,-37],[2,-13],[12,-25],[1,-31],[-11,-34],[-6,-10],[-24,-26],[-38,-23],[-22,-8],[-23,0],[-25,6],[-34,11],[-15,9],[-16,23],[6,21],[0,22],[-12,19],[-6,21],[-7,7],[-23,13],[-17,4],[-33,19],[-23,5],[-24,14],[-20,5],[-23,23],[-10,3],[-30,1],[-33,-13],[-23,-2],[-51,2],[-33,12],[-17,18],[-3,38],[11,9],[-4,11],[0,36],[9,24],[2,21],[-5,12],[-11,9],[-19,8],[-20,14],[-17,22],[-21,38],[-5,15],[-26,27],[-32,37],[-58,41],[-15,19],[-22,42],[-16,43],[-56,116],[10,14],[7,21],[-3,61],[-6,15],[-22,20],[0,14],[10,34],[12,17],[18,16],[15,4],[39,-1],[31,-11],[17,-2],[44,-1],[62,11],[25,10],[12,11],[24,33],[19,32],[6,18],[12,70],[11,30],[20,91],[10,14],[28,31],[19,11],[42,15],[30,7],[25,10],[49,31],[16,5],[38,8],[28,17],[8,10],[17,30],[9,12],[14,39],[1,11],[-6,11],[-18,5],[-26,-5],[-53,0],[-18,3],[-35,-1],[-49,2],[-15,4],[-22,1],[-27,8],[-9,5],[-15,17],[-12,24],[2,28],[18,34],[32,39],[79,68],[10,23],[-5,26],[2,8],[-15,16],[-16,23],[-13,5],[-29,1],[-26,7],[-36,13],[-24,16],[-26,22],[-17,25],[-7,21],[1,38],[-11,20],[-23,21],[-2,22],[6,20],[14,19],[17,9],[3,13],[9,17],[14,13],[20,11],[-9,9],[7,9],[2,31],[17,45],[3,23],[1,116],[-3,19],[-12,14],[-23,50],[-1,28],[5,20],[8,19],[13,16],[34,34],[16,30],[3,37],[-4,20],[-9,25],[-8,10],[-10,3],[-42,1],[-61,-6],[-36,4],[-37,7],[-32,14],[-27,18],[-38,35],[-7,10],[-14,34],[8,33],[20,36],[24,37],[-2,22],[14,77],[14,21],[-5,37],[-6,11],[-11,3],[-29,2],[-49,-4],[-23,0],[-46,9],[-59,-26],[-24,-4],[-16,1],[-20,29],[-7,27],[-10,18],[-12,13],[-17,6],[-12,14],[-11,32],[-6,8],[-4,21],[-24,36],[-4,20],[-32,58],[-14,12],[-14,20],[-17,11],[-23,6],[-10,-1],[-30,-12],[-14,-18],[-5,-23],[-1,-33],[5,-57],[5,-26],[3,-32],[3,-13],[-2,-19],[-19,-45],[-16,-18],[-10,-5],[-86,-29],[-41,-4],[-14,2],[-34,19],[-1,16],[-6,12],[4,15],[11,13],[31,9],[22,-2],[33,15],[13,13],[0,14],[-20,20],[-19,1],[-16,9],[-54,-16],[-36,-3],[-36,1],[-22,4],[-30,10],[-19,11],[-11,2],[-36,-10],[-23,-15],[-11,-10],[-27,-16],[-62,-65],[-3,-21],[8,-12],[18,-17],[33,-29],[7,-21],[-10,-37],[-17,-16],[-20,-10],[-16,0],[-14,-5],[-50,7],[-50,17],[-25,20],[-4,17],[0,23],[-9,13],[-2,13],[-24,12],[-19,25],[-78,18],[-38,2],[-22,6],[-32,20],[-32,31],[-13,11],[-51,26],[-39,16],[-29,2],[-19,-4],[-29,-9],[-38,-24],[-13,-5],[-62,1],[-22,-1],[-32,-6],[-41,-11],[-40,-2],[-16,6],[-18,14],[-2,11],[-21,36],[-4,24],[3,48],[-2,19],[-16,15],[-28,14],[-32,29],[-5,13],[-15,13],[-11,3],[-29,15],[-42,14],[-22,9],[-32,17],[-39,13],[-25,-2],[-38,4],[-43,9],[-31,3],[-32,7],[-22,6],[-29,18],[-25,29],[-32,23],[-20,11],[-81,54],[-17,16],[-27,33],[-4,39],[7,31],[18,29],[45,38],[38,15],[12,1],[8,8],[2,13],[24,27],[8,15],[0,11],[7,19],[0,17],[-6,13],[-3,26],[0,25],[5,18],[16,20],[32,52],[31,35],[48,36],[31,15],[17,11],[35,30],[100,46],[21,14],[20,17],[27,39],[13,28],[7,30],[-13,-2],[-15,14],[-12,6],[-24,0],[-20,-11],[-1,-25],[-10,-9],[-18,-8],[-19,-4],[-16,1],[-39,12],[-19,15],[-10,14],[-19,6],[-22,11],[-15,16],[-12,22],[-3,26],[6,21],[20,25],[20,15],[46,19],[24,18],[19,37],[9,27],[-8,27],[-11,9],[-44,4],[-34,13],[-13,14],[-9,30],[2,17],[7,16],[18,16],[3,9],[20,16],[8,19],[0,20],[-11,35],[-7,5],[-23,-4],[-15,-8],[-39,0],[-31,5],[-46,14],[-9,6],[-56,8],[-30,6],[-19,8],[-12,11],[-13,21],[-6,24],[2,18],[16,24],[4,12],[4,44],[-3,30],[-5,21],[-16,35],[-15,14],[-18,11],[-17,-2],[-13,-7],[-25,-5],[-52,5],[-14,12],[-15,2],[-28,-3],[-32,0],[-45,6],[-49,18],[-17,9],[-12,12],[-6,14],[4,27],[19,15],[17,8],[26,5],[31,-3],[18,-13],[29,-15],[14,-5],[37,4],[20,27],[16,15],[6,12],[5,19],[-1,14],[-21,33],[-16,40],[-6,23],[-10,13],[-19,13],[-19,-3],[-26,-8],[-21,-3],[-19,3],[-26,10],[-20,25],[-6,22],[1,15],[8,28],[7,17],[0,13],[10,6],[2,28],[-19,33],[2,40],[12,24],[39,13],[26,12],[6,43],[-16,21],[-14,6],[-21,-13],[-11,-16],[-18,-17],[-24,-10],[-65,-6],[-22,3],[-17,7],[-14,10],[-37,21],[-8,2],[-26,20],[-17,29],[-10,39],[-4,42],[-13,28],[-9,24],[-1,37],[10,34],[2,55],[-2,20],[-16,-1],[-23,-17],[-39,-20],[-42,-1],[-46,9],[-24,9],[-39,20],[-21,14],[-23,24],[-18,35],[-13,16],[-23,22],[-38,19],[-59,7],[-38,-18],[-21,-19],[-15,-9],[-20,-21],[-7,-2],[-32,-2],[-36,-8],[-44,1],[-53,8],[-24,-2],[-14,1],[-39,21],[-24,21],[-28,38],[-11,20],[-7,30],[2,45],[-12,75],[2,14],[10,33],[-18,4],[-22,-12],[-5,-9],[-4,-23],[-3,-49],[10,-87],[-2,-26],[-6,-11],[-22,-16],[-15,-17],[-3,-27],[-4,-15],[-17,-32],[-11,-9],[-21,-9],[-27,-9],[-30,0],[-25,7],[-17,8],[-34,10],[5,28],[14,15],[2,10],[-7,19],[-35,24],[-14,-5],[-22,-32],[-18,-17],[-31,-4],[-21,4],[-66,7],[-36,23],[-29,7],[-41,19],[-32,9],[-16,7],[-34,2],[-36,0],[-23,7],[-42,21],[-36,14],[-32,19],[-16,15],[-8,21],[-1,9],[12,32],[0,15],[-10,21],[-1,11],[-8,16],[-18,20],[-18,29],[-56,36],[-29,27],[-9,14],[-18,34],[-22,30],[-15,41],[2,17],[7,20],[1,19],[-9,14],[-3,12],[-21,35],[-9,39],[1,15],[-6,19],[-17,12],[-19,4],[-23,9],[-31,6],[-34,-2],[-10,-6],[-19,-21],[-24,-20],[-15,-9],[-16,-5],[-45,-4],[-43,6],[-25,-1],[-37,6],[-37,13],[-33,18],[-9,9],[-2,23],[14,34],[30,36],[26,24],[38,28],[11,19],[1,14],[-14,19],[-24,23],[-18,8],[-26,4],[-14,-5],[-26,-16],[-16,-16],[-8,-57],[-13,-20],[-19,-18],[-27,-12],[-22,2],[-56,13],[-24,11],[-37,20],[-53,20],[-15,24],[-9,20],[-1,17],[-12,18],[-27,28],[-30,66],[-14,20],[-5,26],[1,14],[13,31],[0,15],[-5,10],[3,24],[19,53],[38,48],[11,20],[7,25],[-11,6],[-20,36],[-13,12],[-16,10],[-27,2],[-14,-9],[-28,-35],[-12,-28],[-4,-25],[12,-30],[0,-15],[-6,-26],[-37,-43],[-10,-15],[-28,-28],[-49,-30],[-37,-5],[-51,8],[-18,8],[-37,10],[-16,-2],[-20,-9],[-37,-1],[-17,8],[-58,13],[-29,22],[-22,8],[-51,11],[-8,8],[-22,12],[-8,9],[-54,26],[-62,27],[-56,21],[-18,8],[-18,13],[-40,37],[-69,32],[-28,8],[-34,6],[-75,-26],[-89,-5],[-21,0],[-40,5],[-57,-1],[-29,2],[-30,8],[-38,24],[-12,10],[-13,3],[-21,-4],[-16,-1],[-17,10],[-18,15],[-12,5],[-22,22],[-46,25],[-3,9],[-40,26],[-20,6],[-21,12],[-27,9],[-11,17],[-7,20],[-1,32],[2,23],[-2,16],[9,13],[49,23],[19,17],[12,23],[5,16],[-7,17],[-25,20],[-26,30],[-8,14],[-5,19],[-2,47],[-6,40],[-5,12],[-12,13],[-61,22],[-41,20],[-32,21],[-17,5],[-35,-1],[-30,-15],[-33,8],[-25,18],[-24,49],[0,32],[15,33],[11,12],[26,20],[29,18],[45,9],[19,-2],[36,-10],[26,-8],[42,-22],[25,-24],[13,-21],[20,-10],[21,0],[10,6],[18,19],[3,26],[-4,21],[-11,26],[-11,15],[-9,27],[6,21],[19,36],[4,26],[7,10],[34,15],[37,21],[18,46],[2,15],[-13,12],[-12,-6],[-31,-23],[-25,-16],[-44,-15],[-29,-1],[-20,6],[-33,24],[-34,19],[-19,20],[-3,49],[24,30],[5,28],[19,36],[-24,56],[-11,17],[-16,2],[-14,-36],[-6,-26],[-11,-12],[-27,-12],[-16,-2],[-23,2],[-18,5],[-15,-5],[-13,-9],[-15,3],[-16,19],[-10,37],[4,37],[13,20],[37,22],[-4,25],[-22,14],[-16,3],[-26,16],[-22,9],[-8,19],[-45,-23],[-21,-4],[-23,3],[-41,19],[-21,4],[-28,13],[-15,19],[-26,28],[-22,16],[-22,6],[-14,7],[-28,22],[-15,19],[-6,19],[-10,39],[-18,15],[-4,12],[11,21],[14,15],[18,8],[17,16],[15,7],[40,4],[56,16],[35,2],[15,8],[38,30],[8,17],[-5,11],[-15,4],[-11,8],[-11,15],[-1,14],[1,43],[-4,14],[-45,25],[-59,24],[-32,14],[-21,15],[-13,14],[-10,22],[-3,15],[12,37],[-21,15],[-6,20],[14,31],[14,19],[17,17],[45,17],[8,6],[0,14],[-12,32],[-10,9],[-39,9],[-19,8],[-26,19],[-10,15],[-6,19],[-9,14],[-36,24],[-20,16],[-25,26],[-6,17],[-2,21],[11,29],[14,20],[12,26],[11,58],[1,21]],[[79860,33723],[-5,-5],[-6,-19],[-14,7],[-13,-16],[-20,4],[-10,18],[-11,0],[-4,-14],[-14,8],[-1,19],[-14,16],[-15,-8],[-2,14],[-9,8],[-15,-7],[-18,9],[-5,10],[19,-4],[-2,16],[-20,-7],[-3,12],[-15,13],[0,10],[-20,14],[-15,-22],[-9,6],[-14,-4],[-10,13],[-16,12],[12,8],[-11,8],[-10,-7],[-30,8],[-8,12],[-21,16],[-15,-2],[-16,17],[6,10],[-9,5],[-10,-6],[-5,-11],[-18,-3],[-20,2],[-5,9],[-23,4],[-8,22],[-28,-6],[-21,13],[-11,-12],[-22,1],[-9,5],[-15,-4],[-1,-10],[-16,4],[-28,-6],[-6,7],[-16,4],[-4,-6],[-23,8],[-30,-2],[-14,-13],[-34,0],[-4,6],[-37,-4],[-11,5],[-29,-10],[-14,-9],[-23,0],[-4,12],[-19,17],[-34,4],[-19,6],[-52,13],[-16,11],[6,7],[-8,13],[-20,8],[-25,17],[-13,4],[-15,-9],[-18,5],[-29,-8],[-11,0],[-40,9],[-6,3],[-19,26],[-9,6],[-20,4],[-34,-1],[-65,14],[-13,5],[-25,17],[-27,6],[-13,19],[-18,15],[-21,25],[-29,51],[-10,15],[-17,12],[-65,-1],[-8,14],[-8,4],[-11,15],[-69,28],[-7,10],[-4,21],[-13,14],[-15,4],[-18,32],[-25,16],[-28,6],[-5,10],[12,3],[-9,18],[-20,8],[-62,8],[-39,33],[-15,25],[-16,3],[-19,19],[-12,19],[-20,25],[-48,44],[-17,8],[-21,5],[-24,-4],[-32,2],[-42,-5],[-15,5],[-17,0],[-12,5],[-2,19],[-7,18],[-23,30],[-1,20],[10,13],[7,22],[15,20],[8,21],[-4,27],[5,12],[21,9],[15,17],[34,48],[4,8],[3,38],[-5,18],[-13,11],[0,10],[16,10],[15,14],[16,32],[35,11],[11,9],[18,7],[43,13],[19,28],[0,21],[5,14],[10,7],[1,8],[-17,16],[-8,11],[-3,15],[0,19],[6,27],[30,2],[15,20],[2,13],[19,13],[24,20],[36,15],[23,19],[23,7],[21,16],[3,14],[-20,11],[-7,8],[3,15],[9,9],[3,12],[-5,23],[-9,13],[-22,20],[-1,19],[-20,26],[5,24],[-2,12],[12,25],[-6,9],[8,15],[-10,15],[4,22],[19,18],[-12,15],[9,17],[12,5],[18,30],[0,11],[16,25],[8,-3],[9,20],[-8,13]],[[78088,35800],[6,8],[-20,6],[-8,12],[2,13],[10,13],[12,4],[16,19],[16,2],[-1,10],[-34,19],[-33,6],[0,16],[18,9],[2,9],[-9,12],[-40,6],[-3,8],[16,13],[57,18],[-4,20],[24,8],[9,-3],[7,-11],[13,-3],[7,13],[11,8],[43,3],[0,9],[-10,5],[-22,-3],[-11,6],[-14,18],[7,13],[28,-1],[10,-14],[17,-2],[11,5],[17,15],[14,-2],[13,5],[4,23],[12,13],[14,9],[15,4],[17,-7],[12,3],[14,12],[30,5],[19,9],[30,10],[13,13],[5,28],[24,19],[0,8],[-22,10],[5,15],[30,-3],[26,6],[12,-2],[8,-16],[12,16],[26,5],[9,-7],[5,-19],[13,-1],[10,8],[18,30],[5,32],[11,17],[-11,5],[-15,-13],[-10,4],[1,21],[18,14],[-4,13],[-17,-9],[-21,0],[-3,11],[40,8],[16,18],[14,-3],[17,-19],[29,4],[13,-6],[-11,-11],[-26,2],[-4,-7],[10,-9],[28,-1],[17,24],[6,1],[23,-6],[27,6],[6,8],[-10,22],[-12,1],[-7,-13],[-15,-8],[-10,8],[6,41],[9,7],[20,2],[12,13],[2,13],[-11,11],[33,18],[-4,10],[-13,4],[27,9],[14,-4],[9,-13],[11,-4],[10,30],[-11,28],[2,14],[10,26],[-3,14],[-9,7],[-36,13],[-46,11],[-20,9],[-18,4],[-21,-1],[-30,11],[-12,11],[-9,20],[-7,33],[3,31],[24,10],[-10,15],[10,12],[-5,8],[-16,0],[-28,-8],[-10,6],[1,8],[20,17],[9,16],[5,19],[-2,24],[-20,4],[-31,-36],[-10,-5],[-16,4],[-20,32],[-12,12],[-16,5],[-38,6],[-17,10],[-7,18],[13,14],[30,10],[13,9],[8,14],[-4,20],[-12,6],[-57,-8],[-48,15],[-26,-1],[-18,-7],[-13,-12],[-7,-63],[-7,-24],[-22,-31],[-29,-28],[-24,-15],[-17,-3],[-20,4],[-19,9],[-23,1],[-44,-19],[-10,6],[-7,18],[-11,10],[-25,-1],[-24,-13],[-45,-14],[-33,9],[-17,13],[-16,15],[-36,17],[-36,24],[-16,5],[-19,0],[-23,-10],[-18,-16],[-4,-19],[6,-17],[13,-7],[23,-2],[40,1],[16,-4],[8,-17],[-3,-12],[-18,-38],[-7,-10],[-19,-15],[-25,4],[-9,14],[-3,21],[-5,14],[-28,35],[-13,6],[-19,0],[-10,-10],[2,-21],[12,-29],[3,-29],[15,-30],[0,-19],[-7,-10],[-16,4],[-16,17],[-10,1],[-15,-5],[-24,-19],[-17,-7],[-22,1],[-11,7],[-24,44],[-19,18],[-35,16],[-19,0],[-14,-8],[-1,-13],[14,-7],[20,-1],[17,-6],[16,-11],[7,-25],[-8,-23],[-18,-15],[-17,-11],[-36,-9],[-20,0],[-14,5],[-6,11],[-6,27],[-10,18],[-20,8],[-8,-9],[-6,-20],[-14,-19],[-16,-3],[-16,5],[-43,48],[-15,21],[-13,8],[-12,-2],[-22,-36],[-17,-6],[-17,2],[-38,13],[-23,0],[-19,5],[-14,11],[-7,14],[8,16],[13,10],[16,6],[42,1],[15,6],[7,8],[1,23],[-13,15],[-31,13],[-23,4],[-14,-1],[-28,-9],[-12,-8],[-37,-33],[-7,-8],[1,-29],[-8,-13],[-39,2],[-15,-13],[-10,-33],[-21,-15],[-22,1],[-42,34],[-38,23],[-19,15],[-28,13],[-29,6],[-37,-4],[-15,-9],[-4,-20],[12,-12],[36,-8],[28,-18],[14,-22],[13,-29],[1,-20],[-5,-19],[-17,-19],[-53,-32],[-21,-30],[-20,-12],[-27,-4],[-12,2],[-10,30],[-21,19],[-13,18],[-17,17],[-26,10],[-22,3],[-18,8],[-30,21],[-13,14],[-3,16],[5,32],[-1,25],[-6,10],[-15,4],[-20,-6],[-45,-36],[-17,-24],[-16,-10],[-18,-4],[-30,6],[-35,12],[-13,9],[-11,28],[-21,10],[-33,-4],[-23,12],[-12,22],[-39,27],[-7,24],[4,18],[-7,16],[-25,9],[-22,-3],[-13,-10],[5,-32],[-3,-13],[-15,-10],[-37,-6],[-26,0],[-21,7],[-5,10],[3,9],[15,20],[1,16],[-6,7],[-22,10],[-22,-1],[-17,-5],[-23,-12],[-20,-20],[-13,-8],[-20,-5],[-43,0],[-80,-9],[-13,-4],[-36,-29],[-7,-9],[2,-10],[10,-6],[17,-2],[29,-8],[9,-8],[-6,-14],[-28,-7],[-12,-6],[-8,-25],[-8,-9],[-15,1],[-20,38],[-11,12],[-28,3],[-21,-16],[-22,-23],[-19,-10],[-44,-8],[-42,2],[-28,13],[-14,12],[-49,28],[-23,7],[-3,13],[8,19],[0,17],[-4,14],[4,16],[21,9],[23,-3],[20,-8],[10,-10],[9,-18],[16,-12],[37,-5],[18,5],[9,6],[-1,20],[-17,10],[-45,7],[-20,7],[-18,11],[-27,20],[-30,32],[-3,16],[4,9],[20,15],[4,16],[-16,13],[-21,8],[-19,0],[-13,-9],[-2,-13],[11,-31],[-3,-17],[-14,-11],[-39,-10],[-33,1],[-24,14],[-16,20],[-25,21],[-22,9],[5,7],[-21,12],[-12,15],[-23,12],[-13,1],[-17,9],[-17,-13],[-20,20],[-4,13],[-54,-13],[-4,10],[-21,3],[-30,-22],[-12,12],[-9,-16],[-14,14],[-38,-1],[8,10],[-12,15],[-22,-9],[-75,16],[-28,13],[-14,14],[-15,4],[4,11],[-14,1],[-9,8],[-13,0],[-19,16],[-24,2],[-25,20],[-18,5],[-1,15],[-7,1],[-6,13],[5,22],[-16,-4],[-3,12],[17,16],[-4,9],[-12,9],[8,22],[-7,2],[-15,18],[-9,6],[6,12],[-11,15],[-1,12],[12,16],[-12,12],[-24,17],[8,9],[-8,15],[-2,11],[-13,11],[-10,-5],[-8,25],[-13,8],[-22,42],[-19,19],[7,5],[-7,18],[-21,9],[8,13],[-25,3],[4,25],[-18,6],[-21,23],[9,18],[-21,8],[-1,30],[-23,13],[-2,26],[-21,-2],[-18,11],[8,9],[-25,33],[3,22],[-7,4],[-8,19],[4,5],[19,4],[8,10],[1,14],[-10,12],[-11,3],[2,24],[-37,11],[-11,8],[-7,-5],[-16,5],[-14,19],[-16,7],[-12,21],[-19,3],[-13,12],[1,16],[10,4],[2,11],[-13,27],[-13,4],[-13,11],[1,8],[-13,14],[-22,-2],[-34,16],[-14,15],[-33,19],[-16,-12],[-14,7],[-8,16],[-22,22],[-9,-6],[-14,23],[4,11],[-4,12],[-9,0],[-25,22],[-3,11],[-23,5],[-15,27],[7,19],[-7,18],[5,13],[13,4],[-7,9],[6,16],[-11,-1],[0,22],[-8,5],[3,10],[-11,28],[-17,7],[-4,17],[-33,0],[8,17],[-17,1],[-26,11],[-36,3],[-22,-4],[-21,-10],[-26,-7],[-8,-10],[-13,3],[-19,-12],[-13,-5],[-3,-15],[-35,-30],[-9,-17],[-10,-4],[-17,9],[-9,11],[-19,8],[-7,11],[-12,-8],[-17,-1],[-16,-7],[-13,10],[-6,18],[-20,-4],[-18,0],[-13,10],[-1,14],[-14,3],[-2,-14],[-16,5],[-18,-1],[-29,8],[-13,18],[8,13],[0,16],[-22,24],[-18,41],[-14,22],[-36,19],[-11,28],[-20,0],[0,20],[-36,12],[-16,-7],[-5,-12],[-11,-7],[-23,3],[-24,5],[-19,0],[-18,-7],[-9,-14],[-24,-4],[-4,-13],[-34,7],[-22,-17],[-10,1],[-14,-8],[-32,4],[-32,13],[-15,10],[-14,25],[-14,-1],[-11,-16],[-51,-21],[-24,1],[-17,12],[-8,10],[0,12],[-20,15],[-21,3],[-11,6],[-12,17],[-11,36],[-3,22],[-8,23],[-31,42],[-22,42],[-8,24],[553,192],[290,101],[577,200],[743,258],[555,193],[246,85]],[[75458,39817],[24,3],[5,11],[1,31],[-11,32],[-3,39],[9,12],[24,16],[13,1],[16,-13],[15,0],[60,14],[42,4],[32,14],[130,14],[87,16],[62,18],[56,11],[45,10],[41,11],[35,15],[44,25],[76,37],[28,17],[24,9],[26,5],[44,3],[32,8],[30,20],[18,24],[16,53],[4,25],[-2,28],[-18,53],[-8,40],[-15,30],[-8,24],[1,36],[13,19],[21,13],[27,4],[27,-1],[54,-17],[56,-4],[17,2],[44,15],[63,34],[29,21],[21,20],[14,8],[40,10],[55,5],[31,5],[9,13],[5,66],[-1,37],[-6,56],[-6,34],[-3,55],[-12,54],[-20,63],[-21,39],[-15,23],[-78,82],[-16,23],[6,19],[23,10],[32,0],[42,-8],[31,-9],[44,-7],[39,-2],[45,9],[29,8],[19,11],[16,16],[2,21],[-8,18],[-13,22],[-47,42],[-39,44],[-10,9],[-37,17],[-49,13],[-72,2],[-36,-1],[-65,-10],[-14,2],[-26,11],[-18,16],[-13,18],[-1,14],[3,15],[11,18],[13,10],[32,11],[29,5],[39,0],[62,-5],[46,6],[30,7],[18,12],[8,29],[-5,28],[-9,27],[-15,19],[-30,32],[-6,13],[3,20],[28,28],[36,21],[43,21],[41,11],[40,30],[11,16],[-1,13],[8,21],[9,15],[16,15],[18,30],[3,11],[1,31],[8,20],[12,14],[19,16],[27,14],[45,4],[28,-7],[17,-8],[14,-12],[26,-34],[19,-15],[14,-4],[23,-1],[16,7],[26,21],[6,10],[3,20],[-9,37],[-11,18],[-21,16],[-44,22],[-16,13],[2,32],[14,19],[29,10],[25,-3],[22,-11],[17,-12],[16,-21],[13,-26],[6,-29],[5,-46],[13,-27],[14,-15],[38,-12],[19,-2],[29,2],[19,5],[40,14],[19,10],[36,25],[15,22],[13,8],[12,17],[4,25],[-20,27],[-60,55],[-34,25],[-21,21],[-5,10],[-3,21],[5,48],[18,22],[23,10],[32,1],[44,-22],[24,-19],[7,-15],[13,-19],[5,-16],[0,-34],[-2,-35],[10,-62],[13,-21],[14,-16],[19,-7],[22,1],[36,15],[44,33],[17,26],[2,56],[-3,26],[1,25],[-17,49],[0,25],[-10,52],[-28,30],[-56,20],[-23,-1],[-40,10],[-21,19],[-7,12],[-9,58],[9,65],[8,13],[18,15],[15,7],[28,19],[22,10],[24,5],[28,0],[25,-5],[32,-19],[25,-21],[31,-33],[29,-2],[23,9],[16,18],[7,45],[-5,15],[-24,28],[-33,18],[-42,9],[-52,42],[-74,48],[-28,9],[-16,0],[-28,13],[-43,36],[-27,24],[-10,16],[-18,18],[-26,22],[-7,23],[4,12],[14,13],[47,12],[42,9],[82,19],[47,6],[30,21],[12,15],[14,25],[7,22],[0,40],[-14,22],[-3,32],[3,18],[26,28],[27,11],[24,3],[25,-15],[17,-18],[-9,-16],[-5,-18],[3,-14],[14,-15],[27,-10],[51,0],[18,4],[50,7],[76,3],[42,5],[55,17],[26,13],[22,8],[35,19],[19,14],[21,24],[24,36],[43,31],[19,8],[36,1],[18,-2],[24,-11],[33,-26],[13,-15],[9,-32],[-3,-28],[-14,-38],[-4,-27],[1,-15],[14,-29],[37,-24],[23,-7],[27,-3],[20,1],[61,25],[29,23],[44,17],[64,24],[84,15],[55,8],[35,12],[18,19],[11,28],[3,35],[-5,28],[-17,34],[-27,26],[-56,33],[-46,40],[-11,26],[-4,29],[6,27],[16,28],[31,15],[38,2],[27,-5],[88,-28],[45,-12],[42,-14],[33,-15],[47,-57],[10,-35],[10,-25],[17,-11],[25,0],[84,11],[54,19],[27,22],[16,33],[8,29],[-1,23],[-6,27],[0,49],[26,37],[24,20],[17,19],[0,20],[-10,19],[-22,19],[-26,16],[-17,25],[-19,34],[-59,47],[-46,32],[-28,26],[-12,20],[-8,33],[9,36],[24,22],[26,15],[64,2],[29,-10],[23,-13],[13,-16],[27,-49],[34,-82],[21,-39],[21,-32],[24,-31],[29,-24],[59,-23],[52,-19],[58,-19],[33,1],[17,15],[4,26],[-15,29],[-31,31],[-41,44],[-42,36],[-52,84],[-26,45],[-8,39],[0,31],[14,28],[35,30],[31,13],[49,2],[40,-8],[25,-19],[21,-32],[7,-42],[-8,-51],[-13,-45],[5,-36],[22,-26],[24,-17],[19,-8],[25,6],[25,11],[44,33],[25,25],[9,24],[0,24],[-6,21],[-5,51],[-11,32],[3,19],[13,23],[22,29],[24,10],[22,19],[16,4],[30,-9],[47,-6],[40,-7],[30,-11],[40,-25],[17,-21],[45,-32],[26,-15],[15,-2],[61,1],[12,4],[29,15],[18,17],[6,9],[-1,23],[-22,56],[-7,9],[-21,17],[-20,8],[-34,7],[-56,5],[-16,5],[-15,8],[-10,16],[-9,24],[-2,24],[14,15],[21,12],[34,6],[34,-4],[38,-18],[11,-8],[31,-15],[21,-20],[26,-18],[9,-9],[27,-39],[18,-35],[5,-19],[2,-97],[4,-14],[26,-2],[16,6],[25,19],[19,23],[20,19],[7,12],[22,25],[20,33],[16,44],[12,44],[9,11],[16,9],[50,15],[12,0],[31,-6],[14,-6],[25,-19],[30,-34],[19,-16],[41,-12],[40,-3],[22,3],[19,6],[15,14],[12,33],[2,43],[-3,12],[3,15],[18,14],[20,9],[16,4],[20,0],[25,-10],[14,-13],[14,-19],[26,-76],[14,-28],[20,-12],[18,24],[5,15],[11,44],[35,56],[14,29],[13,35],[9,34],[7,37],[-2,36],[-7,37],[-26,42],[-3,11],[2,58],[-2,16],[8,27],[10,20],[16,17],[27,15],[10,12],[3,22],[-6,18],[-15,13],[-24,7],[-21,0],[-38,-14],[-14,-11],[-16,-7],[-22,0],[-16,12],[1,16],[16,17],[25,15],[18,6],[24,1],[32,-3],[34,-6],[31,-9],[63,-15],[31,2],[63,-17],[50,-7],[38,2],[41,8],[84,12],[25,6],[30,0],[19,-7],[38,-30],[5,-12],[4,-33],[-8,-24],[-16,-30],[5,-11],[16,-9],[24,-6],[20,6],[19,11],[7,16],[4,20],[-8,35],[-5,46],[21,44],[17,39],[26,41],[55,44],[24,16],[30,14],[41,-1],[45,-5],[31,-8],[13,-9],[27,-26],[9,-18],[28,-42],[9,-16],[14,-35],[8,-37],[5,-11],[19,-29],[13,-13],[16,-9],[39,-17],[33,-4],[21,2],[29,14],[15,18],[17,39],[4,23],[10,21],[24,22],[26,5],[26,-2],[21,-17],[16,-21],[5,-50],[15,-16],[36,-10],[26,4],[20,16],[40,38],[44,20],[7,7],[44,28],[27,8],[23,10],[27,23],[19,9],[30,4],[27,10],[21,18],[14,23],[6,32],[10,21],[7,6],[42,21],[22,-2],[19,-7],[20,-12],[32,-23],[6,-10],[8,-45],[0,-25],[-13,-31],[-31,-49],[-26,-37],[-25,-51],[-8,-43],[-4,-35],[9,-22],[33,-19],[19,-3],[30,3],[21,7],[25,14],[26,22],[33,52],[12,14],[23,36],[18,46],[3,16],[1,23],[-5,30],[-15,32],[-25,23],[-30,17],[-35,22],[-19,34],[-4,34],[4,20],[11,13],[16,7],[23,0],[60,-7],[54,-8],[43,-13],[24,-9],[15,-9],[23,-19],[8,-18],[26,-34],[10,-34],[2,-18],[-10,-72],[15,-36],[23,-16],[21,-7],[41,7],[21,8],[22,19],[21,32],[10,44],[19,36],[16,13],[20,3],[23,-4],[32,-13],[8,-7],[10,-27],[-7,-28],[-8,-20],[-21,-32],[-5,-23],[9,-20],[10,-10],[20,-11],[16,-3],[32,4],[24,10],[43,36],[13,5],[25,-2],[9,-4],[30,-20],[11,-26],[-3,-29],[-6,-14],[-15,-25],[-18,-18],[-21,-15],[-36,-16],[-30,-18],[-10,-11],[-3,-17],[9,-28],[22,-3],[17,1],[42,-6],[46,10],[40,21],[41,17],[25,12],[28,27],[43,32],[17,20],[27,47],[25,29],[24,19],[24,10],[19,3],[37,0],[12,-7],[24,-41],[6,-17],[2,-16],[1,-55],[5,-20],[18,-33],[8,-9],[26,-18],[37,-12],[30,5],[24,15],[13,50],[9,18],[12,19],[12,6],[25,-1],[19,-5],[16,-8],[12,-14],[23,-40],[4,-11],[14,-12],[17,-7],[32,1],[47,19],[32,19],[33,49],[16,17],[22,12],[38,31],[16,19],[57,51],[34,28],[25,18],[51,26],[27,11],[30,8],[28,4],[32,1],[30,-2],[23,-4],[23,-10],[7,-8],[50,-33],[32,-18],[12,-4],[29,-4],[20,0],[37,12],[18,12],[20,30],[20,49],[1,15],[-6,42],[-14,37],[-30,46],[-26,35],[-8,14],[1,22],[5,11],[17,21],[17,9],[33,3],[27,-6],[26,-15],[18,-24],[6,-13],[2,-16],[-6,-43],[-6,-20],[-10,-21],[-4,-18],[-4,-48],[0,-36],[2,-17],[8,-19],[9,-14],[42,-21],[21,-7],[41,-3],[40,8],[38,17],[32,26],[24,25],[25,22],[56,25],[26,9],[27,5],[23,2],[32,-3],[60,-20],[21,-16],[16,-29],[29,-42],[11,-29],[5,-37],[11,-18],[15,-9],[21,-5],[20,3],[14,14],[5,10],[2,37],[-7,15],[-13,15],[-30,27],[-6,16],[-3,26],[-6,13],[-21,29],[-22,24],[-28,21],[-19,24],[-8,16],[-3,16],[0,47],[8,31],[10,15],[22,12],[34,8],[33,1],[19,-6],[21,-10],[38,-31],[14,-22],[26,-24],[16,-20],[36,-25],[32,-4],[49,6],[35,11],[48,23],[39,14],[35,22],[14,14],[15,24],[25,45],[4,41],[-7,51],[2,17],[9,20],[18,26],[16,12],[18,21],[43,18],[32,1],[17,-5],[25,-11],[59,-39],[11,-6],[58,-18],[17,-3],[77,-9],[28,-1],[25,0],[37,6],[40,15],[16,13],[34,13],[35,5],[48,-3],[29,-10],[24,-15],[40,-46],[25,-11],[14,1],[34,16],[6,39],[-10,20],[-25,25],[-23,13],[-25,12],[-29,9],[-27,7],[-27,4],[-30,9],[-19,14],[-14,15],[-13,24],[-4,14],[1,18],[10,19],[24,22],[17,6],[24,-2],[45,-11],[38,-15],[20,-16],[25,-28],[18,-29],[15,-42],[9,-17],[30,-32],[30,-23],[22,-7],[23,-3],[17,2],[26,9],[36,18],[41,30],[36,11],[29,-5],[59,-29],[23,-10],[11,-1],[15,7],[15,24],[8,26],[14,17],[32,1],[23,-7],[28,-17],[8,-8],[41,-52],[13,-24],[6,-18],[16,-16],[21,-8],[13,3],[14,23],[3,18],[-17,31],[-20,29],[-13,15],[-32,24],[-53,37],[-14,12],[-17,24],[-10,51],[4,13],[17,23],[22,10],[33,6],[30,-7],[35,-21],[18,-12],[56,-61],[32,-32],[67,-63],[13,-9],[40,-24],[30,-4],[29,1],[21,7],[19,23],[11,27],[2,16],[-5,21],[-9,14],[-30,21],[-18,16],[-16,21],[-8,19],[3,28],[9,17],[-1,23],[7,14],[11,12],[32,22],[66,30],[8,10],[39,31],[39,27],[49,15],[26,1],[23,-3],[20,-7],[41,-24],[39,-42],[18,-8],[25,-4],[21,9],[14,14],[14,30],[-1,29],[2,16],[-8,22],[-10,14],[-35,26],[-14,20],[-2,30],[5,27],[9,22],[11,12],[18,6],[37,0],[35,-9],[34,-28],[16,-22],[29,-58],[17,-28],[32,-39],[17,-15],[17,-8],[33,-9],[47,9],[28,18],[14,27],[6,21],[0,20],[-10,35],[-9,15],[-29,28],[-34,20],[-23,9],[-35,17],[-25,16],[-36,17],[-48,15],[-15,8],[-39,38],[-9,13],[-6,16],[0,25],[7,17],[23,29],[18,12],[24,12],[44,13],[24,2],[37,-2],[23,-4],[25,-8],[24,-12],[53,-33],[20,-9],[36,-12],[17,-3],[35,1],[40,12],[11,7],[28,28],[17,5],[70,5],[34,8],[19,19],[11,27],[0,20],[-13,20],[-21,19],[-38,20],[-10,9],[-7,40],[11,31],[19,27],[20,18],[12,25],[1,33],[-8,24],[-10,21],[0,13],[17,20],[12,6],[32,5],[46,-9],[29,-12],[34,-26],[27,-24],[16,-11],[22,-10],[47,-4],[46,2],[48,5],[20,5],[54,2],[42,-5],[36,-8],[51,-8],[18,0],[70,2],[46,0],[41,-6],[33,-13],[38,-22],[89,-56],[42,-13],[17,1],[10,6],[14,21],[2,12],[-2,26],[6,54],[-1,17],[-18,26],[-32,30],[0,25],[14,13],[34,-2],[41,-29],[47,-26],[38,-8],[28,-1],[43,2],[24,8],[54,24],[27,16],[52,22],[32,10],[20,4],[32,3],[28,-4],[25,-8],[17,-14],[21,-30],[9,-35],[2,-20],[-5,-29],[-20,-38],[-30,-29],[-31,-24],[-14,-15],[-12,-27],[10,-22],[13,-17],[29,-23],[36,-17],[17,-1],[32,13],[40,21],[31,25],[8,12],[10,29],[7,58],[8,21],[14,21],[27,20],[18,8],[36,7],[53,-1],[11,-5],[14,-13],[13,-23],[4,-26],[-2,-31],[-8,-20],[-11,-17],[-34,-36],[-17,-13],[-4,-14],[2,-16],[-5,-10],[14,-21],[19,-13],[20,3],[17,16],[17,27],[48,86],[53,107],[33,115],[53,79],[17,3],[40,-3],[14,-5],[10,-10],[15,-41],[-1,-15],[-6,-19],[-15,-37],[1,-30],[10,-16],[16,-18],[22,-11],[37,-11],[28,0],[28,5],[39,12],[20,20],[24,3],[34,-4],[31,-15],[17,-23],[19,-19],[14,-10],[45,-15],[34,-6],[23,-10],[36,-3],[48,6],[60,11],[34,-6],[15,-7],[30,-27],[15,-11],[39,-63],[19,-55],[12,-73],[-1,-35],[1,-21],[5,-12],[13,-9],[28,1],[51,6],[43,12],[5,-2],[52,7],[46,13],[31,7],[24,12],[51,37],[31,30],[27,19],[128,127],[113,96],[31,35],[41,27],[69,40],[16,5],[48,34],[54,28],[107,51],[42,22],[34,23],[39,18],[71,23],[56,20],[49,13],[45,20],[79,47]],[[94221,46950],[29,-31],[11,-31],[12,-48],[13,-84],[1,-24],[-4,-36],[3,-77],[4,-55],[11,-44],[7,-39],[13,-28],[12,-29],[0,-14],[-9,-30],[-1,-48],[6,-20],[8,-14],[37,-35],[10,-45],[14,-17],[33,-5],[22,-16],[20,-23],[48,-47],[7,-18],[11,-48],[9,-18],[18,-23],[21,-24],[20,-29],[9,-39],[8,-12],[15,-42],[5,-34],[-5,-23],[6,-22],[2,-22],[-13,-42],[7,-40],[0,-29],[14,-37],[20,-26],[21,-39],[8,-22],[3,-27],[6,-17],[65,-31],[13,-12],[12,-31],[20,-37],[28,-38],[9,-21],[38,-19],[84,-5],[158,16],[30,7],[56,7],[13,3],[54,-11],[23,1],[28,7],[21,10],[52,60],[32,27],[38,9],[20,0],[16,-7],[14,-9],[17,-7],[40,-11],[13,-10],[22,-33],[28,-44],[48,-64],[7,-16],[2,-20],[-4,-51],[0,-20],[15,-31],[6,-37],[12,-23],[28,-37],[21,-16],[16,-18],[9,-17],[12,-17],[15,-26],[16,-10],[19,-2],[43,1],[35,-20],[8,-16],[1,-18],[-5,-27],[-24,-33],[-8,-21],[2,-22],[12,-17],[50,-24],[14,0],[12,-7],[7,-19],[0,-19],[-10,-39],[-13,-31],[-21,-77],[-15,-6],[-8,-8],[3,-23],[12,-19],[15,-88],[2,-19],[17,-12],[24,-7],[32,-23],[13,-16],[5,-45],[-5,-13],[4,-15],[39,-44],[47,-39],[39,-49],[12,-28],[5,-20],[-1,-31],[14,-44],[-2,-63],[3,-27],[9,-29],[8,-40],[10,-18],[13,-34],[15,-21],[32,-27],[26,-6],[29,0],[36,-2],[34,-8],[56,-16],[35,-22],[19,-16],[19,-9],[63,-13],[24,-7],[31,-18],[18,-24],[16,-30],[9,-25],[9,-34],[9,-31],[12,-19],[27,-30],[9,-16],[26,-37],[5,-20],[8,-18],[27,-36],[7,-19],[-2,-23],[10,-53],[-4,-15],[-16,-16],[-34,-20],[-25,-14],[-16,-14],[-8,-13],[8,-28],[-13,-24],[-17,-21],[-25,-39],[-8,-37],[-14,-21],[-22,-11],[-22,-26],[-24,-21],[-36,-27],[-9,-23],[-23,-19],[-29,-11],[-56,-29],[-19,2],[-20,-9],[-22,-19],[-21,-29],[-2,-23],[5,-38],[-2,-17],[-14,-61],[-5,-18],[1,-23],[13,-24],[10,-33],[-3,-13],[-361,0],[-294,-225],[-254,-193],[-194,-146],[-796,-602],[-449,-340],[-634,-479],[-254,-192],[-8,-427],[32,-5],[22,-1],[23,18],[24,4],[40,-1],[35,6],[11,16],[8,17],[6,26],[10,5],[2,15],[-4,11],[7,17],[10,9],[12,24],[14,23],[16,20],[12,10],[47,23],[30,5],[73,-22],[40,-7],[40,-4],[38,2],[35,6],[34,14],[58,9],[69,28],[19,4],[71,2],[15,-5],[11,-8],[9,-25],[-6,-16],[-13,-7],[-4,-24],[7,-26],[10,-8],[70,-21],[48,-11],[26,-3],[53,-16],[37,-8],[50,-9],[52,-15],[67,-7],[24,-1],[38,-8],[13,-6],[41,-10],[30,0],[27,7],[11,9],[28,34],[22,21],[19,7],[52,11],[28,3],[31,6],[29,-4],[32,-17],[7,-25],[6,-9],[43,-28],[31,-28],[45,-39],[35,-38],[15,-21],[12,-31],[-4,-25],[-12,-37],[-1,-45],[4,-27],[7,-23],[36,-32],[32,-13],[16,-12],[18,-18],[31,-18],[9,-19],[3,-16],[-1,-28],[-4,-18],[-9,-18],[-4,-30],[1,-45],[-20,-47],[-7,-43],[3,-70],[8,-23],[31,-42],[20,-15],[15,-5],[24,0],[17,13],[3,12],[21,21],[62,37],[18,6],[43,9],[32,12],[19,2],[18,-3],[71,-31],[23,-6],[84,3],[15,2],[28,-2],[17,-14],[8,-14],[1,-26],[16,-25],[22,-46],[5,-17],[14,-24],[25,-76],[13,-20],[15,-12],[10,-1],[55,12],[18,-1],[29,-10],[17,-20],[43,-26],[40,-39],[20,-23],[10,-17],[17,-13],[22,-8],[37,-25],[30,-29],[34,-12],[51,-24],[44,-7],[11,-4],[21,-18],[28,-50],[-3,-31],[2,-21],[7,-10],[5,-31],[11,-16],[25,-11],[25,-5],[13,-6],[22,-17],[15,-6],[31,-6],[14,-7],[25,-24],[30,2],[10,-2],[49,-27],[35,-34],[22,-35],[7,-18],[0,-19],[-10,-30],[14,-28],[20,-19],[20,-36],[20,-15],[43,-20],[20,-17],[7,-11],[6,-21],[10,-14],[19,-14],[33,-17],[13,-12],[9,-17],[0,-34],[5,-19],[22,-35],[23,-16],[44,-10],[43,-34],[32,-14],[37,-1],[19,6],[37,-3],[24,-10],[16,-12],[28,-37],[47,-34],[22,-13],[20,-15],[38,-17],[14,-5],[40,-19],[26,-16],[38,-35],[11,-21],[3,-33],[8,-15],[51,-54],[6,-15],[25,-25],[43,-35],[43,-41],[4,-8],[6,-24],[0,-26],[-23,-21],[-20,-27],[-27,-51],[-11,-13],[-26,-17],[-16,-6],[-24,-20],[-36,-18],[-19,-25],[-6,-14],[-6,-34],[1,-24],[18,-17],[5,-10],[5,-40],[-12,-36],[-1,-33],[-31,-28],[-7,-19],[-3,-34],[8,-21],[40,-50],[9,-13],[38,-50],[19,-16],[17,-26],[4,-56],[4,-16],[30,-53],[9,-22],[2,-32],[9,-36],[21,-45],[20,-19],[12,-34],[25,-25],[32,-46],[15,-27],[30,-35],[24,-20],[9,-4],[15,-26],[14,-17],[23,-21],[29,-16],[41,-4],[9,1],[41,22],[22,15],[22,12],[38,14],[42,0],[32,-8],[15,-12],[13,-21],[11,-26],[21,-33],[4,-23],[10,-31],[2,-24],[-3,-14],[-1,-37],[2,-15],[21,-55],[10,-34],[15,-26],[10,-56],[4,-52],[-1,-19],[-24,-34],[-23,-36],[-17,-23],[-6,-24],[-41,-43],[-9,-18],[1,-43],[-8,-38],[-23,-40],[-7,-6],[-11,-47],[-2,-28],[-4,-27],[1,-15],[10,-7],[41,-1],[10,-3],[46,-51],[23,-44],[21,-15],[33,-10],[29,-16],[15,-20],[7,-17],[25,-23],[24,0],[28,-8],[33,-29],[11,-18],[-1,-18],[32,-40],[6,-23],[21,-36],[7,-24],[3,-26],[8,-46],[13,-31],[28,-54],[17,-50],[21,-55],[21,-29],[47,-41],[9,-11],[4,-23],[-8,-37],[-9,-80],[-3,-36],[1,-31],[3,-20],[9,-23],[1,-10],[9,-46],[9,-29],[16,-29],[26,-25],[22,-15],[15,-15],[27,-39],[19,-34],[9,-32],[1,-30],[-3,-29],[9,-21],[29,-32],[28,-25],[17,-36],[21,-37],[14,-46],[25,-34],[4,-15],[4,-25],[9,-24],[28,-23],[18,-2],[70,-26],[23,-15],[21,-24],[17,-24],[7,-22],[-5,-17],[0,-29],[-10,-79],[25,-60],[10,-30],[3,-34],[-6,-38],[2,-16],[-3,-24],[-9,-38],[-16,-26],[0,-19],[4,-10],[0,-17],[26,-29],[18,-6],[26,-3],[27,-9],[21,-16],[20,-19],[18,-33],[13,-16],[27,-41],[3,-23],[16,-32],[47,-55],[21,-51],[12,-65],[2,-26],[38,-81],[18,-25],[4,-32],[10,-50],[-3,-48],[-14,-39],[-3,-28],[3,-77],[6,-27],[-8,-17],[-7,-49],[0,-25],[6,-21],[10,-16],[3,-14],[21,-28],[31,-24],[37,-12],[33,-13],[46,-9],[34,-13],[29,-15],[34,-36],[27,-44],[47,-55],[19,-26],[13,-47],[14,-30],[13,-89],[15,-30],[4,-71],[-8,-23],[-12,-22],[-26,-16],[-25,-2],[-60,-10],[-22,-10],[-22,-17],[-22,-26],[-21,-38],[-9,-20],[-1,-21],[2,-28],[8,-24],[4,-22],[21,-57],[18,-23],[30,-24],[53,-34],[19,-14],[15,-19],[22,-43],[6,-16],[9,-36],[-1,-17],[-24,11],[-19,13],[-380,-86],[-500,-113],[-398,-90],[-282,-64],[-2,8],[-24,21],[12,9],[16,19],[20,8],[20,15],[-34,13],[0,12],[-18,10],[1,20],[34,13],[5,25],[18,15],[-1,11],[-28,7],[-7,13],[3,35],[-18,0],[-12,19],[-7,49],[11,28],[-27,7],[1,15],[-40,22],[8,12],[-14,22],[2,17],[13,4],[6,22],[-9,14],[2,19],[-8,29],[-26,-1],[-30,15],[-6,21],[-39,8],[-18,6],[-22,-2],[-34,15],[-5,6],[17,13],[11,25],[-15,35],[-18,-9],[-12,12],[-18,5],[17,15],[-43,11],[-7,27],[-17,14],[-5,10],[-20,5],[-10,27],[2,49],[-12,5],[-10,10],[-53,5],[1,33],[-1,15],[23,17],[7,64],[-9,13],[8,6],[3,13],[26,-3],[23,-11],[22,7],[5,-11],[12,10],[14,29],[29,2],[8,-11],[-2,-14],[30,-15],[-11,-17],[35,3],[44,-5],[-1,-9],[30,-15],[4,15],[23,8],[6,6],[28,-2],[5,26],[23,20],[43,-4],[25,20],[-6,16],[-16,12],[-3,21],[13,1],[12,-5],[5,10],[17,15],[17,-2],[23,10],[22,13],[9,19],[-6,14],[-25,2],[-34,12],[36,29],[-13,27],[-6,34],[23,20],[-17,13],[-17,25],[23,-1],[-1,34],[3,12],[-21,-7],[-10,19],[-17,19],[0,22],[23,7],[17,9],[17,18],[-23,12],[-33,-2],[12,18],[3,18],[-15,11],[17,7],[-2,27],[18,32],[-3,28],[17,5],[22,26],[-5,29],[-9,11],[3,15],[-5,41],[-14,7],[-27,-6],[-30,15],[-5,12],[17,12],[-1,9],[-30,11],[-18,19],[23,26],[-20,32],[0,11],[-22,8],[-15,20],[5,37],[-17,37],[-7,12],[22,5],[6,26],[-12,17],[2,12],[18,13],[-2,19],[12,8],[5,22],[-22,16],[-7,24],[5,33],[-21,14],[-5,13],[11,8],[-12,9],[7,21],[-2,11],[-28,21],[2,9],[10,15],[5,20],[12,4],[9,13],[-20,7],[-19,-4],[-9,9],[-10,-1],[-38,9],[15,32],[-3,19],[-23,-3],[-28,7],[2,14],[-18,15],[-16,-5],[-33,8],[-24,20],[-5,15],[-13,9],[-21,-19],[-22,-5],[5,34],[7,15],[-2,9],[18,19],[-12,14],[8,12],[-8,12],[1,26],[28,-3],[18,19],[-8,11],[0,24],[19,35],[-3,20],[-15,22],[-12,24],[12,20],[11,13],[-23,15],[-8,9],[3,25],[-2,13],[21,22],[-3,15],[-15,10],[18,13],[14,-2],[15,8],[9,21],[-24,35],[-16,-1],[-34,24],[-5,20],[-17,31],[19,24],[-14,17],[0,9],[-23,5],[8,13],[-19,15],[1,28],[-11,28],[66,-3],[6,35],[-11,18],[6,30],[-20,-1],[9,15],[-1,10],[-34,27],[1,12],[22,37],[29,15],[27,17],[6,12],[38,32],[-10,17],[-16,13],[-17,10],[-13,0],[7,28],[8,17],[-10,15],[8,7],[-17,19],[-11,-20],[-13,1],[-18,16],[-27,-12],[-22,26],[-16,-21],[-28,-7],[-20,9],[-24,22],[17,27],[-13,27],[17,14],[27,0],[21,-29],[9,30],[-1,15],[-12,19],[-16,12],[-6,12],[1,23],[-13,-10],[-28,25],[-23,-7],[-22,1],[-11,20],[-11,9],[-5,11],[11,27],[-17,20],[-19,4],[-32,-14],[-14,13],[-26,16],[-8,15],[-30,-1],[-12,5],[-23,-5],[-6,6],[1,33],[-27,-1],[-34,6],[-13,23],[1,14],[-14,34],[20,8],[-7,12],[-12,29],[1,15],[22,20],[-46,38],[1,23],[12,0],[6,23],[-24,5],[-19,61],[14,17],[-20,16],[-26,-7],[-17,-24],[-48,-1],[-31,-9],[-14,1],[-8,33],[-12,0],[-12,-11],[-16,6],[-11,-5],[-67,1],[-27,-12],[-24,21],[-24,10],[-34,28],[2,-42],[-13,-25],[-16,0],[-22,-9],[-6,-24],[-29,-15],[-17,-4],[-24,-11],[-61,1],[1,29],[-15,-1],[-8,15],[-17,22],[0,12],[-17,10],[16,12],[-17,7],[1,14],[-11,24],[-22,12],[-6,17],[-12,19],[1,25],[-24,-1],[-16,14],[-12,24],[-5,21],[25,19],[-38,39],[2,37],[-18,19],[-17,35],[1,21],[-25,7],[-21,-1],[-7,13],[-36,15],[-10,71],[8,32],[17,14],[1,19],[-18,10],[0,10],[34,37],[7,43],[-19,8],[-32,-17],[-34,23],[-13,23],[1,22],[-16,26],[27,15],[0,12],[-25,20],[14,18],[-1,14],[18,5],[11,34],[17,19],[0,14],[-7,6],[2,38],[11,9],[12,21],[33,21],[-23,6],[-5,15],[-7,4],[-32,-14],[-14,0],[-12,32],[-20,11],[7,17],[-9,20],[14,12],[0,46],[-12,26],[14,10],[26,-11],[13,12],[18,-8],[-11,26],[9,15],[-1,31],[34,6],[12,5],[-1,14],[23,6],[-1,17],[29,15],[0,25],[31,12],[15,27],[0,20],[-23,12],[-1,45],[-24,19],[-22,-1],[-55,24],[-11,10],[-23,6],[-24,-22],[-21,6],[-27,-8],[-7,44],[17,7],[8,15],[-19,33],[-38,7],[-7,13],[-20,8],[29,24],[-10,16],[18,14],[-1,14],[8,14],[-25,15],[0,33],[-22,6],[-29,19],[-32,0],[-24,14],[-6,0],[-16,14],[-6,10],[-12,5],[-27,25],[-8,-20],[-26,24],[-9,0],[-12,-21],[-31,-12],[-11,-11],[-17,1],[-25,22],[-6,-5],[-3,-17],[-7,-6],[8,-14],[-12,-9],[1,-20],[-7,-29],[-17,-14],[-11,1],[-5,-25],[-8,-12],[24,-21],[26,-5],[8,-14],[1,-15],[-22,0],[-18,15],[-16,-15],[-12,0],[-23,10],[-6,10],[-50,-1],[-28,25],[-23,-12],[17,-28],[0,-35],[-27,-33],[10,-22],[-24,-25],[1,-23],[-7,-6],[-86,11],[-3,-14],[-46,-1],[-48,-11],[-47,-41],[-20,10],[-20,19],[-32,0],[-30,-6],[-13,6],[-60,0],[-18,-20],[-21,10],[-13,-10],[0,-10],[-19,-16],[-24,11],[-33,8],[-9,-31],[-25,-18],[-39,17],[-9,-9],[-20,-6],[-40,-9],[-25,11],[-11,-1],[-16,34],[-41,10],[-14,19],[-19,0],[-12,-5],[-11,10],[-23,-24],[-11,-15],[-12,-5],[1,-27],[-6,-35],[-23,-18],[1,-25],[-15,-6],[8,-42],[10,-8],[-20,-8],[-1,-23],[17,-9],[6,-15],[22,-12],[-12,-23],[10,-26],[42,-18],[-17,-26],[-13,-28],[-41,-16],[-9,-15],[2,-32],[-13,-5],[1,-19],[-21,-20],[-42,0],[15,-11],[19,-24],[-14,-22],[-30,0],[-7,-68],[-18,-22],[2,-31],[-18,-4],[-21,-20],[-37,20],[-10,-5],[-26,-29],[-19,5],[-24,14],[-20,-20],[25,-20],[-9,-8],[-39,-6],[8,-33],[17,-22],[-20,-11],[-11,-14],[-29,-15],[-5,-38],[-34,-5],[-13,-23],[-27,-6],[-6,-26],[-63,-36],[-17,10],[-16,14],[-7,19],[-26,-1],[-9,16],[-51,47],[-25,-19],[-11,-19],[-11,0],[-46,-14],[-40,9],[-22,19],[0,14],[-7,14],[-43,7],[-24,-14],[-11,8],[-8,22],[-9,7],[-8,15],[-26,-14],[1,-34],[-29,-1],[-11,10],[-30,5],[2,34],[-7,16],[1,32],[-33,-1],[-12,10],[-21,6],[-15,33],[-37,1],[-19,-25],[-44,4],[-7,20],[-30,1],[-28,-9],[-19,17],[-18,1],[-14,-8],[-8,-36],[-8,-18],[3,-32],[-2,-21],[17,-21],[-23,-9],[-10,-10],[-20,-7],[-2,-45],[-13,-6],[-22,11],[-17,-24],[-39,-5],[-30,-12],[3,-33],[-52,-10],[5,-52],[12,-9],[-25,-10],[-32,2],[-6,-34],[-28,-15],[-7,-14],[-38,-9],[0,-35],[-17,-19],[-7,-32],[-26,-13],[16,-11],[-6,-13],[-30,-14],[-29,2],[-19,-1],[-20,9],[-17,-17],[-15,-7],[-20,2],[-8,-23],[-51,-26],[-5,-5],[-34,-9],[-1,-15],[3,-40],[-20,-8],[0,-33],[12,-9],[-7,-25],[-23,5],[-28,13],[-16,-23],[-5,-21],[-20,-9],[-39,2],[-37,0],[-1,-10],[12,-18],[-18,-11],[-11,5],[-11,20],[-22,18],[-45,10],[-35,1],[-20,-20],[-20,-8],[7,-61],[33,-12],[45,-88],[2,-12],[-32,-14],[-26,16],[-21,-18],[-13,-5],[-1,-31],[11,-20],[14,-17],[-1,-46],[30,-11],[-2,-17],[3,-34],[-47,-9],[-3,-31],[47,-12],[38,-19],[41,-45],[-31,-13],[-58,33],[-66,25],[-20,11],[-28,5],[-57,14],[-45,40],[-22,-6],[-25,5],[-20,24],[-12,10],[-52,-15],[-28,-12],[-33,19],[0,19],[-28,8],[-11,14],[-26,22],[-48,12],[-12,5],[-17,0],[-16,-15],[-17,-5],[-11,-9],[-29,-34],[-43,-21],[-30,-39],[0,-17],[-11,-14],[11,-5],[6,-10],[-13,-10],[-22,-9],[-22,15],[-11,-20],[-12,-4],[-16,14],[-12,5],[-34,27],[17,21],[0,9],[10,17],[-15,27],[-12,14],[12,15],[-31,6],[-26,18],[-7,13],[7,6],[17,34],[0,14],[13,5],[-9,29],[-33,-1],[1,43],[-6,6],[-34,-1],[0,15],[18,7],[-1,22],[-17,0],[-22,4],[-18,15],[-13,24],[8,34],[-5,24],[-8,-4],[-33,0],[-19,-3],[-10,-7],[-19,4],[-39,18],[-12,19],[-19,5],[-17,-3],[-33,-14],[-9,7],[-5,11],[-18,19],[-15,12],[-22,25],[-12,29],[-8,12],[-12,59],[-7,14],[-16,16],[-12,17],[-39,20],[-8,6],[-8,15],[0,24],[-40,24],[-26,13],[-2,14],[19,20],[-7,12],[-23,22],[-40,34],[-40,14],[-39,-19],[-54,-12],[-15,-8],[-21,-5],[-15,-11],[-17,4],[-37,25],[-10,14],[6,14],[21,23],[-15,12],[-33,-2],[-18,-10],[-9,7],[-12,16],[7,20],[0,13],[-8,12],[-15,5],[-5,12],[-1,57],[-11,31],[-1,36],[-12,25],[1,31],[-6,15],[7,35],[-3,26],[-12,8],[-14,1],[-21,-4],[-6,-8],[0,-22],[-6,-8],[2,-44],[-7,-8],[5,-9],[-4,-19],[-1,-96],[-15,-12],[-3,-41],[-5,-7],[0,-17],[-9,-16],[-10,-7],[-39,-9],[-11,-6],[6,-19],[12,-18],[-7,-17],[-7,-8],[-19,-41],[-25,-10],[-8,-36],[-17,-12],[-17,-7],[-16,-13],[-17,-30],[3,-9],[-16,-21],[8,-14],[-5,-19],[-11,1],[-10,-7],[-16,8],[-9,-16],[-12,-10],[-17,-6],[-8,-15],[-1,-16],[-8,-4],[23,-20],[3,-10],[-6,-8],[-14,-3],[-1,-12],[-8,-14],[7,-21],[-6,-9],[3,-26],[-10,-5],[-7,-14],[-12,-13],[7,-11],[-1,-20],[-16,-9],[-4,-8],[1,-26],[-4,-16],[-9,1],[-32,-18],[-5,-19],[-22,-7],[5,-12],[-13,-12],[-26,3],[-2,-11],[5,-11],[-9,-4],[2,-11],[-10,-10],[-19,3],[9,-21],[-1,-11],[-21,-5],[-6,-7],[-25,-13],[-15,-3],[-12,-7],[1,-15],[21,5],[12,9],[21,4],[19,-9],[5,-9],[-34,-26],[-41,-16],[-5,-7],[-1,-32],[5,-11],[15,1],[5,7],[0,23],[13,2],[21,-10],[18,-27],[-12,-40],[15,-2],[39,3],[29,13],[39,7],[20,-2],[11,4],[43,2],[43,-15],[28,-3],[20,23],[32,22],[12,-5],[-9,-21],[0,-11],[-11,-8],[-13,-5],[-9,-11],[-2,-26],[-35,-28],[-11,-49],[-9,-22],[-8,-8],[-2,-26],[-13,-15],[-3,-20],[15,-12],[8,-13],[9,-46],[11,-12],[19,12],[2,9],[-5,13],[3,11],[15,5],[17,13],[15,-6],[3,-22],[19,-14],[36,-11],[11,-1],[29,5],[15,8],[11,22],[17,20],[20,9],[32,-16],[14,-2],[18,4],[25,-4],[14,-29],[13,-11],[21,-13],[36,-12],[10,-15],[-6,-7],[-25,-4],[-15,-14],[3,-18],[-30,-3],[-3,-7],[5,-13],[-2,-17],[-16,-28],[-5,-23],[-12,-18],[39,-32],[5,-14],[9,-5],[10,8],[1,11],[13,6],[16,-9],[14,3],[13,15],[3,24],[11,17],[8,4],[21,-3],[15,-18],[0,-39],[23,-30],[-687,0],[-619,0],[-616,-1],[-564,0],[-400,-1],[-583,0],[-525,0],[-376,-1],[-532,0],[-391,0],[-509,-1],[-370,0],[-451,0],[-330,-1],[-517,0],[-282,0],[-509,0],[12,4],[2,10],[-12,5],[-20,-1],[-31,5],[-18,5],[-15,-3],[-6,6],[3,25],[-8,10],[-1,12],[-8,3],[-12,-10],[-14,12],[-18,-4],[-15,4],[-18,-10],[-8,-14],[-10,1],[-5,13],[6,14],[-6,19],[-12,-2],[7,-16],[-5,-13],[-9,-5],[-13,3],[2,15],[-6,12],[-11,2],[-10,-11],[3,-7],[-2,-17],[-11,2],[-5,13],[-24,20],[8,15],[-2,11],[-23,-1],[-11,-7],[-2,-11],[6,-10],[-42,-11],[-8,21],[-30,-2],[-17,16],[7,13],[-1,8],[-12,2],[-20,-14],[-38,-8],[4,30],[-14,18],[-8,-5],[3,-17],[-16,-12],[-9,-11],[10,-12],[-2,-6],[-18,-1],[-16,-13],[-12,7],[14,19],[-9,9],[-11,-16],[-10,-1],[-24,24],[10,15],[-8,13],[-26,-18],[-12,1],[-25,17],[-3,12],[-10,-1],[-16,18],[-28,-14],[-9,-2],[-9,22],[-12,10],[-10,-4],[4,-18],[-3,-9],[-12,0],[-28,12],[-2,10],[17,5],[-26,19],[-4,12],[10,11],[-7,5],[-23,1],[-5,-4],[10,-28],[-15,-11],[-6,19],[-1,15],[-14,-8],[-25,5],[-10,0],[-9,-13],[6,-11],[-8,-11],[-38,2],[0,9],[15,12],[8,15],[-1,10],[-23,30],[-17,-5],[-56,-3],[-16,3],[-9,-18],[-21,9],[-7,-3],[8,-20],[-12,-4],[-3,17],[-9,0],[-6,-11],[-17,6],[-4,-9],[-19,-8],[0,-11],[16,-6],[-17,-11],[-3,-9],[-11,-2],[1,14],[-34,-4],[-2,-8],[25,-8],[1,-11],[-17,4],[-12,-10],[-12,9],[-19,-16],[-15,8],[-11,-15],[-30,26],[-6,-1],[-5,-16],[1,-15],[-5,-10],[-12,-2],[-6,8],[10,14],[-15,12],[-9,-29],[-20,-3],[-30,-19],[1,-15],[-40,5],[-5,-7],[6,-9],[16,-10],[-19,-17],[-10,2],[-9,9],[-22,-10],[-7,-9],[-17,-2],[2,-13],[-20,-2],[-6,-28],[-4,-6],[-16,1],[-3,8],[5,25],[-13,3],[-10,-7],[-10,-17],[5,-12],[12,1],[0,-15],[-27,-3],[-11,-5],[-8,-15],[-18,8],[-35,-9],[-10,11],[-10,4],[-2,11],[9,10],[-4,6],[-35,-5],[-11,-13],[33,-18],[-40,-1],[-26,-13],[-17,-20],[-25,5],[-12,23],[-25,17],[-14,21],[-20,-12],[-1,-18],[-22,-3],[-21,-9],[1,20],[-13,16],[0,18],[-19,-12],[-28,8],[-12,0],[-15,-21],[-15,12],[-15,-10],[-16,9],[-9,1],[-28,21],[-33,9],[-33,-6],[-24,-12],[-13,7],[-21,-7],[-12,17],[-13,-4],[14,-16],[-6,-2],[-18,10],[-16,-7],[-23,1],[-18,7],[-31,-6],[3,-18],[-11,-13],[-34,12],[-15,8],[-8,-11],[-10,-5],[-6,-16],[-22,-2],[-3,-12],[-12,-11],[2,-6],[20,2],[1,-10],[14,-14],[-14,-12],[-14,3],[3,15],[-11,-2],[-6,9],[-13,0],[-2,-18],[-12,1],[-11,19],[-9,2],[-18,-15],[2,-10],[-9,-14],[-22,4],[-14,-3],[-6,-20],[-23,0],[-2,-12],[18,-3],[-2,-15],[-13,5],[-15,-5],[-14,7],[-11,-3],[-4,-18],[7,-25],[-3,-9],[-13,-6],[-8,8],[-20,-2],[1,10],[10,10],[-6,10],[-14,-11],[-14,-1],[-2,21],[-35,-12],[-21,6],[-3,11],[-27,18],[-5,-10],[15,-10],[-2,-5],[-23,-4],[-23,-28],[-29,13],[-2,6],[-14,2],[-9,14],[-8,-12],[-23,2],[11,14],[-2,9],[-16,-2],[2,13],[-35,13],[5,16],[-5,9],[-20,-1],[-1,-6],[-26,-6],[-17,25],[-11,6],[6,13],[-13,8],[-10,-16],[-14,-10],[-13,-1]],[[71587,40352],[26,-6],[23,-17],[31,-27],[3,-19],[-2,-46],[11,-25],[38,-27],[23,-6],[53,-3],[47,-6],[28,-7],[33,-13],[30,-1],[19,10],[17,16],[27,33],[13,3],[29,-3],[15,-8],[19,-16],[20,-27],[20,-36],[15,-11],[19,-26],[29,-29],[12,-4],[33,-2],[39,7],[18,5],[15,10],[33,29],[16,16],[16,7],[28,5],[29,-4],[28,-17],[10,-13],[8,-17],[3,-39],[-4,-51],[-21,-29],[-47,-33],[-15,-13],[-10,-14],[-2,-10],[12,-18],[23,-19],[30,-30],[29,-16],[16,-2],[28,3],[35,11],[33,38],[11,17],[11,27],[16,53],[4,21],[-2,34],[-10,13],[-19,17],[-35,17],[-21,14],[-13,16],[-11,26],[-3,33],[9,42],[14,22],[15,8],[22,0],[15,-3],[47,-18],[67,-16],[13,-6],[16,-18],[15,-41],[10,-39],[8,-18],[1,-23],[11,-38],[18,-43],[18,-34],[13,-18],[24,-23],[7,-16],[19,-12],[31,-6],[26,0],[55,18],[3,20],[-5,14],[5,22],[1,21],[-11,27],[-23,38],[-43,50],[-8,33],[2,27],[8,25],[16,15],[18,2],[12,-2],[44,-32],[55,-25],[17,-15],[16,-27],[10,-37],[-1,-11],[-7,-16],[-24,-19],[-22,-13],[-11,-11],[-8,-15],[-3,-17],[-10,-17],[-24,-26],[12,-18],[1,-21],[-15,-15],[-25,-17],[-6,-17],[13,-17],[22,-12],[23,-7],[29,4],[18,13],[16,19],[21,34],[38,38],[16,28],[15,12],[18,6],[42,5],[42,32],[21,12],[22,8],[32,2],[24,-2],[29,-4],[44,-28],[23,-25],[20,-37],[6,-33],[11,-42],[-32,-43],[-22,-11],[-57,-11],[-23,-14],[-7,-8],[-1,-16],[7,-16],[20,-13],[25,-3],[26,0],[27,4],[34,14],[30,9],[38,9],[40,13],[31,0],[32,-5],[48,0],[52,17],[55,33],[30,24],[40,40],[8,15],[27,20],[20,9],[19,1],[33,-23],[11,-22],[9,-36],[0,-40],[-5,-42],[-20,-59],[0,-36],[29,-50],[21,-14],[15,-6],[24,-1],[12,3],[17,12],[14,15],[22,30],[41,35],[17,20],[22,39],[6,23],[6,32],[8,13],[17,15],[23,8],[28,3],[68,-4],[22,0],[9,4],[13,14],[12,22],[15,19],[48,34],[18,15],[11,19],[7,18],[2,68],[-7,21],[-16,22],[-43,35],[-50,27],[-26,22],[-21,24],[-7,15],[-5,18],[1,14],[19,22],[15,5],[39,-2],[64,-14],[46,-18],[16,-15],[10,-16],[6,-26],[6,-36],[4,-35],[-7,-75],[0,-21],[5,-23],[20,-17],[7,-18],[10,-18],[24,-24],[30,-15],[38,16],[29,16],[19,21],[21,60],[11,48],[11,27],[6,48],[7,17],[10,8],[24,12],[32,4],[27,-3],[31,-23],[25,-7],[34,-11],[32,-18],[15,-23],[22,-18],[40,-29],[19,-11],[26,-5],[45,-16],[66,-34],[20,-11],[16,-14],[50,-37],[43,-30],[13,-6],[31,-3],[24,1]],[[78088,35800],[-25,2],[-17,-4],[-22,-16],[-26,-10],[-23,-21],[-29,-15],[-31,-4],[-14,-4],[-5,-20],[-21,18],[-10,0],[-20,-15],[-8,3],[-1,17],[-7,13],[-18,11],[-8,-10],[1,-23],[-24,-20],[-16,1],[-14,-10],[-10,-20],[-3,-18],[9,-15],[-15,-34],[-25,-21],[-13,5],[-17,19],[-11,-13],[11,-20],[-27,7],[-11,-11],[-1,-9],[9,-9],[-1,-10],[-21,-12],[-10,-15],[-2,-28],[-12,-1],[-11,11],[-9,1],[-17,-18],[-16,-4],[-6,8],[9,11],[-7,10],[-14,-2],[-1,-14],[-33,-8],[-14,1],[-11,17],[-14,0],[-9,-23],[10,-10],[-6,-15],[-18,1],[-11,14],[-1,21],[-17,5],[-4,-6],[8,-22],[-9,-5],[-23,2],[-4,7],[5,19],[-13,1],[-14,-6],[-13,8],[16,9],[-4,13],[-16,8],[-27,6],[-24,12],[-21,-11],[-24,-3],[-9,-10],[-4,-31],[-27,-1],[-17,-5],[-11,7],[-1,11],[8,10],[-7,9],[-28,-3],[-24,-11],[-4,-12],[11,-13],[0,-19],[-11,-11],[-40,-21],[-7,1],[-16,15],[2,35],[-20,-1],[-31,-14],[-15,-23],[-18,-11],[-7,11],[14,14],[-9,3],[-19,-15],[-19,-9],[-38,-1],[-27,-7],[-17,1],[-9,10],[-22,1],[-12,-16],[-16,6],[-21,-4],[-4,-17],[7,-16],[-5,-4],[-27,24],[-22,-1],[-25,11],[-3,-12],[7,-12],[4,-25],[-10,1],[-15,12],[-13,-2],[-7,-32],[5,-11],[-15,-6],[-20,9],[-20,-2],[-4,-19],[-13,6],[-17,-4],[-13,7],[0,13],[-11,6],[-22,-19],[-2,-7],[9,-14],[7,-24],[-4,-6],[-25,1],[-8,8],[-5,14],[-8,1],[-2,-19],[-17,-32],[-26,35],[-19,-24],[-42,-1],[-7,3],[4,12],[14,7],[-22,13],[-1,7],[9,23],[-9,13],[-13,9],[-5,18],[-18,-6],[-14,2],[-20,9],[-17,1],[-12,-10],[-8,-16],[-2,-24],[36,-25],[0,-16],[-12,-14],[-16,-1],[-24,4],[-16,-8],[-24,5],[0,20],[-16,11],[-3,8],[7,12],[-7,8],[-21,-1],[-18,15],[-19,-4],[-14,-12],[-13,-35],[-16,15],[-15,-7],[-15,-1],[-11,-6],[-4,-20],[-50,1],[-11,14],[-17,9],[-34,1],[-16,38],[-10,10],[-19,-20],[-22,-8],[1,-41],[-6,-5],[-17,4],[-10,-12],[-17,-5],[-23,-2],[-11,7],[-7,15],[-7,2],[-29,-5],[-40,-27],[-2,-17],[10,-3],[14,14],[7,-4],[-12,-19],[0,-8],[25,-12],[11,-10],[-1,-8],[-24,-18],[-11,3],[-3,19],[-14,6],[-17,-22],[4,-6],[21,-5],[5,-19],[-18,-2],[-13,6],[-32,6],[-31,10],[-16,-3],[-11,-12],[-16,-3],[-10,-7],[9,-10],[21,13],[9,-3],[1,-20],[-21,3],[3,-24],[-14,-6],[-17,2],[-11,-12],[17,-19],[2,-15],[-14,-1],[-25,16],[-30,-3],[-25,8],[-14,1],[-9,-8],[-2,-30],[-26,-7],[-13,-10],[-10,1],[-10,9],[19,18],[0,30],[-4,4],[-23,1],[-4,8],[4,23],[-14,1],[-14,-10],[-33,-4],[-3,-9],[17,-5],[1,-9],[-19,-19],[-7,1],[-22,14],[-4,7],[-1,30],[-16,5],[-20,-7],[-16,-12],[-10,-23],[-19,-19],[-19,6],[-16,-7],[-4,-26],[-12,-15],[-13,-6],[-13,11],[-29,8],[-28,-8],[-12,2],[-1,-15],[-13,-9],[-11,-19],[-17,-3],[-11,3],[-5,15],[-13,0],[0,-12],[-29,-1],[-9,-7],[2,-14],[-11,-4],[-20,13],[-1,22],[-27,5],[-13,14],[-12,3],[-15,-11],[-10,6],[-11,-3],[-2,-21],[-21,12],[-18,-18],[1,-32],[-14,-5],[-12,-11],[-17,8],[-2,-18],[-17,-1],[-1,21],[-6,8],[-43,16],[-15,0],[-12,-9],[0,-10],[14,-17],[25,-11],[-1,-7],[-14,-7],[-23,2],[-10,-7],[-13,3],[-14,13],[-27,-12],[-16,-2],[-13,-29],[0,-11],[26,-7],[-10,-10],[-18,1],[-13,-5],[4,-8],[13,-2],[6,-13],[-8,-4],[-26,10],[-19,0],[-12,15],[-10,-1],[-4,-17],[-13,0],[-15,11],[-10,27],[-22,5],[-22,-6],[-12,5],[-10,11],[-7,-8],[4,-12],[-3,-18],[-24,-11],[-5,-13],[-7,-3],[-11,10],[-32,11],[-14,10],[-12,-2],[-1,-11],[12,-11],[-15,-12],[-10,-1],[-3,18],[7,18],[-11,8],[-11,-1],[0,-15],[-15,-16],[-4,-12],[-23,-19],[-16,7],[-3,19],[-11,9],[10,7],[-17,19],[-5,-19],[-24,-12],[-4,17],[-15,6],[-17,-1],[2,19],[14,9],[13,-9],[4,15],[-22,3],[-22,-1],[-1,16],[-18,6],[-8,-6],[2,-18],[-12,-1],[-11,5],[-5,20],[-7,8],[-10,-4],[7,-26],[-11,-17],[-19,1],[-4,24],[-18,1],[-1,7],[17,5],[-1,12],[-40,7],[-4,11],[-11,5],[-3,-13],[-10,-1],[-3,15],[-9,2],[-32,-14],[-33,4],[-13,-5],[-3,-14],[19,-5],[6,-8],[-1,-39],[-10,-10],[-15,0],[-9,11],[4,16],[-9,1],[-13,-13],[-22,-3],[-22,14],[-26,-13],[-9,1],[-9,14],[-12,4],[4,13],[26,18],[-17,5],[-19,27],[-30,17],[-15,-3],[-11,-15],[16,-12],[-1,-7],[-13,-7],[-11,2],[-18,13],[-20,-1],[-1,-10],[16,-5],[11,-16],[-13,-11],[-2,-10],[-11,-6],[-16,10],[-17,5],[-28,0],[-11,4],[-11,11],[-21,-2],[-6,-14],[13,-7],[-2,-22],[-8,-5],[-18,-1],[-9,-16],[-17,9],[-1,13],[-9,3],[-18,-15],[-9,2],[-8,32],[-10,1],[-17,-18],[-27,-1],[-9,-7],[-40,18],[-16,27],[-19,10],[-17,3],[-13,-6],[5,-12],[20,-20],[-4,-11],[-58,22],[-46,35],[-32,-28],[0,-24],[-15,-1],[-18,3],[-8,7],[-5,20],[-8,3],[-12,-13],[-2,-23],[-17,-10],[-11,0],[-16,14],[-5,13],[0,38],[-6,5],[-26,-4],[-14,6],[-7,9],[-1,16],[13,25],[-10,15],[-13,2],[-8,-7],[-1,-18],[-10,-9],[-4,-23],[-10,-9],[-16,-1],[-26,18],[-6,17],[-19,0],[-2,-7],[15,-20],[15,-4],[0,-12],[-12,-12],[-21,9],[-12,-19],[11,-14],[2,-18],[-8,-6],[-11,4],[3,-19],[-13,1],[10,-25],[-11,-14],[-17,-4],[-4,-22],[-10,11],[-28,-11],[13,-18],[-3,-11],[10,-9],[12,8],[3,-13],[-26,-16],[-44,-16],[-1,12],[22,7],[2,6],[-12,9],[-7,-9],[-33,-9],[-38,-32],[-13,-19],[-2,-14],[-16,3],[-8,-10],[-19,-11],[-2,10],[-15,1],[-10,-8],[1,-19],[-24,-6],[-9,7],[-7,-20],[-17,-13],[21,-17],[-21,-4],[-40,-26],[-10,-16],[-18,-7],[-15,-21],[-32,-14],[-22,-17],[-13,2],[-16,-6],[-6,16],[-17,-1],[-14,3],[-2,-26],[-17,3],[-14,9],[-5,-21],[-10,-27],[-17,-5],[-19,-2],[-9,20],[-10,-1],[7,-20],[12,-12],[1,-21],[-12,-6],[-33,3],[-10,-3],[-17,-28],[-16,-21],[-21,1],[-5,12],[2,27],[-12,12],[-20,-11],[-28,1],[-1,-7],[17,-10],[3,-19],[-16,-11],[-11,0],[-23,30],[-10,8],[-11,-1],[4,-14],[10,-16],[-6,-12],[-22,-12],[-27,-5],[-21,7],[-50,-2],[-11,16],[-18,19],[-10,-4],[-7,-14],[-2,-21],[-14,-9],[-2,-13],[-43,-24],[-7,18],[-13,-11],[-20,9],[-17,-9],[-8,-15],[-20,-15],[-10,9],[-7,30],[-8,6],[-16,-3],[-24,-25],[-25,-7],[-22,-13],[-19,7],[-52,16],[-2,-10],[25,-18],[18,-22],[-18,-16],[-23,-13],[-8,-9],[4,-31],[-27,13],[-58,0],[-33,7],[-13,-2],[-22,-13],[-8,-8],[-17,2],[-9,13],[-14,-6],[-18,5],[-2,-18],[-11,-4],[10,-17],[-1,-11],[-10,-16],[-12,-5],[-18,1],[-60,-28],[-12,-10],[-4,-20],[-14,3],[-9,-7],[-20,20],[-8,-16],[-21,-5],[-13,-11],[-13,-2],[-18,-12],[-30,1],[-22,-21],[-39,-18],[-22,-24],[-28,-12],[-21,-20],[-30,-17],[-21,-17],[-11,-12],[-17,-9],[-11,-10],[2,-25],[-19,-28],[-17,0],[-4,-18],[-26,-31],[-23,2],[-9,-11],[-2,-11],[-12,-17],[-6,-1],[-20,-16],[-20,1],[-9,-19],[-12,-13],[-11,-3],[-29,-31],[-22,-5],[-9,-9],[-21,-5],[-1,-10],[-10,-8],[8,-10],[-14,-19],[-11,-2],[-6,-11],[-16,-12],[-17,4],[-24,-5],[-46,-23],[-15,8],[-17,20],[-20,33],[-25,8],[-10,8],[-32,-2],[-27,11],[-23,5],[-15,8],[-13,13],[-26,9],[-19,29],[-4,10],[-14,14],[-26,5],[-14,8],[-16,0],[-4,19],[-20,17],[-11,4],[-7,20],[-6,11],[-13,6],[-13,-13],[-34,-28],[-56,-12],[-10,4],[-15,18],[-32,10],[-13,19],[-27,10],[-11,25],[-14,10],[-14,16],[-4,10],[-11,8],[-13,0],[-20,-8],[-18,6],[-27,25],[-14,0],[-11,6],[11,21],[-1,7],[-12,5],[-16,-13],[-18,-5],[-16,3],[-19,-3],[-19,-11],[-21,5],[-31,-3],[-17,7],[-13,-1],[-20,-9],[-9,0],[-8,-33],[-12,-11],[-13,-19],[-2,-21],[12,-41],[-1,-62],[9,-50],[12,-36],[2,-23],[11,-51],[20,-22],[18,-29],[15,-36],[-5,-17],[-15,-12],[-8,-12],[-2,-23],[-9,-20],[-12,-38],[-2,-15],[-11,-22],[1,-11],[13,-23],[25,-38],[1,-14],[-11,-17],[-11,-8],[7,-9],[26,-14],[4,-39],[-39,-36],[-1,-8],[-35,-32],[-5,-12],[-33,-26],[-27,-32],[-7,-13],[-20,-10],[-20,-4],[-27,1],[-13,-7],[-8,-14],[-7,-31],[-26,-25],[-19,-11],[-18,-24],[-20,-13],[-7,-9],[1,-10],[12,-41],[-3,-23],[-8,-17],[8,-16],[-16,-30],[0,-10],[-13,-27],[6,-25],[10,-6],[-5,-9],[-11,-4],[-2,-12],[-8,-5],[-2,-15],[-18,-18],[-18,-5],[15,-29],[-22,-3],[1,-20],[-7,-7],[-18,-5],[5,-11],[-8,-12],[3,-22],[-6,-7],[5,-16],[-6,-9],[6,-9],[-6,-29],[-16,-10],[-17,5],[-17,-9],[-7,-15],[-34,-20],[-15,-17],[-35,-15],[-21,-26],[-7,-27],[-12,-16],[-3,-16],[8,-21],[19,-7],[-17,-27],[8,-12],[15,-11],[-7,-15],[7,-9],[-13,-32],[5,-12],[2,-19],[-2,-14],[-11,-13],[-5,-19],[-9,-8],[-7,-18],[-2,-17],[-23,-18],[3,-16],[-19,-9],[0,-14],[12,-27],[2,-19],[-10,-8],[-11,0],[-10,9],[-17,-9],[1,-34],[-6,-6],[-39,-4],[-10,-6],[-5,-16],[-9,-9],[10,-9],[-19,-12],[-1,-8],[11,-10],[-15,-9],[-8,-15],[19,0],[3,-29],[-8,-6],[-19,-1],[-4,-7],[14,-19],[-5,-18],[-26,10],[4,-13],[-16,-25],[1,-16],[-19,-5],[-13,-9],[-5,-16],[21,-14],[-1,-10],[-14,-4],[-6,5],[-2,15],[-14,-7],[-5,-11],[17,-20],[16,-14],[1,-16],[-7,-9],[-15,13],[-6,14],[-10,-11],[12,-23],[2,-16],[-5,-9],[-12,7],[-5,13],[-7,5],[-15,-9],[7,-15],[-2,-13],[5,-11],[19,1],[3,-14],[-8,-7],[-19,13],[-10,2],[-11,10],[-6,-5],[1,-23],[-14,-13],[8,-8],[5,-29],[13,-5],[12,5],[8,11],[12,-6],[-8,-10],[-8,-20],[-7,-5],[-25,4],[-11,-3],[-22,-13],[-23,-4],[-19,1],[-12,6],[-14,16],[-34,4],[-8,-11],[2,-11],[10,-11],[23,-18],[10,-19],[-12,-9],[4,-19],[-6,-10],[12,-8],[25,13],[6,-4],[0,-14],[-6,-7],[-26,-13],[-18,-5],[-11,-8],[4,-13],[20,5],[14,-1],[9,-12],[0,-13],[9,-5],[-17,-15],[3,-23],[10,-2],[9,8],[12,-25],[-3,-6],[-16,-1],[-3,-7],[8,-9],[18,-6],[-13,-24],[-14,-7],[-7,-11],[-24,-10],[-17,2],[-10,-10],[7,-19],[-17,-14],[10,-15],[-10,-14],[12,-18],[13,-4],[18,3],[8,12],[10,-1],[8,-18],[28,-6],[1,11],[-8,8],[10,7],[24,-8],[4,-11],[20,-28],[-14,-28],[15,-3],[9,-9],[15,-5],[-8,-20],[1,-22],[-4,-7],[-17,-9],[2,-10],[19,-7],[7,-8],[-1,-14],[18,10],[14,-7],[21,0],[14,-14],[14,-3],[17,3],[-16,-19],[4,-12],[-19,-7],[1,-16],[8,-3],[9,13],[20,1],[6,-9],[-6,-12],[10,-42],[13,3],[4,-10],[-17,-8],[4,-10],[17,0],[27,-3],[9,-10],[-17,-3],[-20,-10],[-6,-10],[-2,-22],[4,-9],[17,-9],[28,-1],[29,-6],[13,-5],[15,-14],[12,-32],[18,-34],[24,-25],[9,-17],[-11,-19],[-23,-13],[-36,-10],[-45,-9],[-14,1],[-31,10],[-37,16],[-26,15],[-49,20],[-27,27],[-51,30],[-6,20],[10,45],[30,61],[-2,30],[5,24],[-10,25],[-27,13],[-13,2],[-36,-8],[-44,-14],[-46,-20],[-8,-19],[-2,-24],[5,-20],[38,-55],[15,-16],[31,-40],[21,-14],[8,-11],[3,-24],[-6,-18],[-14,-6],[-27,-2],[-25,2],[-13,4],[-9,15],[-21,20],[-19,21],[-19,38],[-10,6],[-18,-28],[-14,-3],[-14,-9],[-10,3],[-12,18],[-19,7],[-23,0],[-13,-6],[4,-14],[25,0],[28,-11],[6,-11],[-9,-9],[-15,1],[-12,8],[-15,2],[-9,-5],[26,-10],[6,-13],[19,-5],[-7,-15],[2,-24],[-8,-2],[-18,15],[-30,7],[-14,0],[0,-20],[19,-7],[25,-2],[9,-12],[-9,-9],[-18,1],[-9,-8],[16,-15],[1,-9],[-20,-8],[14,-28],[15,2],[9,12],[22,12],[12,-27],[-24,-1],[-17,-8],[11,-9],[10,5],[17,-8],[-4,-8],[-25,4],[-17,-11],[24,-15],[13,-5],[0,-13],[-12,-6],[-18,9],[-3,-8],[7,-27],[-16,-10],[-8,15],[-7,4],[-17,-8],[-11,-10],[-9,-17],[4,-11],[18,5],[7,-4],[4,-16],[27,-1],[2,-10],[-20,-3],[-25,12],[-18,-2],[-8,-17],[-15,-18],[0,-10],[17,-3],[-3,-19],[-11,-10],[8,-8],[15,-4],[19,9],[6,-12],[-3,-12],[-9,-6],[-34,9],[-7,-5],[-18,0],[-11,9],[-14,-5],[-23,10],[-7,-7],[10,-16],[-11,-2],[-9,-9],[-12,1],[-12,-5],[0,-15],[-15,3],[-7,-17],[-15,10],[-14,-1],[-7,-19],[-15,-3],[0,-13],[-12,-18],[-6,-16],[-16,-10],[-7,3],[-12,-16],[-11,3],[2,-20],[-23,-14],[1,-11],[-14,-15],[-4,-10],[-12,-1],[3,-12],[-6,-17],[8,-7],[-10,-8],[-16,-25],[-11,3],[1,-15],[-9,0],[-29,-34],[-18,-6],[-4,-18],[-12,1],[-14,-8],[5,-11],[-30,-3],[-3,-12],[-24,-18],[-38,-16],[-17,-1],[-38,6],[-19,-2],[-29,-13],[-29,-4],[-12,1],[-31,19],[-1,9],[11,10],[-4,11],[1,20],[-15,5],[-6,7],[-22,-2],[-5,-10],[-15,5],[5,10],[-19,2],[-12,-6],[-4,17],[-32,18],[-10,-7],[-15,-1],[-25,-12],[-12,-1],[-26,-9],[-9,-7],[-10,5],[-14,-6],[-15,7],[-9,-3],[-18,6],[-22,-4],[-13,1],[-18,-18],[-3,-9],[-13,-17],[-26,-26],[-19,0],[-12,-17],[4,-14],[-14,-18],[-13,0],[-10,-12],[-13,4],[-18,-8],[-17,3],[-8,-19],[0,-20],[-20,-18],[9,-31],[-8,-8],[1,-13],[-7,-14],[6,-22],[14,-29],[-13,-35],[1,-34],[-8,-25],[-24,-48],[-48,-38],[-38,-22],[-69,-13],[-42,-29],[-445,-367],[-309,-254],[-334,-274],[-455,-375]],[[79860,33723],[0,-189],[-1,-585],[-1,-363],[0,-271],[-1,-268],[-1,-742],[0,-106],[-1,-629],[-1,-456],[18,8],[32,7],[45,1],[21,-13],[9,-13],[47,-50],[31,-13],[34,-7],[50,8],[16,22],[36,26],[13,43],[20,37],[32,26],[44,16],[42,31],[133,57],[61,17],[66,-4],[56,-24],[27,-2],[25,12],[47,37],[26,10],[43,-3],[9,-8],[-12,-44],[-23,-63],[4,-100],[9,-23],[10,-3],[31,3],[24,-2],[25,-8],[22,-16],[50,-9],[35,3],[14,12],[11,17],[6,19],[10,12],[34,9],[14,-2],[39,7],[21,9],[27,16],[20,9],[26,-3],[41,-12],[11,-9],[24,7],[29,26],[12,17],[35,18],[27,-1],[20,7],[42,-4],[45,-18],[44,-24],[48,-36],[35,-30],[37,-25],[88,-14],[32,9],[18,2],[43,-3],[57,-9],[89,-1],[43,3],[132,21],[61,13],[33,9],[33,-4],[30,-20],[30,-1],[24,8],[20,3],[30,0],[18,-3],[33,-15],[32,-6],[43,7],[25,0],[24,-10],[9,-18],[0,-28],[-12,-10],[0,-18],[22,-54],[12,-13],[42,-18],[65,-18],[27,7],[16,13],[16,18],[10,18],[13,32],[19,22],[40,18],[32,26],[47,35],[11,22],[9,32],[2,15],[12,13],[9,-1],[6,-16],[18,-30],[6,-2],[21,10],[8,8],[14,0],[13,-13],[22,-9],[19,-2],[36,10],[37,20],[10,-1],[18,-19],[14,-2],[28,6],[23,9],[39,22],[28,5],[10,-4],[24,-20],[15,-20],[15,-11],[37,-19],[10,-38],[46,-33],[32,-5],[18,1],[14,-9],[2,-17],[-3,-18],[8,-3],[32,4],[26,0],[43,3],[26,-5],[29,-1],[29,2],[66,16],[16,2],[24,-7],[0,-11],[-13,-20],[-1,-11],[9,-21],[21,-22],[12,-9],[37,-8],[14,-9],[32,-45],[13,-10],[39,-24],[48,-26],[11,-7],[20,-20],[14,-20],[8,-23],[11,-10],[30,-15],[4,-10],[-6,-17],[-81,-59],[-45,-31],[-4,-30],[8,-10],[13,-5],[34,-4],[17,-13],[3,-24],[5,-8],[29,-13],[40,-3],[22,-7],[48,-24],[21,-9],[54,-14],[16,-9],[19,-24],[23,-22],[2,-12],[-7,-15],[-18,-14],[-16,-3],[-21,1],[-49,13],[-29,-10],[-20,-16],[-15,-23],[-4,-18],[-1,-21],[6,-26],[35,-28],[20,-29],[10,-21],[21,-15],[29,-15],[45,-26],[22,-16],[49,-41],[15,-11],[15,-4],[28,0],[35,11],[21,8],[10,-5],[-2,-20],[15,-14],[-7,-9],[7,-8],[6,-25],[-12,-55],[-15,-46],[-14,-18],[-20,-13],[-30,2],[-49,21],[-22,1],[-36,-16],[-15,-22],[4,-26],[12,-15],[0,-17],[-8,-39],[-9,-21],[-1,-12],[12,-11],[16,-21],[6,-14],[21,-7],[30,-23],[12,-22],[3,-29],[-5,-12],[-1,-17],[22,-24],[12,-24],[9,-27],[-1,-59],[-8,-16],[-57,-35],[-5,-14],[-26,-11],[-25,3],[-24,11],[-32,8],[-20,-7],[-10,-29],[-20,-14],[-35,-17],[-10,-13],[4,-14],[-1,-26],[2,-10],[-4,-22],[36,-72],[9,-27],[24,-6],[8,-13],[34,15],[25,-1],[38,-11],[29,-12],[27,-15],[8,-19],[29,-31],[18,-8],[5,-14],[29,-34],[37,-66],[19,-28],[23,-42],[22,-23],[25,-15],[22,-23],[11,-28],[7,-33],[-6,-28],[-16,-24],[-17,-8],[-21,-2],[-17,6],[-12,13],[-6,19],[-15,19],[-19,11],[-34,5],[-50,-11],[-21,8],[-35,6],[-4,16],[-10,17],[-9,5],[-13,-2],[-25,-13],[-5,2],[-22,-10],[-12,-9],[-10,20],[-18,9],[-19,-2],[-19,2],[-20,8],[-47,-25],[-12,-16],[-31,2],[-13,-9],[7,-7],[12,-2],[3,-9],[-3,-17],[-9,-11],[-15,-11],[-11,-1],[-19,-13],[-1,-15],[10,-14],[4,-19],[6,-11],[-2,-34],[13,-6],[-1,-19],[-11,-14],[11,-6],[-8,-14],[-30,4],[-31,11],[-13,9],[-23,-5],[-17,-9],[-33,-9],[-20,-9],[-30,0],[-13,-10],[2,-26],[-23,5],[-16,15],[1,6],[-20,14],[-14,20],[-12,3],[-14,-6],[-26,-7],[-27,-14],[-12,9],[-29,5],[-11,-10],[-47,3],[-3,-10],[-19,-15],[-25,7],[-43,6],[-18,13],[-14,-2],[-15,-8],[-28,-4],[-15,1],[1,20],[15,18],[36,22],[5,11],[16,12],[1,15],[-11,35],[-19,23],[-9,21],[0,14],[17,40],[13,13],[2,10],[-14,6],[-21,2],[-37,-3],[-12,-3],[-49,-28],[-19,-17],[-20,-23],[-13,-10],[-23,-10],[-11,-10],[-3,-29],[-14,-3],[-7,7],[4,40],[-7,33],[-9,3],[-14,-19],[-11,-2],[-6,11],[-26,21],[-21,4],[-16,-10],[2,-35],[-4,-11],[-13,-14],[-23,-15],[-15,-15],[-11,-27],[-12,-7],[-6,-14],[-2,-18],[-19,-1],[-18,7],[-14,11],[-23,31],[-25,29],[-16,22],[-20,22],[-31,26],[-54,35],[-21,15],[-23,27],[-12,8],[-41,18],[-17,16],[-26,14],[-6,11],[3,19],[-13,21],[-6,20],[-19,4],[-12,17],[-6,26],[-21,22],[-10,4],[-18,-1],[-20,12],[-43,12],[-12,1],[-19,23],[-10,6],[-10,12],[-3,14],[16,15],[7,39],[-43,20],[-16,1],[-30,-8],[-45,15],[-19,13],[-18,25],[-4,13],[5,19],[-3,8],[-28,30],[-29,-4],[-11,-6],[-23,2],[-8,-3],[-49,4],[-14,-11],[-8,-14],[-12,-9],[-15,-18],[-35,-14],[-14,8],[-22,-6],[-25,-17],[-6,-27],[-11,-16],[-14,-4],[-41,11],[-12,-4],[-46,-32],[-21,-11],[-20,-5],[-25,-18],[-5,-8],[2,-27],[10,-17],[0,-12],[-8,-31],[-21,-35],[-17,-1],[-24,6],[-12,-1],[-24,4],[-23,-2],[-24,4],[-29,1],[-21,15],[-6,1],[-28,-22],[-4,-29],[3,-15],[-18,-1],[-18,-14],[-15,-5],[-15,-12],[-10,-15],[-16,-16],[-20,11],[-11,-5],[-10,-14],[-40,-18],[-5,-8],[12,-18],[3,-38],[6,-16],[19,-14],[-8,-9],[-12,-5],[-38,1],[-32,-3],[-25,-6],[-12,-10],[7,-24],[-7,-6],[2,-28],[-8,-27],[14,-26],[-5,-9],[-19,1],[-8,21],[-12,22],[-11,14],[-27,22],[-10,26],[-13,12],[-15,6],[-21,-1],[-9,-8],[3,-22],[-7,-10],[-12,1],[-20,27],[-6,17],[-19,9],[-15,19],[-7,4],[0,40],[-23,24],[-16,7],[-19,2],[25,20],[-6,8],[-17,2],[-8,22],[-7,3],[-37,-6],[-27,7],[-18,-5],[-5,-6],[-20,8],[-18,-2],[-9,22],[-11,2],[-18,-6],[-62,-7],[-27,-9],[-1,-8],[8,-39],[-8,-19],[-12,-8],[-9,-13],[-17,12],[-6,20],[-15,0],[-7,-13],[-14,-5],[-14,9],[-15,-6],[-8,-17],[-13,-12],[-14,0],[-5,-13],[0,-18],[-17,-7],[-10,6],[-13,-3],[5,-17],[-6,-3],[3,-16],[-13,-18],[0,-17],[-16,-21],[-16,-27],[-4,-20],[-11,-6],[-15,0],[-14,-11],[-17,-6],[-16,3],[-22,-6],[-5,-12],[-20,4],[-5,19],[-12,12],[-19,12],[-6,12],[-12,-1],[-14,-23],[-14,-4],[-9,-11],[-25,-11],[-30,-16],[5,-16],[-5,-6],[-34,-5],[-40,-19],[-25,-15],[-35,-7],[-20,-30],[-14,-4],[-3,-24],[-8,-4],[-26,0],[-11,-8],[1,-19],[-17,-11],[-28,3],[-11,-8],[0,-14],[5,-16],[-11,-2],[-16,9],[-22,20],[-9,19],[0,11],[-12,18],[-12,9],[-13,1],[-15,-6],[-12,13],[-12,7],[-6,11],[-20,-3],[-12,-7],[-5,12],[-29,-5],[-6,-7],[-6,-18],[-15,-9],[-14,0],[-31,13],[-26,-2],[-14,-5],[-16,9],[-25,-9],[-15,-16],[-3,-26],[-20,-6],[-16,2],[-31,27],[-19,-2],[-26,-13],[-16,-3],[-16,-9],[-49,-5],[-18,14],[-19,8],[-5,18],[-9,10],[-14,1],[-13,-10],[-10,-16],[-17,-4],[-29,14],[-14,9],[-14,-2],[-19,16],[-8,14],[-15,-8],[5,-22],[14,-12],[4,-12],[-16,-4],[-9,-19],[1,-7],[-14,-26],[-23,-9],[-43,-26],[2,-19],[-5,-9],[-37,-35],[-15,3],[-22,20],[-22,-4],[-16,1],[-6,7],[-21,8],[-14,2],[-20,11],[-33,0],[-6,5],[-14,33],[-1,18],[-15,8],[-13,2],[-12,16],[-15,5],[-44,7],[-18,-8],[-18,-13],[-30,5],[-1,-19],[21,-7],[-2,-18],[-22,8],[-14,17],[-25,16],[-24,-2],[-13,-5],[7,-19],[28,-8],[11,-11],[4,-12],[9,-10],[-3,-8],[-22,-7],[-8,-8],[7,-19],[0,-29],[-27,-16],[-18,-6],[-22,-12],[-19,21],[-11,0],[-24,-15],[-33,-8],[-19,6],[-10,18],[2,24],[10,21],[-31,26],[-3,6],[-43,15],[-41,10],[-48,-19],[-5,1],[-1,-240],[-1,-495],[-1,-425],[-1,-563],[-2,-650],[0,-200],[0,-190],[0,-731],[0,-323],[-3,-18],[5,-16],[28,-32],[-2,-19],[-20,-14],[-10,-14],[8,-14],[-6,-15],[-15,-19],[-3,-10],[5,-8],[-11,-23],[-16,-12],[-14,3],[-8,-7],[-16,-26],[5,-7],[-18,-17],[-4,-12],[-19,-13],[-6,-18],[7,-11],[17,-8],[4,-11],[12,-12],[-2,-17],[7,-5],[12,-42],[9,-7],[1,-10],[13,-18],[17,-9],[26,2],[5,-19],[23,-11],[11,4],[27,-8],[21,-9],[5,-14],[25,-15],[16,-20],[17,-10],[31,-9],[10,-7],[25,-8],[31,-21],[36,-16],[31,-21],[10,-13],[12,-7],[19,-31],[9,-25],[-5,-19],[2,-9],[23,-16],[37,-5],[15,-11],[3,-9],[21,-25],[2,-28],[23,-29],[16,-10],[18,-23],[24,-13],[15,0],[5,-17],[27,-11],[28,-4],[18,-9],[10,-10],[-10,-12],[2,-9],[19,-22],[9,-23],[15,-12],[16,-4],[32,8],[15,-6],[4,-13],[-10,-11],[10,-38],[16,0],[0,-19],[25,-12],[0,-17],[9,-3],[-7,-14],[31,-4],[12,-31],[13,-17],[17,-7],[13,2],[23,-11],[6,-12],[14,-1],[14,-6],[-3,-9],[14,-8],[27,-8],[3,-7],[26,-3],[12,-7],[14,3],[15,-5],[19,-12],[8,6],[6,28],[13,-6],[4,12],[13,3],[15,-7],[-6,-8],[16,-6],[20,2],[17,-11],[28,1],[7,-6],[16,7],[15,1],[25,-9],[9,6],[10,-5],[47,10],[2,7],[36,-5],[9,-22],[23,3],[11,-8],[5,-14],[-5,-18],[16,-6],[3,-22],[11,-2],[6,-28],[13,-10],[6,-13],[3,-34],[-11,-9],[-2,-14],[13,-5],[29,3],[9,-6],[17,8],[10,-4],[25,8],[11,-7],[15,5],[29,-16],[13,-17],[24,-16],[14,0],[15,-9],[36,-7],[-12,-13],[2,-15],[19,-12],[8,-9],[11,1],[15,-12],[14,9],[8,-7],[18,-8],[13,12],[30,4],[10,-9],[13,-18],[25,-20],[0,-9],[11,-10],[6,11],[13,-2],[13,-8],[0,-7],[16,-10],[11,6],[4,-11],[12,-5],[-13,-13],[25,-3],[19,-24],[-5,-5],[6,-13],[-5,-8],[34,3],[-2,-25],[10,3],[11,11],[5,-13],[-12,-22],[18,-9],[13,-19],[-2,-13],[25,-16],[23,3],[-2,-10],[35,-14],[-1,-9],[15,-4],[14,7],[-2,-24],[6,0],[7,20],[6,0],[2,-19],[-6,-13],[28,4],[4,-11],[18,4],[24,-26],[7,12],[15,10],[7,-12],[26,-5],[8,14],[17,-5],[1,-10],[19,3],[6,-5],[-18,-9],[12,-9],[12,9],[17,-9],[16,-4],[20,-15],[14,-2],[10,-7],[-10,-9],[28,-10],[19,6],[8,-10],[11,-5],[48,11],[8,-28],[7,1],[2,20],[6,-1],[7,-16],[41,-12],[-3,-16],[12,1],[11,-10],[15,-1],[14,-10],[12,2],[1,-12],[23,-3],[-9,-17],[0,-19],[19,-1],[3,-10],[-20,-5],[16,-13],[16,-1],[6,-9],[12,1],[7,-15],[19,10],[14,-2],[13,4],[8,-6],[1,-15],[19,0],[16,-7],[25,9],[8,-15],[14,9],[1,-16],[15,7],[13,-2],[-9,-15],[21,-10],[-11,-8],[2,-16],[7,-13],[-14,-4],[7,-16],[-6,-10],[-18,-11],[-5,-8],[12,-15],[-17,-4],[3,-8],[13,0],[-7,-21],[7,-16],[-12,-21],[20,-5],[4,-16],[10,3],[4,-13],[16,-1],[9,-11],[8,4],[14,-7],[16,-17],[-20,-9],[24,-11],[-9,-12],[6,-7],[12,1],[6,8],[12,-1],[12,-18],[-17,-13],[17,-4],[0,-28],[-4,-9],[-21,-11],[4,-21],[9,-27],[-6,-11],[3,-21],[-16,-25],[-17,-12],[-6,-17],[-18,0],[-3,-8],[7,-18],[-4,-9],[15,-6],[17,6],[7,-18],[21,-1],[9,-16],[31,-2],[0,-15],[-13,-12],[20,-7],[16,-13],[15,-28],[-23,-5],[7,-14],[13,-3],[15,3],[16,11],[5,14],[17,-17],[19,-8],[-1,-12],[18,-3],[8,-10],[-28,-7],[-3,-8],[11,-6],[-7,-11],[-10,7],[-9,-5],[19,-24],[12,-4],[17,12],[13,-2],[17,-20],[14,-6],[-7,-11],[-1,-14],[-16,-13],[-21,6],[-7,-2],[-10,-19],[-13,-10],[9,-13],[-24,-8],[11,-9],[-3,-26],[-21,-10],[7,-12],[-4,-8],[-18,12],[-13,-7],[7,-25],[6,-6],[11,8],[15,-3],[-5,-13],[-15,-10],[-8,-14],[-13,12],[-10,1],[-12,-11],[16,-24],[2,-24],[-14,-6],[-29,-2],[-22,-28],[-10,12],[-11,-8],[5,-10],[18,-8],[-6,-10],[-20,5],[-9,18],[-7,2],[-9,-14],[7,-17],[15,2],[4,-13],[-17,-8],[-27,1],[2,-17],[19,5],[2,-14],[-12,-1],[-10,-7],[4,-12],[11,-5],[-6,-13],[-11,-3],[-4,-8],[10,-17],[-14,-2],[-17,16],[-15,-9],[-3,-9],[10,-8],[25,-6],[2,-11],[-18,-25],[-20,0],[-2,21],[-15,3],[-30,-8],[2,-12],[18,-1],[15,-18],[19,-3],[-8,-14],[-31,2],[-17,-3],[-11,-7],[-9,-21],[-10,3],[-2,17],[-19,-2],[0,-10],[9,-16],[-13,-16],[9,-7],[20,1],[15,9],[11,-8],[-27,-13],[-14,-10],[-23,-23],[6,-10],[18,-1],[14,22],[10,2],[14,-8],[9,-11],[-8,-10],[-2,-13],[8,-12],[-3,-11],[-9,-6],[-18,-1],[8,-11],[19,1],[17,16],[14,-2],[5,-11],[14,1],[3,15],[12,-10],[-5,-11],[-17,-1],[-1,-23],[-3,-8],[-14,-8],[7,-10],[28,-4],[2,-18],[10,1],[5,17],[10,-1],[0,-21],[20,-10],[-17,-13],[1,-14],[17,-14],[12,13],[10,-7],[-7,-11],[1,-20],[18,-1],[11,14],[18,-8],[14,3],[10,10],[9,-8],[-8,-20],[15,-4],[-10,-12],[-11,4],[-8,-10],[13,-9],[2,-12],[19,-1],[2,-36],[10,0],[17,9],[4,-11],[-14,-2],[1,-8],[13,-4],[14,9],[2,18],[16,-9],[-7,-12],[0,-23],[-5,-16],[12,-3],[34,1],[1,8],[-11,10],[3,10],[12,0],[16,-11],[9,-1],[4,-14],[-7,-10],[14,-7],[24,-25],[6,-12],[-13,-14],[-9,-26],[-15,-14],[-13,-8],[-10,-12],[-15,-5],[-19,3],[-7,-6],[-1,-28],[25,-15],[13,-24],[27,-14],[13,3],[20,11],[11,1],[8,-9],[1,-27],[20,-6],[19,9],[13,-11],[-9,-23],[15,-9],[9,-16],[22,-4],[10,18],[8,3],[14,-7],[-1,-24],[10,-18],[9,-1],[7,9],[-2,20],[-5,13],[17,0],[12,-16],[-4,-25],[8,-8],[22,2],[10,-7],[-1,-24],[-15,-5],[-17,15],[-11,-13],[14,-11],[38,5],[3,-7],[-39,-10],[-2,-13],[10,-7],[25,-8],[16,-18],[1,-11],[-19,-16],[9,-16],[-15,-11],[-16,1],[-9,7],[-9,-5],[7,-9],[23,-12],[38,2],[2,-10],[-13,-14],[-43,10],[-13,0],[-14,-7],[-11,-14],[3,-10],[13,-3],[22,8],[16,-19],[-15,-13],[-4,-27],[6,-20],[29,-5],[5,-7],[-9,-10],[-21,-2],[-2,-7],[22,-13],[15,3],[11,10],[14,1],[9,-17],[-4,-12],[4,-15],[26,-2],[13,8],[0,18],[12,3],[6,-11],[-7,-29],[19,-12],[-7,-16],[10,-6],[27,4],[19,-16],[15,-1],[10,-10],[-5,-9],[-20,-9],[5,-10],[11,-1],[12,7],[15,23],[13,-1],[6,-16],[-12,-25],[2,-6],[17,2],[13,24],[14,2],[38,-25],[-4,-13],[4,-7],[26,-5],[6,-14],[10,-2],[9,10],[12,-5],[0,-14],[9,-7],[3,-14],[8,-6],[18,-1],[15,-4],[4,-16],[-13,-9],[-5,-31],[8,-12],[-2,-10],[-19,-3],[-2,-10],[12,-13],[7,-14],[29,-2],[8,-7],[-4,-21],[11,-7],[15,20],[12,-2],[8,-19],[11,-14],[19,0],[32,19],[14,11],[19,5],[10,-6],[7,-11],[10,-32],[-10,-21],[8,-7],[20,5],[11,17],[13,2],[16,-16],[15,1],[16,23],[13,5],[8,-9],[0,-22],[-5,-16],[-18,-11],[-18,0],[-25,20],[-12,2],[-16,-12],[-3,-12],[8,-12],[18,-8],[16,0],[20,11],[20,-4],[2,-9],[-21,-12],[-20,2],[-26,-10],[-24,8],[-10,-7],[2,-9],[23,-11],[-9,-18],[-18,-5],[-18,0],[-5,-7],[14,-20],[-7,-8],[-15,7],[-14,27],[-10,5],[-10,-5],[2,-10],[15,-31],[-4,-14],[4,-7],[13,-3],[23,2],[17,-12],[18,4],[2,-8],[-15,-11],[3,-11],[14,1],[8,13],[1,20],[11,-7],[-5,-34],[2,-6],[29,-19],[17,7],[12,14],[11,-5],[-1,-12],[-28,-17],[-5,-18],[-15,-23],[2,-28],[-11,-1],[-17,6],[-5,-8],[25,-28],[24,-9],[20,1],[2,-6],[-14,-17],[-11,-2],[-18,4],[-9,6],[-17,20],[-17,-4],[-2,-10]],[[82660,58661],[9,-10],[70,29],[33,45],[53,30],[74,10],[60,-11],[53,20],[56,35],[48,28],[65,12],[45,12],[62,-37],[41,-33],[47,-78],[18,-50],[32,-63],[29,-42],[22,-11],[60,-6],[51,-1],[22,-4],[41,-23],[21,-7],[55,-5],[29,8],[40,3],[45,-14],[22,-4],[60,-2],[22,3],[32,24],[35,32],[39,38],[30,32],[18,45],[6,25],[12,20],[67,51],[99,66],[64,50],[32,8],[29,-3],[29,2],[24,8],[38,-2],[22,2],[10,5],[11,22],[17,16],[32,55],[16,44],[20,22],[18,23],[37,28],[34,21],[20,5],[28,2],[41,-1],[45,7],[31,13],[13,10],[16,33],[19,28],[14,8],[49,16],[23,5],[61,19],[46,9],[24,0],[21,3],[33,10],[32,4],[17,-1],[59,-14],[26,-13],[16,-21],[20,-45],[13,-22],[39,-38],[23,-9],[69,-7],[106,20],[56,7],[29,0],[31,-5],[32,-17],[35,-20],[81,-28],[27,-15],[27,-12],[46,-14],[51,0],[35,-2],[26,4],[53,-15],[35,-5],[66,-21],[53,-12],[52,-4],[22,0],[28,5],[37,13],[55,38],[29,7],[30,3],[94,7],[30,0],[28,-6],[19,-6],[82,-36],[11,-6],[19,-18],[16,-21],[37,-29],[17,-24],[5,-26],[12,-11],[25,-3],[22,7],[57,10],[50,6],[32,6],[15,6],[73,19],[46,0],[80,-20],[44,-8],[69,-2],[71,3],[25,-4],[21,-6],[29,-17],[3,-6],[15,-47],[15,-15],[26,-19],[41,-7],[14,-1],[38,5],[51,4],[27,-3],[55,-7],[27,-6],[42,0],[16,5],[46,20],[47,26],[31,24],[28,32],[16,15],[66,32],[62,41],[52,14],[36,6],[40,-1],[24,-10],[25,-18],[30,-15],[69,-42],[28,-14],[27,-4],[31,0],[29,5],[32,11],[16,10],[40,22],[15,10],[28,29],[22,39],[6,17],[16,19],[14,9],[27,6],[41,2],[64,-1],[40,5],[49,15],[84,-2],[47,7],[40,13],[38,5],[54,-13],[46,-15],[29,-4],[27,3],[22,7],[43,8],[68,-14],[38,-3],[31,0],[32,5],[35,12],[29,4],[26,0],[17,-4],[24,-12],[30,-5],[60,-18],[63,-28],[21,-17],[57,-27],[37,-14],[30,-3],[37,0],[13,-5],[26,-2],[36,3],[77,19],[58,28],[45,26],[24,20],[36,17],[24,15],[27,34],[18,17],[24,17],[23,5],[73,-3],[27,3],[85,24],[61,24],[26,8],[29,2],[68,9],[53,0],[36,5],[53,17],[18,7],[11,13],[20,15],[24,11],[22,2],[75,26],[44,6],[26,6],[22,1],[29,-3],[36,-14],[18,-2],[38,1],[28,2],[29,8],[23,12],[27,10],[40,4],[43,-3],[54,-14],[49,-10],[77,-32],[15,-9],[44,-34],[19,-19],[15,-20],[35,-30],[24,-14],[26,-12],[28,-7],[29,-1],[34,3],[23,6],[45,20],[70,33],[26,8],[30,4],[28,-2],[22,-5],[33,-3],[41,5],[16,8],[19,17],[39,27],[23,15],[61,31],[32,14],[69,21],[61,24],[45,26],[16,14],[25,29],[31,26],[13,13],[52,61],[14,12],[80,45],[35,22],[63,28],[16,8],[50,33],[26,15],[35,24],[29,26],[33,42],[16,12],[30,15],[37,14],[118,26],[49,12],[23,-1],[32,-5],[39,-18],[17,-11],[30,-27],[37,-36],[26,-21],[24,-12],[28,-26],[20,-13],[30,-12],[26,-6],[28,2],[134,33],[49,5],[29,9],[25,3],[31,-1],[35,-16],[24,-9],[45,-10],[29,-3],[117,-1],[34,-4],[51,-10],[35,-3],[69,1],[62,-5],[54,1],[48,9],[18,-1],[30,-7],[34,-12],[33,-19],[20,-17],[17,-23],[30,-33],[32,-27],[34,-17],[35,-10],[36,2],[27,3],[59,13],[53,7],[24,4],[23,0],[36,-7],[32,-10],[26,-11],[25,-16],[11,-14],[83,-84],[26,-24],[31,-23],[50,-26],[62,-25],[16,-8],[77,-46],[42,-19],[36,-23],[20,-16],[22,-25],[24,-18],[17,-17],[7,-15],[-4,-17],[-38,-27],[-32,-25],[-52,-36],[-21,-17],[-51,-35],[-13,-20],[-17,-43],[-14,-30],[-9,-37],[-6,-43],[7,-38],[23,-45],[22,-34],[26,-30],[20,-16],[16,-18],[17,-31],[7,-19],[6,-41],[5,-23],[13,-18],[59,-76],[35,-36],[61,-43],[59,-37],[38,-15],[29,-16],[7,-10],[-6,-28],[-1,-21],[9,-22],[22,-23],[13,-10],[32,-17],[24,-18],[10,-12],[10,-25],[3,-19],[1,-43],[-14,-38],[-11,-12],[-31,-21],[-29,-10],[-26,-7],[-47,-16],[-41,-16],[-38,-19],[-41,-25],[-50,-26],[-33,-22],[-37,-39],[-14,-22],[-11,-21],[-17,-24],[-24,-19],[-74,-36],[-61,-39],[-20,-10],[-26,-8],[-57,-21],[-56,-24],[-47,-30],[-34,-25],[-43,-40],[-18,-21],[-35,-44],[-7,-12],[-46,-48],[-17,-25],[-13,-24],[-12,-28],[-25,-15],[-21,-15],[-30,-16],[-26,-17],[-70,-54],[-18,-21],[-21,-18],[-15,-17],[-6,-13],[-11,-42],[-1,-39],[-15,-36],[-34,-38],[-12,-23],[-4,-15],[-11,-93],[-27,-57],[-8,-30],[-2,-22],[-25,-59],[-19,-23],[-51,-50],[-3,-6],[-10,-42],[-5,-46],[-1,-66],[-6,-43],[-3,-63],[-20,-56],[-3,-20],[0,-50],[1,-66],[6,-46],[9,-17],[21,-31],[13,-23],[0,-23],[4,-31],[8,-19],[0,-35],[8,-25],[4,-22],[14,-36],[19,-22],[13,-31],[2,-14],[-1,-32],[-5,-48],[0,-21],[6,-21],[9,-12],[23,-19],[55,-31],[32,-25],[11,-12],[11,-21],[-1,-22],[-20,-52],[-20,-35],[-24,-19],[-27,-8],[-26,-17],[-11,-14],[-10,-27],[-11,-43],[-11,-33],[0,-61],[-4,-29],[-9,-27],[-8,-10],[-24,-23],[-35,-29],[-41,-21],[-22,-15],[-45,-26],[-55,-41],[-40,-37],[-41,-24],[-21,-17],[-22,-13],[-21,-17],[-16,-7],[-65,-14],[-31,-4],[-27,-5],[-41,-20],[-33,-26],[-23,-15],[-26,-26],[-39,-52],[-12,-9],[-45,-12],[-113,-43],[-27,-12],[-37,-22],[-79,-58],[-44,-21],[-35,-12],[-69,-19],[-22,-8],[-24,-15],[-50,-44],[-30,-35],[-8,-6],[-15,-23],[-23,-21],[-59,-44],[-12,-4],[-34,-19],[-16,-12],[-26,-27],[-15,-21],[-26,-26],[-12,-22],[-5,-92],[-7,-39],[9,-22],[4,-18],[16,-24],[34,-19],[59,-19],[11,-7],[12,-22],[22,-18],[17,-20],[2,-23],[-8,-27],[-24,-51],[-16,-53],[5,-21],[0,-29],[6,-35],[13,-23],[13,-17],[5,-33],[-12,-27],[-30,-23],[-24,-24],[-24,-30],[-27,-75],[-18,-35],[-13,-20],[-13,-26],[-21,-35],[-15,-20],[-5,-16],[9,-39],[17,-27],[59,-55],[18,-18],[12,-18],[50,-84],[22,-32],[17,-14],[14,-19],[-5,-30],[-1,-39],[7,-33],[36,-25],[53,-17],[19,-20],[-8,-39],[-18,-34],[-32,-34],[-35,-41],[-11,-38],[0,-48],[4,-39],[3,-36],[-10,-44],[-5,-60],[-5,-29],[-10,-34],[-10,-27],[-26,-58],[-10,-12],[-15,-10],[-25,-30],[-8,-20],[0,-28],[14,-49],[0,-50],[6,-45],[2,-41],[0,-41],[-6,-48],[5,-49],[17,-40],[33,-57],[12,-35],[11,-41],[10,-64],[0,-40],[-2,-30],[3,-24],[-1,-35],[7,-60],[-27,-108],[2,-58],[-3,-55],[2,-27],[12,-69],[5,-58],[-1,-38],[7,-29],[11,-24],[11,-15],[10,-45],[1,-37],[-13,-40],[-20,-44],[-14,-22],[-21,-39],[-24,-34],[-49,-76],[-22,-41],[-19,-57],[-3,-50],[0,-36],[8,-46],[2,-37],[-15,-83],[0,-39],[18,-43],[22,-95],[6,-43],[0,-25],[-9,-16],[-67,-55],[-31,-34],[-16,-44],[2,-37],[24,-39],[51,-40],[42,-30],[115,-36],[34,-14],[29,-18],[33,-23],[62,-55],[21,-23],[21,-27],[8,-22],[0,-24],[-7,-37],[-19,-35],[-16,-50],[1,-24],[20,-26],[52,-43],[35,-12],[40,-11],[19,-10],[6,-20],[0,-18],[-20,-18],[-21,-28],[-12,-25],[-9,-42],[10,-47],[8,-27],[53,-35],[31,-36],[16,-30],[10,-36],[5,-34],[-9,-34],[-5,-12],[-31,-13],[-34,-7],[-57,13],[-61,1],[-55,-27],[-32,-46],[-12,-68],[25,-72],[31,-61],[41,-86],[-10,-50],[-18,-41],[-5,-63],[-15,-44],[0,-29],[10,-40],[16,-21],[35,-38],[23,-34],[30,-13],[33,-38],[5,-81],[0,-42],[11,-35],[30,-51],[8,-29],[80,-56],[49,-33],[49,-42],[26,-34],[33,-59],[14,-45],[16,-63],[16,-47],[23,-53],[2,-16],[11,-48],[17,-69],[31,-59],[14,-16],[28,-25]]],"transform":{"scale":[0.00014888405030155012,0.00017624079035996295],"translate":[-81.73562045681689,-4.229406466336059]},"objects":{"master_departamentos_real":{"type":"GeometryCollection","geometries":[{"arcs":[[0,1,2,3,4,5,6,7]],"type":"Polygon","properties":{"divipola_dep":"05","divipola_dep_n":5,"dpto_nombre":"ANTIOQUIA","area_km2":62788.7331}},{"arcs":[[8,9,10]],"type":"Polygon","properties":{"divipola_dep":"08","divipola_dep_n":8,"dpto_nombre":"ATLÁNTICO","area_km2":3324.2958}},{"arcs":[[11,12,13,14]],"type":"Polygon","properties":{"divipola_dep":"11","divipola_dep_n":11,"dpto_nombre":"BOGOTÁ, D.C.","area_km2":1620.5408}},{"arcs":[[[-1,15,16,17,-9,18,19,20]],[[21]],[[22]],[[23]],[[24]],[[25]],[[26]],[[27]],[[28]],[[29]]],"type":"MultiPolygon","properties":{"divipola_dep":"13","divipola_dep_n":13,"dpto_nombre":"BOLÍVAR","area_km2":26680.8064}},{"arcs":[[-3,30,31,32,33,34,35,36]],"type":"Polygon","properties":{"divipola_dep":"15","divipola_dep_n":15,"dpto_nombre":"BOYACÁ","area_km2":23073.397}},{"arcs":[[-4,-37,37,38,39]],"type":"Polygon","properties":{"divipola_dep":"17","divipola_dep_n":17,"dpto_nombre":"CALDAS","area_km2":7421.9384}},{"arcs":[[40,41,42,43,44,45,46]],"type":"Polygon","properties":{"divipola_dep":"18","divipola_dep_n":18,"dpto_nombre":"CAQUETÁ","area_km2":92708.9924}},{"arcs":[[-45,47,48,49,50,51,52]],"type":"Polygon","properties":{"divipola_dep":"19","divipola_dep_n":19,"dpto_nombre":"CAUCA","area_km2":31260.672}},{"arcs":[[-20,53,54,55,56,57]],"type":"Polygon","properties":{"divipola_dep":"20","divipola_dep_n":20,"dpto_nombre":"CESAR","area_km2":22497.9351}},{"arcs":[[-8,58,59,-16]],"type":"Polygon","properties":{"divipola_dep":"23","divipola_dep_n":23,"dpto_nombre":"CÓRDOBA","area_km2":25082.7301}},{"arcs":[[-12,-15,60,61,-38,-36,62]],"type":"Polygon","properties":{"divipola_dep":"25","divipola_dep_n":25,"dpto_nombre":"CUNDINAMARCA","area_km2":22343.4851}},{"arcs":[[-6,63,64,65]],"type":"Polygon","properties":{"divipola_dep":"27","divipola_dep_n":27,"dpto_nombre":"CHOCÓ","area_km2":48384.7982}},{"arcs":[[-14,66,-46,-53,67,-61]],"type":"Polygon","properties":{"divipola_dep":"41","divipola_dep_n":41,"dpto_nombre":"HUILA","area_km2":18137.1197}},{"arcs":[[-55,68,69]],"type":"Polygon","properties":{"divipola_dep":"44","divipola_dep_n":44,"dpto_nombre":"LA GUAJIRA","area_km2":20572.5198}},{"arcs":[[-11,70,-69,-54,-19]],"type":"Polygon","properties":{"divipola_dep":"47","divipola_dep_n":47,"dpto_nombre":"MAGDALENA","area_km2":23109.6572}},{"arcs":[[-13,-63,71,72,73,-47,-67]],"type":"Polygon","properties":{"divipola_dep":"50","divipola_dep_n":50,"dpto_nombre":"META","area_km2":82663.8223}},{"arcs":[[-49,74,75]],"type":"Polygon","properties":{"divipola_dep":"52","divipola_dep_n":52,"dpto_nombre":"NARIÑO","area_km2":31536.974}},{"arcs":[[-32,76,-57,77]],"type":"Polygon","properties":{"divipola_dep":"54","divipola_dep_n":54,"dpto_nombre":"NORTE DE SANTANDER","area_km2":21939.8366}},{"arcs":[[78,79,80]],"type":"Polygon","properties":{"divipola_dep":"63","divipola_dep_n":63,"dpto_nombre":"QUINDÍO","area_km2":1933.1591}},{"arcs":[[-5,-40,81,-79,82,-64]],"type":"Polygon","properties":{"divipola_dep":"66","divipola_dep_n":66,"dpto_nombre":"RISARALDA","area_km2":3556.4336}},{"arcs":[[-2,-21,-58,-77,-31]],"type":"Polygon","properties":{"divipola_dep":"68","divipola_dep_n":68,"dpto_nombre":"SANTANDER","area_km2":30436.3116}},{"arcs":[[-17,-60,83]],"type":"Polygon","properties":{"divipola_dep":"70","divipola_dep_n":70,"dpto_nombre":"SUCRE","area_km2":10585.9129}},{"arcs":[[-39,-62,-68,-52,84,-80,-82]],"type":"Polygon","properties":{"divipola_dep":"73","divipola_dep_n":73,"dpto_nombre":"TOLIMA","area_km2":24128.102}},{"arcs":[[[-51,85,-65,-83,-81,-85]],[[86]],[[87]],[[88]],[[89]],[[90]],[[91]],[[92]],[[93]],[[94]],[[95]],[[96]],[[97]],[[98]],[[99]],[[100]]],"type":"MultiPolygon","properties":{"divipola_dep":"76","divipola_dep_n":76,"dpto_nombre":"VALLE DEL CAUCA","area_km2":20677.3686}},{"arcs":[[-34,101,102,103]],"type":"Polygon","properties":{"divipola_dep":"81","divipola_dep_n":81,"dpto_nombre":"ARAUCA","area_km2":23773.1287}},{"arcs":[[-35,-104,104,-72]],"type":"Polygon","properties":{"divipola_dep":"85","divipola_dep_n":85,"dpto_nombre":"CASANARE","area_km2":44267.0097}},{"arcs":[[-44,105,106,-75,-48]],"type":"Polygon","properties":{"divipola_dep":"86","divipola_dep_n":86,"dpto_nombre":"PUTUMAYO","area_km2":25974.525}},{"arcs":[[[107]],[[108]],[[109]]],"type":"MultiPolygon","properties":{"divipola_dep":"88","divipola_dep_n":88,"dpto_nombre":"ARCHIPIÉLAGO DE SAN ANDRÉS, PROVIDENCIA Y SANTA CATALINA","area_km2":49.5886}},{"arcs":[[-43,110,111,-106]],"type":"Polygon","properties":{"divipola_dep":"91","divipola_dep_n":91,"dpto_nombre":"AMAZONAS","area_km2":109174.8285}},{"arcs":[[112,113,114,115]],"type":"Polygon","properties":{"divipola_dep":"94","divipola_dep_n":94,"dpto_nombre":"GUAINÍA","area_km2":70953.4223}},{"arcs":[[-41,-74,116,-114,117]],"type":"Polygon","properties":{"divipola_dep":"95","divipola_dep_n":95,"dpto_nombre":"GUAVIARE","area_km2":55403.3636}},{"arcs":[[-42,-118,-113,118,-111]],"type":"Polygon","properties":{"divipola_dep":"97","divipola_dep_n":97,"dpto_nombre":"VAUPÉS","area_km2":53109.3379}},{"arcs":[[-73,-105,-103,119,-115,-117]],"type":"Polygon","properties":{"divipola_dep":"99","divipola_dep_n":99,"dpto_nombre":"VICHADA","area_km2":99632.7208}}]}}}