{"type":"Topology","arcs":[[[8397,11825],[-19,-1],[-13,3],[-25,4],[-5,-5],[0,-12],[-8,-11],[-24,6],[-13,-2],[-21,9],[-5,6]],[[8264,11822],[3,9],[-15,0],[-12,4],[-27,-4],[-11,0],[3,-7],[-13,-11],[1,-7],[-15,-3]],[[8178,11803],[-18,-2],[-12,-6],[-5,3],[-8,-4]],[[8135,11794],[-3,5],[0,10],[-4,11],[-7,7],[-6,1]],[[8115,11828],[-11,11],[6,8],[-7,20],[1,11],[-10,9],[3,13],[-3,2]],[[8094,11902],[-1,6],[4,20],[-2,20],[1,6],[-3,11],[-10,9],[-1,10],[4,3],[-5,8],[8,7],[-5,15]],[[8084,12017],[5,12],[19,2],[8,-3],[10,-1],[23,4]],[[8149,12031],[5,-10],[14,-15],[1,-13],[3,-7],[14,-12],[9,-6],[25,-5],[11,1],[6,-6],[7,-2],[15,4],[7,-1],[21,4],[10,-1],[5,-4],[19,-6],[6,-6],[8,1],[6,-13],[5,1]],[[8346,11935],[5,12],[6,3],[17,-5]],[[8374,11945],[1,-6],[7,-8],[4,-9],[-4,-8],[12,-14],[2,-6],[16,-11],[1,-6],[-10,-9],[-7,3],[-6,-11],[-1,-7],[6,-4],[0,-8]],[[8395,11841],[4,-9],[-2,-7]],[[8490,11497],[6,-5],[4,4],[17,-8],[12,-11],[7,-3],[31,4],[11,0],[11,-7],[24,1],[5,-4],[15,-7],[15,-1],[17,5]],[[8665,11465],[7,-6],[4,-12],[12,-4]],[[8688,11443],[-22,-6],[-8,-9],[-3,-10],[-7,-3],[-3,-8],[-8,-3],[-5,-9],[2,-4],[-6,-16],[-11,-15],[-14,-3],[-18,-9],[-9,0],[-23,-12],[-17,-4],[-3,-3],[-17,-8],[-11,1],[-8,-3],[-11,-16],[-6,-3],[-2,-11],[3,-5],[-3,-9],[1,-12]],[[8479,11263],[-8,1],[-12,-6],[-5,-7],[-17,-4],[-9,-11],[-9,-5],[-14,-4],[-10,6],[-4,9],[-22,8],[-4,-4],[-13,10],[-3,6],[-21,-4],[-11,20],[5,4],[-5,9],[-16,4]],[[8301,11295],[-1,10],[7,17],[-3,12],[6,5],[3,9],[-1,21],[-5,19],[2,19],[5,-2],[7,5],[4,9],[-2,5],[3,10],[5,6],[0,9]],[[8331,11449],[9,10],[9,0],[12,-5],[10,-2],[11,6],[12,3],[7,9],[-10,10],[2,17],[15,10],[3,12],[-10,15]],[[8401,11534],[7,11],[11,1],[8,-6],[10,-5],[12,-2],[-4,-7],[9,-5],[0,-8],[11,-10],[2,-6],[10,2],[13,-2]],[[7588,12464],[17,-8],[9,-11],[17,-6],[4,-12],[15,-20],[2,-10],[5,-6],[3,-9],[-5,-3],[1,-8],[-7,-7],[2,-12],[15,-1],[23,-10]],[[7689,12341],[-1,-3],[6,-11]],[[7694,12327],[-4,-11],[3,-3],[-6,-14],[-1,-10],[-4,-8],[2,-7],[-3,-7],[0,-8],[-8,-10],[-4,-29],[-4,-1],[-7,-12],[-2,-11],[0,-13],[-4,-3]],[[7652,12180],[-25,3]],[[7627,12183],[-13,3],[-4,5],[-6,15],[-3,16],[-4,2],[-16,-3],[-4,10],[-9,6],[-7,-3],[-11,2],[-10,13],[-14,4],[1,6],[-30,11],[-4,7],[-6,4]],[[7487,12281],[-3,4],[6,14],[-4,8],[9,9],[-6,12],[-13,2],[-2,19],[4,5],[-21,10],[11,15],[10,1],[6,5],[21,2],[6,6],[7,2],[2,8],[8,8],[20,0],[4,4],[13,3],[10,7],[6,9],[14,1],[-8,9],[-2,10],[3,10]],[[9066,12045],[-1,-10],[-14,-4],[-12,-2],[-16,-11],[-15,0],[-5,2],[-9,-3],[-9,-9],[3,-5],[-13,-2],[-14,0],[-1,-11],[-18,-3],[-12,-6],[-4,-6],[-20,2],[-8,-6],[1,-7],[-8,-13]],[[8891,11951],[-6,9],[-7,5],[-6,14],[-9,5],[-11,-9],[-1,-13],[-12,-8],[1,-5],[-7,-6],[-7,-1],[-8,4]],[[8818,11946],[3,15],[-1,7],[-5,6],[3,5],[13,-6],[8,10],[-2,18],[5,6],[-5,6],[3,6],[-5,5],[0,6],[7,8],[22,5],[-14,25],[3,7]],[[8853,12075],[12,-1],[10,-4],[12,-2],[11,-6],[11,-1],[20,-7],[16,6],[13,7],[7,1],[11,4],[11,8],[15,2]],[[9002,12082],[8,-3],[25,-25],[5,-8],[12,2],[14,-3]],[[8147,11606],[-8,0],[-16,-12],[-15,-8]],[[8108,11586],[-8,3],[-8,-2],[-13,8],[-4,6],[-19,13],[-6,-4],[-18,0],[-7,-4],[-8,2]],[[8017,11608],[16,29],[9,10],[13,5],[2,8],[-2,18],[-11,8]],[[8044,11686],[12,6],[6,0],[14,9],[15,-10],[8,3],[8,11],[21,0],[10,3]],[[8138,11708],[8,-12],[-1,-7],[2,-10],[-1,-9],[-8,-1],[-8,-9],[12,-6],[19,-28],[-7,-7],[-7,-13]],[[9164,13070],[-5,-5],[-3,-11],[5,-12]],[[9161,13042],[-1,-14],[3,-9],[7,-13],[15,1],[11,-4],[5,1],[13,-12],[14,-15],[-1,-9],[9,-13],[6,-12],[-1,-9],[10,-3],[0,-6]],[[9251,12925],[-6,-9],[0,-14],[11,-6],[8,-10],[-3,-11],[4,-8],[-2,-8],[5,-10],[-4,-7],[-7,0],[-9,-18],[-7,-17],[-3,-11],[8,-13],[-2,-8],[7,-6],[6,1],[6,-13],[2,-24]],[[9265,12733],[-7,-3],[-1,-12],[-12,-12],[-2,-22],[-19,-1],[-6,-24],[-10,-3],[7,-10],[-1,-13],[11,-4],[-2,-10],[-20,-14],[7,-11],[7,-6],[-3,-8],[3,-7],[-8,-7],[0,-5],[-14,-5],[-12,-14],[-10,1],[-4,-8],[12,-10],[0,-7],[-5,-13],[0,-10],[-6,-5],[-3,-9],[-9,-6],[-8,-1],[1,-17]],[[9151,12457],[-18,7],[-11,11],[-6,0],[-9,10],[-9,3],[0,6],[-16,12],[-11,2],[-15,12],[-6,9],[-18,4],[-14,14],[-6,8],[-13,-7],[-2,-6],[-6,-4],[1,-13],[-9,-14],[8,-7],[7,-11],[6,-19],[14,2],[2,-10],[-7,-4],[-14,0],[-30,16],[-15,6],[-3,-2],[-29,10],[-5,6],[-8,-3],[-9,1]],[[8900,12496],[-8,5],[-8,-4],[-14,3],[-2,8],[-10,1],[-4,9],[-11,9],[-7,3],[-21,15],[-3,12],[-8,12]],[[8804,12569],[0,11],[5,9],[-3,19],[7,17],[5,2],[1,8]],[[8819,12635],[-1,4],[7,7],[9,1],[19,7],[6,16],[5,6],[24,7],[11,6],[34,15],[18,24],[-1,4],[12,8],[-1,13],[9,14],[-1,12],[3,6],[-3,29],[13,10],[6,8],[7,3],[6,12],[4,22],[9,15],[-1,6],[7,12],[9,9],[9,5],[0,5],[6,12],[6,5],[5,12],[31,24],[12,6],[5,14],[10,8],[8,16],[13,8],[6,13],[-7,17],[-4,4],[2,9],[8,6],[20,-7],[5,2]],[[7924,11301],[13,-23],[-2,-10],[8,-11],[3,-11],[6,-5],[0,-8],[9,-10],[-1,-6]],[[7960,11217],[-5,-11],[-17,-6],[0,-13],[-9,-3],[-31,7],[-4,3],[-20,2],[-8,-6],[1,-11],[-2,-6],[2,-21],[-4,-3],[0,-9],[6,-4],[5,-9],[0,-14],[3,-7],[-2,-5],[3,-11],[-4,-17],[-13,-4],[-3,-16],[3,-12],[-8,-5],[-1,-6],[-8,-6],[-13,-5]],[[7831,11019],[-5,7],[-10,2],[-8,5],[-10,17],[-8,2],[-23,-1],[-9,-4],[-4,7],[-9,1],[-18,7],[-7,11],[1,10],[-15,4],[-4,9],[-1,13],[-9,8]],[[7692,11117],[4,16],[-7,15],[12,9],[-6,10],[1,13],[-7,9],[-14,6],[-3,5],[-16,13],[-11,2],[-13,9],[-16,6],[0,5],[-10,7]],[[7606,11242],[9,3],[5,8],[13,-5],[12,-7],[14,-2],[6,-8],[36,3],[9,6],[7,0],[2,7],[-7,8],[5,4],[38,12],[11,-6],[21,3],[5,-8],[9,-4],[5,7],[14,-2],[10,3],[8,12],[6,2],[17,2],[6,8],[-18,8],[-2,9],[4,9],[-5,11],[3,4]],[[7849,11329],[8,8],[2,7],[15,10]],[[7874,11354],[8,-26],[9,-3],[22,-13],[5,-8],[6,-3]],[[8135,11794],[0,-8],[3,-19],[-1,-5],[4,-6],[3,-13]],[[8144,11743],[-4,-2],[-4,-10],[7,-17],[-5,-6]],[[8044,11686],[0,13],[-5,13],[-15,12],[-1,22],[-7,2],[2,14]],[[8018,11762],[15,11],[11,1]],[[8044,11774],[9,3],[8,10],[6,0],[12,-9],[10,1],[14,7],[7,12],[3,16],[-1,10],[3,4]],[[8722,12660],[-2,-20],[-6,-8],[-9,-7],[-6,-10],[3,-8],[-4,-3],[3,-34],[-13,-2],[-1,-9],[-11,-8],[-4,6],[-9,3],[-3,-12],[0,-7]],[[8660,12541],[-3,-3],[-13,3],[-8,-14],[-9,-4],[-4,-5],[-15,-3],[-5,4],[-12,4],[-23,-11],[-12,-1],[-12,-7],[-1,-17],[-4,-1]],[[8539,12486],[-20,-1],[-24,3],[-16,7],[-4,5],[-19,-6],[-22,1],[-13,-9],[-19,-7],[-10,0],[-2,6]],[[8390,12485],[7,3],[0,11],[-9,16],[1,12],[5,5],[11,5],[6,6],[7,20],[-4,11],[10,9],[8,4],[12,-3],[7,22],[6,1],[7,12],[6,-2],[12,1],[5,8],[15,10],[14,2],[8,-8],[19,1],[15,16],[8,-1],[3,6],[1,12],[8,2],[9,-2],[5,5],[-2,6],[15,5]],[[8605,12680],[12,8],[14,3],[2,6],[9,6],[17,-1],[8,1],[13,7],[6,-1],[6,-12],[12,-6],[6,0],[11,-15],[1,-16]],[[8819,12635],[-11,6],[-6,10],[-11,2],[-11,-2],[-14,3],[-5,6],[-15,6]],[[8746,12666],[5,12],[-4,29],[-1,15],[-5,9],[4,8],[-6,9],[1,8],[7,7],[6,11],[-7,11],[-20,-5],[-6,1],[-5,8],[-9,8],[-4,20],[-1,11],[4,6],[2,19],[-8,21],[-20,12],[-20,4],[-7,6],[-3,9],[-16,11],[-8,8],[-2,19],[-3,3],[3,26],[-2,12]],[[8621,12984],[10,11],[11,6]],[[8642,13001],[8,2]],[[8650,13003],[9,18],[18,1],[15,-8],[17,14],[12,-1],[14,4],[10,5],[12,0],[9,-8],[25,22],[2,9],[-4,6],[7,14],[-1,12],[7,12],[12,6],[2,13],[10,7],[1,7],[-4,4],[2,7]],[[8825,13147],[5,14],[12,11],[13,-3],[35,4],[7,13],[15,1],[9,4],[12,1],[15,7],[17,18],[21,8],[10,-1],[16,-4],[-5,-13],[9,-11],[11,-9],[16,-5],[11,-1],[2,9]],[[9056,13190],[11,-7],[12,4],[21,11],[9,9],[9,13],[6,-2],[0,-7],[22,0],[7,15],[14,17],[1,11],[9,-9],[2,-6],[-4,-6],[5,-10],[6,-18],[6,-2],[3,-14],[-4,-15],[-7,-5],[-3,-7],[-9,-10],[5,-8],[8,0],[6,-11],[-1,-16],[-16,-17],[4,-13],[-3,-11],[-11,-6]],[[7694,12327],[14,-1],[6,-5],[16,-2],[9,2],[8,-6],[13,-1],[4,-4],[23,0],[11,4],[5,16],[6,3],[2,11],[7,5],[16,-5],[10,-21],[6,-6],[6,2],[9,21]],[[7865,12340],[13,5],[2,4],[17,10],[5,14],[11,9],[16,-1]],[[7929,12381],[-5,-15],[1,-8],[4,-6],[-1,-7],[14,-9]],[[7942,12336],[10,-9],[2,-17],[5,-8],[1,-9],[7,-3],[-1,-9],[8,-6],[0,-12],[3,-13],[-3,-10],[1,-7],[-4,-14]],[[7971,12219],[-6,-27],[-16,-1],[-4,-3],[1,-22],[-5,-4],[2,-12],[-5,-9],[5,-14],[-4,-10],[2,-8],[7,-5],[1,-18],[-2,-13]],[[7947,12073],[-4,-5],[-10,-3],[-2,-6]],[[7931,12059],[-9,4],[-16,-4],[-4,9],[-17,5],[-18,0],[-11,3],[-5,-6],[-14,-2],[-5,-10]],[[7832,12058],[-18,11],[-2,6],[-22,7],[-7,4],[-2,18],[4,8],[-5,16],[-17,2],[-12,6],[-3,9],[-1,20],[-10,-5],[-10,1],[-11,8],[-19,4],[-12,-8],[-14,2],[-9,-3],[-9,5],[-1,11]],[[7931,12059],[-9,-7],[-7,-9],[0,-13],[-9,-5],[1,-13],[5,-4],[-8,-11],[0,-6],[-6,-3],[0,-8],[5,-2],[14,-11],[-5,-8],[-2,-15],[5,-8],[8,-1],[5,-7],[-8,-4],[-5,-11],[6,-11],[-5,-10],[-13,-1]],[[7903,11891],[-4,-3]],[[7899,11888],[-14,6],[-9,-2],[-4,-6],[-19,-7],[-19,-2],[-3,-5],[-8,-7],[-3,-7],[-13,-5],[-13,1],[-10,7],[-15,7],[-13,5],[-5,8],[-13,-4],[-6,2],[1,8],[-26,22],[2,6],[-10,16]],[[7699,11931],[11,19],[-3,7],[8,10],[4,13],[1,19]],[[7720,11999],[17,3],[8,-1],[16,8],[11,-2],[9,-6],[15,3],[8,6],[4,12],[16,11],[-1,10],[3,11],[6,4]],[[7152,13886],[-4,-8],[-4,-21],[1,-25],[1,-6],[-10,-5],[5,-27],[-4,-8],[2,-9],[-6,-4],[-10,1],[-7,-5],[-10,-12],[-5,-17],[-18,-5],[-2,-5]],[[7081,13730],[-5,2],[-17,11],[-6,0],[-8,-8],[-16,2],[-16,6],[0,-12],[-3,-7],[5,-3],[-9,-11],[-1,-8],[5,-11],[-12,-21],[-5,-4],[-1,-14],[-8,-3],[-12,-10],[2,-3],[-8,-18],[-14,-2],[-11,7],[-16,2],[-11,4],[-6,7],[-5,-4],[-17,3],[-3,3],[-11,-2],[-3,9],[-9,9],[-17,-5],[-7,2],[-13,-14],[-14,7],[-20,6],[-18,14],[-9,0],[-6,10],[2,5],[-6,8],[-3,9],[-11,2],[-6,13],[-10,11],[-15,10],[-3,5],[-11,4]],[[6693,13741],[1,10],[5,7],[2,11],[10,0],[4,5],[-5,9],[16,0],[9,-2],[45,12],[11,7],[4,-5],[24,-14],[14,3],[3,4],[10,3],[11,-2],[9,6],[9,0],[7,13],[8,-3],[11,11],[6,1],[10,-7],[10,3],[2,8],[9,4],[15,1],[11,-3],[13,12],[11,1],[146,124]],[[7134,13960],[1,-13],[-8,-6],[3,-16],[-2,-7],[9,-7],[-6,-12],[12,-5],[9,-8]],[[7362,14552],[-14,-4],[-15,-1],[-9,8],[-6,-5],[2,-8],[-13,-19],[-17,-5],[0,-4],[-16,-19],[3,-20],[9,-2],[4,-5],[-13,-10],[5,-5],[-2,-13],[5,-13],[-6,-1],[-1,-10],[-12,-14],[-3,-17],[-13,-5],[-16,4],[-10,10],[-10,3],[-6,-5],[-16,0],[-7,2],[-14,-1],[-7,10]],[[7164,14403],[11,9],[-14,6],[-11,-14],[-15,-10],[-13,-6]],[[7122,14388],[-22,4],[-6,-8],[-7,-2],[-11,-8],[-11,-3],[-5,8],[3,10],[-10,4],[-6,10],[7,17],[-5,4],[7,6],[3,10],[-12,4],[-7,6],[-12,5],[3,6],[-10,5],[1,5],[-24,15],[-7,7],[-8,11],[-14,6],[-12,1],[-3,9],[-10,6],[0,11],[-6,1],[3,16],[-1,4],[5,13]],[[6945,14571],[13,-9],[13,0],[4,9],[12,6],[13,16],[7,1],[10,12],[-3,4],[9,5],[7,10],[15,5],[-1,11],[8,7],[-6,12],[8,5],[3,-10],[9,-10],[11,4],[8,7],[14,4],[3,9],[1,12],[6,8],[8,3],[10,12],[2,7],[-10,5],[-8,-1],[-20,3],[-11,4],[-4,13],[-6,7],[-15,7],[9,7],[2,11],[5,3],[3,10],[-4,7],[-8,3],[1,7],[-12,9]],[[7051,14806],[8,9],[53,23],[17,8],[13,10],[7,13]],[[7149,14869],[43,-90],[-11,-12],[-13,-5],[-11,-11],[-10,-8],[-6,-9],[5,-6],[9,-4],[13,0],[42,-29],[1,-7],[5,-5]],[[7216,14683],[3,-8],[8,-11],[0,-12],[5,-8],[3,-10],[0,-10],[6,-17],[6,-2],[17,12],[13,5],[21,-5],[10,1],[12,-4],[5,-5],[22,-7],[-3,-18],[5,-6],[10,-1],[8,-6]],[[7367,14571],[-4,-10],[-1,-9]],[[9209,11320],[-1,-1]],[[9208,11319],[-8,-7],[-15,-1],[-3,-2],[-19,-1],[-4,-2],[-17,0],[-13,-8],[-10,-2],[-7,-6],[-12,-1],[-13,-4],[-13,2],[-17,-2],[0,-12],[-10,-4],[-1,-9],[-9,-12],[-11,-5],[-17,-4],[-5,-6],[-11,-3],[-10,-7],[-5,5],[-16,1],[-8,-4]],[[8954,11225],[-10,3],[-16,9],[-6,-1],[-21,-12],[-19,6],[-8,0],[-9,-7],[-2,-7],[-17,2],[-9,-4],[-5,-7],[-12,4],[-13,-4],[-2,5],[-17,8],[-8,-1],[-14,9],[-8,1],[-17,10],[-10,2]],[[8731,11241],[71,37],[-11,4],[-8,1],[-7,-10],[-9,0],[-12,8],[-7,8],[-18,8],[-7,7],[18,3],[17,-3],[14,3],[28,1],[26,5],[13,6],[9,-2],[10,5],[9,13],[25,0],[7,-2],[16,2],[6,-8],[22,-7],[9,2],[15,-2],[4,2],[16,-7],[12,2],[17,-4],[25,0],[6,4],[13,-4],[13,-9],[8,-2],[19,7],[8,6],[14,3],[2,11],[15,-2],[9,5],[5,-5],[14,5],[16,-2],[4,-8],[8,3],[14,-5]],[[8018,11762],[-33,-15],[-7,-7],[-3,-7],[-7,-7],[-16,-1],[-7,2],[-11,-5],[-8,1],[-12,-3],[-15,1]],[[7899,11721],[0,19],[12,14],[3,6],[-3,12],[4,1],[-1,14],[3,10]],[[7917,11797],[-1,9],[-5,6],[-5,16],[8,18],[0,11],[-7,5],[-10,0],[-3,15],[5,11]],[[7903,11891],[10,-9],[3,-6],[13,-5],[4,-4],[17,-4]],[[7950,11863],[10,-9],[5,-10],[8,-5],[10,-2],[11,-12],[4,-8],[6,-3],[10,1],[10,-4],[15,4],[10,-4],[3,-10],[-10,-16],[2,-11]],[[8694,12185],[20,-2],[7,-8],[20,-4],[4,-7],[10,-2],[-3,-10],[-11,-1],[-6,-5],[4,-6],[-8,-3],[-2,-11],[-6,-10]],[[8723,12116],[1,-9],[-11,-7],[-12,-4],[-11,-7],[-13,-1],[1,-7],[-8,-3],[-10,-8],[0,-5],[-19,1],[-10,-7],[5,-6]],[[8636,12053],[-9,0],[-9,-6],[-4,6],[-6,0],[-10,8],[-7,-4],[-8,2],[-31,-18],[-12,-10],[-8,2],[-6,-5],[-21,-6]],[[8505,12022],[-3,20],[-9,16],[-8,-2],[-2,7],[-9,11],[-13,9],[-1,6],[-9,3],[-6,10]],[[8445,12102],[10,1],[14,4],[16,3],[17,-2],[14,1],[8,5],[0,12],[18,1],[12,9],[-1,6],[7,7],[4,12],[26,14],[14,1],[9,6],[1,8],[27,-8],[19,0],[11,-17],[19,1],[-1,6],[5,13]],[[8291,12208],[-19,-6],[-6,-4],[0,-7],[-17,-12],[-6,0],[-8,8],[-8,-4],[-10,-1],[-8,-5],[-11,1],[-17,-9]],[[8181,12169],[-7,9]],[[8174,12178],[4,5],[-3,7],[4,7],[-8,9],[-3,14],[-6,1],[-11,11],[-5,0],[-2,17],[-6,8],[-11,3],[-7,4],[-8,10],[5,12],[-2,11],[-15,16],[-7,0],[-3,10],[-6,6]],[[8084,12329],[-3,19]],[[8081,12348],[8,18],[0,14],[-4,24],[4,15],[-6,22],[1,12],[-6,11],[-4,19],[-2,14],[3,2],[-4,14]],[[8071,12513],[40,-38],[3,-5],[23,-6],[2,-11],[13,9],[-2,16],[5,4],[10,0],[8,15],[8,0],[14,14],[8,-2],[3,-9]],[[8206,12500],[1,-8],[14,-3],[8,-13],[8,-1],[6,-11],[1,-7],[-8,-7],[-1,-15],[4,-7],[-4,-10],[-7,-5],[0,-9],[6,0],[8,-16],[-2,-7],[9,-5],[12,-2]],[[8261,12374],[-5,-7],[-13,-1],[-11,3],[-7,-3],[-16,0],[-3,-5],[-9,6],[-23,-16],[-5,-1],[-11,-19],[3,-4],[18,0],[12,-14],[-1,-4],[11,-10],[11,-4],[9,-13],[12,-6],[-2,-18],[9,-8],[9,-3],[4,-6],[-2,-11],[16,-9],[8,2],[11,-7],[5,-8]],[[8149,12031],[6,7],[4,20],[-1,10]],[[8158,12068],[45,-25],[8,0],[8,10],[1,15],[6,8],[13,3],[14,20],[5,-1],[7,-8],[14,-4],[6,1],[4,-7],[0,-15],[8,-10],[6,-12],[7,0],[4,5],[18,1]],[[8332,12049],[-1,-6],[10,-9],[3,-6],[12,-11],[-8,-21],[-4,-4],[-13,-2],[-3,-5],[5,-16],[5,-8],[2,-10],[6,-16]],[[7606,11242],[-12,6],[-6,7]],[[7588,11255],[9,17],[0,5],[12,10],[1,5],[9,6],[-4,12],[-6,6],[11,10],[2,8],[-5,6]],[[7617,11340],[18,6],[6,-2],[10,-10],[27,-6],[5,5],[12,6],[9,6],[13,4],[16,9],[10,10],[21,11]],[[7764,11379],[2,-6],[12,-5],[2,-12],[15,-15],[13,-4],[7,-9],[10,5],[4,9],[12,-12],[8,-1]],[[7917,11797],[-6,3],[-27,-6],[-12,4],[-26,2],[-1,-4],[-12,-9],[-3,-13],[-7,-7],[-10,-6],[1,-8],[-4,-6],[-11,1],[-9,-9],[-12,6],[-12,-3],[-2,-8],[-15,-8],[0,-10],[-11,-15],[-19,-1],[-10,-3]],[[7709,11697],[-13,12],[2,11],[-9,15],[4,11],[-7,2],[-7,19],[4,11],[-3,5],[2,18],[-20,9],[2,8],[-6,9],[-7,4],[8,16],[-6,7],[1,6],[-13,6],[-1,13],[3,4],[-5,14],[2,7],[18,2],[11,3],[7,10],[23,12]],[[7617,11340],[-12,-3],[-9,9],[7,4],[5,10],[-17,11],[-2,5],[6,5],[0,18],[-8,8],[-16,9],[1,22],[8,12],[7,6],[7,11],[0,5],[11,8],[18,-1],[6,10],[-2,9],[2,10],[-6,16],[9,6]],[[7632,11530],[8,-3],[12,0],[9,-6],[2,-6],[10,-1],[7,-11],[8,-4],[7,7],[21,2],[24,-13],[13,4],[6,5],[6,1],[7,7],[11,-2],[-2,-14],[5,-28],[4,-7],[15,-9],[15,1]],[[7820,11453],[-1,-18],[9,2],[0,-10]],[[7828,11427],[9,-8],[-6,-7],[-1,-15],[-7,1],[-21,-2],[-8,-4],[-9,1],[-18,-8],[-3,-6]],[[8415,12799],[-16,-2],[-8,3],[-13,-5],[5,-9],[-6,-18],[-7,-10],[0,-8],[-7,-6],[-12,1],[-8,-3],[-15,-10],[-7,6],[-18,-6],[4,13],[-12,6],[3,11],[-15,6],[-11,2],[-7,-3],[-15,20],[-1,23],[-8,7],[-11,-10],[-26,-15],[-5,-8],[-13,-6],[-23,-3]],[[8163,12775],[-7,4],[-1,7],[-7,6],[-3,8],[2,5],[-10,4],[-6,6],[-1,8],[-6,8],[0,7]],[[8124,12838],[17,10],[11,22],[7,28],[9,4],[22,-1],[7,3],[3,7],[25,14],[11,21],[11,7],[11,3],[16,7],[7,5],[21,5],[19,0],[14,5],[16,19],[14,8],[17,-4],[21,-5],[7,3],[20,14],[4,5],[17,8]],[[8451,13026],[7,2],[2,-7],[-5,-8],[-21,-15],[-10,-9],[-6,-11],[3,-19],[-1,-13],[-8,-4],[-3,-6],[-2,-11],[-6,-12],[-7,-9],[-5,0],[-10,-10],[-4,-10],[0,-17],[7,-7],[4,-13],[-1,-11],[3,-24],[8,-6],[9,-1],[10,-6]],[[7865,12340],[0,7],[-9,17],[-4,12],[-7,-2],[-21,4],[-9,10],[-3,8],[-6,4],[-7,-2],[-10,7],[-5,10],[-15,4],[-6,4],[-4,9]],[[7759,12432],[-7,5],[-10,26],[-15,9],[-2,9],[5,9],[-3,17],[2,6],[-6,8],[8,20],[19,6],[14,17],[-7,15],[-8,8],[1,28],[-3,16],[2,7],[-2,9],[11,5],[2,11],[8,10],[-6,13],[4,18]],[[7766,12704],[10,4],[11,-7],[12,3],[3,-5],[13,3],[5,11],[12,-1],[-1,-11],[-4,-7],[2,-16],[6,-10],[2,-8],[8,-7],[11,-4],[14,1],[4,-14],[6,-6],[-5,-6],[5,-8],[17,-11],[15,-8]],[[7912,12597],[5,-10],[-1,-12],[-17,-15],[-12,-7],[-2,-10],[7,-11],[6,-4],[-3,-10],[-11,-7],[-7,-13]],[[7877,12498],[14,-13],[4,-14],[6,-8],[8,-4],[2,-5],[-16,-11],[-7,-2],[4,-17],[8,-9],[9,0],[12,-17],[8,-17]],[[8825,13147],[-13,-5],[-1,8],[-9,-1],[-2,8],[2,7],[-12,11],[-3,9],[-20,5],[-8,7],[7,8],[1,29],[-8,7],[-4,10],[-8,-3],[-7,6],[-11,0],[-16,8],[-7,20],[-7,5],[2,13],[6,4],[-6,6],[-1,21],[-9,3],[-1,6],[-9,3],[-2,7],[-78,2],[-4,14],[-15,9],[-12,14],[1,5],[-8,11],[-7,1],[0,39],[-10,3],[2,5],[-11,11],[-5,11],[-8,-2],[-15,6],[-11,-3],[-9,4],[-12,-16],[-14,4],[-5,-5],[0,41],[-6,5],[0,7],[-5,8],[-3,17],[8,11],[-3,9],[1,11],[-6,9],[-2,9],[-6,2],[-15,-8],[-20,2],[-5,-7]],[[8396,13578],[7,12],[2,10],[-2,12],[7,13],[18,9],[6,7],[4,13],[-2,7],[-15,11],[0,8],[11,9]],[[8432,13689],[16,-5],[15,-11],[10,-2],[12,6],[4,18],[9,1],[5,3],[-3,12],[5,5],[17,6],[20,0],[15,6],[14,1],[11,7],[4,7],[-1,12],[4,10],[8,7],[0,16],[6,5]],[[8603,13793],[5,-8],[1,-15],[5,-2],[11,3],[15,8],[5,-9],[8,-3],[0,-12],[17,-4],[26,-3],[7,4],[-1,9],[-6,5],[12,6],[-4,7],[16,7],[1,3],[12,7],[5,8],[-2,10],[6,10],[16,-9],[10,6],[-4,5],[10,3],[6,-8],[24,-11],[6,-16],[9,-10],[-2,-13],[2,-8],[8,-11],[-5,-13],[-12,-13],[6,-4],[-6,-10],[-10,-3],[9,-13],[11,-8],[-4,-10],[-2,-12],[13,-15],[15,-7],[8,-1],[4,13],[14,-6],[3,3],[16,-1],[4,2],[6,-19],[15,0],[0,-4],[16,0],[12,-4],[16,-8],[14,3],[15,-7],[17,3],[7,-21],[-7,-6],[6,-14],[-7,-3],[-3,-18],[10,-4],[3,-9],[-3,-4],[2,-18],[-9,-6],[-8,-11],[6,-10],[-9,-4],[9,-9],[-5,-11],[6,-8],[-8,-13],[-1,-13],[13,-15],[15,-11],[2,-8]],[[9021,13402],[-4,-5],[-12,-4],[-14,1],[-7,-6],[2,-8],[-11,-4],[-12,2],[-3,-14],[2,-13],[-9,-1],[-1,-11],[-11,-4],[-1,-6],[-16,-1],[-3,-4],[-9,5],[1,5],[-16,18],[-9,3],[-8,6],[-6,-5],[74,-59],[18,-13],[10,-2],[15,8],[8,10],[8,-2],[25,-73],[6,0],[17,-16],[1,-19]],[[7720,11999],[-9,8],[-13,4],[-6,7],[0,6],[-10,-1],[-12,5],[-9,7],[-14,2],[-1,12],[5,4],[3,10],[-1,12],[-4,5],[1,10],[-4,12],[-20,14],[-2,6],[-7,5],[-4,-5],[-11,0],[-11,17],[-1,10],[12,8],[21,18],[4,8]],[[8144,11743],[8,1],[4,-9],[8,-4],[10,0],[11,4],[10,-1],[7,-6],[32,12]],[[8234,11740],[21,-4]],[[8255,11736],[19,-7],[7,-7]],[[8281,11722],[-11,-9],[-6,-8],[-6,-16],[9,-11],[-1,-11],[10,-9],[4,-24],[-12,-5],[-16,-14]],[[8252,11615],[-6,1],[-7,-5],[-3,-14],[-4,-7],[-9,-7]],[[8223,11583],[-1,4],[-15,7],[-8,10],[-14,-1],[-16,-6],[-16,10],[-6,-1]],[[8605,12680],[-20,2],[-17,-1],[-6,11],[6,23],[-2,4],[7,12],[11,4],[2,10],[-3,10],[0,12],[8,14],[-2,4],[1,17],[6,16],[-2,8],[11,9],[-1,14],[2,11],[4,8],[-3,10],[-6,9],[0,15],[4,2],[1,15],[-5,13],[6,19],[7,1],[7,19],[0,13]],[[8746,12666],[-3,-3],[-10,2],[-11,-5]],[[7588,12464],[6,3],[-7,20],[2,9],[-15,17],[-9,4],[1,10],[-11,3],[-13,11],[-8,10],[3,5],[-6,9],[4,7],[7,3]],[[7542,12575],[3,2],[22,-1],[13,13],[-8,9],[-4,22],[8,8],[15,0],[10,6],[11,3],[10,-3],[8,4],[16,13],[12,1],[9,8],[14,4],[7,6],[10,-1],[6,-4],[18,7],[4,6],[12,30],[13,13]],[[7751,12721],[4,-8],[11,-9]],[[7759,12432],[-10,-14],[-7,-4],[-4,-13],[-17,-9],[-9,-20],[-8,-6],[6,-12],[-2,-8],[-19,-5]],[[9428,12057],[7,2],[16,-8],[1,-15],[5,-11],[18,-3],[5,-7],[-5,-14],[8,-6],[2,-7],[11,-5],[9,-6],[15,4],[14,-4],[12,-8],[8,-9],[-9,-6],[-1,-16],[-3,-5],[0,-13]],[[9541,11920],[-1,-25],[-3,-24],[-11,3],[-20,23],[-4,9],[-9,7],[-19,23],[-12,5],[-5,-2],[-18,-43],[0,-6],[-6,-10]],[[9433,11880],[-7,3],[-20,1],[-11,-4],[-7,2],[-9,13],[-3,13],[-10,-2],[-7,5],[-5,13],[-6,9],[2,5],[-9,17],[-16,8]],[[9325,11963],[4,4],[-5,13],[5,3],[-3,8],[15,15],[-7,11],[6,7],[-2,5],[-22,-7],[-9,4],[-13,-3],[23,51],[-12,-7],[-15,-3],[-15,6],[2,12],[-4,3],[-7,15],[6,10],[16,6],[13,16]],[[9301,12132],[8,-8],[7,4],[11,-3],[6,-15],[10,-16],[15,-1],[15,-8],[1,-8],[18,0],[10,-4],[1,-10],[4,-7],[6,-2],[15,3]],[[8268,11160],[0,-15],[6,-11],[1,-9],[-2,-11],[1,-17],[6,-7]],[[8280,11090],[3,-24],[-12,-8]],[[8271,11058],[-5,4],[-19,-1],[-13,9],[-15,7],[-14,-7],[-10,0],[-8,5]],[[8187,11075],[-17,-1],[-4,-5],[-19,5],[-10,-4],[-9,-6],[-6,-1],[-5,8],[-11,5],[-4,7]],[[8102,11083],[-14,12]],[[8088,11095],[17,3],[4,-2],[10,15],[5,16],[8,2],[7,23]],[[8139,11152],[6,-1],[0,-10],[5,-9],[22,-11],[13,4],[21,9],[12,0],[2,5],[37,23],[11,-2]],[[7081,13730],[1,-14],[-2,-10],[-12,-11],[-10,-21],[3,-9],[-6,-11],[0,-12],[4,-18],[-4,-21],[-6,-1],[-12,-9],[1,-9],[7,-13],[0,-11]],[[7045,13560],[-25,8],[-8,6],[-13,-1],[-12,3],[-9,-5],[-14,3],[-17,-2],[-7,-6],[-13,5],[-25,0],[-20,7],[-11,-2],[-21,-21],[-9,3],[-10,-7],[-4,5],[-34,12],[-8,-6],[-12,3],[-12,-7],[-15,6],[-18,4],[-10,12],[-9,6],[-21,3],[-12,-1],[-25,7],[-21,8],[-3,6],[-8,3],[-2,6]],[[6617,13618],[-11,14],[3,10],[-7,9],[0,14],[-3,13],[6,11],[-2,8],[6,1],[4,7],[6,-2],[6,8],[-6,4],[5,13],[6,-1],[12,5],[15,13],[22,-9],[11,1],[3,4]],[[8665,11465],[4,4],[-5,17],[-7,8],[2,10],[-7,8],[5,17],[6,3],[-3,8],[-2,13],[-4,9],[-7,-1],[-2,-7],[-22,-3],[-5,6],[-12,25],[-14,19],[-8,12],[14,8],[-5,6],[-5,20],[-24,-4]],[[8564,11643],[-10,7],[-8,13],[1,7],[-19,3]],[[8528,11673],[3,16],[6,12],[-2,9],[-7,6],[-5,12],[12,13],[12,3],[10,-2],[14,4],[0,13],[5,13]],[[8576,11772],[6,-3],[5,-23],[19,-5],[13,-7],[16,1],[-3,16],[3,9],[-1,12]],[[8634,11772],[7,-4],[0,-5],[6,-6],[-5,-14],[16,-17],[4,-12],[-10,-5],[-2,-6],[13,-6],[9,-9],[-2,-3],[11,-5],[6,-8]],[[8687,11672],[5,-2],[13,0],[4,-6],[8,1],[5,7],[20,-5],[6,-7],[2,-12],[-2,-7],[3,-5],[10,-6],[-2,-4],[7,-8],[13,-5],[13,-7],[11,-12],[-5,-14],[6,-5],[-2,-6],[6,-6],[-9,-7],[10,-6],[9,-16],[15,-9],[8,-6],[-6,-12],[5,-7],[-8,-26],[-9,-10]],[[8823,11464],[-23,-7],[-19,2],[-12,3],[-3,-2],[0,-10],[-5,-7],[-10,-5],[-16,-4],[0,-8],[-7,-7],[1,-6],[-13,-14],[-10,-1],[-15,-4],[-3,2],[4,11],[-6,7],[-1,6],[5,4],[-2,19]],[[8660,12541],[7,-1],[2,-16],[10,-3],[10,-8],[10,5],[9,-2],[7,1],[24,-9]],[[8739,12508],[-4,-7],[-35,-12],[8,-6],[-1,-6],[6,-7],[-3,-11],[-9,-3],[3,-13],[-3,-7],[-7,-3],[4,-9],[-2,-6],[4,-14],[-7,-7],[-2,-10],[-14,-6],[-8,0],[-7,-4]],[[8662,12377],[-19,7],[-2,11],[-10,4],[-10,1],[-9,5],[-7,10],[-18,9],[-12,12],[-15,-2],[-2,7],[5,7],[-4,10],[-5,1],[-8,10],[-10,4],[3,13]],[[8603,13793],[2,13],[-10,2],[0,11]],[[8595,13819],[15,-5],[6,4],[8,-3],[8,3],[11,12],[12,2],[7,16],[11,8],[6,13],[8,-1],[4,10],[18,1],[12,9],[4,16],[5,2],[-1,7],[-9,2],[-5,6],[1,5],[22,12],[5,11],[9,4],[16,-11],[16,-1],[4,-10],[10,-3],[9,6],[14,3]],[[8821,13937],[13,3],[6,-5],[18,1],[11,2],[2,-10],[5,-5],[9,2],[7,8],[20,8],[5,6],[3,10],[6,-1],[3,-6],[9,-1],[0,-10],[17,-2],[17,-5],[11,-6],[7,8],[21,4],[10,6],[9,14],[14,5],[17,-1],[15,7],[17,11],[14,-12],[14,-1],[3,-2],[21,-3],[8,16],[11,13]],[[9164,13991],[1,-79],[-1,-6],[-16,2],[-6,-2],[-7,4],[-21,-48],[13,2],[11,-8],[6,-11],[2,-10],[12,-2],[0,-4],[13,-23],[15,-5],[3,-9],[-4,-10],[-28,-14],[-10,-4],[-7,-15],[-5,-5],[1,-8],[-15,-14],[4,-9],[6,-4],[15,-2],[4,-15],[7,-6],[-4,-9],[1,-9],[-4,-6],[134,-48],[11,4],[7,11],[7,3]],[[9309,13632],[3,-9],[8,-12],[12,-32],[8,-9],[-1,-5]],[[9339,13565],[-10,-13],[-2,-9],[3,-10],[-12,-7],[-5,-7],[-28,-2],[-17,-7],[0,-6],[-8,-3],[-16,6],[0,6],[-14,12],[-15,-1],[-2,7],[-14,-10],[-4,-6],[-14,3],[-3,-6],[3,-7],[-9,-8],[-9,-1],[-1,-6],[8,-3],[-8,-8],[-13,-7],[-2,-10],[-7,2],[-10,-16],[-21,-4],[-14,-1],[-11,5],[-5,-9],[5,-6],[-9,-3],[-12,1],[-3,-17],[-9,-6],[-6,2],[-2,-11],[-7,2],[-7,-4],[-8,5]],[[7045,13560],[4,-9],[-2,-9],[5,-17],[-3,-7],[-3,-23],[-7,-11],[4,-14],[-13,-16],[-4,-10],[-7,-2],[-2,-7],[5,-9],[-9,-18],[6,-4],[11,-31]],[[7030,13373],[-3,-5],[-20,-4],[-11,0],[-5,-10],[-6,-2],[-5,-7],[-12,3],[-15,-4],[-6,-13],[-7,-6],[1,-5],[-12,-13],[3,-13],[-9,-2],[-9,-6],[-7,-9],[-10,-7],[-12,-3],[-9,-7],[-8,4],[-8,0],[-4,7],[-17,3]],[[6839,13274],[-5,8],[2,13],[-9,7],[-7,12],[-2,10],[-6,3],[-1,7],[-14,6],[-3,5],[-9,1],[-11,7],[-8,15],[-10,11],[-10,15],[0,22],[-9,5],[-15,0],[-18,10],[-11,-4],[-6,4],[-12,0],[0,16],[-17,7],[-10,2],[-1,7],[-13,9],[9,5],[-1,11],[-25,13],[-8,-2],[-3,7],[2,6],[-6,10],[6,4],[5,20],[7,0],[-6,13],[-9,7],[2,5],[-3,14],[4,18],[-4,8],[5,5],[8,2]],[[9002,12219],[-11,-4],[-11,3],[-9,-4],[-11,1],[-5,-26],[-15,-5],[-6,3],[-11,12],[1,10],[-4,10],[-16,-1],[-13,-3],[-19,13],[-8,1]],[[8864,12229],[11,7],[7,14],[14,4],[6,-2],[8,2],[11,0],[4,5],[-2,10],[14,2],[8,-5],[13,2],[6,-5],[6,3],[2,-12],[5,-6],[27,-21],[-2,-8]],[[8687,11672],[9,19],[-5,13],[14,15],[20,6],[6,10],[9,2],[-1,9],[10,0],[4,-10],[11,-9],[14,3],[11,-1],[2,-7],[10,-1],[12,3],[11,-1]],[[8824,11723],[7,-15],[7,-7],[-3,-9],[3,-10],[11,-1],[15,-15],[23,-10],[13,0],[10,-13],[12,-4],[4,-7],[8,-1]],[[8934,11631],[9,-7],[-1,-5],[13,-12]],[[8955,11607],[-43,-6],[1,-5],[-3,-12],[-6,-3],[-12,0],[-5,-11],[6,-16],[6,-7],[0,-9],[28,-9],[4,-3],[4,-16],[10,-2],[14,6],[6,-2],[8,5]],[[8973,11517],[-7,-9],[-5,-1],[-1,-9],[-11,-12],[-12,-2],[-12,0],[-14,3],[-11,-11],[-10,2],[-11,-3],[-14,-1],[-10,-12],[-1,-6],[-10,0],[-6,-5],[-13,0],[3,9],[-5,4]],[[8818,11946],[-5,-10],[-10,-5]],[[8803,11931],[-16,1],[-10,4],[-5,12],[-9,5],[-8,9],[-6,13],[-18,1],[-9,-2]],[[8722,11974],[-5,11],[-16,1],[-3,4],[2,8],[-3,9],[-7,-1],[-7,-8],[-13,3],[-17,9],[-16,20],[3,18],[-4,5]],[[8723,12116],[6,-1],[32,7],[5,-4],[16,0],[5,-8],[12,-3],[15,-23],[20,-1],[7,-4],[12,-4]],[[7899,11721],[-1,-15],[-7,-15],[1,-9],[-6,-9],[3,-17],[17,-12],[5,-13],[7,-13]],[[7918,11618],[7,-5],[5,-10],[-3,-16],[-12,-20],[-7,-8]],[[7908,11559],[-17,-3],[-8,-5],[-23,5],[-4,3],[-13,1],[-19,16],[-12,-5],[-8,0],[-18,7],[-6,6],[-3,18],[9,4],[-4,26],[5,10],[-2,12],[-4,4],[-26,1],[-10,7],[-10,-4],[-7,5],[-14,15],[-8,5]],[[7706,11687],[3,10]],[[8332,12049],[12,6],[0,9],[8,3],[11,12],[12,0],[10,8],[7,9]],[[8392,12096],[-4,-10],[4,-19],[-2,-5],[2,-10],[10,-12],[-6,-8],[8,-21],[8,-8],[13,-6],[6,-8],[11,-1]],[[8442,11988],[-1,-4],[-10,-7],[-6,-1],[-4,-6],[-12,-2],[-4,4],[-8,-1],[1,-11],[-9,-4],[3,-12],[-18,1]],[[7412,12913],[3,-4],[10,-3],[7,-6],[16,2],[14,-7],[6,-5],[14,0],[12,-3],[22,11],[3,11],[10,1],[22,-12],[17,2],[3,3],[7,17],[6,5],[20,2],[18,10],[8,1],[7,-4],[12,-2],[6,-7],[12,-4],[11,2],[9,-1],[16,-16],[13,2],[9,-16],[9,3],[7,-5],[8,2]],[[7749,12892],[-4,-6],[2,-10],[-2,-20],[6,-5],[2,-11],[-6,-13],[-1,-16],[-2,-14],[-3,-5],[1,-28],[-6,-16],[-8,-4]],[[7728,12744],[-24,-1],[-9,-10],[-6,-17],[-6,-10],[-16,-5],[-7,-10],[-9,-3],[-10,-8],[-10,-2],[-13,4],[-14,-7],[-11,7],[-30,13],[-14,1],[-10,3],[-4,7],[-29,6],[-8,5],[-14,-8],[-9,-12],[-32,-1],[-25,1],[-28,4],[-9,-16],[2,-10],[10,-15],[10,-7]],[[7403,12653],[-26,-14],[-13,1],[-18,5],[-12,-11],[-12,-1],[-6,-4],[-5,-19],[-8,-11],[3,-6],[2,-16],[-6,-8],[10,-1],[15,-10],[-6,-5],[-1,-7],[10,-11],[5,-9],[-1,-5],[-21,-13],[-11,-15],[-17,-2],[-4,-4],[-20,13],[2,8],[-6,7],[-19,8],[-15,-1],[-9,2],[-5,7],[-27,19],[-9,2],[-9,9],[-8,11],[-11,3],[-3,4],[-10,1],[-6,-9],[-8,-4],[-3,-12],[3,-8],[-4,-17],[3,-16],[3,-5],[2,-21],[0,-12],[9,-10],[-1,-10],[-4,-4],[-15,-6],[-5,5],[-29,9],[-9,-1],[-30,3],[-34,14],[-9,-9],[-7,-2],[-2,-8],[-13,-14],[0,-11],[-12,-3],[-12,-8],[-2,-17],[-18,-8]],[[6929,12396],[-9,5],[-4,15],[-6,4],[-14,0],[-5,4],[-3,10],[-9,9],[-6,14],[9,1],[19,7],[7,9],[11,7],[12,19],[-6,8],[0,13],[5,1],[-1,10],[9,10],[-3,7],[0,19],[4,9],[12,10],[-5,9],[6,6],[1,11],[6,-1],[13,3],[28,20],[1,7],[5,8],[10,8],[-13,32],[-3,11],[-8,-1],[-8,-8],[-10,8],[-2,13],[4,5],[-3,6],[2,7],[-6,7],[0,8]],[[6969,12746],[2,8],[-5,7],[6,4],[13,22],[-1,12],[8,12],[-11,9],[11,13],[-1,15],[9,8],[1,8],[12,4],[8,17],[-1,11]],[[7020,12896],[4,5],[11,-2],[10,-6],[7,3]],[[7052,12896],[18,2],[18,-5],[8,12],[14,16],[0,6],[10,5],[6,10],[-5,17],[14,0],[2,-3],[17,2],[6,-4],[13,2],[12,-8],[8,0],[9,-4],[17,3],[11,-1],[15,-5],[17,-10],[6,1],[1,-9],[9,-7],[22,1],[26,0],[9,-3],[2,-5],[13,-2],[8,7],[11,3],[16,-4],[20,-2],[7,2]],[[8445,12102],[-15,-2],[-9,3],[-3,-3]],[[8418,12100],[-8,16],[-18,12],[1,10],[16,-4],[16,0],[9,-4],[6,2],[-6,9],[-9,5],[-3,19],[5,10],[-2,14]],[[8425,12189],[8,5]],[[8433,12194],[13,-2],[2,16],[4,5],[14,5],[9,8],[9,-5],[1,-8],[21,-8],[9,-7],[-1,23],[9,0],[25,8],[14,-4],[8,3],[25,-2],[42,8],[6,6],[18,4],[6,5],[12,5],[2,3],[17,2],[12,-2],[4,2],[26,-15],[14,0],[12,-7]],[[8766,12237],[-15,-7],[-13,-1],[-7,-8],[-1,-6],[-11,-3],[-6,-5],[-6,-12],[-13,-10]],[[8094,11902],[-9,3],[-6,-1],[-14,8],[-7,-1],[-6,-5],[-16,-8],[-5,-6],[-15,-1],[-14,2],[-16,17],[-15,-5],[-11,-2],[-12,-22],[2,-18]],[[7947,12073],[7,0],[5,7],[13,5],[0,-12],[3,-10],[-4,-5],[13,-3],[10,4],[2,20],[4,5]],[[8000,12084],[13,-2],[20,-10],[5,-12],[18,-5],[0,-6],[5,-7],[9,-1],[1,-7],[10,-15],[3,-2]],[[9309,13632],[1,7],[17,12],[3,10],[-17,14],[8,10],[14,-5],[7,5],[-7,10],[-14,2],[-6,13],[-7,5],[4,13],[-6,19],[8,5],[-1,10],[-11,4],[-2,7],[7,9],[-6,13],[-8,5],[-4,10],[8,14],[-5,15],[2,8],[16,6],[-1,9],[-6,5],[-4,11],[10,10],[16,-1],[11,-12],[-12,-3],[1,-8],[6,-5],[-1,-9],[18,-9],[14,-1],[9,-4],[4,-12],[9,-8],[14,0],[7,-3],[1,-7],[17,-6],[5,2],[23,-3],[0,-11],[9,-2],[11,4],[6,8],[16,-7],[2,-6],[12,-9],[11,3],[0,-7],[11,-2],[10,-4],[11,16],[9,-1],[7,15],[16,9],[6,7],[15,8],[18,2],[5,10],[11,9]],[[9637,13841],[2,-6],[17,-15],[11,-3],[3,-16],[-1,-15],[3,-6],[13,-4],[8,-11],[-4,-4],[-2,-16],[3,-14],[-1,-8],[-6,-13],[0,-17],[10,-16],[3,-10],[0,-14],[-9,-13],[-2,-9],[16,-2],[3,-20],[-1,-15],[6,-29],[6,-3],[7,-12],[13,3],[4,-7],[8,0],[6,-4],[-4,-9],[2,-16],[-19,-8],[-8,3],[-15,1],[-12,-2],[-3,-5],[-16,-2],[-15,-10],[-3,-8],[-10,-6],[-13,-4],[-4,-8],[-2,-24],[4,-9],[-5,-14],[0,-15],[-5,-8],[0,-27],[4,-17],[-4,-6],[3,-16],[-8,-5],[-17,-1],[-5,-3],[-3,-14],[0,-10],[6,-9],[-13,-15],[-1,-8],[12,-16],[9,1],[-3,-9],[8,-8],[12,-4],[9,3]],[[9634,13234],[3,-5]],[[9637,13229],[-3,-5],[-23,-9],[-7,-10],[-7,-6],[-1,-7],[-14,-8],[-8,-3]],[[9574,13181],[-3,5],[-19,-4],[-7,-1],[-8,9],[-3,10],[-5,2],[-3,12],[-11,5],[-12,1],[-9,-2],[-7,9],[-3,12],[-7,-3],[-13,0],[-19,4],[-5,7],[-15,-6],[-14,3],[1,6],[-13,9],[-10,2],[-8,-2],[-8,6],[-2,25],[-2,7],[-12,1],[-14,7],[2,7],[-5,12],[9,18],[-15,18],[-10,5],[-14,13],[-2,11],[-14,10],[-6,12],[8,8],[2,8],[12,12],[19,3],[7,10],[14,23],[6,4],[-1,15],[10,14],[-2,20],[-5,7],[3,11],[10,6],[1,7],[-6,7],[-27,-1]],[[8261,12374],[7,-4],[20,-7],[15,7],[7,1],[9,7],[8,-2],[17,-10],[-11,-15],[-7,-5],[10,-19],[8,-6],[11,2],[10,-5],[15,-16],[-3,-4],[-10,-3],[-11,-7],[-2,-6],[10,-23],[1,-11],[9,0],[21,-18],[11,-3],[8,-5],[12,-14],[7,-14]],[[8425,12189],[-7,-3],[-15,5],[-10,-4],[-24,-2],[-21,1],[-15,-1],[-10,-5],[-4,9],[-15,12],[-13,7]],[[8397,11825],[4,-7],[-5,-4],[1,-6],[14,-7],[-3,-14]],[[8408,11787],[-15,4],[-6,-6],[-23,-2],[-12,-8],[-9,-16],[-7,2],[-11,-9],[-7,5],[0,-17],[-4,-1],[-6,-11],[-12,-2],[-9,2],[-6,-6]],[[8255,11736],[2,9],[-5,13],[2,14],[-8,1],[-7,10],[-4,10]],[[8235,11793],[4,9],[12,7],[13,13]],[[8223,11583],[-12,-1],[-9,-9],[-9,-4],[-4,-11],[1,-13],[7,-3],[-1,-8],[12,-13],[-2,-10],[5,-14],[-2,-8],[8,-22],[-1,-6],[-6,-4],[0,-14],[4,-3],[2,-11],[8,-12],[-2,-11],[-9,-10],[-1,-6],[4,-8]],[[8216,11382],[1,-10],[-3,-9],[3,-8],[1,-13],[-6,-6],[-3,-9],[-7,2],[-14,9]],[[8188,11338],[-7,12],[3,10],[-9,7],[-3,12],[-11,-1],[-7,4]],[[8154,11382],[-3,6],[-12,10],[-13,3],[-17,12],[-36,5],[-9,6],[-9,17],[-12,10],[-9,6],[0,5],[-7,3]],[[8027,11465],[-21,8]],[[8006,11473],[11,22],[-14,5],[-2,8],[6,8],[12,7],[16,4],[24,-1],[14,4],[22,3],[10,5],[6,8],[-6,8],[7,8],[7,0],[2,6],[8,4],[-1,10],[-11,-2],[-9,6]],[[7487,12281],[-15,-6],[-5,1],[-15,-5],[-10,2],[-4,-10],[-10,-6],[-10,3],[-18,-4],[-2,-7],[-14,-12],[-10,-11],[-2,-7],[-12,-3],[-9,0],[-10,4],[-17,-3],[-8,-11],[-8,-1],[-2,-12],[-15,-9],[-13,-2],[-14,7],[-13,3],[-10,15],[3,9],[-4,4],[4,10],[-18,7],[2,3],[-7,8],[-5,21],[-11,5],[-1,4],[-9,3],[-9,-5],[-14,-2],[-11,1],[-1,-10],[-11,-1],[2,-6],[-10,-2],[-3,-6],[-15,-11],[-8,-9],[-13,-11],[1,-11],[-5,-2],[-6,-30],[-10,-5],[-9,-7],[-18,8],[-1,18],[-7,6],[-6,8],[-10,-3],[-8,6],[-6,1],[-15,18],[12,11],[-4,9],[0,13],[-9,15],[-10,3],[-13,-1],[-9,-6],[-6,-14],[-16,-5]],[[6947,12251],[4,10],[4,22],[-10,9],[-4,9],[-10,11],[3,15]],[[6934,12327],[1,5],[7,12],[-2,15],[-7,9],[-4,28]],[[7403,12653],[-4,-18],[-5,-7],[-10,-6],[-8,-8],[-2,-11],[8,-4],[10,-9],[5,-11],[11,-9],[17,3],[9,-2],[10,1],[-2,-12],[11,1],[15,-4],[13,-10],[14,-4],[8,11],[8,2],[12,16],[10,3],[9,0]],[[8505,12022],[5,-8],[-9,-11]],[[8501,12003],[-12,-1],[1,-8],[-4,-6],[-7,-5],[3,-8],[-5,-9],[-15,7],[-9,1],[-11,14]],[[8392,12096],[26,4]],[[8900,12496],[1,-4],[-12,-11],[5,-7],[-13,-15],[-5,-12],[14,-14],[2,-6],[11,-5],[-7,-11],[-11,-6],[-8,-11],[-1,-7],[7,-5],[-7,-10],[7,-7],[0,-10],[-8,0],[-9,-5],[-14,-2],[-9,-5],[-6,-9],[1,-18],[3,-8],[-10,-12],[2,-16],[-2,-7],[-9,-2],[-14,-1],[-5,2],[-10,-7],[-10,-5]],[[8783,12260],[-4,7],[1,13],[-15,11],[0,6],[-18,9],[-7,2],[-1,5],[-22,22],[-19,0],[-28,9],[-1,10],[-15,5],[1,10],[7,8]],[[8739,12508],[7,0],[17,17],[1,7],[11,10],[2,8],[11,4],[1,4],[11,5],[4,6]],[[8824,11723],[-4,8],[-9,5],[-10,10],[-11,0],[-8,4],[-5,7],[1,6],[-6,8],[-10,-2],[-11,5],[-17,20]],[[8734,11794],[9,-1],[19,-7],[7,13],[29,8],[7,-11],[8,-4],[8,7],[7,4]],[[8828,11803],[4,-3],[20,13],[0,9],[5,2],[5,12],[9,12],[3,12],[11,10]],[[8885,11870],[-2,-5],[4,-11],[9,-10],[0,-5],[9,-7],[18,-20],[3,-7],[11,-13],[0,-19],[19,-6],[8,0],[3,-8],[-3,-5]],[[8964,11754],[1,-6],[-7,-13],[2,-3],[-9,-9],[-1,-14],[2,-12],[-7,-14],[0,-15],[-11,-5],[2,-28],[-2,-4]],[[8501,12003],[7,-5],[6,-10],[8,0],[7,-8],[-5,-3],[1,-13],[3,-4],[0,-13],[-9,-8],[-2,-7],[5,-3],[-2,-9],[4,-4],[-7,-5],[6,-4],[6,-19],[9,-16]],[[8538,11872],[1,-12],[-2,-6],[-9,-5],[-10,3],[-18,0],[-21,-18],[-10,2],[-5,6],[-21,-3],[-7,-5],[-9,-1],[-5,-4],[-11,1],[-5,6],[-11,5]],[[8891,11951],[0,-9],[-11,-1],[-15,8],[-4,-14],[-9,-3],[-1,-12],[3,-3],[2,-12],[-5,-5],[26,-16],[1,-4],[11,-5]],[[8889,11875],[-4,-5]],[[8828,11803],[-7,8],[-18,16],[-1,6],[-8,5],[5,15],[-6,4],[0,8],[-7,7],[-2,10],[9,5],[-5,10],[5,17],[-6,3],[5,8],[11,6]],[[7828,11427],[9,1],[22,-2],[10,-9],[9,-3],[2,-7],[-8,-16],[2,-7],[-3,-11],[0,-16],[3,-3]],[[8235,11793],[-28,-11]],[[8207,11782],[1,7],[-27,7],[-3,7]],[[8124,12838],[-9,5],[-13,-1],[-22,-8],[-13,2],[-9,-8],[-10,2],[-12,-14],[-17,-3]],[[8019,12813],[-4,-7],[-7,-1],[-2,-10]],[[8006,12795],[-6,1],[-13,11],[-8,2],[1,10],[-2,14],[-10,2],[-9,8],[-16,5],[-3,3],[-19,8],[-7,-3],[-15,0],[-11,-9],[-7,5],[1,7],[-10,2],[-5,13],[3,16],[3,7],[0,11],[-15,6],[-6,8],[14,10],[8,13],[-3,4],[-11,35],[-2,10],[-20,-4],[-6,3],[-6,-7],[2,-6],[-9,-10],[-10,-13],[-12,-7],[-19,3],[-6,-4],[4,-13],[-3,-14],[-7,-10],[-8,-2],[-9,-18]],[[7412,12913],[-52,68],[-66,84],[-12,15],[-5,10],[-12,16],[-16,18],[-21,27],[-2,5],[-14,9],[-9,16],[-10,6]],[[7193,13187],[260,-18],[177,-12]],[[7630,13157],[120,-9]],[[7750,13148],[162,-11],[0,7],[5,5],[11,15],[-3,20],[8,21],[9,3],[7,7],[-4,7],[-9,5],[0,6],[8,14],[14,3],[12,-1],[15,10],[5,6],[-1,15],[9,13],[-2,7],[10,12],[-8,4],[-8,8],[14,13],[8,0],[6,6],[-8,7],[-5,11],[5,10],[-2,13],[8,2],[10,12],[-1,13],[-5,15],[13,6],[5,7],[12,-2],[29,-26],[12,-9],[20,0],[13,5],[9,0],[5,12],[7,2]],[[8145,13421],[6,-4],[19,-2],[10,-7],[7,0],[10,-4],[19,0],[11,4],[8,-1],[4,5]],[[8239,13412],[10,-16],[20,-10],[11,-12],[0,-10],[4,-9],[1,-18],[6,-4],[5,-9],[4,-15],[20,-8],[-8,-30],[6,-12],[-3,-7],[4,-8],[-6,-14],[-8,-5],[2,-20],[-6,-10],[-11,-12],[-5,-9],[18,-7],[9,2],[3,-4],[10,-2],[17,9],[10,2],[5,-8]],[[8357,13166],[-2,-12],[0,-18],[-7,-5],[1,-19],[-12,-19],[0,-12],[11,-4],[7,3],[4,-3],[14,5],[11,1],[7,5],[7,-7],[0,-9],[11,-4],[5,-12],[14,-6],[4,-10],[13,-4],[6,-10]],[[7960,11217],[4,-2]],[[7964,11215],[29,0],[16,-18],[13,6],[8,-5],[8,-11],[0,-17],[-9,-8],[-2,-16],[12,1],[11,-5],[8,-14],[6,-6],[3,-9]],[[8067,11113],[-20,-13],[-13,0],[-14,-5],[-1,-6],[-9,-6],[-14,4],[-7,-4],[-14,-14],[-9,-5],[-2,-7],[-14,-3],[-11,-18],[-10,-8],[-23,4],[-8,9],[-10,6],[-6,-17]],[[7882,11030],[-9,0],[-12,-8],[-9,0],[-21,-3]],[[7924,11301],[3,5],[-4,6],[1,5],[16,10],[7,13],[-1,18],[5,6],[5,14],[-9,9],[-6,9],[4,9]],[[7945,11405],[10,5],[0,-16],[23,4],[6,6],[11,2],[13,20],[8,6],[2,11],[11,17],[-2,5]],[[8154,11382],[-14,-4],[-7,-8],[-4,-13],[-5,-4],[-20,-3],[-11,-5],[-4,-13],[-24,-17],[-5,-8],[-13,-1],[2,-17],[-9,0],[-2,-7],[-20,-16],[-6,-10],[-26,-7],[-12,-4],[-5,-5],[4,-5],[0,-11],[-9,-9]],[[8401,11534],[-24,7],[-8,10],[-4,11]],[[8365,11562],[9,3],[16,12],[14,6],[-1,12],[7,1],[5,7],[16,6],[0,13],[6,8],[-1,7],[6,12],[9,6],[-2,9],[1,12]],[[8450,11676],[9,6],[7,-3],[12,6],[9,1],[27,-7],[14,-6]],[[8564,11643],[-8,-9],[0,-9],[-7,1],[-10,-15],[-12,-8],[-18,8],[-2,-6],[-12,-7],[0,-4],[-10,-7],[-1,-9],[6,-6],[7,-15],[1,-16],[-7,-14],[2,-7],[-7,-15],[4,-8]],[[8207,11782],[-9,-1],[7,-20],[9,-8],[10,-2],[10,-11]],[[8216,11382],[12,10],[15,-1],[7,-6],[6,-11],[9,-6],[4,-15],[0,-6],[5,-9],[6,-19],[4,-2],[-1,-21]],[[8283,11296],[-4,-2],[-8,7],[-12,6],[-16,3],[-1,-11],[1,-14],[5,-5],[-6,-16],[0,-18]],[[8242,11246],[-7,-6],[-9,-4],[-13,4],[-4,21],[8,10],[-6,19],[8,13],[1,10],[-8,8],[-6,1],[-7,7],[-9,5],[-5,-1]],[[8185,11333],[3,5]],[[7877,12498],[23,5],[7,-2],[6,-8],[9,2],[14,5],[11,-3],[6,5],[9,1],[17,-3],[13,1],[18,-2],[11,3]],[[8021,12502],[12,0],[5,3],[4,13],[11,4],[9,1]],[[8062,12523],[9,-10]],[[8081,12348],[-15,2],[-5,-8],[-9,1],[-8,4],[-8,-3],[-10,9],[-14,9],[-21,1],[-4,-8],[-23,-5],[-17,4],[-6,-10],[1,-8]],[[9301,12132],[-1,5],[-8,5],[-2,11],[4,3],[-10,13],[-10,4],[-4,11],[-6,3]],[[9264,12187],[-5,11],[-12,11],[-17,2],[2,28],[82,66],[38,-21],[3,10],[13,3],[2,17],[7,8],[15,8],[12,-7],[10,7],[15,-2],[15,-14],[7,0],[5,6],[8,-1],[9,-8],[19,-1],[4,4],[15,2],[9,-6],[9,2],[6,5],[6,-1],[6,7],[7,16],[0,11],[14,-1],[13,4],[4,-5],[12,-1],[21,-12],[19,-3]],[[9637,12332],[-8,-12],[-16,-4],[-4,-10],[-5,1],[-10,-11],[-10,-18],[-8,-2],[-2,-8],[-17,-6],[-13,-7],[1,-10],[11,-7],[0,-16],[-9,-14],[-3,-16],[-8,-9],[-3,-11],[0,-12],[-7,-13],[-7,-17],[-1,-10],[-13,0],[-5,3],[-16,1],[-6,10],[2,8],[-18,2],[-35,12],[-12,-1],[-7,-6],[-11,2],[-11,8],[-12,0],[-1,-5],[8,-6],[0,-10],[6,-16],[-2,-10],[15,1],[7,3],[14,-8],[-5,-23],[7,-10],[-2,-15],[7,-3]],[[8576,11772],[-1,14],[-6,5],[-2,13],[-6,1],[4,14],[9,3],[7,5],[3,8],[12,-1],[14,2],[-1,8],[-5,7],[4,12]],[[8608,11863],[-2,8],[13,6],[4,0],[13,7],[8,15],[2,7],[9,-4],[11,0]],[[8666,11902],[11,-15],[6,-3],[3,-7],[16,-22],[11,-11],[0,-5],[5,-8],[-12,-4],[4,-14],[-5,-8],[3,-3]],[[8708,11802],[-5,-3],[-15,1],[-4,-9],[-7,0],[-9,-7],[-8,3],[-7,-8],[-24,1],[5,-8]],[[8331,11449],[-6,17],[-15,23],[3,16],[-5,4],[0,6],[-6,8],[-2,17],[9,7],[0,13],[-12,8],[-10,-1],[-14,8],[12,1],[8,3]],[[8293,11579],[15,-5],[11,3],[3,-5],[7,4],[3,-7],[5,-5],[13,3],[15,-5]],[[6934,12327],[-7,0],[-32,11],[-11,2],[-14,-4],[-16,4],[-10,8],[-7,-8],[-14,1],[-10,4],[-17,0],[-10,-3],[-6,6],[-2,9],[-17,5],[-8,-2],[-5,-8],[-8,-5],[-22,-10],[-14,0],[-7,-3],[-31,5],[-4,4],[-14,1],[-4,5],[-14,3],[-14,-1],[-9,4],[-29,-2],[-14,3],[-21,14],[-8,13],[6,17],[4,2],[-5,13],[10,9],[-3,3],[-13,2],[1,10],[-6,5],[-6,14],[-9,3],[-2,6],[-13,0],[-1,7],[-6,8],[2,8],[-17,0],[-5,8],[4,9],[12,15],[-8,12],[3,8],[6,6],[7,1]],[[6496,12549],[5,9],[7,1],[9,12],[11,4],[11,-8],[17,1],[6,-12],[19,-7],[0,7],[7,4],[14,-4],[4,3],[-2,9],[-17,10],[4,5],[12,-1],[20,5],[9,-1],[7,4],[10,14],[-3,15],[-9,6],[-5,33],[2,8],[-4,18],[-8,0],[-5,6],[-2,9],[-17,3],[6,10],[-4,6],[-9,2],[-5,11],[-13,-2],[10,13],[14,7],[158,22],[30,-4],[11,9],[8,-7],[19,-7],[5,-7],[9,-3],[6,5],[18,4],[9,-3],[7,3],[14,-9],[3,-9],[11,14],[5,-3],[3,-12],[5,-9],[2,-9],[19,-3],[3,4],[19,11],[8,10]],[[7030,13373],[12,-6],[-2,-9],[8,-5],[12,-1],[5,-5],[2,-12],[5,-4],[11,-2],[2,-9],[12,-9],[-3,-21],[13,-3],[8,-11],[2,-14],[14,-10],[5,-9],[-1,-9],[15,-20],[13,-3],[18,-18],[12,-6]],[[7052,12896],[-7,10],[-6,3],[-3,8],[-3,16],[-11,19],[3,5],[0,10],[-9,8],[-7,22],[-6,5],[-1,8],[-10,22],[-9,0],[-6,6],[-7,-2],[-10,11],[-13,7],[-5,8],[-2,10],[-7,10],[-10,6],[-6,-4],[-7,5],[-7,-2],[-12,12],[-14,-2],[-3,3],[-57,151],[-30,23]],[[6787,13274],[52,0]],[[8954,11225],[-10,-7],[-14,5],[-16,-21],[11,-17],[0,-8],[3,-5],[-8,-11],[8,-4],[2,-6],[-6,-8],[1,-5],[-6,-6],[-6,-1],[-4,-6],[-13,-3],[-1,-7],[-7,0],[-3,-7],[-12,-7],[-3,-14]],[[8870,11087],[-8,-16],[-13,4],[-44,-8],[-12,-5],[-7,0],[-9,-3],[-6,-10],[-20,-5],[-13,-15],[-18,-29],[-8,-4],[-6,-13],[-20,-26],[-9,-9],[-7,7],[3,15],[-6,5],[-4,9],[-1,10],[5,8],[1,11]],[[8668,11013],[-2,8],[2,9],[7,4],[2,11],[9,7],[4,8],[9,4],[8,9],[0,12],[-2,4],[3,8],[1,17],[6,16],[-6,8],[-21,11],[-5,9],[6,13],[-1,5],[9,18],[1,7],[-3,11],[3,22],[-5,11],[5,7],[13,-1],[15,-4],[5,-6]],[[7122,14388],[-8,-6],[5,-7],[-6,-11],[1,-12],[-3,-9],[3,-3],[-7,-18],[3,-5],[14,-3],[7,-7],[1,-12],[-8,-7],[-7,0],[-11,12],[-13,1],[-18,-3],[0,-4],[-16,-2],[0,7],[-14,7],[-19,13],[-21,0],[-7,4],[-19,0],[-11,2],[-7,5],[-17,2],[-14,-7],[-9,0],[-2,-9],[-8,-2],[5,-9],[-8,-7],[-7,0],[-14,-8],[-6,0],[-2,-11],[-4,-6],[1,-9],[-8,-11],[-8,0],[-13,-10],[-15,0],[-2,-8],[-27,-11],[-15,2],[-1,-9],[5,-3],[-5,-21],[-10,-1],[-5,6],[-13,3],[-4,-3],[-9,4],[-13,-8],[-2,5],[-13,-13],[1,-8],[-9,-3],[-23,9],[-15,0],[-8,-4]],[[6664,14180],[20,42],[8,22],[0,17],[-3,8],[-7,5],[5,37],[-1,13],[-4,12],[-10,13],[-7,6],[-19,0],[-1,6],[-8,10],[-5,26],[-14,24],[-20,19],[-18,11],[-18,7],[-39,12],[-19,4],[-12,6],[-15,5],[-5,3],[3,8],[-16,-4],[-6,-4],[12,-12],[-6,-1],[-10,11],[-5,18],[3,5],[12,8],[26,14],[12,9],[13,13],[4,9],[-2,7],[3,16],[53,2],[64,7],[26,5],[43,9],[44,7],[30,6],[19,5],[38,13],[6,4],[6,11],[9,7],[1,8],[-7,13],[13,13]],[[6860,14695],[5,-10],[1,-10],[4,-4],[-4,-6],[8,-3],[17,-2],[-2,-6],[5,-7],[2,-21],[-5,-4],[1,-11],[22,-5],[24,-9],[-8,-17],[8,-9],[7,0]],[[9164,13991],[3,4],[10,3],[7,7],[6,4],[0,7],[11,10],[3,9],[11,13],[1,6],[8,2],[4,7],[-5,3],[4,14],[-3,10],[1,10],[10,6],[36,1],[4,-3]],[[9275,14104],[9,-1],[10,-13],[7,-5],[-1,-18],[18,-8],[4,-14],[9,-7],[6,-11],[8,-4],[7,-7],[17,5],[14,0],[18,-11],[8,2],[8,-2],[3,-14],[6,-7],[9,1],[6,-9],[12,-3],[10,2],[14,-12],[8,-2],[9,-13],[0,-7],[22,-8],[12,5],[15,-3],[4,-6],[3,-15],[15,-5]],[[9565,13914],[13,6],[10,-14],[1,-9],[7,-9],[1,-6],[16,-10],[0,-7],[8,-12],[6,-2],[10,-10]],[[8084,12329],[-2,-9],[-7,-6],[-17,-6],[-13,-1],[-17,-15],[-6,-7],[-2,-13],[1,-9],[6,-4],[1,-12],[3,-2],[4,-15],[-4,-4],[-15,-4],[-18,1],[-16,-5],[-11,1]],[[8734,11794],[-16,10],[-10,-2]],[[8666,11902],[1,5],[25,5],[14,6],[4,7],[25,8],[7,9],[-5,12],[-5,3],[-5,13],[-5,4]],[[7751,12721],[-9,5],[-9,2],[-5,16]],[[8006,12795],[-5,-4],[-12,0],[-3,-9],[-11,-16],[-18,-9],[8,-6],[-7,-12],[1,-7],[-7,-8],[-9,-5],[-5,-21],[2,-12],[-10,-15],[7,-10],[-4,-12],[-1,-11],[-4,-6],[4,-14],[-9,-14],[-11,-7]],[[7820,11453],[0,6],[13,24],[6,8],[12,2],[-3,8],[6,5],[5,-3]],[[7859,11503],[-3,-15],[4,-10],[-3,-23],[4,-7],[12,-7],[6,-12],[5,4],[9,-6],[4,-10],[13,-14],[14,1],[13,3],[8,-2]],[[9637,12332],[16,11],[6,8],[10,0],[7,8],[11,5],[16,17],[3,5],[17,16]],[[9723,12402],[9,6],[8,13],[31,30],[12,14]],[[9783,12465],[5,-4],[6,-10],[12,-6],[6,3],[14,-3],[9,-10],[4,-11],[6,-3],[3,-6],[7,-6],[11,-18],[-7,-8],[7,-2],[-9,-8],[10,-4],[-1,-14],[6,-12],[16,-7],[10,-8],[10,-2]],[[9908,12326],[-11,-11],[-16,-8],[-10,-14],[-24,-11],[-5,-8],[1,-13],[7,-8],[-5,-22],[5,-24],[11,-25],[0,-14],[-13,-18],[-1,-8],[7,-10],[4,-11],[8,-10],[22,-16],[8,-16],[-6,-10],[-7,-6],[-16,-8],[-41,-2],[-14,-11],[-13,-13],[-6,-16],[-2,-19],[-5,-9],[-16,-15],[-14,-10],[-16,-5],[-17,-12],[-5,-7],[-10,-4]],[[9708,11932],[-10,-4],[-14,-10]],[[9684,11918],[-11,-4]],[[9673,11914],[-16,0],[-6,-7],[-35,-4],[-4,3],[-25,-10],[-10,0],[-3,6],[4,10],[-11,11],[-7,-2],[-9,4],[-10,-5]],[[9673,11914],[-7,-6],[-6,-16],[-11,-14],[-12,-9],[-16,-16],[3,-10],[-5,-17],[-6,-6],[-13,-23],[-11,-8],[-7,-16],[-8,-8],[-5,-13],[11,-17],[8,-7],[18,-20],[11,-6],[13,-2],[6,-3],[1,-6],[-8,-18]],[[9629,11673],[-13,-14],[-4,-2],[-12,4],[-10,-6],[-23,-5],[-12,-1],[-6,-3],[-7,7],[-4,-4],[-9,3],[-14,1],[-7,10],[-15,2],[-4,-11],[-15,-10],[-13,2],[-5,-7],[-10,4],[-5,-3],[-4,-12],[6,-4],[-12,-14],[-9,-2],[5,-7],[-2,-7],[-19,3],[-9,5],[-14,4],[-25,-5]],[[9358,11601],[-5,10],[1,36],[9,15],[-5,12],[-11,-1],[-13,9],[-4,11],[-6,-1],[-3,9],[-5,1],[-2,18],[-21,8]],[[9293,11728],[1,22],[-2,9],[13,24],[6,1],[9,7],[5,17],[13,18],[15,10],[14,2],[10,4],[9,-3],[11,3],[16,9],[7,8],[13,21]],[[9629,11673],[-6,-16],[0,-10],[6,-20],[6,-17],[-2,-9],[-6,-8],[-13,-4],[-10,-1],[-11,4],[-13,-5],[-9,-9],[-3,-9],[7,-12],[-1,-11],[15,-18],[9,-1],[6,-4],[3,-13],[-2,-12],[-7,-10],[-30,-5],[-15,-9],[-14,-10],[-8,-16]],[[9531,11448],[-117,33],[-157,44]],[[9257,11525],[-4,7],[10,5],[5,6],[8,1],[10,14],[10,4],[1,12],[10,-1],[4,4],[4,13],[13,5],[26,-2],[4,8]],[[9251,12925],[6,-5],[12,6],[11,-2],[18,-12],[5,-1],[9,-11],[8,-6],[8,1],[11,-14],[27,5],[7,-3],[1,-6],[7,-3],[6,-8],[-7,-4],[9,-8],[19,-9],[2,-7],[7,-7],[25,-8],[7,-7],[15,-1],[3,7],[7,0],[24,7],[7,14],[3,14],[-11,3],[-2,4],[4,23],[5,8],[-3,10],[4,7],[2,10],[15,1],[8,-3],[14,7],[137,50],[187,69]],[[9868,13046],[-1,-7],[-8,-5],[-4,-25],[-8,-7],[1,-7],[-5,-7],[5,-6],[-8,-10],[1,-9],[5,-6],[8,0],[4,-19],[11,-9],[9,-19],[6,-5],[1,-13],[10,-11],[0,-19],[-4,-7],[6,-7],[10,-6],[8,-1],[4,-6],[-3,-21],[4,-7],[-2,-16],[-4,-15],[0,-21],[27,2],[7,-2],[10,9],[17,-14],[5,-8],[14,5],[10,-2],[6,7]],[[10010,12752],[9,5],[22,-5],[2,-4],[20,-1]],[[10063,12747],[2,-5],[-16,-15],[-4,-7],[-1,-12],[-9,-1],[-5,-4],[-13,-1],[-5,2],[-17,-4],[-10,-8],[-12,0],[-2,-13],[-5,-2],[2,-18],[-12,-10],[-12,6],[-15,4],[-11,-8],[1,-5],[-16,-4],[-11,1],[-3,4],[-9,-5],[-2,-6],[2,-9],[-7,-5],[-12,-4],[-1,-7],[8,-10],[-1,-8],[-6,-10],[-13,-5],[8,-6],[-5,-11],[-12,-5],[-1,-8],[-6,-9],[-5,-16],[-8,-11],[-12,-4],[-1,-4],[-10,-4],[-10,6],[-22,26],[-14,5],[-12,-2],[-10,-14],[5,-7],[-3,-6],[10,-4],[6,-5],[10,1],[13,-2],[5,-6],[11,7],[5,-2],[1,-8],[-8,-24]],[[9723,12402],[-5,5],[-21,-1],[-8,8],[-12,-1],[-15,5],[-16,3],[-22,-4],[-12,-8]],[[9612,12409],[-4,13],[1,17],[-1,17],[4,2],[-1,9],[2,28]],[[9613,12495],[0,14],[-4,-1],[-5,11],[-7,7],[0,8],[6,1],[6,15],[10,9],[4,27],[-4,8],[-15,7],[0,6],[-10,9],[6,13],[-1,7],[-18,12],[-27,1],[-7,8],[-7,1],[-15,-12],[-8,-3],[-7,2],[-6,5],[-17,-1],[-8,-3],[-21,2],[-5,-15],[-12,-4],[-26,-2],[-31,0],[-6,6],[-15,-5],[-18,2],[-4,-3],[-9,-14],[-28,-8],[-1,14],[-11,4],[-7,10],[0,11],[-7,8],[2,8],[-9,7],[-7,11],[-4,14],[4,9],[-3,5],[1,12],[3,15]],[[8408,11787],[-1,-18],[3,-4],[0,-16],[3,-6],[10,-3],[9,-8],[-10,-6],[1,-4],[13,-4],[10,-14],[2,-6],[-6,-8],[7,-4],[-4,-5],[5,-5]],[[8293,11579],[-8,10],[-7,-2],[-5,7],[-22,6],[1,15]],[[8538,11872],[9,1],[6,-6],[14,5],[14,1],[14,-8],[13,-2]],[[8019,12813],[6,-9],[7,-6],[1,-6],[-4,-14],[1,-9],[6,-4],[10,-24],[4,-7],[1,-21],[4,-5],[3,-11],[-4,-7],[4,-18],[-3,-5],[4,-7]],[[8059,12660],[-4,-13],[3,-6],[-6,-15],[0,-7],[-14,-17],[2,-11],[-11,-15],[5,-17],[-9,-14],[3,-14],[8,-8],[-15,-17],[0,-4]],[[7632,11530],[-3,12],[7,11],[-7,5],[-15,7],[1,18],[-6,7],[-22,7],[-2,11],[-11,4]],[[7574,11612],[12,8],[7,8],[-2,8],[11,9],[8,-3],[20,8],[-5,8],[2,8],[12,1],[5,-4],[7,1],[16,-1],[9,7],[9,2],[0,5],[15,11],[6,-1]],[[7908,11559],[-9,-13],[-1,-8]],[[7898,11538],[-10,-9],[-3,-12],[-12,0],[-10,-6],[-4,-8]],[[8059,12660],[20,7],[18,-1],[6,4],[7,11],[16,12],[21,24],[10,19],[4,17],[0,8],[5,8],[-3,6]],[[8163,12775],[7,-4],[6,-14],[10,-5],[13,2],[2,-4],[11,-6],[13,-19],[13,-10],[3,-12],[-4,-7],[2,-12],[12,-9],[7,-8],[2,-11],[15,-26],[-1,-9]],[[8274,12621],[-7,-7],[-19,-12],[-1,-8],[-8,-7],[-10,5],[-14,-2],[-15,2],[-11,5],[-4,-2]],[[8185,12595],[-6,13],[-15,7],[-8,-6],[-11,-3],[-34,9],[-9,-14],[-11,4],[-9,-10],[-3,-7],[-5,-25],[3,-8],[-2,-9],[-9,-5],[-4,-18]],[[9293,11728],[-5,-25],[-13,-10],[-23,-13],[-24,1],[-14,-4],[-15,5],[-8,-14],[-12,0],[-9,-5],[-16,-5],[-5,19],[-9,3],[-2,7],[-13,5],[-3,14],[-9,7],[-3,6],[-12,4],[-16,10],[-10,0],[-35,16],[-9,2],[-8,-8],[-13,3],[-17,-1],[-19,9],[-7,0]],[[8889,11875],[19,3],[10,-25],[9,-4],[17,0],[20,5],[6,-8],[10,9],[15,8],[3,19],[5,14],[10,12],[4,-6],[10,-5],[5,-6],[6,3],[26,-2],[0,6],[-15,7],[1,2],[19,5],[6,-2],[4,6],[31,1],[16,-3],[12,0],[5,3],[22,-5],[8,7],[-3,14],[-11,11],[6,9],[0,6],[14,-1],[7,7],[9,2],[7,-5],[15,4],[14,-8],[8,6],[6,13],[10,1],[4,5],[19,9]],[[9278,11992],[26,-19],[21,-10]],[[8955,11607],[-2,-11],[2,-8],[8,-2],[9,-11],[12,-3],[10,-19],[10,-8],[19,-6],[7,-6],[2,-7],[11,-3],[15,-9],[12,-5],[15,8],[4,7],[9,7],[2,6],[10,18],[13,6],[6,6],[21,-14],[107,-28]],[[9257,11525],[-8,-6],[-6,-11],[-5,-18],[7,-11],[1,-6],[-11,-8],[-10,-2],[-1,-10],[5,-9],[-14,-8],[-5,1],[-8,-6],[-3,-10],[-9,-8],[-29,17],[-8,-4],[-2,-6],[-8,-1],[-3,-8],[1,-5],[-6,-6],[1,-12],[-12,-20],[-9,-8],[-13,0],[-13,-5],[-16,-12],[-9,2],[-6,-5],[-21,-5],[-31,-3],[-3,-3],[-13,-6],[-15,3],[2,15],[12,9],[10,19],[6,7],[-2,12],[4,9],[11,12],[-2,26],[-7,4],[0,6],[6,5],[2,9],[-12,12],[1,3],[-8,8],[1,17],[-7,8],[-19,10]],[[8000,12084],[4,9],[-2,12],[15,-1],[-2,24],[8,8],[8,-1],[6,11],[18,5],[8,9],[0,5],[18,0],[9,7],[27,5],[10,6],[11,2],[30,-4],[6,-3]],[[8181,12169],[3,-5],[-5,-18],[-13,-7],[6,-9],[-10,-3],[1,-9],[-5,-13],[-1,-14],[3,-6],[0,-14],[-2,-3]],[[8185,12595],[6,-7],[2,-7],[-5,-11],[10,-3],[7,-19],[2,-9],[9,-4],[1,-15],[-7,-8],[-4,-12]],[[6860,14695],[2,9],[-5,4],[27,6],[3,4],[33,6],[53,19],[27,12],[15,12],[-1,7],[4,15],[31,15],[2,2]],[[7362,14552],[-14,-12],[20,-11],[9,-2],[28,1],[0,-11],[-6,-3],[-13,-2],[1,-7],[10,-7],[1,-6],[24,-21],[2,-23],[-2,-32],[-3,-4],[-1,-11],[-5,-8],[-2,-12],[7,-7],[2,-9],[11,-7],[9,0],[11,-18],[10,-9]],[[7461,14331],[-4,-8],[-15,-2],[-6,-4],[-24,-3],[-12,-4],[-14,-12],[-8,-1],[-10,-8],[-15,-7],[-9,-6],[-26,-26],[-9,-15],[-12,-4],[5,-15],[-4,-4],[-1,-12],[-10,-4],[-5,-11],[-13,-7],[-1,-10],[-5,-13],[-7,-8],[0,-9],[-8,-10],[-4,-11],[-12,-9],[-3,-14],[1,-8],[5,-13],[23,-19],[-4,-9],[-18,9],[-6,-9],[-6,-2],[-13,8],[-5,-3],[-1,-15],[-4,-29],[-12,-5],[-12,-2],[-12,-4]],[[7165,13993],[3,18],[-4,5],[3,11],[-3,5],[2,14],[-11,7],[-5,12],[3,29],[5,4],[12,3],[4,23],[-1,6],[-8,0],[-9,10],[10,34],[-4,5],[1,14],[4,6],[8,3],[-4,18],[4,6],[-3,6],[5,14],[-6,7],[0,6],[-7,7],[2,4],[-6,10],[6,8],[-5,12],[3,5],[12,3],[-2,11],[-4,1],[-3,12],[-8,11],[-5,3],[-13,-2],[-8,15],[8,18],[14,-1],[9,7],[-4,5],[-1,11],[5,4]],[[9066,12045],[7,-2],[18,13],[20,2],[3,6],[21,-1],[4,4],[12,2],[8,-4],[36,-26],[11,-5],[47,-31],[19,-7],[6,-4]],[[9002,12082],[-5,9],[-10,8],[-4,0],[-18,14],[-1,2],[-30,11],[-3,4],[-13,3],[-10,13],[2,7],[7,4],[9,-8],[19,19],[6,-2],[10,5],[7,-2],[8,12],[6,3],[23,7],[13,5],[5,15],[-2,9]],[[9021,12220],[20,7],[6,-6],[8,4],[13,1],[8,-10],[24,1],[12,-7],[15,2],[11,-6],[10,-2],[15,-1],[-1,-4],[31,-6],[7,-4],[9,-1],[23,-4],[12,-6],[9,7],[11,2]],[[8301,11295],[-18,1]],[[8783,12260],[-7,-5],[-1,-8],[-6,-9]],[[8769,12238],[-3,-1]],[[8274,12621],[0,-18],[-3,-3],[6,-8],[0,-16],[11,-4],[5,-9],[14,-7],[3,-10],[9,-1],[71,-60]],[[8769,12238],[6,-3],[24,0],[23,-6],[13,-5],[11,-2],[12,2],[6,5]],[[9002,12219],[7,3],[12,-2]],[[9161,13042],[163,31],[128,25],[105,72],[17,11]],[[9637,13229],[3,-16],[15,-3],[5,-7],[13,-6],[10,-12],[12,-6],[14,-14],[3,-12],[13,-17],[6,-4],[17,2],[12,3],[3,5],[1,11],[19,5],[6,13],[13,4],[17,0],[9,9],[7,12],[-2,25],[5,22],[-11,0],[-3,3],[7,8],[6,11],[15,0],[31,8],[9,14],[14,-3],[4,-5]],[[9910,13279],[6,-12],[25,-3],[10,-7],[11,-15],[-13,-16],[-13,-8],[-6,-7],[-6,-11],[-13,-5],[-5,-5],[0,-7],[-17,-17],[0,-10],[-8,0],[-12,-5],[-1,-6],[-11,-7],[-5,-12],[-2,-16],[5,-15],[10,-11],[7,-2],[-4,-18],[2,-9],[-2,-9]],[[9531,11448],[-14,-30],[-1,-10],[6,-17],[-5,-18],[-4,-7],[-10,-9],[-5,-12]],[[9498,11345],[-8,0],[-12,12],[-7,0],[-11,-7],[-29,-4],[3,-12],[-12,-3],[-2,-8],[-5,-4],[-1,-7],[3,-18],[-10,-9],[5,-5],[-3,-7],[-9,3],[-2,-9]],[[9398,11267],[-18,-4],[-7,3],[-12,0],[-5,-9],[-9,1],[-8,5],[-10,0],[-9,7],[-12,-3],[-7,11],[-12,-1],[-11,5],[-7,8],[1,6],[-6,11],[-24,11],[-13,3],[-20,-1]],[[8668,11013],[-8,-4],[-11,2],[-10,-9],[-13,-1],[-3,-7]],[[8623,10994],[-3,9],[7,17],[-4,12],[2,11],[4,9],[-5,7],[-8,2],[-12,17],[1,7],[-6,13],[8,5],[-2,9],[-12,6],[-2,13],[-8,8],[8,11],[0,7],[-31,-1],[-14,8],[-12,13],[-1,8],[13,7],[6,7],[-1,9],[2,8],[-2,7],[-7,7],[-3,8],[-9,3],[-17,1],[-6,5],[-8,-1],[-8,15],[-14,2]],[[8088,11095],[-16,11],[-5,7]],[[8185,11333],[-4,-10],[-10,-13],[-9,-6],[-3,-10],[4,-18],[-4,-10],[3,-10],[-4,-30],[4,-10],[2,-19],[-4,-7],[-8,-5],[-13,-33]],[[8650,13003],[-7,8],[1,6],[-6,18],[6,6],[1,11],[19,14],[0,18],[7,9],[-6,10],[0,7],[5,7],[2,24],[-9,7],[6,17],[-9,8],[5,3],[12,0],[1,7],[-15,8],[5,23],[-4,2],[-19,3],[-7,16],[-13,1],[-11,-3],[-1,-13],[3,-9],[-7,-4],[-7,-10],[0,-14],[-14,0],[-8,-6],[-12,-1],[-13,5],[-10,-3],[-9,-7],[-13,-3],[-3,-5],[-8,-1],[-8,6],[-27,-7],[-6,3],[-12,-3],[-9,-8],[-21,-2],[-16,6],[-2,5],[-16,5],[-4,7],[-7,6],[-16,1],[-11,-15]],[[8239,13412],[1,14],[12,2],[8,7],[14,8],[7,9],[10,1],[11,-2],[5,10],[-8,12],[11,2],[-4,10],[3,7],[-2,7],[8,10],[7,3],[6,8],[2,7],[-4,8],[4,5],[-5,14],[10,11],[16,1],[21,-8],[10,4],[9,9],[5,7]],[[7898,11538],[29,-11],[7,-5],[3,-8],[13,-3],[6,-7],[6,-2],[5,-10],[24,-8],[15,-11]],[[8017,11608],[-8,-4],[-20,1],[-11,8],[-14,-7],[-8,-1],[-13,4],[-9,10],[-16,-1]],[[6787,13274],[-159,118],[-26,7],[-6,4],[-99,0],[-50,3],[-9,5],[-16,39],[-10,21],[-55,34],[-48,38],[-100,87]],[[6209,13630],[-11,6],[-3,10],[0,12],[-6,22],[5,7],[10,-1],[15,-8],[14,1],[10,9],[10,14],[8,2]],[[6261,13704],[16,2],[6,3],[14,16],[22,16],[7,12],[5,21],[9,14],[5,16],[-1,3],[-12,11],[5,4],[19,2],[5,6],[-8,17],[1,14],[3,14],[9,24],[4,7],[8,7],[22,1],[15,5],[17,15],[9,11],[3,10],[-4,10],[0,12],[-4,8],[-9,5],[0,10],[-6,14],[2,29],[6,30],[-8,10],[-15,12],[-3,10],[-13,31],[-2,11],[0,20]],[[6388,14167],[24,1],[16,-3],[-5,-13],[-18,-3],[-2,-11],[5,-8],[-3,-11],[7,-20],[8,-13],[13,1],[10,-4],[6,9],[1,9],[-1,8],[9,2],[3,-5],[-6,-7],[5,-3],[-2,-10],[22,-3],[-11,-6],[-3,-5],[-8,3],[-7,-5],[-10,-3],[-6,-7],[2,-7],[-8,-9],[0,-13],[-4,-8],[3,-7],[12,-6],[9,-8],[0,-15],[7,-7],[39,14],[5,8],[12,6],[-4,16],[23,2],[7,2],[35,5],[10,3],[4,-3],[11,1],[11,-3],[-30,-15],[-7,2],[-9,-4],[-9,-8],[6,-6],[0,-10],[-5,-5],[9,-7],[31,7],[-12,-15],[-5,2],[-7,-6],[-29,-4],[-7,-3],[12,-10],[13,-4],[17,0],[7,-7],[3,-7],[-18,4],[-11,7],[-22,-2],[-1,-8],[17,-5],[-4,-8],[17,-5],[1,-5],[16,-3],[2,-6],[-13,-4],[-11,8],[-9,-1],[-11,4],[-10,-5],[0,8],[-13,17],[-9,2],[-19,0],[-12,-5],[-9,-14],[-6,-5],[-3,-19],[9,-10],[-9,-9],[-2,-26],[-4,-18],[-1,-11],[1,-10],[13,-18],[14,-6],[35,-7],[25,-3],[5,-3],[8,4],[39,-2],[17,1],[26,2],[38,6],[15,5],[11,8],[2,8],[-14,14],[14,0],[10,7],[-7,10],[0,6],[16,11],[9,14],[-6,16],[-17,15],[1,9],[9,2],[11,11],[-10,6],[2,4],[14,-1],[5,2],[6,15],[0,9],[-8,12],[1,4],[-5,9],[-18,4],[5,-8],[1,-10],[-4,-5],[-10,-2],[3,11],[-2,4],[2,20],[3,2],[-1,16],[-8,4],[-4,-6],[-14,14],[17,16],[7,17],[3,18],[-7,16],[-1,9],[-5,7],[-3,24],[-4,3],[-2,22],[-5,7],[-2,8],[-15,8],[-4,9]],[[7165,13993],[-9,-2],[3,-14],[-4,-7],[0,-9],[-7,-3],[-7,4],[-7,-2]],[[7574,11612],[-10,17],[-12,3],[-14,-3],[-1,-7],[-10,-14],[-17,-2],[-6,5],[-15,2]],[[7489,11613],[-6,3],[-10,12],[3,9],[-6,20],[-12,6],[-11,13],[0,6],[-7,17],[-1,20],[2,9],[-8,18],[-2,14],[4,8],[-7,8],[6,9],[-2,8],[-14,5],[-2,8],[6,3],[1,8],[-6,4],[-13,0],[-2,6],[-17,17],[-11,-4]],[[7374,11840],[-6,0],[-7,5],[-7,1],[-18,-9],[-6,-6],[-9,-4],[-14,9],[-19,-1],[-22,3],[-6,-7],[-27,0],[-16,-5],[-20,2],[-16,-3],[-21,-6],[-4,-7],[-4,-11],[-12,-5],[-16,1],[-8,3],[-10,-1]],[[7106,11799],[-7,8],[1,22],[-9,9],[-15,9],[-19,5],[-15,-3],[-8,1],[-4,-5],[2,-5],[-4,-6],[-10,-3],[-1,6],[-9,8],[-7,12],[1,12],[4,14],[-3,13],[0,13],[-3,11],[0,14],[-8,20],[1,8],[5,5],[3,21],[-2,6],[4,17],[-1,15],[-5,6],[2,11],[-6,5],[-3,10],[-8,1],[-7,17],[11,7],[-8,13],[-11,7],[2,17],[-1,5],[4,10],[2,20],[-1,9],[-16,11],[-5,6],[-1,10],[-9,11],[-13,6],[-7,7],[12,5],[9,11],[0,9],[4,11]],[[8642,13001],[-8,4],[0,9],[-12,0],[-8,3],[-6,-3],[-3,-14],[-10,1],[2,-14],[-11,-15],[-15,-3],[-15,-7],[-7,1],[-4,-8],[3,-4],[-5,-8],[-16,-6],[-4,-18],[-4,-4],[-9,-15],[-5,-6],[1,-8],[-11,-14],[-5,-3],[0,-9],[-13,-9],[1,-9],[-13,-5],[-13,1],[-16,-9],[-7,-6],[0,-14],[-14,-10]],[[8242,11246],[15,-8],[19,-5],[1,-8],[-14,-8],[-8,-15],[8,-12],[2,-8],[-2,-8],[5,-14]],[[9613,12495],[-10,4],[-5,-3],[-8,2],[-10,8],[-8,1],[-6,-4],[-17,8],[-21,3],[-4,-16],[-9,-6],[-6,6],[-11,-1],[-1,9],[-17,1],[-6,-6],[-5,4],[-15,-7],[-4,-3],[-13,0],[-28,16],[-24,-4],[-10,-3],[-5,-8],[-16,-11],[0,-3],[-12,-4],[-14,1],[-6,-9],[-11,-5],[2,10],[-16,-6],[-6,-10],[-22,-21],[-18,-4],[-8,4],[-20,-5],[-8,6],[-19,-3],[-5,8],[-14,4],[-5,-3]],[[9172,12445],[-8,4],[-2,11],[-11,-3]],[[7106,11799],[-6,1],[-24,8],[-10,-6],[1,-12],[-9,0],[-11,10],[-15,6],[-10,-1],[-13,6],[-19,-2],[-15,2],[-13,0],[-10,1],[-15,8],[-15,3],[-11,0],[-8,-3],[-6,6],[-26,-10],[-8,0],[-12,-9],[-7,-1],[-7,-7],[-13,6],[-11,-3],[-10,3],[-16,-4],[-2,-8],[-13,0],[-13,7],[-16,2]],[[6743,11802],[-6,7],[2,8],[6,6],[-9,10],[0,8],[5,11],[-11,8],[-2,5],[5,12],[-12,0],[-21,9],[-11,7],[-5,11],[13,15],[1,6],[-7,6],[-30,1],[-10,8],[-1,8],[3,11],[-9,11],[3,8],[9,0],[4,4],[-7,7],[-11,3],[0,5]],[[6642,11997],[4,10],[5,4],[14,4],[3,4],[-4,8],[-12,2],[-5,4],[3,8],[9,1],[10,-3],[4,1],[4,10],[-7,9],[-29,13],[-5,10],[2,6],[11,2],[18,-5],[10,5],[4,8],[-4,8],[-9,1],[-16,-8],[-11,2],[-6,4],[4,15],[11,8],[5,6],[-2,11],[7,-1],[3,-8],[8,0],[3,6],[-2,10],[-12,11],[-19,8],[-7,10],[-11,1],[-15,-20],[-7,1],[-2,18],[0,9],[5,13],[-11,1],[-16,-6],[-8,12],[-5,27],[-4,8],[-17,12],[-14,-2],[-9,-11],[-7,1],[-11,11],[-4,9],[0,11],[10,17],[9,6],[20,-1],[8,1],[7,8],[-4,10],[-20,6],[-25,-5],[-17,2],[-7,9],[2,10],[15,11],[6,10],[-10,11],[-8,-2],[-12,-12],[-4,-13],[-5,-2],[-15,5],[-3,4],[-3,26],[-20,-3],[-12,5],[0,9],[13,4],[8,5],[8,12],[11,5],[-3,10],[-12,6],[-13,-1],[-6,6],[-3,8],[-8,9],[7,23],[-4,18],[9,12],[-2,5],[-9,0],[-7,4],[-2,6],[4,10],[12,4],[24,-1],[8,-4],[8,2],[3,11],[13,22],[8,5]],[[6477,12569],[1,-4],[18,-10],[0,-6]],[[9612,12409],[-6,-3],[-14,1],[-7,3],[-6,-2],[-6,-9],[-12,-3],[-4,-8],[-8,-3],[-4,5],[-9,-1],[-5,11],[-7,-2],[-6,3],[-3,-15],[-10,-1],[-8,-5],[-5,-8],[-18,-4],[-1,5],[-9,2],[-2,7],[-9,11],[-4,-1],[-19,-19],[-7,3],[-3,-8],[-5,-1],[-12,3],[-7,-4],[-1,-13],[-22,-2],[-18,9],[-10,2],[0,-6],[-8,-2],[-7,1],[-10,-14],[-5,-4],[-23,-2],[-13,9],[-9,1],[-38,-8],[-28,-4],[-20,0],[-18,-2],[-4,6],[5,10],[-7,10],[-23,2],[-19,8],[5,8],[-2,5],[0,15],[-6,15],[19,9],[16,2],[3,8],[11,4],[8,12]],[[10063,12747],[49,38],[173,129],[133,100],[86,64]],[[10504,13078],[-2,-10],[-6,-10],[-4,-12],[1,-13],[5,-16],[-3,-13],[-1,-19]],[[10494,12985],[-2,-7],[-8,-9],[-11,-19],[1,-12],[7,-9],[3,-15],[-3,-30],[5,-10],[14,-12],[9,-11],[17,-13],[15,-16],[0,-12],[6,-29],[0,-9],[3,-7],[0,-8],[-6,-12],[-16,-18],[-24,-19],[-11,-2],[-16,-14],[-17,-4],[-19,-9],[-15,-9],[-18,-7],[-14,-12],[-17,-7],[-8,-10],[-9,-15],[-21,-17],[-17,-8],[-17,-14],[-5,-8],[-15,-11],[-1,-17],[-6,-10],[-13,-14]],[[10265,12520],[-3,-7],[-18,-24]],[[10244,12489],[-7,-6],[-1,-6],[-24,-12],[-13,2],[-23,-24],[-11,-2],[-12,-10],[-21,-6],[-18,3],[-17,-6],[-16,-8],[-20,-19],[-7,-13],[-8,-8],[-14,-5],[-13,-8],[-10,-1],[-12,-6],[-25,-4],[-7,-6],[-4,-8],[-11,-12],[-5,-1],[-9,4],[-24,0],[-4,-1]],[[9157,17220],[1,10],[8,5],[17,4],[-6,5],[-1,8],[17,11],[13,-5],[11,9],[-3,11],[-10,6],[12,10],[4,-2],[7,8],[22,1],[10,-5],[5,2],[8,17],[7,11],[-17,-7],[-12,-3],[-13,1],[-3,-3],[-13,-1],[-3,5],[5,16],[-6,3]],[[9217,17337],[18,4],[18,7],[1,9],[-11,44],[4,0]],[[9247,17401],[4,-14],[3,-20],[3,-9],[8,-11],[15,-12],[32,-16],[14,-11],[10,-5],[19,-16],[10,-11],[6,-12],[4,-16],[-1,-28]],[[9374,17220],[-25,-3],[-9,-6],[-16,-8],[-7,-10],[-20,1],[-16,-10]],[[9281,17184],[-19,9],[-13,19],[-11,-2],[-15,3],[-11,6],[-19,1],[-1,6],[-10,-1],[-6,2],[-19,-7]],[[9122,17121],[10,-1],[6,-5],[10,4],[7,-7],[13,-6],[7,5],[8,-7],[7,11],[7,-3],[11,3],[12,0]],[[9220,17115],[0,-11],[7,-7],[-21,-27],[4,0]],[[9210,17070],[-7,-10],[5,-7],[-8,-17],[8,-2],[-5,-9],[2,-10],[-14,2],[-3,-13],[0,-11],[13,-20],[14,-2]],[[9215,16971],[-4,-5],[-10,-3],[-3,-5],[-12,6],[-11,-6],[-1,-10],[-10,-1],[-6,3],[-20,4]],[[9138,16954],[-13,3],[10,15],[-2,8],[7,5],[-6,6],[13,13],[-7,4],[0,9],[-4,5],[-22,10],[-8,7],[-6,-1],[-13,4],[-19,2]],[[9068,17044],[-12,5],[4,5],[0,11],[-5,7]],[[9055,17072],[9,6],[7,-4],[19,4],[4,8],[-1,8],[10,9],[11,6],[8,12]],[[9308,16695],[-5,-9],[-3,-27]],[[9300,16659],[0,-10],[-8,-20],[-12,-15],[-12,-1],[-15,-9],[-15,-11],[-5,-7],[-5,-16],[3,-7]],[[9231,16563],[3,-14],[-10,-15]],[[9224,16534],[-13,4],[-14,8],[-20,2],[-1,-4],[-18,-6],[1,-7]],[[9159,16531],[-14,2],[-12,4],[4,6],[9,0],[9,11],[-8,5],[-12,-1],[-7,17],[-8,-1],[-22,8]],[[9098,16582],[11,2],[8,12],[2,7],[8,11],[11,0],[11,-8],[4,8],[6,1]],[[9159,16615],[19,5],[15,-9],[2,10],[11,0],[20,9],[7,8],[5,-5],[8,0],[8,32],[11,7],[18,25],[6,11]],[[9289,16708],[7,-1],[12,-12]],[[9159,16615],[-4,7],[3,11],[-10,13],[-7,3],[1,28],[11,-4],[7,1],[2,13],[-2,16],[3,19],[5,15],[-12,4],[1,6],[-5,6]],[[9152,16753],[-1,6],[7,10],[17,-1],[13,8],[19,1],[17,8],[5,4],[12,-1]],[[9241,16788],[14,-8],[7,-10],[7,-3],[-1,-6],[-5,-6],[12,-21],[11,-9],[6,-9],[-3,-8]],[[9281,17184],[-3,-7],[-10,-8],[-4,-17]],[[9264,17152],[-8,-9],[3,-10],[-32,-9],[-7,-9]],[[9122,17121],[6,8],[14,15],[-4,12],[6,7],[5,45],[2,8],[6,4]],[[9068,17044],[-10,-6],[-2,6],[-10,0],[3,-8],[-5,-9],[-24,1],[-2,-9],[-22,3]],[[8996,17022],[-14,3],[-10,-6],[-7,-1],[-21,6],[-14,12],[-16,6],[-14,0],[-9,2],[1,7],[-6,2],[-6,11],[-9,-1],[-5,4],[-15,1],[-8,-8],[-4,2],[-38,-5],[-12,3],[-32,0]],[[8757,17060],[10,15],[22,1],[16,13],[22,0],[10,2],[9,5],[5,14],[5,4],[11,3],[19,10],[22,3],[4,8],[22,5],[5,10],[9,0]],[[8948,17153],[15,-10],[3,8],[15,-6],[2,-8],[8,-3],[22,-16],[11,0],[10,-3],[-1,-8],[5,-2],[-1,-11],[6,-4],[10,-2],[-4,-13],[6,-3]],[[8963,16924],[2,-12],[5,-3],[3,-8],[-9,-13],[-1,-8],[11,-11],[2,-16],[-9,-31]],[[8967,16822],[-14,9],[-17,5],[-8,-10],[-9,-6],[-13,1],[-15,11],[-9,-3],[-1,-6],[-8,-8],[-4,-9],[-10,5],[-5,-9],[-26,4],[-10,-12],[-75,-12]],[[8743,16782],[-9,-1],[-5,10],[4,8],[7,8],[5,25],[-5,12],[6,4],[1,15],[-5,8],[-1,7],[-18,11],[4,5],[-3,9],[-8,13],[6,7],[-1,7],[-6,7]],[[8715,16937],[4,-1],[13,7],[12,1],[17,-22],[7,-10],[7,1],[11,12],[24,2],[10,3],[20,-5],[56,7],[13,0],[7,-6],[47,-2]],[[9264,17152],[23,6],[3,-3],[-7,-10],[15,-3],[8,4],[3,6],[9,-7],[5,2],[8,-5],[13,0],[3,7],[10,-2],[0,10],[21,-6],[16,-1],[5,-9]],[[9399,17141],[1,-17],[-5,-17],[1,-13]],[[9396,17094],[-16,0],[-3,-13],[-18,2],[-47,-14],[-6,0]],[[9306,17069],[-96,1]],[[9098,16582],[-10,1],[-3,12],[-28,0],[-16,-8],[3,-4],[-2,-7],[-8,-1],[-14,2],[-6,-11],[-11,0]],[[9003,16566],[-14,6],[-14,10],[-19,23],[-8,6]],[[8948,16611],[13,4],[9,7],[16,54],[-2,3],[9,10],[7,4],[14,2],[2,3],[-5,40]],[[9011,16738],[22,1],[9,-5],[8,0],[3,7],[7,-4],[15,4],[12,10],[15,2],[-1,11],[51,-11]],[[9413,16997],[3,-24]],[[9416,16973],[1,-45],[3,-13],[-1,-11],[-12,-5],[-19,-13]],[[9388,16886],[-9,-1],[-8,3],[-6,-3],[-20,1],[-18,9],[-11,-3],[-15,1],[-5,3],[-9,11],[-13,4],[-8,-1],[0,16]],[[9266,16926],[18,18],[10,-2],[9,6],[12,0],[7,12],[2,8],[8,9],[14,1],[3,4],[11,1],[4,8],[6,-2],[3,8],[16,-3],[9,4],[15,-1]],[[8996,17022],[-6,-3],[-4,-13],[19,-1],[0,-8],[3,-24],[-13,-7],[-4,-7],[1,-9],[-5,-7]],[[8987,16943],[-23,-7],[7,-6],[2,-6],[-10,0]],[[8715,16937],[-1,8],[5,15],[-6,7],[6,9],[5,19],[17,15],[1,13],[-10,6],[-12,1],[-9,-3],[-3,6],[-15,1],[-9,-4]],[[8684,17030],[9,11],[5,16],[16,-5],[24,-3],[13,2],[6,9]],[[9306,17069],[-8,-8],[-5,-9],[1,-6],[10,2],[1,-16],[-4,-2]],[[9301,17030],[-11,-3],[-19,-36],[-3,-12],[-4,-2],[-4,-27],[-10,1]],[[9250,16951],[-12,0],[-16,10],[-7,10]],[[9241,16788],[13,27],[-1,7],[8,7],[-46,142]],[[9250,16951],[7,-13],[0,-4],[9,-8]],[[9388,16886],[0,-6],[9,-13],[13,-6],[7,-11],[1,-7],[-2,-14]],[[9416,16829],[-11,-10],[-6,-14],[3,-22],[0,-11],[-4,-10],[-7,-4],[-30,-12],[-21,-14],[-22,-22],[-10,-15]],[[9157,17220],[-7,7],[-7,3],[2,11],[11,9],[-18,6],[-6,-3],[-13,1],[-4,-5],[-9,5],[-2,6],[-20,-2],[-11,1]],[[9073,17259],[12,2],[11,5],[8,5],[7,19],[8,4],[6,7],[17,6],[10,7],[3,6],[-3,7],[2,7],[25,-3],[24,1],[14,5]],[[8967,16822],[12,-5],[15,-15],[10,-20],[8,-27],[-1,-17]],[[8948,16611],[-13,4],[-7,-2]],[[8928,16613],[-25,-8],[-17,-2],[-8,-4]],[[8878,16599],[-18,14],[-7,10],[-9,6],[-2,11],[-7,10],[-10,5],[-4,5],[-11,4],[-2,-4],[-19,-2]],[[8789,16658],[-6,1],[-11,8],[7,14],[-10,4],[-9,1],[-13,7],[-7,-6],[-6,4],[0,6],[-10,12],[-1,10]],[[8723,16719],[7,9],[-4,6],[7,16],[12,12],[-4,9],[7,4],[-5,7]],[[9396,17094],[4,-30],[5,-15],[9,-16],[3,-10]],[[9417,17023],[-18,-1],[0,4],[-44,3],[-17,4],[-12,-4],[-17,-3],[-8,4]],[[8987,16943],[11,2],[6,11],[10,-8],[15,-1],[3,5],[7,0],[14,-6],[0,-4],[12,-2],[8,2],[15,-23],[8,13],[21,4],[16,-2],[-3,9],[8,11]],[[9159,16531],[-3,-15],[-13,-4],[-13,-20],[4,-13],[-2,-3]],[[9132,16476],[-38,41],[-7,4],[-14,14],[-10,5],[-23,17],[-25,3]],[[9015,16560],[-12,6]],[[9417,17023],[-3,-13],[-1,-13]],[[9374,17220],[4,-11],[12,-7],[13,-11],[23,-12],[-4,-6],[-18,-12],[-4,-12],[-1,-8]],[[9224,16534],[-15,-26],[-21,-26],[-10,-23],[-7,-24],[-3,0]],[[9168,16435],[-36,41]],[[8948,17153],[18,3],[13,8],[13,11],[14,28],[4,13],[0,9],[-10,0],[-6,-6],[-7,-1],[-6,-8],[-11,0],[7,8],[8,7],[11,2],[11,13],[29,16],[5,2],[32,1]],[[10378,10270],[7,-6],[-4,-5],[10,-6],[-7,-9],[-10,0],[-5,-11],[0,-14],[-3,-14],[11,-7],[5,-19],[-1,-15],[-7,-30],[1,-17],[12,-7],[1,-6],[-13,-14],[-17,0],[-7,-11],[1,-11],[10,0],[16,-5],[0,-14],[14,1],[16,5]],[[10408,10055],[0,-5],[-11,-15],[-2,-9],[4,-6],[-13,-17],[1,-8],[-3,-20]],[[10384,9975],[-13,1],[-19,-4],[1,-8],[-5,-13],[-5,-5],[-9,-26],[-8,0]],[[10326,9920],[-10,-4],[-22,5],[-4,-31],[1,-19],[-3,-8],[-11,-7],[-10,3],[-20,-14],[-7,-15],[0,-19],[-6,-14],[7,-21],[8,-7],[11,1],[4,-19],[-4,-9],[-1,-11],[-10,-11],[-1,-10],[-8,-2],[-2,-14],[-7,-3]],[[10231,9691],[-8,-12],[-6,-18],[-9,-13],[-14,-9],[-7,-10],[0,-6],[9,-6],[0,-6],[5,-9],[8,-5],[-4,-8],[4,-18],[13,-14],[0,-6],[6,-8],[15,2]],[[10243,9545],[1,-15],[-4,-5],[-3,-10],[2,-11],[5,-14],[-13,-9],[-13,0],[-4,-25],[5,-4],[-6,-22],[8,-14],[2,-15],[-12,-24],[-17,-20],[-5,-13]],[[10189,9344],[-5,9],[-8,6],[-13,-3],[-8,3],[-11,-11],[-13,6],[-12,0]],[[10119,9354],[-6,1],[-14,-7],[-16,-16],[-6,-14],[1,-4],[-9,-11],[-6,-16],[-9,-8],[-12,0],[5,-17],[0,-5],[-12,1],[-12,-5],[-3,-14],[-7,-12],[-16,-17],[-6,-4],[-9,0],[-8,6],[-10,-11],[7,-14],[12,-18],[-5,-12],[10,-1],[7,-7],[0,-12],[-5,-5],[-11,1],[-14,-4],[-2,9],[-10,4],[-5,-6],[-8,0],[-1,-11],[-10,1],[-11,-9],[0,-6],[-14,-11],[-20,-8],[1,-6],[-23,-9],[9,-10],[0,-9],[-10,1],[-6,-3],[1,-7]],[[9856,9049],[-4,-9],[-6,0],[-14,4]],[[9832,9044],[-12,1],[-20,-12]],[[9800,9033],[-8,5],[-5,9],[-1,8],[5,6],[8,3],[9,7],[0,17],[4,6],[8,0],[13,11],[4,11],[23,23],[7,19],[1,10],[5,7],[-1,8],[6,10],[9,5],[13,26],[8,17],[7,35],[-3,2],[1,20],[-1,8],[-12,12],[-12,5],[16,30],[-1,12],[-3,13]],[[9900,9378],[6,15],[14,10],[0,20],[8,15],[3,16],[5,1],[11,20],[8,8],[10,-5],[14,-13],[14,-8],[22,-3],[9,-3],[10,-9],[8,0],[9,10],[10,4],[-1,10],[4,22],[-2,7],[3,18],[-1,7],[5,13],[-2,11],[1,6]],[[10068,9550],[4,10]],[[10072,9560],[4,7],[4,17],[4,7],[11,3],[4,11],[13,10],[5,10],[-3,6],[1,13],[-16,5],[-6,10],[7,5],[4,23],[-3,39],[-2,5],[3,12],[-1,9],[3,11],[-1,8]],[[10103,9771],[5,5],[-2,9],[11,28],[8,10],[19,41],[2,19],[6,7],[-1,12],[-4,8],[9,4],[-9,7],[-2,10],[-5,6],[9,10],[9,5],[-5,7],[0,15],[-3,19],[-6,22],[-27,5],[-26,27],[1,6]],[[10092,10053],[7,5],[6,1],[8,12],[13,6],[5,5],[9,-4],[9,1],[11,5],[12,3],[3,8],[-12,3],[-7,8],[1,7],[9,6],[-7,9]],[[10159,10128],[4,3],[-3,15],[3,4],[12,5],[5,7]],[[10180,10162],[11,0],[15,6],[9,0],[1,17],[6,1],[1,8],[5,7],[6,2],[3,11],[0,16],[9,3],[4,10],[13,2],[2,-9],[9,6],[-2,8],[12,6],[-10,9],[1,5],[10,1],[-11,12],[7,3]],[[10281,10286],[7,2],[15,-1],[8,-8],[8,5],[30,-11],[29,-3]],[[7470,15465],[1,-8],[-3,-13],[-5,-3],[-14,7],[8,14],[13,3]],[[7904,15925],[6,-6],[25,-3],[0,-7],[-33,-1],[2,8],[-5,5],[5,4]],[[7987,16337],[8,-9],[-9,-3],[-8,11],[9,1]],[[8057,16356],[16,-7],[-12,-3],[-3,-3],[-14,0],[-1,9],[10,0],[4,4]],[[8275,16580],[7,-9],[16,-9],[9,0],[14,-3],[2,-4],[-12,-3],[12,-11],[-10,-6],[-2,-6],[-11,6],[-18,-1],[-9,-6],[0,-12],[-8,-5],[-12,3],[-2,9],[3,9],[-3,9],[4,6],[-2,6],[7,8],[9,5],[6,14]],[[8588,16844],[1,-11],[-9,-4],[-2,-20],[-6,1],[-11,-5],[-8,-12],[2,-11],[-13,-8],[-14,-2],[-2,-8],[11,4],[12,-5]],[[8549,16763],[0,-11],[-12,-1],[-14,3],[-6,-20],[-8,-1],[-5,-8],[-11,-42],[3,-15],[-7,-23],[-11,-15],[-21,-12],[22,-14]],[[8479,16604],[-2,-7],[-13,-6],[-23,5],[0,-7],[-10,-11],[-23,-18],[19,-17],[-2,-24],[29,-14],[-1,-5]],[[8453,16500],[-18,4],[-10,5],[-14,2],[-12,-2],[1,-21],[5,-6],[1,-11],[-11,-2],[-5,-18],[-5,-3],[6,-12],[-16,-9],[23,-8],[-8,-28],[-37,-5],[18,-55],[-18,0],[-4,5],[-12,4],[-6,6]],[[8331,16346],[13,-2],[3,21],[-5,17],[1,16],[-7,7],[-11,3],[17,9],[-20,7],[-11,-4],[-11,-13],[-13,-2],[-16,-5],[-9,-5],[-9,-10],[-16,-11],[-24,-3],[-4,-7],[-10,-9],[-13,-2],[3,-8],[-11,-8],[-6,-12],[-24,-22],[-15,4],[-5,-11],[-8,-1],[-11,4],[-6,4],[0,8],[10,1],[13,10],[6,7],[21,-1],[16,5],[6,9],[-7,7],[10,3],[11,10],[7,1],[7,10],[9,7],[5,11],[7,3],[10,14],[1,7],[23,-7],[0,6],[-14,6],[-9,-2],[-8,7],[-14,4],[12,13],[16,-1],[13,6],[-7,18],[7,15],[5,5],[11,2],[0,-14],[-5,-3],[6,-12],[12,-6],[10,1],[7,6],[10,4],[13,-3],[10,6],[-3,7],[8,4],[0,5],[10,-1],[7,4],[17,4],[-1,8],[-8,19],[1,9],[-3,6],[5,4],[-5,25],[3,4],[-5,17],[-9,5],[-14,-2],[-4,6],[11,12],[-4,4],[-13,3],[-3,5],[-11,3],[-9,-19],[-6,-5],[-8,6],[11,6],[6,6],[1,8],[-5,9],[12,9],[17,7],[22,15],[21,19],[9,13],[4,11],[-5,7],[-7,3],[-2,14],[5,9],[5,18],[-12,19],[-16,11],[6,14],[13,4],[11,0],[23,5],[16,7],[8,10],[8,34],[17,11],[10,2],[15,7],[6,9],[24,13],[5,15],[-1,7],[40,5],[12,5],[21,0],[29,3],[28,7],[7,4]],[[8653,16945],[8,-13],[-2,-14],[2,-14],[-5,-8],[-11,-8],[-6,-14],[-6,-5],[-12,1],[-3,-4],[-13,-1],[-8,1],[-9,-3],[-6,-10],[6,-9]],[[9761,14813],[8,-3],[12,-10],[-3,-9],[-27,-7],[-10,-11],[11,-1],[78,0],[1,-5],[-6,-10],[15,-7],[12,1],[1,-7],[11,1],[6,-4],[0,-12],[11,-4],[6,2],[4,-10],[-4,-6],[-15,-11],[-3,-11],[10,-13],[8,-3],[8,-9],[-9,-6],[-1,-16],[2,-10]],[[9887,14632],[9,-27],[7,-4],[-2,-12],[9,-8],[7,3],[12,-2],[18,-13],[10,-3],[-8,-14],[-14,-10],[-10,-5],[-1,-18],[9,-10],[-2,-7],[-8,-7],[-1,-9],[-22,-4],[-5,-7],[-11,6],[-19,-5],[1,-9],[-6,-5],[7,-6],[6,-9],[18,-3],[5,-4],[14,-1],[4,-6],[-10,-4],[-1,-5],[-12,-1],[-8,-7],[2,-10],[-6,-8],[-12,1],[-22,10],[-10,-1],[-4,-11],[-10,-9],[-6,-13],[-20,-4],[1,-6]],[[9796,14365],[-9,-3],[-1,-7],[-5,-3],[-3,-11],[-14,2],[-14,-6],[-16,7],[-9,-5],[-10,3],[-13,-1],[-5,-14],[3,-8],[-4,-25]],[[9696,14294],[-12,8],[-7,8],[2,7],[-5,5],[12,14],[1,9],[-2,8],[-7,7],[-11,3]],[[9667,14363],[2,21],[5,7],[1,12],[-2,15],[-16,22],[-11,8],[-2,7],[-10,-3],[-8,4]],[[9626,14456],[3,8],[-9,15],[0,12],[2,8],[11,2],[-1,11],[2,14],[-13,11],[-18,10],[-10,1],[-2,11],[10,11],[-2,7],[4,16],[-3,8],[-13,16],[1,8],[8,8],[0,7],[-7,7],[3,12],[-2,14],[-6,12],[-7,5],[-4,12],[1,4]],[[9574,14706],[11,11],[0,6],[-13,10],[4,10],[13,1],[10,-3],[2,7],[16,9],[1,12],[15,11],[19,7],[13,-2],[1,6],[-12,10],[-10,13],[-7,1],[-5,12]],[[9632,14827],[35,1],[16,-2],[10,-7],[50,-4],[11,-7],[7,5]],[[10153,14622],[-31,0],[-8,-7],[-7,0]],[[10107,14615],[-54,38],[-13,8],[-3,9],[-14,4],[-12,7],[2,8],[8,2],[-3,7],[-20,4],[3,10],[-5,6],[3,17],[3,8],[-6,10],[6,5],[-12,6],[-7,6],[-8,2],[-12,17],[5,2],[-6,8],[4,3],[21,3]],[[9987,14805],[11,-11],[18,3],[14,-5],[24,-4],[15,-5],[18,5],[13,12],[6,3],[16,-2],[13,13],[15,2],[8,4],[15,4],[31,-11],[14,4],[5,5],[15,8],[8,-4],[0,-7],[6,-7],[10,-5],[8,3],[17,1],[-1,-7],[7,-5],[3,-6],[-7,-9],[-4,-10],[-5,-4],[4,-10],[-2,-5],[-10,-1],[-13,-13],[-9,-4],[-15,-17],[1,-10],[-4,-6],[-12,-4],[-22,-17],[-16,-3],[0,6],[-24,1],[-1,-3],[-23,1],[-15,-2],[-7,-19],[1,-8],[14,-4],[11,-1],[28,8],[4,-1],[1,-15],[-5,-15],[-13,-6]],[[10552,14413],[-2,-18],[-5,-10],[6,-14],[8,-9],[4,-16],[-6,-18],[-21,-1],[1,-8],[-4,-7],[-29,0],[0,-6],[-6,-7],[-15,5],[-5,7],[-8,-5],[-10,2],[-13,9],[-15,-2],[-12,-6],[-18,3],[-21,-8],[-16,2],[-4,-10],[-7,-7],[-17,3],[-13,-2],[-9,-5],[-5,-8],[-8,-7],[-32,-9],[-4,-7],[-15,2],[-2,-4],[-14,-9],[-11,3],[-12,-7],[-6,0],[-4,-14],[-17,3],[-10,0],[-4,-5],[2,-10],[-8,-17],[-8,-3],[-3,-11],[-12,-4],[-8,3],[-9,-3],[-11,-15],[-7,-1],[-11,-13],[10,-5],[-3,-6],[-17,-12],[-22,-11],[6,-9],[-15,-15],[-9,-4],[-6,-7],[0,-5],[-6,-6],[2,-7],[-11,-6],[-9,2],[-8,-5]],[[10008,14053],[-10,2],[-11,5],[-8,-2],[-9,3],[-7,9],[-13,9],[-5,13]],[[9945,14092],[-3,10],[1,8],[15,13],[-2,11],[2,10],[15,13],[11,0],[11,6],[4,12],[9,6],[1,5],[12,6],[17,6],[8,1],[19,24],[0,7],[16,9],[0,11],[34,8],[7,8],[10,0],[22,7],[-1,12],[9,13],[14,-2],[10,8],[5,7],[18,7],[5,10],[11,-1],[11,7],[11,-10],[18,-1],[23,22],[9,-1],[17,5],[-2,6],[4,10],[11,-1],[18,8],[18,0],[4,5],[13,-4],[5,9],[-2,5],[15,11],[0,4],[15,2],[13,11],[11,1],[4,5],[16,8],[12,2],[14,-2],[23,-11],[23,-1],[10,-5],[13,1]],[[8650,16526],[9,-1],[2,-5],[16,-1],[18,-6],[7,-5],[-1,-5],[8,-8],[-8,-11],[8,-10],[14,-9],[8,-3]],[[8731,16462],[-24,-23],[-17,-11],[-16,-6],[-2,-6],[7,-15],[9,1],[5,-5],[11,2],[10,-13],[-11,-22],[-21,-9],[-5,-8],[-2,-13],[-4,-4],[4,-7],[13,-5],[5,-10],[-1,-6],[26,-2],[3,-3],[-3,-42],[-8,-5],[-23,1],[-6,-2],[-15,4]],[[8666,16253],[-68,-7],[-5,3],[-28,1],[-23,-20],[-5,-3],[-16,-2],[-9,-5],[-17,-17],[7,-6],[-9,-7],[-10,-12],[-10,1],[-11,-2],[4,-5],[-8,-5],[-6,3],[-7,8],[0,6],[-9,5],[-11,1],[-17,5],[-15,-6]],[[8393,16189],[-6,2],[-13,-4],[-12,-11],[-14,0],[-13,9],[-4,6],[-12,0],[-3,9],[63,112]],[[8379,16312],[18,10],[13,-1],[12,6],[14,-1],[17,8],[8,8],[2,19],[-4,6],[-2,14],[5,3],[12,-1],[16,8],[18,3],[1,11],[10,7],[10,3],[-5,19],[8,21]],[[8532,16455],[-6,8],[-1,7],[7,8],[11,3],[3,4],[25,-3],[9,11],[12,1],[17,9],[5,7],[-1,8],[8,2],[6,-6],[9,-2],[9,19],[5,-5]],[[8958,16460],[-1,-7],[12,-1],[5,-4],[9,-1],[8,7],[5,7],[9,-3],[7,8],[13,7],[-10,6],[12,18],[-12,0],[-1,7],[12,1],[10,-2],[9,10],[21,8],[11,-5],[4,-8],[0,-10],[-7,-13],[4,-5],[7,-4],[14,-1],[7,-22],[-13,-2],[1,-5],[8,-6],[2,-10],[-1,-14],[1,-13],[3,-4],[-5,-12],[-6,0],[-9,-7],[0,-5],[-19,6],[-8,0],[-32,-7],[-6,3],[-17,1],[-19,-17],[-10,2],[-8,-3],[2,-7],[-7,-7],[3,-5],[-2,-8],[-14,-3]],[[8950,16330],[-5,7],[-9,-3],[-10,5],[-9,-3],[-16,3],[3,6],[9,-1],[5,11],[-10,16],[15,7],[-3,8],[1,9],[9,-1],[4,6],[8,1],[-3,9],[-12,-2],[-4,4],[3,6],[-11,4],[5,10],[6,2],[-2,14],[10,11],[11,5],[13,-4]],[[9987,14805],[-9,10],[-6,14],[-12,20],[-5,4],[-28,14],[-20,0],[0,8],[28,-1],[5,-6],[9,-4],[6,1],[13,9],[7,-1],[1,-12],[4,-7],[12,-3],[10,6],[14,1],[6,-3],[4,7],[13,11],[15,10],[3,19],[6,3],[4,14],[-5,8],[2,7],[14,4],[10,14]],[[10088,14952],[16,-2],[10,-5],[6,9],[8,2],[17,-3],[16,0],[10,-6],[14,-3],[6,7],[8,3],[11,-7],[10,0],[9,8],[17,7],[13,-1],[8,-4],[17,1],[10,-5]],[[10294,14953],[-1,-10],[-6,-53],[9,-9],[0,-7],[-9,-11],[3,-13],[8,-30],[32,-22],[11,-18],[-6,-13],[-13,-8],[-4,-9],[6,-1],[0,-9],[-14,-7],[2,-7],[10,-8],[0,-6],[-13,-14],[-7,2],[-14,-14],[-9,-4],[-2,-4],[-10,-5],[-4,-14],[-10,-7],[-7,-1],[-7,-8],[-20,-9],[-15,-12],[2,-2]],[[10206,14620],[-31,-1],[-5,5],[-17,-2]],[[9168,16435],[-7,-17]],[[9161,16418],[-3,-9],[-10,-8],[-6,-15],[-3,-14],[1,-16],[-2,-9],[-7,-17],[-8,-11],[-4,-14],[2,-12]],[[9121,16293],[-6,-4],[-22,-5],[-8,-9],[-14,1],[-5,-5],[-12,-5],[-23,2],[-4,4],[-19,1]],[[9008,16273],[-13,5],[-3,5],[-17,2],[-31,-9],[-11,6]],[[8933,16282],[-2,11],[5,4],[2,12],[7,10],[7,4],[-2,7]],[[8958,16460],[5,7],[-1,12],[-4,1],[-11,-8],[-12,-6]],[[8935,16466],[-7,0],[3,28],[15,2],[9,13],[2,15],[-3,14]],[[8954,16538],[29,-1],[8,4],[2,5],[20,7],[2,7]],[[10010,12752],[-5,6],[-10,3],[3,6],[14,2],[5,4],[3,10],[-4,5],[7,7],[12,18],[4,9],[12,6],[6,10],[12,2],[7,16],[6,-1],[10,8],[-4,11],[-14,7],[-3,11],[2,12],[8,7],[2,8],[-4,7],[-10,2],[-2,8],[-13,7],[-23,4],[-17,9],[-9,16],[-2,9],[5,3],[-6,11],[-2,9],[11,20],[28,4],[8,-4],[16,16],[33,1],[7,5],[4,7],[23,3],[5,6],[20,11],[14,1],[12,-3],[9,0],[10,-3],[25,9],[-2,13],[-8,13],[-18,-2],[-6,9],[15,3],[3,13],[11,6],[6,-2],[4,9],[13,11],[4,6],[9,-1],[15,23],[10,1],[10,-3],[13,1],[19,-1],[7,-12],[5,5],[13,-4],[3,5],[17,1],[13,13],[7,3],[13,0],[1,4],[10,5],[15,18],[12,0],[3,6],[14,11],[75,0]],[[10531,13231],[0,-24],[-4,-7],[-3,-19],[-9,-5],[5,-16],[0,-10],[-9,-35],[-4,-11],[-1,-22],[-2,-4]],[[9517,15230],[-12,-14],[-5,-12],[-13,3],[-14,-4],[-17,7],[-9,2],[-6,-3],[-24,7]],[[9417,15216],[-2,14],[-13,12],[-24,2],[-6,2],[-2,11],[9,7],[6,0],[9,7],[2,15],[10,26],[14,10],[17,15],[25,8],[11,5],[7,9]],[[9480,15359],[0,-5],[7,-15],[5,2],[13,-6],[11,10],[37,-2],[-5,-9],[2,-12],[10,-11],[-17,-4],[-9,-18],[-9,-8],[2,-8],[-10,-6],[1,-6],[-12,-13],[8,-8],[3,-10]],[[9100,15785],[6,-5],[14,-3],[19,-10],[7,3],[10,-4],[16,2],[15,-1],[7,-9],[13,3],[12,0],[11,-9],[9,1],[77,-1],[13,1]],[[9329,15753],[7,-8],[11,-22],[7,-25],[-3,-24],[-9,-11],[-20,-15],[-13,-7],[-2,-10],[14,-10],[12,-11],[13,-22]],[[9346,15588],[1,-13],[-17,-20],[-13,-10],[-10,-5],[-3,-10],[5,-10],[6,-6]],[[9315,15514],[-39,-16],[-11,1],[-5,-5],[-12,-5],[-3,-9],[-8,-9],[-15,-1],[-7,-4],[-10,8],[-15,-4],[-14,-7],[-5,-8],[-14,1],[-5,-3]],[[9152,15453],[-3,4],[3,9],[9,9],[4,9],[21,6],[5,0],[9,5],[-17,9],[-14,0],[-6,8],[-14,4],[-6,4],[-9,0],[-13,-12],[-19,-3]],[[9102,15505],[-13,1],[-16,12],[-14,2],[-6,-1],[-24,11],[-5,7],[-5,-4],[-15,9],[-4,8]],[[9000,15550],[11,26],[-2,15],[10,9],[1,8],[11,4]],[[9031,15612],[10,3],[9,12],[3,10],[9,9],[-9,10],[-1,7],[7,3],[3,9],[9,5],[1,15],[5,9],[18,7],[8,13],[-6,8],[-13,3],[-5,6],[5,8],[13,10],[-8,4],[-6,10],[-8,6],[12,4],[13,2]],[[8588,16844],[10,-6],[12,11],[4,-8],[16,-9],[-5,-6],[11,-9],[6,-2],[7,5],[6,-13],[-1,-13],[-3,-9],[4,-8],[6,-1],[6,6],[11,0],[11,-8],[14,-3],[4,12],[9,-4],[14,-1],[-20,-26],[-5,-13],[5,-9],[9,-2],[-4,-8]],[[8715,16720],[-17,9],[1,9],[-12,3],[-5,5],[-8,-8],[-8,-3],[-17,0],[-16,4]],[[8633,16739],[-5,1],[1,13],[-5,1],[-2,-11],[-6,-4],[-8,4],[-19,-3],[-6,12],[-9,3],[-10,0],[-15,8]],[[9031,15612],[-4,2],[-16,-1],[-16,12],[-4,0],[-19,-8],[-17,3],[-11,-3],[-10,6],[0,8],[-24,18],[-1,5],[-10,1],[-11,9],[-18,7],[-1,17],[-6,3],[-22,3],[-12,6],[1,5],[-8,3],[-13,-12],[-5,-1],[-6,11],[5,5],[-8,10],[28,17],[3,7],[-20,-8],[-12,8],[-8,0],[-10,6],[-11,1],[-8,-2],[-18,1],[-11,4],[-13,7],[-9,-1],[-21,11],[-2,9],[3,8],[-14,1],[-27,-17],[-1,-14],[-19,-6],[-3,-9],[-14,-29],[0,-3]],[[8608,15712],[-9,3],[5,13],[-10,3],[-9,12],[-23,3],[-1,-18],[-15,-2]],[[8546,15726],[-3,20],[-10,5],[3,7],[7,0],[0,11],[5,10],[-9,1],[9,15],[1,12],[-8,4],[7,8],[-7,5],[7,12],[6,0],[5,14],[5,-1],[4,16],[14,25],[2,14],[3,2],[10,28],[-7,11],[3,7]],[[8593,15952],[10,19],[-5,3],[5,12],[12,11],[3,11]],[[8618,16008],[5,2],[16,-1],[13,-8],[23,-2],[7,-3],[10,2],[4,5],[10,-4],[12,-2],[3,-7],[8,1],[5,-27],[-5,-6],[-3,-15],[-7,-16],[17,-11],[1,-9],[-4,-6],[12,-3],[9,4],[22,0],[16,-1],[9,-9],[8,4],[7,9],[7,0],[9,-5],[14,-2],[7,-3],[5,-8],[10,-2],[13,-6],[10,0],[8,-6],[12,1],[16,6],[12,-1],[3,8],[20,0],[4,7],[15,9],[4,-4],[13,-5],[8,6],[12,4],[17,-9],[15,-6],[2,-9],[6,-7],[13,6],[17,4],[17,-3],[8,2]],[[9113,15882],[-7,-10],[10,-10],[-18,-8],[-1,-13],[-4,-5],[6,-16],[11,-6],[-1,-14],[-9,-15]],[[9121,16293],[12,-17],[13,-6],[16,-2],[25,1],[29,-13],[20,-5],[27,-15],[20,-22]],[[9283,16214],[6,-15],[5,-6],[20,-13],[16,-17]],[[9330,16163],[3,-7],[-16,-20],[-19,-15],[-9,-11],[-24,-11],[-10,0],[-10,-4],[-13,-12]],[[9232,16083],[-12,0],[-4,12],[-4,4],[-5,12],[-10,6],[-6,-2],[-12,6],[-18,1],[-6,-9],[-14,-2],[-17,1],[-11,-4],[-3,-10],[-10,1],[-10,-8],[-12,14],[-7,2],[-24,13],[-10,-9],[-13,0],[-11,9],[10,8],[9,19],[2,8],[-10,5],[-15,1],[-5,11],[-5,2],[-8,-7],[-8,0],[-8,6],[-7,0],[-1,14],[7,11],[-4,3],[5,14],[7,5],[0,8],[4,12],[24,27],[-2,6]],[[10421,14994],[14,12],[13,2],[10,-4],[17,-9],[30,-8],[20,4],[8,-4],[15,-13],[16,-6],[7,-15],[-2,-13]],[[10569,14940],[-2,-16],[-6,-12],[4,-18],[5,-10],[13,-13],[10,-7],[42,-39]],[[10635,14825],[-8,-2],[-2,-8],[-9,-6],[-6,0],[-15,-4],[-11,-13],[-22,-15],[3,-6],[-2,-9],[11,-4],[6,-7],[2,-10],[-2,-5],[-11,-2],[-1,-7],[3,-7],[9,-6],[3,-5],[-4,-5],[-7,1],[-14,-7]],[[10558,14698],[-16,17],[-5,1],[-5,-13],[-10,4],[-9,1],[-9,-5],[-10,1],[-4,5],[-9,4],[2,14],[-9,1],[-1,18],[-7,18],[-1,9],[-8,9],[-7,-2],[-3,11],[-10,8],[4,7],[-5,8],[2,8],[10,-6],[2,14],[7,13],[-8,7],[-11,0],[-8,6],[-10,13],[0,12],[4,8],[11,4],[-4,13],[-6,3],[4,7],[-4,6],[4,6],[-16,4],[-6,8],[1,11],[7,5],[-6,5],[5,9],[1,14],[6,10]],[[10088,14952],[-2,1]],[[10086,14953],[6,11],[10,7],[7,10],[17,7],[5,10],[12,0],[7,6],[14,-5],[9,6],[6,-3],[15,-2],[18,7],[-1,8],[10,1],[23,-14],[4,14],[8,17]],[[10256,15033],[11,-4],[13,10],[11,3],[7,-5],[14,-4],[15,6],[6,19],[10,5],[2,-9],[8,-11],[13,-2],[9,7],[10,-1],[8,-11],[18,-11],[-6,-3],[-15,2],[-6,-9],[4,-8],[17,0],[16,-13]],[[10421,14994],[-8,-4],[-17,-2],[-9,-5],[-4,-6],[0,-12],[-4,-6],[-15,2],[-7,6],[-21,-5],[-11,-3],[-31,-6]],[[10037,15003],[-4,-6],[-12,-7],[-3,-9]],[[10018,14981],[-9,-5],[-11,0],[-20,6],[-3,7],[-29,-8],[-5,2],[-9,-4],[-12,4],[-7,-2],[-10,1],[-13,-8],[-8,2],[-4,19],[-16,1],[1,4],[-16,15],[-13,4],[-13,7],[-11,-3]],[[9810,15023],[18,10],[41,-1],[50,-10],[20,-13],[3,-8],[19,-8],[23,1],[2,4],[10,1],[8,-5],[19,0],[14,9]],[[9632,14827],[-28,5],[5,8],[4,23],[-14,3],[-3,18],[-6,7],[2,9],[-5,2],[-14,19],[3,14],[-22,-2],[0,10],[-11,17],[-4,13],[-4,3],[-2,10],[-18,14],[-11,1],[-13,9],[1,8],[-13,2],[-8,5],[-8,-2],[-19,-2],[-15,3],[-14,6],[-14,0],[-8,11],[-6,3],[0,12],[-11,7],[-21,-8],[-6,0]],[[9349,15055],[-11,1],[-2,9],[-38,5],[-4,5],[-8,2],[-8,6],[0,12],[-5,7],[4,7],[-12,10],[0,7],[-7,8]],[[9258,15134],[-3,3],[-1,14],[-9,10],[-6,2],[-9,18],[-9,3],[-4,6],[-9,4],[-13,-2],[-17,6],[-5,12],[6,22],[-6,4],[-2,9]],[[9171,15245],[-2,5],[6,12],[-7,28],[-9,6],[-15,1],[-4,10],[10,10],[-3,12],[-6,5],[-1,9],[-13,1],[-2,13],[7,6],[6,22],[-14,7],[-8,9],[-2,6],[12,4],[2,9],[5,2],[8,12],[2,8],[9,11]],[[9315,15514],[13,11],[17,11],[19,3],[12,-4],[8,-5],[10,-12],[4,-7],[0,-15]],[[9398,15496],[-6,-11],[-13,-16],[-4,-7],[1,-12],[16,-22],[20,-12],[19,-6],[37,-16],[9,-13],[3,-22]],[[9417,15216],[-6,-12],[0,-26],[-2,-13],[2,-9],[14,-15],[31,-29],[12,-17],[6,-6],[27,-13],[24,-21],[9,-9],[5,-12],[7,2],[7,7],[16,-2],[8,-6]],[[9577,15035],[15,-20],[22,-4],[14,1],[18,-4],[20,1],[6,-2],[5,-13],[2,-19],[10,-13],[34,-18],[12,-12],[4,-10],[12,-17],[3,-19],[13,-7],[0,-7],[-16,-10],[2,-6],[8,-11],[11,-11],[-2,-4],[-16,-2],[2,-13],[5,-2]],[[8731,16462],[13,12],[10,3],[8,-3],[15,14],[5,-1],[1,-13],[9,-8],[8,5],[15,1]],[[8815,16472],[14,2],[11,7],[11,-5],[13,-9],[6,0],[4,-10],[4,-3],[18,3],[9,-2],[15,4],[15,7]],[[8933,16282],[-13,-16],[-13,-9],[-14,5],[-4,10],[-4,4],[-18,-5],[-7,-14],[-9,-11],[-9,1],[0,-11],[-17,-11],[-7,7],[-10,4],[-5,-4],[7,-11],[-5,-12],[-8,-5],[-8,-13],[-12,-3],[-5,3]],[[8772,16191],[-14,5],[-6,5],[-12,6],[10,20],[-1,9],[-17,-3],[-4,-8],[-9,-2],[-18,2],[-13,8],[-17,4],[-5,8],[0,8]],[[10037,15003],[0,4],[-11,1],[-11,-7],[-10,9],[0,12],[9,11],[0,7],[9,6],[1,5],[11,8],[-5,9],[-7,5],[-10,2],[-5,6],[0,12],[-7,5],[-19,8],[-5,-1],[-8,15],[-3,13],[-9,8],[-1,8],[7,8],[-6,8],[7,3],[11,-1],[5,-9],[7,3],[-7,7],[0,6],[11,12],[-7,14],[7,13]],[[9991,15213],[-2,-17],[4,-3],[17,-2],[23,14],[18,-3],[6,-3],[12,-11],[5,-8],[22,-15],[-9,-4],[-3,-8],[7,-3],[12,-1],[7,-7],[9,-14],[18,-9],[18,-7]],[[10155,15112],[-3,-11],[9,-5],[12,-1],[7,-3],[-1,-14],[9,-2],[19,9],[12,-12],[14,-5],[-8,-7],[-18,0],[-7,-5],[2,-8],[13,-4],[9,2],[7,11],[9,2],[11,-21],[5,-5]],[[10086,14953],[-8,3],[-2,-6],[-14,1],[-5,8],[-8,-2],[-20,11],[-3,12],[-8,1]],[[8772,16191],[-12,-10],[3,-6],[-11,-12],[8,-5],[6,-8],[1,-9],[-11,-16],[-10,-3],[-3,-6],[-1,-10],[-6,-3],[-1,-10],[-16,-19],[-2,-15],[15,-4],[-6,-13],[6,-9]],[[8732,16033],[-15,-1],[-11,-6],[-5,8],[-6,-6],[-13,0],[-7,-4],[-29,0],[-13,-8],[-7,0],[-8,-8]],[[8593,15952],[-19,12],[-8,0],[-4,8],[-5,0],[-15,4],[-3,12],[-5,2],[-5,9],[-8,5],[-2,8],[-21,4],[-11,1],[-2,6],[28,0],[0,4],[-31,-1],[-16,4],[3,14],[-17,6],[-14,-17],[1,-7],[-17,-2],[-4,7],[5,8],[-2,5],[-13,9],[4,6],[-6,14],[6,7],[3,10],[6,5],[3,8],[-7,8],[0,4],[-10,2],[-4,6],[4,5],[0,11],[9,11],[-19,5],[3,6],[8,7],[-15,18],[0,3]],[[9565,13914],[7,21],[-9,38],[-13,6],[-3,5],[-11,9],[-4,9],[5,4],[-3,6],[-12,1],[-5,5],[-1,11],[-11,8],[-1,8],[-15,14],[-8,9],[-1,9],[-6,6],[-1,9],[9,18],[14,-1],[3,5],[-7,7],[3,6],[9,8],[15,4],[14,-1],[24,14],[10,4],[10,7],[8,-1],[9,6],[12,1],[8,-3],[3,8],[13,0],[0,4],[13,1],[9,-8],[16,-3],[7,-4],[10,8],[1,19],[4,3],[15,4],[12,11],[-4,7],[0,12],[-23,12],[-6,6],[4,9],[-1,5],[7,9],[-2,11],[4,8],[0,6]],[[9796,14365],[-2,-13],[3,-11],[-7,-9],[5,-15],[12,-18],[12,-6],[0,-6],[-6,-22],[6,-6],[18,-11],[4,-9],[11,-3],[11,1],[12,-2],[10,2],[6,-12],[8,-7],[22,0],[6,-2],[4,-13],[0,-12]],[[9931,14191],[-2,-4],[-16,-8],[-17,-1],[2,-12],[-6,-15],[0,-15],[3,-8],[-7,-9],[2,-5],[14,-9],[10,-3],[20,-9],[11,-1]],[[10008,14053],[2,-17],[6,-7],[7,-4],[-2,-8],[4,-13],[15,-8]],[[10040,13996],[-9,-27],[-8,-6],[2,-6],[-7,-9],[2,-7],[-10,-13],[-10,-2],[-10,-12],[10,-10],[5,-1],[9,-10],[6,-14],[10,-1],[6,-20],[4,-4],[6,-17],[0,-17],[-4,-7],[-22,-15],[-13,-6],[-17,-5],[-3,6],[-14,3],[-6,0],[-4,-8],[-15,1],[-3,-4],[2,-14],[-21,-9],[-4,-10],[1,-9],[13,-5],[-8,-18],[-10,-6],[-25,-23],[17,-8],[-3,-10],[-6,-10],[-20,-18],[-13,-2],[-29,0],[-27,9],[-12,2],[-17,-19],[-2,-12],[4,-6],[1,-8],[-4,-8],[2,-11],[4,-4],[-1,-9],[-5,-10],[1,-8],[-5,-4],[-3,-22],[3,-6],[7,0],[5,-7],[-6,-11],[-11,-5],[0,-7],[-8,-15],[1,-10],[6,-3],[-2,-17],[-9,-8],[-9,-4],[7,-9],[4,-12],[1,-18],[-10,-5],[3,-7],[-8,-11],[-12,-7],[-9,-3],[-7,-13],[8,-2],[2,-11],[-1,-7],[4,-11],[0,-17],[-4,-13],[-19,-6],[-2,12],[-7,3],[-8,-2],[-10,10],[-3,-7],[-10,-8],[-13,1],[1,-11],[-5,-8],[-8,2],[-1,-8],[-19,-7],[4,-9],[-2,-12],[5,-3],[1,-7]],[[9517,15230],[5,0],[4,10],[10,0],[12,-8],[5,7],[12,-4],[14,11],[9,-1],[2,7],[13,6],[2,-7],[14,-2],[8,4],[6,10],[-8,2],[3,9],[10,3],[5,5],[16,5],[19,0]],[[9678,15287],[8,1],[14,-10],[8,1],[16,11],[13,6],[20,19],[11,5],[21,-3],[11,6],[12,-3],[-1,-10],[9,-20],[10,-10]],[[9830,15280],[16,-22],[9,-4],[10,2]],[[9865,15256],[9,-4],[14,-4],[9,-14],[11,-3],[7,-7],[-4,-6],[-3,-12],[2,-7],[7,-3],[1,-12],[-23,6],[-4,-10],[-9,5],[-5,0],[-1,-10],[5,-6],[-5,-6],[-8,4],[-9,13],[-6,-1],[-6,-9],[-15,2],[-11,-17],[-15,-8],[-6,-12],[1,-11],[-21,-18],[-10,6],[-9,-1],[-6,-7],[-9,-3]],[[9746,15101],[-11,-10],[1,-6],[-10,-1],[-3,-4],[4,-11],[8,-10],[-16,-11],[-8,9],[-7,-2],[1,-6],[-10,0],[-19,8],[-10,-6],[-11,13],[-8,-2],[-8,-7],[-7,4],[-14,-6],[-6,7],[-9,-7],[6,-7],[10,-5],[-14,-9],[-14,8],[-14,-5]],[[10552,14413],[10,0],[12,-10],[7,4],[16,-5],[9,-12],[-16,-15],[15,-6],[19,2],[12,-8],[9,-12],[7,-7],[29,17],[20,-2],[3,-8],[-4,-5],[2,-12],[25,4]],[[10727,14338],[1,-18],[-2,-12],[2,-22],[-6,-11],[-5,-14],[1,-12],[13,-9],[-1,-5],[-16,-13],[1,-14],[11,-19],[-1,-6],[-12,-7],[-6,-15],[0,-11],[-13,-16],[-7,-20],[6,-12],[-2,-11],[4,-11],[4,-18],[-1,-9]],[[10698,14053],[-5,-11]],[[10693,14042],[-7,-9],[-8,-3],[-21,-2],[-6,-3],[-8,-13],[-15,-15],[-9,-3],[-22,-16],[-13,-6],[-7,-5],[-6,-10],[-2,-7]],[[10569,13950],[-4,10],[-9,3],[-2,9],[-5,7],[10,8],[-1,7],[-9,12],[2,7],[-28,3],[-3,8],[-8,4],[-7,-2],[-11,17],[-7,-1],[-17,6],[-6,5],[-17,6],[1,12],[-6,5],[-11,0],[-21,-5],[-14,3],[-6,-3],[-9,1],[-8,7],[-14,-2]],[[10359,14077],[-6,3],[-6,-3],[-21,-17],[-10,0],[-5,-5],[-15,3],[-9,4],[-12,-3],[-7,4],[-7,-5],[-12,-4],[-2,-6],[-10,-3],[-11,-13],[-9,-1],[-16,-9],[-17,-6],[-25,-16],[-23,-3],[-18,5],[-11,-2],[-2,5],[-10,-4],[-14,-1],[-9,3],[-14,-3],[-2,-2],[-16,-2]],[[10045,14312],[12,4],[5,9],[9,6],[-3,9],[2,10],[9,12],[-2,4],[-16,0],[-8,5],[-7,1],[1,9],[7,3],[5,6],[15,6],[18,14],[20,9],[2,12],[4,6],[7,0],[13,9],[1,7],[10,1],[10,9],[6,-3],[14,8],[3,14],[-7,2],[0,14],[-6,3],[3,11],[4,2],[-9,13],[13,7],[2,11],[-2,5],[8,12]],[[10188,14562],[33,17],[18,1],[7,-5],[18,-4],[10,-7],[6,7],[62,-3],[6,-3],[10,0],[12,-8],[17,0],[7,-4],[-2,-12],[19,-13],[18,-8],[-3,-6],[-16,1],[-6,-6],[20,-15],[-5,-11],[-8,-5],[-13,-4],[-13,-10],[-7,-12],[-13,-5],[-21,-24],[-9,-3],[-9,-7],[-8,-2],[-1,-13],[-10,-12],[-22,11],[-11,9],[-10,-14],[-24,4],[4,-17],[-17,-9],[-5,3],[-13,-5],[-15,-10],[-2,-6],[-14,-15],[-19,-9],[-12,-7],[-10,-9],[6,-8],[-4,-3],[-12,3],[-8,4],[-8,1],[-4,-5],[-11,-1],[-10,-5],[-11,-1],[-6,-3],[-19,5],[-5,5],[0,8]],[[9746,15101],[6,-3],[-3,-13],[24,1],[9,-6],[8,-8],[2,-11],[12,-15],[-3,-5],[7,-5],[2,-13]],[[10107,14615],[-77,4],[-109,-1],[-14,10],[-15,-1],[-5,5]],[[10635,14825],[14,-4],[8,-11],[8,-4],[2,-19],[3,-13],[-3,-18],[0,-8],[7,-18]],[[10674,14730],[-7,-9],[-17,-8],[-6,-5],[-6,-14],[6,-10],[4,-14],[-2,-8],[-8,-13],[-6,-20]],[[10632,14629],[-8,-2],[-1,-25],[-5,-10],[0,-10],[-20,-6],[-4,9],[4,6],[-7,17],[-14,6],[-1,-13],[-13,-6],[-2,8],[3,12],[-5,11],[-8,0],[-31,-4],[2,-13],[-14,3],[-2,8],[-16,2],[-16,-4],[-14,2],[-10,11]],[[10450,14631],[23,17],[3,10],[-6,7],[3,11],[12,-6],[4,-8],[7,1],[7,-4],[43,27],[16,-3],[-4,15]],[[9931,14191],[11,37],[7,0],[27,11],[22,22],[2,7],[18,9],[2,4],[-7,11],[21,4],[7,14],[4,2]],[[10188,14562],[3,12],[5,5],[3,10],[12,13],[-4,9],[-1,9]],[[10206,14620],[24,-18],[7,6],[11,-1],[21,-4],[4,6],[10,4],[2,6],[-3,6],[8,6],[14,0],[5,-2],[10,3],[20,-10],[13,0],[16,4],[9,0],[17,15],[5,1],[9,-14],[9,-7],[7,8],[8,-3],[10,-8],[8,13]],[[10632,14629],[1,-12],[5,-23],[2,-6],[22,-20],[5,-21],[16,-27],[11,-9],[-5,-11],[0,-20],[-2,-22],[7,-16],[13,-15],[13,-9],[11,-12],[0,-19]],[[10731,14387],[-4,-8],[2,-14],[-2,-27]],[[8954,16538],[-4,3],[-11,-12],[-4,2],[3,8],[-37,0],[0,34],[11,5],[10,11],[3,6],[6,2],[-3,16]],[[8878,16599],[-15,-5],[-6,-6],[-5,-24],[-5,-7],[2,-23],[-2,-17],[-15,-23],[-17,-22]],[[8650,16526],[15,7],[5,17],[1,9]],[[8671,16559],[8,4],[12,12],[0,6],[10,-3],[4,3],[14,4],[5,9],[-10,4],[-3,14],[1,13],[10,12],[10,1],[29,10],[5,-5],[6,8],[13,2],[4,5]],[[9865,15256],[10,6],[32,13],[15,2],[10,-3],[18,-13],[38,-17]],[[9988,15244],[6,-3],[6,-11],[-9,-17]],[[8732,16033],[7,8],[16,7],[6,10],[46,-10],[7,-7],[5,0],[7,6],[13,8],[19,-3],[11,-4],[8,1],[12,-13],[7,3],[7,-5],[2,-15],[9,-8],[7,3],[7,-3],[10,2],[12,-4],[13,6],[17,6],[-2,-11],[-4,-6],[14,-5],[11,-2],[8,3],[8,-5],[22,0],[8,-3],[11,2],[12,-5],[11,12],[23,0],[11,-9],[7,4],[8,-4]],[[9128,15992],[-4,-2],[-10,-18],[15,-4],[11,-11],[-12,-17],[3,-4],[12,-5],[4,2],[9,-16],[-19,-12],[-2,-3],[-23,-12],[1,-8]],[[9275,14104],[-4,24],[11,11],[11,-6],[10,6],[7,13],[10,2],[0,10],[-12,5],[-4,11],[1,8],[18,-5],[19,10]],[[9342,14193],[13,1],[3,8],[6,10],[22,5],[8,-7],[10,6],[0,-11],[5,-6],[9,4],[-2,11],[4,5],[14,4],[13,-7],[13,-1],[10,-6],[6,0],[18,4],[8,-7],[3,-11],[8,-1],[5,8],[-3,14],[5,17],[22,15],[4,6],[18,17],[-3,13],[4,4],[5,16],[-7,11],[12,24],[13,-3],[6,-6],[5,-12],[4,-3],[12,0],[15,5],[7,0],[3,16],[6,11],[10,5],[11,11]],[[9232,16083],[-14,-9],[0,-12],[4,-13],[-2,-13],[-6,-6],[-6,-11],[-2,-17]],[[9206,16002],[1,-12],[-3,-4],[-25,1],[-14,-4],[-5,2],[-12,-1],[-3,4],[-17,4]],[[9910,13279],[17,-1],[12,-9],[17,0],[4,-4],[14,-8],[11,7],[15,6],[6,6],[10,4],[15,12],[4,6],[14,5],[3,7],[18,9],[2,4],[23,16],[14,-1],[2,12],[11,10],[0,5],[16,2],[12,7],[9,0],[15,8],[12,11]],[[10186,13393],[6,7],[8,3],[8,10],[5,13],[-4,15],[8,6],[5,13],[-5,9],[7,4],[22,6],[12,6],[4,-2],[21,12],[15,5],[7,-4],[13,9],[5,0],[30,12],[9,-2],[5,5],[11,-6],[15,0],[8,5],[4,-7],[17,1],[6,-3],[19,11],[5,-7],[9,-2],[3,-7],[13,3],[-9,6],[-11,12],[-11,0],[-7,8],[5,13],[13,-8],[8,0],[12,-4],[11,1],[12,7],[7,-2],[24,1],[-1,5],[10,5],[13,0],[2,13],[33,-21],[20,-9],[2,-6],[15,-2],[9,4],[5,-3]],[[10639,13528],[9,-25],[14,-15],[1,-7],[-8,-7],[-12,3],[-8,-5],[0,-7],[10,-14],[1,-9],[-6,-7],[-17,-6],[-3,-4],[2,-9],[-3,-20],[-13,-9],[-3,-7],[-6,-23],[-4,-8],[-6,-2],[-15,1],[-6,-11],[-11,-7],[-2,-11],[-14,-5],[-19,-3],[-8,-3],[-5,-7],[-4,-12],[0,-11],[7,-5],[4,-7],[-1,-9],[9,-8],[1,-6],[8,-12]],[[8723,16719],[-8,1]],[[8653,16945],[16,7],[9,7],[2,16],[11,8],[-3,22],[-5,2],[1,23]],[[8633,16739],[9,-10],[8,-19],[-6,-5],[4,-17],[6,-5],[-8,-14],[0,-14],[-14,-4],[3,-7],[-2,-5],[-26,-8],[-11,-14]],[[8596,16617],[-9,2],[-23,10],[0,-7],[-12,-8],[-19,-1],[-9,-5],[-23,-5],[-22,1]],[[10359,14077],[-5,-8],[-10,-6],[-7,-9],[5,-10],[7,-7],[0,-5],[-10,-8],[2,-15],[-17,-11],[0,-6],[7,-9],[-2,-8],[16,-3],[11,-9],[30,2],[2,-9],[-7,-4],[3,-8],[8,0],[4,-5],[9,-3],[-2,-9],[16,-10],[-5,-4],[-8,0],[-6,-7],[0,-25],[3,-5],[-4,-14],[5,-32],[-4,-15],[-11,-16],[-3,-15],[-6,-9],[-4,1],[-15,-10],[-9,-10],[-14,-4],[-8,-5],[-4,-6],[1,-10],[-7,-21],[-17,-13],[-4,-5],[-10,-4],[-7,0],[-10,-5],[-7,-8],[-29,-5],[-27,2],[-2,-5],[1,-21],[-3,-17],[5,-8],[-11,-5],[-9,1],[-4,-12],[-9,1],[-9,-5],[-1,-5],[-14,-11],[14,1],[11,-4],[7,0],[18,5],[16,-2],[4,-2],[-15,-9],[-3,-14],[-12,-4],[-10,-1],[-6,-5],[-13,-4],[-8,2],[-20,-6],[-29,-2],[-7,-10],[-3,-12],[-4,-1],[-6,-14],[-1,-13],[-5,-6],[8,-18],[-4,-5],[-11,-9],[2,-9],[7,-7],[-2,-14],[7,-5],[-2,-6],[6,-4],[25,9],[7,1],[9,5],[29,-2],[19,-11],[5,-16]],[[10569,13950],[1,-12],[-5,-22],[1,-12],[-3,-5],[4,-34],[4,-14],[6,-6],[30,-24],[5,-6],[6,-15],[-4,-5],[2,-17],[-4,-10],[2,-21],[17,-23],[-1,-10],[3,-9],[-3,-25],[2,-6],[13,-13],[6,-20],[10,-15],[1,-8],[-27,-32],[-13,-5],[-5,-8],[1,-5],[14,-9],[13,-15],[-6,-16]],[[9398,15496],[4,-5],[9,-5],[12,0],[11,3],[18,8],[10,-9],[24,-6],[12,-25],[12,-9]],[[9510,15448],[9,-2],[26,-3],[12,-6],[7,-8],[3,-7],[-3,-22],[19,-14],[12,-6],[24,-5],[11,-5],[3,-5],[4,-19],[7,-6],[9,-13],[19,-15],[4,-10]],[[9676,15302],[2,-15]],[[8596,16617],[12,-4],[1,-5],[13,-7],[3,-10],[5,-1],[25,-32],[12,4],[4,-3]],[[8532,16455],[-10,6],[-9,1],[-19,9],[-1,14],[-16,7],[-13,-6],[-11,14]],[[8379,16312],[-102,-67]],[[8277,16245],[-10,34],[1,10],[6,2],[10,-4],[6,0],[10,12],[1,8],[12,6],[5,10],[13,6],[-2,6],[-7,1],[-7,10],[9,14],[7,-14]],[[9206,16002],[2,-9],[10,-18],[12,-4],[6,-7],[6,-13],[7,-7],[14,-12]],[[9263,15932],[25,-20],[7,-3],[1,-6],[10,-18],[3,-9],[-14,-31],[1,-3],[11,-9],[10,-15],[15,-12],[1,-7],[-7,-8],[-12,-3],[-5,-9],[2,-9],[18,-17]],[[11276,11136],[12,-9],[7,5]],[[11295,11132],[7,3],[20,-15]],[[11322,11120],[3,-7],[0,-12],[-5,-11]],[[11320,11090],[-15,0],[-1,-15],[-5,-5],[-14,-2],[-8,3],[-4,-9],[-19,-24],[7,-3],[3,-7],[-5,-8],[-10,-9]],[[11249,11011],[-6,-1],[-11,-7],[-28,-12],[-11,-2],[-17,-7]],[[11176,10982],[-21,3],[-9,6],[-4,7],[-9,8]],[[11133,11006],[14,11],[6,8]],[[11153,11025],[16,9],[6,11],[12,7],[-7,6],[-3,8],[-14,8],[4,12],[-6,16],[6,8]],[[11167,11110],[14,7]],[[11181,11117],[16,-9],[12,-2],[9,4],[7,-3],[24,1],[7,15],[14,5],[6,8]],[[11245,10489],[11,-12],[0,-10],[8,-14],[9,-6],[-11,-8],[-3,-10],[-1,-12],[-5,-7],[-13,-5],[-10,-13]],[[11230,10392],[-11,-3],[-5,-6],[-13,2],[-7,-5],[-3,-8],[-6,-6],[-8,1],[-19,-3],[-12,3]],[[11146,10367],[-2,1]],[[11144,10368],[2,13],[6,12],[7,6],[7,12],[25,14],[11,17],[7,9],[7,20],[5,1],[1,8],[5,3],[1,8]],[[11228,10491],[17,-2]],[[12119,11182],[7,-9],[-6,-8],[-9,-5],[-15,-14],[-1,-9],[-10,-12],[-7,-4],[-1,-7],[26,-7],[15,-1],[11,3],[9,-4],[13,3],[8,-15],[20,-11],[9,3],[8,-21],[1,-14],[-2,-9],[-25,-7],[-9,-5],[5,-12],[12,-15],[5,-8],[18,-11],[-20,-15]],[[12181,10968],[-2,9],[-14,8],[-9,-7],[-10,-5],[-14,5],[-6,14],[1,25],[-7,6],[-19,3],[-2,-8],[-13,-11],[-8,0],[-9,-4],[-10,-12],[-21,-10],[-16,-13],[-8,-14],[-7,-9],[-2,-6],[1,-16],[-10,-3],[-13,-15],[4,-3]],[[11987,10902],[-13,-9],[-27,-7],[-6,-12],[-5,-2],[-8,-11],[-15,-1],[1,13],[-12,6],[-10,6],[-5,-10],[8,-4],[-13,-22],[3,-17],[-7,-6],[-9,-13],[-1,-6],[11,-8],[0,-7],[-4,-10],[-3,-14],[-17,-16],[-11,-20],[-6,-5],[-1,-9],[-7,-9],[-12,-4]],[[11818,10705],[3,10],[-13,-3],[-7,3],[-10,-4],[-17,-9],[-7,-6],[-9,0],[-15,14],[-22,7]],[[11721,10717],[6,14],[14,21],[-3,14],[-19,5],[-16,18],[-7,11],[1,14],[-16,9],[-3,5]],[[11678,10828],[-6,9],[8,6],[-6,17],[-2,15],[4,7]],[[11676,10882],[13,12],[5,0],[18,16],[9,2],[1,14],[9,18],[9,5],[5,11],[0,7],[7,8],[-7,18],[8,10],[18,3],[7,4],[7,16],[9,14],[18,15],[17,18],[8,10],[4,19],[-7,15]],[[11834,11117],[31,14],[6,7],[-3,15],[6,17]],[[11874,11170],[4,0],[14,-9],[12,-1],[13,-4],[23,-2],[1,-3],[13,-1],[5,-4],[28,-9],[7,12],[13,15],[12,23],[17,14],[6,2]],[[12042,11203],[10,2],[2,-7],[12,-1],[1,-8],[8,-5],[-1,-10],[5,-9],[4,-1],[10,8],[12,3],[10,7],[4,0]],[[11101,11406],[-3,-6],[19,-4],[13,-11],[14,-4],[11,-8],[-1,-11],[6,-9],[-6,-4],[6,-7],[13,4],[11,-8],[15,-4],[11,-8],[11,10]],[[11221,11336],[3,-16],[7,-3],[-5,-21],[4,-5],[10,-7],[4,-12],[12,0],[8,-8],[3,-13],[5,-11],[-4,-6],[-22,-7]],[[11246,11227],[-8,5],[-17,4]],[[11221,11236],[-2,18],[-3,6],[-16,10],[-4,14],[-14,-3],[-6,-5],[-11,0]],[[11165,11276],[-8,-3],[-4,4],[-13,6],[-10,8],[-3,6],[-11,1],[-8,-6],[-14,-5],[-1,6],[-14,1],[-21,-8],[-5,10]],[[11053,11296],[8,8],[7,13],[-4,7],[-12,4],[-1,5],[7,9],[4,15]],[[11062,11357],[0,9],[6,4],[13,15],[-14,10],[-2,5],[-21,17],[10,5],[-9,11],[17,-2],[12,-9],[-2,-6],[21,-3],[8,-7]],[[11986,11634],[12,-7],[7,0],[10,-12],[-7,-13],[-18,-9],[-4,-6],[-9,-5]],[[11977,11582],[-12,-3],[-6,-5],[-2,-8],[-15,-8],[-10,-2],[-2,-6],[-20,-10],[-14,6],[-16,-11],[-3,4],[-12,4],[-5,-1],[-10,3]],[[11850,11545],[-3,12],[-23,16],[3,2],[-22,12],[-7,14],[-18,15],[-5,14]],[[11775,11630],[-1,3],[11,7],[4,12],[-1,5],[9,7],[-2,6],[1,12],[9,6],[4,7],[12,2],[5,8],[12,3],[-1,12]],[[11837,11720],[4,-3],[5,-11],[-1,-7],[16,-17],[13,-10],[2,-5],[32,-14],[2,-10],[-2,-9],[11,-11],[23,-5],[9,7],[7,-5],[15,3],[8,4],[5,7]],[[11637,10665],[-1,-4],[-14,-6],[-7,1]],[[11615,10656],[-13,13],[-9,14],[3,7],[-8,8],[-13,5],[-6,6],[-8,1],[-26,23]],[[11535,10733],[4,8],[12,12],[13,8],[4,9],[10,10],[7,1],[4,7],[18,9],[17,5],[24,12]],[[11648,10814],[-4,-33],[-8,-13],[-14,-5],[-4,-5],[-20,-12],[1,-8],[-7,-12],[6,-15],[16,-8],[12,-1],[3,-6],[8,0],[4,-10],[4,-2],[-8,-19]],[[11977,11582],[5,-13],[28,-2],[21,-11]],[[12031,11556],[-5,-1],[-9,-13],[-5,-12],[-11,-2],[7,-11],[-3,-2],[1,-13],[-6,-8],[-19,-8],[-14,-15]],[[11967,11471],[-14,-5],[-7,4],[-12,-2],[-8,-12]],[[11926,11456],[-11,2],[-10,8]],[[11905,11466],[1,10],[-7,3],[-20,-1],[-7,9],[-9,7],[-4,7],[1,8],[-4,4],[-12,2],[-9,12]],[[11835,11527],[15,18]],[[12206,12103],[24,2],[10,3]],[[12240,12108],[0,-10],[-3,-10],[4,-10],[18,-6],[9,2],[7,-21],[0,-15],[7,-7],[6,-14],[15,-7],[1,-4]],[[12304,12006],[-1,-4],[9,-10],[7,-15],[-7,-10],[-1,-7],[-8,0],[-15,-7],[6,-7],[-3,-7],[8,-15],[-11,-14],[-14,8],[-6,-2],[-6,-12],[-5,-15],[-10,-17],[-4,-9],[-19,-5]],[[12224,11858],[0,7],[-4,3],[-4,12],[1,6],[-3,7],[4,27],[-2,5]],[[12216,11925],[-2,9],[-5,8],[3,12],[0,9],[-7,8],[-3,11],[0,14],[-7,19],[3,22]],[[12198,12037],[0,8],[-5,21],[1,11],[-9,14],[-2,9],[7,11]],[[12190,12111],[7,-1],[9,-7]],[[11249,11011],[14,2],[18,-10],[-2,-15],[6,-14]],[[11285,10974],[-19,-12],[-5,2]],[[11261,10964],[-4,-6],[-13,-9],[-3,-5],[-23,-12],[-6,17],[-13,2],[-15,-5],[-8,1],[-14,-10]],[[11162,10937],[-9,1],[-4,6],[-7,0]],[[11142,10944],[10,11],[11,15],[10,4],[3,8]],[[10552,11276],[-4,-15],[-4,-5]],[[10544,11256],[-7,-13],[-11,-1],[-3,-7],[9,-7],[0,-7],[15,-16],[11,0],[5,7],[11,2],[9,-1],[-10,-16]],[[10573,11197],[-18,-2],[-5,-5],[-22,-14]],[[10528,11176],[-5,2],[-4,10],[-24,10],[-12,-12],[-7,5],[-10,15],[1,12],[3,4],[-7,10],[3,5],[-8,16],[6,7]],[[10464,11260],[8,-5],[8,15],[10,11],[10,-2],[7,3],[8,12],[-1,8],[12,8]],[[10526,11310],[12,0],[9,-17],[9,1],[-1,-6],[-6,-8],[3,-4]],[[10511,11068],[1,-15],[5,-5],[-5,-7],[7,-9],[0,-11],[4,-8],[0,-10]],[[10523,11003],[-5,-24],[-10,-15],[-17,9],[-6,-1],[-16,-6],[-7,-12]],[[10462,10954],[-8,6],[-3,11],[7,12],[-16,6],[-10,1],[-16,-4],[-11,7],[-13,6],[-14,2],[-13,8],[6,6],[9,23],[9,7],[2,5],[8,5],[5,14]],[[10404,11069],[23,6],[3,-4],[11,15],[22,0],[21,7],[14,-3],[5,6],[7,1]],[[10510,11097],[3,-5],[-3,-11],[5,-5],[-4,-8]],[[11926,11456],[9,-10],[-1,-5],[-9,-19],[-1,-11],[-12,-11],[-12,-1],[-14,2],[-12,-6]],[[11874,11395],[-3,5],[3,8],[-4,15],[8,10],[-3,10],[5,13],[10,3],[15,7]],[[10573,11197],[0,-6],[17,-11],[-5,-22],[13,-3],[2,-5],[-5,-10],[7,-7],[-2,-12],[2,-5],[-6,-12],[-1,-12]],[[10595,11092],[-13,-16],[-15,2],[-8,-8],[-13,-4],[-8,-11],[-10,12],[0,6],[-9,1],[-8,-6]],[[10510,11097],[-2,7],[-14,8],[-4,13]],[[10490,11125],[10,7],[21,29],[7,15]],[[11695,10464],[-8,-4],[-8,0],[-13,3],[-8,7],[-6,-10],[-13,-9],[-8,-2],[-4,-7],[-15,-7],[-21,-12],[-8,-1],[-5,-10],[-11,-9],[-10,-5],[-12,-13],[-2,-7],[-12,-2],[-15,-8],[-11,-13],[-5,0]],[[11500,10355],[-16,8],[-8,8],[-8,4],[-6,-5],[-12,-3],[-9,9],[2,14],[8,6],[-3,12],[3,5],[-8,6],[-8,24]],[[11435,10443],[5,17],[9,8],[-1,11],[-4,5],[1,10],[-9,1],[-2,6],[-8,8],[4,7],[-5,4],[3,9],[-9,16],[-10,1],[-9,5]],[[11400,10551],[6,4],[21,6],[9,-5],[22,-4],[18,-7],[23,4],[10,8],[19,1],[16,9],[31,22],[8,11]],[[11583,10600],[16,-12],[20,-1],[20,-5],[1,-10],[4,-5],[-6,-5],[-4,-11],[3,-3],[-11,-19],[-9,-7],[12,-10],[12,-3],[9,-9],[-1,-6],[11,-4],[11,6],[6,0],[10,5],[11,1],[-1,-23],[2,-8],[-4,-7]],[[11835,11527],[-4,-5]],[[11831,11522],[-7,-2],[-6,7],[-12,-2],[-23,3],[-5,-3],[-17,1],[-18,6],[-11,7],[-4,6],[6,4],[-7,12],[-8,5]],[[11719,11566],[11,11],[8,14],[8,4],[2,8],[9,16],[8,2],[1,6],[9,3]],[[11292,10770],[12,-15],[-4,-10],[5,-10],[13,-4],[9,-11],[11,-8],[15,-4]],[[11353,10708],[-16,-10]],[[11337,10698],[15,-11],[6,-3],[13,-10],[17,-5],[2,-8],[-6,-10],[-9,-1]],[[11375,10650],[-24,7],[-18,-8],[-9,0],[-38,-9],[-21,-8],[-14,1],[-6,-5]],[[11245,10628],[-7,9],[-4,12],[-5,0],[-11,13],[-1,19],[6,8],[0,7],[-6,6],[-10,17]],[[11207,10719],[-7,11],[-9,5],[4,14]],[[11195,10749],[31,22],[19,4],[7,5],[2,8],[14,6],[13,-5],[11,-19]],[[10544,11256],[9,0],[18,4],[6,5],[5,11],[12,2],[13,-7],[7,2],[3,-12],[-5,-13],[1,-18],[9,-5],[5,-7],[9,-5],[4,-6],[15,-7],[12,2],[20,-10],[7,4],[12,1],[17,10],[5,-5],[18,-1],[14,-9],[25,-2],[11,5],[3,-8],[14,1]],[[10813,11188],[-26,-28],[-16,-11],[1,-6]],[[10772,11143],[-1,-11],[-5,-4],[-12,5],[-8,-2],[-24,-3],[-20,18],[-15,3],[-3,-13],[-7,-11],[1,-8],[-4,-16]],[[10674,11101],[-14,12],[-7,9],[-18,-20],[-17,-1],[-11,-7],[-12,-2]],[[12675,12421],[-3,-8],[-1,-13],[-5,-12],[-19,-6],[-20,-12],[-8,-11],[-1,-17],[-6,-15],[-22,-15],[-16,-6],[-14,0],[-1,-6],[10,-12],[6,-14],[11,-9],[8,-10],[5,-16],[-2,-4],[-18,-2],[-13,3],[-4,-28],[-6,-2],[-8,3],[-12,-17],[-8,4],[-16,1]],[[12512,12197],[-25,12],[-9,10],[-11,1],[-7,10],[-18,-1],[-10,3],[-13,-7],[-16,-5],[-6,-11],[-11,-8],[-5,-9],[-20,-13],[-1,-8]],[[12360,12171],[-15,9],[1,11],[-7,9],[12,17],[6,4],[-1,16],[-12,15],[4,7],[1,11]],[[12349,12270],[6,6],[15,3],[2,7],[6,8],[1,14],[9,12],[9,5],[13,2],[-2,7],[9,6],[-1,6],[9,8],[-2,21],[-5,6],[8,16],[-4,24],[-13,9],[-2,4]],[[12407,12434],[0,8],[10,3],[6,7],[-5,18],[-9,8],[3,18],[-4,18],[9,5],[12,10],[-1,11],[8,16],[1,8]],[[12437,12564],[6,4],[13,-2],[9,7],[14,1],[21,-7],[9,4],[18,-9],[14,2],[12,-4],[13,3],[9,-3],[14,3],[7,8],[10,1],[14,-4],[0,-18],[4,-7],[6,0],[7,-7],[13,-2],[7,-11],[6,-16],[16,-8],[6,-26],[-11,-1],[-9,-3],[10,-10],[4,-14],[1,-12],[-5,-12]],[[12545,11917],[6,-9],[6,-4],[-14,-27],[-1,-21],[-5,-12],[-5,-5],[-9,-18],[10,2],[17,-3],[-1,-29],[9,1],[8,-8],[8,-6],[1,-9],[-4,-9],[-10,-1],[-6,-11],[7,-11],[11,-4],[14,-11],[-14,-9],[12,-18],[6,-2],[47,12],[8,3]],[[12646,11708],[0,-8],[4,-3],[-4,-12],[-12,-7],[-31,-21],[-11,1],[-5,-8],[5,-13],[7,-2],[18,-26]],[[12617,11609],[4,-4],[-2,-9],[3,-10],[-4,-2],[0,-16],[5,-5],[-3,-7],[6,-12],[6,-1],[9,-9],[-5,-27],[1,-11],[-7,-10],[-9,-1],[-26,3],[-13,3],[-8,-2],[-12,6],[-11,2],[-20,-2],[-12,4]],[[12519,11499],[-6,10],[-4,11],[-17,17],[-7,1],[-8,6],[-5,16],[-22,5],[-21,14],[-8,11],[-10,8],[-3,5],[-12,0],[-4,11],[-23,5],[-16,26],[6,13],[6,9],[-12,9],[-4,11]],[[12349,11687],[9,10],[6,12],[3,19],[-3,6],[4,13],[15,5],[4,7],[-3,7],[0,10],[-8,4],[-11,16],[-17,3],[-13,10]],[[12335,11809],[16,25],[12,12],[9,21],[8,3],[-1,5],[11,14],[18,8],[-1,8],[3,4],[-2,8],[4,10],[-1,7]],[[12411,11934],[0,4],[11,5],[6,8],[14,4],[24,-3],[15,-19],[6,-4],[5,4],[14,-9],[7,0],[10,-5],[22,-2]],[[11192,11671],[-4,-5],[10,-6],[14,-17],[2,-9],[13,-14],[8,-5],[0,-16],[-4,-5],[-2,-13],[3,-3],[-3,-12],[-6,-3],[-1,-9],[-7,-6],[0,-13],[-10,-9],[-5,-8],[2,-6],[-7,-16],[-5,-2],[-9,-10],[-12,-2],[-18,11]],[[11151,11493],[1,1],[-37,37],[10,18],[-2,7],[-12,7],[-3,11],[-4,5],[-13,7],[-4,0],[-19,7]],[[11068,11593],[13,17]],[[11081,11610],[10,10],[10,14],[10,12],[10,5],[8,10],[4,21],[-3,10],[-6,6]],[[11124,11698],[9,-2],[12,-7],[12,-3],[11,4],[13,-14],[11,-5]],[[11322,11120],[6,3],[17,3],[10,6],[24,-6],[16,6],[5,8],[-2,11],[10,16],[9,3],[6,14]],[[11423,11184],[20,-2],[5,2]],[[11448,11184],[-8,-15],[-19,-20],[-12,-22],[-9,-7],[24,-7],[4,-11]],[[11428,11102],[-5,-14],[-8,-9],[-10,-2],[-11,9],[-8,-1],[-6,-8],[-11,0],[-7,-9],[-10,0]],[[11352,11068],[-15,1],[-3,11],[-13,5],[-1,5]],[[11436,10935],[-28,-34],[-13,-10],[-9,-1],[-22,-14],[-13,-6]],[[11351,10870],[-7,10],[-11,4],[-4,9],[-10,5],[-10,15],[-8,5],[5,17],[-6,7],[-9,1],[10,14],[1,6],[9,13]],[[11311,10976],[1,8]],[[11312,10984],[7,-5],[4,-6],[-7,-9],[-9,-8],[21,-4],[7,-4],[13,-1],[6,2],[9,-3],[4,-5],[7,0],[15,-6],[8,2],[39,-2]],[[11276,11136],[-4,23],[-15,11],[-7,9],[-4,8],[-2,16],[3,2],[3,18],[-4,4]],[[11221,11336],[9,17],[3,8],[5,6]],[[11238,11367],[3,-5],[10,-7],[6,-17],[7,-1],[10,7],[9,-1],[0,-7],[7,-6],[5,-10],[14,-20],[7,-4],[2,-8],[8,-4],[8,-10],[11,-6],[24,10],[11,-6]],[[11380,11272],[-7,-12],[-3,-8],[14,-2],[-9,-23]],[[11375,11227],[-4,-7],[-11,-6],[-13,-9],[-16,-17],[-7,-3],[-16,-14],[-6,-19],[-6,-10],[-1,-10]],[[10462,10954],[-1,-6],[-12,4],[-11,0],[-11,-3],[-11,-18],[-4,-9],[2,-5],[-5,-4],[-5,-14],[-11,-5],[-1,-4]],[[10392,10890],[-14,1],[-14,-2],[-5,5],[0,12],[2,6],[-13,1],[-11,6],[-6,13],[-15,-3],[-8,4],[-8,0],[-8,3],[-9,10],[-9,13],[-11,9]],[[10263,10968],[-3,5],[5,11],[-4,11],[3,7],[-3,5]],[[10261,11007],[4,10],[22,7],[17,15],[8,3],[9,-7],[7,6]],[[10328,11041],[4,-2],[16,2],[7,3],[6,7],[2,12],[10,8],[13,2],[18,-4]],[[11967,11471],[4,-1],[18,-21],[12,-9],[4,2]],[[12005,11442],[-4,-9],[-3,-15],[-7,0],[-17,-13],[-6,-15],[-12,-2],[4,-10]],[[11960,11378],[-7,-11],[-9,-8],[-19,-6],[-13,-8],[-10,3]],[[11902,11348],[3,3],[-7,14],[2,9],[-26,2]],[[11874,11376],[0,19]],[[12079,12250],[0,-8],[18,-8],[12,3],[12,-13],[11,-4],[5,-13],[5,-2],[3,-14],[10,-6],[10,-21],[0,-8]],[[12165,12156],[-9,-2],[-14,-13],[-13,-17],[-10,-5],[-4,-9],[-11,1],[-6,-3],[-12,0]],[[12086,12108],[17,17],[-4,10],[-11,10],[-2,11],[3,9],[-16,4],[-11,-1],[-13,7],[-9,10],[-2,14],[-7,10],[-12,2],[-9,-2],[-22,14]],[[11988,12223],[7,5],[2,16],[12,9],[5,0],[12,6],[5,8],[12,-1]],[[12043,12266],[5,3],[9,-2],[22,-17]],[[12437,12564],[-14,12],[-6,15],[-9,2],[-5,8],[0,8],[7,4],[1,12],[-9,14]],[[12402,12639],[8,8],[0,7],[12,3],[19,-13],[12,-13],[17,-7],[17,-5],[1,-5],[9,-4],[13,-2],[19,-8],[21,-2],[7,2],[12,12],[23,10],[12,-2],[4,8],[16,11],[17,16],[15,11],[8,13],[5,14],[3,14],[16,32]],[[12688,12739],[10,13],[8,5],[13,-3],[18,-2],[1,-8],[-4,-18],[14,-9],[18,7],[16,3],[0,5],[14,15],[12,3],[-5,6],[-2,13],[10,12],[-2,8],[12,8],[9,-10],[-5,-5],[7,-6],[13,6],[7,12],[8,2],[10,-14],[11,-1],[1,-6],[-4,-12],[10,-9],[19,-8],[3,3],[15,-10],[7,9],[3,10],[6,2],[10,8],[9,15],[2,8],[6,3],[10,-2],[8,3],[6,-4],[8,0],[13,-5]],[[13013,12786],[10,0],[15,-4],[11,1],[21,-4],[3,-3],[28,-6],[23,-10],[20,-3],[2,-1]],[[13146,12756],[-4,-5],[-11,-6],[-2,-14],[-13,-14],[-9,-14],[-3,-11],[-18,-32],[-4,-21],[-11,-20],[-4,-3],[-13,-23],[-1,-8],[-22,-35],[-6,-18],[3,-14],[-2,-9],[-8,-8],[-9,-21],[-12,-1],[-16,-10],[-9,-9],[-9,3],[-10,0],[-2,-5],[-8,-3]],[[12943,12455],[-7,2],[-11,-10],[-16,5],[-20,22],[-3,-6],[-12,-4],[-4,-4],[-12,-5],[-10,1],[-10,-6],[-11,-1],[-9,4],[-8,-1],[-9,-7],[-7,1],[-5,-12],[-16,-2],[-7,-24],[1,-8],[-9,2],[-5,5],[-8,-2],[-15,6],[-31,-14],[-8,1],[-1,11],[-4,8],[-11,4]],[[11153,11025],[-30,14],[3,4],[-7,16],[-10,0],[-24,16],[-11,6],[1,15]],[[11075,11096],[13,0],[6,2],[10,-1],[11,7],[27,1],[8,8],[8,2],[9,-5]],[[11834,11117],[-31,-15],[-17,7],[-22,13],[-10,12],[-3,-5],[-10,6],[-12,11]],[[11729,11146],[16,-4],[7,7],[21,-3],[4,3],[13,-1],[10,4],[2,11],[6,5],[23,3],[7,6]],[[11838,11177],[34,-4],[2,-3]],[[11221,11236],[-2,-18],[-9,-7],[0,-5],[-12,-9],[-9,-9],[1,-6],[-8,-9]],[[11182,11173],[-12,3],[-15,-8],[-4,0],[-12,-6],[-1,-8],[-11,-7],[-27,-5],[-13,-8],[-12,-10],[-11,-16]],[[11064,11108],[-5,20],[-12,7],[-2,8],[4,4],[-1,7],[-7,1]],[[11041,11155],[12,15],[10,8],[12,4],[10,13],[-8,8],[-1,5],[9,12],[2,13],[4,9],[24,6],[11,-5],[14,5],[8,10],[4,2],[13,16]],[[11230,10392],[7,-7],[11,-5],[10,-28],[18,1],[9,6],[15,6],[-2,7],[16,10],[4,-1],[13,-12],[2,-6]],[[11333,10363],[-3,-5],[4,-19],[-17,-16],[-12,-15],[-12,-8],[-5,-7],[-10,-21],[12,-16],[-13,-13],[-1,-7]],[[11276,10236],[-16,6],[-6,-1],[-10,4],[-9,2]],[[11235,10247],[-1,12],[9,16],[-13,7],[1,9],[-12,10],[-10,1],[-3,19],[-4,2],[-8,14],[-16,1],[-9,-2],[-15,3],[-7,6],[-12,3]],[[11135,10348],[9,6],[2,13]],[[11692,11632],[-4,-14],[-10,-9],[2,-8],[-11,-18],[0,-6],[7,-4],[11,-11],[0,-19],[15,-12],[3,-7],[-7,-15],[5,-5],[9,-16],[-1,-4],[6,-7],[6,-17],[-6,-9],[2,-10],[-4,-6],[3,-20],[3,-6],[14,8],[10,-30]],[[11745,11387],[-3,2],[-27,1],[-3,-15],[-8,-12],[-8,-6],[-7,2],[-9,-6],[-2,-5],[-12,3]],[[11666,11351],[-7,3],[-28,-4],[-6,4],[5,14],[-3,7],[3,15],[-1,17],[-5,13],[-22,17],[-7,9],[-18,10],[-2,6],[11,1],[4,14],[-3,8],[-13,4],[-15,13],[5,14],[-6,9],[3,6],[-18,6],[-4,6],[-10,2],[-11,7],[1,8],[-4,10],[-6,3],[-5,13],[0,10],[-6,6]],[[11498,11602],[18,-13],[10,-5],[1,-12],[16,-8],[16,-2],[8,3],[13,-1],[3,3],[15,-2],[6,4],[10,-1],[11,6],[-1,8]],[[11624,11582],[6,0],[13,6],[-1,8],[5,3],[0,9],[4,13],[10,3],[10,6],[17,5],[4,-3]],[[12411,11934],[-4,6],[-2,15],[-13,6],[0,24],[-4,3],[-6,16]],[[12382,12004],[10,9],[3,11],[23,3],[17,5],[-4,4],[-6,16]],[[12425,12052],[15,2],[4,3],[7,14],[12,8],[1,7],[12,2],[1,4],[22,15]],[[12499,12107],[9,-17],[17,-8],[15,-5],[14,5],[7,-2],[2,-7],[9,-2],[4,-4],[14,-3],[39,3],[4,-12],[9,-20],[5,-6],[-1,-6],[8,-9]],[[12654,12014],[-2,-26],[-23,3],[-6,9]],[[12623,12000],[-18,-1],[-16,-21],[-10,-8],[-2,-9],[-9,-20],[-14,-12],[-9,-12]],[[12512,12197],[-18,-21],[-3,-6]],[[12491,12170],[-15,-7],[-12,1],[-8,-9],[-12,-4],[-6,-14],[-13,-2]],[[12425,12135],[-18,12],[-27,3],[-17,10],[-10,2]],[[12353,12162],[7,9]],[[11805,11284],[-22,-37],[-3,-11],[-7,-9],[5,-11],[5,-6]],[[11783,11210],[-5,-6],[-10,0],[-10,-5],[-9,5],[-5,-11],[-8,-5]],[[11736,11188],[-8,1],[1,10],[-7,4],[-11,-5],[-14,-12],[-19,4],[-19,0],[-10,16],[-9,-8],[-8,-12]],[[11632,11186],[-5,2],[-6,12],[-15,8],[-12,10],[3,3]],[[11597,11221],[22,12],[23,15],[12,5]],[[11654,11253],[21,10],[7,6],[0,8],[12,14],[8,4],[5,-3],[15,-2],[12,2],[18,0],[7,-3],[12,2],[10,-14],[17,7],[7,0]],[[11874,11376],[-8,6],[-15,-4],[-6,3],[-13,1],[-8,-2],[-14,9]],[[11810,11389],[-6,23],[-16,14],[-15,10],[-6,11],[21,22],[7,13],[7,4],[-2,6],[4,8],[11,8],[12,0],[0,11],[4,3]],[[11053,11296],[-9,-1],[-12,-3],[5,-13],[-3,-9],[-15,-17],[-13,-10],[-13,1],[-16,-3],[-4,2],[-3,9],[-7,6]],[[10963,11258],[13,21],[-5,11],[-7,6],[2,6],[-5,5],[4,8],[-9,4],[-3,31],[19,3],[-10,9],[-8,2],[-2,6]],[[10952,11370],[-1,5],[11,13],[9,-5],[6,-6],[11,-2],[17,-9],[20,2],[6,12],[5,0],[11,-10],[12,-5],[3,-8]],[[12005,11442],[7,-1],[10,-9],[13,3],[8,-8],[23,-17],[5,-9],[27,9],[17,3],[20,9],[20,-5],[1,-11],[-3,-5],[24,-10],[7,0],[14,3],[3,3],[18,3],[1,6],[9,8]],[[12229,11414],[11,-14],[-2,-7],[-1,-38]],[[12237,11355],[-11,5],[-18,2],[-10,5],[-19,-8],[-10,4],[-11,-1],[-22,-11],[-19,-1],[-6,-2],[-22,3],[-18,-2],[-8,-4],[-13,-2],[-14,4],[-10,-3],[-11,7],[-7,-1]],[[12008,11350],[-13,16],[-18,8],[-17,4]],[[11228,10491],[-16,0]],[[11212,10491],[-3,14],[-5,8],[1,15]],[[11205,10528],[7,19],[-2,4],[9,18]],[[11219,10569],[4,3],[8,13],[-2,5],[16,20],[-2,8],[2,10]],[[11375,10650],[21,-3],[8,-4],[4,-5],[16,-2],[-7,-6],[5,-8],[-9,-13],[1,-6],[-4,-6],[-11,-6],[-9,-8],[4,-10],[6,-22]],[[11400,10551],[-5,-12],[-4,-14],[-10,-6],[-7,-8],[-19,-17],[-5,6],[3,7],[-6,5],[-3,10],[-9,6],[-14,-6],[-5,0],[-20,-5],[-7,2],[-12,-6],[-3,-10],[-21,-3],[-6,-4],[-2,-7]],[[12425,12135],[19,-13],[-1,-7],[-12,-8],[-7,-12],[-2,-26],[-12,-6]],[[12410,12063],[-8,-4],[-11,6],[-8,9],[-9,0],[-10,11],[-16,6],[-7,0],[-5,16],[-6,6],[4,18],[0,10],[8,11],[-1,9]],[[12341,12161],[12,1]],[[11090,10543],[6,-4],[2,-7]],[[11098,10532],[-6,-3],[-7,-15],[16,-9],[6,-6],[5,-18],[5,-8],[13,1],[4,-7]],[[11134,10467],[-9,-3],[-17,-10]],[[11108,10454],[-12,0],[-4,4],[-13,-1],[-26,12]],[[11053,10469],[-12,9],[-2,8],[-6,7],[-1,13]],[[11032,10506],[9,7],[18,5],[9,1],[13,12],[-2,9],[10,4]],[[11089,10544],[1,-1]],[[11135,10348],[-7,-8],[-25,11],[-3,-2],[-20,0],[-10,-7],[-11,-1],[-15,-5],[-9,0]],[[11035,10336],[-5,15],[-11,-1],[-8,6],[-5,20]],[[11006,10376],[-9,12],[6,23],[5,5],[9,5],[13,22],[7,7],[3,13],[13,6]],[[11108,10454],[-5,-3],[-2,-12],[7,-6],[6,-9],[-7,-14],[11,-4],[11,-7],[4,-15],[-3,-7],[3,-6],[11,-3]],[[12943,12455],[7,-19],[-7,-7],[1,-30],[6,-15],[-5,-5],[2,-9],[8,-26],[-5,-16],[-9,-7],[-3,-6],[-12,-12],[1,-24],[-8,-14],[-5,-26],[-3,-7],[0,-11],[-7,-18]],[[12904,12203],[-6,-8],[-7,-3],[-19,-1],[-11,-6],[-8,-9],[-8,0],[-6,-4],[1,-12],[5,-7],[-4,-11],[2,-9],[-10,-4],[-28,11],[-14,-3],[-1,-9],[-4,-3],[2,-11],[-5,-9],[-18,-17],[-18,-3],[-3,10],[-11,7],[-6,8],[-6,1],[-8,-8],[-1,-10],[-14,-13],[1,-7],[-7,-16],[8,-3],[0,-11],[-4,-6],[-10,-1],[-14,-20],[-18,-2]],[[12499,12107],[-4,16],[-13,10],[3,19],[6,7],[0,11]],[[11729,11146],[3,7],[-3,15],[8,8],[4,10],[-5,2]],[[11783,11210],[3,-7],[7,-8],[4,0],[17,-10],[11,4],[7,-1],[6,-11]],[[11261,10964],[5,-9],[1,-12],[-8,-11],[-1,-6],[-7,-10],[-7,-19],[-1,-10],[15,-6],[20,-6],[9,-6],[-7,-13],[7,-2],[11,-12],[-16,-12]],[[11282,10830],[-14,3],[-9,10],[-4,8],[-28,10],[2,4],[-7,13],[-11,3],[-5,-3],[-11,2],[-5,5],[-3,10],[-15,0]],[[11172,10895],[5,9],[-4,6],[-5,22],[-6,5]],[[12349,11687],[-5,10],[-8,7],[-12,4],[1,8],[-5,10],[2,8],[-4,9],[-20,-2],[-15,-10],[-8,3],[-6,-2],[-7,-7],[-14,-1],[-13,9],[-13,-3],[-3,5],[-23,5]],[[12196,11740],[2,4],[2,13],[6,13],[0,8],[9,14],[-1,4],[6,6],[4,11]],[[12224,11813],[3,27]],[[12227,11840],[24,2],[13,-6],[14,3],[26,-12],[16,-6],[6,1],[9,-13]],[[12119,11182],[17,15],[4,11],[-2,4],[5,14],[-5,13],[7,-2],[19,0],[9,-5],[17,-2],[5,-7],[9,-3],[19,-14],[3,-7],[7,-4],[-2,-6],[8,-2],[25,1],[5,-4],[9,17],[-4,8],[5,2],[14,12],[-1,6],[6,16],[9,7],[4,26]],[[12311,11278],[9,-8],[2,-7],[10,-5],[3,-7],[17,-9],[-3,-11],[-11,-14],[1,-11],[7,-10],[-2,-14],[21,-7],[15,-10],[6,-1]],[[12386,11164],[-4,-8],[1,-7],[12,-4],[10,0],[9,-8],[6,-10],[11,-4],[6,-5],[20,-3],[6,-9],[-9,-10],[1,-7],[10,-4],[15,-21]],[[12480,11064],[-3,-5],[-18,-8],[-14,-15],[-9,-4],[-17,-12],[-2,-15],[-14,-27],[-9,-8],[-9,-2],[-18,-10],[-11,-15],[-13,-7],[-9,-3],[-16,-9],[-9,-8],[-16,-9]],[[12293,10907],[-7,1],[-12,14],[6,15],[0,9],[4,8],[-10,5],[-5,-2],[-11,4],[-16,-10],[-28,5],[-15,7],[-18,5]],[[11089,10544],[-3,24],[-8,10],[-8,16],[5,16],[-1,10]],[[11074,10620],[9,15],[10,6]],[[11093,10641],[15,6],[5,-1],[20,7],[14,1]],[[11147,10654],[-3,-4],[1,-9],[10,-14],[15,-15]],[[11170,10612],[-6,-5],[2,-11],[-12,-17],[-3,-6],[-7,-2],[-9,-7],[-2,-5],[-8,-5],[-16,-1],[-13,-5],[-6,-5]],[[10102,11038],[-14,-8],[-9,-12],[-17,-4],[-12,14],[-1,10],[12,28],[0,11],[7,8]],[[10068,11085],[17,6],[11,1],[9,11],[18,-2],[-9,-9],[0,-4],[10,-9],[-2,-7],[-5,-6],[-18,0],[-9,-7],[12,-21]],[[12304,12006],[12,-2],[26,2],[10,3],[11,-4],[19,-1]],[[12227,11840],[-3,5],[0,13]],[[11041,11155],[-4,5],[-8,2],[-10,-2],[-11,-8],[-5,0],[-11,7],[-16,16],[-2,16],[-16,-2],[-6,-3]],[[10952,11186],[-7,3],[-4,9],[1,10],[7,15],[10,11],[-1,5]],[[10958,11239],[5,19]],[[11435,10443],[-7,-11],[-7,-7],[-17,-11],[-6,-8],[-17,-12],[-16,1],[-8,-3],[-6,-9],[-8,-7],[-10,-13]],[[10328,11041],[-6,3],[-5,21],[-9,5],[2,4],[-20,11],[0,5],[-5,10],[-1,9],[-7,8],[-10,4],[1,8],[-5,5],[5,17],[4,7]],[[10272,11158],[9,12],[13,11],[10,12],[-2,8],[7,9]],[[10309,11210],[10,-2],[5,-13],[6,-3],[14,9],[10,-10],[1,-12],[-3,-12],[2,-10],[16,-2],[12,1],[10,11],[20,-9],[6,-9],[15,3],[17,-7],[2,-4],[10,-6],[-4,-4],[0,-13],[13,-2],[19,9]],[[11615,10656],[-1,-13],[-9,-13],[-8,-7],[-14,-23]],[[11337,10698],[8,-1],[14,-6],[8,1],[13,-3],[8,-6],[8,5],[13,0],[9,3],[14,11],[1,5],[9,6],[2,7],[-2,6],[3,10],[11,5],[14,0],[7,5],[8,-3],[16,-1],[4,3],[13,-1],[17,-11]],[[12042,11203],[-27,18]],[[12015,11221],[-5,7],[6,9],[1,12],[-3,5],[-10,7],[5,11],[-2,8],[-13,3],[-5,6],[-10,5],[-6,0],[-1,13],[-3,2]],[[11969,11309],[7,17],[6,-1],[4,7],[22,18]],[[12237,11355],[5,-6],[17,0],[6,5],[29,-6]],[[12294,11348],[4,-19],[-3,-5],[2,-9],[6,-5],[-3,-19],[-2,-8],[2,-7],[11,2]],[[12015,11221],[-15,-9],[-21,-9],[-10,4],[1,9],[-14,2],[-18,15],[-5,6],[-2,12],[-9,-5],[-16,11],[1,4],[-5,14],[5,12],[0,5],[-8,4],[7,9],[1,10]],[[11907,11315],[11,9],[14,2],[5,-12],[15,-1],[17,-4]],[[10952,11370],[-8,4],[-9,1],[-28,-15],[-14,-3]],[[10893,11357],[-4,12],[12,33],[2,10],[15,24],[10,24],[-15,20],[-25,8],[-2,13],[-6,6]],[[10880,11507],[11,5],[8,10],[9,2],[10,5],[19,33]],[[10937,11562],[12,-7],[13,5],[13,-2],[7,-4],[14,-2]],[[10996,11552],[16,-2],[11,-9],[3,-6],[-2,-13],[-13,-16],[16,-12],[6,-8],[13,2],[8,-7],[3,-14],[9,-5],[7,1],[18,-15],[16,-8],[4,-4]],[[11111,11436],[2,-7],[-6,-16],[-6,-7]],[[11181,11117],[5,7],[17,15],[-21,34]],[[10261,11007],[-26,4],[4,-8],[-9,-20],[-4,-23],[-8,1],[-11,15],[-9,6],[-10,-5],[-11,5],[-22,16]],[[10155,10998],[0,9],[3,4],[22,5],[7,5],[11,19],[6,1],[7,8],[6,22],[-18,8],[-17,16],[-7,18],[-4,5],[2,7],[-3,10],[5,7],[-1,10]],[[10174,11152],[4,-2]],[[10178,11150],[13,2],[6,-3],[10,2],[27,13],[13,-2],[17,-7],[8,3]],[[11902,11348],[-9,-4]],[[11893,11344],[-3,-4],[-25,-3],[-14,-4],[-13,1],[-9,-2],[-5,-7],[-9,0],[-6,-5]],[[11809,11320],[-18,0],[-12,9],[-6,2],[-2,14],[-18,21]],[[11753,11366],[10,2],[-5,14],[10,3],[10,-2],[18,7],[14,-1]],[[11172,10895],[0,-19],[-15,-16],[-18,-15],[-4,0],[-2,-10],[-4,-7],[-2,-10]],[[11127,10818],[-9,-10],[-10,-4],[-7,3],[-9,-5]],[[11092,10802],[-3,5],[5,9],[3,10],[8,7],[-5,10],[5,7],[-6,17],[-12,9],[6,17]],[[11093,10893],[14,10],[8,-1],[9,9],[9,2],[7,12],[2,19]],[[11375,11227],[15,-9],[-1,-18],[5,-7],[11,-8],[5,2],[13,-3]],[[10174,11152],[-4,-3],[-9,3],[-12,-4],[-3,-7],[-15,-13],[-7,1],[-7,15],[2,9],[-6,10],[-19,2],[-3,9],[-16,8],[-15,1],[-14,15],[-15,-5],[-2,-5],[-18,2],[-23,8],[-8,0]],[[9980,11198],[-4,9],[20,15],[1,4],[11,0],[2,18],[8,11],[1,8],[-4,4],[-18,2],[-4,6],[-11,4],[4,6],[-1,10],[20,24],[-2,5],[-9,5],[-2,11]],[[9992,11340],[7,-1],[7,14],[19,19],[3,14],[7,4],[4,10],[-1,10],[-4,10]],[[10034,11420],[29,-1],[24,6],[6,9],[10,8],[16,-3],[10,5],[1,11],[-6,5],[1,10],[11,7],[0,6],[3,10],[10,14]],[[10149,11507],[9,-5],[10,-10],[16,-7],[9,-2],[9,-6],[10,-10],[27,0],[8,3],[10,-7],[-1,-4],[12,-12],[3,-19],[10,-4],[4,-6]],[[10285,11418],[-3,-9],[2,-7]],[[10284,11402],[1,-5],[-12,-17],[-4,-20],[2,-3],[-4,-9],[2,-4],[-2,-9]],[[10267,11335],[-13,-4],[-9,-1],[-8,-4],[-8,1],[-3,-4],[-15,3],[-19,-3],[-2,-5],[-11,-5],[-5,-15],[-7,-2],[-6,-7],[-3,-15],[-1,-13],[5,-5],[-5,-14],[2,-9],[-4,-6],[4,-11],[-11,-18],[16,3],[0,-6],[7,-4],[-2,-16],[9,-25]],[[11219,10569],[-8,4],[-11,16],[-10,3],[-7,6],[-13,6],[0,8]],[[11147,10654],[3,7],[9,10],[4,8],[12,9],[6,8],[7,2],[8,13],[11,8]],[[11818,10705],[-15,-16],[0,-9],[-7,-8],[-13,-22],[-10,-2],[-3,-9],[12,-15],[10,-2],[11,-10],[9,-3],[7,-6],[3,-10],[8,-7],[10,0],[16,5]],[[11856,10591],[5,-10],[0,-18],[2,-13]],[[11863,10550],[-16,-12],[-17,-11],[-1,-10],[5,-7],[-5,-7],[-13,-4],[-18,-15],[-6,-8],[0,-6],[-12,-7],[-6,-6],[0,-7],[-7,-5]],[[11767,10445],[-5,6],[-12,6],[-15,4],[-7,9],[-9,1],[-5,5],[-8,-9],[-3,-6],[-10,-8]],[[11693,10453],[2,11]],[[11637,10665],[11,-6],[10,-2],[13,5],[17,8],[7,14],[16,22],[10,11]],[[11666,11351],[-11,-14],[-11,-22],[0,-19],[6,-25],[8,-1],[-4,-17]],[[11597,11221],[-7,3],[0,9],[-10,14],[-18,18],[-39,25],[2,9]],[[11525,11299],[1,10],[-18,9],[2,6],[-10,11],[-1,8],[12,27],[12,12],[16,11],[11,12],[6,15],[-2,14],[6,9],[-18,-3],[-9,1],[-12,-1],[-8,-5],[-12,5],[-14,-2]],[[11487,11438],[-18,26],[-8,4],[-8,16],[-16,0],[-1,7],[4,18],[14,9],[-12,17],[-8,8],[6,20],[3,2],[-5,12],[3,10],[11,7],[14,18],[32,-10]],[[12293,10907],[23,-10]],[[12316,10897],[-5,-11],[-10,-13],[-5,-2],[-10,5],[-10,-3],[-7,2],[-10,-6],[-13,3],[-10,-9],[-9,-2],[-6,-6],[1,-9],[-16,-8],[-6,-17],[-7,-5],[-10,-1],[-2,-7],[-19,-5],[-9,-10],[-17,-4],[0,-6]],[[12136,10783],[-11,8],[-8,1],[-7,8],[1,12],[-3,16],[-6,7],[-8,-1],[-14,5],[-5,6],[-12,3],[-8,6],[-19,24],[-4,10],[-27,17],[-17,2],[-1,-5]],[[12425,12052],[-8,8],[-7,3]],[[10309,11210],[6,14],[11,10],[2,10],[-5,4],[8,7],[6,2],[-1,10],[3,6],[-4,11],[-10,4],[-3,5],[-11,2],[-24,11],[-10,7],[-5,11],[-5,4],[0,7]],[[10284,11402],[10,1],[10,-5],[7,6],[14,-3],[31,-12],[-3,-4],[10,-24],[6,-7],[7,-2],[-4,-11],[9,-2],[12,-16],[1,-9],[8,-8],[0,-5],[14,-10]],[[10416,11291],[17,-22],[25,-3],[6,-6]],[[12386,11164],[3,8],[16,12],[11,14],[1,8],[4,11],[0,10],[6,-1],[12,3],[-4,6],[10,8],[5,14],[9,11],[12,-7],[9,-10],[27,6],[10,-4],[10,5],[10,1],[10,-2],[11,-10],[22,1],[10,7],[8,9],[9,-9],[12,1],[16,-2],[7,2],[4,8],[6,4],[8,16],[10,16],[8,19],[0,10]],[[12678,11329],[10,-4],[12,-2],[6,-7],[-1,-12],[8,-4],[13,-16],[7,-13],[11,-8]],[[12744,11263],[-1,-13],[8,3],[15,-2],[13,-15],[-5,-5],[-24,-2],[-18,-4],[-16,1],[-6,-9],[11,-15],[4,-10],[-11,-13],[-23,-19],[-2,-12],[5,-9],[0,-14],[-13,-21],[-2,-10],[2,-18],[0,-18],[-8,-11]],[[12673,11047],[-14,-4],[-8,-5],[-17,0],[-11,4],[-10,6],[-2,6],[-13,7],[-8,12],[-16,10],[-1,8],[-10,11],[-1,6],[-17,12],[-10,0],[-23,-8],[-1,-6],[-5,-3],[-1,-9],[-13,-11],[-11,-15],[-1,-4]],[[11986,11634],[-1,16],[-2,4],[5,8],[1,10],[-5,29],[5,15]],[[11989,11716],[8,-5],[6,1],[7,9]],[[12010,11721],[9,-7],[6,-1],[6,-7],[11,-5],[17,0],[19,-6],[7,-6],[19,-4],[12,-7],[0,-17],[-3,-3],[-2,-18],[24,-12]],[[12135,11628],[-4,-10],[-18,-14],[-12,-4],[-14,-1],[-8,-5]],[[12079,11594],[-11,-6],[-5,-1],[-10,-7],[-8,-11],[-13,-9],[-1,-4]],[[11729,11146],[-12,-3],[2,-17],[-19,-18],[-8,-10],[-17,-31],[1,-11],[-11,-20],[-9,-13],[-1,-9],[-6,-6],[4,-5],[-7,-9],[-4,-10],[1,-6],[-5,-10],[7,-2],[2,-9],[5,-4],[7,6],[22,5],[1,-5],[-16,-16],[-6,-11],[1,-11],[12,-11],[-6,-13]],[[11667,10897],[-16,-8],[-6,3],[-11,0],[-21,-9],[-17,-11],[-11,-4],[-11,3],[-9,8]],[[11565,10879],[-8,12],[14,19],[-7,6],[-5,12],[-15,13],[5,14],[7,7],[12,29],[-7,3],[-3,7],[-12,11],[-8,4],[-2,4]],[[11536,11020],[9,3],[0,17],[8,7]],[[11553,11047],[8,11],[9,4],[9,7],[0,8],[9,15],[4,4],[3,12],[19,33],[7,22],[6,12]],[[11627,11175],[5,2],[0,9]],[[12294,11348],[10,5],[13,1],[23,14],[10,-4],[21,4],[28,11],[-1,4],[26,18],[3,14],[6,4],[3,7],[7,4],[14,4]],[[12457,11434],[4,5],[32,-3],[8,-6],[10,0],[27,-7],[10,-12],[2,-7],[20,-5],[6,-4],[12,-2],[18,1],[3,-6],[24,-4],[3,-8],[6,-3],[11,3],[9,-2],[5,-8],[1,-9],[10,-9],[0,-6],[-5,-7],[5,-6]],[[9684,11918],[-3,-12],[5,-3],[6,-11],[-3,-7],[15,-16],[-2,-7],[10,-12],[8,0],[16,-9],[6,-6],[10,5],[8,-8],[-5,-3],[-2,-10],[3,-7],[-7,-26],[11,-3],[12,-12],[11,-9],[-4,-11],[8,-24],[-3,-6],[13,-8],[12,-2],[3,-4],[15,-1],[11,2],[14,-10],[0,-13],[4,-8],[12,-5],[7,-8],[1,-10],[6,-1],[13,8],[5,-1],[5,-7],[9,1],[10,-2],[5,9],[0,6],[8,7],[0,5],[11,2],[14,7],[21,4],[2,9],[6,2],[12,-5],[3,4],[37,-20],[1,-5],[-7,-19],[0,-16],[6,-14],[-2,-3],[19,-24],[10,-7],[17,-15],[5,-7],[-8,-13],[-4,-2],[-7,-11],[-1,-11],[3,-4],[11,-1],[3,-9],[-5,-7],[1,-6],[-15,-17],[-6,1],[-12,-7],[-8,-10],[-20,-12],[-1,-9],[5,-4],[0,-7],[6,-23]],[[9992,11340],[-14,9],[0,7],[-6,8],[14,7],[-2,10],[-10,-1],[-7,3],[-3,14],[-13,11],[-9,4],[-1,11],[-15,-7],[0,-8],[-11,-12],[-7,-2],[-17,-12],[-22,-22],[-8,3],[-13,-6],[-19,-10],[-6,-6],[-12,-7],[-12,8],[-9,-1],[-19,2],[-1,8],[-12,4],[-13,-1],[-6,-6]],[[9739,11348],[-7,11],[-14,-2],[-6,8],[-7,-2],[-3,6],[-6,2],[-9,-6],[-8,5],[-13,-6],[-3,-7],[-12,-7],[0,-9],[-18,-8],[-4,1],[-15,-8],[-9,9],[-9,-5],[-1,-9],[-8,-4],[-4,5],[-13,4],[0,6],[-12,2],[-8,-2],[-2,6],[-15,-8],[-1,-16],[-6,-7],[-11,7],[1,9],[-4,6],[-9,-2]],[[9503,11327],[-5,18]],[[10068,11085],[-3,6],[-23,17],[-17,1],[-14,7],[-12,3],[-8,7],[-6,11],[-5,23],[-6,15],[-6,5],[7,7],[5,11]],[[10155,10998],[-3,-3]],[[10152,10995],[-6,4],[-6,12],[-10,14],[-10,12],[-18,1]],[[11285,10974],[3,-1],[16,11],[7,-8]],[[11351,10870],[-2,-11],[7,-11],[-1,-6],[12,0],[12,-5],[-15,-17],[4,-7]],[[11368,10813],[-9,-9],[-9,-5],[-3,-11],[4,-5],[0,-8],[10,-10],[-2,-13],[13,-7],[16,-3],[14,-7],[-9,-4],[-3,-9],[-26,-6],[-11,-8]],[[11292,10770],[24,11],[4,4],[-12,11],[-8,10],[-4,0],[-8,17],[-6,7]],[[10955,11143],[6,-8],[-2,-9],[6,-11],[-5,-6],[7,-6],[-1,-4],[11,-5],[10,-15],[1,-9],[7,-5]],[[10995,11065],[-12,-5],[5,-9],[25,-10],[-5,-6],[-12,-5],[-12,-14],[-10,-3],[-3,2],[-10,-11],[-12,1],[-14,-2],[-5,-10],[-3,-11],[1,-20],[9,-9],[-10,-7],[-19,-7],[-5,-6]],[[10903,10933],[-11,8],[-19,6],[-8,-2],[-9,2],[-2,10],[-22,8],[-9,2],[5,8],[-6,13],[-15,-7],[-9,-1],[-13,11],[-17,3]],[[10768,10994],[3,8],[-1,12],[-14,3],[-9,-8],[-11,-1]],[[10736,11008],[7,5],[14,6],[3,6],[21,6],[18,13],[14,16],[-9,9]],[[10804,11069],[2,5],[17,14],[16,-4],[17,14],[12,2],[11,12],[16,8]],[[10895,11120],[16,3],[13,7],[9,9],[22,4]],[[11436,10935],[1,8],[5,3],[7,11],[-4,16]],[[11445,10973],[15,19],[14,2],[10,7],[16,3],[14,13],[13,0],[9,3]],[[11565,10879],[-10,-8],[-13,-5],[-4,4],[-16,1],[-16,-12],[-9,-1],[-2,-5],[-14,-11],[4,-3],[-7,-6],[-13,0],[-10,-8],[-16,-11],[-19,-17],[-12,3],[-24,0],[2,4],[-18,9]],[[10552,11276],[24,4],[7,7],[4,11],[15,11],[8,4],[18,0],[6,-3],[0,-25],[9,0],[11,10],[13,6],[6,12],[11,8],[23,28],[3,2]],[[10710,11351],[15,-6],[21,5],[13,-2],[11,5],[9,1],[13,-8],[10,-13],[13,-8],[15,-3],[13,-23],[16,-15],[0,-2]],[[10859,11282],[-2,-12]],[[10857,11270],[-5,-12],[-17,-18],[-1,-11],[-10,-18],[0,-8],[-4,-7]],[[10820,11196],[-7,-8]],[[11064,11108],[-18,-21],[-9,-8],[-12,-1],[-22,-6],[-8,-7]],[[10955,11143],[4,14],[-7,29]],[[11133,11006],[-9,-15],[-2,-7],[-14,-12],[-5,-3],[-11,-12],[-13,11],[-12,3],[-15,-11],[-7,1],[-13,-9],[-11,3],[-9,-6],[-5,2],[-17,-16],[-10,-3],[-19,3],[-23,-10]],[[10938,10925],[-2,2],[-23,6],[-10,0]],[[11064,11108],[11,-12]],[[11648,10814],[8,9],[15,0],[7,5]],[[11068,11593],[-11,-10],[-12,-7],[-9,0],[-17,-13],[-17,-5],[-6,-6]],[[10937,11562],[4,7],[-2,17],[5,10],[0,9]],[[10944,11605],[3,10],[5,7],[13,2],[10,5],[8,12],[15,3],[11,6],[4,6]],[[11013,11656],[7,8]],[[11020,11664],[3,-9],[12,-9],[0,-5],[15,-4],[10,-7],[9,-11],[0,-5],[12,-4]],[[11693,10453],[2,-14],[-9,-9],[-8,-28],[-10,-17],[2,-23],[8,-13],[1,-13],[-6,-7],[-9,-5],[1,-7],[-13,-8],[1,-6],[-10,-13],[-5,-14],[-8,-16],[1,-5],[9,-6],[-2,-8],[9,-4],[6,-15],[8,-6],[13,-25],[-3,-8],[-7,-9]],[[11664,10174],[-13,-5],[-14,7],[-8,-13],[8,-8],[-11,-12],[1,-5],[-8,-7],[-8,-11],[2,-8],[-2,-6],[-11,-8],[-5,-9],[-12,0],[-11,11],[-9,-6],[-7,-1],[-20,-11],[-9,2],[-7,6],[-30,7],[-16,4],[-19,10]],[[11455,10111],[2,12],[8,12],[11,11],[17,10],[12,13],[-9,5],[-7,8],[4,3],[-1,9],[-6,0],[-13,19],[-9,8],[-9,2],[-22,-2],[-11,1],[-11,5],[2,6],[14,9],[16,2],[7,3],[9,19],[-2,14],[-11,6],[-4,9],[-8,2],[-7,7],[10,5],[13,3],[7,5],[9,0],[13,10],[7,1],[13,23],[1,4]],[[12240,12108],[28,12],[1,8],[13,6],[3,7],[9,8],[11,2],[9,6],[16,3],[11,1]],[[10772,11143],[5,-6],[-1,-8],[-11,-28],[2,-18],[14,-2],[7,-9],[16,-3]],[[10736,11008],[-5,21],[-16,-6],[-14,2],[-18,15],[-6,13]],[[10677,11053],[-6,23],[4,17],[-1,8]],[[11020,11664],[6,10],[-1,10],[3,12],[4,0],[7,9],[5,2],[1,14],[12,7],[9,3]],[[11066,11731],[10,-8],[25,-7],[18,-12],[5,-6]],[[11455,10111],[-17,-5]],[[11438,10106],[-8,11],[-11,9],[8,18],[1,6],[11,11],[-4,10],[-18,3],[-16,-4],[-12,7],[-8,-3],[-8,5],[-17,-16],[-2,-5],[-11,2],[-5,4],[-15,4],[-4,10],[4,5],[-6,10],[1,7],[-5,13],[-14,10]],[[11299,10223],[-13,10],[-10,3]],[[11753,11366],[-8,21]],[[11692,11632],[5,-11],[-1,-17],[9,-6],[1,-15],[9,-15],[4,-2]],[[10958,11239],[-14,2],[-7,5],[-13,0],[-24,8],[-3,8],[-12,-2],[-5,6],[-10,0],[-13,4]],[[10859,11282],[6,1],[11,12],[4,16],[6,3],[3,7],[0,18],[4,6],[0,12]],[[12196,11740],[3,-21],[0,-16]],[[12199,11703],[-10,-1],[-14,-9],[-1,-4],[-8,-3],[-14,8],[-13,2],[1,11],[-5,1],[-1,10],[-14,6],[-18,-5],[-16,1],[-11,-1],[-6,7],[-5,-1],[-11,5],[-10,-5],[-14,2],[-19,-6]],[[11989,11716],[2,11],[-5,4],[-6,-2],[-14,9],[1,8],[-12,4],[-3,6],[5,8],[7,5],[1,12]],[[11965,11781],[4,6]],[[11969,11787],[6,-1],[9,5],[14,12],[12,6],[16,4],[8,-5],[14,1],[7,-5],[-10,-9],[2,-13],[10,1],[15,-2],[7,4],[26,3],[3,-2],[12,1],[6,5],[20,6],[8,13],[9,5],[12,0],[15,-4],[18,2],[16,-1]],[[12199,11703],[1,-8],[-6,-16]],[[12194,11679],[-3,-7],[-10,-1],[-6,-5],[-9,-2],[-3,-10],[-9,-3],[-3,-7],[-11,-7],[-5,-9]],[[11428,11102],[8,-2],[9,-8],[7,5],[7,-8],[10,0],[3,-6],[10,-4],[14,-9],[12,-3],[39,-16],[6,-4]],[[11445,10973],[-4,5],[-20,13],[-16,1],[-23,5],[0,5],[-6,9],[-12,1],[0,10],[-10,5],[-4,-3]],[[11350,11024],[-2,13],[12,11],[-3,9],[-5,3],[0,8]],[[12216,11925],[-10,-6],[-2,-6],[-12,-8],[-2,10],[-8,0],[-10,-12],[-18,-3],[-5,4],[-2,14],[-8,6],[-6,0],[-4,7],[-10,2],[-11,6],[-1,7],[-10,-1],[-14,-11],[-2,-9],[-5,-5]],[[12076,11920],[-13,7],[1,17],[-5,11],[1,13],[10,7],[-1,14],[3,13],[15,9],[8,2],[0,11],[8,6]],[[12103,12030],[5,-1],[7,6],[4,8],[7,-4],[5,4],[30,2],[8,-7],[12,-2],[17,1]],[[12519,11499],[-4,-5],[-11,-4],[-22,-16],[-10,-4],[-3,-8],[-11,-13],[-1,-15]],[[12229,11414],[6,23],[-4,12],[2,3],[9,36],[8,12],[-6,9],[-8,-3],[-22,-4],[-11,0]],[[12203,11502],[-2,8],[2,6],[10,11],[1,11],[3,11],[1,18],[10,11],[-1,8],[-13,11],[-15,2],[-5,13],[7,16],[7,7],[8,13],[-6,11],[-1,10],[-5,7],[-10,3]],[[12203,11502],[-8,-16],[6,-3],[-4,-9],[-25,-16],[-12,-2],[-16,6],[-9,9],[-3,10],[-9,3],[-1,16],[-7,9],[-3,8],[-10,12],[6,5],[11,4],[-1,7],[-10,5],[-9,-3],[-7,5],[-4,14],[-7,15],[2,5],[-4,8]],[[11805,11284],[5,11],[-3,6],[2,19]],[[11893,11344],[6,-3],[1,-14],[7,-12]],[[11134,10467],[11,5],[1,4],[16,8],[4,-2],[14,1],[17,-2],[15,10]],[[11238,11367],[14,12],[2,8],[1,13],[8,7],[-4,10],[7,3],[4,9],[-7,11],[3,22],[8,-11],[8,-2],[9,-9],[15,0],[3,3],[19,-1],[17,-4],[8,4],[2,6],[18,-7],[7,-10],[-3,-8],[10,-6],[9,-15],[7,-3],[17,6],[7,4],[16,-1],[14,3],[7,7],[8,3],[7,10],[8,7]],[[11525,11299],[-27,-4],[-6,-9],[-11,8],[-4,6],[-16,9],[-21,-8],[-16,-17],[-28,-11],[-16,-1]],[[11350,11024],[-14,-11],[-10,-4],[-8,-7],[0,-4],[-6,-14]],[[11969,11787],[-1,9],[9,12],[-1,5],[12,13],[2,11],[8,9],[-1,6],[15,4],[18,-9],[6,0],[11,11],[7,-3],[9,1],[9,10],[5,9],[-5,3],[-2,17],[8,7],[-2,18]],[[10895,11120],[-6,17],[4,7],[1,14],[-5,1],[-5,11],[-12,2],[-19,-8],[-19,3],[-2,7],[-8,11],[-4,11]],[[11098,10532],[12,-3],[12,0],[9,-4],[1,-6],[16,-4],[12,1],[4,14],[7,7],[14,-7],[20,-2]],[[11195,10749],[0,4],[-6,9],[-14,0],[-23,-4],[-13,-8],[-8,3],[-2,8],[5,8],[1,11],[-2,9],[18,19],[1,7],[-12,-2],[-13,5]],[[12103,12030],[-6,13],[-4,3],[1,12],[-4,13],[0,27],[-4,10]],[[12165,12156],[4,-12],[21,-33]],[[11448,11184],[2,4],[12,7],[23,16],[3,-9],[18,-16],[9,-4],[25,3],[13,3],[7,4],[18,-9],[12,2],[17,-7],[20,-3]],[[11151,11493],[-14,4],[-16,-14],[10,-11],[-3,-15],[-6,-7],[-4,-10],[-7,-4]],[[11676,10882],[-9,15]],[[10416,11291],[8,9],[18,12]],[[10442,11312],[11,1],[12,-4],[26,7],[6,-6],[7,-1],[15,4],[7,-3]],[[11092,10802],[-8,-11],[-1,-6],[-9,-13],[-12,-13],[-8,-2],[-2,-6],[-10,-8],[1,-6]],[[11043,10737],[-13,5],[-5,9],[1,16],[-9,15],[3,7],[-7,8],[-8,4],[-7,12]],[[10998,10813],[-7,16],[6,12],[-1,10],[14,9],[18,2],[5,4],[12,-7],[11,15],[14,7],[13,11],[10,1]],[[11837,11720],[10,10],[12,0],[9,6],[9,13],[6,-2],[14,3],[7,-1],[6,12],[-3,9],[4,2]],[[11911,11772],[14,-2],[4,3],[16,-2],[16,6],[4,4]],[[11093,10641],[-6,7],[-15,0],[-14,-3],[-11,12],[2,11],[-2,7],[4,8],[-2,3],[-16,5],[-2,10],[2,11],[-2,11],[12,14]],[[10998,10813],[-8,-3],[-18,9],[-13,-4],[-16,7],[-14,13],[7,12],[1,10],[4,7],[-4,3],[-3,20]],[[10934,10887],[-5,6],[1,10]],[[10930,10903],[12,13],[-4,9]],[[8607,10521],[-8,-4],[3,-7],[0,-17],[-6,-6],[-23,0],[-13,2],[-16,10],[-10,4],[-12,-2],[-13,1],[-2,4],[-12,-3],[-1,-5],[-10,-2],[-18,5],[-8,-2],[-19,4],[-30,2],[-11,13],[-8,3],[-15,-3],[-19,15],[-14,-8],[-1,-10],[-10,-6],[5,-7],[-1,-8],[-7,-3],[-1,-12],[-16,-3],[-9,4],[-1,-10],[-6,-7],[-8,3],[-8,-2],[-16,-9],[-5,0]],[[8258,10455],[-11,2],[-7,7],[6,4],[-1,10],[-5,6],[-2,7]],[[8238,10491],[-4,1],[1,11],[8,9],[-4,6],[7,8],[-11,6],[-8,11],[-12,-1],[0,9],[-15,-1],[-5,-6],[-11,6],[-14,13],[-18,-2],[3,6],[-3,5],[-10,-1],[-1,9],[13,7],[4,7],[-16,4],[5,18],[-9,18]],[[8138,10634],[12,21],[8,7]],[[8158,10662],[18,-6],[4,-11],[15,5],[27,-8],[21,12],[31,-11],[17,8],[2,-8],[16,-4],[5,-18],[11,0],[16,-19],[14,6],[8,7],[2,9],[6,-1],[23,11],[11,-1],[5,-12],[12,-2],[10,-4],[5,5],[8,1],[5,-6],[14,-1],[3,8],[8,7],[11,5],[7,1],[4,5],[23,-1],[9,1],[10,-1],[12,3],[12,-4],[8,0],[6,-17],[-3,-14],[5,-10]],[[8579,10597],[-8,-1],[-4,-9],[-10,-9],[5,-8],[-4,-12],[-7,-12],[12,-5],[7,-10],[13,0],[10,-7]],[[8593,10524],[14,-3]],[[8623,10994],[1,-7],[-6,-10],[-13,-8],[-8,0],[-6,-8],[-10,-3],[-11,-6],[-11,-1],[-14,2],[-9,-4]],[[8536,10949],[0,11],[8,2],[3,6],[-4,15],[2,8],[-1,17],[5,8],[1,9],[-3,12],[-9,4],[-26,0],[-13,5],[-4,11],[-8,11],[0,9],[5,7],[-1,5],[-7,6],[-11,2],[-3,7],[-12,-4],[-21,-2],[-17,2],[-6,10],[-16,6],[-9,9],[-3,8],[-7,-5],[-11,-2],[-4,5],[-10,3],[-14,-6],[-5,-11],[-19,-9],[-13,0],[-13,-12],[-10,-6]],[[8138,10634],[-10,-11],[-7,3],[-4,-8],[-6,-3],[-9,0],[0,-14]],[[8102,10601],[-7,9],[-4,-6],[-10,1],[-17,16],[-4,10],[-8,5],[-16,18],[10,6],[-1,10],[-22,3],[-9,-2],[-3,-7],[-15,0],[-17,-7],[1,-13],[7,-6],[-17,-7],[-3,-10],[-5,-6],[-4,-9]],[[7958,10606],[-19,0],[-9,1],[-6,-4]],[[7924,10603],[0,16],[5,10],[-1,15],[8,4],[5,15],[13,15],[1,9],[6,0],[8,11],[-7,14],[6,16],[-2,12],[-8,2],[-12,8],[-3,14],[-4,3],[2,13]],[[7941,10780],[13,1],[14,11],[16,1],[7,3],[9,-8],[9,-4],[14,-1],[11,11],[9,2]],[[8043,10796],[3,-11],[9,-5],[6,-7],[6,2],[15,-5],[6,1],[11,-3],[9,2],[8,-7]],[[8116,10763],[-6,-6],[9,-12],[-10,-4],[-6,-9],[6,-14],[-5,-8],[9,-5],[3,-24],[17,1],[22,-13],[3,-7]],[[8548,10725],[-10,5],[-16,-3],[-18,7],[-14,11],[-8,0],[-6,-10],[-7,-1],[-6,-13],[-24,-7],[-5,8],[-27,7],[-20,8],[-13,-5],[-7,0],[-9,-8],[-10,-5],[-19,-4],[-14,6],[-9,-8]],[[8306,10713],[-1,22],[-6,4],[6,5],[3,14],[6,7],[11,-2],[15,10],[10,11],[-3,4],[4,6],[-1,14],[2,9],[-11,7],[1,8],[-21,13]],[[8321,10845],[9,5],[7,-1],[15,6],[9,-3]],[[8361,10852],[13,1],[11,14],[10,-11],[1,-5],[-4,-10],[6,-7],[7,-3],[11,1],[9,-6],[16,-23],[11,-1],[12,-5],[3,2],[16,-5],[18,10],[4,-14],[14,-6],[3,-13],[10,-12],[-5,-9],[17,-17],[4,-8]],[[8008,10545],[10,-5],[18,2],[9,-2],[4,-9]],[[8049,10531],[-4,-5]],[[8045,10526],[-16,-10],[-2,-10],[-5,-6],[-12,-4],[-1,-8],[2,-7],[-7,-1],[-10,-7],[-3,-18],[-8,-4],[1,-9],[-6,-7],[5,-13],[6,-6],[-6,-14],[-10,0],[-20,-20]],[[7953,10382],[-9,1],[-25,10],[-6,-1],[-21,7],[-9,-1]],[[7883,10398],[9,10]],[[7892,10408],[4,4],[-2,6],[6,4],[-6,13],[0,13],[-3,8],[3,3],[-7,10],[7,9]],[[7894,10478],[8,1],[11,13],[14,6],[10,13],[6,2],[8,9],[5,9],[3,11],[10,7],[7,-6],[11,-3],[8,3],[13,2]],[[8258,10455],[-2,-11],[12,-10],[-5,-12],[1,-7],[-3,-10],[18,-4]],[[8279,10401],[-4,-4],[-20,0],[-9,-4],[-18,5],[-9,4],[1,9],[-4,20],[-6,2],[-1,8],[-16,0],[-12,-6],[-3,-6],[-9,-3],[2,-9],[-18,-9],[-16,4],[-6,-4],[-14,3],[-7,-1],[-13,11],[-9,4]],[[8088,10425],[0,21],[-7,8],[-5,19],[-4,2],[-4,13],[-6,4],[-3,13],[-6,3],[-8,18]],[[8049,10531],[28,21],[13,4],[4,5]],[[8094,10561],[-3,-15],[6,-11],[-3,-6],[0,-18],[11,-8],[9,-12],[5,1],[3,-11],[10,-4],[6,-7],[12,-4],[1,11],[13,-4],[13,1],[9,-12],[29,8],[18,9],[5,12]],[[8306,10713],[-3,-4],[-27,-5],[-13,4],[-10,10],[-17,3],[-7,9],[-7,-1],[-9,-7],[-14,5],[-5,-2],[-7,4],[-1,4],[-10,6],[0,11],[-4,9],[-8,9],[1,10],[-3,5],[-10,3]],[[8152,10786],[4,6],[2,10],[11,11],[2,6],[6,2]],[[8177,10821],[10,-2],[7,9],[-2,12],[1,10],[5,8],[9,2],[14,15],[3,18],[5,6]],[[8229,10899],[3,1]],[[8232,10900],[14,-10],[4,-15],[17,0],[11,-5],[29,9],[12,1],[5,-15],[-3,-20]],[[9503,11327],[4,-10],[-3,-10],[3,-13],[12,-17],[15,1],[10,-6],[4,-8],[-2,-9],[1,-12],[-10,-19],[-2,-12],[4,-9],[7,-7],[-1,-9],[-14,-6],[-6,-6],[0,-16],[-6,-12],[1,-9],[-6,-14],[2,-9],[8,-14],[5,-4],[0,-12],[-5,-6],[-15,-12],[-14,-3],[-10,-5],[1,-8],[5,-8],[6,-21],[0,-9],[8,-30],[13,-4],[0,-4]],[[9518,10975],[-6,-3],[-17,4],[-13,-7],[0,-6],[12,-13],[3,-12],[-2,-5],[-20,-2],[-4,-5],[3,-13],[6,-11],[-4,-7],[-10,-8],[-12,0],[-8,9],[-5,-4],[8,-15],[-1,-5],[-10,-13],[-4,-18],[-3,-10],[-17,-10],[-8,-11],[-1,-11]],[[9405,10799],[-10,-2],[-2,7],[-10,-6],[-21,2],[-10,12],[-15,-2],[-7,2]],[[9330,10812],[-10,20],[-9,-3],[-6,2],[16,11],[13,13],[7,3],[6,12],[10,9],[-6,5],[-11,-7],[-17,16],[2,7],[7,3],[3,8],[-12,14],[8,10],[28,9],[7,6],[0,9],[6,4],[1,11],[14,3],[7,14],[-10,11],[-12,7],[8,7],[35,19],[6,18],[6,-5],[4,8],[9,4],[-6,7],[1,15],[-8,6],[5,8],[-9,7],[-8,-1],[0,11],[6,3],[22,-1],[4,5],[-8,5],[-2,8],[-17,4],[-17,-5],[-10,0],[-7,-4],[-17,6],[-20,-10],[-8,3],[-14,12],[-16,-1],[-15,7],[3,14]],[[9299,11159],[27,11],[9,12],[2,9],[-3,6],[3,7],[7,8],[11,-1],[4,9],[7,4],[17,6],[4,6],[-3,7],[10,2],[3,5],[-15,5],[2,5],[11,0],[3,7]],[[8232,10900],[9,13],[6,16],[-1,8],[8,21],[7,12],[1,9]],[[8262,10979],[4,4],[0,9]],[[8266,10992],[10,0],[11,-6],[3,-7],[18,-6],[12,2],[12,0]],[[8332,10975],[5,-13],[-1,-9],[10,-5],[3,-5],[-2,-9],[2,-8],[-3,-6],[-2,-17],[6,-2],[4,-9],[-6,-13],[13,-19],[0,-8]],[[8889,10825],[-9,-8],[1,-18],[10,2],[3,4],[11,0],[17,-6],[12,1],[-1,-6],[12,-10],[16,-7],[6,3]],[[8967,10780],[-5,-11],[3,-5],[-6,-10],[-6,1],[-6,-5],[-13,-23],[-9,-3],[0,-6],[-9,-5],[-12,-23],[1,-6],[-9,-5],[-4,-8],[-1,-16],[-11,1],[-8,-6],[-12,3],[-6,7],[-7,0]],[[8847,10660],[-7,7],[-17,-2]],[[8823,10665],[-6,8],[-13,3],[-11,-5],[-7,3],[-7,-7],[-13,6],[-4,6],[3,10],[-12,23],[-14,7],[-7,7],[-1,6],[-10,11],[7,6],[-5,11],[9,7],[7,3],[5,13],[5,6],[17,9]],[[8766,10798],[3,-8],[8,-8],[10,-6],[15,0],[18,19],[10,3],[7,-2],[8,2],[7,8],[1,6],[7,2],[4,8],[25,3]],[[8271,11058],[-4,-9],[7,-23],[-4,-6],[-4,-28]],[[8262,10979],[-8,3],[-8,9],[-15,2],[-11,13],[4,8],[-7,5],[-5,10],[7,13],[-6,5],[-12,-1],[-1,10],[-10,7],[-3,12]],[[8889,10825],[5,9],[11,3],[10,-2],[7,2],[4,9],[8,4],[22,-3],[5,3],[14,2],[12,-1],[10,4],[4,9]],[[9001,10864],[8,-1],[12,4],[7,-9],[-4,-11],[3,-4],[12,-1],[23,22],[8,-2],[19,5],[9,-6]],[[9098,10861],[-2,-10],[-5,-6],[4,-4],[-13,-11],[0,-11],[9,-5]],[[9091,10814],[-6,-6],[-9,0],[-11,-7],[-18,3]],[[9047,10804],[-11,0],[-22,-4],[-7,-4],[-2,-7],[-5,-2],[-14,1],[-15,-2],[-4,-6]],[[8579,10597],[13,2],[8,-3],[8,3],[8,14],[0,13],[4,2],[-3,11],[-7,6],[0,13],[8,17],[-1,7],[-9,3],[-12,12],[-9,-6],[-11,2],[-13,6],[-6,17],[-9,9]],[[8548,10725],[6,10],[2,9],[7,2],[4,8],[-1,14],[-2,21],[8,14],[-3,10],[3,11],[7,15],[0,8],[11,8],[17,2],[4,4],[10,-3],[7,-13],[5,6],[14,7],[10,-5],[12,5]],[[8669,10858],[1,3],[21,20],[17,10],[1,4],[14,7],[16,-10],[5,-10],[6,-1],[5,-8],[10,-2],[0,-16],[7,-8],[-5,-6],[0,-11],[4,-3],[1,-9],[-3,-6],[2,-9],[-5,-5]],[[8823,10665],[-6,2],[-9,-7],[-22,-1],[-15,-11],[-1,-11],[-6,-6],[-11,-6],[-4,3],[-9,-4],[-8,-8],[-23,5],[-17,7],[-14,5],[-11,0],[-6,-3],[-22,-22],[-5,-9],[-14,-9],[-9,-4],[-2,-4],[-24,-17],[3,-5],[-9,-22],[8,-4],[6,-10]],[[8116,10763],[18,8],[16,4],[5,6],[-3,5]],[[9299,11159],[-9,2],[-8,-2],[-5,-6],[-9,-4],[0,-6],[-20,-15],[-20,-11],[-6,1],[-10,-7],[-16,-4]],[[9196,11107],[-9,1],[-7,7],[-15,-14],[1,-8],[-11,-12],[-12,-1],[-2,-5],[-17,3],[-5,6],[-13,4],[-19,2],[-2,5],[9,5],[1,10],[9,-1],[8,7],[17,6],[7,5],[1,5],[-6,22],[0,21],[6,5],[10,-1],[15,9],[3,9],[12,-2],[-1,-19],[10,3],[15,0],[0,5],[8,4],[-2,12],[2,10],[15,14],[9,12],[1,5],[-4,13],[-15,5],[0,14],[-7,14],[-11,2],[0,8],[11,12],[0,10]],[[8536,10949],[-22,12],[-6,8],[-18,9],[-16,-2],[-19,11],[-15,0],[-5,2],[-22,-6],[-13,-7],[-15,1],[-15,15],[-14,3],[-7,8],[-7,-2],[-1,-11],[-9,-15]],[[8094,10561],[3,5],[15,11],[-5,12],[-5,5],[0,7]],[[8870,11087],[13,2],[10,-3],[13,-8],[6,-10],[-7,-14],[-1,-8],[5,-6],[18,6],[8,1],[-1,-9],[4,-14],[-8,-6],[-2,-6],[4,-15],[0,-21],[5,-3],[-4,-14],[6,-3],[4,-16],[-1,-10],[8,-6],[29,-2],[1,-8],[15,-6],[5,-7],[-11,-16],[6,-10],[0,-6],[6,-5]],[[8669,10858],[-15,16],[-12,2],[-15,11],[-5,16],[13,8],[2,7],[20,9],[13,13],[-1,12],[-7,8],[8,9],[-9,5],[-4,8],[-13,5],[-11,9],[-10,-2]],[[8102,11083],[-2,-13],[5,-10],[11,-4],[4,2],[13,-7],[6,-7],[-5,-11],[1,-23],[3,-6],[-3,-8],[3,-11],[-5,-8],[6,-6],[11,-27],[19,-12],[-1,-10],[9,-8],[2,-9],[11,-3],[13,-1],[13,4],[13,-6]],[[8177,10821],[-4,9],[-11,4],[-3,15],[-7,8],[1,18],[-16,0],[-16,19],[-11,8],[3,6],[-4,5],[-18,-1],[-12,10],[-13,0],[-11,3],[-6,-7],[2,-9],[-12,2]],[[8039,10911],[-16,1],[-10,-5],[-12,-9],[-5,-1],[-12,-9],[-4,3],[-21,-7],[-21,3],[-9,-4]],[[7929,10883],[-6,8],[-14,2],[-14,8],[2,12],[6,16],[-3,4],[3,15],[-8,10],[0,12],[-7,5],[-3,37],[-3,18]],[[8008,10545],[0,5],[9,11],[-2,14],[8,7],[2,7],[-11,3],[-7,11],[-10,9],[-5,-1],[-16,5],[-3,-21],[-3,-2],[-25,1],[-1,-13],[-9,-7],[-2,-10],[-8,-4],[-7,2],[-4,7]],[[7914,10569],[3,15],[4,8],[26,7],[11,7]],[[9196,11107],[-16,-32],[1,-7],[-4,-13],[6,-6],[-12,-15],[-1,-12],[2,-8],[-12,-7],[-3,-7],[5,-20],[-4,-14],[1,-8],[8,-7],[-3,-22],[-12,-3],[-3,-6],[-16,-12],[-11,-15],[-5,-14],[0,-11],[-6,-8],[-13,1]],[[7894,10478],[-2,14],[10,35],[4,27],[8,15]],[[9330,10812],[-20,5],[-10,4],[-14,13],[-25,-1],[-14,-3],[-13,-9]],[[9234,10821],[-10,-2],[-3,-9],[-19,1],[-6,3],[-12,-2],[-14,11],[-8,2],[-8,-1],[-12,4],[-13,0],[-8,-7],[-6,1],[-7,-7],[-8,2],[-9,-3]],[[8607,10521],[11,-10],[3,-6],[-3,-8],[2,-7],[-10,-16],[1,-6],[-6,-12],[-6,-5],[-2,-7],[-8,-4],[-12,-3],[-4,-6],[3,-13],[-1,-15],[6,-8],[8,-25],[9,-11]],[[8598,10359],[21,-7]],[[8619,10352],[0,-7]],[[8619,10345],[-6,-24],[-11,-11],[-9,-4],[-9,-12],[-10,0],[-5,-10],[-1,-7],[-11,-10],[-14,-18]],[[8543,10249],[-10,-3],[-11,3],[-12,6],[-6,-4],[-8,6],[-22,8],[-4,9],[-2,14],[-8,3],[-3,8],[1,10],[-17,16],[-10,22],[-11,-1],[-8,3],[-1,14],[-11,5],[-1,10],[-14,5],[-25,4],[-14,-2],[-10,-6],[-10,-1],[-6,5],[-2,9],[-11,-5],[-8,0],[-5,11],[-5,5],[-10,-2]],[[7892,10408],[-14,5],[-1,3],[-11,2],[-4,9],[-11,1],[-2,10],[-5,4],[-2,12],[-8,10],[0,14],[2,10],[-2,12],[-13,6],[-5,9],[-7,6]],[[7809,10521],[6,21],[4,4],[3,11],[-7,6],[3,8],[9,5],[13,18],[-5,5],[4,8],[15,-2],[-4,17],[11,-1]],[[7861,10621],[9,3],[16,-11],[4,-6],[9,-7],[15,-4],[10,7]],[[8404,6324],[-119,-25]],[[8285,6299],[-10,0],[-3,6],[-14,10],[3,5],[-3,11],[-12,6],[-7,21],[13,5],[1,18],[-7,2],[-7,16],[3,14],[-6,0],[-12,6],[-3,10],[-6,4],[-8,-1],[-11,16],[-9,4],[0,7],[-5,5],[-8,-3],[1,10],[-8,9],[-11,8],[-4,7],[-6,-2],[-12,2],[-21,-6],[-1,7],[-15,9],[-6,-3],[-24,-3],[-6,18],[-8,13],[4,11],[-14,8],[-11,3],[-4,17],[-7,-3],[-7,4],[2,7],[-3,13],[-5,6],[-7,-1]],[[8001,6595],[-9,-1],[-3,5],[7,8],[-8,6],[-3,6],[-8,2],[-5,-3],[-6,4],[4,11],[0,7],[9,6],[0,7],[5,10],[14,7],[0,10],[8,5],[5,-1],[18,19],[1,9],[-10,7],[-5,9],[0,11],[-5,6],[0,10],[-16,0],[-3,3],[1,13],[-2,11],[2,18]],[[7992,6800],[8,-2],[9,1],[4,5],[10,2],[8,9],[16,3],[11,4],[3,5],[1,11],[3,4],[-2,9],[2,15],[8,9],[10,3],[14,9],[6,12],[1,15],[6,9],[8,3],[5,8]],[[8123,6934],[18,5],[12,6],[10,2],[9,10],[3,7],[8,6],[3,15],[-7,13],[7,14],[1,9],[14,9],[19,25],[0,10],[21,11],[9,1],[8,7]],[[8258,7084],[-2,9],[7,7],[0,4],[6,8],[14,5],[-3,8],[13,16],[9,6],[-1,8],[6,8],[9,1],[5,8],[0,15],[7,6],[1,9],[14,6],[31,0],[12,6],[6,7],[16,2],[11,7],[20,4],[11,-1],[4,10],[8,16],[1,6],[10,8],[2,17]],[[8475,7290],[15,-3],[2,-8],[11,-15],[-1,-10],[3,-9],[6,-7],[0,-13],[5,-3],[5,-10],[11,-4],[-13,-31],[1,-10],[12,-20],[8,-9],[-5,-9],[-7,-6],[1,-11],[-2,-14],[-5,-9],[1,-10],[-3,-5],[1,-11],[8,-11],[7,3],[23,-4],[3,4],[11,-1],[-4,-8],[10,-6],[10,-1],[-6,-9],[0,-10],[-9,-27],[8,-15],[-8,-11],[1,-16],[-4,-7],[-1,-11],[3,-7],[-2,-9],[-14,-13],[-13,-29],[-6,1],[-13,-14],[-11,-9],[-15,-1],[1,-13],[-3,-6],[4,-7],[-2,-14],[6,-5]],[[8505,6807],[-31,-14],[6,-10],[7,-8],[-2,-9],[-14,-13],[-6,-10],[11,0],[10,-12],[-4,-7],[-9,-3],[-18,-2],[-3,-6],[6,-4],[-11,-12],[-12,-10],[1,-10],[5,-5],[-4,-11],[-9,-8],[-10,0],[-6,-10],[3,-11],[-11,-11],[-2,-13],[-7,1],[3,-9],[6,-5],[-3,-7],[3,-8],[-8,-5],[5,-9],[5,-14],[-4,-6],[-1,-16],[5,-5],[3,-10],[6,-2],[-5,-8],[14,-4],[1,-12],[-4,-4],[9,-8],[1,-8],[-6,-9],[0,-6],[6,-15],[-2,-17],[-6,-6],[11,-8],[-15,-15],[-3,-7],[2,-9],[-5,-12],[-9,-9],[0,-10],[4,-17],[-4,-5]],[[8031,6149],[-12,-3],[-4,-7],[-8,0],[-6,-4],[4,-9],[-2,-4],[-12,2],[-1,6],[-12,4],[-19,-4],[-8,-22],[-1,-13],[-3,-4],[5,-9],[1,-22]],[[7953,6060],[-58,1],[-9,-3],[-8,-10],[-9,0],[-11,8],[-10,0],[-25,-15],[-8,1],[-1,8],[-5,6],[6,15],[-2,6],[6,8],[7,14],[-3,7],[-32,22]],[[7791,6128],[-5,5],[-8,0],[-14,7],[-3,19],[-13,14],[-18,16],[0,5],[10,8],[-7,11],[2,4],[-5,7],[-13,0],[25,21],[5,2],[6,20],[5,2],[17,34],[55,39]],[[7830,6342],[13,7],[8,1],[9,-7],[1,-5],[9,-1],[20,-9],[12,-7],[-5,-5],[6,-8],[-4,-3],[9,-6],[1,-8],[13,-7],[0,-6],[13,-8],[-5,-6],[6,-5],[7,1],[3,-9],[-9,-7],[8,-6],[3,-11],[-4,-7],[20,-3],[10,-10],[-3,-8],[10,-4],[-3,-6],[5,-9],[7,-3],[1,-8],[10,7],[4,-9],[23,-7],[-2,-4],[5,-7]],[[8001,6595],[-39,-55],[6,3],[11,-1],[3,-6],[14,-5],[10,-24],[6,-3],[-4,-9],[5,-22],[-12,-5],[3,-16],[12,-7],[7,-16],[6,-9],[21,-4],[8,-7],[-21,-81],[-6,-12],[12,-1],[8,-15]],[[8051,6300],[-7,2],[-9,-30],[6,-4],[5,-9],[-3,-9],[11,-3],[0,-11],[-7,-4],[13,-22],[24,-21],[-3,-4],[0,-17],[-2,-7],[-16,-4],[-2,-6],[-10,0],[-11,3],[-9,-5]],[[7830,6342],[-11,-2],[-4,7],[-17,12],[-20,6],[-5,3],[-10,1],[-2,11],[-10,1],[-6,6],[-16,6],[1,8],[-15,7],[-5,4],[1,12],[-5,5],[7,9],[-8,9],[1,5],[-9,9],[-8,4],[-4,8],[15,20],[-6,12],[-7,4],[-4,13],[-12,7],[-4,6],[-10,-3],[-16,2],[-20,-16],[-16,-11],[-20,0],[-12,7],[-6,9],[0,6],[7,14],[-1,13],[3,7],[-5,12]],[[7571,6575],[10,3],[8,12],[6,-1],[9,9],[13,1],[14,-6],[11,4],[9,-3],[7,1],[15,10],[16,21],[8,6],[14,0],[17,8],[6,28],[-5,7],[2,5],[10,4],[13,-2],[11,4],[3,8],[11,4],[8,10],[6,13],[10,2],[7,5],[1,5],[11,9],[12,6],[16,0],[8,-4],[17,1],[15,6],[11,7],[9,-4],[7,7],[6,13]],[[7923,6774],[9,8],[19,7],[22,-4],[11,11],[8,4]],[[10830,5408],[10,-4],[9,-6],[14,-6],[4,-12],[2,-16],[12,3],[10,6],[9,1],[8,-2],[12,-7],[9,-3],[-9,-10],[13,-7],[3,13],[5,1],[9,-5],[4,-7],[-16,-18],[1,-5],[11,-1],[19,3],[-9,7],[-2,9],[9,6],[5,-2],[6,-10],[9,-4],[-2,-11],[-7,-7],[4,-4],[18,6],[7,-1],[4,-6],[-16,-4],[-4,-10],[16,-4],[-9,-8],[10,-10],[4,-7],[13,-3],[11,13],[0,-11],[-13,-12],[-13,1],[0,-9],[19,-8],[11,-1],[12,7],[3,-17],[8,-10],[-9,-8],[4,-13],[-8,-5],[12,-17],[21,-5],[9,1],[8,5],[3,9],[8,1],[1,-8],[8,-8],[10,-6],[0,-13],[-2,-8],[-7,-8],[2,-13],[31,-7],[-1,-11],[3,-8],[7,-4],[17,10],[11,0],[7,-5],[5,-8],[6,8],[4,9],[19,-17],[8,10],[11,-1],[3,-11],[11,-5],[12,6],[-4,-15],[7,-7],[-13,-6],[-11,-1],[21,-16],[7,-2],[17,5],[-2,10],[12,4],[2,8],[14,-12],[11,0],[9,11],[4,-3],[-5,-16],[8,-3],[6,10],[6,0],[3,-15],[-4,-2],[-22,1],[-4,-10],[7,-6],[25,0],[-9,-10],[4,-5],[14,-1],[13,3],[-1,-12],[6,-2],[2,12],[8,2],[7,-3],[3,-8],[-4,-8],[5,-8],[11,-3],[12,0],[9,4],[6,-7],[-10,-11],[3,-6],[8,1],[14,4],[3,7],[12,2],[5,8],[8,3],[1,-6],[-11,-11],[-7,-4],[7,-6],[12,9],[8,2],[17,-7],[11,-12],[-2,-11],[-8,-13],[1,-12],[-8,-7],[4,-8],[8,-6],[14,-1],[1,-4],[-7,-7],[-4,-24],[-11,-8],[-6,4],[0,7],[-6,9],[-4,-11],[-9,-3],[-16,15],[-28,-10],[-16,2],[-2,-10],[6,-8],[-11,-1],[-5,7],[-8,4],[-11,-2],[-4,13],[-5,4],[-15,-2],[-1,-6],[-9,-6],[-2,-7],[-13,4],[-8,6],[-8,-6],[6,-16],[-10,-5],[-3,10],[-11,0],[1,8],[-7,5],[-7,-6],[-17,2],[-9,-8],[-5,4],[-14,2],[-14,3],[-2,9],[-13,-5],[-9,1],[-10,-8],[-7,8],[2,7],[-11,-1],[1,7],[-4,7],[-11,-2],[-21,4],[3,7],[-1,7],[3,10],[-7,6],[-7,-5],[-11,0],[-5,7],[-21,-6],[1,8],[-12,1],[4,11],[-7,7],[-7,-9],[-6,7],[-7,2],[-4,-10],[-11,-1],[2,13],[-9,-3],[0,-8],[-9,2],[-11,-16],[-10,-6],[-6,2],[-18,-10],[-7,-1],[-10,-9],[-7,5],[-11,-4],[-3,4],[-13,-5],[-27,1],[-17,-11],[-12,-1],[-10,8],[-10,3],[-7,-3],[-11,3],[-7,6],[1,8],[-10,17],[-7,1],[-9,-12],[-4,1],[-14,-11],[-13,4],[-4,5],[4,8],[-9,9],[-16,2],[-13,-13],[-6,-3],[-4,-9],[-11,-7],[-5,2],[-15,-2],[-15,1],[-14,7],[-6,9],[-18,3],[-9,12],[-10,0],[-4,8],[-10,6],[-5,-4],[-25,14],[0,5],[-6,13],[-1,11],[-5,7],[-19,2],[-3,9],[-122,0],[-170,0],[-161,0],[-186,0],[-234,0],[-11,16],[4,10],[-5,3],[-1,11],[-8,8],[6,14],[-8,17],[-16,11],[-2,10],[6,7],[-13,16],[1,10],[-7,11],[3,4],[-8,8],[-1,14],[-6,9],[7,5],[-28,13],[-9,2],[-14,8],[-1,13],[-4,6],[8,12],[1,22],[-6,13],[-8,4],[-9,12],[-14,11],[-5,13],[1,9],[-14,14],[-5,13],[4,9],[0,22],[-7,10],[-10,1],[-3,6],[7,9],[-71,80],[-10,8],[-10,17],[-11,5],[-13,-4],[-4,-3],[-19,2],[-15,9],[-2,10],[-7,0],[-6,8],[-8,4],[-1,-9],[-21,8],[-13,12],[-1,6],[-9,1],[3,10],[-15,-5],[-2,16],[2,8],[-9,6],[-6,7],[-8,0],[10,11],[2,9],[-8,6],[-3,11],[5,5],[12,2],[-20,12],[-20,29],[4,6],[-6,3],[-2,9],[6,6],[17,7],[4,9],[8,4],[-1,19],[9,5],[4,12],[4,4],[0,16],[-4,7],[-11,0],[-7,10],[-6,2],[-7,14],[-18,11],[-13,13],[-2,11],[5,7],[-3,5],[-10,2],[-17,8],[-2,8],[-5,3],[-16,28]],[[9182,5907],[6,14],[-14,10],[-14,14],[-7,3],[3,12],[-17,4],[-1,15],[-18,19],[-8,4],[1,21],[-7,24],[-11,9],[-4,10],[-8,4],[1,5],[-17,10],[-3,7],[-9,-1],[-11,22],[-14,11],[7,3],[-7,7],[-10,-2],[-10,10],[1,8],[7,7],[-4,7],[9,16],[-7,10],[-10,-2],[-10,17],[-10,-2],[-9,7],[-15,0],[-9,3],[-4,9],[-10,5],[1,16],[-2,2]],[[8938,6245],[17,16],[-6,10],[-2,9],[3,9],[7,12],[1,5],[-6,11],[0,8],[5,10],[-5,12],[6,2],[-3,13],[1,13],[-10,10],[9,1],[10,-13],[7,1],[6,7],[15,7],[12,-4],[16,4],[15,8],[-1,8],[6,2],[18,13],[7,-1],[12,16],[15,0],[3,3]],[[9096,6437],[1,-2],[18,-4],[11,-8],[10,1],[6,-7]],[[9142,6417],[7,-6],[22,-2],[-3,-10],[4,-8],[24,9],[20,1],[5,-8],[-5,-9],[7,-10],[22,8],[21,-8],[4,6],[8,-1],[7,6],[-3,10],[6,2],[5,-9],[5,-3],[6,5],[-6,9],[20,10],[-6,13],[-2,7],[13,4],[-3,8],[1,17],[-15,11],[-1,5],[8,2],[13,-1],[-13,10],[5,9],[-4,11],[7,9],[-1,15],[7,13],[-1,9],[-13,3],[1,8],[11,0],[8,16]],[[9333,6578],[144,-193],[98,-131],[13,1],[3,-9],[13,-12],[11,-5],[7,-14],[2,-11],[-2,-5],[14,-8],[8,-8],[18,-7],[11,-2],[10,-6],[2,-7],[17,-6],[17,0],[8,-4],[3,-6],[12,-5],[4,-11],[9,5],[9,-10],[2,-6],[8,-2],[6,-13],[6,-1],[8,-11],[0,-10],[12,-3],[1,-6],[10,-7],[12,1],[3,-5],[16,-4],[4,-4],[14,-1],[4,-6],[6,1],[0,-12],[4,-18],[-1,-10],[15,-2],[12,-19],[13,-7],[-2,-5],[12,-4],[3,-13],[8,0],[2,-6],[15,1],[2,-7],[15,-8],[8,-9],[21,-4],[10,-6],[-4,-9],[5,-3],[25,-7],[-7,-9],[5,-8],[10,4],[8,0],[13,-10],[-8,-4],[8,-10],[3,-8],[13,8],[6,-2],[3,-9],[5,-3],[16,3],[-7,-9],[12,-14],[5,4],[8,-3],[-1,-6],[7,-2],[11,4],[-1,12],[6,3],[-3,-29],[4,-10],[10,-6],[0,-9],[7,-3],[6,12],[10,6],[6,-8],[0,-9],[23,-3],[-6,-11],[23,-4],[5,-8],[9,-6],[8,3],[4,8],[10,7],[4,-6],[-5,-5],[19,-7],[-1,-12],[-9,-9],[-1,-9],[14,-20],[-11,1],[-5,-4],[6,-9],[9,2],[-3,-8],[8,-8],[-5,-6],[8,-7],[-2,-5],[21,0],[4,-5],[-8,-8],[16,-11],[3,-8],[16,5],[2,-7],[10,-4],[-3,-8],[19,-6],[-11,-3],[-1,-10],[4,-5],[11,2],[-1,-9],[6,-5],[-7,-6],[7,-5],[-7,-5],[2,-7],[5,-5],[15,-5],[7,0],[5,-8],[-10,-7],[7,-7],[16,-3],[4,-11],[7,-1],[6,-8],[25,5],[16,-4],[9,7],[0,13],[13,4],[5,-5],[10,-2],[9,2],[3,-14],[14,-3],[1,-4],[-5,-8],[-9,-3],[3,-8],[24,-8],[1,-10],[6,-9],[12,2],[13,6],[9,0],[2,-6],[8,-1],[2,-13],[10,-3],[15,0],[11,4],[17,19],[5,-5],[8,4],[1,-11],[11,0],[0,16],[14,15],[17,-6],[-3,11],[5,19],[7,-5],[0,-8],[8,-3],[10,10],[-3,6],[-9,0],[5,10],[9,-7],[5,0],[11,-13],[8,-1],[11,4],[3,-6],[-5,-4],[-14,0],[4,-8],[13,0],[10,-4],[3,-6],[-4,-10],[19,-10],[-1,-11],[-5,-6],[-8,6],[-6,-2],[8,-10],[13,-7],[9,1],[2,-8],[4,-2]],[[7953,6060],[-58,-15],[-4,-18],[5,-9],[6,1],[6,-5],[-7,-8],[1,-13],[-11,-6],[-1,-7],[-18,-16],[1,-9],[9,-6],[-1,-5],[7,-21],[-3,-11],[3,-9],[16,-12],[2,-8],[6,-7],[12,-7],[21,-10]],[[7945,5859],[1,-10],[-3,-14],[11,0],[4,-3],[3,-16]],[[7961,5816],[-7,-3],[-14,-20],[-10,-2],[-15,4],[-18,9],[-7,11],[-5,13],[-1,14],[-5,8],[-13,5],[-9,1],[-11,5],[-9,9],[-2,8],[-2,17],[-7,9],[-15,5],[-13,0],[-21,4],[3,9],[16,5],[1,15],[12,14],[1,11],[-7,6],[-11,-5],[-13,0],[-9,4],[-33,32],[-14,10],[-12,3],[-7,-4],[3,-9],[12,-7],[5,-12],[-5,-13],[-7,-7],[-8,4],[-1,19],[-7,9],[-11,-3],[-7,-6],[-25,6],[-12,-7],[-11,1],[-12,8],[-21,2],[-7,1]],[[7590,5999],[6,6],[-15,10],[-8,-4],[-6,3],[-1,9],[-15,8],[-13,3],[0,14],[-12,1]],[[7526,6049],[-4,10],[13,1],[10,5],[25,36],[8,-5],[16,-4],[5,-11],[11,-6],[13,0],[11,-5],[14,0],[17,-10],[12,2],[5,15],[-6,1],[-2,10],[-10,6],[3,5],[0,11],[3,4],[41,0],[80,14]],[[9096,6437],[-8,4],[-10,0],[-14,11],[-13,1],[-14,11],[-9,3],[-6,6],[-14,-1],[-5,3],[-9,27],[-8,5],[-6,0],[-5,11],[-13,8],[3,12],[-13,3],[-3,8],[-14,11],[-7,1],[-15,5],[-15,-1],[-1,7],[-6,3],[-10,18],[-8,2],[-5,7],[-18,7],[-7,-3],[-23,-2],[-17,14],[-26,8],[-6,4],[-21,-3],[-9,10],[-8,-4],[-13,4],[-2,7],[-6,4],[-17,1],[-8,4],[-17,-7],[-15,2],[-5,5],[-8,4],[-11,10],[-17,11],[-11,4],[-1,9],[-12,27],[-13,9],[1,11],[8,10],[-4,4],[2,8],[-8,3],[-8,14],[-6,7],[5,5],[7,1],[0,10],[11,9],[10,16],[-6,6],[5,15],[7,6],[-10,10],[7,13],[0,10],[-5,12],[2,11],[-3,10],[11,7],[21,33],[2,8],[5,5],[1,11],[-4,10],[-9,5],[-4,5],[-3,13],[3,6],[-4,6],[6,7],[-24,107],[-37,166],[-27,119]],[[8529,7426],[13,5],[6,8],[9,0],[11,-7],[11,4]],[[8579,7436],[6,-5],[16,-9],[0,-16],[14,-4],[13,-7],[-3,-17],[10,-3],[5,3],[22,-2],[-1,-12],[7,-7],[-1,-9],[8,-8],[0,-12],[4,-11],[16,-7],[6,-14],[-1,-12],[-4,-4],[0,-7],[7,-18],[-7,-8],[5,-9],[1,-12],[-6,-6],[-9,-19],[1,-11],[-4,-15],[-6,-6],[-2,-11],[-17,-14],[-11,-14],[3,-10],[-3,-21],[2,-12],[11,-12],[-12,-15],[3,-15],[-2,-5],[-8,-5],[3,-7],[-6,-13],[2,-13],[6,-9],[-4,-23],[3,-4],[-5,-9],[-1,-15],[-3,-5],[-1,-16],[-7,-3],[-2,-8],[-2,-16],[-11,-8],[7,-12],[-3,-14],[2,-13],[4,-3],[25,-6],[7,4],[13,-3],[4,-7],[14,3],[11,0],[9,-9],[5,-8],[17,-4],[21,-15],[3,-9],[7,-6],[9,-3],[5,-6],[11,-2],[2,-16],[11,-13],[11,-4],[14,7],[8,0],[6,-7],[13,-1],[4,4],[9,-3],[7,2],[7,-2],[13,9],[18,-4],[6,6],[13,-1],[14,5],[9,-4],[12,8],[6,-3],[7,9],[11,-8],[9,-2],[5,-5],[7,-29],[3,-3],[0,-11],[-4,-5],[9,-14],[-10,-1],[-1,-7],[14,-11],[15,-2],[6,-12],[-10,-11],[8,-2],[20,6],[3,-6],[-4,-9],[3,-6],[10,3],[7,-2],[-5,-13],[4,-10],[-8,-3],[0,-5],[20,2],[-10,-8],[-1,-4],[5,-15],[4,-4],[13,-5],[3,-8],[0,-11],[6,-7],[9,-2],[5,6],[8,-1],[-5,-10],[5,-4],[-8,-10],[16,-1],[1,-9],[-7,-17],[1,-6],[7,-1],[-2,-8],[6,-6],[8,0],[2,-5],[-13,-2],[4,-9],[11,-1],[0,-6],[-15,-3],[8,-6],[11,0],[0,-9],[-4,-4],[-13,-6]],[[8475,7290],[-13,7],[-5,11],[0,11],[5,10],[7,5],[16,5],[11,9],[-4,5],[8,12],[7,18],[8,12],[8,7],[-5,10]],[[8518,7412],[11,14]],[[8938,6245],[-13,-47],[-36,123],[-128,5],[-19,4],[-2,5],[-9,2],[-2,7],[-6,0],[-14,5],[-10,7],[-9,15],[0,19],[8,7],[-3,18],[-12,15],[-8,5],[-1,6],[-15,12],[-11,3],[-2,10],[-13,6],[-9,7],[-3,8],[-10,-6],[-5,2],[-3,12],[3,6],[-4,6],[-7,3],[-2,12],[-7,3],[-2,6],[-7,1],[-9,14],[-1,12],[-14,18],[-6,0],[-10,9],[-12,-3],[-18,6],[16,13],[14,4],[11,6],[7,8],[9,2],[4,7],[3,11],[-2,10],[0,12],[12,6],[3,14],[7,3],[-86,123]],[[9182,5907],[-170,33],[-225,42]],[[8787,5982],[-5,13],[3,8],[12,15],[-10,5],[-5,7],[7,5],[-4,8],[2,14],[-33,18],[-7,1],[-15,10],[-15,23],[-21,4],[-8,4],[-3,9],[-15,3],[-2,6],[8,10],[-10,11],[-54,0],[13,13],[-7,14],[-6,4],[-8,12],[-3,11],[-7,11],[-10,10],[-5,19],[-1,12],[5,15],[-2,17],[-4,15],[-6,11],[7,7],[4,12],[-7,0],[-3,-5],[-7,-2],[-8,4],[-16,0],[-8,3],[-14,1],[-23,-4],[-16,2],[-15,-5],[-17,5],[-23,-1],[-10,-5],[-4,-8],[-7,0]],[[8787,5982],[-5,-7],[-13,-4],[-2,-9],[-8,-5],[1,-11],[-5,-5],[-1,-12],[-6,-4],[-3,-7],[4,-8],[-5,-13],[0,-8],[5,-2],[2,-9],[8,-2],[9,-12],[-1,-6],[7,-3],[5,-8],[-3,-7],[-9,-9],[-13,1],[-5,-3],[1,-10],[-9,-1],[-11,-7],[-9,3],[-3,12],[-1,18],[-5,15],[-8,4],[-23,-3],[-17,2],[-12,7],[-6,-2],[-3,-6],[-31,-12]],[[8612,5849],[-8,10],[-94,111],[-190,64],[-3,2],[5,12],[-11,11],[-1,15],[3,9],[0,8],[-29,90]],[[8284,6181],[1,118]],[[8284,6181],[-5,1],[-6,10],[-25,-6],[-9,4],[-8,-8],[-19,4],[4,5],[-11,4],[-10,-2],[-6,4],[-11,4],[3,15],[-3,7],[-9,2],[-7,8],[1,26],[-11,10],[-14,0],[-9,-3],[-8,3],[-20,0],[-2,12],[5,8],[1,10],[-10,1],[-9,-2],[-10,2],[-6,6],[-14,-1],[-5,-5]],[[8579,7436],[8,9],[13,32],[7,7],[17,-8],[7,3],[9,11],[3,10],[12,5],[8,14],[-1,15],[13,17],[9,-3],[4,9],[8,6],[3,6],[12,4],[-4,10],[22,21],[8,11],[8,24],[-3,10],[20,-1],[8,-2],[16,4],[14,-6],[4,0],[12,19],[-13,6],[15,20],[2,6],[9,5],[7,9],[5,11],[0,9],[15,7],[14,9],[-3,4]],[[8867,7749],[12,8],[7,1],[12,9],[10,12],[14,-2],[9,3],[16,-2],[8,3],[19,1],[7,-6],[2,-15],[10,-4],[5,-11],[11,-7],[13,1],[16,-4],[12,-1],[12,-9],[12,-16],[-10,-6],[5,-10],[-6,-6],[-10,-7],[-8,-14],[-8,-3],[3,-11],[-7,-5],[2,-14],[-8,-9],[8,-23],[-3,-3],[-1,-13],[3,-7],[10,3],[9,-4],[7,-8],[10,-7],[-7,-7],[-6,-19],[3,-6],[-6,-3],[-3,-12],[6,-8],[-3,-13],[2,-6],[-6,-4],[-5,-7],[-1,-9],[11,-6],[9,0],[4,-5],[1,-10],[-15,-13],[0,-14],[8,-13],[-14,-10],[-3,-9],[4,-7],[-4,-4],[0,-10],[-6,-8],[8,-11],[-9,-17],[-1,-22],[6,-7],[-14,-6],[-6,-15],[-7,-7],[1,-7],[-4,-9],[2,-9],[-2,-11],[10,-4],[4,1],[15,-10],[-2,-15],[10,-16],[7,2],[16,-8],[17,2],[10,-25],[19,14],[6,1],[5,-5],[2,-12],[-6,-4],[0,-7],[-7,-17],[0,-13],[-8,-5],[-5,-12],[11,0],[14,9],[20,-16],[-1,-6],[9,-17],[-2,-2],[-1,-18],[-5,-17],[6,-10],[17,-8],[6,-5],[6,-16],[-4,-6],[13,-6],[16,-14],[-7,-7],[18,-24],[8,-14],[3,-9],[5,-5],[4,-12],[-5,-6],[4,-10],[-1,-27],[15,-20],[12,0],[5,-9],[-14,-6],[1,-7],[-10,-15],[5,-7],[3,-10],[6,-2],[14,-16],[15,-1],[6,-4],[2,-6],[-4,-6],[21,-15],[-6,-15],[12,-16],[-6,-22],[6,-11],[-9,-10],[0,-6],[-8,-11],[7,-9],[-3,-5],[-9,-2],[1,-11],[12,-8],[4,-11],[5,-3],[10,2],[7,-3],[0,-6],[-7,-11]],[[7526,6049],[-18,-1],[-8,10],[-28,2],[-10,-7],[-12,4],[-8,-1],[-11,9],[-12,2],[-9,-4],[-9,3],[-9,6],[-17,-1],[-5,-2],[-34,15],[-8,7],[-5,12],[1,8],[-5,2],[2,14],[-12,10],[-1,7],[-7,8],[13,9],[1,11],[-4,7],[-9,7],[-5,8],[0,8],[12,5],[2,6],[11,6],[0,4],[12,12],[10,2],[20,16],[12,13],[-1,8],[9,7],[9,4],[3,7],[7,5],[14,1],[-4,11],[-8,9],[25,17],[2,17],[4,6],[-3,13],[4,5],[-2,15],[6,4],[-5,7],[-1,10],[11,0],[12,25],[10,9],[-6,10],[-7,5],[5,18],[-2,10],[18,24],[12,11],[1,6],[15,12],[-3,6],[3,10],[-7,2],[-2,7],[4,7],[-11,22],[-12,5]],[[7476,6601],[25,-6],[10,-9],[9,0],[17,-9],[5,-16],[29,14]],[[8867,7749],[1,6],[-21,19],[-1,14],[-7,14],[2,11],[17,13],[11,30],[-28,12],[2,5]],[[8843,7873],[10,17]],[[8853,7890],[6,3],[27,4],[9,-6],[8,8],[16,7],[9,-9],[6,3],[11,13],[9,1],[15,15],[5,7],[17,15],[1,7],[8,6],[12,5],[1,7],[6,5],[0,10],[9,13],[7,4],[5,8],[7,4],[5,9],[7,6],[4,8],[5,3],[13,2],[5,8],[10,4],[2,5],[10,3],[1,6],[13,13]],[[9122,8087],[6,7],[9,7]],[[9137,8101],[18,-7],[3,-13],[10,-9],[7,9],[7,1],[8,14],[31,13],[19,-1],[9,-2],[6,3],[12,-9],[5,2],[2,8],[10,6],[9,1],[18,14],[6,2],[14,-13],[-7,-13],[6,-8],[10,-3],[5,-16],[0,-6],[12,-14],[11,-1],[9,6],[7,-2],[18,5],[14,-3],[1,6],[17,5],[5,3],[14,1],[8,3],[25,-6],[1,-13],[8,-7],[-2,-11],[5,-5],[4,-17],[-13,-11],[8,-9],[-3,-6],[4,-7],[-3,-9],[12,-1],[2,-12],[5,-12],[11,-12],[2,-18],[22,0],[12,-3],[-16,-22],[4,-14],[-8,-10],[-7,-5],[1,-9],[19,-1],[12,-6],[-2,-13],[12,0],[22,-11],[6,-9],[-9,-10],[-10,-23]],[[9585,7791],[-12,-3],[-4,-12],[-13,4],[-5,-9],[-22,-11],[-10,-13],[4,-9],[-11,-10],[-11,-4],[-21,-20],[-5,-2],[9,-21],[-5,-7],[7,-15],[22,-9],[3,-7],[10,-14],[-2,-3],[-16,0],[-3,-3],[2,-15],[-9,-27],[-6,-5],[2,-14],[-2,-11],[-16,0],[-11,-5],[-15,-31],[-3,-13],[-17,-25],[-11,-1],[-8,-12],[-10,-24],[0,-16],[-5,-21],[-6,-14],[1,-9],[9,-2],[6,2],[9,7],[5,-8],[-3,-5],[10,-4],[7,4],[9,17],[15,1],[-2,-16],[9,0],[12,-7],[0,-5],[9,-4],[8,-1],[8,-5],[9,1],[11,-12],[0,-16],[-13,-1],[-4,-13],[1,-4],[13,-4],[12,3],[2,-9],[10,-5],[1,-3],[12,-4],[2,4],[11,4],[11,10],[4,-4],[9,1],[8,-4],[4,-11],[-4,-14],[4,-9],[-4,-9],[-13,0],[-4,-7],[9,-12],[6,-4],[0,-10],[9,-2],[11,-10],[25,2],[9,-2],[9,5],[5,-16],[5,-5],[12,3],[11,10],[14,0],[2,11],[14,1],[12,5],[0,12],[9,0],[3,-20],[6,-10],[-3,-8],[-6,-4],[3,-7],[18,-11],[12,-3],[37,-1],[-4,-10],[7,1],[16,-5],[17,3],[6,4],[11,-1],[2,-4],[9,1],[24,-23],[6,-2],[22,1],[16,2],[20,0],[18,-3],[39,-1],[31,0],[23,-4],[6,-6],[3,-10],[2,-15],[6,-9],[26,-27],[13,-4],[2,-5],[9,-4],[5,2],[13,-7],[11,4],[4,-5],[11,1],[6,10],[-5,10],[11,-1],[1,-4],[25,0],[5,-7],[11,-2],[7,-4],[4,-10],[17,5],[2,-2],[12,4],[9,-1],[12,1],[6,-5],[10,-3],[6,2],[13,-3],[106,-82],[145,-113],[128,-100],[136,-106]],[[10852,6635],[-5,-6],[3,-6],[-7,-12],[5,-7],[2,-16],[12,-9],[9,-13],[-1,-6],[7,-7],[15,-7],[18,-18],[3,-14],[6,-11],[5,-1],[13,-12],[11,-2],[5,-7],[4,-14],[15,-10],[17,-14],[2,-8],[9,-6],[2,-22],[-4,-11],[6,-7],[8,-2],[3,-10],[16,0],[3,-4],[18,0],[7,-14],[-1,-5],[16,-3],[11,3],[-1,-8],[10,-1],[6,-5],[3,-7],[0,-12],[7,-10],[8,-5],[2,-5],[-3,-13],[8,-8],[-1,-7],[10,-9],[25,6],[1,-9],[7,-9],[-7,-19],[-6,-6],[16,-4],[2,-8],[6,-2],[0,-16],[-9,-6],[-2,-9],[10,-7],[-2,-6],[4,-9],[-7,-1],[3,-17],[7,-3],[-1,-6],[9,-5],[12,-1],[6,-17],[-1,-9],[8,-1],[16,-5],[-3,-4],[5,-8],[20,-3],[5,-9],[6,2],[22,-14],[-11,-6],[12,-4],[-2,-8],[12,-4],[4,-11],[8,0],[7,-4],[14,-2],[-2,-6],[20,-7],[9,-5],[0,-9],[5,-6],[17,2],[10,-4],[7,-6],[6,0],[11,-8]],[[11413,5971],[-70,-22],[-9,1],[-4,5],[-10,-3],[-4,4],[-2,11],[-8,4],[-14,4],[1,4],[-32,8],[-15,-4],[-2,4],[-16,11],[-2,12],[-67,-13],[-17,-7],[-17,-2],[-3,-3],[-12,-1],[-10,-11],[-9,-1],[-11,-8],[-6,0],[-2,-17],[-13,-6],[-9,-10],[0,-5],[-7,-10],[1,-13],[-5,-14],[2,-6],[-3,-12],[-9,-15],[-6,-25],[-12,-9],[-3,-9],[5,-4],[-5,-9],[3,-3],[0,-15],[3,-4],[-6,-9],[1,-9],[-6,-8],[-8,-2],[-4,-12],[-5,-5],[-1,-10],[-12,-5],[-3,-31],[-9,-8],[-3,3],[-9,-9],[6,-7],[-6,-7],[12,-14],[-2,-9],[-9,-9],[4,-7],[7,-5],[-7,-17],[6,-9],[-1,-11],[-6,0],[-5,-12],[-12,-2],[-10,-8],[-16,-17],[-11,0],[-4,-6],[4,-8],[-15,-7],[-6,-6],[-1,-6],[-6,-2],[2,-9],[-10,-27],[-10,0],[3,-8],[-2,-11],[-7,-3],[-3,-15],[2,-7],[-11,-5],[1,-5],[-6,-6]],[[11413,5971],[-6,-9],[-6,-2],[17,-16],[14,-3],[11,-10],[17,9],[7,-7],[17,5],[1,-5],[14,-4],[5,-4],[-6,-7],[4,-5],[-9,-4],[-4,-8],[9,-11],[-3,-6],[6,-3],[7,2],[8,-6],[-3,-5],[22,-5],[3,-8],[-7,-2],[14,-8],[2,-8],[13,-4],[10,9],[16,-5],[10,-6],[21,-2],[0,-6],[12,-12],[6,1],[11,9],[18,9],[9,-6],[6,5],[13,4],[9,8],[16,-11],[5,-1],[4,10],[-1,14],[13,-1],[2,-9],[12,10],[-14,21],[8,-2],[11,7],[12,1],[3,5],[12,4],[9,6],[5,11],[-2,6],[18,-5],[5,5],[11,20],[-6,8],[0,6],[7,2],[7,-4],[18,-4],[16,10],[3,-7],[14,14],[13,-3],[1,6],[10,-1],[-10,12],[12,7],[-18,7],[7,4],[13,-7],[9,-2],[-6,15],[2,3],[-1,14],[-18,3],[-12,-5],[-2,7],[8,3],[9,-3],[3,13],[-8,3],[-10,11],[11,0],[15,9],[6,-7],[11,0],[3,7],[-25,14],[-6,16],[2,12],[7,1],[13,-4],[8,3],[-1,15],[-12,3],[3,5],[9,-5],[8,0],[12,-6],[7,1],[8,-6],[2,11],[8,3],[1,5],[-9,12],[13,1],[11,3],[10,-7],[13,2],[5,-3],[10,7],[8,1],[2,-6],[-11,-14],[-1,-19],[19,-17],[18,-5],[12,6],[4,7],[-5,8],[12,7],[11,-5],[-6,16],[4,6],[-3,11],[4,9]],[[12102,6145],[10,2],[26,-6],[7,-6],[1,-15],[30,0],[7,-5],[2,-8],[9,-1],[5,9],[3,14],[-3,8],[11,1],[3,-16],[9,-7],[2,-12],[22,-17],[15,-1],[24,-9],[4,-11],[18,-3],[22,-22],[10,-5],[20,-6],[19,-3],[17,-15],[11,6],[21,-2],[6,9],[10,0],[6,5],[15,-4],[2,-12],[14,-11],[4,-6],[13,-9],[8,-11],[3,-16],[14,-12],[15,-6],[4,-5],[-5,-12],[-10,-5],[14,-23],[6,-4],[13,-3],[9,1],[3,-5],[-11,-25],[-10,-14],[5,-6],[20,-1],[26,20],[5,0],[15,-9],[-4,-15],[-5,-6],[1,-11],[18,-21],[-3,-6],[-12,-5],[4,-9],[13,-13],[3,-12],[13,5],[3,11],[-11,13],[1,11],[7,2],[14,-1],[11,6],[7,-1],[9,-9],[2,-12],[-6,-9],[-7,-1],[-6,-11],[1,-7],[17,-16],[-2,-8],[-19,1],[-9,-5],[0,-4],[14,-16],[8,-15],[18,-13],[14,-9],[12,5],[-1,12],[-11,11],[5,8],[21,-5],[5,-5],[5,-13],[6,-7],[17,-12],[5,-12],[-3,-15],[-7,-9],[-1,-11],[13,-11],[14,-7],[13,2],[4,7],[5,15],[4,6],[18,-4],[12,-13],[8,3],[1,9],[-6,7],[10,5],[17,-15],[8,-2],[8,10],[0,8],[7,7],[13,-6],[-3,-15],[16,-19],[10,-4],[11,-3],[17,7],[13,-11],[6,-9],[1,-7],[-4,-11],[-4,-6],[-18,-3],[4,-7],[27,0],[19,-1],[21,9]],[[13033,5553],[9,0],[12,-11],[10,-1],[8,5],[10,-3],[4,-15],[0,-11],[14,1],[2,-5],[-11,-18],[-11,-11],[-18,-5],[6,-7],[20,-2],[4,-5],[-3,-12],[1,-12],[5,-6],[14,1],[17,-6],[6,-5],[5,-11],[7,-1],[10,11],[-2,20],[8,2],[4,-10],[8,-9],[1,-11],[14,-18],[7,-13],[-3,-6],[-9,-6],[-9,-9],[-1,-10],[4,-7],[9,-5],[19,1],[6,-7],[-3,-6],[-24,-10],[-1,-5],[7,-6],[17,-7],[21,6],[5,8],[-4,14],[8,-1],[22,-9],[12,-4],[13,-20],[2,-12],[-3,-9],[1,-6],[10,-7],[18,-1],[3,-4],[-17,-9],[2,-16],[3,-9],[-4,-9],[-14,-9],[-10,-1],[4,-7],[25,-13],[12,0],[17,6],[7,5],[5,11],[-5,7],[-12,2],[-1,8],[21,-6],[11,-4],[14,0],[14,5],[6,-2],[-9,-10],[-1,-11],[-3,-3],[-12,0],[-4,-4],[-2,-8],[8,-4],[8,-1],[10,-4],[22,5],[-1,-16],[4,-23],[8,-9],[10,-4],[5,1],[3,17],[6,8],[20,6],[10,5],[8,-17],[-6,-8],[-19,-5],[-9,-5],[-3,-8],[5,-7],[14,-16],[19,-26],[18,-6],[24,-10],[15,-5],[7,-7],[9,-4],[10,1],[12,6],[5,-3],[-4,-11],[12,-7],[-4,-7],[-11,0],[-10,-5],[4,-4],[11,2],[17,-4],[9,2],[18,16],[21,12],[8,9],[12,1],[3,-4],[-4,-7],[-9,-2],[-11,-8],[0,-17],[-3,-7],[-14,-8],[9,-8],[10,3],[12,7],[15,0],[8,2],[8,-1],[17,-8],[6,-6],[1,-8],[-11,-15],[-14,-7],[2,-6],[9,-8],[11,-1],[9,6],[6,7],[8,1],[11,-4],[11,6],[2,14],[11,2],[4,8],[-1,9],[8,10],[2,12],[8,2],[14,-7],[5,-9],[-2,-9],[-18,-6],[1,-7],[11,-1],[9,-10],[7,-3],[15,4],[10,-3],[15,4],[21,14],[3,8],[-3,8],[2,18],[4,0],[11,-8],[22,-5],[8,-13],[-2,-11],[5,-8],[9,-3],[11,1],[12,-7],[5,6],[-7,8],[2,4],[10,1],[7,-11],[10,-5],[3,-12],[-4,-9],[-7,-6],[2,-5],[7,-2],[20,-10],[22,-5],[2,-11],[-10,-15],[6,-7],[17,-3],[16,5],[8,-1],[11,-11]],[[14080,4867],[-12,-8],[1,-9],[-13,-11],[-19,3],[-11,-5],[-13,-1],[-16,-13],[-17,-2],[-19,0],[-14,5],[-6,6],[-9,4],[-9,-1],[-21,-6],[1,-13],[-13,-4],[-7,-6],[-27,-2],[-14,3],[-9,0]],[[13833,4807],[-15,-4],[-4,-16],[-6,-1],[-13,4],[-12,-4],[-15,4],[-20,11],[-19,5],[-47,18],[-24,-2],[-13,-5],[-6,-7],[5,-12],[-4,-5],[-16,-10],[-23,-10],[-21,-13],[-29,-4],[-33,-25],[-19,-4],[-17,0],[-8,-4],[0,-7],[5,-16],[0,-11],[-3,-5],[-15,-8],[-6,-12],[-9,-3],[-15,-37],[1,-10],[18,-22],[3,-12],[8,-12],[-1,-7],[4,-6],[2,-19],[-5,-4],[-11,1],[-21,-8],[-2,-9],[-8,-4],[-14,0],[-22,-4],[-1,-8],[-12,-2],[-10,-6],[-12,6],[-17,2],[-3,-6],[-9,-6],[-22,-2],[-8,3],[-8,-4],[-12,5],[-17,0],[-3,3],[-25,-2],[-9,-2],[-17,0],[-4,6],[-20,3],[-33,-2],[-12,-3],[-9,1],[-16,-5],[-9,-6],[-12,3]],[[13083,4486],[-17,7],[-6,5],[-9,2],[-30,-6],[-5,-6],[-1,-9],[-20,-16],[6,-15],[-1,-8],[-7,-9],[-13,-1],[-6,-10],[-8,-5],[-9,9],[-10,2],[-20,-4],[-12,-7],[-30,-10],[-1,-10],[-13,1],[-5,-9],[-2,-22],[3,-5],[12,-7],[-3,-6],[-7,-8],[-10,-6],[-7,-27],[-21,-30],[-6,-5],[-9,-2],[-9,-8],[0,-6],[-8,-4],[-24,-8],[-7,-3],[0,-12],[-6,-10],[2,-13],[-5,-7],[-4,-37],[-7,-14],[-2,-12],[5,-22],[-8,-10],[-8,-2],[-11,-8],[-21,-5],[-9,-4],[-8,-14],[-10,-6],[-17,-5],[-8,1],[-24,10],[-21,4],[-9,4],[-15,12],[-15,7],[-10,1],[-12,7],[-15,14],[-2,5],[7,12],[-2,10],[-4,9],[-5,4],[-17,2],[-12,-5],[-16,-13],[-12,-11],[-20,-15],[-8,-12],[-32,-26],[-20,-25],[-19,-9],[-14,-14],[-8,-14],[-16,-19],[-9,1],[-39,14],[-16,9],[-45,31],[-35,18],[-18,12],[0,15],[-23,8],[-11,8],[-16,17],[-9,1],[-9,5],[-12,0],[-9,9],[-3,18],[-6,6],[-6,0],[-12,-7],[-18,-19],[-17,3],[-9,-2],[-15,-10],[-5,-13],[-14,-3],[-13,2],[-7,-3],[-24,-13],[-12,-3],[-20,-3],[-17,1],[-36,1],[-17,5],[-9,6],[-7,10],[-4,15],[-14,24],[-17,12],[-29,17],[-10,3]],[[11738,4193],[-25,9],[-14,0],[-24,-10],[-12,-13],[-6,-11],[-5,-22],[-12,-19],[-3,-20],[0,-9],[-3,-4],[-14,-1],[-14,9],[-5,5],[-18,6],[-12,1],[-21,-4],[-23,-8],[-10,-7],[-11,-2],[-14,-1],[-22,-4],[-17,3],[-8,8],[-7,13],[-15,10],[-10,11],[-18,5],[-7,7],[-3,13],[-10,13],[-16,9],[-27,4],[-22,13],[-13,11],[-4,13],[-10,4],[-11,-6],[-14,-2],[-16,-10],[-7,-13],[-9,-3],[-23,6],[-16,14],[-24,8],[-13,0],[-24,-4],[-16,-6],[-13,-2],[-9,-5],[-10,-2],[-25,4],[-13,4],[-7,7],[-9,15],[-1,11],[-9,5],[-4,-5],[-9,-20],[-5,-5],[-14,-4],[-15,2],[-1,5],[5,11],[-2,8],[-13,17],[1,21],[-2,7],[-18,15],[-9,4],[-12,-1],[-15,-5],[-6,-4],[-34,-12],[-4,7],[17,12],[6,13],[-1,7],[-7,8],[-13,0],[-17,-6],[-17,0],[-18,8],[-6,6],[-9,15],[-9,11],[-14,6],[-16,1],[-11,-4],[-19,-20],[-16,-7],[-32,-2],[-29,-3],[-11,1],[-17,6],[-14,9]],[[10604,4348],[-24,16],[-28,15],[-8,2],[-20,0],[-59,16],[-16,3],[-57,9],[-18,8],[-6,4],[-11,19],[-13,8],[-8,14],[1,17],[-6,9],[-13,2],[-21,-9],[-12,-1],[-7,4],[-13,21],[-21,26],[-18,5],[-16,-2],[-15,-8],[-14,-23],[-8,-5],[-18,-1],[-11,4],[-6,5],[0,11],[-3,25],[-5,12],[-8,7],[-11,3],[-12,-3],[-4,-18],[-4,-9],[-14,-4],[-26,11],[-11,7],[-24,18],[-10,2],[-5,8],[2,15],[2,8],[24,16],[7,8],[-2,12],[-4,5],[-13,1],[-28,-10],[-9,3],[-15,14],[-8,12],[-10,8],[-15,7],[-13,4],[-11,-1],[-15,-5],[-33,-2],[-22,-5],[-23,-17],[-21,-8],[-6,4],[2,8],[16,9],[12,10],[4,7],[0,9],[-6,12],[-15,14],[-16,6],[-9,-3],[-6,-11],[-1,-25],[-2,-8],[-14,-21],[-7,-7],[-8,-2],[-18,1],[-6,4],[-6,7],[0,12],[2,15],[-10,13],[-13,5],[-9,-1],[-5,-8],[0,-7],[11,-11],[3,-5],[-2,-9],[-6,-3],[-15,7],[-45,9],[-10,3],[-22,13],[-14,4],[-11,1],[-20,6],[-1,6],[15,7],[5,6],[2,17],[-7,7],[-11,7],[-21,7],[-25,-16],[-10,-9],[-7,-1],[-6,6],[2,10],[15,5],[9,5],[7,12],[0,18],[-2,4],[-25,21],[-18,10],[-8,7],[-11,14],[3,8],[25,-2],[9,2],[19,10],[6,7],[2,8],[-2,11],[-17,7],[-9,0],[-20,-5],[-16,5],[-10,8],[-2,7],[9,2],[13,-9],[11,-1],[11,4],[9,14],[1,15],[-4,15],[1,14],[-3,19],[-6,7],[-14,12],[-15,9],[-6,10],[-12,9],[-26,9],[-28,3],[-16,1],[-9,-5],[-8,0],[-27,5],[-18,4],[-13,0],[-8,-4],[-18,1],[-13,5],[-15,8],[-5,6],[-16,12],[-17,9],[-27,4],[-20,-2],[-20,-9],[-15,-1],[-15,3],[-27,24],[-14,6],[-11,2],[-8,10],[-1,9],[6,8],[23,3],[7,4],[6,10],[-3,8],[-7,6],[-17,11],[-10,10],[-6,13],[-2,17],[-5,13],[2,7],[11,7],[25,4],[5,4],[2,15],[-6,9],[-24,19],[-11,30],[-6,10],[-10,8],[-11,5],[-15,-5],[-18,0],[-15,-4],[-22,0],[-20,-4],[-7,6],[13,10],[3,16],[-6,11],[-11,2],[-13,-1],[-11,-5],[-24,-22],[-11,-6],[-13,-2],[-20,6],[-16,-1],[-12,-7],[-18,3],[-10,6],[-2,4],[4,6],[19,3],[4,7],[-5,9],[-15,9],[-15,17],[-9,17],[-6,18],[1,8],[6,9],[24,8],[8,8],[-1,7],[-5,5],[-5,11],[-7,18],[-4,7],[-11,10],[-36,13],[-17,4],[-7,7],[1,10],[15,13],[9,17],[-1,12],[-10,14]],[[8691,5623],[-5,2],[-21,2],[-14,-1],[-8,4],[-1,9],[-10,9],[-20,-2],[-9,7],[-4,10],[-6,8],[-12,-2],[-11,-15],[-6,-3],[-25,5],[-8,-1],[-25,-17],[-27,0],[-15,9],[-7,1],[-39,12],[-5,5],[-1,11],[-5,7],[-10,5]],[[8397,5688],[-4,5],[-17,1],[-12,11],[-15,2],[7,12],[8,7],[1,5],[-5,9],[4,8],[12,-4],[17,1],[2,3],[22,8]],[[8417,5756],[195,93]],[[7945,5859],[136,39],[4,6],[-1,9],[42,12],[4,7],[16,6],[10,0],[8,9],[9,-1],[16,3],[13,-7],[8,-10],[8,-6],[10,-3],[19,-9],[7,4],[29,-2],[3,-4],[10,3],[13,-3],[11,-6],[4,-5],[7,0],[9,-7],[13,-4],[1,-13],[4,-12],[-5,-10],[-33,-13],[-10,-8],[-13,-2],[-8,-7],[-1,-7],[16,0],[12,-4],[24,-1],[33,-7],[19,-10],[12,-13],[2,-21],[11,-6]],[[8397,5688],[-7,-2],[-8,-9],[-11,-8],[-23,11],[-5,7],[-16,5],[-3,4],[2,16],[-2,15],[4,5],[-3,6],[-12,6],[-24,1],[-13,1],[-16,6],[-8,-3],[-17,0],[-6,3],[-5,8],[-1,12],[-7,12],[-12,7],[-11,3],[-19,-1],[-13,-3],[-20,-14],[-9,-4],[-16,1],[-23,5],[-13,-1],[-22,-6],[-8,-3],[-13,-14],[-7,-5],[-9,3],[-3,6],[2,10],[-17,22],[-9,5],[-10,9],[-7,10],[-16,2]],[[6915,7697],[9,-6],[11,-3],[13,-10],[12,-5],[13,-2],[1,-11],[15,-6],[11,-6],[6,0],[17,-5],[16,-14],[7,0],[5,-9],[10,-11],[33,-18],[12,-1],[4,-3],[24,-2],[7,-8],[12,-5],[9,-11],[12,-9],[13,-2]],[[7187,7550],[-12,-4],[-11,-7],[-9,-1],[-9,-7],[-9,0],[-9,4],[-7,-4],[-32,3],[-10,-6],[-6,0],[-8,6],[-42,6],[8,-8],[2,-10],[6,-9],[1,-12],[-3,-14],[-6,-11],[-10,-10],[-2,-6],[-15,-17],[-9,-5],[-5,-14]],[[6990,7424],[-14,4],[6,6],[4,11],[-7,10],[0,8],[-7,6],[3,6],[-4,10],[1,10],[-6,4],[-10,21],[-21,10],[-13,0],[-7,6],[-13,-5],[-8,1],[-9,8],[-12,0]],[[6873,7540],[-4,10],[-9,1],[-19,11],[-21,2],[-15,4],[-5,-4],[-9,5],[-4,9],[-15,6],[-3,6],[-12,11],[-10,-1],[-5,8],[-11,2]],[[6731,7610],[-42,33],[-14,14],[1,4],[-10,18],[7,16],[6,7],[-6,10]],[[6673,7712],[7,4],[8,-4],[19,8],[11,-7],[6,-8],[10,-3],[15,4],[20,-7],[12,2],[4,6],[10,-1],[5,4],[15,2],[9,-6],[10,-1],[4,-4],[10,-2],[11,8],[6,-8],[15,-7],[15,2],[11,3],[9,0]],[[6731,7046],[2,-7],[-7,-18],[2,-5],[-3,-12],[-6,-5],[-16,-6],[-6,-14],[4,-6],[-4,-8],[4,-10],[-1,-6],[-27,-20],[-2,-12],[-13,-8],[-9,-3],[-11,-15],[-5,1],[-6,-5],[-12,-3],[-7,1],[-3,5],[-8,4],[-10,-2],[-19,4],[-24,-4],[-6,3]],[[6538,6895],[-15,3],[-16,6],[-14,21],[-1,10],[-9,15],[-9,4],[-9,7],[-7,11],[-10,8],[12,6],[9,9],[9,14],[27,22],[1,4],[14,7],[17,3],[4,4]],[[6541,7049],[19,-8],[20,11]],[[6580,7052],[12,2],[23,1],[20,-36],[7,-6],[8,0],[15,2],[9,-4],[8,1],[12,-12],[11,5],[7,1],[7,4],[6,27],[6,9]],[[5946,7646],[8,0],[15,-13],[8,-12],[23,-2],[25,-9],[8,5],[16,-8],[24,-14],[9,-9],[14,-6],[16,-4],[27,-3],[22,0],[17,-8],[-1,-6],[7,-13],[-2,-8],[-6,-3],[0,-15],[3,-3],[-3,-9],[1,-15],[-10,-1],[1,-10],[6,-11],[-12,-18],[12,-11],[3,-9],[4,-3]],[[6181,7428],[-10,-14],[-13,2],[-12,-3],[-7,-7],[2,-8],[-4,-13],[1,-18],[-9,-9],[2,-10],[-2,-18],[-4,-5],[-3,-15],[0,-12]],[[6122,7298],[-5,-8],[-1,-7],[-11,-10],[-12,-5],[-8,-17],[-9,-4],[-9,4],[-1,7],[-11,2],[-17,10],[-3,6],[-9,-2],[-9,-21],[4,-7],[-5,-6],[-13,0],[-8,-2],[-13,0],[-18,4],[-13,-8]],[[5951,7234],[-3,9],[-9,14],[-4,13],[6,17],[7,3],[-4,7],[-8,0],[-2,9],[-6,7],[-1,8],[-9,8],[-14,9],[-10,10],[-6,12],[-10,7],[-20,2]],[[5858,7369],[-2,6],[-8,6],[-8,0],[-5,9],[1,6],[9,1],[6,9],[-15,14],[-2,11],[8,8],[-1,7],[-14,14],[4,12],[-12,4],[7,6],[-5,7],[2,10],[-3,4]],[[5820,7503],[2,8],[15,4],[9,8],[8,1],[13,9],[18,7],[8,13],[6,6],[15,11],[15,8],[2,4],[-7,7],[-4,15],[5,7],[-7,12],[9,16],[13,8],[6,-1]],[[6122,7298],[5,-4],[19,-4],[10,-9],[8,-16],[-1,-8],[8,-12],[10,-10],[19,-13],[12,1],[12,-17],[13,-6],[6,2],[6,-25],[-7,-10],[6,-3],[-5,-8],[-18,-6],[-4,-14],[-14,-8],[-6,-6],[4,-4],[-5,-16],[-7,0],[-8,-10],[-6,3],[-5,-5],[-14,7],[-14,2],[-5,-8],[-9,-1],[-27,-37],[1,-21],[-11,-3],[0,-9],[-4,-3]],[[6091,7017],[-3,-3]],[[6088,7014],[-10,17],[2,5],[-8,7],[-7,13],[-9,2],[-12,1],[-7,3],[-7,-3],[-17,3],[-19,14],[-7,11],[-1,5],[-24,7],[-8,1],[-4,10],[-15,8],[-20,7],[-3,12],[20,14],[0,8],[5,9],[0,9],[7,2],[4,13],[-2,19]],[[5946,7211],[-3,5],[3,8],[-3,6],[8,4]],[[6538,6895],[-1,-6],[15,-16],[6,-17],[16,-17],[-5,-10],[1,-9],[10,-21],[0,-5],[7,-4],[7,-10],[5,-2],[4,-20],[3,-2],[3,-14],[10,-11]],[[6619,6731],[-3,-11],[-29,-10],[-13,-14],[-9,-3],[0,-10],[-3,-7],[2,-7],[-5,-13]],[[6559,6656],[-18,3],[-15,8],[-10,9],[-7,3],[-7,8],[-7,-2]],[[6495,6685],[-12,15],[-4,17],[-6,14],[-9,4],[-3,14],[-14,12],[-14,-2],[-8,-5],[-10,0],[-12,-12],[-18,1],[-7,2],[-9,-2],[-10,-6],[-10,2],[-9,6],[-15,-1]],[[6325,6744],[-25,21],[-8,9]],[[6292,6774],[12,-1],[-1,7],[10,11],[2,10],[10,8],[8,-1],[7,12],[-2,10],[1,6],[-5,6],[2,18],[-15,6],[-9,-3],[-8,2],[-12,-5],[-28,5],[-9,4],[-6,17],[-5,9],[10,9],[1,6],[-6,16],[2,11],[-7,7],[-2,16],[-16,15],[-23,11],[-17,3],[-1,10]],[[6185,6999],[3,11],[6,7],[10,3],[4,7],[10,-8],[6,1],[4,7],[21,3],[2,3],[12,5],[4,12],[14,7],[10,15],[11,1],[7,-4],[6,2],[15,13],[12,13],[4,0],[12,17],[-1,7],[10,4],[6,4],[-2,7],[14,11],[8,0],[1,7],[12,15],[7,5],[13,4]],[[6426,7178],[9,4],[4,6],[10,7],[12,-3],[2,-10],[-7,-5],[-7,0],[-12,-10],[1,-16],[-2,-11],[-9,-5],[-15,1],[-10,-15],[-7,1],[-12,-3],[2,-9],[8,-5],[-1,-7],[17,-18],[15,7],[15,-8],[17,8],[10,-8],[9,-3],[7,-6],[12,-4],[10,-9],[12,7],[15,-11],[10,-4]],[[6955,8320],[-4,-4],[-2,-17],[-14,-9],[-5,-11],[-1,-19],[1,-12],[-14,-11],[-2,-7],[5,-7],[-4,-12],[0,-9],[-8,0],[-2,-16],[-4,-1],[1,-14],[-5,-1],[-3,-9],[7,-7],[15,-5],[9,-7],[11,-14],[-2,-6],[3,-8],[-9,-15],[-8,-3],[-6,-8],[-7,-4],[-7,0],[-3,-6],[-11,-6],[-2,-10]],[[6884,8062],[-17,3],[-9,-6]],[[6858,8059],[-12,-1],[-9,8],[1,11]],[[6838,8077],[-18,10],[-4,11],[-12,13],[-2,5],[-8,8],[-3,11],[8,4],[6,9],[-10,12],[-11,5],[-3,18],[6,20],[9,13],[0,18],[8,13],[-18,10],[-1,7],[-13,8],[-2,7],[-11,4],[-13,-8],[-14,1],[-5,-6],[2,-6],[-10,-13],[-4,-9],[-11,-3],[-8,-9],[-17,7],[-8,12],[-9,9],[-14,5],[-25,-2]],[[6623,8261],[-8,17],[1,11],[-3,31],[-6,7],[0,6],[6,14],[11,3],[4,6],[10,4],[-4,14],[8,3],[11,25],[1,9],[-9,7],[-4,9],[4,9],[-2,9],[2,6]],[[6645,8451],[7,15]],[[6652,8466],[14,3],[5,-3],[7,-10],[15,-14],[-7,-9],[9,-4],[16,-14],[-3,-15],[2,-2],[-10,-17],[-3,-11],[8,-12],[12,-8],[2,-5],[15,-8],[31,3],[10,-10],[11,-4],[3,-6],[6,-3],[11,3],[3,-5],[20,4],[7,5],[6,13],[7,4],[9,8],[5,-5],[3,-25],[11,-5],[8,-7],[23,3],[1,4],[-10,7],[16,5],[-4,9],[17,3],[1,9],[6,3],[5,-5],[-2,-5],[9,-4],[-2,-5],[10,-11]],[[6673,7712],[-9,8],[2,11],[-7,5],[-1,9],[-7,-1],[-23,5],[-6,6],[-9,1],[-6,9],[-12,6],[-9,1],[-5,8],[4,7],[-15,18],[-11,5],[-9,8],[-2,8],[-10,9],[-7,3],[-7,16],[8,6],[2,13],[-4,6],[7,10],[8,2],[3,9],[10,15],[4,17]],[[6562,7932],[6,7],[11,-4],[6,-6],[3,-12],[-2,-11],[19,-9],[6,-6],[11,-3],[11,-7],[8,1],[6,7],[12,-1],[2,6],[10,10],[5,2],[23,-5],[5,-6],[8,1],[6,-3],[14,0],[9,4],[7,8],[15,0],[11,-11],[32,-9]],[[6806,7885],[8,-1],[18,-6],[15,-10],[3,-7],[7,-2],[3,-8],[14,-15],[3,-15],[16,-5],[14,3],[5,-4],[19,-3],[9,-6],[18,-8],[17,-1],[14,-6],[9,-10],[10,-4],[8,-9],[15,-1]],[[7031,7767],[6,-11]],[[7037,7756],[-5,-8],[-9,3],[-2,-8],[11,-10],[9,-4],[1,-11],[-8,4],[-9,-2],[-9,4],[-4,5],[-9,1],[-7,7],[-8,-9],[-13,-6],[-10,-2],[0,-8],[-16,-13],[-24,0],[-10,-2]],[[6884,8062],[15,-10],[22,-4],[8,1],[6,7],[0,5],[8,8],[19,6],[8,-6],[6,0],[15,-4],[1,-5],[15,-6],[3,-6],[10,-7],[19,-1],[5,-4],[10,-2],[8,-7],[9,3],[8,5],[1,9],[24,20],[15,3],[14,1],[13,11],[18,0],[15,11],[6,8],[17,0],[3,7],[12,6]],[[7217,8111],[1,-18],[-8,-28],[1,-4],[-8,-13],[3,-18],[12,-18],[-2,-11],[3,-6],[2,-16],[-2,-13],[3,-17],[-8,-9]],[[7214,7940],[-5,-7],[-17,-9],[-7,-14],[-17,-7],[-5,-11],[-13,-5],[-14,4],[-13,8],[-18,4],[-10,0],[-5,5],[-16,3],[-12,1],[-10,7],[-4,-3],[3,-19],[-11,-11],[1,-10],[-6,-8],[-8,2]],[[7027,7870],[-7,10],[-14,7],[-11,10],[-10,17],[2,8],[-4,16],[-8,8],[-7,4],[-2,19],[-11,7],[0,3],[-19,29],[-9,2],[-3,8],[-15,8],[-4,6],[-16,3],[-5,5]],[[6884,8040],[-19,11],[-7,8]],[[7140,8439],[1,-8],[-9,4],[-5,-1],[-8,-11],[3,-15],[-2,-19],[24,-5],[-2,-17],[9,-1],[5,-5],[-9,-12],[-8,8],[-9,-8],[8,-9],[-7,-3],[13,-17],[8,0],[-2,-9],[-7,-2],[12,-10],[6,-9],[7,0],[6,8],[12,5],[9,-13],[7,-5],[6,1],[9,-5],[9,3],[-1,8],[3,10],[-4,7],[9,2],[-3,5],[-1,12],[-3,6],[-9,5],[1,8],[-5,10],[1,5],[9,16],[5,1]],[[7228,8379],[6,-16],[8,-9],[17,-1]],[[7259,8353],[11,3],[19,-3],[3,-8],[9,-15],[5,-12],[-3,-11],[9,-6],[7,-9],[15,-9]],[[7334,8283],[-14,-22],[-4,-13],[1,-11],[-2,-13],[-13,-2],[-3,-13],[-9,-5],[-8,-10]],[[7282,8194],[-11,0],[-18,-10],[-6,-7],[-5,-11],[0,-4],[-15,-17],[-8,-5],[-6,-8],[3,-8],[-4,-11]],[[7212,8113],[-13,8],[-4,4],[-16,3],[-5,16],[-8,7],[-5,10],[-8,1],[-15,16],[-5,1],[-2,16],[-8,8],[-3,11],[-7,3],[3,8],[9,4],[0,8],[-15,8],[-10,9],[11,3],[10,7],[11,22],[10,8],[-4,9],[-8,8],[-5,11]],[[7125,8322],[0,13],[-3,8],[-12,9],[-6,6],[-14,20],[0,12],[13,-4],[7,-5],[6,10],[0,41],[7,6],[4,8]],[[7127,8446],[6,-10],[7,3]],[[7259,8353],[18,29],[42,81]],[[7319,8463],[16,-3],[7,1],[19,-1],[19,2],[9,-4],[11,-15],[3,-10],[18,-11],[34,-11],[12,-5],[6,0],[13,6],[10,-13],[8,-1],[17,-7],[0,-4],[15,-5],[14,8],[18,4],[5,3],[10,-2],[9,-4],[-1,-9]],[[7591,8382],[0,-5],[9,-2],[7,-13],[-5,-8],[3,-12],[-14,-10],[-16,-1],[-13,-6],[4,-12]],[[7566,8313],[0,-7],[-4,-9],[-9,-7],[-6,0],[-10,-8],[-8,5],[-15,7],[-15,-7],[-11,-2],[-13,-7],[-10,3],[-5,-3],[-17,3],[-20,-10],[-7,0],[-21,17],[-11,5],[-16,0],[-13,-9],[-21,-1]],[[6731,7610],[0,-11],[-6,-8],[9,-6],[7,-1],[11,-13],[1,-6],[-11,-5],[0,-5],[-5,-9],[3,-3],[-5,-8],[-8,4],[-15,-6],[4,-9],[6,-2],[-3,-12],[-11,-7],[-12,0],[-4,-8],[-14,7],[-13,-6],[-5,7],[-8,3],[-10,-7],[-9,-2],[-9,3],[-8,5],[-8,2],[-17,-13],[-3,-6],[9,-1],[17,-10],[15,-2],[15,-11],[15,-14],[16,-4],[30,-4],[-21,-26]],[[6684,7416],[-9,4],[-19,0],[-20,11],[-6,-15],[-1,-8],[-10,-14],[-14,10],[-10,3],[-14,-4],[9,-10],[-2,-3],[-16,-7],[12,-18],[-5,-23],[-7,-4],[9,-5],[-5,-7]],[[6576,7326],[-16,-3],[-17,4],[-12,-3],[-11,7],[-8,-1],[-9,3],[-2,7],[-10,14],[2,6],[-11,10],[-17,-1],[-4,-9],[-9,1]],[[6452,7361],[-9,7],[-14,-9],[3,-9],[-13,-10],[-15,-18],[-12,-2],[-1,-5],[-9,-8],[-12,-4],[-6,3],[-9,-2],[-10,3],[9,8],[2,11],[-12,11],[-15,6],[-1,7],[5,5],[7,15],[3,9],[-5,18],[1,10],[-8,8],[-9,13],[-7,4],[-6,-9],[-11,2],[-15,-5],[-15,9],[-11,3],[-21,-4],[-5,11],[-10,4],[-11,-3],[-9,3],[-6,-9],[-14,-6]],[[5946,7646],[6,10],[-2,5],[2,21],[-6,6],[-2,14],[8,7],[6,1],[19,13],[1,5],[-3,10],[4,4],[12,6],[8,6],[11,-1],[7,14],[-9,24],[20,6],[35,-1],[20,6],[7,8],[1,9],[-5,10],[-8,-1],[7,15],[0,6],[-12,11],[-13,4],[-11,0],[-20,4],[-5,-2]],[[6024,7866],[0,7],[-17,18],[-10,0],[-6,4],[6,14],[-2,4],[2,11],[9,13],[0,14],[3,9],[-3,9],[5,22],[16,-5],[6,-5],[27,-14],[9,-11],[-3,-7],[2,-7],[21,-2],[17,-4],[23,-2],[16,3],[15,15],[9,13],[18,6],[9,-2],[13,3],[10,-4],[26,4],[15,0],[8,4],[-1,15],[-3,7],[4,9],[8,-1],[25,-9],[15,-2],[8,2],[13,-2],[13,3],[11,-5],[2,-6],[8,-7],[13,-1],[6,-11],[14,-10],[11,-11],[15,-5],[13,4],[6,11],[0,8],[18,6],[5,4],[-1,12],[2,7]],[[6473,7994],[8,-6],[17,-1],[11,5],[14,-2],[1,-6],[8,-4],[6,-9],[-7,-6],[7,-10],[10,-6],[9,-15],[5,-2]],[[6325,6744],[-3,-3],[-14,-4],[-8,-11],[-12,3],[-6,-6],[-4,-10],[-11,-14]],[[6267,6699],[-3,-6],[-10,-3],[-10,0],[-11,-5],[-12,-2],[-8,2],[-39,-5],[-6,9],[2,9],[-2,5]],[[6168,6703],[6,3],[7,-3],[10,11],[1,8],[9,8],[9,3],[3,9],[16,-3],[5,3],[3,8],[19,5],[4,5],[12,3],[14,10],[6,1]],[[7140,8439],[31,13],[12,-8],[-3,-3],[18,-5]],[[7198,8436],[4,-15],[8,-10],[12,1],[3,-10],[7,-5],[-4,-8],[0,-10]],[[5858,7369],[-9,-9],[-7,0],[-21,8],[-9,9],[-11,2],[-11,6],[-24,8],[-22,1],[-12,-13],[-12,0],[-4,-10],[9,-4],[2,-24],[-9,-7],[0,-7],[-12,-15],[4,-6],[0,-10],[-4,-8],[-19,-2],[-7,5],[-17,3],[-13,-5],[-20,1],[-13,7],[-13,-8],[-14,-17],[-10,-2],[-18,-7],[-6,-6]],[[5556,7259],[-6,-3],[-20,1],[-36,3],[-6,-1],[-17,-10],[-22,-1],[-9,-4],[-17,-1],[-8,-5],[-15,-5],[-24,-12],[-14,1],[-10,7],[-12,2],[-27,6],[-4,6],[-20,12],[-4,7],[-8,4],[-19,5],[-19,-2],[-8,4],[-10,13],[-6,16],[0,10],[8,20],[-4,10],[3,23],[-17,8],[-7,11],[0,7],[-8,8],[-3,12],[-5,2],[-2,11],[-6,7],[5,18],[-5,15],[1,5],[-10,8],[-5,7],[-1,11],[-6,8],[0,10],[-4,6],[-13,8],[-7,9],[-2,12],[2,10],[-2,6],[1,22],[-4,6],[-6,24],[0,32],[2,9],[6,5],[7,24],[-2,57],[-2,13],[-8,15],[-7,25]],[[5114,7796],[17,-1],[13,7],[-3,11],[-8,8],[10,21],[11,5],[15,0],[19,13],[16,1],[8,-7],[13,0],[0,8],[4,6],[12,-1],[4,-5],[8,-1],[10,-7],[8,-1],[3,-7],[28,7]],[[5302,7853],[13,-2],[11,14],[14,-3],[13,7],[6,-5],[-8,-9],[-1,-8],[6,-3],[16,9],[8,-4],[9,1],[19,-8],[20,-13],[16,-6],[7,-1],[7,6],[12,0],[17,-16],[6,-1],[7,-13],[22,0],[14,-8],[0,-18],[10,-1],[15,-5],[6,-5],[6,-32],[9,-24],[2,-9],[14,-13],[18,-14],[18,-9],[18,-1],[15,-8],[11,-2],[13,-8],[22,-9],[6,6],[13,8],[5,-3],[5,-15],[12,-2],[-1,-13],[-3,-5],[10,-15],[-7,-16],[4,-6],[-9,-16],[0,-7],[5,-5],[19,-1],[19,-7],[-8,-12],[5,-17],[19,-5],[13,2]],[[7755,7634],[-18,7],[-5,-1],[-7,-12],[-7,-14],[-6,-4],[-20,-23],[-14,-10],[-2,-16],[-4,-11],[-5,-3],[-1,-9],[-6,-13],[-10,-1],[-7,4],[-13,2],[-8,4],[-25,6],[-12,1],[-13,-12],[-7,0],[-7,-10],[-15,-7],[-3,-9],[-5,-3]],[[7535,7500],[-22,-7],[-14,-5],[-16,-12],[-15,-2],[-7,-9],[0,-9],[-10,-7],[-14,-4],[-15,-12],[-13,-2],[-13,6],[-13,9],[0,6],[-15,4],[-1,9],[-8,5],[-19,-4],[-5,-4],[-28,8],[-7,6],[5,16],[-5,4],[5,11],[9,9],[0,4],[-25,-2],[-14,0],[-5,-3]],[[7270,7515],[-6,11],[4,8],[-4,9],[-1,8],[12,9],[6,-3],[7,2],[6,14],[5,3],[16,-8],[6,11],[-11,10],[8,7],[25,0],[21,10],[19,3],[17,6],[7,13],[7,4],[-2,19],[8,3],[8,9],[-10,10],[4,6],[-13,11],[-8,1]],[[7401,7691],[-5,11],[14,11],[-12,23],[-6,5],[2,17],[12,23],[14,5]],[[7420,7786],[12,2],[4,-6],[9,-1],[8,-4],[6,2],[6,7],[5,23],[9,9],[4,8],[4,1],[10,-11],[7,-4],[21,-1],[6,5],[15,8],[6,0],[7,-12],[8,-6],[10,10],[19,9],[8,0],[15,14],[8,-12],[18,2],[8,-1],[-1,-16],[4,-9],[9,-6],[-3,-5],[6,-6],[12,3],[11,0],[-2,-6],[-10,-6],[-16,-6],[-7,-10],[8,-7],[6,-19],[20,-11],[4,-4],[25,-14],[21,-2],[-2,-9],[8,-2],[3,-5],[8,0],[4,-6],[-5,-10],[-1,-7],[4,-14],[-8,-7],[4,-10]],[[7217,8111],[-5,2]],[[7282,8194],[5,-8],[7,-8],[-5,-25],[-4,-11],[-8,-14],[15,-7],[5,-5],[-1,-21],[4,-8],[0,-9],[-6,-17],[19,-8],[7,-7],[24,-15],[18,1],[8,-4],[6,4],[5,15],[8,3],[11,-1],[3,-10]],[[7403,8039],[4,-8],[-2,-9],[7,-25],[-4,-8],[-14,-4],[-11,-15],[-1,-7],[-6,-7]],[[7376,7956],[-3,-10],[-14,-3],[-13,-5],[-3,10],[-12,10],[-11,-7],[1,-7],[-6,-8],[-7,-2],[-19,-1],[-28,13],[-7,-15],[-2,-14],[-9,3],[-8,-1],[-13,18],[-8,3]],[[6576,7326],[26,-9],[11,-15],[14,-2],[4,6],[23,4],[17,9],[20,4],[11,-2],[25,8],[12,-8],[16,-6],[14,-11],[5,-6],[14,-10],[3,-6],[7,-2],[6,2],[19,2],[9,-1]],[[6832,7283],[7,-9],[-5,-17],[1,-8],[-4,-5],[3,-8],[10,-11],[-1,-4],[-25,10],[-9,-2],[-7,-5],[-11,1],[-7,-2],[-12,1],[-10,7],[-11,0]],[[6751,7231],[-26,8],[-13,1],[-4,-5],[-19,6],[-10,-2],[-7,3],[-17,0],[-9,4],[-26,-1],[-7,2],[-14,8],[-21,3],[-14,-3],[-14,-11],[-7,5],[-14,-2],[-11,2],[-6,5]],[[6512,7254],[-6,3]],[[6506,7257],[-3,13],[-8,7],[-5,11],[-1,24],[-5,7],[-6,19],[-11,11],[-6,0],[-12,5],[3,7]],[[6580,7052],[-2,13],[-8,7],[-9,15],[-17,1],[-30,10],[8,11],[3,9],[-9,15],[3,8],[-2,30],[-16,6],[2,5],[13,5],[-6,6],[5,11],[-1,6],[10,11],[0,11],[-4,11],[-6,3],[-2,8]],[[6751,7231],[6,-7],[16,-8],[2,-9],[9,-12],[2,-17],[6,-12],[-1,-6],[5,-8],[-4,-9],[13,-15],[5,-9],[16,-6],[16,6],[11,-3],[11,-7],[10,1],[7,-8],[12,8],[26,-9],[6,1]],[[6925,7102],[9,0],[1,-12],[-9,-11],[1,-7],[-12,-3],[-7,6],[-10,-9],[-14,-3],[-13,-21],[-4,-2]],[[6867,7040],[-14,-3],[-4,-3],[-22,2],[-14,-9],[-5,2],[-11,-2],[-4,9],[-8,1],[-20,-11],[-12,-1],[-8,3],[-3,15],[-11,3]],[[6623,8261],[-3,-9],[-8,-11],[-15,-10],[-1,-17],[-7,-5],[-7,-11],[-16,-6],[-14,-15]],[[6552,8177],[-11,-15],[-18,-29],[2,-10],[-3,-15],[-4,-6],[4,-9],[-2,-11],[-7,-7],[-3,-8],[-13,-7],[-5,-6],[2,-6],[12,-13],[-8,-12],[-6,2],[-12,-7],[-1,-19],[-6,-5]],[[6024,7866],[-6,-15],[-13,-11],[-16,-6],[-6,-6],[-18,5],[0,16],[-6,12],[-18,22],[-6,16],[9,17],[-3,16],[-3,4],[0,10],[-10,18],[2,9],[11,14],[1,9],[5,6],[-3,5],[-8,3],[-4,6],[-3,14],[-10,-2],[-5,-5],[-10,9],[-16,2],[1,18],[-5,3],[-12,0],[-21,15],[-1,4],[-9,2],[-2,7],[-6,0],[-6,-5],[-7,-1],[-36,11],[-11,-1],[-7,6],[-12,2],[-12,-2],[-11,0],[-22,5],[-20,11],[-20,-2],[-7,6],[-14,0],[-25,-8],[-13,8],[-11,2],[-6,4],[-13,-6],[-17,3],[-5,-8],[-9,-2],[-3,-8],[-15,2],[-4,-6],[-17,3],[-8,7],[-5,8],[-3,11],[-14,11],[-19,10]],[[5461,8144],[4,14],[-5,6],[5,9],[1,13],[-8,3],[-9,-1],[-3,6],[-11,-6],[-7,-10],[-10,-5],[9,17],[8,6],[-2,9],[28,42],[5,9],[13,8],[5,13],[13,5],[23,12],[8,7],[28,32],[4,2],[17,20],[4,6],[10,7],[14,20],[10,22],[4,19],[12,16],[12,-6],[5,-8],[5,0],[14,-10],[2,-5],[14,0],[10,4],[3,12],[-5,2],[-4,9],[6,6]],[[5693,8449],[10,0],[12,-8],[9,1],[11,7],[-5,8],[9,8],[-11,4],[3,5],[9,-1],[10,-4],[3,9],[11,7],[6,-1],[13,8],[17,-11],[5,-16],[10,-7],[4,-12],[15,0],[13,-10],[0,-33],[8,-5],[11,-2],[6,-7],[-4,-8],[2,-11],[17,-3],[10,-4],[6,11],[9,1],[11,12],[8,5],[-2,6],[8,3],[13,-6],[7,-7],[16,-7],[12,4],[3,-12],[-12,-1],[-5,-7],[8,-5],[19,2],[2,-6],[10,1],[11,-16],[7,4],[4,-8],[14,-11],[10,5],[10,8],[0,7],[5,6],[-2,6],[19,-3],[8,8],[7,1],[2,10],[7,-2],[10,10],[27,14],[21,3],[9,-3],[1,-6],[8,-3],[15,8],[23,19],[28,-6],[14,-10],[7,-2],[14,0],[23,-6],[8,3],[16,-11],[10,-4],[10,-1],[8,3],[10,-8],[3,-10],[11,-4],[1,-8],[10,-11],[16,-1],[8,-3],[22,-2],[11,10],[6,9],[-4,10],[12,10],[4,1],[4,10],[-2,6],[4,8],[-2,7],[6,19],[-1,8],[19,5],[5,-3],[15,9],[12,-1],[10,4],[6,0],[12,-6],[9,3],[11,-1],[6,3],[18,-1],[9,-4],[19,10],[4,4],[7,-2]],[[6091,7017],[7,-4],[6,-12],[5,1],[10,-5],[16,5],[15,1],[12,-7],[20,7],[3,-4]],[[6168,6703],[-19,5],[-6,-7],[-13,2],[-10,-3],[-9,3],[-12,-3],[-37,-11],[-20,-8]],[[6042,6681],[-10,0],[-5,7],[-10,7],[-9,-1],[-9,-8]],[[5999,6686],[-13,1],[-4,11],[-7,-6],[-12,5],[-15,3],[-8,4],[-8,0],[-15,4]],[[5917,6708],[8,17],[4,5],[7,16],[11,14],[4,15],[5,4],[5,10],[-4,4],[8,10],[-9,18],[-9,9],[6,9],[-7,4],[7,8],[4,9],[7,2],[1,16]],[[5965,6878],[10,17],[7,4],[2,12],[33,10],[5,8],[7,4],[5,8],[-3,21],[0,6],[7,6],[12,1],[8,4],[10,-4],[3,8],[-5,11],[12,2],[10,18]],[[7319,8463],[-12,2],[-12,-8],[-13,6],[-12,2],[-10,9],[-14,-4],[-5,8],[-8,0],[-11,-3],[-14,1]],[[7208,8476],[-2,5],[13,15],[-7,8],[21,25]],[[7233,8529],[10,-6]],[[7243,8523],[18,1],[6,-1],[18,-1],[6,5],[21,2],[8,-5],[6,1],[7,-6],[24,2],[10,0],[18,-5],[11,2],[31,-21],[5,-18],[15,-17],[32,5],[6,4],[9,1],[7,-5],[1,-7],[6,-4],[12,3],[27,-3],[6,5],[33,-8],[27,-10],[9,3],[8,11]],[[7630,8457],[4,-5],[-5,-11],[-6,-7],[-13,-8],[-6,6],[-12,3],[-10,-6]],[[7582,8429],[1,-7],[-3,-14],[2,-5],[11,-4],[7,-8],[-9,-9]],[[6884,8040],[-1,-5],[20,-21],[2,-9],[-4,-11],[-6,-8],[1,-6],[8,-8],[3,-29],[11,-9],[-1,-10],[3,-7],[9,-5],[2,-11],[-10,-10],[6,-6],[-12,-6],[-8,-7],[-28,12],[-14,7],[-10,1],[-17,4],[-6,-2],[-19,-2],[-7,-7]],[[6552,8177],[16,2],[2,-5],[9,2],[13,-5],[22,-11],[8,-1],[10,-13],[4,-9],[-2,-7],[-8,-3],[6,-11],[-9,-18],[4,-6],[-17,-13],[-19,-9],[-7,-12],[3,-4],[6,-17],[10,-2],[11,-5],[13,-2],[13,-13],[17,-9],[9,1],[10,-7],[19,-6],[6,4],[12,-4],[10,-7],[15,-4],[9,11],[7,-3],[4,7],[9,6],[0,7],[6,3],[10,13],[-3,3],[4,10],[-4,6],[4,12],[5,4],[14,2],[9,-1],[18,8],[8,6]],[[7198,8436],[7,7],[2,20],[-2,9],[3,4]],[[7420,7786],[-15,13],[-21,4],[-16,6],[-5,10],[6,9],[-1,11],[4,8],[8,7],[2,6],[8,9],[7,15],[-3,18],[7,12],[1,15],[5,4],[2,10],[6,6],[18,-1],[13,-5],[15,1],[6,6],[0,4],[-19,4],[-8,5],[-14,-1],[-11,3],[-18,0],[-9,-7],[-12,-2]],[[7403,8039],[15,1],[9,3],[2,11],[8,8],[11,5],[10,-3],[19,2],[17,10],[6,2],[-2,16],[11,2],[3,12],[23,-2],[12,12],[0,9],[7,16],[-5,6],[6,6],[-12,8],[6,8],[12,3],[5,21],[9,15],[7,-3],[8,10],[0,13],[4,8],[8,2],[-2,11],[5,4],[9,1]],[[7614,8256],[4,1],[15,-5],[9,1],[3,-13],[7,-9],[-3,-9],[9,-7],[17,-6],[2,-10],[-8,-9],[-4,-18],[4,-4],[1,-11],[-4,-5],[-1,-16]],[[7665,8136],[179,-96],[23,-25],[18,2],[15,7],[12,2],[31,-9],[7,-11],[5,-5],[9,0],[1,-16],[-6,-23]],[[7959,7962],[-2,-9],[8,-12],[20,-8],[15,0],[4,-8],[18,-2],[17,-12],[-4,-6],[8,-20],[-9,-8],[2,-5],[-5,-14],[0,-15],[-6,-2]],[[8025,7841],[-14,-4],[-4,-10],[-11,-12],[-8,1],[-4,-20],[4,-6],[-8,-11],[-7,-3],[-11,-18],[-2,-8],[-8,-6],[-11,-4],[-4,-18],[-12,-6],[-5,-14],[8,-8],[0,-7],[-5,-4],[17,-14],[2,-8],[5,-3],[1,-8],[-5,-9],[1,-14],[10,-9]],[[7954,7618],[-12,-1],[-8,-4],[-1,-7],[-18,-8],[3,-8]],[[7918,7590],[-6,-7],[-19,-13],[5,-3],[-1,-7],[-10,-7],[-12,6],[-9,-3],[-11,1],[-2,5],[-21,8],[-6,5],[-4,10],[-7,3],[0,19],[-6,1],[-3,7],[-10,-3],[-14,11],[-7,-2],[-14,4],[-6,9]],[[6506,7257],[-3,-8],[-14,-8],[-13,-12],[-16,-12],[-7,-3],[-10,-8],[-12,-16],[-5,-12]],[[7590,5999],[-11,-3],[1,-6],[15,-4],[8,-13],[1,-7],[-8,-8],[-15,-2],[-17,6],[-10,-13],[-18,-7],[-8,1],[-19,12],[-10,1],[-18,12],[-6,1],[-17,-5],[0,-15],[-14,-3],[-9,8],[-6,0],[-5,-13],[6,-7],[8,7],[12,-3],[-2,-12],[-8,-3],[-7,-10],[-15,-3],[-22,1],[-6,4],[-5,-3],[4,-9],[2,-8],[-8,-1],[-18,18],[-5,-7],[-14,-6],[-4,3],[-2,9],[-12,2],[-4,-12],[-20,-12],[-19,6],[-25,-8],[4,11],[-7,5],[-3,9],[-5,1],[-7,-7],[-7,6],[-31,4],[-8,-7],[-13,-3],[-17,6],[-12,-16],[-17,-7],[-7,1],[-11,8],[-13,2],[0,12],[-8,2],[-3,6],[-18,13],[-14,2],[-11,8]],[[7052,5943],[0,8],[-12,16],[-9,3],[-6,-2],[-24,1],[-8,5],[-10,-1],[-10,3],[-4,14],[-10,11],[-1,12],[-11,6],[5,9],[-10,-1]],[[6942,6027],[4,6],[16,1],[8,-9],[14,0],[16,-5],[14,0],[8,9],[18,4],[8,5],[26,5],[2,8],[6,8],[10,8],[1,7],[6,5],[0,7],[11,9],[-2,11],[-9,7],[11,3],[17,9],[8,18],[6,3],[26,3],[10,-6],[5,5],[5,11],[14,18],[2,16],[-5,8],[11,7],[3,6],[15,14],[9,2],[1,7],[6,3],[9,10],[8,4],[11,9],[-7,24],[4,9],[7,7],[15,2],[15,9],[20,9],[5,5],[2,11],[11,14],[17,13],[12,6],[5,10],[0,19],[7,12],[-7,12],[-20,10],[1,8],[5,13],[12,8],[4,10],[19,6],[17,17],[8,3],[-11,9],[3,16],[6,9],[-8,28],[0,5],[11,12],[13,8]],[[7437,6587],[10,-4],[11,2],[13,10],[5,6]],[[7027,7870],[1,-9],[-11,3],[-6,-4],[10,-17],[6,-20],[8,-6],[6,-10],[-2,-9],[-10,-9],[5,-8],[-3,-14]],[[7127,8446],[6,7],[1,10],[-8,4],[-11,-1],[-2,6],[-12,6],[-7,17],[-9,3]],[[7085,8498],[1,7],[-14,5],[-3,11],[-15,-1],[-6,11],[-5,1]],[[7043,8532],[3,9],[18,-3],[-1,7],[6,4],[-4,11],[11,5],[9,-2],[1,14]],[[7086,8577],[17,-13],[20,-5],[15,-1],[21,-15],[8,-2],[15,-6],[21,-4],[12,-1],[7,2],[11,-3]],[[7187,7550],[9,-5],[2,-5],[15,-4],[11,-13],[8,3],[14,0],[8,-17],[6,-1],[10,7]],[[7535,7500],[-27,-97],[34,-79],[-20,-4],[-5,-13],[-13,-10],[-13,-3],[-27,0],[-25,-3],[-14,3]],[[7425,7294],[-7,8],[-8,3],[-7,11],[-11,9],[-8,3],[-15,17],[-22,20],[-6,2],[-6,9],[-13,4],[-6,0],[-18,11],[-8,-3],[-20,0],[-13,-4],[-14,-6],[-23,-2]],[[7220,7376],[-4,8],[-14,2],[-15,-12],[-4,-10],[-4,-16],[3,-4],[-11,-13],[-8,-31],[-8,-8],[-14,-5]],[[7141,7287],[-19,-5],[-4,-11],[6,-8],[-6,-5],[-1,-6],[9,-23],[6,-7],[2,-7],[-11,-10],[-13,-1],[-16,-8],[-13,-12],[-12,2],[-2,7],[-8,2],[-5,16],[-4,4],[-23,-2],[-4,7],[-8,2],[-15,1],[-23,-2],[-17,6]],[[6960,7227],[-3,13],[3,11],[-3,11],[4,8],[-5,9],[2,11],[8,5],[1,17],[9,3],[14,10],[-14,7],[2,8],[-4,19],[-1,16],[3,11],[11,14],[9,3],[1,10],[-7,11]],[[6684,7416],[18,-4],[11,-7],[12,-5],[7,1],[11,-7]],[[6743,7394],[9,-7],[-1,-9],[13,-7],[10,-8],[19,-9],[12,0],[11,-6],[8,-7],[2,-6],[2,-21],[-2,-7],[1,-11],[6,-7],[-1,-6]],[[6867,7040],[-2,-3],[4,-15],[15,-14],[-11,-22],[10,-1],[11,-6],[11,-1],[4,-7],[8,-6],[4,-9],[-1,-16],[-11,-6],[2,-15]],[[6911,6919],[-9,-10],[-2,-12],[-16,-5],[-16,-12],[-6,-11],[-1,-13],[-22,-12],[-12,-3],[-17,12],[-20,10],[-27,-4],[-8,-5],[-17,-6],[-10,-9],[-9,-11],[0,-7],[-15,-5],[-3,-6],[-8,-3],[-14,10],[-8,-3],[-2,-6],[5,-12],[-2,-9],[-7,-3],[-15,-18],[-6,-5],[-5,-9],[-10,-6],[-10,-15]],[[6955,8320],[10,6],[6,-2],[5,5],[9,3],[-1,4],[8,8],[4,-9],[7,9],[0,8],[-6,4],[12,4],[-4,4],[3,10],[5,-2],[12,1],[4,-6]],[[7029,8367],[8,-11],[17,-5],[5,-7],[17,-8],[3,5],[14,-2],[13,-9],[17,-4],[2,-4]],[[6911,6919],[29,-14],[1,-7],[10,-5],[6,-7],[10,2],[6,-2],[15,-11],[4,-6],[8,1],[15,10],[8,-5],[7,1],[5,-5],[13,0],[19,-10],[10,-3],[18,-12],[6,-7],[20,-8],[9,-16],[3,-11],[6,-12],[-4,-11],[-9,-6],[5,-10],[0,-6],[9,-10],[8,-1],[9,14],[17,11],[16,9],[15,-5],[-2,-9],[5,-3],[-7,-19],[2,-8],[-6,-9],[3,-6],[-1,-11],[-5,-7],[2,-4],[-4,-10],[9,-4],[15,7],[13,-3],[10,-6],[7,3],[22,-1],[2,9],[10,15]],[[7280,6711],[12,5],[7,1],[20,-5],[7,-10],[13,-2],[10,3],[15,-4],[11,10],[11,-10],[7,-9],[7,-2]],[[7400,6688],[2,-11],[14,-10],[4,-6],[-4,-6],[8,-11],[1,-14],[-5,-6],[3,-9],[12,-9],[1,-6],[-3,-9],[4,-4]],[[6942,6027],[-1,8],[9,9],[-8,7],[19,11],[-1,8],[7,4],[-2,8],[5,2],[-6,10],[2,12],[8,10],[5,51],[4,6],[-8,13],[-26,14],[-5,7],[4,8],[-9,3],[-6,10],[3,4],[-3,16],[1,7],[-15,18],[-1,7],[14,16],[4,13],[-14,8],[-2,10],[9,3],[-1,8],[2,12],[-4,9],[8,10],[-3,5],[-22,6],[1,5],[-14,8],[1,10],[-18,12],[-14,-1],[-1,6],[-10,3],[-4,5],[2,7],[-5,2],[-6,8],[-15,10],[-10,0],[-4,7],[-16,1],[-9,-9],[-10,-4],[-10,-12],[-12,-1],[-16,-5],[-13,-8],[-17,-2],[-13,-11],[-21,-3],[-4,-4],[-14,-5],[-14,3],[-14,-5],[-8,-7],[-15,-2],[-11,-8],[-33,-9],[-10,-5],[-5,-6],[-9,0],[-14,-5],[-9,2],[-7,-4],[-12,-14],[-5,-2],[-14,-15],[-9,4]],[[6468,6326],[0,5],[-6,8],[-3,11],[1,11],[-7,11],[0,16],[5,2],[6,10],[7,22],[-7,14],[2,11],[-5,19],[1,5],[-5,11],[3,11],[-3,9]],[[6457,6502],[15,-1],[6,1],[8,11],[26,15],[6,0],[13,-4],[20,3],[10,14],[-7,10],[-1,25],[7,4],[15,20],[1,12],[8,12],[0,7],[-9,7],[-5,7],[-7,3],[-4,8]],[[7401,7691],[-7,-1],[-14,-7],[-13,-3],[-2,3],[-31,4],[-8,-2],[-84,-29],[0,5],[-14,5],[11,7],[-2,6],[-7,3],[-10,-5],[-12,-10],[-8,-3],[-19,-2],[-4,-2],[-11,4],[-2,8],[-12,12],[-13,6],[-8,-2],[-7,3],[-6,13],[-4,5],[-1,15],[-3,4],[0,12],[-14,5],[-11,7],[-23,2],[-21,-2],[-4,4]],[[6960,7227],[-7,-7],[-14,-7],[-7,-9],[-20,-12],[0,-15],[10,-10],[-2,-5],[4,-9],[5,-21],[-9,-9],[-3,-15],[8,-6]],[[6743,7394],[12,4],[5,5],[3,13],[8,-1],[6,4],[8,-6],[12,1],[3,-7],[13,-2],[7,10],[8,1],[5,5],[-2,9],[-7,8],[5,12],[-8,17],[-4,16],[20,9],[-7,15],[-4,4],[7,15],[1,10],[9,-1],[4,7],[26,-2]],[[5302,7853],[1,5],[-7,4],[-3,11],[4,8],[2,16],[-8,-4],[-5,5],[4,19],[5,11],[7,5],[12,-5],[20,9],[11,-5],[8,4],[4,10],[7,5],[9,11],[-15,5],[-13,2],[-6,-3],[-4,6],[6,8],[30,23],[22,2],[15,24],[4,19],[6,0],[10,27],[-5,5],[0,8],[10,9],[-2,9],[18,23],[10,2],[2,13]],[[7566,8313],[14,1],[12,-7],[9,-12],[9,-15],[-4,-20],[8,-4]],[[7029,8367],[3,5],[-10,9],[8,5],[0,7],[8,-1],[-2,7],[7,5],[-1,7],[4,5],[-1,10],[-10,2],[1,7],[7,3],[1,11],[8,-4],[21,16],[-9,6],[7,8],[8,2],[-4,13],[-1,7],[11,1]],[[11624,16860],[-6,-6],[-1,-25],[3,-7],[-2,-8],[-9,-12],[-9,0],[-2,-7],[2,-11],[5,-5],[-4,-5]],[[11601,16774],[-12,-15],[-7,1],[-6,-8],[-7,-2],[-6,-6],[-7,7],[-9,-8],[0,-13],[-11,-10],[-1,-6],[-12,-6],[-7,-6]],[[11516,16702],[-5,-5],[-12,-4],[5,-10],[-11,-7],[3,-11]],[[11496,16665],[-16,-11],[4,-4],[-1,-12],[-11,-2],[2,-9],[-15,-10],[-4,-6],[-16,-11],[2,-9],[-11,1],[-4,-6],[1,-6],[-4,-9],[12,1],[-5,-13],[-11,2],[-3,-10]],[[11416,16551],[-10,-11],[-9,-4],[3,-5],[-4,-5],[4,-6],[-1,-12],[-4,-4],[9,-11],[-7,-1],[-12,-11],[1,-19],[-10,0],[-4,-6],[-11,-4],[4,-5],[14,-5],[-8,-9],[-8,0],[-1,-10],[-18,-10],[-2,-10],[-5,-3],[-5,-10],[-14,1],[-4,-6],[-12,0],[-10,-4],[-4,-9],[-7,0],[-6,-10],[-15,-3],[-10,-19],[-5,-4],[-13,-1],[-14,-14],[-4,-7],[-9,-9],[1,-7],[-23,-24],[-20,-23],[-15,-5],[-15,-2],[-11,-6],[-4,2],[-10,-12],[-15,-3],[-7,-5],[-3,-23],[-12,-1],[-4,-12],[-4,-3],[2,-8],[-14,-5],[-5,4],[-7,-7],[-12,2],[-11,-4],[-3,-9],[-12,-11],[-8,-19],[-5,-4],[-6,-17],[-9,-5],[1,-15],[-2,-6],[-8,-6],[-3,-6],[-17,-1],[-3,-8],[5,-7],[-10,-22],[2,-9],[5,0],[3,-8],[-5,-6],[3,-9]],[[10944,15995],[-5,-6],[-12,0],[-4,-7],[-14,-13],[-4,-8],[5,-7],[-7,-13]],[[10903,15941],[-18,6],[-10,8],[1,17],[-16,11],[1,-28],[-41,4],[-16,2],[-42,-9],[-1,8],[-10,1],[-13,14],[1,4],[0,19],[7,18]],[[10746,16016],[-9,30],[14,-4],[-10,15],[-1,9],[-9,24],[-9,10],[-3,17],[-1,22],[-10,14],[-18,7],[-7,7],[-9,18],[1,9],[-11,1],[0,10],[-6,-1],[-9,-8],[-14,-2],[-7,5],[-7,-5],[-14,5],[8,20],[16,11],[11,2]],[[10642,16232],[13,6],[-7,8],[-1,11],[1,8],[6,5],[2,9],[8,8],[15,18],[16,4],[7,6],[15,1],[-1,3],[-12,1],[-6,4],[-13,-4],[-9,2],[-7,10],[-10,4],[4,13],[8,1],[-8,14],[6,12],[1,17],[-8,5],[-1,17],[-16,9],[-4,11],[7,11],[7,7],[11,1],[18,18],[11,6],[-3,7],[8,12],[11,5],[17,-1],[10,17],[7,3],[3,25]],[[10748,16546],[6,-9],[4,-9],[10,-7],[11,7],[11,-1],[11,2],[5,6],[7,-1],[-1,-8],[7,-6],[15,-2],[8,-6],[12,-3],[9,2],[5,7],[-2,4],[14,3],[11,3],[4,-3],[12,2],[12,-4],[26,9],[23,-3],[19,-6],[36,3],[6,-4],[15,1],[-1,8],[8,0],[13,7],[9,-5],[11,2],[7,7],[8,1],[11,-3],[0,7],[10,5],[6,0],[6,-9],[8,6],[-5,6],[-5,1],[-6,14],[21,14],[1,7],[-9,10],[-5,13],[-12,9],[-12,2],[-7,7],[-8,14],[2,8],[-10,16],[-16,14],[4,9],[-2,9],[10,4],[21,5],[-4,10],[-12,10],[-16,9],[-8,2],[-26,81],[1,144],[-58,21]],[[10979,16988],[5,1],[10,9],[9,1],[3,4],[-8,5],[-19,1],[-8,7],[-15,5],[-12,13],[-10,0],[-12,2],[-5,5],[-14,-2],[-12,3],[-14,0],[6,10],[-7,5],[5,7],[20,16],[29,16]],[[10930,17096],[19,7],[14,0],[12,4],[12,1],[6,-2],[18,1],[6,3],[18,-1],[16,6],[11,7],[8,-2],[20,11],[17,-1]],[[11107,17130],[12,2],[21,-3],[13,2],[23,0],[21,-2],[10,2],[11,-8],[9,1],[5,-3],[12,2],[5,-2],[9,3],[14,-1],[9,3],[8,-5],[9,-1],[16,-13],[10,4],[20,14],[9,-6],[5,1],[3,-10],[18,-7],[-3,-4],[4,-10],[11,-3],[4,-16],[-4,-5],[5,-5],[-6,-10],[-2,-10],[2,-10],[5,-8],[-7,-11],[-8,-5],[-8,-14],[-7,-4],[1,-5],[-5,-12],[9,1],[9,6],[22,-1],[15,10],[13,-10],[8,2],[8,-3],[0,-5],[7,-16],[19,-5],[5,2],[24,3],[17,4],[9,-17],[21,-16],[18,-6],[25,-4],[9,-10],[-1,-5],[7,-6],[-3,-9],[9,-5],[13,-21]],[[10698,14053],[31,0],[-3,5],[0,15],[-3,17],[21,-4],[13,4],[58,0],[-7,17],[-7,24],[-6,8],[7,3],[-1,19],[3,7],[17,78],[1,10],[18,2],[0,4],[28,26],[-1,14],[-9,13],[3,5],[13,0],[7,4],[12,0],[15,-4],[-26,92],[-5,19]],[[10877,14431],[16,-6],[17,1],[17,5],[12,-1],[21,21]],[[10960,14451],[10,-9],[-11,-2],[4,-6],[19,0],[1,-12],[9,0],[2,-7],[5,-3],[12,6],[12,2],[8,5],[40,-6],[9,-7],[7,1],[10,-8],[3,-9],[-1,-10],[-20,-14],[-7,-16]],[[11072,14356],[-8,-13],[-12,-10],[-12,-7],[2,-12],[24,-1],[13,0],[19,-11],[3,-9],[20,-5]],[[11121,14288],[-8,-3],[-7,-10],[-14,-12],[-4,-10],[-6,-8],[-14,-7],[-16,-12],[-4,-11],[-9,-6],[-14,-2],[-2,-5],[-9,-7],[1,-11],[-9,-21],[-12,-7],[-4,-9],[1,-17],[-5,-7],[-2,-13],[-7,-3],[-16,-3],[-14,-10],[-6,0],[-7,-9],[-11,-5],[5,-13],[43,-67],[-24,8],[-9,-6],[-9,-1],[-11,-7],[-11,3],[-49,2],[-3,2],[21,-48]],[[10876,13953],[12,-28],[19,-36],[-12,-6],[-13,0],[-3,-9],[-7,-3],[-19,-2],[-15,4],[-12,-1],[-3,3],[-18,-3],[-9,-4],[-12,-1],[-5,5],[-7,1],[-6,15]],[[10766,13888],[-11,11],[-12,7],[8,6],[-4,7],[-8,0],[-4,5],[0,14],[-7,-1],[-2,8],[-8,0],[-11,5],[-5,12],[-2,11],[-7,3],[3,6],[-17,5],[-8,7],[4,6],[8,-5],[8,-1],[2,9],[7,7],[-5,7],[2,6],[-4,7],[0,12]],[[11736,16058],[-4,-5],[-10,-1],[-6,-6],[-16,-7],[-5,-13],[-17,-6],[-12,-6],[-14,-1],[0,-10],[-5,-3],[-14,-2],[-5,-8],[-14,-2],[-12,-11],[-13,-15],[-21,-7],[-4,-11],[-16,-5],[-20,-2],[-9,-8],[-4,-8],[-10,-9],[-6,1],[-22,10],[-14,13],[-13,1],[-6,5],[-14,-1],[-8,-5],[-23,-1],[-23,5],[-8,-2],[-19,-14],[-2,-9],[-7,-4],[-13,-4],[-16,-1],[-16,-14],[-12,-2],[-4,6],[-8,3],[-13,-2],[-11,4],[-13,2],[-7,-3],[-7,2],[-14,-7],[-8,2],[-8,-6],[-22,0],[-4,-5],[-13,1],[-11,-7],[-19,6],[-8,-2],[-11,4],[0,-11],[-23,-14],[-4,-1],[-5,-9],[-8,0],[-12,6],[-6,10],[-8,1],[-14,-6],[-6,2],[-11,-1],[-13,2],[-21,-1],[-8,-4],[-17,3],[-4,-8],[-26,-12],[-8,-2],[-6,-10]],[[10902,15833],[-11,2],[6,8],[-7,12],[1,17],[9,0]],[[10900,15872],[5,0],[7,5],[4,17],[9,1],[7,-4],[20,12],[7,14],[19,11],[9,-2],[9,6],[1,11],[21,6],[-1,6],[18,7],[-2,8],[10,8],[2,6],[10,7],[7,22],[11,-3],[12,7],[3,11],[11,0],[9,8],[6,-1],[13,8],[7,10],[1,10],[7,0],[6,5],[-2,7],[-24,14],[0,3],[-12,3],[7,9],[10,3],[3,9],[7,-1],[6,5],[1,8],[14,16],[7,-1],[6,7],[12,3],[9,5],[1,11],[22,14],[10,11],[11,4],[5,7],[20,6],[5,5],[25,-5],[9,9],[22,-3],[13,0],[8,-11],[11,-1],[3,-6],[7,0],[2,7],[14,2],[34,14],[9,-4],[9,3],[9,-8],[3,-7],[14,-12],[19,1],[6,6],[12,4],[6,9],[15,11],[4,9],[11,2],[-2,13],[-4,4],[3,6],[9,7],[7,10],[6,1],[5,-6],[8,-2],[5,-5],[15,-4],[8,4],[14,-1],[19,12],[9,-2],[1,8],[13,9],[20,9],[6,9],[12,12],[12,6],[5,-3],[34,11],[9,10],[10,0],[10,8],[12,14],[19,13],[4,1],[7,13],[6,6],[17,7],[10,7],[7,11],[7,6],[-2,15],[7,6]],[[11859,16451],[9,-22],[-4,-11],[1,-12],[7,-11],[-3,-11],[-13,-5],[3,-18],[-1,-15],[-12,-16],[0,-5],[-7,-21],[14,-27],[-13,-6],[-4,-9],[-2,-10],[-19,-11],[-7,-13],[-13,-7],[1,-6],[-6,-7],[5,-9],[2,-22],[-13,-9],[3,-13],[-8,-12],[-12,-4],[0,-5],[-12,-17],[6,-11],[-1,-6],[-8,-4],[-3,-15],[-7,-7],[0,-4],[-6,-12]],[[10679,15607],[-8,-4],[7,-5],[-2,-5],[3,-8],[-7,-11],[4,-2]],[[10676,15572],[-11,-2],[-5,-5],[10,-22],[-49,-2],[-4,-8],[-7,-4],[-6,3],[-16,-1],[-4,2],[-17,-2],[-7,-4],[-7,-8],[-16,-3],[-9,-7],[-11,-11],[-5,-8],[0,-30],[-21,-1],[-2,-9],[-28,-8],[-12,7],[-5,-1],[-6,7],[-18,-1]],[[10420,15454],[-6,2],[-7,6],[-9,2],[-7,-4],[-32,26],[-12,3],[-2,4],[-13,-2],[-7,3],[-12,9],[-13,13],[-8,11],[-24,13],[-8,13],[-10,-1],[-8,5],[-14,1],[-2,5],[-13,1],[-3,7],[-6,2]],[[10204,15573],[3,3],[23,8],[4,8],[7,7],[8,1],[7,4],[4,13],[9,8],[15,10],[3,8],[18,15],[11,-2],[8,7],[5,9],[13,11],[30,1],[5,4],[10,-1],[11,-5],[-3,-8],[10,-4],[7,8],[39,3],[22,10],[16,2],[6,5],[9,1],[8,-4],[12,7],[10,10],[16,-3],[-2,-7],[9,-9],[7,4],[4,-3],[87,40]],[[10655,15734],[14,-11],[3,-11],[12,-5],[-2,-11],[11,-7],[-1,-10],[-10,-1],[-4,-4],[-14,-8],[3,-5],[-7,-18],[3,-7],[9,-9],[-4,-3],[11,-17]],[[11736,16058],[17,-11],[3,-5],[-6,-11],[13,-13],[-14,-4],[-6,-6],[3,-4],[10,-1],[17,-7],[0,-13],[7,-1],[10,-5],[11,-1],[9,-7],[-9,-13],[-8,-5],[-1,-7],[-12,-4],[-6,-5],[-6,-11],[-8,-7],[-9,-4],[-9,-12],[-10,-20],[2,-8],[-6,-7],[-2,-13],[-11,-5],[-7,-10],[-12,-10],[1,-5],[-9,-5],[-2,-11],[-6,-1],[-7,-12],[-9,-6],[-4,-6],[-4,-16],[-4,-5],[1,-11],[-8,-15],[-5,-5]],[[11640,15730],[-24,0],[-15,-4],[-30,10],[-8,-7],[-26,-14],[-11,1],[-30,7],[-11,5],[-12,-1],[-6,-6],[-22,-5],[-23,-17],[-4,-6],[-8,-3],[-14,-1],[-12,5],[-11,1],[-11,-5],[-3,6],[-8,-7],[-18,-4],[-7,-7],[-10,-1],[-5,3],[-10,0],[-34,18],[-9,2],[-10,0],[1,11],[-11,3],[-5,8],[-7,4],[9,6],[-9,14],[-6,-1],[-13,5],[-3,8],[-13,-1],[-9,2],[-3,8],[-8,4],[-2,7],[-12,3],[-15,7],[-8,-1],[-13,6],[-5,-1],[-16,7],[-8,-8],[-6,-11],[-10,-3]],[[11076,15777],[-8,-9],[-8,2],[-21,-7],[-9,2],[-3,6],[-9,0],[-2,-7],[-27,1],[-21,-10],[-7,4],[-9,-5],[-4,2],[-12,-7],[-19,3],[-7,-6],[-9,-1],[-14,-4],[-15,10],[6,7],[-2,6],[-8,0],[4,8],[-2,26],[12,5],[0,6],[9,3],[2,7],[11,8],[-2,6]],[[10746,16016],[-92,-74],[-12,-5],[-6,0],[-20,-19],[0,-12],[-6,-8]],[[10610,15898],[-7,14],[0,5],[-12,3],[-3,6],[-27,10],[-7,4],[-3,8],[-8,10],[-6,-3],[-9,8],[-1,8],[-10,14],[-2,5],[-12,11],[1,4],[-7,8],[-8,12],[-5,1],[-2,8],[-12,10],[-13,7],[-1,11],[-10,7],[-6,-1],[-12,5],[-27,1],[-14,8],[2,4],[-10,21],[-4,13],[-15,6],[-4,7],[-7,4],[-4,8]],[[10345,16145],[-3,7]],[[10342,16152],[7,1],[18,23],[10,-3],[33,10],[10,0],[10,5],[16,-3],[52,23],[30,6],[7,0],[35,7],[16,6],[32,3],[7,4],[17,-2]],[[10676,15572],[-2,-6],[10,-1],[3,-6],[21,1],[9,-6],[3,-7],[1,-14],[-10,-8],[12,-19],[-2,-14],[10,-3],[-1,-12],[1,-7],[5,-5],[0,-6],[-6,-4],[0,-10],[13,-10],[0,-13],[8,-3],[-2,-7],[8,-3],[7,5],[7,1],[6,-8],[0,-10],[12,-13],[7,1],[6,-11],[-8,-9],[-7,-4],[3,-5],[-5,-25],[9,-15],[13,-5],[-3,-9],[6,-3],[-3,-7],[7,-8]],[[10814,15284],[-8,-7],[-6,-18],[7,-5],[2,-6],[10,-12],[14,-13],[3,-15],[7,-16],[5,-4],[3,-14],[-6,-10],[-6,-14],[8,-9],[6,-1],[3,-23],[11,-12],[4,-11],[14,-3],[17,7],[5,7],[11,2],[10,10],[17,2],[6,-4],[19,13],[7,2],[12,10],[19,-5],[9,9],[5,9],[7,0],[13,7],[41,2],[5,2],[16,-3],[6,4],[14,3],[23,-11],[17,-6]],[[11164,15151],[-7,-23],[11,-8],[7,-13],[1,-14],[-1,-14],[6,-6],[-6,-6],[-3,-10],[3,-8],[-8,-4],[1,-14],[-2,-5],[-18,-14]],[[11148,15012],[-12,0],[-5,-4],[-22,-2],[-1,-4],[-11,-1],[-16,-5],[-6,-4],[-25,8],[-7,7],[-20,0],[-13,4],[-4,5],[-11,4],[-8,22],[1,17],[-13,12],[4,13],[-26,8],[-14,-14],[-21,-11],[-4,-8],[-12,0],[-16,3],[-26,-15],[-24,4],[-7,-1],[-17,6],[-7,-1]],[[10805,15055],[-5,1],[-10,-4],[-16,6],[-11,1],[-4,4],[-16,5],[-23,5],[-59,7]],[[10661,15080],[-14,13],[-18,9],[-8,7],[-48,31],[-15,20],[0,17],[15,20],[3,9],[-2,11],[-8,5],[-12,1],[-9,-6],[-8,-8],[-9,4],[-15,1],[-71,11],[8,10],[-11,12],[-1,16],[18,14],[4,12],[-3,14],[8,9],[2,8],[-4,11],[5,10],[-16,10],[-4,6],[-23,0],[-19,15],[-4,10],[5,6],[-2,23]],[[10405,15411],[7,16],[0,19],[3,5]],[[10415,15451],[5,3]],[[10679,15607],[26,0],[175,0],[1,16],[-16,7],[2,11],[0,16],[14,8],[9,9],[14,-1],[11,5],[7,9],[18,9],[7,1],[6,-6],[20,1],[13,8],[4,4],[31,-7],[28,-13],[11,-6],[22,-6]],[[11082,15672],[-9,-5],[-7,-8],[-2,-10],[-10,-5],[-7,-11],[-9,-2],[-6,-9],[-12,-7],[-9,2],[-22,0],[-4,-5],[-13,-3],[-13,0],[5,-15],[18,4],[10,-7],[13,1],[12,-8],[6,-9],[16,-4],[22,-15],[8,6],[16,-1],[18,-6],[10,2],[9,8],[13,0],[24,-9],[5,-6],[15,1],[12,-9],[8,0],[3,4],[17,-7],[-1,-4],[6,-13],[12,-2],[8,4],[11,13],[6,-2],[11,4],[13,0],[17,-12],[5,2],[13,-2],[8,-6],[20,-3],[10,4],[8,11],[12,6],[18,3],[14,-6],[14,-2],[12,-6],[10,-8],[5,-1],[3,-9],[-2,-10],[4,-7]],[[11456,15493],[-19,-3],[-3,-4],[-24,-16],[0,-13],[-11,-16],[-15,-8],[-3,-13],[3,-18],[-2,-11],[-5,-8],[-6,-4]],[[11371,15379],[-15,14],[-20,9],[-16,2],[-5,7],[-13,-3],[-10,1],[-16,6],[-12,-5],[-15,9],[-10,3],[-2,13],[-5,4],[9,8],[-1,9],[-4,5],[-13,-1],[2,9],[-7,6],[-6,-2],[-17,2],[-7,-3],[-16,6],[-28,-4],[-18,-11],[-6,-1],[-2,-12],[-11,-10],[-8,-6],[-1,-7],[-13,-19],[-5,1],[-14,-22],[-6,3],[-4,-10],[-19,-2],[-10,-4],[-13,-1],[-11,-20],[-11,-6],[0,-8],[-13,-4],[-14,0],[-7,-8],[-11,-1],[-14,3],[-25,1],[-7,-6],[-5,0],[-16,10],[-6,2],[-8,-5],[-8,-1],[-15,-8],[1,-4],[-10,-2],[-2,-10],[-10,1],[-5,-5],[1,-7],[-4,-11]],[[11371,15379],[-3,-2],[-13,2],[-9,-9],[2,-6],[-6,-14],[0,-9],[-6,-3],[1,-10],[-4,-9],[-10,-8],[-7,-13],[-7,-4],[-1,-7],[-6,-11],[-6,-3],[-5,-11],[-6,-9],[-23,7],[-6,-2],[-4,-11],[-8,-14],[4,-5],[-5,-5],[-4,-18]],[[11239,15205],[-4,-13],[-14,-7],[-15,5],[-13,7],[-12,-10],[-4,-11],[-1,-13],[-12,-12]],[[10342,16152],[-8,6],[-16,7],[-6,22],[-4,8],[-16,11]],[[10292,16206],[-4,8],[-10,12],[0,5],[20,24],[3,11],[-2,9],[-6,4],[0,10],[14,4],[2,10],[0,14],[-6,19],[9,11],[1,8],[9,1],[6,13],[8,2],[4,9],[0,9],[-6,4],[15,12],[8,0],[11,9],[9,1],[3,6],[-6,12],[8,4],[10,12],[9,1],[7,7],[12,5]],[[10420,16462],[11,9],[7,3],[4,16],[-1,7],[7,1],[-5,13],[8,5],[-8,12],[10,4],[2,6],[8,3],[2,5],[18,6],[-2,9],[6,5],[8,2],[7,8],[9,2],[6,4],[8,-2],[10,10],[11,-3],[6,3],[10,-2],[7,7],[9,-2],[3,-5],[10,4],[13,10],[11,-1],[4,3],[18,-17],[5,1],[8,8],[10,-4],[11,0]],[[10671,16592],[15,-28],[3,-18],[17,-6],[20,-1],[11,1],[11,6]],[[10903,15941],[-5,-8],[-3,-9],[9,-1],[7,-6],[-9,-11],[4,-2],[-2,-13],[-4,-5],[5,-10],[-5,-4]],[[11076,15777],[1,-6],[-4,-17],[-7,-15],[6,-3],[10,-2],[13,-4],[26,-3],[13,2],[14,-7],[-9,-5],[-2,-10],[5,-4],[-60,-31]],[[10655,15734],[-1,9],[-6,11],[3,5],[-6,4],[6,6],[-6,8]],[[10645,15777],[2,18],[-7,16],[-13,7],[-6,7],[4,4],[-10,3],[-4,6],[1,8],[-6,2]],[[10606,15848],[8,10],[9,9],[-6,10],[-1,7],[-6,14]],[[10731,14387],[15,8],[14,-2],[13,6],[10,-2],[18,4],[26,0],[4,6],[-3,6],[16,12],[0,3],[12,4],[10,1],[11,-2]],[[11267,14322],[0,-9],[-7,-23],[1,-20],[2,-13],[-12,-8]],[[11251,14249],[-14,17],[-8,7],[-3,8],[3,5],[-14,9],[-15,-3],[-11,-4],[-6,8]],[[11183,14296],[12,8],[9,3],[2,4],[-6,7],[1,6],[-9,14],[6,14],[-4,5],[-7,2],[-4,7]],[[11183,14366],[-4,6],[-3,21],[2,6]],[[11178,14399],[19,-5],[7,5],[31,0],[17,-9],[23,-20],[-2,-6],[4,-9],[-4,-9],[-9,-8],[-1,-10],[4,-6]],[[10674,14730],[11,-13],[7,0],[6,-5],[17,5]],[[10715,14717],[5,-5],[-14,-4],[0,-6],[-13,-3],[-8,-9],[-8,-1],[-15,-9],[-9,2],[-1,-6],[4,-7],[-2,-18],[6,-5],[-7,-3],[-5,-6],[7,-6],[22,-2],[8,2],[6,-2],[14,1],[11,-4],[5,7],[8,-3],[5,-7],[18,2],[8,-5],[23,3],[18,-2],[9,-5],[10,-1],[4,-4],[42,9],[4,4],[-7,5],[0,9],[18,1],[2,9],[8,6],[8,2],[8,8],[-3,6],[4,19],[-6,8],[2,7],[6,11],[0,4],[12,8],[3,8],[13,10],[1,8],[7,2],[17,-2],[34,11],[22,4],[11,-11],[5,8],[6,1],[5,10],[21,4],[10,-3],[11,2],[8,-1],[16,4],[10,0],[7,7],[7,2],[5,7],[5,0],[10,7],[2,7]],[[11158,14812],[0,-12],[6,-7],[-1,-5],[6,-10],[12,-14],[-5,-8],[-1,-13],[-12,0],[-20,-2],[-7,-7],[-11,-5],[-7,-1],[-5,-5],[-12,-21],[-3,-13],[1,-10],[-7,-5],[-16,-5],[-6,-9],[-14,-1],[-3,-10],[-10,-11],[-1,-10],[-8,-4],[2,-14],[-2,-8],[-7,-8],[-11,-7],[-10,-1],[-9,-11],[-5,-9],[4,-13],[10,-8],[-7,-7],[2,-12],[-2,-8],[11,-4],[3,-8],[11,-5],[18,-23],[-3,-3],[-19,2],[-9,-8],[-11,-4],[-1,-6],[-8,-5],[-31,-3]],[[11640,15730],[-8,-11],[-2,-13],[11,-4],[-6,-7],[-16,-37],[1,-14],[-21,1],[-15,-4],[-20,1],[-7,-5],[-7,-1],[-11,-8],[-7,-9],[-11,-17],[-8,-3],[-3,-8],[-13,-10],[5,-12],[0,-10],[-3,-4],[-14,-3],[-15,1],[-8,-8],[4,-9],[8,-3],[8,-14],[-20,-12],[0,-5],[-6,-9]],[[11860,16548],[-11,8],[-11,2],[-8,-2],[-20,4],[-6,5],[-11,-1],[-11,4],[-15,-10],[-14,5],[-22,-7],[-4,-7],[-23,0],[-14,-3],[-14,4],[-5,-2],[-11,10],[-16,6],[-20,18],[-10,7],[-8,1],[-6,6],[-9,0],[-12,-5],[-10,3],[-7,6]],[[11562,16600],[7,5],[8,1],[10,9],[13,4],[2,3],[14,7],[9,2],[13,-3],[9,-7],[14,-3],[22,-12],[12,5],[20,3],[4,-8],[16,0],[8,-4],[9,0],[17,5],[2,4],[20,5],[22,16],[8,-1],[12,6],[12,3],[22,0],[1,2]],[[11868,16642],[6,-7],[-1,-10],[3,-11],[-6,-5],[-1,-9],[16,-6],[2,-11],[-8,-11],[-3,-13],[-6,0],[-10,-11]],[[11148,15012],[-4,-12],[3,-3],[-3,-14],[6,-17],[1,-14],[4,-11],[-1,-11],[2,-10],[-8,-5],[0,-6],[14,-11],[-2,-6],[-4,-18],[-6,-8],[-17,0]],[[11133,14866],[-7,0],[-10,-15],[-10,-8],[-43,0],[-10,-4],[-3,-6],[-12,-3],[-5,-5],[-12,0],[-3,-6],[-12,-1],[-4,3],[-22,1],[-11,3],[1,14],[-10,15],[-20,13],[-2,3],[-16,10],[-5,9],[-7,-1],[-8,-15],[-7,-2],[-5,-9],[-8,-5],[-17,-5],[-3,-8],[-15,-1],[-6,-3],[-11,-9]],[[10830,14831],[-11,-3],[-5,14],[-1,12],[-17,-3],[-1,11],[6,20],[-2,46],[3,20],[-1,69],[4,38]],[[10715,14717],[36,5],[22,5],[18,1],[15,-11],[-4,37],[12,7],[5,18],[3,16],[8,36]],[[11133,14866],[-1,-10],[4,-9],[5,-3],[16,-21],[1,-11]],[[10671,16592],[2,6],[14,-2],[5,10],[7,-1],[8,9],[12,5],[19,22],[14,0],[21,-3],[7,-4],[10,3],[5,9],[-7,4],[7,9],[-5,7],[-1,7],[9,-1],[8,3],[11,-5],[31,-6],[10,10],[9,3],[-9,12],[10,8],[-4,8],[11,10],[11,-6],[22,6],[11,0],[13,-6],[7,0],[10,8],[13,-4],[16,6],[3,6],[-8,8],[2,16],[-9,14],[-23,6],[-9,6],[-3,10],[-14,3],[12,12],[5,13],[0,12],[2,3],[-7,9],[-2,12],[5,7],[2,10],[-4,7],[-11,1],[-13,5]],[[10906,16879],[6,10],[-1,14],[2,7],[11,3],[9,12],[4,22],[11,5],[3,8],[10,-5],[17,5],[-2,11],[8,5],[-5,12]],[[11121,14288],[-6,-8],[6,-10],[20,-6],[6,14],[1,11],[7,4],[9,-6],[3,6],[16,3]],[[11251,14249],[1,-6],[-15,-4],[-7,-8],[-3,-10],[2,-11],[5,-2],[-2,-8],[3,-10],[-7,-12],[-11,1],[-7,4],[-14,-9],[-5,-5],[-6,5],[-12,5],[-13,-1],[-12,-8],[-6,-1],[-2,-8],[15,-3],[3,-16],[-3,-5],[-2,-16],[-5,-13],[-11,-7],[14,-18],[6,-2],[1,-16],[-4,-11],[-7,-5],[2,-7],[12,-11],[6,-3],[-11,-6],[1,-5],[8,-1],[11,-9],[8,3],[19,-2],[-1,-10]],[[11202,13998],[-6,1],[-21,-11],[-1,-11],[-12,-7],[-5,5],[-7,-1],[-6,-6],[-11,1],[-31,7],[-17,-1],[-10,-5],[-10,-1],[-13,-8],[-4,-6],[-12,-3],[-6,5],[-13,1],[-12,-4],[-12,4],[-16,-2],[-17,1],[-1,-5],[-19,-6],[-8,6],[-20,1],[-30,2],[-6,-2]],[[11496,16665],[3,5],[10,0],[7,-6],[10,-4],[3,-6],[15,-14],[-4,-14],[1,-11],[-3,-14],[5,-4],[19,3]],[[11860,16548],[-2,-10],[4,-13],[-3,-9],[5,-8],[9,-7],[-5,-11],[-1,-8],[-7,-11],[3,-5],[-4,-15]],[[10944,15995],[4,0],[14,7],[3,7],[-3,5],[5,11],[9,14],[9,3],[9,-2],[6,5],[5,11],[18,35],[42,75],[8,-5],[10,2],[11,5],[14,3],[53,0],[3,11],[7,15],[7,6],[4,9],[10,7],[4,9],[9,7],[3,5],[10,2],[13,7],[13,-4],[8,2],[13,-1],[3,-4],[13,4],[10,0],[4,3],[19,6],[9,0],[5,-4],[0,21],[14,2],[7,-6],[28,6],[22,-1],[16,3],[12,6],[7,0],[10,-10],[68,0],[1,103],[61,0],[1,159],[-23,-3],[-15,-7],[-9,4],[-17,4],[-9,4],[-15,-2],[-25,9],[-6,5],[-14,1],[-11,4],[-15,-2]],[[11266,13683],[0,-6],[7,-13],[-7,-1],[-4,-19],[-19,-14],[-2,-5],[-10,-4],[-10,-11],[-4,-8],[-8,-2],[0,-7],[-11,-14],[-15,-14],[-2,-9],[-19,-11],[-19,-12],[-30,-5],[-6,-8],[-19,-10],[-14,-2],[-2,5],[-17,4],[-16,12],[-6,17],[-10,-4],[-10,1],[-8,7],[-12,1],[-13,17],[-26,13],[-10,3],[-8,-1],[-14,3],[-13,-2],[-20,5],[-5,4]],[[10884,13593],[-16,3],[-12,17],[-12,30],[-8,7],[0,11],[4,15],[17,2],[8,-4],[11,-18],[18,-3],[5,7],[9,-3],[15,5],[4,-7],[13,-7],[8,2],[16,-7],[11,2],[19,0],[10,-4],[8,4],[5,14],[4,4],[-1,11],[19,-6],[13,0],[15,4],[14,9],[8,2],[-2,5],[5,9],[5,2],[0,8],[4,14],[12,10],[1,13],[5,4],[5,18],[12,29],[3,13],[18,7],[17,-4],[8,-6],[1,-10],[4,-10],[4,0],[143,75]],[[11334,13860],[12,9],[9,1],[5,-9],[5,-32],[-5,-24],[-12,-5],[-2,-4],[-18,-6],[-3,-13],[-13,-8],[-2,4],[-15,-1],[-6,-3],[-9,-1],[-11,-4],[-7,-9],[2,-7],[0,-16],[-4,-3],[0,-14],[5,-3],[4,-10],[1,-12],[-4,-7]],[[11202,13998],[16,6],[9,-7],[5,-13],[-1,-11],[4,-2],[-1,-12],[4,-3],[-2,-9],[-5,-11],[4,-9],[0,-9],[8,-15],[0,-12],[14,6],[16,0],[13,5],[6,-1],[8,-7],[18,1]],[[11318,13895],[8,-7],[4,-8],[-3,-5],[5,-5],[2,-10]],[[10884,13593],[-161,2]],[[10723,13595],[-7,1],[2,14],[-7,7],[9,5],[6,-2],[8,6],[6,-1],[3,10],[-7,4],[2,7],[-6,7],[-7,2],[-2,7],[2,11],[11,13],[17,3],[8,4],[0,7],[10,13],[7,2],[3,7],[12,3],[10,12],[4,8],[7,5],[13,1],[6,7],[-4,8],[3,6],[-8,7],[0,7],[7,9],[-5,11],[0,7],[-11,-3],[-3,12],[-11,-1],[-4,7],[-7,4],[-1,7],[-8,4],[-9,-4],[-10,3],[5,16],[-9,11],[8,6],[0,13]],[[10569,14940],[6,12],[18,10],[-1,10],[12,2],[6,10],[6,4],[-5,6],[5,4],[3,11],[6,4],[2,11],[-2,14],[8,6],[8,-2],[5,20],[16,6],[-1,12]],[[7367,14571],[13,10],[6,-1],[4,13],[15,2],[13,-6],[8,10],[-4,7],[4,4],[9,-5],[5,-10],[11,-10],[6,5],[3,17],[13,5],[8,5],[-2,8],[3,7],[2,18],[4,7],[9,3],[4,-2],[2,-10],[7,-1],[2,12],[7,3],[4,6],[-7,9],[4,14],[-8,7],[7,15],[13,-1],[-2,-13],[13,-2],[5,15],[-4,6],[-4,13],[8,3],[-6,14],[-8,2],[3,5],[-11,18],[-16,11]],[[7510,14784],[5,4],[-6,12],[0,5],[10,11],[-10,9],[3,5],[1,19],[7,2],[1,9],[14,2],[5,-8],[7,1],[-1,15],[7,6],[-9,5],[2,5],[-13,5],[-11,-2],[-2,6],[-32,-6],[-15,4],[-10,5]],[[7463,14898],[-1,6],[4,6],[-1,14],[10,3],[20,14],[6,-5],[5,7],[-2,6],[13,-1],[0,7],[19,-5],[37,-3],[1,-6],[13,4]],[[7587,14945],[11,-2],[16,11],[9,-7],[12,7]],[[7635,14954],[6,-3],[11,6],[15,-4],[2,-8],[14,-6],[2,-12],[-2,-7],[6,-6],[-2,-6],[15,-6],[11,-2],[-2,-7],[12,-3],[8,-4],[7,3],[18,-3],[17,3],[2,-6],[15,-8],[3,10],[18,-8],[5,-7],[8,2],[7,-8],[9,2],[9,-10],[17,-2],[2,16],[13,-11],[19,-9],[-4,-13],[3,-11],[14,-11],[16,8],[13,-12],[3,3],[14,-3],[12,-8],[6,-11],[9,0],[-4,-9]],[[7982,14783],[-6,-5],[2,-6],[9,4],[3,-10],[-8,-10],[-10,-7],[6,-5],[7,-15],[9,-2],[8,-6],[3,-7],[-9,-8],[15,-8],[6,-4],[9,-1],[-1,-7],[-6,-4],[6,-8],[-1,-15],[-7,-8],[-9,-18],[3,-10],[7,-10],[11,2],[3,-4],[9,-4],[-5,-7],[1,-9],[15,-4],[2,-6],[10,-2],[3,-4],[17,1],[13,-3],[7,-15],[-5,-1],[-4,-8],[8,-2],[10,-7],[19,-1],[5,-9],[-8,-3],[-4,-16],[-9,-4],[7,-6],[-2,-4],[10,-11],[4,-14],[-6,-7],[-7,0],[3,-11],[6,7],[6,0]],[[8137,14461],[0,-13],[16,-3],[-1,-8],[-7,-5],[5,-10],[-7,-12],[1,-7],[-4,-9],[4,-5],[-11,-9],[0,-8],[-7,-3],[10,-8],[-1,-11],[12,0],[10,4],[1,-18],[17,5],[1,-7],[5,-6],[-4,-7],[-9,-3],[-4,-11],[-9,-1],[-7,-10],[7,-1],[4,-18],[-15,-1],[-7,-6],[18,-14],[3,-7],[-9,-7],[-15,-5],[-8,-1],[-3,-11],[-13,-3],[-2,9],[-7,4],[-5,-7],[-2,-19],[-25,2],[-9,-1],[-6,-7],[-9,8],[-9,-10],[-8,3],[0,9],[-10,2]],[[8018,14215],[-11,7],[-4,6],[-20,-7],[-5,11],[-18,8],[-9,-3],[-6,-7],[-12,-19],[4,-8],[-3,-7],[-10,-8],[-3,2],[-20,-4],[-16,1],[-7,4],[-2,18],[2,17],[-2,11],[-8,0],[-13,7],[-4,6],[-14,-3],[-28,2],[-64,2],[0,8],[-9,0],[1,-8],[-44,1],[-74,3]],[[7619,14255],[5,7],[-2,5],[10,8],[-5,2],[-32,-8],[-10,11],[-3,6],[6,12],[-8,7],[-5,0],[-23,17],[-13,3],[-24,-15],[-9,1],[-16,-2],[-8,0],[-5,16],[-5,5],[-11,1]],[[8821,13937],[0,16],[-6,25],[1,15],[-2,5],[-9,-2],[-8,8],[1,6],[-4,9],[-13,-3],[-18,6],[-1,-15],[-15,-11],[-17,6],[-6,10],[0,8],[-8,1],[-1,6],[-6,4],[-10,-5],[-6,10],[-5,-5],[-9,-3],[-14,3],[-8,5],[-12,2],[-15,-5],[-18,4]],[[8612,14037],[-8,4],[-3,10],[9,14],[-8,2],[0,15],[-10,4],[10,11],[4,14],[13,9],[6,-9],[9,19],[1,12],[11,-6],[1,5],[-5,5],[7,9],[-5,7],[11,-1],[1,13],[8,2],[6,7],[-2,12],[6,0],[16,9],[3,9],[14,0],[5,10],[6,1],[7,9],[-2,7],[-11,4],[5,6]],[[8717,14250],[3,5],[13,-1],[-1,21],[-5,5],[12,5],[7,9],[12,7],[4,13],[16,7],[20,2],[1,5]],[[8799,14328],[11,3],[10,10],[6,8],[11,4],[0,16],[16,-3],[7,4],[13,18],[-6,11],[9,10],[57,-3],[31,-14],[5,5],[4,9],[19,-9],[12,15],[-3,22],[2,10],[12,-2],[5,5],[17,10],[-1,9],[8,5]],[[9044,14471],[12,-15],[91,-12],[-1,-18],[-1,-34],[36,1],[3,-9]],[[9184,14384],[5,-1],[11,-15],[4,-9],[8,-11],[5,-13],[21,-8],[-1,-3],[9,-10],[4,7],[12,4]],[[9262,14325],[1,-11],[13,7],[4,-6],[25,1],[6,-20],[-12,-5],[-4,8],[-16,-13],[11,-10],[10,-3],[3,-8],[12,-4],[5,-13],[-4,-8],[13,-1],[2,-6],[-12,-6],[-3,-13],[7,-6],[0,-9],[6,0],[13,-6]],[[8612,14037],[-4,-2],[-1,-12],[9,-3],[-6,-6],[5,-7],[1,-10],[-5,-7],[-13,-4],[-7,2],[-6,-10],[-16,-2],[-4,-9],[3,-15],[10,-5],[-5,-4],[-13,-3],[-9,2],[-5,-5],[-10,3],[-4,-7],[-9,-7],[10,-6],[-8,-9],[-4,-2],[4,-9]],[[8525,13900],[-4,-5],[5,-10],[-13,-3],[-7,2],[-9,9],[-19,-4],[-7,9],[0,6],[-22,7],[-18,1],[0,4],[-27,26],[-4,9],[-12,3],[-3,8],[-12,3],[-14,6],[-13,0],[-11,9],[-21,2],[-30,-4],[-7,13]],[[8277,13991],[-4,3],[-10,20],[6,9],[3,14],[-4,12],[-7,4],[2,6],[14,17],[-5,14],[-11,10],[2,9],[5,5],[-5,8],[0,13],[-4,9],[1,7],[-1,15],[7,11],[11,10],[15,4],[10,6],[12,-6],[15,1],[21,2],[19,11],[7,-1],[10,8],[0,6],[9,7],[4,7],[6,5],[9,0],[11,-10],[17,6],[12,8],[11,-5],[16,3],[6,6],[8,-4],[12,6],[7,2],[8,13],[10,5],[6,9],[8,6],[8,11],[18,11]],[[8572,14304],[9,-23],[-13,-2],[-11,-11],[3,-8],[8,-9],[13,-3],[7,-6],[16,8],[11,-3],[6,3],[11,-4],[4,-15],[14,-1],[1,-4],[17,-4],[1,10],[18,0],[9,13],[11,11],[10,-6]],[[7216,14683],[5,6],[-6,5],[15,13],[7,1],[7,-3],[7,14],[15,3],[3,7],[13,9],[-4,5],[9,6],[1,11],[8,11],[5,16],[14,3],[4,10],[7,2],[6,-6],[10,-1],[-9,10],[1,6],[9,4],[5,-4],[8,4],[15,-1],[7,-9],[9,5],[25,-4],[9,-7],[8,7],[10,1],[-2,11],[12,-1],[-3,-6],[4,-8],[11,-1],[-1,-8],[23,1],[1,-2],[21,-3],[5,-6]],[[7635,14954],[12,8],[14,-2],[12,6],[3,-13],[9,5],[9,1],[9,8],[20,-4],[-3,-6],[25,-3],[3,-5],[10,0],[1,-14],[12,1],[9,-6],[0,-6],[14,-3],[7,-6],[1,-7],[13,0],[4,3],[13,2],[8,3],[14,3],[8,-6],[3,5],[24,-2],[20,1],[7,-11],[6,2],[14,-4],[6,3],[4,16],[7,1],[10,9],[-8,16],[10,-2],[39,-3],[12,5],[6,8],[-3,22],[11,8],[15,-4],[16,3],[1,-3],[14,2],[7,-1]],[[8083,14984],[4,-7],[-19,-8],[-6,-7],[18,-10],[20,3],[0,-6],[-5,-10],[-5,-1],[-14,-22],[-11,0],[-18,-27],[2,-5],[23,-2],[-2,-18],[13,-9]],[[8083,14855],[-11,-5],[-4,-8],[-9,2],[-12,-6],[6,-7],[-3,-13],[-10,-13],[5,-11],[-23,-9],[-7,-9],[-6,0],[-4,-7],[-15,8],[-8,6]],[[8093,14994],[-5,3],[-9,0],[-9,8],[9,4],[-3,22],[2,19],[-5,5],[5,16],[-7,2],[5,14],[-6,3]],[[8070,15090],[5,6],[-2,9],[-13,17],[-2,13],[-4,6]],[[8054,15141],[-12,13],[1,8],[23,11],[26,19],[10,1],[6,-9],[15,13]],[[8123,15197],[27,40],[28,13],[25,-1],[8,5],[1,6],[8,15],[12,1],[9,7]],[[8241,15283],[5,-1],[4,-26],[7,-3],[3,-17],[23,-9],[-2,-16],[5,-12],[8,-2]],[[8294,15197],[-10,-8],[-5,-13],[5,-10],[-11,-8],[-1,-7],[6,-11],[-7,-2],[1,-17],[-10,-10],[-15,-12],[1,-8],[10,-6],[-7,-4],[-3,-11],[11,-8],[-4,-7]],[[8255,15055],[-13,6],[-14,-1],[-11,-4],[-10,-11],[-15,-8],[-9,0],[-9,-7],[-5,4],[-22,-12],[-6,4],[-13,0],[0,-12],[-4,-3],[-12,-4],[-4,3],[-11,-17],[-4,1]],[[8445,15171],[18,1],[6,10],[11,1],[8,-7],[8,1],[11,5],[6,8],[8,3],[18,-12],[-7,-9],[6,-4],[19,2],[13,-3],[0,-9],[12,-5],[15,8],[10,0],[0,-5],[10,-13],[14,3],[-2,-12],[7,-5],[-6,-7],[11,-7],[7,7],[5,-1],[-2,-10],[3,-8],[9,1],[7,-9],[13,4],[20,-6],[10,1],[12,-2],[5,-4],[17,7]],[[8747,15095],[10,-11],[0,-5],[10,-10],[-4,-17],[5,-1]],[[8768,15051],[-2,-11],[2,-10],[6,-1],[-5,-9],[7,-8],[15,-9],[6,-6],[1,-11],[-3,-11],[10,0],[16,-17],[15,-7],[-14,-2],[-5,-18],[-22,18],[-5,-9],[15,-8],[-8,-17]],[[8797,14915],[-8,7],[-6,0],[-9,-6]],[[8774,14916],[-9,3],[-9,-2],[-11,-9],[-3,-8],[-7,-7],[-6,-2],[-10,-12],[-18,15]],[[8701,14894],[9,3],[0,7],[-12,18],[0,7],[-14,1],[11,15],[-16,7],[1,-10],[-11,-7],[-10,4],[-21,1],[-10,9],[0,4],[-17,7],[-7,0],[-2,-7],[-9,-4],[-9,1],[-17,14],[-8,-3],[-4,12],[-12,5],[-16,9],[-27,2],[3,5],[-25,6],[3,10],[-8,0],[-40,16],[-2,-8],[-11,-4],[-14,-2],[8,-8],[-5,-4],[-15,8],[-12,-9],[-15,-4],[-6,5],[-7,-8],[-8,-2],[1,-12],[-49,8],[1,-7]],[[8299,14979],[-11,-2],[-8,7],[-18,7],[-3,12],[-6,3],[8,10],[11,-5],[4,15],[-15,5],[3,5],[20,1]],[[8284,15037],[13,0],[18,-2],[8,4],[-1,12],[10,-1],[13,4],[12,-4],[13,10],[4,12],[-6,6],[1,12],[12,-2],[-3,9],[3,8],[9,0],[-2,7],[8,4],[3,8],[-4,2],[7,16],[4,5],[19,0],[2,6],[8,4],[10,14]],[[8083,14984],[19,-5],[7,11],[-16,4]],[[8255,15055],[4,-5],[8,0],[9,-4],[8,-9]],[[8299,14979],[13,-8],[9,-1],[-7,-17],[10,-3],[-7,-9],[0,-4],[12,-12],[10,-14],[-12,-13],[2,-8],[-8,-2],[-5,-5],[8,-9],[-1,-20],[6,-2],[-1,-10],[-8,-5],[2,-6],[-3,-16],[6,-9],[-2,-17],[9,-15],[6,-6],[-4,-13],[2,-28],[-6,-4],[-24,-2],[-4,-3],[-1,-13],[-8,2],[-12,-14],[4,-4],[9,1],[3,-9],[9,12],[7,0],[6,-8],[17,1],[2,-6],[8,-1],[1,-11],[10,-11],[12,7],[7,-6],[-13,-8],[2,-9],[-7,-15],[5,-4],[4,-15],[6,-2],[-4,-9],[3,-7],[6,1],[-3,-12]],[[8375,14578],[-5,-3],[-17,-4],[-12,2],[-12,-4],[-1,-12],[14,-7],[4,7],[10,-4],[6,-8],[-22,-9],[-8,0],[-4,7],[-8,-1],[-9,2],[-6,6],[-4,9],[-18,12],[-10,2],[-3,10],[-10,0],[4,15],[-7,5],[-20,1]],[[8237,14604],[-18,13],[-1,11],[-4,8],[11,11],[-10,6],[2,7],[8,4],[0,7],[13,4],[0,8],[9,3],[-5,10],[-14,8],[10,5],[9,11],[-10,3],[-14,9],[-13,2],[5,11],[-14,11],[-12,0],[4,9],[6,2],[-6,20],[-4,-3],[-21,10],[-7,0],[-6,10],[-7,3],[-5,9],[-14,9],[-18,3],[-4,-8],[-6,-1],[-8,7],[11,8],[-18,21],[-3,0]],[[8070,15090],[-17,-13],[-4,-23],[-2,-14],[-5,0],[-15,8],[-2,-12],[-6,-7],[-19,4],[-5,-17],[-10,4],[-11,-4],[-9,10],[-7,-2],[-13,-9],[-10,2],[-2,6],[2,25],[-5,3],[1,6],[-16,7]],[[7915,15064],[-2,7],[10,17],[8,1],[6,-9],[13,-4],[-2,-9],[6,-2],[13,3],[17,0],[8,9],[-10,15],[2,8],[-5,6],[-8,-1],[-3,5],[11,11],[10,6],[20,7],[2,6],[9,3],[19,0],[10,-5],[5,3]],[[8595,13819],[-11,5],[6,13],[-11,0],[-5,13],[-7,12],[-12,10],[-11,2],[-8,14],[-11,7],[0,5]],[[7915,15064],[-8,-1],[-6,-5],[-16,4],[-2,-4],[-15,6],[-6,5],[-9,2],[-20,0],[-4,7],[-18,8],[-10,-2],[2,11],[-12,-1],[4,-8],[-6,-6],[-12,-5],[-6,-6],[-13,-8],[-12,-11],[-5,-9],[-19,5],[-3,8],[-6,-1],[-2,-8],[-12,1],[-13,-7],[-8,3],[-7,6],[-5,-4],[-14,0],[-7,7],[13,9],[-12,3],[-15,9],[1,9],[-17,-1],[-12,-3],[-9,5],[-13,-7],[-6,-1],[-15,6],[-4,4]],[[7556,15084],[3,3],[-18,6],[0,8],[-11,6],[-21,-1],[-12,2]],[[7497,15108],[10,6],[13,5],[10,-4],[6,3],[10,14],[7,13],[-3,10],[5,7],[-6,8],[2,12],[13,3],[16,9],[6,-2],[10,8],[8,-6],[13,-2],[4,2],[16,-3],[8,22],[-9,11],[-14,3],[-8,-5],[-10,4],[6,7],[-1,5]],[[7609,15238],[15,4],[11,0],[56,17],[1,12],[14,0],[-3,13],[7,6],[5,-1],[6,11],[14,-1],[7,9],[15,4],[11,19],[1,9],[21,15],[2,7],[16,4],[-2,13],[11,2],[2,-4],[14,0],[1,19],[17,7],[16,-6],[20,-2]],[[7887,15395],[7,-8],[2,-8],[-1,-21],[6,-6],[12,3],[16,8],[24,4],[19,-14],[2,-8],[13,-10],[7,6],[10,-7]],[[8004,15334],[5,-7],[4,-13],[-6,-8],[8,-6],[-11,-10],[6,-18],[-12,-8],[7,-7],[14,-4],[11,-5],[5,1],[3,7],[7,-2],[-3,-7],[10,-1],[7,9],[9,0],[6,5],[11,-5],[11,3]],[[8096,15258],[-2,-12],[11,-1],[-4,-6],[0,-9],[9,-4],[-1,-8],[6,-6],[5,3],[4,-9],[-1,-9]],[[7149,14869],[-4,17],[6,3],[26,9],[37,9],[22,8],[13,5],[10,8],[9,12]],[[7268,14940],[11,-7],[1,-5],[27,-15],[9,-13],[7,4],[10,1],[9,-5],[5,-26],[14,-1],[48,5],[11,-2],[0,6],[10,-3],[4,7],[8,-1],[5,-6],[6,10],[10,9]],[[8096,15258],[8,10],[10,26],[-8,25],[2,10],[8,8],[-6,7],[9,13],[-4,8],[19,12],[14,14],[15,1],[14,-5],[7,5],[7,12],[13,8]],[[8204,15412],[11,-13],[7,-4],[1,-7],[9,-5],[10,-1],[6,-18],[10,-8],[-8,-7],[-6,6],[-6,-3],[-1,-8],[-8,-13],[27,-2],[7,-7]],[[8263,15322],[-7,-9],[-4,-12],[-11,-18]],[[8432,13689],[-9,15],[5,4],[15,2],[0,8],[7,9],[-4,29],[10,8],[-6,13],[-14,2],[-8,-9],[-14,10],[-2,4],[-9,5],[-6,-5],[-1,-7],[-15,-4],[-10,5],[-13,-3],[-1,-11],[-18,5],[-15,-10],[-16,-1],[-19,-4],[3,6],[-3,7],[0,10],[12,6],[-3,5],[7,10],[14,6],[12,-5],[24,12],[7,5]],[[8362,13816],[-6,6],[1,6],[-7,2],[-10,-3],[-9,7],[-1,7],[-4,3],[-7,-6],[-18,13],[7,2],[-6,18],[-11,-4],[-21,18],[-7,0],[-2,9],[-10,0],[5,-12],[-10,-4],[-21,6],[-7,-7],[-7,5],[-8,-5],[-8,4],[-7,0],[-7,5],[-21,9],[-16,2],[-2,9],[-8,2],[-8,-13],[-12,3],[4,14],[-10,4],[-9,-3],[-15,-1],[-1,-7],[-11,-1],[-14,-14],[0,-7],[-9,-3],[-4,-8],[-5,0],[2,-14],[-5,-8],[-9,1],[-1,-7],[-5,-4],[-7,9],[-8,-3],[-16,-1],[-8,-3],[8,-7],[-3,-8],[5,-7],[-17,-1],[-5,-8],[6,-6],[-6,-5],[-12,1],[-5,-8],[10,-7],[-14,-2],[-5,3],[-11,2],[-10,-19],[-6,-3],[-1,-11],[-6,1],[-10,-12],[6,-10],[3,-10],[-9,-5],[-5,-12],[6,-7],[9,-1],[9,4],[4,-4],[-1,-7],[13,-3],[10,2],[1,-5],[-3,-9],[-9,-3],[-10,-8],[5,-4],[-3,-13],[-19,-10],[1,-8],[-5,-3],[4,-6],[-4,-8],[8,-8],[-11,-7],[-1,-12],[-4,-10],[-6,-3],[7,-7],[-11,-8],[16,-8],[-5,-4],[-2,-12],[-11,-7],[-4,-17],[-7,-13],[-18,-9],[-10,-19],[-2,-10],[-6,-8],[3,-5],[-10,-20],[2,-6],[-17,-13],[-2,-13],[-4,-4],[1,-9],[-14,-18],[-7,-3],[-22,-22],[-3,-21],[-6,-5],[-21,-5],[-9,-6],[-11,-4],[-8,-13],[2,-25],[9,-7],[2,-8],[7,-7],[6,-11],[-5,-20],[10,-15],[0,-7],[11,-24],[-1,-14]],[[7630,13157],[-3,10],[4,19],[4,11],[4,3],[-4,11],[10,7],[-4,7],[5,5],[9,14],[0,9],[5,6],[-1,11],[3,18],[4,5],[12,1],[5,4],[13,3],[14,10],[7,8],[2,15],[12,10],[2,11],[15,9],[2,7],[13,4],[5,6],[0,10],[-6,7],[4,11],[-2,7],[7,9],[1,19],[8,4],[-15,6],[-6,10],[-3,13],[1,13],[-4,7],[-12,6],[-2,8],[0,13],[2,8],[16,9],[9,15],[2,42],[-4,3],[-5,16],[2,7],[-2,12],[0,8],[-5,9],[-7,5],[-4,19],[4,18],[-3,4],[-12,3],[-5,6],[-25,7],[-4,8],[3,13],[0,20],[-1,7],[-10,20],[2,7],[12,6],[15,14],[10,8],[2,7],[1,22],[-1,6],[14,21],[6,17],[4,6],[2,16],[3,8],[9,2],[11,-7],[13,-4],[9,2],[15,9],[7,8],[9,1],[11,19],[3,11],[11,0],[3,-10],[4,-5],[11,11],[10,1],[0,6],[13,9],[7,-3],[8,5],[1,17],[8,1],[4,6],[-2,7],[2,9],[-7,2],[4,8],[3,19],[8,2],[3,5],[7,0],[5,8],[9,5],[5,-2],[9,5]],[[7973,14068],[4,-2],[-5,-15],[7,-1],[-2,-9],[7,-3],[2,-11],[5,-13],[8,-4],[5,6],[8,1],[24,12],[8,-9],[8,-3],[1,-8],[-6,-10],[-3,-21],[-6,-17],[4,-14],[-4,-2],[3,-11],[-1,-7],[11,-2],[8,4],[-1,5],[17,17],[13,-8],[7,2],[14,-2],[16,2],[1,10],[12,-4],[-1,-12],[8,-2],[10,-9],[12,18],[6,2],[7,-6],[12,-2],[9,1],[1,-7],[14,1],[1,6],[14,-4],[5,10],[-7,2],[2,7],[15,3],[4,11],[-5,7],[5,8],[6,-1],[21,7]],[[7497,15108],[-14,14],[-9,13],[-9,1],[-9,-4],[-11,6]],[[7445,15138],[8,9],[0,8],[7,11],[-1,7],[6,11],[-1,17],[5,8],[-8,9],[9,12],[1,6],[-3,11],[9,8],[1,8],[-2,10],[5,3],[28,8],[14,6],[24,14],[12,9],[9,12],[1,10],[-5,9],[-10,3],[5,13],[12,8]],[[7571,15368],[12,-8],[9,-10],[5,-12],[6,-1],[-1,-14],[7,-2],[4,-7],[9,2],[-3,-18],[6,-2],[-6,-11],[15,2],[12,-2],[6,-13],[-18,-10],[-16,-2],[-5,-6],[-4,-16]],[[8137,14461],[7,8],[4,19],[8,0],[17,3],[2,23],[10,1]],[[8185,14515],[3,-9],[6,-4],[12,0],[7,3],[10,-2],[5,-6],[15,-7],[5,5],[7,-6],[9,-2],[-9,-20],[-7,-6],[1,-5],[6,-7],[0,-6],[10,-13],[-5,-6],[2,-5],[9,0],[3,14],[4,-1],[0,-15],[10,-6],[4,-7],[8,5],[6,-2],[0,-8],[9,-10],[-4,-13],[5,-4],[8,6],[5,0],[14,12],[27,-5],[10,-13],[7,-3],[13,-2],[17,-11],[22,-4],[10,0],[20,-3],[5,2],[16,-15],[8,3],[9,6],[7,2],[8,-5],[11,-3],[14,-9],[19,5],[2,-20],[4,-11]],[[7973,14068],[6,11],[3,8],[8,7],[2,9],[13,12],[3,7],[9,13],[6,-4],[15,17],[-4,2],[2,15],[-4,5],[3,6],[-15,5],[-7,14],[7,12],[-2,8]],[[8185,14515],[-5,10],[6,18],[7,-3],[4,19],[6,14],[1,13],[4,7],[21,-6],[-2,13],[10,4]],[[8375,14578],[7,-4],[4,-13],[4,2],[15,-17],[15,1],[6,-5],[9,7],[10,-4],[13,2],[17,-9],[42,4],[9,-6],[13,4],[6,-3],[20,5],[10,-4],[10,0],[14,5],[5,-4],[13,2],[3,4]],[[8620,14545],[1,-16],[-6,-10],[-8,-3],[-3,-11],[10,-7],[-2,-10],[12,-2],[3,-9],[9,-4],[3,-8],[-11,-9],[-3,-8],[10,-7],[12,3],[13,1],[12,-5],[0,-5],[16,-4],[10,1],[25,-2],[8,-4],[0,-6],[-8,-8],[14,0],[10,12],[10,4],[4,-13],[16,-23],[12,-11],[-9,-7],[-14,-6],[-2,-8],[3,-4],[17,0],[1,-15],[9,-6],[5,-7]],[[7268,14940],[3,5],[3,15],[-3,3],[27,13],[22,14],[1,3],[27,16],[2,3],[-1,15],[5,17],[-3,8],[4,3],[7,16],[5,7],[13,10],[12,6],[4,7],[19,10],[4,7],[18,11],[8,9]],[[7556,15084],[5,-12],[18,-10],[4,-6],[15,-5],[-4,-18],[10,1],[0,10],[7,2],[-4,-14],[10,0],[-2,-10],[-5,-6],[-6,1],[-3,-7],[-6,-5],[-13,-4],[-4,-20],[11,-11],[18,3],[-1,-10],[-14,-1],[3,-5],[-8,-12]],[[8362,13816],[-13,-2],[-21,-9],[-16,2],[-10,0],[2,-6],[-10,-12],[5,-4],[-20,-10],[-2,-4],[-10,-2],[-6,-5],[5,-8],[-6,-9],[6,-4],[-6,-7],[0,-12],[-5,-14],[-6,0],[-3,-7],[3,-11],[-1,-10],[12,-8],[-3,-13],[8,-13],[1,-6],[-9,-8],[-9,-3],[-7,-7],[2,-8],[-5,-4],[2,-6],[-27,-4],[-13,1],[-5,-3],[-14,5],[-12,-1],[-9,-12],[0,-5],[-6,-9],[6,-6],[-3,-12],[-10,-18],[0,-6],[-15,-6],[-6,-10],[-6,-2],[3,-13],[-3,-9],[1,-10],[5,-4],[-7,-13],[-5,-3],[3,-12],[7,-10],[19,-10],[-2,-9],[4,-4]],[[8004,15334],[4,6],[-3,6],[14,1],[6,13],[15,-2],[2,-12],[7,6],[11,2],[-6,10],[13,-2],[3,7],[6,-2],[11,7],[3,22],[12,10],[-11,4],[-3,16],[9,12],[4,-3]],[[8101,15435],[8,-1],[13,-8],[2,-10],[7,0],[1,-7],[14,-7],[14,16],[11,2],[5,3]],[[8176,15423],[4,-10],[7,-5],[8,4],[9,0]],[[8701,14894],[-10,0],[-2,10],[-5,8],[-5,-1],[-4,-8],[-8,3],[-8,-11],[3,-8],[-12,-20],[-8,-8],[-3,-9],[-6,3],[-14,-2],[-17,9],[-5,-14],[-21,-3],[4,-9],[-7,-2],[-6,-8],[-8,-6],[-10,-3],[1,-13],[4,-5],[-2,-21],[8,-7],[26,-10],[8,-12],[7,-3],[-1,-7],[12,-2],[1,-9],[-11,-2],[5,-11],[-2,-12],[-15,-7],[-3,-7],[10,-2]],[[8597,14685],[-8,-19],[-10,7],[-5,-6],[6,-6],[-8,-22],[4,-15],[8,1],[-1,-10],[9,-4],[-2,-9],[14,-27],[0,-5],[9,-8],[1,-5],[6,-12]],[[8294,15197],[5,-9],[14,-2],[10,5],[7,9],[-2,5],[9,10],[4,8],[8,8],[6,20],[14,-1],[5,-5],[17,14],[0,11],[3,8],[12,15]],[[8406,15293],[11,-2],[8,-7],[8,-2]],[[8433,15282],[-3,-15],[-3,0],[-6,-13],[1,-9],[9,-15],[1,-20],[-2,-9],[-10,-2],[1,-7],[12,-4],[4,-8],[9,-4],[-1,-5]],[[7887,15395],[11,18],[0,3],[-25,6],[1,4],[13,25],[-4,5],[7,4],[0,34]],[[7890,15494],[20,1],[22,5],[5,-6],[9,-2],[5,10],[22,1],[8,-4],[4,-12],[-9,-8],[-12,6],[-9,2],[-18,-4],[-10,-11],[-1,-6],[14,-7],[3,7],[8,-3],[15,3],[4,-4],[24,-4],[17,10],[13,4],[9,9],[16,8],[6,-1],[14,1],[6,-6],[13,-2],[5,1],[14,-2]],[[8107,15480],[-6,-8],[-1,-6],[5,-5],[-4,-26]],[[7571,15368],[10,13],[5,2],[9,11],[62,14],[24,7],[31,13],[22,11],[22,18],[7,16],[-9,14],[-7,-6],[4,-7],[-6,-4],[3,18],[6,7],[16,12],[4,7],[13,4],[17,2],[9,-2],[6,-12],[17,-7],[21,-5],[14,-1],[19,1]],[[7152,13886],[0,6],[9,13],[17,8],[8,6],[4,10],[8,5],[18,-2],[4,-4],[12,-5],[9,1],[15,-3],[13,6],[4,-2],[19,10],[2,4],[14,2],[13,7],[8,1],[10,9],[10,-2],[12,9],[16,3],[1,6],[11,5],[10,11],[14,7],[1,12],[8,8],[12,7],[7,8],[6,2],[7,14],[10,1],[8,-4],[14,0],[6,3],[18,-5],[16,2],[13,-7],[3,6],[-4,7],[7,2],[6,-11],[11,0],[-2,15],[12,1],[4,4],[1,10],[16,5],[12,-3],[6,9],[10,-2],[-2,11],[9,17],[-3,14],[10,-3],[8,4],[-6,15],[1,12],[-22,10],[4,10],[-4,7],[-7,1],[2,7],[13,1],[6,-7],[8,-2],[3,9],[-10,9],[3,11],[-6,2],[-8,14],[3,7],[-4,5],[4,14],[-4,6]],[[8263,15322],[20,8],[15,-10],[2,-7],[11,-6],[34,1],[8,3],[10,-3],[3,14],[14,13]],[[8380,15335],[-1,-7],[5,-6],[-3,-13],[12,-7],[8,0],[5,-9]],[[9590,9746],[-5,-3],[-14,-1],[-10,1],[-18,-15],[-7,5],[-14,7],[-5,0],[-12,-8],[-7,-9]],[[9498,9723],[-4,3],[-13,-3],[-8,-12],[-13,6],[-7,7],[-6,-7],[-17,11],[-7,6],[-9,1],[5,9],[-6,5],[-10,21]],[[9403,9770],[7,4],[6,11],[14,-2],[9,8],[14,2],[6,13],[11,0],[13,4],[4,-2],[10,2],[9,-16],[26,-1],[6,-7],[16,-1],[4,-8],[7,0],[8,-4],[14,-13],[-2,-4],[5,-10]],[[9850,10338],[-8,1],[-14,-6],[-1,-11],[13,-9],[-5,-20],[-9,-3]],[[9826,10290],[-7,10],[-7,1],[-17,-9],[-5,-6],[-15,-2]],[[9775,10284],[-1,11],[7,6],[7,-4],[12,9],[-7,4],[-7,9],[-6,15],[2,6],[-5,20],[-6,-8],[-18,-3],[0,13],[-4,8],[6,6],[-7,3],[5,11],[-11,13]],[[9742,10403],[-1,10],[5,6]],[[9746,10419],[4,-9],[11,-12],[1,-7],[11,3],[6,5],[13,3],[8,-15],[20,-5],[2,-6],[7,-3],[3,-6],[3,-18],[15,-11]],[[9749,9992],[-15,-9],[5,-10],[-7,-16],[-9,-4],[13,-8],[11,-3],[12,2],[9,-6],[-3,-15],[1,-16],[-6,-5]],[[9760,9902],[-2,-3],[-11,2],[-16,-2],[-5,-7],[-10,-4]],[[9716,9888],[-11,8],[-13,5],[-16,-1],[-4,9],[-16,-1],[-3,-5],[-11,5],[17,13],[5,8],[-7,10],[-11,-1],[-4,-4],[-9,8],[12,7],[4,5],[2,12],[-14,12],[-3,6],[-8,3],[0,10],[-9,15],[-3,20],[-6,7],[0,6],[-6,4],[-14,1]],[[9588,10050],[10,8]],[[9598,10058],[16,-5],[4,-6],[10,0],[1,9],[8,5],[5,12]],[[9642,10073],[7,0],[14,-18],[2,-10],[30,-12],[4,-3],[1,-10],[7,-1],[4,-6],[13,-5],[9,-1],[16,-15]],[[9826,10290],[3,-5],[10,7],[5,-6],[9,-15],[6,-6],[2,-15]],[[9861,10250],[-13,-5],[7,-10],[-10,-6],[1,-3]],[[9846,10226],[-6,-10],[-14,-5],[-8,-8],[-13,-3],[-10,1],[-7,-2],[-3,-8],[2,-7],[-4,-6],[-23,-11],[-18,-2],[-10,7],[-5,-8],[-22,0]],[[9705,10164],[-3,2],[1,18],[8,20],[-20,17],[-5,18]],[[9686,10239],[22,1],[1,14],[-16,22],[1,7],[18,0]],[[9712,10283],[11,-6],[16,-2],[25,4],[11,5]],[[10068,9550],[-7,-3],[-8,2],[-14,-5],[-15,1],[-15,-5],[-18,-2],[-18,5],[-6,-1],[-9,6],[-13,4],[-23,-6],[-9,11],[-3,-2],[-26,8],[-5,2],[-18,3],[-8,-6],[-15,3],[-7,3],[-7,19],[-15,9],[-20,0],[-24,-11]],[[9765,9585],[-15,18],[-7,7],[-14,4],[-16,1],[-19,-4]],[[9694,9611],[-10,5],[-12,2],[-8,6]],[[9664,9624],[4,3],[15,-1],[7,-3],[15,-1],[13,4],[3,3],[11,2],[15,16],[15,4],[14,1],[12,8],[17,3],[8,8],[23,-6],[13,-8],[10,-8],[9,-4],[25,-4],[5,-4],[1,-12],[6,-9],[18,-9],[8,-7],[9,-3]],[[9940,9597],[14,-3],[3,-19],[5,-7],[9,-6],[11,1],[15,-2],[14,2],[11,-5],[17,-1],[2,4],[19,3],[12,-4]],[[9471,10198],[-13,-8],[-8,6],[-11,2],[-8,-14],[-13,4],[-14,7],[-5,-10],[-5,-3],[-8,-13],[-1,-6],[7,-7],[-4,-9],[-9,-4],[-7,-9],[-6,-20],[11,-14],[-6,-8],[5,-8],[-4,-5],[13,-7],[4,-17],[4,-8],[13,-4]],[[9406,10043],[-4,-17],[-14,-6],[-2,-9],[-5,-6]],[[9381,10005],[-22,7],[-8,-1],[-11,4],[-15,-5]],[[9325,10010],[-9,10],[-18,6],[-3,6]],[[9295,10032],[1,6],[17,11],[5,6],[4,13],[12,5],[-2,12],[-8,7],[-9,1],[-8,5],[-1,11],[6,9],[3,15],[-4,6],[-16,9]],[[9295,10148],[-4,14],[6,11],[15,7],[12,7],[14,0],[9,5],[0,8],[5,11],[6,7],[13,7],[18,6],[4,4],[-4,25],[2,13],[-6,7],[-11,2],[-12,5],[-4,7]],[[9358,10294],[13,-2],[10,2],[4,-5],[9,4],[17,-6],[15,2],[14,-4],[8,2],[11,-3],[2,-4],[15,0],[1,-8],[-5,-9],[-8,-4],[-3,-15],[2,-18],[-9,-13],[2,-5],[8,-8],[7,-2]],[[9686,10239],[-7,5],[-3,-10],[-12,-3],[-7,4],[-16,0],[-2,7]],[[9639,10242],[5,13],[5,46],[-2,9],[11,17],[0,13],[7,3],[6,10],[-4,7],[21,-1],[8,12],[1,7],[6,22],[-6,9]],[[9697,10409],[16,1]],[[9713,10410],[2,-12],[-11,-10],[2,-11],[-5,-8],[1,-6],[11,-8],[-6,-13],[6,-11],[7,-3],[1,-5],[-9,-8],[-1,-12],[3,-3],[-2,-17]],[[9989,10152],[-3,-5],[20,-40],[-6,-10],[8,-8],[-1,-13],[4,-8],[-1,-9],[8,-17],[7,-1]],[[10025,10041],[-2,-6],[-7,-4],[-18,3],[-2,3],[-16,6]],[[9980,10043],[-3,9],[-7,5],[-5,8],[-6,-1],[-22,8],[-8,8]],[[9929,10080],[3,14],[-6,6],[0,6],[-7,7],[-10,-1],[-5,3],[-5,11],[-26,2],[-10,4]],[[9863,10132],[2,9],[-1,6],[-8,5]],[[9856,10152],[22,8],[13,3],[4,5],[12,8],[1,8],[7,7],[5,10],[5,3]],[[9925,10204],[26,2]],[[9951,10206],[6,-22],[10,-8],[17,-20],[5,-4]],[[9800,9033],[-17,0],[-10,6],[-5,7],[8,15],[-2,10],[1,9],[11,25],[7,7],[-7,21],[-16,0],[-23,5],[-9,-7],[-12,2],[-16,6],[-4,10],[-19,6],[-14,6]],[[9673,9161],[-7,1]],[[9666,9162],[4,13],[8,17],[3,9],[8,9],[-4,10],[4,24],[10,12],[5,22],[-2,8],[-8,6],[-12,4],[-4,6],[-1,9]],[[9677,9311],[-3,20],[5,7],[6,16],[2,10]],[[9687,9364],[6,-4],[10,4],[15,1],[3,7],[8,5],[8,-6],[9,0],[10,8],[13,1],[5,-6],[8,-5],[22,-2],[16,2],[5,-3],[29,3],[22,-8],[4,2],[1,16]],[[9881,9379],[19,-1]],[[9846,10226],[2,-14],[-6,-13],[-3,-19],[-13,-18],[-23,-14]],[[9803,10148],[-20,-9],[-6,-9],[-16,-14],[-6,1],[-13,-1],[-19,-9],[-11,0],[-5,3]],[[9707,10110],[4,2],[-1,9],[11,18],[-6,7],[-9,6],[-1,12]],[[10395,10444],[2,-4],[-5,-8],[4,-3],[-9,-7],[1,-10],[-8,-6],[4,-12],[-7,-4],[-1,-5],[6,-5]],[[10382,10380],[-1,-8],[5,-4],[-12,-12],[-6,-2],[-6,-11],[-8,1],[-24,8],[1,2],[-16,9],[-2,-3],[-17,12],[-8,0]],[[10288,10372],[1,6],[11,6],[5,8],[12,7],[4,8],[10,16],[9,7],[7,1]],[[10347,10431],[24,13],[4,11],[10,3],[8,-4],[2,-10]],[[9823,10977],[-11,-12],[-11,-1],[10,-13],[-7,-21],[-19,-16],[-6,-7],[25,-12],[-2,-14],[-8,-9],[-4,-1],[-9,-7],[0,-6],[-8,-12],[2,-16],[-7,-3],[8,-7],[4,-8],[-10,-5],[-10,0],[-4,-4],[1,-8],[-10,-10],[-4,-14],[-8,-2],[-6,-5]],[[9729,10764],[-10,-8],[1,-22],[-5,-7],[2,-5],[-5,-13],[2,-4],[-14,-11]],[[9700,10694],[-6,0],[-8,-6],[-7,0],[-31,4],[-29,-1],[-19,8],[-3,4],[-16,3],[-2,4],[-13,8],[5,11],[-5,12],[5,3],[7,10],[4,14],[-8,14],[3,9],[8,14],[4,11],[-3,15],[5,8],[4,16],[4,21],[-9,10],[-9,-1],[-9,11],[1,7],[-8,10]],[[9565,10913],[6,6],[-1,9],[25,29],[-5,10],[4,13],[-2,11],[2,16],[-1,4],[5,9],[14,15],[24,15],[6,16],[9,11],[11,7],[3,18]],[[9665,11102],[6,-3],[13,0],[5,-5],[10,-1],[7,-3],[17,3],[8,8],[14,3],[12,-6],[11,2],[5,-3],[10,5],[12,-9],[0,-9],[14,-10],[6,-19],[4,-3],[6,-12],[7,-2],[8,-23],[-3,-11],[-9,-6],[0,-12],[-5,-9]],[[10520,9839],[-2,-7],[3,-9],[-1,-10],[4,-8],[16,-14],[1,-7],[9,-1],[8,-7]],[[10558,9776],[-10,-3],[-10,0],[-13,-7],[7,-17],[17,-10],[7,-11],[-16,2],[-10,5]],[[10530,9735],[-23,13],[-7,8],[-14,4],[-3,-4],[-20,-7],[-10,2],[-4,-6],[-20,-4],[-17,3],[-10,-3]],[[10402,9741],[-4,3],[1,14],[-5,9],[0,17],[-8,14],[5,8],[10,1],[2,6]],[[10403,9813],[8,15],[-2,9],[8,7],[0,8],[9,6]],[[10426,9858],[11,3],[9,-2],[12,-6],[22,4],[16,-4],[6,-15],[18,1]],[[10523,11003],[0,-8],[5,-2],[7,6],[15,7],[17,-2],[2,-7]],[[10569,10997],[-20,-4],[-6,-9],[-1,-15],[16,-4],[10,-12],[9,-5],[1,-9],[7,-8],[-12,-10],[0,-5],[8,-4],[1,-5],[21,-11],[3,-6]],[[10606,10890],[-9,-13],[-5,-4],[2,-8],[-2,-19],[-15,-2],[-13,-5],[-11,-9],[-10,3],[-5,-11],[2,-5],[12,-11],[8,-4],[9,-9]],[[10569,10793],[-19,-11],[-13,-3],[-4,-9],[-7,-4],[2,-7]],[[10528,10759],[-5,0],[-9,-7],[-14,-5],[-10,-7],[0,-7],[-9,-3],[-11,-18],[-16,-6],[-14,6],[-4,9],[-6,5],[-10,2],[4,11],[5,5],[-23,9],[-9,14]],[[10397,10767],[12,8],[0,16],[8,12],[1,6],[9,8],[2,12],[-4,7],[-10,4],[-5,8],[-16,9],[-10,8],[-3,8],[11,17]],[[9649,10433],[-7,-12],[0,-6],[-9,-10],[8,-16],[-10,-12],[1,-14],[-10,-14],[-6,-2]],[[9616,10347],[-18,2],[-17,6],[-17,-4],[-6,-5],[-9,6],[-7,-1],[-15,5],[-18,13],[-8,15],[-7,2],[-5,8],[-2,12],[-25,12],[-27,4],[-11,-6],[-6,2],[-2,12],[-4,3],[1,14]],[[9413,10447],[18,-5],[6,2],[6,10],[-10,8],[-11,5],[-13,3]],[[9409,10470],[5,10],[8,4],[11,0],[11,3],[7,-4],[11,-1],[11,-3],[14,-11],[17,-2],[22,6],[12,7],[7,-6],[15,7],[13,-6],[25,-4],[3,-2],[14,2],[12,-3],[9,2],[0,-16],[6,-13],[7,-7]],[[10281,10286],[6,6],[-13,8],[-10,2]],[[10264,10302],[8,9],[7,15],[2,20],[-1,6]],[[10280,10352],[4,15],[4,5]],[[10382,10380],[8,-5],[-1,-4],[16,-8],[11,0],[-5,-10],[-1,-15],[-4,-9],[-8,-26],[-5,-2],[-7,-15],[-4,-13]],[[10382,10273],[-4,-3]],[[10326,9920],[2,-5],[16,-9],[4,-10],[9,-5],[20,-3],[30,-9],[5,-2],[0,-12],[6,-7],[8,0]],[[10403,9813],[-15,8],[-3,5],[-17,1],[-11,-5],[-13,1],[-21,-12],[-10,-10],[0,-17],[-3,-3],[10,-31],[-27,-18],[-10,6],[-2,-11],[-4,-7],[4,-7],[1,-12],[-6,-10],[-10,-2],[-8,-6],[-13,0],[-14,8]],[[10408,10055],[28,12],[7,12],[7,2],[8,-6],[7,-8],[16,-1],[-7,-7],[-5,-14],[14,-5],[13,-21],[12,-10],[5,2],[10,21],[12,9],[3,12],[7,6],[8,1],[7,5],[9,0],[16,-4],[16,2],[9,-3],[8,4],[28,2],[10,-5],[13,1]],[[10669,10062],[1,-8],[-8,-1],[-5,-12],[-18,-22],[-7,-4],[-9,-14],[-8,-6],[-11,-5],[-6,-7],[-14,-10],[-2,-5],[-12,-9],[-2,-3],[-22,-4],[-8,-10],[-12,-2],[-8,-6],[-2,-12],[5,-7],[-2,-8]],[[10519,9907],[-18,6],[-9,0],[-12,4],[-13,-6],[-11,0],[-9,5],[-11,28],[-8,7],[-12,0],[-4,13],[-16,6],[-4,4],[-8,1]],[[11013,10623],[-2,-10]],[[11011,10613],[-6,-12],[-11,-4],[-7,3],[1,16],[-6,5],[-4,8],[-11,5],[-13,9],[-18,-1],[-9,-6],[-22,-13],[2,-12],[-12,-9],[-4,1],[-13,-26],[-9,-13],[-5,-5],[-21,-30],[-11,-8],[1,-10],[-6,-10],[-13,-9],[-5,-15],[6,-12],[-6,-5],[2,-6]],[[10811,10454],[-16,9],[-11,13],[-27,6],[-5,-2],[-8,8],[-12,5],[4,9],[-5,3],[-13,0],[-14,4],[-8,5],[17,17]],[[10713,10531],[13,9],[11,12],[-10,10],[-2,7],[16,6],[1,8],[-8,5],[-9,11],[1,5],[-14,21],[-11,5],[0,4],[16,29],[4,-6],[9,-7],[8,-1],[11,2],[15,21],[8,-2],[4,16],[6,1],[5,14],[21,17],[7,15]],[[10815,10733],[15,4],[13,8],[2,4]],[[10845,10749],[11,-3],[-1,-16],[5,-1],[9,-10],[8,-18],[15,-15],[7,2],[8,-6],[10,-4],[8,-7],[3,-9],[14,3],[10,-10],[9,-2],[4,7],[30,-12],[8,-15],[10,-10]],[[10517,10624],[-3,-3],[-2,-22],[-7,-9],[-23,-20],[3,-13],[-2,-13],[9,-8],[-4,-6],[-11,-7]],[[10477,10523],[-18,-8],[-3,9],[-17,-5],[-9,4],[-19,-1],[-14,5],[-25,2],[-17,-5],[-2,7],[7,4],[3,9],[1,15],[14,12],[5,16],[-14,9],[13,15],[-1,6],[-12,2],[-12,6],[-19,3],[2,11],[-11,14]],[[10329,10653],[1,13]],[[10330,10666],[15,9],[12,3],[4,-14],[6,-9],[21,5],[15,-6],[11,-10],[8,-2],[17,-8],[4,-3],[24,-12],[5,8],[0,7],[12,12],[15,-11],[9,-14],[9,3]],[[10180,10162],[9,4],[1,14],[-11,3],[-7,6]],[[10172,10189],[14,16],[-11,14],[6,11],[13,18],[18,14],[19,2],[10,18],[17,12],[6,8]],[[10815,10733],[-17,4],[-14,-2],[-9,1],[-6,-3],[-2,-7],[-11,-4],[-6,2],[-8,-8],[-15,6],[-4,4],[-7,-7],[-2,-7],[-8,-9],[-11,-7],[-4,-7],[-12,-7],[-12,-2],[-16,-16],[-21,8],[-14,-5],[-8,-7]],[[10608,10660],[-3,14],[2,8],[-10,11]],[[10597,10693],[-1,20],[17,2],[2,7],[11,4],[2,6],[-5,6],[19,8],[14,17],[-3,4]],[[10653,10767],[15,9],[3,15],[35,20]],[[10706,10811],[4,-4],[21,-12],[10,-9],[2,-7],[12,-10],[-6,-10],[11,-1],[5,-6],[10,4],[22,-8],[1,-7],[17,-8]],[[9749,9992],[9,10],[8,2],[27,13]],[[9793,10017],[12,1],[17,13],[5,9],[8,5],[14,3],[12,-3]],[[9861,10045],[-2,-8],[4,-17],[4,-5],[1,-11],[6,-8],[16,-7],[12,-18]],[[9902,9971],[-12,-12],[4,-11],[-3,-6],[-8,-4],[-8,-18],[-14,-14]],[[9861,9906],[-3,3],[-3,16],[-8,5],[-11,2],[-20,-12],[-3,-12],[-14,1],[-10,5],[-14,-7],[-4,-4],[-11,-1]],[[10056,10787],[-1,-3],[4,-13],[-4,-14],[1,-12],[-10,-12],[-21,1],[-3,-3],[-13,11],[-7,-5],[6,-5],[-3,-11],[2,-5],[-6,-13],[-8,-10],[-6,-1]],[[9987,10692],[-14,11],[-13,-8],[-11,2],[-8,-1],[-7,4]],[[9934,10700],[-4,6],[-10,-4],[-12,3],[-14,-5]],[[9894,10700],[12,25],[0,14],[-2,4],[10,5],[0,16]],[[9914,10764],[11,0],[8,-3],[2,12],[-1,15],[4,3],[2,13],[-13,14],[-12,2],[-8,9],[-4,10],[7,10]],[[9910,10849],[14,-3],[15,6],[11,7],[7,-6],[8,-14],[6,-3],[4,-10],[7,-6],[15,-3],[5,8],[11,0],[9,8],[16,-2],[8,-5],[-5,-4],[1,-7],[6,-8],[1,-16],[7,-4]],[[10009,10332],[7,6],[-1,10],[5,8],[7,1],[6,6],[-2,9],[3,8],[7,8],[9,1],[6,10],[9,9],[10,7],[6,-5]],[[10081,10410],[9,-6],[3,-7],[-1,-8],[3,-11],[15,-10],[3,-8],[10,-6],[3,-6],[15,-11],[-6,-9],[-1,-8],[-14,-9]],[[10120,10311],[-18,-15],[-2,-6],[-8,-4],[-8,-9],[-6,1],[-9,-7],[-14,1],[-6,-3],[-8,4]],[[10041,10273],[-6,8],[-4,20],[-6,6],[-1,6],[-15,19]],[[9850,10338],[13,-4],[10,-7],[16,0],[12,17],[12,2],[-2,7]],[[9911,10353],[10,2],[20,-1],[8,-3],[9,-7]],[[9958,10344],[-3,-3],[12,-11],[7,2],[13,-7],[12,5],[10,2]],[[10041,10273],[-9,-9],[2,-12],[-6,-8],[-3,-9],[-12,-4],[-19,7],[-9,10],[-7,-14],[-12,-7],[-15,-16],[0,-5]],[[9925,10204],[7,15],[-6,5],[-16,3],[-8,6],[-22,9],[0,3],[-19,5]],[[10520,9839],[-1,19],[5,2],[-1,10],[-8,6],[-6,17],[2,6],[8,8]],[[10669,10062],[1,18],[-3,11],[4,7],[-2,13]],[[10669,10111],[17,8],[18,1],[7,-7],[10,-5],[12,3],[3,-5],[-3,-6],[10,-11],[28,-21],[4,0],[6,-13],[6,-2],[6,-7],[-1,-6],[5,-6],[2,-12],[-4,-16],[0,-20],[4,-11],[14,-9],[13,-6],[10,-9]],[[10836,9951],[-8,-7],[-15,-4],[-7,-14],[-16,0],[-15,-3],[-11,-14],[-7,0],[-8,-16],[-1,-20],[-6,-12],[-9,-6]],[[10733,9855],[-13,8],[-12,-14],[-8,2],[-18,-4],[-12,-8],[-9,-11],[-11,-11],[-6,-23],[4,-6]],[[10648,9788],[-13,5],[-7,-2],[-29,9],[-12,-5],[-3,-6],[-12,-8],[-10,-9],[-4,4]],[[10530,9735],[10,-11],[-19,-21],[-2,-14],[-4,-4],[-5,-14],[7,-8],[3,-15],[4,-3]],[[10524,9645],[-9,-3],[-15,-3]],[[10500,9639],[-22,7],[-15,-4],[-5,9],[-10,-2],[-15,-6],[-7,3],[-7,17],[-10,-1],[-8,9],[-9,1],[-11,-3],[-10,-7],[-12,9],[-11,4],[-15,0]],[[10333,9675],[-2,7],[34,6],[14,6],[8,13],[-1,5],[6,8],[13,9],[-6,4],[3,8]],[[10159,10128],[-4,-1],[-10,5],[-24,-2],[-1,4],[-11,0],[-9,9],[0,4],[-21,28]],[[10079,10175],[7,6],[-17,11],[-8,2],[1,16],[17,16],[10,17],[9,-4]],[[10098,10239],[3,-11],[-1,-8],[21,17],[8,-7],[-1,-9],[6,-9],[14,5],[11,-1],[4,-13],[9,-14]],[[10768,10994],[-8,-10],[-15,-11],[-14,0],[4,-6],[2,-14],[-1,-14],[-8,-7],[-11,-23],[-14,-19],[-9,-6],[0,-12]],[[10694,10872],[-3,-12],[-5,-2],[-16,23],[-7,4],[-5,9],[-11,-1],[-11,6],[-10,-1]],[[10626,10898],[14,18],[-1,7],[20,15],[12,17],[-4,12],[8,13],[5,4],[6,10],[6,3],[1,6],[7,6],[36,-1]],[[9664,9624],[-3,8],[-8,2]],[[9653,9634],[8,1],[5,7],[9,7],[10,-1],[15,4],[15,7],[12,2],[16,5],[22,11],[21,15],[13,13],[7,16],[16,11],[5,13]],[[9827,9745],[7,10],[13,4],[14,16],[1,13],[8,3],[43,1],[16,-11],[30,0],[7,12],[-3,8],[10,7],[6,11],[9,4]],[[9988,9823],[7,-9],[-3,-7],[5,-6],[-7,-3],[0,-11],[22,-2],[8,-3],[-9,-13]],[[10011,9769],[-8,-12],[-17,-2],[-7,2],[-11,17],[-6,3],[-9,-17],[-6,-17],[-1,-12],[-4,-9],[-12,-14],[-7,-25],[-5,-9],[4,-7],[12,-6],[5,-8],[11,-13],[-10,-16],[-1,-9],[8,-3],[-7,-15]],[[11299,10223],[-1,-4],[-27,-10],[-13,-2],[-19,8],[-10,-6],[-11,-10],[-4,-18],[-5,-8],[8,-6],[4,-14],[-3,-15],[-17,-11],[-6,-10],[-3,-8]],[[11192,10109],[-12,-14],[-15,-8],[-27,-18],[-10,0],[-12,-5],[-12,-10],[-16,-27],[-4,-11],[-16,0],[-13,-7],[-8,-17],[-8,-6],[-3,-7],[-19,-20],[-12,2],[-17,-3],[-10,-11],[-7,-13]],[[10971,9934],[-17,22],[-17,1],[-12,5],[-7,7],[-9,0],[-10,8],[-13,-5],[-5,-7],[-9,-6]],[[10872,9959],[-8,12],[6,10],[-2,8],[2,16],[3,3],[0,13],[-5,4],[3,9],[6,5],[2,9],[13,19],[6,4],[-1,16],[7,4],[3,6]],[[10907,10097],[19,-7],[14,2],[18,-5],[13,2],[9,20],[5,6],[-7,9],[3,14],[14,2],[12,9],[9,2]],[[11016,10151],[17,-3],[4,3],[25,2],[7,5],[12,4],[10,0],[14,13],[26,2],[17,11],[11,-5],[18,8],[6,13],[-4,7],[13,4],[9,6],[3,8],[9,7],[8,10],[6,3],[8,-2]],[[10564,10527],[17,-13],[4,0]],[[10585,10514],[-1,-6],[4,-7],[20,-11],[-6,-6],[-7,-12],[-11,-12]],[[10584,10460],[-5,-2],[-10,-9],[-1,-6],[-8,-12]],[[10560,10431],[-15,4],[-9,8],[-8,2],[10,12],[3,-1],[-26,36],[2,5],[-8,8]],[[10509,10505],[23,17],[8,3],[24,2]],[[11035,10336],[0,-16],[-9,-1],[-14,-17],[1,-11],[-2,-9],[-10,-20],[3,-20],[-5,-4],[-10,-2],[-20,4],[-7,2],[-21,-1],[-5,-9],[4,-9]],[[10940,10223],[-10,3],[-3,5],[-17,2],[-13,8]],[[10897,10241],[-6,4],[-10,14],[-7,3],[-6,7],[-11,-2],[-7,2],[-2,8],[-7,3],[-9,-6],[-8,-2],[-6,-6],[-18,2],[-17,12],[-10,5],[-12,-1],[3,10]],[[10764,10294],[10,9],[1,8],[23,-5],[4,8],[-4,16],[-5,6],[4,5],[-8,8],[17,11],[-5,7],[0,7],[-9,7],[22,17]],[[10814,10398],[10,-2],[9,4],[7,6],[15,6],[16,1],[9,11],[14,-1],[11,6]],[[10905,10429],[-2,-5],[6,-8],[2,-14],[4,-10],[8,-5],[3,-7],[12,1],[6,-3],[30,-1],[17,-2],[15,1]],[[10907,10097],[-10,22],[-9,6],[-6,18],[-5,3],[-14,-1],[-4,2],[-3,9],[3,16],[6,12],[7,3],[3,19],[11,14],[-1,3],[8,9],[4,9]],[[10940,10223],[12,-9],[9,-11],[3,-9],[7,-8],[-2,-6],[7,-12],[9,-2],[15,-8],[14,-3],[2,-4]],[[9379,9832],[3,-3],[7,-43],[4,-15]],[[9393,9771],[-7,-3],[-16,3],[-3,-6],[-9,-7],[-2,-6],[5,-5],[-8,-14],[6,-4],[-4,-8],[0,-10],[13,-8],[0,-8],[-18,-9],[-3,1],[-12,-5],[-4,6],[-7,-5],[2,-13],[-5,-4]],[[9321,9666],[-15,-3],[-7,9],[-18,-11],[-10,-10],[-28,-8],[-12,1],[-9,-4],[-12,0],[-7,17],[-8,9]],[[9195,9666],[10,13],[12,5],[0,6],[-11,-1],[-1,10],[7,1],[4,6],[13,9],[12,3]],[[9241,9718],[13,1],[8,7],[14,16],[16,13],[4,7],[10,7],[5,9],[12,15],[14,13],[4,6],[11,11],[9,4],[8,0],[10,5]],[[9902,9971],[4,2],[25,-9],[12,0],[12,-2],[6,4],[6,-3],[13,-1],[3,6]],[[9983,9968],[7,-1],[2,-5],[9,-1],[-3,-27],[14,1],[-5,-13],[3,-2]],[[10010,9920],[-4,-9],[-8,-5],[-2,9],[-8,4],[-4,-9]],[[9984,9910],[-7,-3],[-20,0],[-4,-5],[-24,0],[-24,-3],[-17,3],[-14,-4],[-5,1],[-14,-3]],[[9855,9896],[6,10]],[[10930,10903],[-15,-7],[-11,-9],[-14,-7],[-10,7],[-24,-13],[-22,-14],[-9,-6],[-16,-1],[-7,-7],[-18,1],[0,4],[-9,7],[-11,0],[-8,6],[-11,-1],[-8,-8],[-8,-3],[-11,-11],[-10,0]],[[10708,10841],[-11,20],[-3,11]],[[9518,10975],[1,-13],[18,-6],[13,-10],[-11,-13],[-6,-4],[-4,-15],[7,-5],[20,5],[9,-1]],[[9700,10694],[-3,-8],[2,-18],[-5,-11],[4,-7],[-2,-17],[-10,-8]],[[9686,10625],[-9,-1],[-10,-9],[-3,-20],[2,-12],[-4,-7],[3,-5],[-4,-7],[3,-17]],[[9664,10547],[-5,-7],[6,-22],[1,-17],[5,-11],[-1,-20],[-5,-5],[8,-15],[-2,-15]],[[9671,10435],[-22,-2]],[[9409,10470],[-13,6],[-3,7],[6,18],[11,14],[6,25],[-5,11]],[[9411,10551],[0,7],[7,10],[10,10],[0,9],[-4,22],[-16,24],[1,10],[16,16],[6,17],[0,8],[-7,14],[-6,4],[-12,2],[-2,4],[7,7],[-3,10],[2,12],[9,8],[-5,15],[3,13],[-12,26]],[[10710,10273],[5,-2],[3,-9],[16,-18],[9,-17],[2,-32],[-10,-9],[4,-9],[-10,-12],[-19,-4],[-11,6],[-21,3],[-21,-17],[-4,-17],[5,-9],[3,-12]],[[10661,10115],[-11,-3],[-8,5],[-51,1],[-2,18],[2,2],[-8,14],[-11,-3],[-3,-4],[-7,17],[3,7],[-3,5],[0,8],[-19,1],[-5,7],[-15,7],[-6,10],[-8,4],[-16,17],[-23,4],[-4,3],[-13,4],[-12,6],[4,4],[0,11]],[[10445,10260],[4,18],[-4,1],[3,12],[9,-3],[13,-2],[13,6],[0,3],[9,20],[-1,15],[6,3],[2,9],[-7,14],[5,11],[7,8]],[[10504,10375],[5,8],[5,3]],[[10514,10386],[19,-8],[4,-1],[19,-9],[3,-5],[43,-16],[5,-5],[7,4],[21,-16],[15,-15],[10,-7],[3,4],[10,-6],[2,-8],[11,8],[0,-11],[7,-11],[4,-10],[13,-1]],[[9381,10005],[-7,-3],[4,-11],[-10,-17],[-2,-20],[6,-10],[9,-4],[-4,-12],[2,-6],[8,-4],[-6,-14],[-7,-5],[11,-11],[2,-8],[6,-2]],[[9393,9878],[-3,-3],[-14,-1],[0,-5],[-17,-14],[-1,-6],[-10,-11],[-14,-8],[-8,-10],[-9,-6],[-11,-2],[2,9],[-19,12],[-2,11]],[[9287,9844],[10,1],[7,5],[6,9],[5,29],[9,18]],[[9324,9906],[9,4],[1,6],[-7,7],[-8,13],[-10,11],[5,9],[-1,5],[-9,7],[0,6],[5,8],[0,7],[-7,1],[-5,14],[11,4],[14,-3],[3,5]],[[10584,10460],[22,-10],[34,-6],[7,1],[6,-9],[14,-5],[13,10],[23,-1],[10,6],[9,-9],[-1,-5],[8,-10],[12,-2],[9,-6],[23,1],[2,4]],[[10775,10419],[16,-10],[7,2],[15,-8],[1,-5]],[[10764,10294],[-17,-1],[-4,-16],[-10,0],[-23,-4]],[[10514,10386],[7,14],[13,13],[22,15],[4,3]],[[9713,10410],[2,8],[18,-7],[9,-8]],[[10524,9645],[11,0],[6,-9],[28,-9],[10,9],[-2,7],[9,16],[32,-4],[5,6],[-1,11],[5,11],[8,9],[16,7],[6,17],[0,8],[3,9],[10,5]],[[10670,9738],[8,-12],[5,-22],[-2,-16],[1,-9],[12,-2],[4,-4],[10,-16]],[[10708,9657],[15,-10],[12,-7],[-10,-8],[-9,-14],[-3,-11],[7,-9],[1,-17],[6,-12],[10,-5]],[[10737,9564],[-15,-7],[-12,3],[-20,1],[-15,5],[-8,0],[-10,-4],[-16,5],[-7,-24],[-9,-12],[-7,1],[-9,7],[-12,0],[-7,-5],[-12,-1],[-7,-4],[-7,0],[-15,-17],[-13,-5],[-6,-7],[-23,7],[-10,-5],[-9,0],[-8,5]],[[10480,9507],[0,8],[-5,10],[4,8],[11,15],[12,4],[5,5],[12,-2],[8,18],[0,13],[-8,4],[-6,15],[3,12],[-2,9],[-14,13]],[[10243,9545],[22,6],[14,0],[9,2],[12,-4],[5,2],[1,11],[5,10],[1,9],[-16,6],[-5,-1],[-7,14],[16,10],[8,21],[15,11],[-8,14],[-27,10],[11,8],[18,-3],[16,4]],[[10480,9507],[-5,-7],[-4,-14],[-6,-2],[0,-11],[-8,-6],[-7,-16],[-16,-10],[-8,4],[0,8],[-12,9],[-11,-7],[-14,1],[-5,7],[-15,-14],[-12,0],[-1,-7],[-6,-8],[-8,-3],[0,-12],[4,-3]],[[10346,9416],[-2,-9],[-26,2],[-9,-7],[-4,6],[-9,-4],[-12,-17],[-3,-9],[-14,-9],[-11,-16],[-12,0],[-19,-4],[0,-9],[-18,-1],[-18,5]],[[9588,10050],[-4,-9]],[[9584,10041],[-22,-30],[-5,-4],[-1,-9],[-4,-4],[-10,-19],[-9,-9],[-11,-5],[-6,-9],[-12,-10],[-4,-6],[-9,-4],[-26,-21],[-4,-5],[-15,-12],[-22,-31],[-8,-2]],[[9416,9861],[-9,1],[-14,16]],[[9406,10043],[9,4],[6,11],[15,5],[26,-4],[13,2],[0,16],[18,-5],[2,-8],[14,-3],[18,8],[8,2],[16,7],[3,4],[13,-1],[6,-4]],[[9573,10077],[8,-7],[19,0],[-2,-12]],[[10669,10111],[-8,4]],[[10872,9959],[-10,-2],[-16,2],[-10,-8]],[[10382,10273],[10,-8],[0,-4],[20,1],[33,-2]],[[9642,10073],[-1,15],[12,5],[2,11],[5,1],[9,7],[0,5],[14,0],[1,-7],[8,-5],[15,5]],[[9803,10148],[7,-3],[9,-8],[21,7],[11,1],[5,7]],[[9863,10132],[-2,-10],[6,-6],[-11,-13],[-18,-14],[-7,-12],[-6,1],[-5,-6],[0,-13],[-8,-3],[3,-11],[-22,7],[0,-35]],[[9823,10977],[4,-8],[10,-4],[8,0],[2,-6],[-2,-10],[1,-10],[12,1],[12,5],[12,11],[8,0],[11,-8]],[[9901,10948],[-12,-16],[-4,-11],[8,-3],[11,-15],[5,-2],[-1,-17],[5,-14],[-5,-9],[2,-12]],[[9914,10764],[-4,12],[-7,2],[-10,7],[-14,1],[-8,4],[-5,6],[-10,2],[-14,-6],[-4,-11],[-6,-1],[-3,-11],[-14,-9],[-9,0],[-4,5],[-17,-7],[-7,1]],[[9778,10759],[-9,9],[-18,-9],[-22,5]],[[9894,10700],[-1,-4],[-10,-9],[-8,-1],[-8,-28],[-3,-19],[-5,-9],[-8,-9],[-1,-7],[-7,-5],[-13,-2],[-4,4],[-27,5],[-9,-1]],[[9790,10615],[-8,15],[5,20],[-1,27],[-4,8],[2,7],[12,4],[4,18],[12,6],[4,8],[-4,5],[-14,7],[-4,5],[-11,0],[-4,4],[-1,10]],[[9911,10353],[-6,24],[-11,7],[0,3],[-16,12],[-5,15],[4,17],[-8,8],[-2,8],[3,10],[11,13],[-21,27]],[[9860,10497],[3,13],[11,9],[0,9],[9,0],[5,-7],[12,3],[14,0],[8,7],[11,1]],[[9933,10532],[24,-3],[2,6],[10,7],[4,9],[10,6]],[[9983,10557],[7,-11],[1,-12],[6,-6],[7,0],[1,-8],[12,-14]],[[10017,10506],[-15,-5],[-12,-11],[-17,-2],[-6,1],[-5,-10],[5,-12],[-1,-6],[11,2],[0,-10],[-10,-15],[13,-13],[-5,-11],[10,-5],[6,2],[5,-9],[8,1],[1,-16],[-7,-14],[-22,-12],[-18,-17]],[[10934,10887],[-4,-3],[3,-17],[-3,-8],[-11,-16],[-4,-9],[-11,-8],[-1,-14],[-12,-7],[-15,-3],[-24,-22],[-8,-5],[9,-17],[-8,-9]],[[10706,10811],[-4,30],[6,0]],[[11011,10613],[-1,-7],[4,-5],[0,-9],[-11,-6],[0,-7],[-6,-6],[-3,-10],[4,-6],[9,-2]],[[11007,10555],[2,-22],[-3,-9],[-5,-5],[-11,-16],[-13,-1],[-17,-6],[-10,-9],[-4,-11],[-11,-13],[-16,-9],[-11,-17],[-3,-8]],[[10775,10419],[1,3],[11,6],[10,11],[6,3],[8,12]],[[10120,10311],[7,1],[16,-1],[9,1]],[[10152,10312],[4,-3],[-5,-13],[-12,-5],[-12,-26],[-3,-2],[-5,-15],[-10,-2],[-11,-7]],[[10079,10175],[-23,-18],[-6,-14],[4,-8],[-6,-6],[2,-9],[-3,-4],[-17,13],[-24,13],[-4,6],[-13,4]],[[11007,10555],[19,-12],[-2,-29],[8,-8]],[[11192,10109],[5,-3],[7,-10],[12,-7],[4,-7],[15,4],[10,-5],[14,-1],[9,-4],[13,0],[4,-4],[1,-8],[14,-6],[7,2],[20,-13],[11,6],[6,6],[13,-6],[10,1],[9,-7],[13,-3],[12,2]],[[11401,10046],[2,-13],[7,-1],[9,-4],[21,0],[9,5],[5,-6],[-16,-17],[-3,-9],[5,-9],[2,-14],[29,-4],[3,-6],[-5,-10],[7,-8],[2,-7],[-11,-15],[-10,-18],[5,-8],[-1,-8],[-11,-3],[-21,-13],[-1,-16],[-7,-14],[-13,0],[-3,-9],[-6,-3],[-1,-7],[-6,-10],[-20,-2],[-11,-8],[-13,-4],[-4,-5],[-22,-16],[-21,-14],[-23,-9],[-36,4],[-11,-7],[-16,-12],[-3,-4],[-36,-21],[-1,-15],[-11,-11],[-4,-9]],[[11160,9686],[-4,0],[-10,-13],[-12,-7],[-11,-1],[-10,-10],[-13,-3],[-16,11],[-13,1],[-4,-4],[-26,10],[-7,0],[-13,5],[-26,13],[-4,14],[5,9],[-6,7],[1,14],[-4,9],[-20,21]],[[10967,9762],[-1,18],[-7,8],[3,8],[-2,5],[5,13],[-4,5],[-17,11],[-4,13],[-15,11],[0,9]],[[10925,9863],[6,16],[2,12],[14,9],[14,4],[-2,11],[2,10],[10,9]],[[10092,10053],[-9,3],[-17,-1],[-9,-11],[-9,8],[-11,-10],[-12,-1]],[[9241,9718],[1,9],[5,19],[-4,8],[15,10],[6,9],[1,14],[7,11],[-3,8],[6,13],[-4,12],[1,11],[7,3],[8,-1]],[[9416,9861],[-7,-3],[-10,2],[-9,-6],[-3,-12],[-8,-10]],[[10517,10624],[8,9],[10,1],[1,10],[-3,5],[8,5],[12,-9],[10,3],[7,-6],[14,3],[0,9],[15,-5]],[[10599,10649],[-1,-11],[14,-2],[-7,-11],[-17,-7],[0,-9],[25,-20],[6,-7],[-9,-8],[-15,-18],[-10,-8],[3,-11],[-23,-6],[-1,-4]],[[10509,10505],[-3,3],[-23,10],[-6,5]],[[9590,9746],[10,5],[7,5],[31,7],[12,-3],[4,-8]],[[9654,9752],[26,4],[11,-5],[12,1],[9,-6],[7,2],[2,-7]],[[9721,9741],[-9,-10],[-3,-12],[-13,-11],[-30,-21],[-8,-9],[-7,-13],[-5,-15],[4,-11]],[[9650,9639],[-5,3]],[[9645,9642],[-10,5],[-23,-6],[-12,1],[-6,-4],[-2,-6],[-9,4],[-4,-6],[-21,-6],[-1,-10],[3,-5],[-4,-9],[-6,-8],[-8,1],[-11,-10],[0,-6],[-9,-4],[-7,-8],[-4,4],[-2,13],[-8,-4],[-19,-5],[-17,1],[-3,4],[-14,1],[2,7],[-14,16],[-9,3],[-6,-4],[-12,15]],[[9409,9616],[15,5],[4,6],[14,5],[16,3],[4,10],[22,17],[-1,3],[10,8],[10,12],[1,6],[-6,13],[2,16],[-2,3]],[[9934,10700],[-2,-11],[-16,-8],[-4,-11],[-1,-17],[-7,-6],[-4,-11],[-10,-7],[2,-10],[7,-6],[1,-10],[-4,-8],[-9,-3]],[[9887,10592],[-9,-1],[-14,7],[-13,-8],[-7,1],[-5,-7],[-12,3],[-9,-13],[-3,-21],[2,-6]],[[9817,10547],[-12,4],[-5,-2],[-12,7]],[[9788,10556],[-2,11],[-6,7],[5,9],[6,23],[-6,7]],[[9785,10613],[5,2]],[[9860,10497],[-7,-8],[-16,7]],[[9837,10496],[-15,7],[2,6],[-2,10],[-17,5],[1,10],[11,13]],[[9887,10592],[14,-8],[10,-14],[10,-3],[9,9],[7,-6],[-1,-15],[2,-11],[-6,-7],[1,-5]],[[9687,9364],[-4,1],[-6,12],[5,8],[-3,3],[6,10],[10,6],[-1,5],[14,18],[30,21],[4,12],[9,5],[0,10]],[[9751,9475],[9,-2],[29,3],[4,-12]],[[9793,9464],[7,-12],[11,6],[33,-12],[6,0],[7,-11],[7,-3],[7,-12],[3,-11],[0,-25],[7,-5]],[[10329,10653],[-13,-13],[-15,8],[-10,-12],[6,-18],[-10,-10],[-1,-28],[2,-9],[-8,-18],[-10,-6],[-5,2]],[[10265,10549],[-6,5],[-14,-1],[-7,3],[-6,-4],[-11,-1],[-7,-8],[-8,-5],[0,-8],[-5,-3],[0,-7],[-5,-4],[-10,2],[-7,5]],[[10179,10523],[-1,9],[-21,15],[0,6],[-6,11],[-10,8],[-2,11],[-11,7],[-10,1],[-16,-2],[-6,7],[-5,9],[-5,3]],[[10086,10608],[2,11],[-2,9],[2,7],[-1,10],[-8,-6],[-14,5],[-5,-1],[-13,10],[-7,8],[-12,-4],[-8,6],[-21,2],[-3,12],[-7,6],[-2,9]],[[10056,10787],[9,19],[29,-4],[10,7]],[[10104,10809],[9,-9],[-3,-12],[1,-13],[6,-4],[2,-12],[-2,-12],[3,-3],[0,-12],[-5,-4],[2,-16],[4,-4],[-2,-13],[5,-3],[9,21],[17,3],[8,7],[-1,11],[9,5],[18,-3],[4,3],[18,0]],[[10206,10739],[12,4],[24,4],[10,5],[8,1],[14,-16],[12,-2]],[[10286,10735],[0,-4],[14,-7],[10,-3],[6,-5],[7,0],[12,-5],[3,-4],[-14,-5],[0,-14],[6,-22]],[[10263,10968],[-9,-17],[1,-13],[-12,-12],[2,-9],[-6,-10],[6,-7],[3,-16],[-6,-8],[-14,4],[-6,-8],[-8,-3],[2,-17],[-11,1],[-12,-3],[-1,-8],[-13,-4],[-2,-8],[-12,-17],[-7,-2]],[[10158,10811],[-13,4],[-6,12],[-15,9],[3,3],[-8,7],[-1,9],[-5,6],[-9,-2],[-10,2]],[[10094,10861],[-5,12],[3,10],[-12,11],[-1,10],[-5,4],[2,16]],[[10076,10924],[20,22],[11,1],[8,10],[8,5],[7,10],[4,1],[18,22]],[[9765,9585],[9,-14],[11,-5],[9,-9],[2,-9],[5,-4],[-1,-9],[6,-4],[11,-21],[0,-5],[-10,-7],[-6,-20],[-8,-14]],[[9751,9475],[2,9],[-6,8],[-6,14],[-1,11],[2,22],[-6,6],[-6,0],[-12,6],[0,8],[-7,2],[-8,17],[0,8],[-6,13],[-3,12]],[[11664,10174],[-20,-108],[-33,-188]],[[11611,9878],[-24,-134],[-20,-111],[-1,-3]],[[11566,9630],[-16,-49],[-15,15],[-6,0],[-23,13],[1,6],[-6,5],[-6,-4],[-4,9],[-8,6],[-6,1],[-1,6],[-9,3],[-7,8],[-11,0],[-15,9],[-15,6],[-15,0],[-13,3],[-8,5],[-5,-4],[-11,3],[-12,6],[-18,1],[-41,8],[-31,16],[-6,1],[-36,-4],[-8,1],[-15,-5],[-6,2],[-18,-5],[-9,-7],[-7,1]],[[11401,10046],[4,23],[7,22],[8,8],[5,0],[13,7]],[[10011,9769],[20,7],[20,17],[11,2],[12,-2]],[[10074,9793],[10,-2],[15,-12],[4,-8]],[[9739,11348],[3,-4],[-1,-9],[18,-6],[1,-6],[-13,-3],[-2,-5],[12,-9],[5,0],[-5,-18],[-6,-2],[3,-11],[-12,-4],[-3,-8],[2,-7],[-7,-3],[4,-9],[3,-13],[-9,-13],[6,-6],[-2,-4],[-17,-9],[-8,2],[-2,-7],[-9,-6],[0,-6],[-8,-15],[-9,-7],[-12,-14],[-2,-18],[4,-13],[-8,-13]],[[9471,10198],[9,-11],[6,-2],[27,-18],[15,-4],[18,3],[9,6],[16,3],[5,3],[22,4]],[[9598,10182],[-5,-11],[-2,-24],[3,-14],[10,0],[-6,-16],[-6,-6],[-3,-8],[-8,-12],[0,-4],[-8,-10]],[[9686,10625],[8,-3],[16,-1],[8,3],[8,9],[10,-4],[18,18],[14,-8],[-3,-9],[1,-12],[19,-5]],[[9788,10556],[-11,-14],[-9,3],[-34,-2],[-2,3],[-31,1],[-32,-1],[-5,1]],[[10648,9788],[5,-1],[5,-13],[11,-3],[-4,-13],[1,-8],[5,-5],[-1,-7]],[[9598,10182],[2,15],[6,0],[23,12],[-1,16],[6,17]],[[9634,10242],[5,0]],[[9716,9888],[-11,-5],[-10,-15],[-13,-4],[-9,-7],[-6,9],[-7,5],[6,17],[-26,-4],[-4,-38]],[[9636,9846],[-15,-3],[-6,4],[-8,-1],[-23,7],[-10,2],[4,8],[-6,15],[-7,3],[-1,15],[-7,16],[4,12],[-1,7],[5,14],[3,40],[4,3],[5,20],[5,10],[2,23]],[[9409,9616],[-4,4],[-15,-13]],[[9390,9607],[1,13]],[[9391,9620],[-10,13],[-18,-3],[-8,4],[-2,7],[-12,-2]],[[9341,9639],[6,9],[0,11],[-26,7]],[[9393,9771],[10,-1]],[[9980,10043],[1,-5],[-2,-11],[7,-8],[-3,-5],[4,-12],[1,-17],[-8,-11],[3,-6]],[[9861,10045],[8,6],[6,9],[5,12],[10,-11],[20,12],[19,7]],[[10397,10767],[-7,1],[-20,-18],[-19,-2],[-19,3],[-6,3],[-26,3],[-12,-11],[-2,-11]],[[10206,10739],[-1,7],[-6,8],[-25,14],[-1,8],[-10,11],[-10,6],[4,5],[-6,5],[7,8]],[[10017,10506],[8,6],[10,2],[5,-7],[11,-7],[23,-3],[5,-9],[10,-5],[4,-7],[10,-7]],[[10103,10469],[-2,-7],[-5,-2],[0,-8],[-9,-7],[8,-15],[0,-8],[-6,-2],[-8,-10]],[[9358,10294],[3,6],[9,5],[11,16],[0,9],[-4,14],[6,3],[14,-6],[4,0],[7,12],[-3,7],[-8,2],[0,10],[10,18],[-1,9],[-21,20]],[[9385,10419],[0,6],[7,10],[16,13],[5,-1]],[[9616,10347],[-8,-7],[1,-21],[-6,-16],[1,-9],[10,-12],[8,-27],[7,-13],[5,0]],[[9746,10419],[12,8],[5,0],[9,9],[0,10],[3,7],[6,-1],[5,8],[20,20],[10,5],[3,-5],[12,-8],[6,24]],[[10585,10514],[8,2],[5,6],[8,-4],[7,3],[4,7],[0,8],[7,13],[9,1],[3,7],[10,10],[13,-5],[22,-5],[14,-7],[13,-16],[5,-3]],[[9988,9823],[-8,4],[0,11],[5,4],[2,21],[-6,14],[6,14],[-3,6],[0,13]],[[10010,9920],[10,5],[-3,16],[1,11],[12,4],[28,0],[1,-5],[9,-10],[18,-2],[11,-8],[2,-7],[-7,-17],[4,-20],[-13,-18],[1,-6],[-6,-11],[0,-10],[-3,-11],[4,-17],[-5,-15],[0,-6]],[[9827,9745],[-4,6],[-15,5],[-8,-1],[-5,9],[-11,13]],[[9784,9777],[8,8],[16,37],[5,6],[7,21],[14,12],[1,5],[11,19],[9,11]],[[10677,11053],[-7,-14],[-13,-14],[-12,-4],[-20,2],[-4,-1],[-3,-13],[-6,2],[-13,-3],[-6,3],[-6,-5],[-15,-5],[-3,-4]],[[10395,10444],[8,-2]],[[10403,10442],[22,-11],[2,-9],[7,-11],[12,-1],[15,-6],[11,-11],[9,-3],[10,-6],[1,-4],[12,-5]],[[10103,10469],[7,5],[-1,6],[3,5],[14,2],[36,16],[11,10],[6,10]],[[10265,10549],[-2,-6],[8,-13],[13,-11],[-9,-16],[-2,-17]],[[10273,10486],[-5,-6],[-15,2],[-4,-8],[1,-14],[-4,-12],[0,-15],[-7,-16],[-1,-11],[-6,-20],[-5,-2],[-11,-10],[2,-9]],[[10218,10365],[-6,-1],[-7,-9],[-10,-6],[-13,-3],[-16,-9],[-3,-10],[-11,-6],[0,-9]],[[10599,10649],[4,11],[5,0]],[[9983,10557],[1,11],[11,2],[-3,6],[25,21],[10,5],[16,-3],[16,-7],[18,9],[9,7]],[[10626,10898],[-6,-8],[-14,0]],[[10569,10793],[7,5],[12,6],[2,-10],[7,-7],[15,-6],[15,1],[26,-15]],[[10597,10693],[-10,-3],[-9,-8],[-3,16],[-11,2],[-7,16],[-8,1],[-13,10],[-3,8],[1,16],[-6,8]],[[10280,10352],[-13,-1],[-12,8],[-14,-1],[-8,5],[-15,2]],[[10273,10486],[11,-5],[20,-1],[-2,-13],[3,-6],[18,-7],[3,-5],[11,-4],[10,-14]],[[9653,9634],[-3,5]],[[9721,9741],[11,2],[7,3],[18,5],[13,-3],[1,7],[13,22]],[[11013,10623],[12,1],[8,2],[7,-9],[22,-1],[12,4]],[[9636,9846],[5,-5],[-14,-4],[12,-11],[2,-8],[-13,-2],[6,-13],[7,2],[9,-6],[-1,-12],[4,-2],[4,-24],[-3,-9]],[[10403,10442],[2,7],[6,3],[-2,9],[11,7],[10,0],[7,-5],[5,-14],[-3,-5],[7,-7],[14,4],[4,8],[9,4],[3,10],[-5,1],[-7,17],[4,7],[7,-3],[8,4],[22,10],[4,6]],[[9901,10948],[5,5],[8,0],[6,-5],[-1,-7],[4,-13],[20,-5],[11,-5],[4,-6],[21,2],[10,15],[11,5],[6,-6],[10,-4],[3,-6],[12,1],[3,13],[9,3],[20,-5],[3,-5],[10,-1]],[[10094,10861],[-4,0],[-7,-13],[1,-13],[-5,-7],[8,-10],[17,-9]],[[9671,10435],[0,-7],[5,-21],[21,2]],[[7489,11613],[-9,-8],[3,-18],[-12,-12],[2,-7],[-6,-18],[6,-10],[-3,-8],[-10,-6],[-14,-18],[-11,0],[-15,-6],[-17,-3],[-10,2],[-6,-2],[-6,-9],[-5,-14],[-6,-3],[1,-18],[-6,-7],[-11,2],[-5,6],[-8,-3],[-18,6],[-6,-9],[-8,-4],[-12,-9],[-8,0],[-11,-13],[-9,-9],[-19,-2],[-21,-12],[-8,-12],[1,-5],[-8,-5],[-6,-9],[-5,-11],[10,-1],[0,-16],[-15,-8],[-3,-8],[3,-11],[-4,-9],[13,-5],[-9,-7]],[[7198,11294],[-8,8],[-8,11],[-9,2],[-7,-6],[-5,-9],[4,-11],[-5,-5],[-11,0],[-10,-6],[-11,0],[-10,-4],[1,-9],[-4,-10],[-16,-4],[-12,11],[-6,-1],[-5,-6],[-10,-1]],[[7066,11254],[-20,-6],[-8,0],[-14,6],[-4,7],[-17,0],[-17,-10],[-20,-27],[-13,2],[-8,-7],[-6,0],[-4,-6],[-7,2],[-13,-4],[-2,3],[-15,9],[-6,-5],[-5,-14],[-9,3],[-9,-1],[-6,-8],[0,-10],[-13,1],[-8,-6],[-15,-5],[1,9],[-13,13],[-2,7],[-14,3],[-7,3]],[[6792,11213],[12,24],[9,10],[-17,7],[-12,-1],[-12,-5],[3,-11],[-7,0],[-28,14],[-23,-5],[-7,6],[-11,-3],[-15,1],[-11,5],[-8,0],[-9,-7],[-21,4],[-11,-1],[-4,-6],[-8,1],[-9,-3],[1,-6],[-5,-6],[0,-6],[-10,-3],[-16,0],[-8,7],[-2,7],[-13,4],[-6,4],[-8,-2],[-5,4],[-12,0],[-7,-3],[-8,4],[-10,-2],[-16,-16],[-12,3],[-8,-3],[-3,-6],[-10,1],[-15,7]],[[6430,11231],[-5,3],[0,23],[-2,12],[4,2],[-11,12],[-6,3],[-3,7],[-10,-2],[-5,6],[-13,3],[-5,5],[-6,-1],[-4,13],[-10,5],[-3,14],[4,12],[-10,10],[2,15],[-3,13],[7,7],[-2,9],[-8,2],[-4,21],[4,5],[-9,20],[-8,14],[-1,12],[-5,8],[3,9],[-1,12],[-8,9],[2,9],[-3,16],[-7,1],[-12,11],[-9,-3],[-16,18],[-10,0],[-8,-6],[-9,-1],[1,10],[-15,11],[-3,21],[-8,14],[-12,5],[-5,23],[-5,2],[-20,5]],[[6173,11650],[5,2],[14,19],[-4,21],[0,8],[7,18],[26,6],[2,15],[3,14],[14,5],[12,-2],[6,8],[7,1],[9,12],[8,4],[3,9],[-3,4],[6,15],[4,4],[-5,9],[6,19],[-7,15],[-12,-3],[-4,3],[-12,-1],[4,19],[11,8],[-1,7],[29,34],[6,9],[0,5],[8,6],[12,-1],[13,-4],[5,-7],[11,-3],[10,-16],[9,-7],[8,1],[11,-3],[10,-11],[11,1],[14,-19],[27,5],[15,-4],[7,2],[15,2],[5,-3],[9,12],[14,6],[12,14],[7,1],[7,9],[8,0],[12,12],[14,7],[4,10],[-3,12],[4,5],[-4,8],[11,8],[-3,6],[16,13],[10,-6],[8,8],[9,-6],[9,2]],[[6743,11802],[1,-11],[-21,-7],[-15,-2],[-1,-6],[-8,-3],[-3,-10],[-5,-5],[-12,2],[-3,-5],[-11,-6],[-20,-5],[-15,0],[-2,-4],[-11,2],[-19,9],[-13,10],[-7,0],[-9,-7],[-5,6],[-9,-4],[-9,-10],[-13,-4],[-13,6],[-13,1],[-4,8],[-29,10],[-12,0],[-10,10],[-10,-9],[-8,-12],[-5,-1],[1,-8],[-17,-16],[-12,-14],[5,-4],[-1,-12],[-8,-17],[-13,-12],[2,-9],[-3,-14],[-4,-10],[12,2],[3,8],[19,-2],[9,-6],[15,3],[2,-11],[8,1],[17,-12],[-5,-5],[6,-8],[8,-6],[5,4],[13,-5],[-3,-12],[6,-5],[-13,-3],[-9,4],[-8,-2],[3,-6],[-10,-17],[6,-15],[-11,-8],[7,-8],[1,-37],[2,-8],[12,-7],[9,-12],[13,-7],[11,-2],[8,-11],[7,-14],[10,-1],[11,-6],[8,0],[-5,-16],[9,-2],[9,-8],[15,-5],[12,9],[12,-4],[4,7],[14,-1],[19,8],[13,-1],[5,-5],[15,0],[0,5],[25,13],[10,4],[11,-2],[13,-7],[5,10],[7,6],[5,15],[8,3],[-5,9],[-9,7],[14,3],[19,-8],[9,1],[6,-4],[6,7],[30,11],[20,-1],[10,12],[23,6],[11,5],[25,3],[3,14],[-6,10],[4,5],[11,-1],[20,9],[7,6],[4,8],[7,4],[7,1],[21,8],[2,6],[-9,0],[6,11],[9,4],[8,9],[-7,17],[7,2],[6,-5],[7,0],[12,-4],[25,7],[15,-1],[13,4],[6,5],[0,6],[6,4],[9,13],[12,5],[19,-3],[21,22],[11,7],[17,4],[11,14],[9,3],[22,16],[13,13],[6,3],[3,11],[6,4],[13,3],[4,4],[14,4],[4,9],[9,3],[9,7],[11,3],[9,12],[-1,11],[5,9],[10,9],[16,9],[8,0],[4,11]],[[6256,14238],[-7,-9],[-8,-4],[-10,7],[-1,10],[-9,4],[-27,28],[-42,-69],[-1,-4],[-42,3],[-8,-2],[-4,6],[-9,2],[-10,-3],[-11,-6],[-4,10],[-12,-7],[-9,-12],[-14,-8],[-10,0],[-9,2],[-10,-2],[-9,6],[-5,-3],[-16,1],[-8,4]],[[5961,14192],[-2,5],[-9,2],[-9,-15],[-9,5],[-19,-1],[2,9],[-6,3],[-6,7],[-12,7],[-7,24],[7,22],[3,23],[-14,10],[-5,13],[9,11],[-5,16],[-15,7],[-6,8],[-4,8],[-11,12],[0,9],[-12,13],[-4,11],[-8,5],[2,12],[-15,2],[-16,-2],[-17,-6],[-13,2],[2,9],[-5,22],[-7,7],[-1,5],[14,4],[6,10],[4,18],[-3,20],[5,7],[11,-5],[14,10],[8,0],[1,10],[-5,15],[13,-5],[19,3],[-3,9],[-7,4],[-8,14],[6,7],[-7,16],[-5,4],[0,10],[10,7],[12,1],[10,-9],[6,1],[12,-8],[6,9],[-4,18],[8,11],[6,2],[1,-16],[16,-10],[3,-6],[-2,-11],[11,-13],[14,-3],[5,-8],[5,-14],[14,-7],[3,-9],[6,0],[11,-10],[1,-5],[10,-1],[2,-10],[8,-5],[5,-12],[-3,-11],[7,-11],[5,-3],[-9,-21],[5,-6],[24,-12],[8,-24],[14,-6],[43,-22],[21,-10],[25,-5],[8,1],[15,-16],[22,-5],[12,-7],[1,-14],[11,-10],[7,-1],[2,-5],[-7,-9],[7,-10],[6,-3],[2,-7],[17,-11],[1,-8],[9,-13],[15,-4],[-3,-9]],[[6430,11231],[-6,-5],[-4,-13],[-1,-16],[2,-3],[-6,-14],[3,-12],[0,-11],[-7,-5],[0,-9],[-4,-21],[-2,-32],[-2,-21],[2,-6],[-2,-20],[1,-13],[12,-2],[8,-6],[-1,-12],[7,-9],[-2,-10],[5,-2],[16,18],[7,12],[1,10],[6,5],[0,8],[8,7],[4,24],[4,6],[-3,6],[7,6],[6,13],[13,6],[17,-8],[10,-21],[-1,-24]],[[6528,11057],[-8,-30],[3,-4],[-6,-5],[-6,-23],[-5,-8],[-4,-13],[10,-5],[12,-10],[8,-1],[6,-9],[0,-7],[12,-7],[-1,-4],[5,-10],[-6,-8]],[[6548,10913],[-21,-20],[-2,-7],[-6,-9],[-5,-18],[-16,-11],[5,-8],[-4,-11],[-5,-2],[-3,-13],[-6,-5],[-1,-14],[-6,-3],[-8,4],[-10,0],[-8,3]],[[6452,10799],[1,9],[-7,7],[-3,13],[-14,0],[-19,10],[-7,-17],[-11,-5],[-5,6],[-10,-3],[4,-7],[-4,-3],[3,-9],[-8,1],[3,14],[-8,3],[-3,-10],[-4,-4],[-8,12],[-6,1],[-7,14],[-8,0],[-5,11],[-14,5],[2,7],[7,3],[-4,15],[6,7],[-5,5],[-6,-8],[-14,13],[-10,-1],[-5,-6],[-6,4],[-4,-6],[-7,15],[0,15],[-9,-2],[-4,-5],[-8,3],[-1,5],[-16,11],[-13,1],[-3,5],[-9,-4],[-7,6],[-16,-15],[-8,5],[-4,-11],[-12,0],[-14,3],[-9,11],[-13,-6],[-2,-9],[-15,-3],[-16,9],[-8,2],[-4,10],[-10,10],[-15,1],[-3,4],[-9,0],[-1,10],[-5,4],[-20,5],[-9,12],[-4,10],[1,14],[13,6],[10,1],[3,14],[-9,10],[-2,6],[-9,7],[-6,8]],[[6000,11048],[-1,11],[10,2],[11,-1],[9,-4],[8,1],[8,10],[7,-3],[8,8],[15,-1],[11,9],[-2,9],[7,20],[-1,8],[-9,11],[-2,9],[5,13],[23,21],[-7,17],[5,14],[-15,11],[0,5],[-10,9],[2,4],[-5,8],[-10,3],[-2,6],[3,10],[-2,7],[-7,3],[4,20],[8,16],[11,6],[9,-3],[10,3],[26,1],[2,4],[-5,35],[-8,-1],[-4,10],[2,9],[-3,13],[5,4],[6,11],[11,6],[5,8],[13,3],[6,8],[14,0],[5,15],[-4,6],[-6,4],[-6,10],[-8,5],[-14,-2],[-15,5],[-3,4],[-13,2],[-13,11],[-6,0],[-3,-7],[-10,-4],[-8,0],[-8,10],[-9,2],[-5,-3],[-14,2],[-3,7],[9,4],[9,7],[-6,11],[-8,8],[1,12],[-4,9],[-8,1],[-7,8],[-9,1],[-37,17],[-1,8],[5,4],[1,13],[4,3],[1,10],[-6,11]],[[5972,11615],[7,9],[2,11],[10,5]],[[5991,11640],[11,-5],[16,-2],[19,-1],[9,-2],[13,1],[5,-3],[17,3],[15,23],[10,6],[15,2],[8,-5],[4,-9],[5,0],[11,5],[12,0],[12,-3]],[[7066,11254],[0,-6],[-10,-17],[0,-9],[7,-17],[-5,-8],[-23,-9],[-5,-13],[-13,-12],[-1,-5],[5,-13],[6,-6],[-2,-18],[3,-9],[8,-8],[-8,-5],[-15,8],[-11,-1],[-13,-4],[-6,2],[-7,-7],[-17,2],[-10,-5],[-16,5],[-9,-5],[-7,1],[-12,-14],[-7,-3],[-13,0],[-5,-2],[1,-10],[4,-8],[6,-3],[12,0],[6,-15],[6,-3],[5,-8],[-2,-8],[2,-7],[-3,-13],[0,-9],[10,-1],[12,-6]],[[6939,10985],[-11,-10],[-9,-29],[-11,-1],[-6,-8],[-12,-1],[-5,-5],[-14,2],[-7,7],[-9,0],[-3,4],[4,12],[-10,5],[-16,0],[-8,3],[-21,-1],[-13,3]],[[6788,10966],[-3,19],[-15,29],[1,8],[27,12],[6,7],[-12,2],[-20,11],[-13,13],[13,2],[-1,18],[-13,5],[3,14],[-7,6],[7,8],[-5,9],[2,13],[9,28],[13,8],[8,9],[-3,6],[7,20]],[[7692,11117],[-11,-4],[-10,0],[-16,4],[-12,-11],[-10,-6],[-25,-4],[-18,-16],[2,-7],[6,-4],[5,-29],[-5,-7],[-2,-10],[4,-14],[-9,-15],[-1,-10],[-4,-4]],[[7586,10980],[-13,3],[-16,-8],[-6,-14],[-6,-9],[-10,0],[-17,-6],[-6,1],[-14,-11],[-4,4],[-15,-1],[-11,-10],[-4,0],[-8,16],[-8,-1]],[[7448,10944],[-7,-1],[-5,-9],[-14,-4],[-2,-11],[-7,-3],[-13,-17],[-14,-5],[-3,-13],[-12,6],[-8,-2],[-7,2],[-14,-2],[-5,-3],[-13,1],[-12,-5],[-13,-15],[-22,-7],[-11,-2],[-8,5],[-17,7],[-7,13],[-2,13],[-3,2],[-15,-1],[-11,-9],[-8,1],[-8,-14],[-15,-1],[-11,11]],[[7161,10881],[-10,8],[-1,18],[6,9],[-8,2],[-8,6],[-15,5],[8,13],[7,5],[6,9],[12,9],[12,-15],[24,-7],[19,-1],[2,6],[8,2],[7,7],[14,3],[9,-1]],[[7253,10959],[3,3],[-6,12],[-6,6],[5,5],[3,22],[12,3],[7,14],[1,12],[6,7],[1,28],[17,7],[6,-3],[11,9],[7,13],[12,3],[9,5],[9,16],[1,5],[34,11],[7,-3],[17,-1],[7,7],[8,0],[10,6],[5,19],[0,9],[19,4],[10,11],[22,6],[8,10],[19,12]],[[7517,11217],[8,4],[7,-2],[10,7],[11,4],[6,5],[-3,6],[2,6],[8,4],[18,2],[4,2]],[[5972,11615],[-21,-17],[-8,-1],[-7,5],[-17,-9],[-6,3]],[[5913,11596],[1,6],[-4,8],[-8,5],[-5,9],[-5,1],[3,15],[-1,11],[-7,10],[-12,3],[9,-23],[1,-24],[2,-5],[-8,-4],[-6,15],[-5,4],[5,6],[-7,7],[-6,12],[0,6],[-20,20],[-21,17],[-17,12],[-23,20],[1,4],[-11,13],[-5,1],[-4,9],[-10,6],[-1,9],[-8,5],[-6,9],[-1,7],[-7,6],[-5,21],[-8,1],[-1,9],[6,21],[5,9],[1,12],[7,19],[0,28],[3,2],[-5,21],[14,-16],[3,-7],[15,-2],[12,2],[11,-10],[5,-14],[22,-26],[14,2],[4,7],[1,12],[-8,5],[22,25],[4,6],[-6,10],[3,12],[5,10],[4,26],[-2,6],[6,3],[6,11],[-1,10],[-13,15],[-18,0],[-3,7],[-9,7],[-11,0],[-1,8],[10,6],[5,-3],[15,-4],[10,8],[12,-8],[7,1],[10,6],[5,7],[-6,6],[-10,18],[-11,5],[3,6],[8,-2],[5,3],[5,12],[-5,8],[2,7],[13,3],[3,9],[-1,7],[-12,9],[2,10],[14,8],[4,9],[8,2],[3,10],[1,10],[6,9],[3,12],[6,2],[0,7],[-8,17],[-19,18],[-8,2],[-7,-4],[-8,6],[-8,-2],[-7,7],[5,12],[-15,14],[-11,5],[-11,6],[0,18],[-7,4],[-3,10],[11,4],[2,6],[-4,9],[-9,1],[2,8],[5,6],[-6,8],[-11,6],[-7,1],[-12,-8],[-4,3],[2,9],[-11,7],[-16,5],[-14,1],[-13,-3],[-20,-7]],[[5712,12400],[10,9],[6,8],[12,6],[1,13],[9,2],[3,7],[10,5],[10,3],[4,4],[-4,7],[7,12],[6,8],[8,-1],[11,6],[14,14],[12,4],[14,2],[10,7],[7,9]],[[5862,12525],[12,0]],[[5874,12525],[12,-5],[6,-9],[12,-11],[7,-3],[14,-13],[10,-6],[6,0]],[[5941,12478],[-12,-11],[-16,2],[-18,7],[-8,-7],[-8,-20],[-16,-13],[-17,-1],[-12,-5],[-5,-11],[5,-10],[10,0],[14,-4],[-4,-14],[8,-4],[-1,-10],[-6,-5],[6,-11],[-7,-10],[-8,-2],[-1,-18],[1,-12],[32,-3],[11,-8],[2,-16],[4,-6],[8,-2],[6,4],[9,-4],[-6,-16],[13,2],[6,-7],[2,-10],[4,-5],[0,-7],[9,-7],[-4,-14],[-11,-24],[-5,-1],[-5,-7],[4,-5],[-5,-11],[9,-7],[-5,-4],[3,-8],[14,-9],[-3,-11],[-13,-1],[1,-7],[9,-4],[8,-17],[-3,-4],[-18,3],[-10,-6],[-3,-7],[13,-15],[11,-4],[-1,-12],[11,-9],[2,-5],[10,-7],[10,-3],[-5,-5],[0,-9],[-3,-4],[7,-13],[-15,-2],[-10,-5],[0,-10],[-3,-7],[4,-10],[7,-9],[-7,-6],[-5,-8],[-14,-4],[-3,-8],[20,-16],[3,-12],[9,-2],[11,7],[7,-2],[14,2],[7,-5],[12,0],[17,-3],[14,-16],[8,-7],[12,-3],[-13,-8],[-5,-9],[-5,-17],[15,-5],[4,-11],[-3,-9],[6,-11],[0,-5],[10,-9],[9,-4],[-1,-16],[-6,-11],[-28,-6],[-7,-4],[-14,-14],[-10,-19],[-9,-6],[-8,-2],[-5,-8],[-9,-3],[-4,-5],[6,-9],[-6,-18],[6,-3],[7,3],[15,-4],[3,-7],[-4,-15],[-5,-3]],[[6452,10799],[-9,8],[-14,1],[-10,-1],[-18,4],[-12,-6],[-1,-7],[-6,-6],[-15,2],[-5,-8],[-12,-2],[-3,-4],[5,-9],[-1,-8],[3,-8],[-8,-11],[-26,-1],[-11,-9],[0,-17],[-9,-5],[-7,2],[-14,-1],[-2,-7],[-10,-4],[1,-18],[-7,-3],[-10,6],[-11,1],[-7,5],[-1,6],[-9,9],[-3,11],[-11,0],[-1,-10],[-8,-5],[-6,2],[-8,13],[-7,-4],[0,-5],[-5,-13],[-7,-6],[-19,-7],[-4,-14],[9,-5],[-5,-9],[-11,-3],[-10,1],[-5,-14],[3,-17],[-7,-9],[1,-6],[-6,-16],[-3,1],[-20,-7],[-23,-1],[-5,13],[-12,-3],[-1,-7],[-7,-7],[-12,-7],[0,-8],[8,-6],[3,-14],[7,-15],[0,-11],[3,-10],[-15,-7],[0,-14],[6,-8],[7,0],[3,-8],[-11,-1],[-10,-5],[-23,4],[-8,-3],[-7,3],[-5,-3],[-8,-12],[6,-17],[6,-3],[10,6],[3,7],[19,-2],[6,-10],[8,-2],[11,4],[9,7],[6,13],[6,8],[-2,8],[19,4],[33,-3],[14,2],[4,13],[7,2],[12,18],[6,2],[10,-2],[15,-14],[5,-7],[20,-1],[15,-9],[3,-7],[8,-3],[11,-6],[-4,-6],[-3,-12],[-12,0],[-18,-12],[-12,-10],[-15,-7],[4,-6],[-3,-11],[-8,-8],[19,-10],[4,4],[16,-8],[2,-9],[11,2],[11,9],[10,1],[0,5],[-6,17],[3,9],[12,8],[14,1],[12,-11],[6,5],[8,-2],[5,-7],[14,7],[22,-18],[11,2],[6,-4],[21,-4],[12,-9]],[[6392,10380],[9,-15],[-6,-7],[5,-5],[-5,-5],[-10,-20],[-15,0],[-7,-15],[15,-11],[16,-8],[20,-2],[10,1],[13,-13],[7,-3],[2,-8],[-16,-18],[9,-12],[0,-6],[8,-8],[0,-7],[-26,-11],[-7,-6],[-13,11],[-10,-1],[-8,-5],[-15,-27],[-13,-5],[-23,0],[-5,-5],[6,-7],[-5,-6],[-15,-6],[-10,-9],[-12,0],[3,-7],[-9,-1],[-4,-7],[3,-8],[11,-9],[-13,-5],[-5,-10],[0,-8],[-10,-15],[-8,5],[-18,-3],[0,-7],[-6,-16],[-7,-10],[0,-5],[-13,-3],[-13,-7],[-9,-1],[-3,-14],[-9,-11],[2,-3],[-1,-14],[-12,-10],[-1,-7],[-10,-7],[2,-14],[-13,-8],[-1,-5],[8,-8],[3,-10],[28,-5],[9,5],[8,-1],[9,-7],[19,-2],[14,7],[11,3],[2,6],[18,2],[4,5],[25,-8],[5,-8],[-9,-11],[-8,1],[-6,-5],[1,-14],[-8,-7]],[[6280,9874],[-12,2],[-10,8],[-11,5],[-16,-2],[-6,2],[-7,-4],[-2,-8],[4,-18],[-3,-4],[2,-14],[-10,0],[-12,11],[-17,-9],[-8,2],[-12,-6],[-13,-2],[-6,2],[-4,8],[-6,3],[-6,-5],[-14,1],[-5,-4],[-14,8],[-3,19],[-6,-1],[-7,10],[-17,11],[-5,7],[-8,-1],[-10,4],[-3,8],[4,9],[-7,7],[-6,-1],[-1,18],[-7,0],[-6,5],[-8,0],[-12,6],[-1,7],[5,7],[-4,7],[-16,7],[-14,-3],[-7,9],[-11,3],[-9,-5],[-9,2]],[[5924,9985],[1,52],[-1,17],[1,38],[5,13],[0,16],[-12,3],[5,11],[-3,37],[1,9],[7,7],[24,-10],[6,8],[-4,3],[-3,10],[-10,17],[6,6],[-16,3],[-8,-7],[-12,3],[-8,-5],[-9,9],[24,18],[-13,9],[-5,-2],[-7,9],[-6,28],[-10,34],[0,9],[10,7],[-2,7],[-11,7],[4,13],[-7,24],[-9,19],[6,4],[-2,7],[-8,8],[-2,16],[1,10],[-4,50],[-4,60],[2,11],[-6,32],[-3,35],[3,6],[-6,6],[-5,-1],[-6,14],[6,38],[2,31],[-2,39],[4,6],[-1,15],[3,6],[-7,35],[-14,7],[2,13],[8,4],[-2,11],[-6,6],[-3,8],[-7,32],[-5,15],[4,9],[9,-9],[11,6],[-2,12],[9,2],[-4,7],[5,8],[-1,11],[-13,-4],[-5,2],[-1,11],[-4,2],[-16,-9],[0,-11],[-7,-1],[-7,6],[1,25],[-4,10],[-24,16],[-19,5],[-11,0],[-21,-13],[-3,-8],[-12,8],[-15,5],[-19,-3],[-11,2],[-9,-2],[0,9],[5,2],[4,7],[7,2],[5,8]],[[5658,11046],[11,-5],[8,4],[8,-11],[17,0],[5,8],[-3,8],[15,5],[11,-2],[6,6],[8,-2],[9,6],[5,14],[30,7],[7,-2],[3,15],[12,4],[2,-8],[5,-2],[15,9],[3,10],[6,4],[10,-10],[2,-12],[20,4],[14,1],[7,7],[2,-11],[10,7],[13,1],[13,3],[-3,-14],[9,-2],[6,-16],[9,0],[1,-6],[12,-8],[6,2],[3,-14],[-4,-22],[12,3],[8,10],[6,0],[3,11]],[[5941,12478],[23,7],[13,-2],[4,5],[10,1],[4,9],[12,3],[8,-1],[11,-6],[31,-2],[10,2],[16,-7],[10,1],[6,20],[-1,17],[-3,5],[1,16],[7,8],[7,1],[15,-5],[13,-2],[13,-6],[25,-6],[9,-11],[-2,-13],[8,-3],[12,-11],[-1,-6],[9,-5],[4,6],[7,2],[2,14],[11,1],[8,22],[14,5],[12,1],[18,6],[27,-8],[21,14],[10,3],[11,0],[17,-4],[10,11],[8,5],[10,0],[10,5],[10,-2],[13,0],[30,15],[21,6],[9,-4],[-3,-6],[-14,-10]],[[6528,11057],[5,-5],[9,-2],[13,-15],[-2,-6],[6,-9],[11,-8],[17,-3],[2,4],[21,-14],[4,-10],[-2,-5],[5,-9],[-2,-5],[21,-8],[16,3],[4,3],[10,-3],[26,-12],[17,-10],[7,-2],[20,11]],[[6736,10952],[5,0],[10,-13],[13,2],[2,-6],[10,1],[8,-9]],[[6784,10927],[-7,-5],[11,-5],[3,-9],[15,-14],[0,-6],[16,-20],[2,-17],[-63,2],[-6,-4],[-7,4],[-18,-7],[8,-5],[15,-5],[8,-6],[1,-6],[10,-11],[18,-3],[2,-4],[9,1],[8,-12],[1,-7],[12,-10],[7,3],[-32,-36],[-39,7]],[[6758,10752],[-63,4],[16,28],[0,11],[-16,0],[-29,-4],[-15,-8],[-13,-4],[-9,0],[-14,-6],[-22,4],[-5,-3],[-14,4]],[[6574,10778],[5,6],[2,14],[9,8],[-8,13],[4,12],[-2,6],[9,3],[2,28],[-5,5],[-7,2],[-9,12],[-5,2],[0,7],[-17,10],[-4,7]],[[5874,12525],[1,12],[-2,4],[2,13],[9,7],[2,6],[-19,14],[-3,11],[-10,-1],[-21,8],[-5,-4],[-9,1],[-7,10],[1,11],[10,20],[-5,9],[-16,10],[25,9],[8,6],[2,21],[16,-1],[17,11],[5,7],[19,10],[0,6],[13,2],[15,13],[14,6],[19,13],[3,3],[-6,7],[3,11],[5,10],[21,3],[20,14],[3,15],[5,3],[3,11],[12,-1],[14,10],[4,1],[19,10],[18,-1],[12,3],[5,6],[6,-1],[1,-10],[11,-13],[9,3],[-2,11],[9,9],[6,1],[19,13],[2,5],[12,8],[19,-2],[11,2],[14,7],[7,6],[9,2],[14,11],[8,10],[-4,9],[-12,5],[-5,9],[-8,1],[-9,10],[44,14],[107,53],[3,13],[-4,6],[-12,6],[-5,6],[5,8],[10,1],[18,7],[9,-4],[11,5],[5,-2],[13,5],[20,-1],[12,2]],[[6449,13079],[1,-4],[16,-2],[4,3],[12,1],[8,6],[18,0],[11,6],[2,6],[9,2],[11,-13],[11,5],[15,-3],[0,10],[7,5],[11,3],[9,-4],[9,6],[7,1],[1,-8],[14,2],[10,-8],[14,2],[6,10],[11,0],[7,10],[8,4],[14,-8],[8,-1],[13,11],[10,-9],[2,-8],[23,9],[15,-6],[9,-6],[5,0],[6,6],[7,1],[2,-11],[6,-11],[-6,-13],[-6,1],[-7,-15],[-1,-11],[-9,-10],[-7,-15],[5,-4],[11,6],[5,9],[7,3],[14,1],[-6,7],[6,2],[7,11],[-3,11],[3,9],[15,7],[10,-5],[13,4],[20,-7],[7,3],[15,-8],[21,1],[5,-13],[8,-12],[4,-51],[-23,6],[-17,3],[4,17],[9,5],[5,9],[-7,9],[-21,4],[-5,-5],[-12,7],[-19,0],[-8,-4],[-17,-4],[8,-14],[-4,-2],[11,-12],[-4,-7],[-11,-6],[1,-12],[-7,-5],[6,-7],[13,-4],[10,2],[7,-6],[0,-8],[25,-9],[21,-4],[8,-6],[3,-8],[11,-1],[16,7],[20,3],[4,6],[16,5],[2,-10],[4,-6],[11,-9],[2,-5],[-3,-18],[19,-4],[10,-8]],[[6939,10985],[13,-3],[13,5],[2,10],[20,2],[7,-3],[12,2],[6,8],[11,-4],[8,7],[11,-1],[10,3],[7,-7],[15,-1],[3,5],[9,7],[0,14],[3,6],[10,6],[0,-9],[10,-1],[17,-10],[0,-6],[-6,-3],[17,-7],[4,4],[8,-6],[10,1],[5,-5],[9,-3],[0,-11],[4,-7],[15,5],[12,-3],[19,-10],[10,2],[7,-6],[13,-7]],[[7161,10881],[-7,-5],[-3,-10],[-16,2],[-6,-3],[-17,8],[-11,-1],[-5,-4],[-21,-2],[-23,-10],[-11,1],[-6,-11],[-2,-12],[-8,-1],[-11,-14],[-9,-6],[-5,1],[-8,-14],[-9,1],[-3,-6],[-28,-9],[-19,-9],[-32,7]],[[6901,10784],[3,8],[-8,24],[-6,3],[-3,13],[8,6],[-2,7],[-11,6],[3,9],[-5,19],[-18,-8],[4,11],[-6,12],[-16,13],[-8,3],[1,8],[-10,0],[-15,5],[-17,9],[-11,-5]],[[6736,10952],[10,5],[36,8],[6,1]],[[7314,10617],[-12,3],[-10,-2],[-21,3],[-15,-7],[-17,-15],[-22,2],[-16,-1],[-21,-8],[-6,-6],[-12,2],[-24,8],[-1,-8],[-10,-7],[4,-20],[3,-5],[2,-20],[-14,-20],[-10,-5],[-3,-8]],[[7109,10503],[-5,-5],[-11,0],[-22,-5],[-5,-6],[0,-9],[-5,-3],[-5,-9],[-10,0],[-9,-8],[-17,1],[-7,4],[-11,2],[-4,5],[-14,7],[-7,0],[-12,4],[-10,1],[-13,-5],[-8,-5],[-23,0],[-21,8],[-9,-1],[-6,-11],[-24,-8],[-10,4],[-1,8],[-4,5],[-29,-10],[-8,1],[-15,-3],[-15,1],[-15,-3]],[[6754,10463],[-12,4],[0,7],[-9,0],[2,8],[-5,5],[9,5],[13,17],[16,12],[-1,7],[-13,5],[14,3],[-1,4],[10,11],[-2,5],[4,10],[9,4],[1,20],[6,7]],[[6795,10597],[8,-5],[8,-2],[18,4],[12,-4],[9,0],[12,-5],[14,3],[8,-7],[24,0],[4,8],[12,2],[5,5],[16,3],[9,7],[12,-1],[12,4],[5,8],[10,-2],[-6,11],[-2,15],[9,-2],[15,10],[5,-2],[26,0],[7,-11],[11,-7],[17,-2],[2,9],[9,12],[19,5],[10,-20],[13,-5],[0,-13],[-5,-6],[14,-5],[6,7],[16,1],[12,4],[20,-7],[15,1],[15,9],[9,14],[3,15],[16,3],[9,7],[-2,15],[-5,6],[-10,3],[1,5],[-12,7],[-9,3]],[[7221,10697],[21,5],[6,8],[6,3],[13,-1],[10,-7],[10,-15],[12,-5],[6,-9],[3,-16],[8,-19],[1,-15],[-3,-9]],[[7517,11217],[-10,10],[-12,-1],[-19,6],[-7,4],[-6,10],[-10,1],[-11,-8],[-5,-6],[-13,-1],[-5,5],[-13,-1],[-5,2],[-23,-2],[-8,7],[-3,8],[1,6],[-7,12],[-23,1],[-6,6],[-8,-1],[-15,6],[-18,-2],[-8,-9],[-16,3],[-10,-6],[-17,-3],[-3,4],[-12,-2],[-3,7],[-8,-2],[-15,12],[-1,11]],[[6280,9874],[13,-3],[5,-8],[-13,-7],[0,-5],[20,-13],[9,-3],[6,9],[13,2],[10,-1],[4,-8],[5,2],[6,-6],[20,-6],[5,3],[-1,9],[12,-5],[8,4],[14,-4],[6,-8],[12,0],[5,-11],[11,10],[5,-6],[6,5],[6,-4],[10,4],[5,10],[5,-4],[-5,-9],[7,-2],[10,2],[0,7],[10,-3],[6,11],[5,-8],[8,0],[2,-14],[24,1],[15,5],[5,-10],[6,6],[10,5],[1,-8],[9,4],[12,0],[13,5],[6,-8],[-7,-2],[-2,-10],[7,0],[1,-13],[24,-3],[2,7],[-2,12],[25,-1],[4,-6],[15,4],[17,-5],[16,-7],[3,-12],[9,-6],[16,-3],[2,6],[16,-2],[8,13],[10,2],[2,-9],[15,1],[8,-7],[11,-3],[17,1]],[[6848,9771],[10,-9],[7,-20],[14,-16],[0,-7],[14,2],[16,-1],[4,-3],[22,3],[9,3],[11,-3],[12,1]],[[6967,9721],[16,-7],[10,-7],[6,-15],[-6,-12],[4,-14],[7,-7],[8,-13],[9,-4],[4,-18],[20,-8],[5,-10],[13,-2],[9,-4],[6,2],[15,-3]],[[7093,9599],[5,-23],[6,-5],[4,-16],[-1,-17],[-5,-16]],[[7102,9522],[-6,-19],[-13,-15],[-6,-12],[-7,-20],[-9,-7],[-15,-18],[-6,-14],[-6,-6]],[[7034,9411],[-14,-1],[-5,3],[-15,2],[-1,-6],[-8,-3],[-6,-7],[-3,-10],[-5,-1],[2,-16],[-2,-7],[5,-9],[-8,-5],[-7,1],[-15,-6],[3,-12],[-8,-9],[-11,-3],[-19,-14],[-10,-1],[8,9],[-2,14],[-11,11],[-7,-2],[-10,7],[-20,9],[-11,-8],[-23,-12],[-7,-13],[-9,-9],[-18,-7],[-8,-7],[-15,4],[-10,11],[-17,3],[-31,1],[-15,4],[-4,7],[-13,2],[-12,-5],[-8,9],[-16,7],[-10,9],[-10,-5],[-11,-2],[-15,7],[-6,12],[2,12],[-7,3],[-28,3],[-6,-6],[-7,-3]],[[6550,9372],[-11,3],[-7,8],[0,7],[-14,11],[1,7],[-12,14],[-13,-1],[0,11],[-7,3],[-8,-4],[-4,9],[1,8],[-14,5],[-6,6],[-7,-1],[-9,8],[-10,2],[-7,7],[-21,-1],[-8,3],[-12,-8],[-13,6],[-13,-21],[-7,-7],[-14,6],[-9,-7],[-14,-4],[-2,7],[-15,-3],[-15,9],[-8,-7],[-7,3],[-2,8],[-13,6],[-5,12],[-13,-6],[-11,-10],[-21,10],[-4,9],[9,10],[-18,13],[-5,14],[-13,4],[-12,18],[-8,7],[-12,1],[-30,-13],[-21,0],[-6,-12],[-8,-7],[-9,1],[-10,9],[-15,11],[-11,12],[-2,17],[2,23],[-1,12],[-5,4],[-14,0],[-15,-8],[-7,-7],[-10,-17],[3,-18],[-6,-13],[-23,-14],[-16,8],[-16,17],[-16,9],[-14,2],[-14,-6],[-15,-14],[-2,-10],[-18,-11],[2,-12],[-5,-4],[-15,-1],[-25,-4],[-19,3],[-9,-10],[-1,-10],[3,-9],[12,-13],[4,-8],[0,-12],[-10,-20],[-11,-20],[-7,-20]],[[5757,9382],[-9,9],[-13,20],[-26,35],[-8,5],[-22,7],[-4,8],[-20,16],[-2,20],[4,24],[-2,26],[2,3],[-10,11],[8,38],[1,27],[14,24],[21,16],[21,0],[2,-6],[-10,-19],[-15,-8],[20,-6],[12,8],[11,2],[21,11],[4,7],[16,3],[10,-4],[9,4],[5,7],[8,1],[0,7],[-6,4],[-34,10],[-10,-1],[-1,5],[22,-1],[11,5],[12,11],[9,18],[9,10],[16,12],[11,15],[12,14],[4,-4],[-6,-8],[-2,-8],[10,0],[4,3],[-2,12],[6,10],[0,6],[10,9],[5,10],[7,2],[8,12],[-1,5],[-12,-5],[5,13],[1,14],[6,35],[3,24],[3,11],[6,0],[17,10],[-3,12],[-13,1],[-2,3],[5,27],[2,6],[7,5]],[[6392,10380],[21,9],[1,4],[11,7],[7,-1],[13,10],[2,7],[14,8],[6,9],[27,-5],[14,-17],[14,-1],[-2,7],[6,5],[-2,7],[9,15],[-2,15],[4,6],[10,6],[21,17],[-1,10],[-13,6],[6,6],[36,14],[7,7],[1,5],[-10,7],[23,20],[18,9],[-4,6],[-14,3],[-5,11],[3,8],[5,4],[2,6],[14,6],[2,4],[-6,10],[5,3],[-1,11],[9,9],[-1,10],[-15,1],[-7,4],[-6,-5],[-6,4],[-13,2],[-7,4],[-5,-3],[-5,7],[4,7],[-9,5],[-12,15],[0,12],[-3,4],[6,12],[-1,9],[-5,2],[3,9],[-2,15],[15,11]],[[6758,10752],[-6,-9],[7,-13],[7,-6],[21,-4],[3,-3],[0,-10],[-6,-9],[0,-4],[13,-4],[3,-6],[9,2],[11,8],[25,7],[5,10],[10,6]],[[6860,10717],[7,-8],[8,-4],[-3,-7],[8,-6],[6,5],[7,-6],[11,5],[5,5],[14,4],[9,5],[11,10],[18,5],[1,5],[10,6],[7,8],[5,1],[4,-12],[-3,-13]],[[6985,10720],[14,-4],[0,-12],[-9,-5],[-3,-12],[-13,-8],[-7,0],[-6,-8],[-10,-5],[-26,2],[-10,-3],[-7,5],[-5,-2],[-16,2],[-22,-18],[-20,-28],[-6,-4],[-8,10],[-14,3],[-14,-3],[-14,-13]],[[6789,10617],[-8,-10],[-16,11],[-5,-5],[-9,2],[-20,-10],[-18,-16],[-11,-17],[-12,-7],[-4,-11],[11,-8],[2,-16],[-2,-6],[-14,-10],[-10,-18],[3,-12],[11,1],[8,10],[21,-13],[-7,-11],[-7,-5],[-13,-6],[-10,0],[-9,4],[-12,-1],[-11,-9],[-12,-7],[-14,4],[-11,11],[-10,-2],[5,-15],[-10,-12],[-10,-4],[-6,-10],[-33,-11],[1,-10],[3,-4],[-4,-7],[-7,1],[-8,-7],[2,-8],[-5,-10],[-7,-8],[-2,-6],[14,-15],[9,1],[-7,-17],[-3,-12],[-1,-21],[-8,-15],[-2,-13],[17,-19],[1,-10],[-7,-9],[0,-11],[15,-8],[3,-10],[-11,-4],[-5,-5],[5,-8],[-3,-9],[6,-9],[0,-11],[-4,-6],[-15,-4],[-6,4],[-5,12],[-7,4],[-8,1],[3,-13],[-4,-6],[-14,-3],[-9,-7],[-12,6],[-5,0],[-7,8],[-15,2],[-8,-11],[-16,-4],[-1,-3],[8,-22],[-7,-9],[10,-2],[5,-7],[-5,-5],[4,-12],[8,-8],[12,-4],[10,-17],[14,-14],[20,1],[14,-2],[3,12],[18,6],[4,-7],[10,-2],[8,-6],[8,8],[12,-6],[8,7],[9,0],[2,-5],[9,-2],[3,-7],[11,3],[8,-5],[15,0],[3,-7],[13,-1],[12,-8],[7,-9],[0,-6],[11,-16],[18,-2],[13,0],[2,4],[13,-5],[13,-2],[14,-9],[-3,-3],[23,-5],[4,-7],[7,-3],[0,-9],[5,-4],[-2,-7],[7,-3],[1,-8],[11,-10],[13,-5],[12,2]],[[6827,9896],[-18,-7],[0,-9],[-10,-3],[-7,-6],[1,-5],[-4,-10],[12,-4],[0,-5],[7,-4],[0,-6],[7,-10],[2,-7],[10,-8],[-2,-9],[9,-7],[2,-12],[8,-2],[4,-11]],[[5712,12400],[-17,-6],[-13,-10],[-1,-12],[-5,-6],[4,-17],[-12,4],[-2,5],[-11,-5],[-15,14],[3,12],[-5,9],[7,14],[-7,16],[-7,4],[-5,9],[3,8],[-6,10],[1,4],[-14,18],[-5,2],[3,10],[-6,2],[-3,9],[3,5],[-6,11],[-14,9],[-1,7],[-7,10],[-14,7],[-5,7],[-23,14],[-25,12],[-11,1],[-12,5],[-8,0],[-1,9],[-5,9],[-13,2],[-15,-6],[-7,-28],[1,-9],[-8,-3],[-8,16],[-8,29],[-6,5],[0,7],[5,6],[0,16],[5,9],[9,1],[2,15],[-4,4],[3,10],[10,2],[10,6],[4,9],[12,-7],[11,7],[7,15],[-1,17],[-8,19],[-14,20],[-9,9],[-2,10],[-12,2],[-31,27],[-40,28],[-1,5],[-11,4],[-28,24],[-3,9],[-10,13],[-12,13],[-18,6],[-22,-1],[-14,13],[2,6],[-8,1],[-1,15],[-10,8],[-12,-3],[1,10],[-12,0],[-6,6],[-2,10],[-9,1],[-8,6],[-4,7],[79,178],[43,97],[7,3],[17,-3],[11,1],[2,-4],[18,10],[13,-2],[3,7],[10,2],[13,16],[15,13]],[[5406,13309],[5,-6],[3,-13],[-3,-12],[9,-8],[-4,-10],[-11,-6],[-1,-12],[-18,-7],[-7,5],[-9,-4],[0,-8],[6,-9],[7,-2],[1,-13],[-6,-12],[-1,-6],[-5,-5],[4,-9],[-1,-7],[9,-5],[3,-13],[5,-6],[-2,-18],[9,-2],[0,-9],[8,-14],[9,-5],[0,-16],[4,-10],[7,-4],[18,-5],[1,-10],[-3,-14],[4,-3],[0,-13],[11,-7],[6,-17],[17,1],[8,-3],[14,2],[14,-17],[21,-3],[7,4],[8,-2],[14,-17],[8,-19],[0,-7],[-9,-11],[-15,-5],[4,-13],[-3,-18],[3,-5],[-1,-11],[-3,-4],[4,-8],[-3,-4],[5,-12],[25,-21],[2,-12],[-2,-13],[4,-4],[-7,-7],[-3,-10],[4,-8],[14,-7],[5,-10],[5,-1],[4,-12],[-5,-13],[1,-7],[-4,-9],[-2,-13],[-11,-3],[-13,-16],[-1,-6],[-6,-4],[3,-7],[11,-1],[9,-20],[3,-13],[9,-4],[0,-9],[9,-11],[7,1],[10,-6],[-1,-12],[10,-6],[3,-10],[-10,-13],[-2,-5],[9,-11],[1,-9],[14,-9],[-2,-3],[-8,-27],[-13,-2],[2,-8],[1,-20],[9,-8],[-9,-10],[4,-9],[27,4],[0,7],[5,6],[13,8],[15,3],[14,0],[2,9],[-4,9],[9,7],[-3,10],[13,10],[0,5],[9,12],[1,12],[9,6],[22,-5],[5,-4],[9,4],[5,-4],[12,-2],[5,2],[14,2],[4,5],[10,-4],[13,-10],[17,-1]],[[6754,10463],[6,-12],[7,0],[-1,-8],[4,-8],[8,-6],[-2,-14],[-3,-4],[10,-14],[-7,-16],[2,-5],[-9,-8],[-7,6],[-13,-9],[-11,1],[-9,-23],[-7,-6],[-11,-4],[-13,6],[-11,-2],[-12,-11],[-1,-5],[-11,-11],[-7,-2],[-9,-9],[9,-15],[0,-13],[-8,0],[-8,-9],[0,-17],[-12,0],[-9,-3],[-5,-5],[7,-4],[3,-16],[-8,-8],[-11,1],[-11,8],[-10,3],[-6,-4],[-6,-10],[5,-4],[-5,-12]],[[6572,10191],[6,-15],[-1,-12],[9,-12],[11,-3],[1,-10],[5,-9],[-6,-1],[2,-13],[14,-23],[-1,-15],[12,-12],[13,2],[3,-10],[9,-7],[14,0],[12,-7],[16,-16],[19,-3],[18,-6],[17,-4],[12,-11],[7,-9],[1,-17],[10,-7],[2,-6],[10,-4],[8,-7],[-2,-8],[4,-7],[12,-5],[-1,-9],[13,-7],[-2,-9],[8,-13]],[[6789,10617],[3,-4],[-1,-9],[4,-7]],[[7109,10503],[10,-3],[6,-10],[2,-11],[7,-5],[-13,-15],[12,-17],[0,-8],[8,-13],[-2,-6],[-12,-10],[-15,-3],[-6,1],[-17,-7],[-16,-1],[-4,-9],[-1,-9],[5,-10],[-5,-9],[-1,-16],[-4,-5],[-10,-6],[-8,-1],[-13,-8],[2,-14],[-9,-22],[1,-18],[-7,-10],[2,-16]],[[7021,10242],[-25,-4],[-5,-6],[-13,-22],[0,-5],[-15,-15],[-2,-9],[-14,-17],[-9,-6],[-11,-11],[-3,-19],[-4,-5],[4,-11],[5,-6],[-8,-3],[-6,3],[-10,-1],[-18,-13],[-11,1],[-20,-9],[-7,3],[-12,10],[-4,10],[-11,8],[-6,7],[-11,3],[-5,10],[-16,8],[-6,12],[-14,4],[-11,0],[-8,-4],[-17,-2],[-14,5],[-19,-1],[1,10],[-5,10],[-13,3],[1,8],[-13,9],[-17,0],[-15,6],[-32,-3],[-7,8],[-11,1],[-12,-18]],[[6449,13079],[6,4],[4,20],[-3,6],[11,24],[-1,5],[12,5],[24,1],[7,5],[7,1],[1,10],[-7,4],[-9,1],[-5,3],[-9,0],[-13,14],[-18,8],[0,4],[-28,2],[-13,0],[-19,3],[-8,7],[-2,14],[-6,3],[-8,-2],[-4,5],[-20,10],[-6,11],[1,13],[7,3],[41,3],[12,-1],[27,8],[12,11],[24,0],[10,6],[12,14],[12,7],[3,-2],[12,11],[-4,6],[6,8],[-12,5],[2,6],[-8,2],[-1,6],[-9,1],[-11,-1],[-11,-5],[-6,1],[-8,7],[-2,8],[-7,2],[-17,-1],[-11,10],[-9,4],[-10,16],[-8,5],[-4,5],[-20,9],[-13,-2],[-3,-8],[-9,-5],[-10,4],[-10,-3],[-9,1],[-5,-4],[-17,2],[-30,-7],[-15,-7],[-28,12],[-4,7],[-17,12],[-1,18],[4,19],[0,9],[-5,12],[-9,10],[-3,9],[2,20],[-6,21],[-1,13],[-4,19],[5,12],[9,12],[0,11],[-5,10],[0,14],[7,1],[13,-4],[8,8]],[[5658,11046],[2,10],[8,4],[12,13],[-3,11],[5,19],[0,11],[5,12],[-2,11],[9,12],[0,4],[10,10],[6,-2],[1,-7],[20,-6],[18,4],[23,12],[13,13],[11,6],[22,5],[1,-3],[22,0],[1,-7],[12,-12],[9,-3],[19,2],[25,12],[11,13],[5,10],[-4,6],[3,5],[8,0],[5,4],[0,8],[7,4],[16,5],[21,24],[8,14],[14,10],[5,6],[11,21],[2,14],[-1,16],[-3,21],[14,-7],[8,7],[-4,5],[-4,13],[-7,-5],[-6,4],[-3,11],[-9,14],[-13,12],[0,12],[-4,9],[-15,0],[0,11],[-8,6],[3,6],[-1,8],[-12,6],[-2,15],[-6,7],[-4,14],[7,4],[-3,12],[-10,14],[-5,1],[1,11],[-13,26],[-6,22]],[[6985,10720],[4,0],[9,11],[5,-5],[14,5],[15,-2],[12,-10],[6,4],[1,11],[7,14],[-1,5],[-9,7],[0,8],[13,-5],[11,2],[7,-4],[6,2],[10,-7],[5,13],[6,0],[6,6],[17,-2],[18,1],[5,-2],[11,5],[6,-2],[3,-13],[-1,-11],[-3,-6],[3,-12],[7,-4],[5,-16],[10,-2],[10,0],[7,-8],[11,-6]],[[5406,13309],[12,12],[-2,13],[-9,8],[-1,7],[-6,4],[-3,11],[-8,10],[-2,9],[-9,4],[-2,9],[-6,13],[2,17],[-14,4],[-2,11],[4,11],[5,3],[0,13],[-7,9],[6,27],[-1,9],[10,8],[11,1],[-2,10],[10,1],[15,-5],[17,1],[8,-9],[7,-4],[8,2],[7,-6],[4,-10],[11,-6],[11,-3],[6,-7],[6,-2],[3,-20],[8,-12],[5,-18],[6,-5],[0,-11],[8,-10],[1,-8],[19,-20],[-1,-13],[5,-10],[22,-11],[1,-11],[8,-9],[10,1],[10,-8],[9,6],[8,8],[11,5],[1,7],[11,11],[7,3],[11,21],[-3,5],[5,7],[12,3],[14,-7],[17,-1],[4,2],[2,10],[-6,6],[4,11],[9,12],[5,13],[7,9],[7,3],[4,9],[0,10],[-6,8],[4,6],[20,2],[8,-2],[8,14],[7,23],[13,10],[8,2],[3,6],[-1,16],[8,7],[5,-2],[11,3],[4,8],[3,19],[5,13],[9,-3],[11,6],[-4,8],[9,0],[17,-2],[20,-6],[7,4],[0,10],[4,6],[-7,12],[-9,7],[-2,9],[-8,3],[-4,13],[-6,7],[-2,11],[10,0],[5,8],[7,-1],[4,10],[12,10],[-6,6],[1,5],[7,9],[17,11],[-3,11],[17,2],[18,8],[4,7],[7,-3],[20,0],[8,7],[22,7],[18,-3],[3,4],[14,-1],[7,-4],[9,0],[10,6],[15,-3],[9,3],[14,-5],[15,4],[4,6],[9,7],[-9,5],[-6,-1],[-1,9],[-12,15]],[[6120,13829],[7,-7],[18,-5],[11,-5],[7,1],[11,-4],[13,-16],[15,-6],[6,10],[21,-8],[7,-8],[4,-10],[10,-8],[-15,-24],[26,-35]],[[7314,10617],[11,0],[4,-2],[17,0],[13,-6],[3,12],[11,4],[6,15],[13,12],[29,1],[0,6],[10,10],[13,2],[6,-3],[32,2],[11,13],[19,-3],[14,1]],[[7526,10681],[11,-11],[9,-6],[9,2],[10,-7],[10,2],[15,-6],[2,-6],[9,-2],[0,-8],[12,-8],[6,0],[4,-8]],[[7623,10623],[2,-18],[-3,-4],[-1,-13],[-10,-7],[-2,-11],[3,-11],[-6,-6],[1,-10],[-6,-8],[0,-8]],[[7601,10527],[-19,-5],[-8,-14],[3,-24],[-5,-11],[3,-8],[8,-15],[1,-19],[-2,-4],[3,-15],[-7,-5],[-1,-13],[-10,-17],[-14,0],[-10,-4],[-13,2],[0,-7],[21,-15],[-3,-14],[-12,-11],[-8,-10],[2,-8],[-10,-8],[-1,-6]],[[7519,10296],[-2,-3]],[[7517,10293],[-7,-4],[-22,-1],[-20,-6],[-11,1],[-11,-4],[-26,1],[-12,-10],[-5,-12],[-8,-9],[-23,-10],[-18,2],[-5,-9],[-16,-19],[-14,-4],[-13,-9],[-21,-10]],[[7285,10190],[-16,2],[-14,-1],[-17,7],[-7,-1],[-7,-7],[-23,1],[-9,-4],[-8,4],[-12,2],[-8,-5],[-10,-1],[-16,6],[-10,-2],[-19,-1],[-13,3],[-14,-4],[-9,6],[-5,8],[-10,0],[-16,14],[-17,18],[-4,7]],[[7285,10190],[6,-4],[4,-8],[8,-6],[13,-15],[5,-10],[-4,-11],[-12,-5]],[[7305,10131],[-1,-13],[-4,-11],[3,-4],[-6,-8],[3,-14]],[[7300,10081],[-16,-28],[-10,-12],[3,-7],[-4,-10],[-9,-5],[-9,-16],[-12,-5],[-1,-12],[5,-3],[-5,-7],[-18,-4],[-32,1],[-3,-2],[-1,-11],[-26,-14],[13,-8],[5,-7],[14,-9],[-1,-3],[11,-17],[10,-5]],[[7214,9897],[-4,-3],[-19,4],[-6,-4],[1,-10],[-13,-8],[-8,1],[-12,-10],[3,-6],[-14,-9],[-1,-6],[-15,2],[-5,-8],[-19,-2],[-7,-8],[-10,-3],[-17,-9],[-10,-9],[-28,-2],[-18,-11],[-15,1],[-12,-4],[-5,-5],[-18,6],[-3,-11],[-4,-6],[-2,-12],[-4,-6],[6,-10],[7,-5],[6,-10],[-1,-13]],[[7448,10944],[0,-20],[-5,-5],[-1,-11],[-5,-9],[2,-6],[-9,-5],[4,-6],[-7,-13],[7,-12],[0,-18],[11,-10],[3,-11],[18,-18],[1,-15],[5,-4],[-1,-12],[13,-7],[2,-8],[9,-6],[7,0],[11,-9],[2,-14],[-2,-18],[5,-4],[8,-22]],[[6860,10717],[6,-5],[19,-4],[6,7],[8,-1],[18,8],[3,6],[-15,13],[12,11],[-1,15],[-6,9],[-9,8]],[[6120,13829],[10,4],[11,11],[-2,4],[-21,10],[-8,7],[-7,0],[-11,12],[-4,1],[-12,9],[-6,9],[2,4],[-8,7],[-9,-4],[-6,3],[11,9],[0,6],[-8,18],[6,12],[-1,7],[9,3],[2,17],[-10,14],[1,4],[-11,18],[-2,9],[10,10],[-7,5],[-20,9],[-6,1],[-3,11],[7,3],[1,14],[-6,16],[-11,5],[2,12],[-3,9],[-11,0],[-15,7],[1,10],[-10,10],[-3,10],[5,14],[-10,4],[-8,9],[2,10]],[[6256,14238],[4,-7],[1,-8],[13,-9],[1,-5],[12,-6],[1,-4],[14,-13],[5,-17],[6,-5],[23,-2],[36,2],[16,3]],[[8853,7890],[0,8],[8,6],[5,14],[-6,9],[-19,4],[-9,-1],[-9,8],[12,6],[-8,14],[-9,5],[2,10],[11,3],[2,7],[-8,7],[-20,5],[-1,7],[-6,0],[-21,11],[-9,15],[0,5],[-11,13],[-22,-1],[-8,-3],[-10,1],[-7,-2],[-13,2],[-12,5],[-23,3],[-4,3]],[[8658,8054],[0,20],[-5,6],[1,9],[-5,2],[6,8],[-6,4],[0,12],[-10,3],[0,11],[-6,5],[2,17],[9,10],[0,10],[-8,-4],[-12,1],[-19,44],[-6,6],[-3,6],[5,14],[-9,13],[-23,3],[-2,-4],[-21,5],[-5,-1],[-21,10],[-9,-1],[2,23],[-21,15],[-14,5],[-7,6],[-9,-28],[0,-7],[-4,-19],[-19,-13],[0,-7],[-7,-2],[-7,-8],[-9,2],[-7,5],[-18,-2],[-2,11],[-12,1],[-5,-2],[-14,4],[-15,-2],[-9,1],[7,15],[-4,6],[8,8],[-1,7],[-19,3],[-2,10],[-17,11],[1,7],[-9,7],[-6,1],[-18,-8],[-13,-9],[-12,-15],[-1,-8],[-6,-17],[0,-5]],[[8242,8259],[-8,10],[-16,5],[-6,15],[9,15],[14,17],[4,11],[7,4],[11,1],[8,7],[1,15],[7,7],[-11,8]],[[8262,8374],[12,10],[7,14],[-1,6],[7,19],[8,13],[4,0],[9,9],[10,6],[17,16],[25,-1],[12,-3],[24,2],[11,20],[11,1],[6,-8],[19,9],[7,-5],[10,-2],[16,3],[12,6],[7,-3],[16,5],[1,4],[16,7],[0,4],[10,9],[11,1],[3,-10],[18,20],[19,-6],[5,-8],[-7,-11],[-14,-9],[-19,-23],[-4,1],[-18,-22],[-9,-15],[-11,-30],[-15,-30],[1,-6],[-5,-8],[10,-3],[2,-9],[-7,-12],[25,2],[3,-4],[9,0],[9,-4],[6,3],[8,-9],[-1,-10],[6,-4],[7,3],[15,2],[-2,-9],[7,1],[-1,-15],[7,-7],[10,-1],[12,1],[7,-2],[2,-7],[7,-4],[11,3],[22,13],[7,35],[6,2],[6,6],[3,21]],[[8689,8351],[15,-6],[-8,-6],[3,-5],[0,-13],[-4,-2],[1,-11],[17,-18],[12,0],[7,-4],[1,-11],[-5,-13],[-16,-10],[7,-8],[6,3],[20,-3],[14,-10],[9,-4],[4,-12],[15,-6],[2,-5],[8,-2],[6,-7],[8,-2],[8,4],[8,-2],[10,7],[22,-1],[12,2],[22,-7],[2,-16],[6,-20],[12,-25],[5,-1],[19,1],[11,8],[12,4],[7,-7],[13,-3],[1,5],[8,3],[13,-12],[6,2],[9,-6],[18,-3],[10,2],[6,-4],[6,2],[16,-5],[11,5],[4,-4],[-3,-10],[4,-3],[-8,-11],[6,-13],[7,-1],[7,3],[13,-5],[8,2]],[[7476,6601],[18,11],[11,4],[6,-2],[8,14],[17,7],[5,5],[3,10],[16,5],[9,7],[-16,8],[7,24],[5,7],[-10,4],[-6,12],[1,5],[8,3],[1,7],[12,15],[18,4],[32,11],[6,10]],[[7627,6772],[9,-2],[12,8],[18,-2],[7,11],[11,6],[10,14],[-8,17],[10,11],[13,8],[4,4],[-1,12],[3,3],[11,3],[4,9],[-1,11],[5,6],[7,-1],[13,7],[1,7]],[[7755,6904],[15,2]],[[7770,6906],[3,-6],[18,-7],[14,8],[20,4],[22,-5],[15,1],[9,-14],[7,-5],[1,-7],[-4,-8],[6,-6],[10,-13],[5,-3],[1,-17],[10,-12],[3,-17],[4,-11],[8,-6],[1,-8]],[[8153,7473],[1,-8],[5,-8],[13,-4],[6,2],[10,-6],[1,-4],[-9,-5],[8,-13],[-9,-5]],[[8179,7422],[-5,-11],[11,-8],[-4,-6],[3,-5],[8,-4],[-14,-7],[-6,-10],[11,-6],[-6,-5],[-2,-15],[3,-20],[-14,-5],[-5,-8],[-9,3],[-2,-8],[-9,-8],[1,-4],[11,-3],[7,2],[3,-9],[-8,-12],[-8,2],[-5,-8],[-14,-7]],[[8126,7260],[-8,2],[-10,-9],[-7,4],[-25,0],[-8,-3]],[[8068,7254],[-4,3],[-8,19],[-9,6],[-14,6],[-2,5],[-11,4],[-6,12],[-5,4],[-18,4],[-4,8],[8,3],[9,-3],[18,0],[11,3],[10,-5],[16,5],[4,5],[-4,4],[-18,4],[-40,-5],[-5,10],[2,9],[-1,13],[2,12],[0,9],[-7,18],[-11,9],[-6,8],[22,15]],[[7997,7439],[-8,16],[4,8],[-2,16],[8,3],[11,-1],[6,-6],[7,0],[7,6],[33,-7],[2,3],[9,1],[29,-22],[12,-12],[8,0],[6,-5],[5,4],[-3,10],[2,9],[20,11]],[[8262,8374],[-4,5],[3,10],[5,6],[-4,8],[11,15],[-2,6],[8,7],[-4,6],[3,14],[-6,4]],[[8272,8455],[2,8],[5,4],[5,11],[13,8],[6,8],[6,1],[10,22],[16,12],[-1,5],[13,13],[-2,11],[-6,6],[11,9],[12,3],[19,-7],[8,4],[6,7],[-1,16],[8,8],[3,9],[7,-3],[9,0],[4,-4],[17,0],[8,3],[7,-11],[19,6],[4,9],[13,12],[8,-2],[14,9],[23,-2],[4,8],[7,5],[-3,10],[9,12],[9,3],[5,-7],[20,3],[3,-7],[13,3],[8,6],[3,12],[12,-4],[6,-10],[9,-2],[0,-5],[22,-12],[10,-7],[12,-1]],[[8687,8637],[2,-4],[10,-2],[3,-7],[9,-4],[8,23],[-3,5],[8,11],[0,3],[18,13],[9,-4],[13,1],[14,-4],[1,-3],[0,-25],[22,-6],[15,-1]],[[8816,8633],[-1,-3],[-22,-14],[-12,-13],[-5,-8],[-17,10],[-2,-8],[14,-9],[2,-9],[-22,-2],[-6,-13],[-16,-5],[-3,-6],[3,-12],[-3,-5],[8,-12],[2,-24],[7,-5],[3,-9],[1,-21],[-3,-6],[-6,-1],[-1,-16],[3,-10],[-18,-5],[-21,-12],[-10,-13],[-2,-8],[-9,-4],[-3,-6],[13,-22]],[[8690,8362],[-1,-11]],[[8529,7426],[-9,13],[-2,8],[-7,4],[-3,13],[-10,4],[-15,0],[-10,4],[-3,14],[-9,5],[-11,16],[-1,8],[6,7],[3,20],[10,15],[-3,13],[6,5],[1,7]],[[8472,7582],[15,3],[8,8],[1,8],[10,8],[7,2],[5,10],[15,17],[6,9]],[[8539,7647],[20,7],[5,13],[9,4],[6,11],[6,6],[-2,6],[15,4],[13,-1],[12,9],[15,7],[10,2],[-3,9],[9,10],[8,2],[7,14],[13,7],[9,1],[5,5],[1,7],[22,5],[3,10],[10,0],[23,14],[5,8],[13,2],[6,12],[16,5],[4,6],[15,6],[3,7],[-3,4],[5,8],[-2,10]],[[8817,7867],[9,3],[7,-2],[10,5]],[[8126,7260],[-1,-12],[25,-18],[-8,-11],[-7,-7],[-6,1],[-6,-7],[-14,-2],[-2,-14],[-9,-11],[-2,-9]],[[8096,7170],[-2,-13],[-16,-14],[-16,-8],[-9,-13],[-8,-6],[-1,-7],[-17,-11],[-11,-3],[-4,6],[-8,-4],[-4,-14],[-6,-6],[-6,-18]],[[7988,7059],[-8,-3],[-11,4],[-17,2],[-7,4]],[[7945,7066],[-10,2],[0,19],[-15,19],[-8,0],[-8,6],[-6,9],[-4,0]],[[7894,7121],[15,15],[4,11],[-1,8],[5,5],[2,7],[11,8],[6,0],[39,16],[-2,10],[9,5],[13,2],[11,-3],[1,-6],[10,-9],[7,4],[20,5],[9,15],[-4,18],[13,20]],[[8062,7252],[6,2]],[[9170,8533],[2,-13],[7,-4],[0,-14],[12,-17],[23,-13],[-1,-3],[13,-9],[13,-19],[0,-9],[8,-16],[10,-6],[-10,-25],[-5,-3],[9,-16],[10,-4],[3,-7],[5,-4],[11,-1],[7,3],[8,-3],[4,-12],[7,-7],[11,-7],[13,-2],[8,-7],[13,2],[11,-3]],[[9362,8314],[-11,-8],[-8,-9],[-14,-10],[4,-15],[-6,-5],[-12,1],[-3,-3],[-16,0],[-7,-7],[0,-9],[-7,-3],[-21,-29],[-8,-15],[-8,-6],[-12,1],[-8,-12],[3,-3],[-4,-8],[-7,-5],[-12,2],[-4,-7],[-15,1],[-10,-9]],[[9176,8156],[-10,-1],[-9,11],[-11,8],[-15,2],[-2,27],[4,7],[-4,7],[7,15],[-3,8],[3,8],[-11,8],[-8,-1],[-11,3],[-3,5],[-10,-1],[-18,8],[-4,9],[-8,4],[-17,0],[-12,5],[-8,-1],[-8,5],[-7,-5],[-10,2],[-2,7],[-12,8],[-19,9],[-5,1],[-9,-8],[-7,-16],[-6,2],[-4,-6],[-8,2],[-9,7],[-7,-14],[-14,9],[-5,18],[-5,0],[-12,7],[-14,11],[-13,4],[-19,16],[3,4],[-5,7]],[[8829,8357],[7,15],[6,9],[4,11],[6,5],[9,24],[5,8],[7,0],[41,-9],[8,-7],[7,5],[15,1],[22,12],[12,2],[8,-4],[4,2],[-5,9],[-6,15],[3,12],[12,13],[9,7],[11,19],[10,11],[13,5]],[[9037,8522],[5,-4],[12,0],[7,7],[14,2],[17,-2],[11,-7],[8,5],[5,-1],[20,6],[7,-3],[12,3],[3,5],[12,0]],[[8539,7647],[-9,9],[1,6],[-3,15],[2,16],[-12,14],[-58,71],[-1,14],[7,6],[2,9],[-4,4],[0,8],[-5,3],[3,9],[-1,7]],[[8461,7838],[-4,15],[3,11],[7,4],[2,6],[-9,9],[16,4],[3,15]],[[8479,7902],[13,0],[9,9],[5,0],[10,-20],[12,4],[12,15],[0,9],[14,7],[6,14],[15,-1],[23,15]],[[8598,7954],[3,-2],[-1,-13],[9,-11],[10,-19],[14,9],[12,-1],[22,6],[11,1],[13,-6],[12,-2],[5,-3],[11,-15],[16,-10],[5,-2],[13,-11],[12,-8],[-5,-14],[11,3],[16,0],[18,6],[5,-2],[7,7]],[[9832,9044],[-1,-10],[5,-6],[-7,-5],[-8,-15],[-18,0],[0,-10],[-8,-8],[-10,-1],[-4,-6],[-9,-22],[-6,-4],[-12,-1],[-9,6],[-6,-4],[-6,-10],[-8,-7],[-9,-3],[-7,-11],[-7,-18],[-3,-25],[-11,-2],[-6,-11],[5,-8],[-18,-24],[-18,-15],[-17,-24],[-24,-2],[-1,6],[-11,-2],[-2,-5],[-15,-10],[-1,-7],[-15,-19],[-8,-6],[-13,-17],[0,-3],[19,-9],[6,-13],[-1,-6],[-7,-13],[6,-15],[10,-4],[-4,-10],[-20,-15],[-2,-8],[4,-8],[-2,-3],[-13,-4],[-8,-5],[3,-6],[13,-14],[1,-7],[12,-16],[2,-11],[-13,-24],[12,-9],[1,-5],[-13,-3],[-13,-7],[-1,-7],[-7,-4],[-11,-15],[-9,-9],[-2,-9],[-11,-11],[-3,-14],[3,-7],[-2,-8],[-7,-21],[-12,-3],[-20,-12],[-14,-3],[-6,0],[-15,-15],[-6,-22],[-13,-6],[-16,-11],[1,-5],[-4,-12],[-18,-3],[-2,-9]],[[9170,8533],[7,3],[13,12],[9,4],[3,7],[14,9],[0,6],[10,1],[4,4],[22,14],[-2,5],[5,10],[19,15],[6,8],[2,14],[5,1],[9,7],[-4,7],[10,10]],[[9302,8670],[17,8],[9,6],[10,3],[10,11],[16,6],[4,16],[-4,5],[-10,5],[-12,17],[2,5],[-5,11],[3,7],[8,28],[8,7],[15,2],[14,-4],[12,9],[13,18],[3,11],[-10,5],[-2,15],[-5,7],[3,8],[10,6],[6,13],[10,7],[7,-5],[15,5],[3,13],[0,9],[3,8],[6,2],[5,10],[16,16],[1,5],[16,2],[8,10],[4,0],[19,7],[18,12],[4,1],[13,15],[13,9],[10,2],[13,12],[2,7],[22,17],[17,16],[6,19],[9,10],[0,11],[6,12],[8,4],[-1,12],[7,10],[-4,8]],[[7889,7118],[-3,-10],[-7,-6],[-5,0],[-9,-7],[-1,-5],[-10,-4],[-2,-8],[-22,-6],[-19,-16],[-8,-2],[-5,6],[-11,6],[-6,-2],[-9,-8],[-18,-6],[-8,-4],[-2,-17],[-22,-11]],[[7722,7018],[-1,6],[-31,-4],[-10,3],[-10,15],[1,5]],[[7671,7043],[13,6],[-1,4],[12,4],[3,8],[-1,5]],[[7697,7070],[11,1],[1,9],[11,2],[8,5],[4,8],[23,13],[-1,8]],[[7754,7116],[6,7],[7,3],[17,-3],[8,-10],[6,0],[15,-6],[15,3],[12,-3],[3,9],[5,1],[8,-8],[7,4],[10,11],[16,-6]],[[8258,7084],[-15,5],[-14,-11],[-8,1],[-14,15],[-10,6],[-2,10],[-16,-1],[-11,4],[-3,4],[-8,1],[-17,9],[-9,13],[-1,7],[-12,-2],[-5,5],[2,6],[-5,4],[-1,7],[-8,-2],[-5,5]],[[8179,7422],[17,-2],[12,6],[13,3],[17,-5],[17,-7],[14,-10],[9,-17],[12,-2],[10,-8],[15,-4],[9,1],[8,-16],[9,-6],[7,0],[11,5],[10,9],[6,1],[16,-12],[8,-1],[7,8],[7,-3],[5,4],[12,-1],[14,12],[10,5],[13,3],[17,8],[7,2],[25,10],[2,7]],[[8153,7473],[11,12],[14,4],[2,7],[11,5],[13,-1],[17,-7],[9,9],[-3,11],[2,10],[7,6],[6,13],[8,4],[9,16],[25,10],[7,6],[-3,6],[-8,6],[4,4]],[[8284,7594],[10,2],[4,5],[-6,13],[-8,9]],[[8284,7623],[14,7],[7,9],[9,-6],[6,5],[-5,7],[0,10],[12,17],[12,3]],[[8339,7675],[-2,-8],[3,-13],[5,-4],[9,3],[7,-5],[8,-1],[8,-10],[-2,-6],[5,-5],[-2,-5],[10,-5],[13,-3],[10,1],[10,-4],[14,2],[13,-7],[7,0],[8,-4],[1,-11],[8,-8]],[[8123,6934],[-11,5],[-7,13],[-6,4],[-1,13],[-21,8],[-2,5],[0,17],[-16,4],[-19,-4],[-6,8],[-15,3],[-11,14],[-2,16],[-8,4],[2,9],[-10,1],[-2,5]],[[8339,7675],[6,3],[-10,7],[4,4],[11,-4],[16,13],[8,-5],[9,5],[-2,6],[-7,4],[8,10],[3,9],[25,1],[-8,11],[-1,11],[12,9],[6,-2],[3,11],[-3,10],[2,8],[7,2],[12,-1],[9,4],[3,5],[-3,8],[-9,-1],[4,8],[7,1],[-4,8],[5,10],[-3,8],[12,0]],[[7959,7962],[110,9],[68,4],[13,-2],[23,-1],[5,-6],[11,-2],[7,-15],[7,-9],[-3,-7],[2,-12],[8,-4],[5,-10],[6,-18],[-4,-12],[3,-12],[0,-9],[17,-6],[8,-5],[13,0]],[[8258,7845],[-4,-15],[-5,-11],[9,-19],[2,-19],[-5,-1],[2,-21],[-4,-3],[-1,-11],[6,-6],[1,-8],[-4,-9],[4,-6],[-1,-14],[5,-10]],[[8263,7692],[-7,-8],[-19,-9],[-15,5],[-16,-2],[-13,4],[-5,5],[-1,13],[-6,6],[0,6],[-6,5],[-1,12],[-4,8],[4,5],[2,10],[-2,8],[1,11],[6,19],[-8,0],[-6,11],[-14,-3],[-16,-10],[-12,-3],[-14,-9],[-9,6],[-23,4],[-3,7],[3,5],[1,14],[-4,10],[-10,3]],[[8066,7825],[-19,8],[-5,-1],[-6,5],[-11,4]],[[7220,7376],[-14,-18],[-1,-17],[-6,-12],[2,-13],[-4,-5],[-7,1],[-1,-8],[7,-11],[0,-13],[18,-19],[0,-5],[-14,-17],[4,-5],[9,-1],[3,-10],[-7,-18],[4,-6],[13,-5],[6,-8],[2,-10],[6,-10],[13,-5],[6,-5],[8,3],[11,1],[13,-10],[18,-3],[9,-11],[9,-5],[10,-2],[13,2],[7,-3],[11,-1],[11,-7],[5,-9],[11,-5],[7,2],[12,-6],[12,-4],[16,1],[10,-4],[8,3],[17,-14],[11,-3],[10,-13],[18,1],[11,-4]],[[7527,7065],[-23,-19],[-9,1],[2,-11],[-9,-7],[18,-9],[10,3],[26,-12],[12,2],[8,-4],[1,-13],[-10,0],[-19,-15],[-12,-1],[-6,-4],[-15,-2],[-4,-10],[4,-6],[-1,-7],[-12,-4],[-5,-13],[3,-3],[-4,-10],[-36,-6],[-3,-2]],[[7443,6913],[-8,1],[-13,-1],[-7,-6],[-12,-4],[-1,7],[-5,4],[-2,11],[-11,2],[-2,5],[-8,-1],[-6,9],[-13,5],[-1,7],[-12,13],[0,7],[-9,3],[-3,10],[-5,6],[1,15],[-3,29],[7,4],[4,10],[10,6],[-1,15],[-5,2],[-2,9],[-14,6],[-7,6],[-16,8],[-3,5],[-11,0],[-6,-3],[-7,5],[-10,3],[-15,11],[-10,8],[1,8],[-3,5],[-16,3],[-18,9],[-3,9],[-11,11],[-1,8],[7,4],[-3,12],[-10,6],[-7,9],[-8,20],[-9,8],[-1,8],[-10,2],[-12,13],[1,16],[7,6]],[[7425,7294],[7,-6],[0,-12],[10,-5],[10,-13],[10,1],[-3,-8],[6,-5],[14,0],[5,-4],[23,0],[14,18],[10,4],[6,10],[10,1],[6,-5],[16,4],[5,3],[10,0],[3,7],[9,0],[16,4],[6,-2],[18,4],[4,-1],[22,4],[11,-9],[8,0],[16,12],[17,3],[7,16],[10,11],[-1,3],[13,8],[7,-4],[-4,-8],[4,-9],[9,-1],[8,8],[2,9],[5,5],[25,16],[25,7],[9,0],[5,3],[16,1]],[[7854,7364],[-11,-12],[-2,-7],[-14,-18],[-14,-10],[-1,-6],[9,-8]],[[7821,7303],[-16,-11],[-2,-4],[-15,-10],[-15,-7],[-19,-3],[-11,-6],[-8,-18],[5,-5],[1,-7],[-9,-4],[-8,-10],[-18,-10],[-10,-9]],[[7696,7199],[-6,-6],[-22,-15],[-7,2],[-13,-5],[-11,0],[-10,-3],[-5,3],[-16,1],[-12,8],[-18,-4],[-11,-1],[-13,11],[-2,14],[-5,6],[-13,6],[-10,-1],[-19,-12]],[[7503,7203],[-2,-9],[-11,-1],[-11,2],[-5,7],[0,11],[-6,3],[-17,0],[-15,6],[-5,18],[-8,9],[-21,13],[-12,4],[-41,6],[-9,6],[-23,10],[-2,6],[-14,7],[-4,4],[-12,3],[-12,9],[-9,12],[-11,4],[-9,6],[-6,17],[-7,5],[-2,7],[-9,8]],[[7918,7590],[-1,-14],[15,-10],[0,-5],[11,-10],[8,-1],[0,-14],[-6,-24],[-13,-14],[3,-10],[-4,-17],[4,-2]],[[7935,7469],[-5,-6],[-6,-1],[-4,-9],[-2,-13],[-16,-1],[-15,-8],[-9,-11],[-7,-2],[-14,2],[-9,8],[-5,-3],[-9,-13],[9,-2],[5,-8],[-4,-10],[-14,-4],[-3,-10],[10,-6],[7,4],[7,-1],[3,-11]],[[8066,7825],[-4,-7],[-8,-6],[-1,-9],[-17,-12],[-2,-7],[-7,-4],[0,-10],[5,-5],[8,-1],[16,-9],[2,-20],[-30,-1],[0,-4],[-13,-16],[3,-2],[-2,-13],[2,-9],[0,-32],[-4,-11],[-8,-10],[-1,-9],[-9,-4],[-12,-10],[-4,-5]],[[7980,7609],[-11,0],[1,5],[-16,4]],[[7697,7070],[-19,7],[-22,4],[-11,0],[-18,9],[-4,5],[-15,5],[-13,-9],[-6,-2],[-15,2],[-8,8],[-8,2],[-2,7],[4,7],[-10,12],[1,14],[6,5],[0,14],[1,10],[-18,16],[-4,7],[-15,-1],[-3,4],[-15,7]],[[7696,7199],[17,-3],[11,2],[5,-4],[12,0],[1,-18],[6,-3],[-7,-14],[-9,-15],[7,-9],[6,-14],[9,-5]],[[7980,7609],[14,-9],[28,-9],[14,-7],[8,-3],[6,6],[9,-10],[12,4],[4,-6],[12,2],[2,6],[11,-7],[6,9],[7,7],[14,1],[3,-5],[9,-2],[2,5],[10,-8],[-3,-9],[4,-2],[9,3],[3,-15],[9,0],[14,12],[5,-7],[-10,-2],[-1,-7],[16,-1],[14,5],[8,-4],[11,5],[13,13],[0,8],[9,7],[3,-5],[9,-1],[4,-6],[7,2],[4,14],[5,1]],[[7997,7439],[-8,5],[-16,-3],[-13,10],[-2,10],[-8,5],[-15,3]],[[8658,8054],[-11,-14],[1,-13],[-5,-6],[-14,-5],[-11,-26],[-8,-8],[-3,-11],[-9,-6],[0,-11]],[[8479,7902],[-7,-1],[-9,13],[4,12],[-1,7],[-10,15],[-17,1],[-11,-11],[-36,-3],[-14,5]],[[8378,7940],[5,5],[5,18],[-4,6],[-1,13],[-6,1],[-14,-7],[-9,2],[-6,8],[-3,16],[-14,-6],[-4,7],[-14,9],[-30,-13],[-9,-7],[-4,24],[-13,12],[-11,-1],[-7,4],[-8,-1],[-14,3]],[[8217,8033],[-5,5],[-3,17],[4,10],[29,14],[13,0],[7,3],[10,-5],[11,-2],[7,-4],[18,-4],[5,1],[14,11],[4,12],[10,12],[2,6],[7,14],[12,16],[11,10],[10,6],[-5,13],[-9,4],[-9,-3],[-23,6],[-11,2],[-11,6],[-14,-3],[-2,3],[-14,-1],[-6,-4],[-7,2],[-2,12],[-5,5],[-3,10],[-16,15],[-12,9],[-11,-1]],[[8223,8230],[5,9],[12,9],[2,11]],[[7400,6688],[32,17],[14,4],[11,10],[7,11],[0,6],[15,13],[11,25],[8,5],[16,14],[3,11],[19,-2],[8,11],[16,0],[3,-5],[10,-3],[16,8],[14,-7],[11,-1],[5,-13],[3,-14],[5,-6]],[[8062,7252],[-11,1],[-15,15],[-10,6],[-1,6],[-10,6],[-11,-1],[-13,11],[-16,-2],[-12,1],[-5,-3],[-15,-2],[-9,4],[-5,10],[-14,9],[-16,-6],[-24,12],[-15,-4],[-6,-6],[-7,-11],[-18,-2],[-8,7]],[[7280,6711],[-4,3],[-4,12],[2,4],[0,13],[14,4],[12,9],[5,10],[15,2],[10,4],[14,-2],[22,11],[18,25],[-4,13],[4,9],[9,7],[11,5],[9,15],[6,3],[2,9],[10,5],[-2,5],[6,8],[3,16],[-2,7],[7,5]],[[7527,7065],[5,1],[15,-12],[45,-8],[6,-8],[10,0],[7,-3],[11,-1],[9,-11],[16,7],[12,1],[1,11],[7,1]],[[7722,7018],[1,-8],[-4,-14],[2,-7],[-6,-10],[0,-10],[-6,-8],[9,-21],[11,-1],[4,-9],[-4,-9],[14,-16],[12,-1]],[[8217,8033],[-8,-3],[-8,-8],[-2,-8],[-10,-10],[-22,-4],[-8,3],[-19,5],[-14,5],[-10,11],[2,14],[-6,10],[-20,7],[-6,9],[0,7],[-7,8],[-8,4],[-1,8],[-8,1],[-13,15],[-4,2],[-12,-9],[-8,6],[-8,2]],[[8017,8108],[6,2],[-6,7],[2,8],[8,15],[13,3],[8,8],[21,0],[10,9],[14,3],[12,7],[4,6],[9,20],[10,-4],[33,-3],[17,10],[16,-2],[12,9],[-1,8],[9,3],[9,13]],[[7770,6906],[11,15],[7,2],[5,9],[9,6],[-2,9],[12,8],[22,12],[7,0],[7,8],[0,7],[5,5],[4,11],[8,2],[3,4],[9,1],[8,11],[10,2],[12,10],[16,-3],[-6,15],[8,16],[20,10]],[[7894,7121],[-5,-3]],[[8263,7692],[21,-69]],[[8690,8362],[12,-3],[4,-5],[10,3],[16,-4],[6,5],[-3,24],[4,12],[14,14],[2,-9],[10,-5],[8,0],[22,-6],[11,-13],[7,-12],[8,-5],[8,-1]],[[9176,8156],[3,-7],[-9,-15],[-3,-8],[-17,-13],[-4,-7],[-9,-5]],[[7665,8136],[51,48],[5,-1],[7,-11],[-2,-7],[3,-11],[8,-10],[13,-3],[2,-7],[9,-4],[4,-18],[7,-3],[9,6],[8,-1],[13,1],[1,-10],[10,1],[15,-6],[2,-10],[11,-7],[6,5],[14,-1],[2,-9],[6,-2],[11,-9],[8,-2],[4,-5],[19,-3],[20,4],[14,10],[9,2],[15,1],[8,9],[14,6],[8,15],[18,4]],[[8378,7940],[-4,-9],[-10,-5],[-4,-5],[-14,-6],[-17,-14],[-12,-17],[-12,-27],[-10,-8],[1,-6],[-14,-1],[-5,2],[-19,1]],[[8816,8633],[0,10],[-3,13],[1,11],[12,7],[10,0],[11,8],[-4,3],[4,12],[8,1],[16,-6],[14,3],[75,-2],[26,0],[16,-4]],[[9002,8689],[-11,-12],[1,-11],[9,-4],[9,-8],[0,-7],[-6,-5],[-14,-1],[-19,-8],[3,-12],[-7,-3],[7,-5],[-7,-10],[6,-11],[-2,-8],[3,-4],[-7,-11],[2,-10],[-7,-2],[-9,-11],[5,-9],[14,-3],[17,-1],[11,-4],[19,2],[14,-3],[4,-6]],[[12207,17768],[8,-4],[6,-9],[0,-7],[7,-11],[3,-15],[-2,-4],[15,-19],[5,-19],[5,-10],[-4,-11],[3,-11]],[[12253,17648],[-6,-4],[7,-6],[5,-11],[-7,-15],[8,-16],[-4,-4],[9,-11],[-1,-13],[4,-9],[-3,-8],[-6,-5],[-13,-3],[-1,-6],[6,-10],[-8,-7],[-30,8],[-6,-6],[2,-9],[-1,-14],[7,-9],[-5,-5],[0,-13],[-4,-4]],[[12206,17468],[-15,5],[-11,-7],[-6,0],[-17,5],[-8,0],[-33,-7],[-22,-14],[-26,0],[-12,-4],[-22,-9],[-8,1],[-8,-3],[-7,-8],[-13,-6],[-7,-8],[-17,-8],[-31,-9],[-9,-5],[-7,1]],[[11927,17392],[-15,-1],[-3,-22],[-20,-8],[-13,-13],[2,-5],[-26,-23]],[[11852,17320],[-3,-2]],[[11849,17318],[-12,-1],[-9,-9],[-2,-6],[-9,0],[-4,7],[-15,7],[-8,-4],[-24,0],[-13,4],[-8,-6],[-10,-1],[-21,-18],[-5,-1]],[[11709,17290],[-11,7],[-28,-8],[-3,-4],[-12,-5],[-10,-9],[-12,0],[-5,-2],[-4,-15],[2,-5],[-16,3],[-1,2],[-30,12],[-4,-6],[-15,-11],[-16,-5],[-12,-13],[-9,-5],[-26,-3],[-22,-6],[-10,-11],[-7,6],[-22,-6],[-33,0],[-19,-4],[-21,11],[-20,-3],[-9,-13],[-15,2],[-23,-7],[-10,-8],[-16,-4],[-13,9],[-17,-1],[-15,-4],[-9,3]],[[11216,17187],[-2,6],[5,8],[6,1],[20,15],[-1,14],[6,13],[19,7],[20,0],[7,4],[-1,5],[10,11],[-3,6],[10,9],[-2,9],[-16,18],[6,7],[0,9],[20,10],[3,9],[24,10],[12,2],[18,7],[6,8],[12,3],[2,7],[19,7],[14,15],[6,13],[6,2],[8,12],[-3,11],[5,14],[21,3],[16,4],[7,10],[17,18],[-3,12],[9,14],[-1,14],[-4,6],[10,10],[4,13],[6,4],[-12,11],[-10,7],[-14,14],[-5,-1],[-16,18],[-8,14],[-15,3],[-7,7],[1,10],[-5,6]],[[11443,17656],[16,8],[12,9],[6,9],[3,15],[5,3],[26,13],[10,7],[12,11],[1,6],[8,7],[34,8],[19,7],[14,7],[16,13],[30,26],[14,15],[22,17],[11,6],[43,21],[11,2],[25,7],[24,15],[11,4],[41,19],[24,7]],[[11881,17918],[2,-5],[8,-2],[5,-8],[-6,-5],[5,-6],[3,-11],[17,-3],[-1,-9],[19,-4],[17,1],[10,-4],[6,1],[10,-4],[7,3],[14,-9],[18,4],[7,-2],[-4,-8],[5,-12],[10,-1],[5,5],[9,0],[3,-7],[10,-5],[19,0],[11,5],[6,-3],[17,-2],[10,-9],[2,-7],[17,-10],[-5,-10],[7,-2],[8,-7],[5,2],[22,-7],[10,-1],[7,2],[11,-10]],[[12253,17648],[9,-6],[8,0],[14,16],[4,11],[14,-6],[8,25],[-11,-1],[19,16],[-1,9],[-14,-1],[-11,3],[0,7],[15,14],[15,-4],[10,1],[20,-2],[8,8],[16,1],[-2,-9],[6,-9],[0,-10],[10,-8],[0,-9],[7,-15],[11,-4],[14,-10],[3,-11],[-4,-7],[10,-12],[26,-9],[13,-2],[11,-15],[7,-5],[4,-13],[7,-10],[-2,-4],[4,-15],[-1,-6],[9,-7],[5,-1],[5,-24],[6,-5],[0,-11],[3,-13],[-3,-10],[9,-5],[1,-7],[-5,-4],[-31,-5],[-9,1],[1,-11],[-11,-2],[-29,3],[-11,2],[-17,-2],[-7,-9],[-4,6],[-21,14],[-9,1],[-14,-4],[5,-8],[7,-3],[7,-9],[5,1],[14,-8],[13,-2],[13,3],[11,-11],[7,0],[11,-13]],[[12461,17413],[-8,-3],[-18,-12],[-9,-4],[-6,-10],[-10,-4],[1,-6]],[[12411,17374],[-3,1],[-6,10],[-10,6],[-17,0],[-9,2],[-9,-2],[-9,2],[-8,10],[-15,5],[-11,-5],[-11,0],[-7,7],[-14,0],[-8,7],[0,6],[14,19],[-8,2],[-8,-4],[-5,-7],[-20,-3],[2,-8],[-17,-7]],[[12232,17415],[-11,6]],[[12221,17421],[-5,3],[3,14],[-25,15],[-1,5],[9,9],[4,1]],[[11927,17392],[4,-14],[4,-5],[13,-5],[4,-4],[13,-6],[10,0],[16,-7],[6,2],[18,-11],[8,-1],[14,-13],[28,-11],[6,-4],[20,4],[11,-9],[3,6],[15,7],[10,1],[-2,9],[11,9],[1,9],[9,2],[6,8],[-9,8],[14,6],[29,24],[4,2],[26,22],[2,0]],[[12232,17415],[8,-4],[11,8],[-1,7],[9,3],[8,-1],[3,-11],[9,-9],[13,-1],[10,-7],[14,0],[8,4],[13,-6],[8,-6],[10,-4],[10,2],[10,-3],[14,1],[11,-5],[6,-11],[10,0]],[[12416,17372],[10,-20],[5,-3],[-11,-8],[-12,-12],[-12,-8],[-2,-13],[-12,-4],[-2,-6],[-9,-3],[1,-5],[8,-5],[-5,-8],[-5,1],[-11,-10],[-4,-8],[1,-7],[-18,-25],[-4,-13],[-10,-9],[-3,-6],[-12,-7],[-4,-7],[-7,-5],[-18,-7],[-16,-11],[-2,-7],[-7,-7],[-9,4],[-15,-2],[-10,0],[-12,-4],[-4,-4],[0,-13],[-11,-16],[-7,-15],[2,-8],[-10,-10],[-10,-4]],[[12169,17077],[-15,12],[-1,4],[-16,14],[-19,12],[-5,1],[-4,9],[-8,-2],[-8,7],[-14,-2],[-16,9],[-21,4],[-16,-3],[-17,16],[-2,7],[3,7],[-17,22],[-9,2],[-12,8],[-19,3],[-6,21],[-7,6],[-3,11],[-6,4],[-1,8],[-18,15],[-16,5],[-5,8],[-20,15],[-10,10],[0,6],[-9,4]],[[10930,17096],[-17,27],[-5,25],[-13,7],[-12,14],[-4,11],[2,6],[-7,16],[5,10],[-1,9],[-9,11],[3,8],[-9,11],[-18,9],[-4,10],[9,18],[13,12],[1,3],[-7,11],[12,9],[10,5],[0,5],[-6,10],[-11,7],[11,19],[-8,4],[-2,7],[4,5],[-4,7],[13,7],[2,6],[-7,9],[1,5],[-13,7],[-2,12],[11,0],[0,7],[8,-1],[10,4],[4,-5],[14,10],[-2,10],[6,2],[4,9],[12,4],[8,8],[7,-2],[6,15],[6,1],[-1,15],[4,5],[-2,7],[9,6],[5,12],[5,1],[0,18],[4,8],[-13,5]],[[10962,17577],[42,-8],[16,-2],[7,3],[15,0],[12,5],[23,2],[10,3],[50,-6],[13,0],[14,2],[9,4],[28,-1],[46,0],[20,2],[13,7],[31,4],[18,4],[35,11],[12,5],[3,5],[16,9],[1,5],[43,21],[4,4]],[[11216,17187],[-8,-6],[-12,-6],[-9,-11],[-11,0],[-14,-11],[-2,-5],[-13,-7],[-7,0],[-15,-5],[-9,0],[-9,-6]],[[11849,17318],[-2,-14],[-7,-14],[0,-9],[-2,-9],[10,-23],[-8,-23],[10,-9],[3,7],[10,-9],[3,-14],[7,-1],[8,-8],[16,-10],[2,-11],[-6,-22],[0,-9],[5,-15],[-2,-5],[10,-1],[0,-18],[-12,-8],[-16,-3],[-6,-11],[5,-10],[11,-11],[6,-10],[-24,-4]],[[11870,17044],[-7,10],[-25,21],[-14,1],[-14,7],[-2,13],[2,6],[-9,9],[2,6],[-2,8],[4,9],[6,1],[2,7],[-7,9],[-14,9],[-8,2],[-21,0],[-22,-7],[-10,-6],[2,18],[5,5],[-25,8],[0,15],[-4,5],[2,7],[14,11],[11,11],[-10,14],[5,5],[-7,14],[-8,2],[-7,9],[4,11],[-4,6]],[[12028,16842],[-11,-9],[-1,-12],[-3,-6],[-10,-6],[-27,-15],[-4,-6],[-2,-15],[-17,-15],[-7,1]],[[11946,16759],[-3,4],[-16,5],[-1,10],[-24,9],[-12,11],[-9,14],[-6,-1],[-10,11],[-18,11],[-12,1],[-19,6],[-21,11],[-3,8],[1,9],[-10,7],[-5,7],[-27,13],[1,12],[-10,0],[-8,-3],[-18,1]],[[11716,16905],[0,3],[23,29],[8,4],[1,5],[9,1],[6,9],[6,4],[18,0],[11,-6],[6,1],[24,-14],[18,-3],[17,-5],[8,-4],[23,-2],[17,2],[8,-12],[6,2],[22,0],[18,-2],[9,3],[10,-18],[8,-12],[9,-7],[3,-8],[14,-17],[4,-10],[6,-6]],[[12169,17077],[2,-7],[-2,-10],[-8,-11],[5,-12],[-6,-15],[4,-8],[-12,-8],[-22,2],[-8,-8],[-4,-20],[-7,-16],[5,-14],[-4,-5],[-14,-7],[-8,-24],[-6,-6],[-1,-12],[3,-6],[-14,-3]],[[12072,16887],[-6,6],[-9,23],[-8,7],[3,3],[-6,10],[-32,17],[-19,-1],[-10,-8],[-12,3],[-4,9],[-5,30],[-4,34],[-9,9],[-5,-12],[-44,4],[-20,7],[-12,16]],[[12411,17374],[5,-2]],[[11516,16702],[11,-4],[12,8],[6,0],[8,6],[22,-4],[10,1],[33,45],[11,-2],[8,-5],[0,-13],[61,0],[-1,-113],[62,0],[0,10],[24,0],[0,10],[37,0],[0,10],[25,0],[0,10],[41,0]],[[11886,16661],[-6,-2],[-1,-6],[-11,-11]],[[12207,17768],[10,0],[15,-5],[8,5],[7,1],[10,16],[0,7],[8,11],[92,-18],[6,2],[2,10],[54,0],[6,14],[9,1],[38,14],[70,25],[23,27],[34,0],[22,1],[104,0],[1,1]],[[12726,17880],[24,1],[13,-1],[5,-4],[18,3],[16,-1],[33,5],[22,1],[6,5],[12,2],[12,-8],[23,3],[46,63],[69,94],[7,6],[13,15],[6,4],[21,2],[14,-5],[8,-15],[11,-4],[5,-5],[-6,-14],[4,-7],[-4,-9],[3,-5],[-2,-8]],[[13105,17998],[-62,-97],[-13,-19],[-84,-129],[-62,-94],[-69,-107],[-68,-105],[-5,-7],[-30,-1],[-20,5],[-12,2],[-26,-1],[-11,3],[-7,-2],[-7,4],[-21,4],[-11,-6],[-3,-5],[-19,-6],[-18,-3],[-27,-9],[-21,0],[-20,-12],[-6,9],[-9,2],[-13,-11]],[[11881,17918],[15,7],[13,21],[13,13],[19,14],[8,9],[6,11],[12,10],[30,13],[8,7],[14,8],[14,16],[17,8],[13,3],[36,13],[7,5],[21,3],[17,1],[17,3],[3,3],[25,10],[23,0],[26,4],[8,3],[13,12],[18,13],[16,2],[19,-5],[16,4],[15,9],[20,17],[23,8],[23,-1],[16,3],[37,-1],[20,4],[5,5],[37,8],[37,24],[5,5],[34,11]],[[12600,18221],[7,-15],[7,-4],[0,-6],[4,-11],[8,-7],[0,-8],[7,-12],[-7,-9],[-14,-5],[3,-11],[-3,-11],[-8,-8],[1,-8],[-4,-5],[-8,3],[-3,-9],[-7,-8],[-4,-13],[3,-7],[1,-10],[7,-4],[-2,-11],[-11,0],[-3,-12],[-7,-5],[2,-23],[9,-13],[13,-8],[14,-1],[15,-5],[15,-10],[4,-8],[9,-10],[0,-36],[13,0],[19,-3],[12,-6],[27,-21],[7,-1]],[[12072,16887],[0,-13],[-4,-9],[-18,-11],[-4,0],[-18,-12]],[[11716,16905],[-30,-7],[-5,-9],[-8,-1],[-8,-6],[-11,-2],[-7,-3],[-9,-9],[-10,-1],[-4,-7]],[[12600,18221],[15,4],[8,9],[16,4],[5,5],[19,7],[20,6],[16,12],[17,11],[30,15],[-4,-10],[8,-5],[9,8],[10,2],[6,8],[-6,3],[-6,-5],[-9,4],[4,5],[18,14],[5,10],[8,10],[9,18],[3,14],[9,21],[19,21],[9,27],[6,10],[14,18],[17,37],[9,13],[7,18],[-4,18],[1,21],[-4,11],[3,11],[-2,19],[-3,5],[-4,23],[-5,6],[-15,2],[-15,-2],[-8,3],[5,11],[16,4],[1,5],[12,8],[15,2],[1,6],[19,0],[22,-6],[51,-1],[15,4],[14,1],[30,6],[14,-1],[13,1],[34,9],[19,7],[9,0],[10,-9],[-6,-11],[-4,-13],[-7,-9],[-15,-4],[-10,-7],[1,-13],[-11,-2],[1,-12],[10,-3],[12,-13],[-10,-21],[1,-6],[9,2],[19,16],[4,-6],[-3,-9],[13,2],[9,-1],[14,5],[9,-6],[4,9],[12,11],[-5,8],[1,6],[9,1],[7,7],[12,2],[5,6],[18,-4],[6,3],[10,-5],[11,8],[-4,5],[7,5],[1,6],[-15,18],[-8,6],[5,13],[5,5],[-9,5],[-18,0],[-2,12],[5,10],[-4,4],[-12,3],[-29,-5],[-17,0],[-8,3],[-6,-4],[0,-7],[-8,-1],[-1,12],[13,5],[18,19],[37,19],[5,8],[9,5],[20,16],[20,19],[11,0],[10,-6],[11,7],[13,5],[6,11],[13,1],[8,-7],[-10,-8],[-16,-6],[-9,-9],[-8,-1],[-1,-7],[5,-12],[7,-10],[12,-10],[22,-6],[8,3],[0,12],[8,11],[10,3],[16,-2],[13,0],[15,7],[13,12],[8,15],[0,13],[-6,7],[-19,4],[12,8],[17,7],[6,7],[3,12],[13,2],[3,-10],[5,-10],[-18,-8],[2,-12],[23,-4],[6,4],[14,-13],[7,7],[-4,7],[-14,5],[18,10],[17,-2],[15,9],[7,1],[12,10],[12,-5],[17,6],[-2,6],[-8,3],[-4,-3],[-26,-2],[-2,-6],[-9,0],[-8,-4],[-4,7],[7,4],[16,14],[7,10],[-16,-2],[-4,-5],[-9,1],[-13,-6],[-23,-5],[-3,3],[12,8],[14,11],[-4,6],[-7,-7],[-10,-1],[-8,-7],[-3,-9],[-6,-5],[-31,-10],[-1,7],[9,15],[12,11],[40,11],[7,7],[11,2],[8,5],[9,0],[26,-7],[17,-10],[10,-5],[8,1],[10,-5],[11,3],[17,-1],[18,-3],[5,8],[22,-9],[6,5],[13,1],[16,-6],[9,1],[18,-8],[44,-12],[13,-11],[15,-4],[6,-12],[12,-11],[14,-5],[6,7],[15,-5],[20,2],[6,-4],[13,-3],[7,1],[37,-12],[4,1],[20,-15],[15,-7],[14,-1],[9,7],[10,-1],[26,-12],[19,-11],[13,-9],[1,-5],[17,-6],[15,-15],[8,-2],[8,-11],[-4,-4],[2,-11],[-1,-6],[7,-14],[23,-30],[14,-24],[22,-30],[3,-1],[14,-26],[11,-16],[7,-8],[19,-26],[14,-15],[13,-23],[-2,-19],[5,-20],[-4,-18],[-7,-12],[-20,-24],[-12,-5],[-11,0],[-15,-7],[-3,-5],[-11,2],[-6,-10],[-17,0],[-31,-18],[-8,-2],[-14,-13],[-5,1],[-22,-18],[-20,-17],[-2,-9],[-19,-9],[-9,4],[0,6],[-7,4],[-9,0],[-4,5],[-13,7],[0,-9],[-3,-4],[-16,4],[1,-9],[-5,-11],[5,-2],[15,1],[3,5],[9,2],[8,9],[7,1],[7,-4],[-8,-5],[-7,-12],[-2,-14],[-8,-4],[-10,-12],[-1,-7],[-8,-12],[-2,-22],[-4,2],[-7,13],[-12,-1],[-7,-6],[2,-7],[-12,0],[-15,-8],[-16,1],[-15,-4],[0,-11],[4,-5],[9,-2],[-105,-29],[-35,-8],[-49,-10],[-123,-27],[-49,-16],[-90,-25],[-118,-34],[-53,-7],[-79,-16],[-41,-8],[-54,-8],[-11,-17]],[[11601,16774],[7,3],[11,-4],[11,2],[8,6],[25,6],[24,-1],[15,-1],[6,1],[11,11],[6,-11],[0,-7],[21,-6],[19,-8],[9,-7],[9,0],[8,-4],[5,-9],[28,-10],[16,-4],[11,1],[0,-9],[14,-5],[15,1],[28,12],[14,-4],[11,0],[12,-4]],[[11945,16723],[1,-10],[-6,-6],[3,-8],[-12,-6],[-9,-16],[-9,-7],[-27,-9]],[[11946,16759],[5,-10],[6,-14],[-6,-10],[-6,-2]],[[10930,17096],[-13,-4],[-15,0],[-23,-7],[-9,1],[-10,-4],[-13,2],[-3,3],[-25,12],[-12,-4],[-7,4],[-16,2],[-6,16],[-4,5],[-9,4],[-27,4],[-9,13],[-8,2],[-15,-4]],[[10706,17141],[-8,6],[-28,-14],[-18,-7],[-13,1],[-4,3],[-10,-3],[-9,2],[-14,0],[-4,4],[-13,-5],[-9,5],[-1,7],[-11,11],[-9,-1],[-4,10],[3,17],[9,4],[7,6],[-2,9],[5,5],[-4,6],[2,5],[0,13],[4,4],[1,9],[-7,7],[-2,6],[6,12],[-9,8],[-31,-1],[-7,6],[-12,-1],[-4,16],[-10,1],[-23,-4],[-29,6],[-9,-1],[-8,6],[-20,3],[-13,14],[-10,7],[-20,-2],[-2,-7],[-8,4],[-22,5],[-8,7],[3,7],[1,13],[-5,6],[-17,-5],[-7,1],[-16,-5],[-10,6],[-5,14],[-7,2],[-17,0],[-5,4],[0,11],[-8,8],[4,5],[-14,5],[-12,-3],[-13,-6],[-8,4],[-22,-2],[-5,-2],[-12,1],[-19,-7],[-4,-4],[-15,-6],[-6,1],[-6,-11]],[[10103,17367],[-10,27],[-10,11],[-6,10],[9,26],[0,10],[-5,20],[-12,17],[11,12],[5,12],[-7,7],[-6,14],[7,7],[10,3],[9,9],[5,11],[-4,9],[10,0],[13,4],[12,7],[-8,7],[-11,0],[-1,3],[10,7],[11,13],[-4,14],[11,-6],[12,8],[12,0],[-1,-12],[10,4],[11,-3],[7,3],[-4,8],[-5,2],[-4,19],[8,2],[7,10],[10,-3],[-5,-8],[10,1],[0,-12],[9,3],[3,10],[-1,8],[13,-4],[1,-7],[16,-1],[-9,25],[6,2],[2,-8],[7,-1],[3,-6],[-3,-13],[4,-3],[10,0],[6,-5],[10,2],[0,12],[-4,5],[8,11],[12,-1],[11,-15],[10,4],[-6,7],[6,10],[12,1],[-1,-6],[7,-3],[14,8],[18,-4],[4,-5],[8,4],[14,-1],[7,-4],[11,2],[6,-6],[11,-3],[16,-10],[5,-6],[19,-6],[5,1],[11,-6],[8,0],[16,-7],[13,-2],[9,-3],[24,-17],[11,-3],[11,-6],[11,-1],[26,-8],[52,-11],[19,1],[7,5],[16,3],[33,-7],[26,-5],[9,1],[12,7],[31,-7],[22,-3],[16,4],[31,3],[17,0],[11,3],[17,2],[23,-3]],[[10292,16206],[-14,9],[-1,6],[-8,10],[0,10],[-9,-2],[-6,5],[-1,23],[-6,5],[-11,23],[5,14],[-6,24],[3,4],[-15,13],[-2,13],[-1,18],[-8,3],[-20,-7],[-16,-9],[-10,2],[-12,-1],[-7,3],[-4,-6],[-14,-7],[-21,6],[-3,5],[6,18],[5,3],[-2,9],[5,4],[0,7],[8,6],[1,9],[6,7],[-1,10],[5,7],[-3,19],[0,12],[4,2],[1,11],[7,15],[15,7],[4,19],[6,3],[7,13]],[[10179,16551],[9,12],[2,4],[12,2],[4,5],[17,-1],[10,6],[10,14],[12,-9],[11,-16],[14,-10],[34,-43],[2,5],[14,11],[0,8],[16,-7],[10,-9],[-3,-3],[10,-9],[1,-4],[21,-33],[0,-11],[13,-5],[13,0],[9,4]],[[10906,16879],[-21,-2],[-9,-5],[-19,1],[-6,-8],[9,-14],[-2,-6],[-14,-10],[-14,-2],[-11,-14],[-18,-6],[-10,-8],[-16,-4],[0,-11],[-27,6],[-2,-6],[-9,0],[0,-6],[-14,2],[-8,-6],[-4,-9],[-6,-2],[-19,-1],[-5,-7],[-12,-5],[-12,-13],[-6,6],[-9,-8],[-10,2],[-7,-8],[-12,-3],[-7,-8],[-20,6],[-6,0],[-7,-13],[-4,7],[-26,3],[-9,-3],[-8,7],[-9,1],[-7,-4],[-3,-12],[-7,-3],[-3,-8],[-17,-4],[-3,-4],[-17,1],[-7,7],[-11,-5],[-5,2],[-4,-15],[-8,-3],[-5,-14],[-1,-9],[-10,-8],[-9,-1],[-15,-6],[-21,-6],[-15,-9],[-13,2],[-6,-2],[-9,8],[-21,3],[0,5],[-15,-4],[-4,10],[-5,4],[-5,12],[2,9],[-12,3],[-17,3],[-8,7],[-19,6],[-2,15],[-7,2],[1,9],[-10,-6],[-12,3],[-7,10],[-24,1],[-15,12],[-12,0],[-21,7],[-7,6]],[[10101,16756],[2,11],[7,6],[22,1],[6,2],[-8,22],[3,14],[-10,6],[-3,11],[-9,0],[-10,4],[-10,-1],[-33,37],[-8,7],[0,10],[2,5],[-7,11]],[[10045,16902],[15,-3],[16,0],[13,-5],[7,5]],[[10096,16899],[15,2],[3,-4],[22,-7],[3,-8],[7,-8],[8,2],[4,-6],[20,-3],[9,3]],[[10187,16870],[5,-3],[12,2],[-1,-9],[28,4],[1,-14],[14,-6],[6,-7],[7,9],[13,4],[0,24],[1,10],[10,2],[13,8],[9,-3],[9,6],[12,4],[3,8],[7,7],[14,1],[43,24],[17,14],[8,-4],[4,5],[9,-2],[16,6],[6,13],[13,3],[8,7],[11,6],[17,2],[26,10],[11,9],[6,8],[12,5],[7,0],[7,6],[-3,5],[15,13],[8,3],[29,13],[6,13],[9,11],[1,14],[12,14],[19,9],[19,1],[14,9],[6,7]],[[10606,15848],[-7,3],[-13,-1],[-7,-13],[-24,-1],[-7,4],[-14,0],[-2,3],[-11,2],[-5,9],[-8,-2],[-9,3],[-9,-3],[-14,0],[-21,4],[-9,6],[-11,3],[-6,-6],[-20,0],[-12,-6],[-6,3],[-17,-5],[-13,2],[-29,-15],[-2,-4],[-21,-9],[-6,-5],[-12,-3],[-14,1],[-6,-6],[-7,-2],[0,-10],[-13,-16],[-10,-7],[-7,-2],[-11,-7],[-14,-3],[-8,-7],[-17,-6],[-9,-10],[1,-15],[-10,-9],[-11,1],[-3,-4]],[[10152,15715],[2,12],[0,22],[12,21],[-4,11],[-11,3],[-8,12],[-8,4],[-6,11],[2,19],[-6,9],[-22,14],[-20,8],[-4,14],[-9,4],[-18,0],[-5,4],[-15,5],[-5,11],[1,13],[-11,16],[7,13],[10,13],[1,11],[-7,17],[-4,3],[6,26]],[[10030,16011],[6,16],[4,6],[-1,6],[7,4],[-6,15],[2,7],[-2,9],[8,11],[3,18],[7,12],[24,13],[16,2],[23,7],[5,-4],[15,5],[2,-12],[23,0],[8,-7],[11,-3],[-4,-8],[9,-1],[4,-8],[16,-14],[13,8],[-11,9],[7,7],[31,0],[8,12],[0,6],[9,4],[20,1],[10,2],[10,-10],[8,7],[3,8],[27,6]],[[9231,16563],[9,-2],[8,2],[15,-8],[15,1],[9,-5],[9,0],[20,-11],[9,-10],[18,-5],[13,-11],[4,4],[9,0],[15,-8],[4,-9],[7,-8],[8,-3],[8,-9],[9,-6],[4,-8],[11,-5],[14,-4]],[[9449,16458],[-6,-8],[0,-8],[-14,-13]],[[9429,16429],[-21,-5],[0,9],[-19,2],[0,6],[-6,5],[-16,-6],[-11,-1],[-8,3],[-33,18],[-15,-1],[0,6],[-19,0],[-12,-3],[-12,-7],[-8,-12],[-6,-15],[-15,-12],[-9,-4],[3,-5],[-6,-8],[-2,-9]],[[9214,16390],[-9,1],[-7,4],[-8,15],[-29,8]],[[9646,16088],[-10,8],[-25,23],[-11,3],[-9,7],[-19,6],[-5,-1],[-8,8],[-7,-1],[-20,5],[-6,4],[-10,0],[-13,11]],[[9503,16161],[-10,6],[-5,12],[5,10],[-3,7],[2,9],[11,-12],[10,-4],[9,1],[7,17],[-6,8],[-1,7],[16,4],[7,3],[11,10],[2,6],[-5,16],[3,5],[-13,18],[0,17],[-3,9],[25,2],[-1,5],[7,12],[-4,5],[13,2],[14,7],[-1,18],[7,4],[8,11],[-7,14],[1,5]],[[9602,16395],[17,-13],[23,3],[6,-4],[5,6],[9,-1],[17,4],[12,9],[7,1],[12,9],[15,2]],[[9725,16411],[16,-12],[1,-6],[14,-4],[2,-7],[8,-5]],[[9766,16377],[6,1],[9,-12],[18,-5],[-1,-5],[11,-8],[4,-6],[16,-14],[0,-3],[12,-6],[8,-2],[13,-14],[1,-9],[5,-3],[-7,-10],[-13,-19],[8,-20],[-3,-7],[-7,-9],[-3,-19],[-9,-10],[16,-11],[-15,-8],[-14,-12],[-18,-2],[-5,3]],[[9798,16167],[-28,9],[-33,9],[-27,-14],[-15,0],[-18,7],[-14,3],[-9,-5],[1,-7],[-4,-10],[-5,-6],[-3,-17],[3,-6],[12,-4],[1,-9],[-6,-2],[-1,-10],[-4,-5],[-2,-12]],[[10187,16870],[7,24],[14,14],[-1,6],[13,7],[7,0],[-11,19],[2,9],[8,17],[4,5],[14,0],[0,10],[12,1],[3,8],[6,2],[9,13],[0,7],[-12,25],[3,4],[-4,12],[2,7],[-9,9],[2,10],[-15,4],[6,12],[4,4],[-7,5],[7,10],[-10,4],[9,11],[-3,6],[-12,2],[-3,-4],[-18,-5],[-5,-7],[-13,17],[-3,24],[-4,6],[9,10],[-5,3],[-4,12],[-15,9],[4,8],[-5,4],[0,6],[-7,12],[-13,3],[-8,-4],[-14,5],[-9,-2],[-10,-5],[0,-4],[-15,-4],[-1,-14],[-10,-7],[-1,-11],[5,-9],[-2,-6],[-17,1],[0,-10],[23,-2],[-1,-25],[7,-3],[-3,-6],[-43,-1],[-4,3],[-23,5]],[[10027,17136],[-5,-2],[-7,10],[5,12],[-4,7],[6,8],[18,9],[-1,107],[-4,2]],[[10035,17289],[22,16],[5,4],[4,14],[16,14],[1,5],[15,14],[5,11]],[[9429,16429],[17,-4],[11,-14],[3,-9]],[[9460,16402],[-15,-4],[-2,-11],[-7,-10],[-10,-3],[-9,-14],[-7,3],[-11,-6],[-21,-5],[-7,1],[-4,7],[-8,1],[-22,15],[-6,14],[-14,8],[-10,-1],[-14,11],[-14,5],[-31,-11],[0,-4],[-12,-1],[-4,-4],[-9,0],[-9,-3]],[[10155,15112],[13,10],[35,21],[5,6],[22,14],[11,5],[15,13],[0,6],[7,7],[3,14],[-1,15],[4,13],[7,1],[-3,14],[1,7],[9,5],[7,-3],[6,4],[11,1],[7,15],[14,9],[3,15],[-3,6],[7,21],[8,15],[10,10],[10,4],[4,4],[13,5],[2,6],[8,6],[8,14],[3,10],[4,6]],[[9300,16659],[10,5],[23,4],[20,-1],[6,0],[14,-3],[9,2],[11,-3],[12,-6],[5,5],[34,-3],[15,11],[12,11]],[[9471,16681],[8,-4],[28,-18],[15,-11],[21,-12],[4,-16],[3,-5],[-3,-15],[4,-9],[-1,-4],[5,-14],[0,-22],[8,-5],[8,7],[7,2],[13,-4],[11,6],[17,3],[13,-8],[2,-7],[-2,-28],[22,-23],[-1,-8],[25,-23],[14,-6],[5,-9],[15,-7],[1,-9],[9,-13],[3,-8]],[[9602,16395],[-11,5],[-1,10],[-8,-4],[-5,5],[-16,3],[-20,-4],[-2,6],[-11,11],[-19,-3],[-14,-5],[-12,7],[-14,12],[-8,0],[-12,20]],[[10101,16756],[-6,-1],[-8,5],[-8,9],[-16,11]],[[10063,16780],[-3,4],[3,9],[-19,10],[-5,10],[-7,8],[-6,11],[-8,-2],[-13,8],[-4,11],[-7,0],[-19,7],[-4,-5],[-14,5],[-13,-3],[-13,4],[-7,-9],[-9,2],[-11,-1],[-16,3],[-20,11],[-7,9],[-24,15],[-10,3],[-1,10],[-8,6],[-17,9],[-10,0],[-3,-6]],[[9788,16909],[-3,14],[13,7],[7,10],[4,16],[6,4],[1,7]],[[9816,16967],[2,6],[10,4],[17,1],[19,5],[23,10],[1,14],[7,9],[6,1],[20,-8],[7,-6],[3,-16],[20,-20],[12,-16],[9,-8],[14,3],[15,0],[16,-9],[10,-13],[12,-3],[-2,-12],[8,-7]],[[10179,16551],[-16,12],[-14,19]],[[10149,16582],[-7,1],[-3,9],[3,9],[9,5],[-2,7],[-5,5],[3,8],[-2,5],[2,13],[-4,9],[-10,5],[-6,19],[3,8],[-3,8],[-19,5],[-8,7],[-4,20],[-3,8],[-7,6],[-12,20],[-7,2],[-6,10],[2,9]],[[9988,15244],[8,5],[24,8],[4,7],[9,1],[15,10],[12,12],[13,8],[3,10],[19,17],[0,10],[23,13],[-1,8],[-7,5],[-7,1],[0,15],[10,-2],[10,4],[4,6],[14,8],[12,4],[21,2],[6,7],[11,-2],[14,-12],[19,1],[1,7],[8,7],[25,12],[4,9],[10,5],[10,13],[5,15],[8,0],[10,12],[10,0],[5,-3],[18,-1],[13,-2],[11,-4],[15,1],[16,-11],[2,-5],[13,1],[7,5]],[[10152,15715],[-14,-10],[-12,-13],[0,-8],[-11,-2],[-16,-9],[-9,3],[-7,-5],[-16,0],[-10,-5],[-15,2],[-13,-13],[-5,2],[0,9],[-7,3],[-9,11],[-13,7],[-9,0],[-15,-5],[-14,-2],[-36,-22],[-15,2],[1,12],[-9,9],[-18,3],[-12,13],[-14,-5],[-15,-11],[-13,1],[-4,6],[-9,3],[-15,11],[-12,1]],[[9786,15703],[3,12],[-5,3],[-5,9],[42,17],[-3,16],[-10,13],[-11,5],[10,19],[8,11],[-11,16],[5,3],[10,0],[5,6],[-1,10],[7,6],[3,12],[5,9],[-2,6],[2,11],[-11,-3],[-17,13],[-5,8],[0,13],[3,9],[6,7],[-11,4],[-8,7],[-16,0],[-12,5],[-7,0],[-14,8],[9,11],[11,1],[6,8],[9,6],[1,6],[10,15],[33,15],[15,16],[-4,9],[-1,14],[3,4],[1,14],[14,16]],[[9853,16093],[13,-13],[9,-1],[3,-6],[16,-11],[0,-6],[13,-11],[7,15],[6,3],[2,11],[28,-5],[6,-7],[9,-1],[21,-17],[1,-10],[20,-17],[10,3],[13,-9]],[[9460,16402],[5,-2],[10,-10],[0,-6],[-13,-11],[-6,-2],[-7,-14],[-10,-1],[-9,-8],[-30,-5],[-10,-9],[-6,-27],[3,-20],[-4,-17],[-4,-5],[-15,-5],[-12,-2],[-8,-9],[-10,-8],[-13,-2],[-17,-15],[-7,-2],[-14,-8]],[[10204,15573],[-17,-4],[-24,-1],[-5,-7],[-11,-2],[-6,2]],[[10141,15561],[-14,-5],[-1,-5],[-9,-3],[-14,-11],[-14,-4],[-6,1],[-6,-11],[-16,-10],[0,-6],[-11,-4],[-18,-20],[-11,-6],[-18,-37],[-15,-9],[-10,-1],[-26,-10],[-15,-6],[-3,-8],[-23,-2],[-14,-4],[-6,-4],[-7,3],[-25,-2],[-8,-7],[-10,-5],[-9,4],[-11,-3],[-12,-1],[-19,-4],[-15,0],[-9,-2],[-13,-7],[-2,-13],[-4,-3]],[[9747,15356],[0,73],[4,1],[1,38],[23,1],[4,-8],[26,4],[8,-4],[6,3],[21,8],[10,7],[15,27],[39,1],[14,-8],[10,1],[15,-14],[17,5],[4,4],[15,7],[6,0],[13,7],[12,-2],[-3,18],[11,2],[1,15],[4,10],[6,8],[-3,5],[-1,19],[-7,6],[-2,10],[12,5],[7,6],[8,-6],[13,-4],[10,11],[10,6],[13,13],[15,9],[8,7],[7,1],[6,9],[19,-3],[14,-11],[2,10],[8,9],[7,4],[16,-4],[-2,6],[6,7],[6,-4],[15,-4],[1,3],[25,14],[-6,9],[0,7],[14,4],[9,9],[9,2],[7,15],[19,2],[11,4],[-2,18],[2,13],[5,3],[26,5],[11,4],[19,-6],[9,-7],[14,1],[-5,6],[10,7],[2,7],[9,-2],[7,5],[1,9],[-3,19],[0,12],[9,0],[0,-8],[20,7],[6,-1],[0,15],[20,0],[0,-15],[10,0],[-13,-14],[20,-3],[-3,-14],[6,-4],[4,-28],[19,-1],[13,9],[19,-4],[7,-8],[9,5],[-3,4],[20,5],[7,-2],[11,3],[13,-2],[13,1],[-1,10],[8,6],[7,-2],[4,-7],[10,-5]],[[9471,16681],[9,14],[21,19],[5,8],[0,15],[4,19],[-2,5],[-15,25]],[[9493,16786],[7,-1],[4,-6],[9,-2],[6,4],[15,2],[6,-2],[6,-9],[6,-1],[-1,-7],[4,-5],[48,1],[23,1],[12,-2],[17,-11],[25,19],[-10,5],[-2,5],[4,11],[25,-3],[5,-8],[13,5],[9,6],[8,-2],[10,4],[2,5],[15,8],[1,13],[6,4],[14,1],[3,7],[12,11],[2,10],[10,11],[-8,13],[4,9],[-5,11],[-6,1],[-4,15]],[[10149,16582],[-12,-4],[-6,-12],[-16,-7],[-5,-4],[-24,-15],[-1,-10],[-4,-16],[-13,-12],[-6,0],[-1,-7],[-8,-11],[-7,-6],[-7,6],[-11,5],[-23,2],[-4,-14],[11,-2],[12,-7],[6,-15],[-7,-3],[-10,5],[-15,0],[1,-12],[-18,7],[-5,0],[2,-21],[-28,0],[-15,7],[-4,8],[-11,-1],[-6,-4],[20,-16],[-6,-3],[-1,-7],[-8,-5],[5,-15],[-10,1],[-8,-5],[-16,0],[-4,2],[4,13],[-18,6],[-13,18],[-14,-5],[-8,8],[-7,15],[-20,1],[-2,-12],[-7,0],[-5,-6],[-11,2],[-5,-2],[8,-38],[-10,1],[-4,-11],[-8,-4]],[[9263,15932],[17,6],[11,2],[6,6],[13,-3],[13,10],[9,-1],[35,18],[3,6],[19,-6],[15,7],[2,6],[-1,13],[14,1],[26,10],[15,14],[10,-5],[21,-4],[14,0],[31,14],[19,-7],[13,11],[11,2],[8,-4],[13,-1],[4,-6],[9,-3],[10,4],[-4,11],[7,11],[0,9],[5,7],[11,7],[4,8],[0,13]],[[9798,16167],[0,-22],[2,-17],[-2,-8],[15,-8],[26,-8],[10,-6],[4,-5]],[[9786,15703],[-8,1],[-13,5],[-18,5],[-15,-8],[-15,-3],[-4,-10],[0,-10],[-4,-12],[-7,-3],[-12,-14]],[[9690,15654],[-20,12],[-5,8],[3,16],[5,8],[-16,8],[-6,7],[-7,2],[-3,14],[-5,2],[-1,9],[-10,7],[-22,9],[0,6],[-6,9],[-11,-2],[3,-5],[-9,-5],[-13,-3],[-4,-4],[-12,-3],[-10,-7],[-9,0],[-8,5],[-18,-1],[-9,-2],[-20,-12],[-9,-11],[15,-4],[4,-7],[11,-3],[8,-5],[1,-20],[-5,-14],[-11,-6],[-30,-8],[-11,-9],[-13,-2],[-6,-7],[-6,-2],[-17,4],[-13,-1],[-7,5],[-5,-8],[-17,-10],[-1,-4],[-8,-8],[-2,-12],[-7,-3],[-2,-9]],[[9816,16967],[-5,7],[-25,-3],[-10,3],[2,7],[-8,29],[2,12],[0,21],[-1,14],[-6,10],[-18,16],[-1,15],[-3,4],[2,18],[-1,7],[-4,133]],[[9740,17260],[14,-2],[38,-3],[34,-2],[31,1],[19,-1],[37,1],[49,6],[22,5],[18,10],[33,14]],[[10027,17136],[6,-5],[-8,-9],[5,-7],[-5,-4],[2,-13],[9,-6],[7,0],[-3,-23],[-8,-7],[0,-8],[14,-11],[9,-2],[5,-9],[-5,-12],[1,-7],[-1,-16],[2,-16],[8,-17],[11,-6],[-5,-17],[14,-12],[11,4],[0,-34]],[[9416,16973],[35,-3],[12,3],[6,-3],[7,1],[23,0],[13,4],[19,3],[6,-14],[10,7],[33,-3],[10,17],[4,2],[8,-5],[9,3],[22,4],[38,11],[51,1],[25,-7],[10,-1],[8,-6],[-6,-11],[-3,-13],[60,4]],[[9493,16786],[0,15],[-6,9],[5,12],[-18,2],[-9,-6],[-14,2],[-5,3],[-9,-3],[-12,0],[-3,6],[-6,3]],[[9830,15280],[10,3],[10,-14],[9,5],[8,7],[2,7],[15,10],[2,5],[18,12],[19,10],[17,14],[23,14],[34,24],[12,7],[40,17],[15,8],[2,15],[-3,7],[1,9],[12,11],[6,14],[6,6],[19,12],[10,20],[9,9],[8,14],[0,13],[8,14],[-1,8]],[[9676,15302],[16,10],[-9,8],[3,9],[6,3],[8,0],[5,14],[40,0],[2,10]],[[9510,15448],[6,8],[11,-1],[14,4],[4,-3],[17,17],[10,8],[0,13],[19,16],[0,9],[-4,13],[6,10],[17,12],[2,8],[5,6],[9,-1],[7,3],[10,-4],[7,15],[-11,9],[5,2],[19,-1],[20,25],[-3,29],[10,9]],[[9247,17401],[7,0],[13,-8],[7,1],[9,-5],[25,-9],[19,-3],[26,-7],[38,-15],[17,-5],[9,-4],[54,-19],[43,-14],[9,-1],[38,-13],[26,-7],[73,-18],[50,-9],[30,-5]],[[9330,16163],[4,1],[6,-10],[9,2],[6,8],[11,4],[9,-10],[19,-11],[14,10],[18,1],[14,7],[31,-7],[15,-2],[17,5]],[[10708,9657],[19,5],[18,-6],[7,3],[8,-4],[16,7],[11,-9],[2,6],[10,7],[12,-10],[15,2],[22,-4],[4,9],[7,2],[10,-3],[22,2]],[[10891,9664],[-3,-11],[6,-6],[7,-1],[5,-8],[7,-3],[4,-15],[-5,-9],[-9,-3],[-4,-16],[3,-10],[13,0],[5,-5],[12,-6],[11,-13],[15,3],[7,-9],[22,-1],[14,-12],[63,-19],[2,4],[15,1],[17,-2],[14,-8],[8,-8],[23,-3],[32,-8],[23,-9],[23,1],[9,6],[16,-1],[17,-7],[14,1],[8,4],[13,-2],[10,1],[15,8],[8,-2],[12,4],[8,-1],[10,-5],[7,2],[3,-9],[10,2],[4,-3]],[[11385,9486],[114,-102],[0,-119]],[[11499,9265],[-6,9],[-9,-7],[-16,14],[-12,-3],[-13,1],[-7,4],[-3,8],[-9,-3],[-6,2],[6,9],[-15,5],[-15,-7],[-20,-2],[-9,-8],[-10,0],[-11,-6],[-9,10],[-11,-4],[-5,4],[-19,-3],[-2,11],[-5,4],[-12,-1],[-6,3],[-14,-2],[-19,1],[-3,-3],[-18,3],[-11,5],[-11,2],[-9,6],[-16,4]],[[11174,9321],[-28,4],[-15,0],[-20,7],[-26,5],[-9,-3],[-7,3],[-22,1],[-71,15],[-17,5],[-18,1],[-5,-2],[-15,2],[-13,3],[-14,-3],[-9,2],[-14,0],[-18,7],[-18,3],[-17,-2],[-21,4],[-14,-1],[-18,4],[-10,-4],[-28,3],[-10,11],[-9,5],[-5,12],[0,7],[8,10],[-4,9],[3,21],[-4,10],[0,12],[26,9],[28,14],[13,16],[4,10],[4,3],[-4,24],[-16,14],[-10,7],[-14,-5]],[[11174,9321],[-1,-10],[-5,-6],[-11,-18],[-3,-3],[1,-12],[-11,-21],[-5,-19],[-4,-24],[6,-11],[-11,0],[-3,-6],[-8,-1],[0,-16]],[[11119,9174],[-14,-10],[-8,1],[-7,-3],[-12,-2],[-17,1],[-6,5],[-12,0],[-4,5],[-9,4],[-6,8],[-5,-2],[-11,2],[0,5],[-10,9],[-9,-4],[-5,4],[-7,-4],[-12,-1],[-9,4],[-12,-1],[2,-7],[-2,-6],[-21,5],[-8,-3],[-27,6],[-11,0],[-8,4],[-10,2],[-14,12],[-19,4],[-7,7],[-19,7],[-10,12],[-16,6],[-5,-1],[-13,6]],[[10756,9249],[-9,4],[-14,-1],[-7,5],[-32,4],[-17,-6],[-11,2],[-8,-2],[-11,5],[-8,12],[-10,3],[-11,10],[-15,3],[-7,-3],[-15,1],[-13,21],[-13,12],[-7,-1],[-20,3],[-4,6],[-16,5],[-12,-5],[-13,2],[-8,-4],[-11,-3],[-9,8],[-9,-1],[-11,10],[6,5],[3,23],[-8,5],[-9,10],[-9,3],[-26,23],[-7,0],[-12,8],[-7,9],[-14,1],[-6,-6],[0,-4]],[[11664,10174],[6,-10],[-6,-9],[-3,-19],[6,-12],[14,-17]],[[11681,10107],[4,-12],[13,-16],[14,-6],[0,-13],[7,-1],[10,-8],[9,-12],[7,0],[12,-6],[8,-2],[12,-13],[4,-22],[5,-10],[12,-8],[3,-4],[-3,-10],[7,-4],[11,-16],[1,-10],[7,-4],[13,-1],[11,-13],[18,-16],[0,-11],[7,-12],[26,-13],[6,-6],[3,-7],[16,2],[10,-5],[11,-18]],[[11945,9830],[-117,-1],[10,-9],[-2,-8],[-5,-5],[1,-6],[9,-5],[3,-8],[-2,-7],[8,-11],[6,-15],[-5,-7],[-10,0],[5,9],[-6,9],[-11,-6],[-7,18],[-11,2],[-6,5],[-17,2],[-4,4],[-13,1],[-8,7],[7,15],[-4,6],[-11,5],[-12,11],[-12,-1],[-13,7],[-8,0],[-7,6],[-17,5],[-6,8],[-5,-4],[-11,6],[-10,-1],[-11,6],[-10,-11],[-21,10],[2,7],[-3,4]],[[11945,9830],[5,-3],[10,2],[12,-4],[6,4],[7,-3],[2,-6],[-5,-4],[-8,0],[-2,-7],[14,-4],[7,-6],[1,-10],[6,-1],[12,3],[7,-7],[-6,-7],[-8,-3],[-2,-8],[15,-3],[10,-4],[12,-1],[7,-8],[1,-6],[-7,-4],[-6,3],[-5,-6],[8,-6],[11,4],[4,-3],[-8,-8],[-1,-7],[8,-3],[23,-3],[8,-5],[1,-16]],[[12084,9690],[-8,-4],[-2,-12],[-13,-30],[-5,-5],[-10,-4],[-11,2],[-9,11],[-16,9],[-10,-5],[4,-13],[1,-10],[-3,-6],[-11,-2],[-11,12],[-12,5],[-15,-2],[-1,-5],[4,-12],[-6,-5],[-10,9],[3,8],[-3,4],[-16,10],[-10,-5],[6,-12],[6,-1],[1,-7],[-7,-12],[-11,-4],[-6,2],[-1,10],[-12,0],[4,-15],[10,-25],[-1,-9],[-6,-4],[-9,6],[-20,-3],[-9,-3],[-11,-24],[-9,-6],[-4,-8],[-1,-11],[-10,6],[-9,-1],[-7,-8],[-8,-2],[-12,3],[-9,7],[-16,0],[-10,3],[-13,9],[-14,19],[-6,4],[-6,-5],[5,-14],[-3,-11],[-9,-4],[-8,1],[4,9],[0,10],[-6,3],[-17,-9],[-4,5]],[[11676,9539],[7,5],[0,5],[-11,2],[-6,9],[8,15],[-6,9],[-5,-2],[-5,-10],[-12,3],[-2,5],[12,8],[1,7],[-11,4],[-8,-1],[-7,7],[11,7],[9,0],[-2,9],[-15,5],[-11,-1],[-11,-7],[-5,-7],[-23,8],[-1,6],[-17,5]],[[11119,9174],[10,-2],[6,-4],[16,0],[5,-4],[10,-4],[5,9],[16,6],[7,-2],[13,6],[4,8],[43,-177]],[[11254,9010],[-21,-4],[-9,0],[-5,3],[-9,-5],[-9,7],[-8,1],[-14,8],[-6,-3],[-7,3],[-19,1],[-11,9],[-8,-5],[-3,5],[-12,-4],[-13,1],[-15,-3],[-8,8],[-15,0],[-14,-6],[-9,0],[-9,4],[-22,5],[-6,11],[-12,6],[-7,-1],[-7,6],[-4,10],[-15,0],[-4,-3],[-13,4],[-17,3],[-5,6],[-11,3],[-11,0],[-7,-4],[-4,5],[-12,5],[-19,1],[-13,9],[-15,4],[-9,-2],[-11,5],[-10,1],[-21,7],[-7,7]],[[10768,9118],[-5,17],[-6,8],[-8,6],[-2,12],[-10,5],[22,28],[17,11],[-6,17],[-8,-1],[-10,8],[-2,12],[6,8]],[[10119,9354],[3,-22],[15,-18],[0,-5],[8,-5],[12,-12],[12,-17],[2,-7],[7,-4],[8,0],[9,-4],[11,0],[11,-6],[27,-2],[21,-4],[14,0],[54,-9],[33,-5],[47,-9],[33,-3],[22,-5],[80,-10],[14,5],[14,0],[7,3],[11,-3],[9,-7],[3,-7],[14,-9],[15,0],[11,-19],[17,-13],[28,-11],[9,-9],[17,-9],[10,-4]],[[10727,9124],[0,-2],[10,-12],[6,-4],[16,-28],[-1,-8],[-16,-3],[-18,2],[-11,4],[-8,-10],[1,-11],[-14,-6],[-16,-21]],[[10676,9025],[-9,16],[-18,11],[-23,9],[-22,13],[-7,-5],[-15,1],[-5,-7],[-13,-3],[-4,-6],[-2,-10],[-17,-11]],[[10541,9033],[-9,2],[-8,8],[-13,2],[-10,8],[-20,3],[-10,-3],[-15,1],[-7,-3],[-10,0],[-12,-6],[1,-25],[-21,-8],[-8,-5],[-13,-4],[-13,4],[-14,1],[-19,6],[-8,0]],[[10332,9014],[3,4],[-8,11],[1,15],[-8,4],[-10,9],[-12,4],[-2,4],[-13,0],[-11,21],[-3,3],[-22,-2],[-4,-6],[-25,-2],[-14,6],[-14,10],[-27,0],[-30,-12],[-14,18],[-1,7],[-17,3],[-4,7],[-21,1],[-8,-14],[7,-9]],[[10075,9096],[1,-11],[-1,-19],[-13,-11],[-20,-9],[-30,-21],[-18,-8],[-5,5],[-11,-2],[-31,1],[-6,-4],[-17,-3],[-6,4],[-11,2],[-16,-2],[-1,10],[-11,6],[-3,7],[-10,7],[-10,1]],[[11676,9539],[-7,4],[-7,-4],[-19,4],[-4,8],[-10,-3],[4,-10],[-14,-9],[-13,-5],[-10,4],[-11,-3]],[[11585,9525],[-7,5],[-8,-1],[-1,10],[-17,-2],[-13,2],[1,4],[-16,4],[-8,-4],[-19,-4],[-8,3],[-15,-4],[-17,6],[-3,-3],[-32,5],[-10,-3],[0,-5],[-15,-9],[-12,-1],[-11,1],[-14,-9],[-3,1],[-13,-6],[-9,0],[-16,3],[-20,-5],[-15,1],[-14,-6],[-15,0],[-8,4],[-11,-2],[-16,-5],[-18,3],[-10,7],[-12,3],[-8,-4],[-9,1],[-4,8],[-8,2],[-3,6],[-10,3],[3,5],[-11,16],[-9,3],[-19,17],[-7,3],[-11,14],[-7,4],[-7,11],[-6,5],[-12,18],[-8,6],[-9,12],[-4,1],[-29,-8],[-7,18],[-11,13],[-11,4],[3,14],[-13,12],[4,60]],[[10733,9855],[-2,-4],[6,-18],[-1,-11],[9,-14],[4,-13],[12,-13],[4,-1],[11,7],[16,1],[10,6],[4,6],[6,-3],[-1,-10],[3,-12],[-2,-5],[24,-25],[6,12],[7,5],[1,6],[9,11],[14,1],[12,8]],[[10885,9789],[8,-17],[6,-2],[8,-10],[3,-8],[10,-7],[8,-20],[-11,-15],[-9,-4],[-7,-10],[-1,-10],[-7,-11],[-2,-11]],[[10541,9033],[0,-9],[-5,-8],[-11,-3],[1,-16],[4,-7],[15,-6],[7,-7],[9,-1],[6,-6],[16,3],[15,-2],[14,-5],[10,-11],[9,-13],[13,8],[43,-1],[20,2]],[[10707,8951],[6,-5],[7,-16],[9,-16],[1,-8]],[[10730,8906],[0,-21],[6,-30],[-1,-14],[-4,-23],[4,-9],[0,-13],[-4,-5],[-14,1],[-12,-1],[-8,-6],[-12,-3],[-7,2],[-7,-5],[-6,1],[-7,-5],[-20,-1],[-2,3],[-11,-2],[-41,6],[-34,-1]],[[10550,8780],[-7,0],[-10,8],[-13,4],[-14,3],[-15,5],[-3,-2],[-13,11],[-5,2],[-4,-9],[-7,2],[-9,-3],[-3,5],[7,13],[-3,13],[-7,8],[-18,14],[-5,11],[-22,7],[-9,12],[-1,8],[-4,6],[-9,1],[-6,9],[-15,-3],[-2,9],[5,9],[-4,6],[1,13],[-8,11],[-7,7],[1,7],[9,8],[-6,10],[-14,17],[2,12]],[[10676,9025],[11,-15],[0,-7],[10,-20],[6,-5],[4,-27]],[[11165,8596],[-12,-41],[-17,-3],[-3,-7],[-12,1],[-6,3],[-6,12],[-9,7],[-23,-2],[-12,7],[-9,-11],[4,-3],[-18,-4],[-15,-17],[-9,-2],[-7,5],[-11,1],[-12,-1],[-8,4],[-9,-1],[-30,3],[-10,-1],[-3,-6],[2,-7],[7,-6],[13,-1],[13,-5],[4,-6],[11,0],[11,-6],[10,-17],[-3,-9],[4,-8],[-1,-9]],[[10999,8466],[-16,7],[-7,-6],[-21,2],[-6,7],[1,11],[-7,10],[-28,10],[-21,15],[1,9],[-12,3],[-11,5],[0,5],[-14,12],[-29,2],[-6,7],[-8,0],[-9,6],[-9,-1],[-13,11],[-25,13],[-13,11],[-8,2],[-6,6]],[[10732,8613],[3,8],[12,16],[-2,12],[14,24],[-5,8],[10,2],[13,14],[8,-2],[4,3],[-4,10],[16,9],[2,6],[10,6],[2,8],[-4,8],[7,4],[1,9],[14,16],[7,5],[0,5],[21,0],[0,5],[10,7],[1,13],[-5,4],[6,6],[-7,3],[4,7]],[[10870,8829],[12,-6],[11,-2],[10,-13],[3,-7],[12,-12],[7,-3],[11,-11],[10,-25],[9,-6],[-1,-4],[8,-6],[4,-11],[-2,-8],[23,-2],[6,-10],[11,-9],[11,-6],[0,-4],[9,-5],[-3,-6],[10,-3],[9,-6],[11,0],[13,6],[15,1],[9,3],[13,-8],[5,2],[14,-16],[4,-11],[10,1],[17,-8],[9,-18],[-1,-11],[6,-9]],[[10730,8906],[5,3],[22,12],[21,16],[11,-7],[5,1],[8,-14],[0,-6],[18,-23],[-2,-5],[8,-7],[5,-8],[10,2],[3,-5],[9,-5],[3,-11],[5,-6],[7,-1],[2,-13]],[[10732,8613],[-7,4],[-9,-1],[-10,7],[-21,19],[-19,12],[-2,7],[9,0],[4,5],[-14,11],[-28,3],[-12,3],[-10,-3],[-23,6],[-5,4],[1,15],[-16,5]],[[10570,8710],[5,12],[-1,8],[7,0],[-1,8],[-12,0],[3,19],[-3,12],[-18,11]],[[10768,9118],[-12,-1],[-5,5],[-16,-1],[-8,3]],[[14317,8607],[0,-181],[0,-163],[0,-193]],[[14317,8070],[-14,1],[-12,-8],[-9,-4],[-17,3],[-26,31],[-7,-1],[2,-21],[-5,-6],[-12,-6],[-6,2],[-11,8],[-7,9],[-4,10],[-6,5],[-9,3],[-6,-14],[-8,-3],[-18,1],[-8,-6],[-6,-19],[-5,-4],[-26,-4],[-11,4],[-1,13],[-6,9],[-10,1],[-22,-20],[-7,0],[-15,4],[-7,7],[0,26],[-5,18],[-6,6],[-8,3],[-17,0],[-6,-4],[-2,-12],[6,-11],[-1,-9],[-13,-25],[-11,-13],[-11,-2],[-5,7],[3,15],[-2,11],[-11,7],[-8,0],[-14,-6],[-1,-7],[5,-10],[-5,-19],[-8,-12],[-12,3],[-13,11],[-5,2],[-11,10],[-21,6],[-20,13],[-19,16],[-5,-6],[1,-13],[5,-14],[-2,-15],[-11,-5],[-9,1],[-11,10],[-5,9],[-26,8],[-23,3],[-18,-22],[-6,-1],[-18,8],[-19,6],[-15,0],[1,-6],[10,-8],[7,-10],[-5,-7],[-8,-2],[-22,5],[-14,0],[-21,-7],[-9,-8],[-4,-9],[-11,-5],[-14,-1],[-25,3],[-4,10],[14,17],[7,16],[0,7],[-6,6],[-12,2],[-14,-3],[-2,-6],[1,-16],[-4,-7],[-11,-9],[-12,3],[-18,12],[-18,10],[-17,27],[-18,15],[-9,0],[-7,-5],[2,-12],[8,-11],[4,-12],[-2,-12],[-9,-12],[-5,-11],[-15,-15],[-8,0],[-4,5],[0,15],[5,9],[2,16],[-8,16],[-11,4],[-26,5],[-9,-1],[-36,-7],[1,-4],[18,4],[12,0],[9,-7],[3,-10],[-7,-18],[-7,-5],[-27,6],[-12,0],[-29,-7],[-12,-4],[-31,-6],[-17,1],[-21,6],[-17,-2],[-9,-3],[-11,-8],[-19,-24],[-6,7],[-8,18],[-21,8],[-11,0],[-14,-2],[-28,-12],[-16,-1],[-28,9],[-22,13],[-6,6],[0,7],[-16,31],[-6,8],[-13,7],[-11,1],[-5,-7],[-1,-12],[-3,-7],[-7,-2],[-15,2],[-21,8],[-12,2],[-9,-1],[-13,-6],[-7,-11],[-5,-26],[3,-10],[0,-12],[2,-5],[23,-16],[4,-9],[-1,-8],[-6,-10],[-12,-5],[-11,2],[-11,4],[-15,10],[-10,11],[-6,12],[-8,7],[-4,9],[-7,5],[-10,2],[-7,-2],[-9,-8],[0,-9],[8,-13],[-1,-10],[-9,-9],[-20,-8],[-9,1],[-10,10],[-4,11],[-6,6],[-10,2],[-25,-3],[-11,-6],[-6,-6],[-14,-6],[-19,-27],[-23,-23],[-23,-12],[-6,-1],[-13,9],[-20,8]],[[12492,7909],[-15,16],[-7,2],[-15,-2],[-4,-6],[-13,-2],[-9,-8],[-28,1],[-19,10],[-10,15],[-11,4],[-9,1],[-2,10],[-14,1],[-4,4],[1,8],[-8,5],[-8,-2],[-8,4],[4,6],[-9,8],[-10,-2],[-4,9],[-6,-2],[-12,13],[0,5],[-11,3],[-8,-3],[-8,10],[-14,-8],[-12,8],[-2,13],[-3,8],[-6,-4],[-13,-1],[-10,5],[-1,15],[5,5],[0,7],[-9,0],[-3,7],[-12,5],[-13,11],[-5,11],[-6,2],[-5,13],[-8,9],[-5,-3],[-7,9],[-23,11],[-9,15],[-5,0],[-6,9],[-21,11],[-8,11],[-5,-1],[-9,6],[-16,3],[-8,0],[-4,4],[3,7],[-2,7],[1,8],[-15,4],[-3,-19],[3,-5],[-5,-10],[6,-6],[-21,-17],[-9,-12],[0,-9],[-7,-5],[1,-11],[6,-5],[0,-11],[-17,-3],[2,-5],[-3,-7],[-7,-2],[-11,-9],[-5,4],[-19,-6],[-10,-1],[-9,-9]],[[11881,8076],[-10,14],[-2,6],[-10,4],[-8,14],[3,8],[9,3],[1,7],[-5,11],[-11,8],[8,6],[-3,8],[9,0],[5,6]],[[11867,8171],[6,6],[2,13],[-9,6],[10,7],[-17,15],[-2,6],[5,9],[-4,9],[8,18],[-6,11],[7,16],[-3,7],[6,7],[4,11],[-8,7],[1,8],[-5,15],[-7,-2],[-6,6],[4,4],[0,9],[24,16],[7,8],[-2,19],[-4,7],[1,23],[-2,11],[-7,12],[5,14],[6,4],[8,13],[9,4],[0,13]],[[11898,8503],[4,3],[9,-2],[7,-6],[9,4],[4,7],[12,-6],[7,3],[5,-6],[7,-2],[10,3],[-1,6],[13,-4],[26,-4],[1,11],[7,-3],[16,11],[14,2],[3,-5],[7,-1],[-1,-11],[12,3],[9,-7],[7,6],[8,1],[-1,10],[6,-1],[7,9],[8,-8],[7,4],[14,1],[2,6],[-6,4],[2,11],[11,5],[10,-15],[16,1],[10,6],[-5,4],[5,7],[9,-1],[10,-9],[7,14],[15,4],[-10,11],[11,6],[8,-4],[16,4],[19,-1],[3,2],[0,11],[5,1],[9,11],[8,-1],[3,-14],[-2,-9],[11,-6],[13,1],[9,9],[8,-7],[8,-1],[4,7],[9,-5],[4,-8],[15,-1],[-10,18],[7,5],[10,-5],[24,-2],[9,17],[10,2],[11,8],[7,9],[11,-3],[1,5],[18,5],[7,3],[2,8],[10,-1],[9,2],[3,6],[-6,15],[6,4],[1,11],[6,3],[19,-1],[6,25]],[[12532,8698],[0,-5],[10,-11],[4,-9],[11,-2],[8,-12],[7,-6],[1,-10],[16,-5],[3,-8],[5,-7],[21,-1],[9,2],[25,-4],[5,-4],[16,5],[11,-5],[13,5],[8,-3],[7,2],[5,-5],[20,4],[15,-2],[3,6],[20,-16],[7,-1],[15,-11],[6,-9],[-2,-11],[7,-12],[-2,-9],[3,-10],[8,-7],[-4,-7],[4,-12],[8,-3],[13,-1],[20,9],[9,-2],[8,3],[18,15],[6,0],[11,10],[5,-4],[11,8],[17,2],[3,6],[13,-3],[6,-6],[9,1],[6,6],[-1,7],[8,10],[17,0],[2,11],[5,5],[16,5],[4,-3],[12,4],[11,11],[8,-3],[17,5],[7,8],[8,0],[5,5],[3,8],[18,-5],[11,6],[0,8],[18,2],[10,7],[10,-3],[6,2],[8,-5],[8,3],[6,7],[17,5],[5,6],[15,-8],[10,6],[8,-1],[4,-4],[11,0],[1,5],[9,3],[19,1],[-5,-5],[15,-8],[7,-7],[12,5],[8,0],[18,8],[-2,4],[12,7],[7,7],[10,1],[2,8],[20,-8],[6,5],[18,9],[3,-3],[10,6],[-3,6],[12,6],[12,9],[3,-6],[11,-3],[11,5],[1,13],[8,9],[7,-5],[4,4],[10,1],[16,7],[5,8],[9,1],[4,5],[14,-2],[14,-10],[22,-2],[15,1],[7,10],[7,-6],[9,2],[17,-6],[6,3],[3,-7],[9,-8],[14,1],[10,-8],[7,-1],[18,-6],[9,3],[16,-6],[4,7],[19,5],[9,4],[8,-1],[18,2],[9,10],[11,7],[8,-3],[7,5],[12,-3],[7,6],[12,2],[6,-11],[21,4],[17,-4],[8,7],[9,0],[14,-6],[10,6],[3,-4],[10,-1],[7,-7],[9,0],[8,4],[8,-5],[0,-14],[9,2],[22,-18],[18,0],[4,-3],[14,7],[-4,9],[12,1],[6,-4],[9,14],[17,-6],[10,4],[13,-11],[6,4],[7,-3],[17,3],[12,-4],[3,1],[8,-9],[-3,-6],[13,-8],[10,3],[2,-8],[-4,-9],[3,-14],[21,-9],[-2,-4],[16,-11],[7,-10],[14,6],[3,4],[13,-5],[14,5],[14,-26],[9,-11],[6,-1]],[[10322,8720],[19,-4],[9,-6],[11,-12],[5,-3],[13,-28],[1,-10],[-7,-17],[8,-14],[8,-7],[0,-6],[6,-9],[9,-1],[26,-6],[5,-7],[9,-4],[-6,-12],[-9,-9],[-1,-6],[-11,-9],[-3,-8],[6,-7],[-2,-14],[6,-8],[-6,-15],[-10,-11],[0,-7],[10,-2],[-4,-6],[4,-5],[-18,-19],[-7,-3],[-11,0],[-4,4],[1,8],[-7,6],[1,15],[-9,3],[-28,-1],[-13,-16],[-8,-16],[39,-94]],[[10354,8354],[43,-102],[-7,-10],[4,-7],[-7,-9],[-6,-4],[1,-9],[7,-15],[-7,-13],[13,-7],[7,-7],[-5,-10],[-6,-4],[-2,-8],[-13,-3],[-4,-12],[9,-10],[-11,-12],[-5,-18],[-9,0],[-8,-7],[-4,-12],[-6,-5],[-1,-11],[-13,-5],[-3,-7],[-8,-1],[4,-10],[-2,-17],[8,-10],[12,3],[19,-7],[-1,-3],[13,-6],[10,-3],[12,-18],[20,-4],[7,0],[6,-6],[-12,-15],[3,-6],[12,-2],[-1,-7],[3,-7],[-3,-11],[9,-9],[-3,-7],[-10,2],[-2,-5],[-12,-3],[-3,-5],[-16,-12],[7,-5],[6,1],[23,-1],[7,-4],[4,-10],[10,-6],[-7,-5],[7,-11],[1,-9],[8,-7],[5,-10],[-2,-11],[-17,-1],[5,-15],[4,-6],[0,-6],[-9,-3],[-3,-10],[4,-11],[1,-9],[-10,-10],[-2,-13]],[[10428,7716],[-14,4],[-4,10],[-14,5],[4,6],[-2,10],[-4,4],[-9,-8],[-3,5],[-8,-1],[-8,2],[0,9],[-7,2],[1,7],[-6,8],[-17,0],[-10,3],[-2,7],[8,9],[-4,4],[-2,8],[9,2],[-17,15],[-1,20],[-18,4],[-2,11],[8,6],[-6,8],[6,9],[-6,5],[-8,0],[-8,5],[0,10],[-13,9],[-10,5],[-2,9],[-5,10],[-22,12],[-5,1],[-4,19],[-9,4],[-9,14],[1,7],[-11,3],[-1,9],[-11,5],[-14,15],[-17,2],[-7,10],[2,9],[-4,15],[8,12],[6,13],[-4,10],[1,13],[-17,14],[3,8],[-9,7],[0,11],[-7,6],[0,6],[-7,9],[-5,18],[-4,9],[-13,17],[-4,13],[4,15],[-1,9],[-8,23],[1,3],[-2,14],[-13,12],[-8,11],[-5,17],[2,14],[1,22],[-9,13],[-10,12],[-10,25],[1,9],[8,9],[-5,13],[-6,5],[-1,9],[5,11],[-2,14],[-6,12],[3,9],[-6,1],[-2,12],[-19,17],[-3,15],[-7,24],[-5,7],[5,18],[14,10],[-4,9],[4,17],[-6,11],[1,6],[8,13],[1,9],[-12,10],[-5,12],[-1,9],[-4,6],[4,11],[4,2],[11,18],[6,4],[2,18],[3,5],[-4,11],[6,13],[10,3],[-1,4],[10,21],[4,3],[7,10],[-5,2],[-9,15],[-13,16],[-3,8],[5,11],[2,10],[7,6],[0,8],[4,7],[7,0],[7,13]],[[10053,8935],[9,1],[12,-4],[5,-7],[-4,-8],[4,-5],[-6,-6],[0,-7],[-8,-17],[3,-11],[8,-9],[5,-9],[8,-7],[-4,-5],[2,-10],[-3,-5],[1,-12],[-3,-6],[12,-5],[14,2],[9,7],[24,11],[-3,4],[2,9],[11,9],[13,-10],[11,4],[10,-1],[17,3],[8,-5],[0,-11],[-4,-10],[4,-12],[8,-11],[-1,-9],[8,-8],[1,-7],[-14,-18],[11,-10],[26,0],[17,4],[9,-3],[19,2],[7,-8],[-2,-4],[18,-11],[5,0]],[[9585,7791],[7,1],[13,-7],[11,-12],[12,-4],[-2,-5],[2,-8],[11,-14],[14,-6],[6,-5],[18,0],[11,-25],[3,-16],[7,-14],[1,-14],[12,-1],[5,-13],[8,-3],[8,1],[-1,8],[21,5],[2,8],[15,9],[11,-2],[9,-5],[10,8],[10,0],[26,10],[5,-1],[10,8],[7,0],[7,4],[10,1],[4,-6],[16,-5],[29,1],[9,8],[19,0],[14,-4],[14,1],[5,4],[28,6],[3,5],[10,-1],[17,-18],[9,3],[12,-5],[7,17],[13,-3],[16,7],[11,-8],[14,7],[1,8],[8,-3],[8,2],[10,-9],[12,-2],[6,5],[12,2],[18,-4],[7,-7],[8,0],[14,9],[12,1],[8,-7],[7,-1],[5,-8],[17,12],[11,-3],[10,-8],[2,-8],[18,4],[-6,14],[3,5],[10,0],[7,-6],[13,7],[7,-2],[7,3],[9,-5],[5,-14],[5,3],[10,-6],[10,3],[15,-13],[-1,-9],[4,-4],[9,3],[3,-8],[17,9],[18,-1],[1,7],[10,-2],[6,5]],[[10480,7680],[17,2],[116,26],[228,52],[89,19],[11,1],[13,8],[19,3],[10,4],[6,-11],[7,-4],[4,-14],[6,-12],[8,-9],[12,-7],[6,2],[3,-10],[16,0],[1,-7],[-6,-9],[5,-7],[5,0],[6,-14],[-3,-4],[6,-10],[-9,-5],[5,-8],[-4,-5],[-14,-3],[0,-4],[13,-8],[4,-11],[13,-5],[8,9],[10,-1],[15,-4],[19,-19],[-3,-3],[5,-24],[12,-1],[-1,-11],[-7,-5],[0,-6],[-7,-10],[4,-4],[-2,-15],[-6,-7],[9,-2],[7,-15],[-1,-5]],[[11135,7507],[-13,-4],[6,-20],[6,-13],[0,-11],[-7,-5],[-9,-1],[-5,5],[-1,12],[-7,8],[-8,1],[-15,-5],[-18,1],[-10,-2],[-3,-7],[4,-7],[-1,-10],[-7,-2],[-10,4],[7,15],[-1,5],[-11,15],[-2,18],[-6,5],[-7,-2],[-10,-11],[-16,-5],[-7,-4],[-7,-10],[-14,-5],[-13,3],[-6,9],[8,11],[-3,14],[-6,3],[-14,-11],[-26,-5],[-18,-15],[1,-11],[5,-4],[12,-4],[7,-6],[-7,-9],[-16,-3],[-7,-10],[5,-20],[4,-5],[-6,-13],[-9,-5],[-8,1],[-7,8],[-7,3],[0,-128],[0,-134]],[[10852,7141],[0,-229],[0,-154],[0,-123]],[[10075,9096],[6,1],[5,-19],[6,-4],[-5,-8],[4,-10],[10,-8],[-1,-7],[-7,-12],[-9,-9],[4,-11],[-10,-4],[-9,0],[5,-21],[-11,-3],[-1,-13],[-6,-11],[-7,-2],[0,-6],[6,-9],[-2,-5]],[[10428,7716],[5,0],[12,-18],[7,-5],[11,0],[5,-9],[12,-4]],[[10570,8710],[-23,-1],[-8,4],[-19,0],[-19,6],[-6,6],[-6,0],[-9,7],[-22,8],[-3,4],[-19,5],[-9,5],[-21,16],[-19,-6],[-10,2],[-12,-1],[-6,6],[-10,2],[-7,-15],[4,-5],[-3,-13],[-10,-5],[-11,-15]],[[12492,7909],[-10,-6],[-35,-1],[-4,-5],[8,-7],[3,-7],[0,-16],[-1,-8],[-10,-8],[-18,-4],[-32,6],[-13,9],[-15,5],[-9,-1],[-2,-5],[4,-14],[-5,-5],[-12,-3],[-20,4],[-11,-9],[0,-9],[6,-3],[10,-1],[8,-6],[-2,-7],[-9,-5],[-21,-1],[-13,-8],[-1,-9],[9,-26],[1,-18],[-4,-8],[-10,-2],[-9,1],[-3,9],[3,11],[-3,14],[-9,10],[-20,5],[-5,-1],[-17,-19],[-9,-6],[-3,-9],[5,-18],[-3,-6],[-11,-5],[-11,1],[-3,4],[1,15],[-6,25],[-7,8],[-13,6],[-9,0],[-14,-4],[-9,-7],[-18,-33],[-22,-15],[-16,-1],[-19,3],[-13,8],[-23,10],[-4,5],[-6,17],[-9,7],[-18,0],[-18,-9],[-25,-11],[-12,-11],[-14,-10],[-16,-1],[-18,-8],[-7,-8],[-17,4],[-8,-1],[-7,-6],[-1,-8],[5,-9],[0,-7],[-8,-11],[-11,-6],[-11,1]],[[11813,7665],[98,200],[57,116],[-10,5],[-9,-3],[-12,14],[-23,-5],[5,15],[-1,13],[-15,23],[-19,6],[-4,7],[-7,3],[10,6],[-3,5],[1,6]],[[12532,8698],[14,14],[4,7],[8,3],[9,-3],[-1,12],[9,7],[-6,6],[0,8],[4,6],[-9,4],[-2,5],[5,7],[7,1],[9,10],[10,-4],[15,14],[0,5],[-10,1],[0,11],[-4,7],[4,15],[-12,5],[-2,5],[10,5],[13,2],[13,12],[12,0],[9,-5],[4,11],[-8,5],[3,6],[-4,6],[8,13],[8,-4],[16,5],[0,13],[-8,2],[-3,5],[7,5],[15,-4],[9,6],[-8,6],[-14,0],[-3,12],[12,7],[0,19],[-8,1],[6,8],[-4,8],[7,4],[6,-6],[13,-1],[0,4],[-8,8],[14,4],[-2,6],[-8,4],[-4,-4],[-7,3],[-2,14],[6,6],[-5,5],[5,7],[6,-3],[7,15],[-16,8]],[[12681,9062],[1,9],[16,-6],[4,5],[-9,19],[-9,-6],[-1,9],[13,1],[16,5],[0,5],[-17,7],[-11,7],[-1,8],[7,4],[12,0],[7,7],[-10,7],[1,5],[7,5],[15,0],[3,8],[-5,7],[-1,9],[6,6],[16,2],[16,-3],[-4,15],[8,3],[-5,10],[-14,3],[-14,-2],[-5,9],[13,4],[22,1],[9,-4],[8,2],[11,8],[5,-2],[-8,-25],[12,-1],[3,7],[-3,14],[7,16],[3,4],[12,1],[4,10],[-16,18],[2,11],[7,5],[11,3],[15,-4],[9,0],[1,8],[-11,8],[-4,5],[7,17],[4,5],[20,7],[-1,5],[-12,4],[-13,1],[1,8],[14,2],[19,-3],[13,0],[7,19],[-6,14],[-12,6],[-11,-1],[-4,5],[4,9],[7,1],[15,-9],[23,-11],[7,6],[0,9],[-4,12],[6,11],[0,7],[13,4],[3,13],[-5,8],[7,13],[-11,0],[-7,-7],[-8,0],[-14,-7],[-8,0],[-13,-10],[-16,2],[-12,8],[-7,-1],[-18,4],[-4,4],[-8,0],[3,15],[-7,8],[-9,1],[-17,11],[-5,15],[10,8],[15,1],[7,4],[8,16],[7,6],[-1,6],[4,6],[2,12],[-3,3],[9,10],[-8,8],[10,5],[-3,7],[9,19],[6,2],[-1,16],[6,9],[-6,11],[6,18],[2,15],[6,14],[0,17],[9,-1],[6,6],[-4,8],[11,10],[-3,4],[15,9],[3,10],[11,3],[1,9],[8,-1],[8,4],[18,2],[16,7],[11,-5],[8,-9]],[[12979,9783],[5,-10],[12,-9],[5,-1],[17,6],[13,6],[14,2],[35,-5],[11,2],[20,12],[6,15],[13,2],[6,3],[0,11],[22,14],[13,16],[15,5],[19,17],[5,18],[4,7],[10,8],[22,6],[9,4],[18,25],[6,6],[30,18],[11,10],[8,20],[6,7],[9,5],[21,1],[13,-8],[18,2],[10,-4],[28,-4],[33,17],[18,8],[23,6],[14,9]],[[13521,10030],[9,3],[23,3],[15,9],[9,9],[13,7],[17,4],[11,6],[25,32],[17,6],[9,1],[49,3],[5,2],[12,15],[24,5],[12,6],[13,2],[33,7],[32,12],[32,21],[10,11],[11,3],[13,-6],[10,3],[30,4],[8,6],[13,5],[15,2],[12,15],[14,11],[12,6],[2,5],[9,2],[5,-4],[9,0],[21,9],[12,7],[13,4],[24,-1],[12,1],[21,8],[23,15],[14,6],[25,21],[15,6],[35,9],[8,10],[17,10],[16,2],[6,6]],[[14316,10359],[0,-196]],[[14316,10163],[0,-134],[0,-129],[0,-189],[0,-173],[0,-124],[0,-106],[0,-174],[1,-194],[0,-140],[0,-193]],[[11385,9486],[26,4],[6,4],[8,-1],[12,6],[15,1],[2,4],[21,-2],[6,-4],[11,9],[8,-6],[8,6],[12,-4],[10,-2],[8,4],[9,-1],[-1,10],[17,-1],[4,7],[10,5],[8,0]],[[12084,9690],[11,-1],[7,-4],[11,-12],[5,-3],[15,-1],[11,-4],[10,5],[0,22],[7,5],[9,2],[23,-1],[22,-16],[6,3],[15,-1],[13,6]],[[12249,9690],[14,6],[13,-3],[15,-10],[8,-3],[8,1],[6,6],[-7,15],[0,5],[10,9],[17,5],[1,13],[4,6],[8,0],[6,-3],[4,-9],[6,-4],[23,-1],[22,-8],[8,-5],[17,-1],[17,-10],[9,8],[8,2],[5,9],[10,5],[9,13],[14,3],[12,-6],[4,-11],[-4,-15],[2,-5],[15,-3],[7,3],[14,13],[27,5],[18,6],[12,12],[8,12],[-3,8],[9,3],[17,-3],[5,1],[13,13],[5,11],[1,11],[4,7],[9,3],[14,8],[28,-1],[10,2]],[[12731,9813],[4,1],[8,13],[8,5],[11,1],[11,-3],[22,0],[15,-5],[25,2],[9,8],[21,5],[20,-2],[15,-5],[19,-3],[30,-12],[21,-12],[13,-5],[2,-10],[-6,-8]],[[12681,9062],[-16,-2],[-5,-6],[-14,-1],[-21,-5],[-3,-6],[-10,-4],[-17,3],[-25,-8],[0,-12],[-5,-6],[-14,-5],[-9,-5],[0,-7],[-20,-6],[-3,3],[-10,-2],[-4,6],[-15,1],[-10,7],[-2,5],[-20,9],[-10,0],[-12,5],[-5,-3],[-12,3],[-5,7],[-15,-8],[-15,2],[-4,6],[-14,0],[-23,7],[-14,-12],[-21,1],[-7,4],[-3,-10],[-13,6],[-9,13],[-9,5],[-5,6],[-14,-6],[-7,5],[-11,-4],[-18,-2],[-8,-6],[-12,3],[-20,-5],[-10,6],[-10,-4],[-8,-12],[-9,5],[-7,-1],[-13,-13],[-19,-2],[-8,3],[-11,-8],[-6,-2],[-4,-10],[-13,-1],[-4,-7],[-17,-11],[-12,-3],[-8,-9],[-20,-4],[-16,-1],[-11,-8],[-17,0],[-31,4],[-11,5],[-8,-11],[-24,-8],[-103,2],[-9,-4],[-23,-17],[-5,2],[-14,0],[-22,16],[-4,19],[1,5],[-7,8],[-12,0],[-8,-4],[-9,2],[-10,5],[-16,0],[-5,7],[-7,0],[-6,7],[3,9],[-2,6],[-13,7],[1,7],[-7,5],[-3,14],[-8,-2],[-3,7],[6,8],[-4,8],[-11,-5],[-18,2],[-10,-16],[-10,-2],[-6,-9],[-8,-5],[-7,5]],[[11516,9033],[-9,5],[-8,-1],[-5,5],[5,5],[-9,4],[6,7],[-1,6],[-22,3],[-3,3],[11,14],[3,19],[16,7],[2,6],[9,6],[9,0],[18,6],[8,11],[1,10],[12,10],[9,-5],[10,11],[4,22],[8,11],[-2,20],[8,0],[7,-9],[5,7],[-7,12],[6,6],[11,-4],[8,13],[-9,3],[-8,-2],[-7,4],[2,6],[-4,5],[-12,-1],[-16,2],[-2,3],[-17,0],[-2,6],[-22,-3],[-9,2],[-21,-3]],[[11165,8596],[3,10],[9,18],[1,6],[6,4],[3,10],[-2,26],[8,12],[14,14],[9,3],[6,6],[1,10],[-4,5],[3,15],[5,1],[0,9],[4,5],[16,7],[0,4],[10,6],[15,-1],[11,-2],[2,-9],[12,-2],[5,-3],[8,2],[17,-10],[19,-5],[13,-2],[6,-11],[7,-12],[8,-4],[5,-8],[9,4],[-4,-13],[8,-6],[13,0],[11,2],[-2,-8],[11,-7],[4,2],[8,-6],[-1,-5],[-10,-1],[-5,-7],[10,-3],[0,-11],[9,-2],[11,-6],[-4,-10],[4,-10],[8,-3],[19,6],[7,-2],[10,-12],[6,3],[7,-4],[16,-5],[7,-6],[19,-2],[10,6],[4,-4],[7,-16],[-3,-10],[12,-4],[6,-5],[14,1],[5,-6],[4,-28],[14,-2],[8,8],[6,-9],[8,6],[0,-12],[11,1],[6,-8],[1,-7],[16,8],[6,-5],[14,6],[7,-2],[12,-11],[6,-2],[3,10],[7,-8],[9,-1],[-1,-11],[5,-7],[8,7],[13,0],[-5,9],[4,2],[15,-2],[4,-4],[16,5],[24,5],[1,-7],[8,1],[10,7],[5,-4],[20,4],[5,12],[6,1],[11,-9]],[[11867,8171],[2,7],[-10,2],[-13,13],[-13,-4],[-3,-9],[-11,5],[-16,12],[-6,-2],[-8,9],[-2,6],[1,11],[-11,5],[-21,-4],[-44,2],[-22,0],[-24,0],[-16,4],[-35,19],[-49,40],[-17,19],[0,3],[-158,-75],[-140,-87],[-10,-11],[-5,0],[-8,-13],[0,-4],[-9,-3],[-7,6],[-29,1],[-15,-2]],[[11168,8121],[-1,4],[-9,3],[-4,6],[-9,6],[1,9],[5,10],[-5,5],[4,12],[10,16],[3,22],[-6,4],[-10,25],[-19,5],[-3,6],[-9,4],[-14,14],[-11,1],[-5,7],[-12,4],[-14,10],[-2,4],[-19,10],[57,35]],[[11096,8343],[6,5],[3,19],[3,8],[7,1],[0,7],[-35,24],[-3,4],[-15,2],[-1,5],[-12,5],[-13,0],[-8,-2],[-15,9],[-4,14],[-1,14],[-9,8]],[[11813,7665],[-9,-2],[-11,-10],[-3,-7],[0,-10],[10,-5],[10,10],[10,-2],[8,-12],[4,-18],[-3,-8],[-12,-5],[-16,12],[-4,5],[-9,2],[-11,-6],[-3,-5],[-1,-12],[11,-10],[-4,-4],[-13,5],[-15,-1],[-9,-10],[-25,-11],[-16,-13],[-9,-10],[-6,0],[-4,22],[-7,6],[-17,-13],[-14,0],[-4,-2]],[[11641,7551],[-16,-12],[-14,2],[-6,11],[-19,10],[-9,-4],[-4,-5],[-11,2],[-8,-6],[-4,14],[-10,5],[-4,-4],[-10,2],[-11,9],[-14,5],[-7,5],[-12,3],[-9,23],[-10,6],[-5,9],[-6,3],[-8,10],[-18,-16],[-6,-1],[-21,9],[-6,5],[-10,1],[-5,4],[-7,-3],[-6,10],[-12,-2],[-11,8],[-21,-4],[-2,5],[-10,1],[-13,11],[-1,10],[-10,0],[-6,5],[3,7],[-5,13],[-1,10],[-6,3],[2,20],[-5,12],[1,5],[-9,8],[8,6],[-1,5],[9,13],[-4,4],[6,22],[1,14],[-16,13],[5,3],[-7,11],[5,16],[9,5],[-6,8],[-2,16],[-6,-1],[2,15],[-9,-2],[-24,11],[-8,-5],[-11,9],[-15,1],[-9,7],[5,9],[-9,2],[-15,10],[-10,1],[-3,8],[-8,1],[-11,5],[-4,7],[-7,-1],[-8,7],[0,7],[-7,7],[-15,-1],[-5,8],[1,10],[-5,3],[-6,11],[-9,1],[-12,-4],[5,10],[-1,8],[-9,2],[-2,-5],[-12,0],[-2,6],[3,14],[5,10],[6,5],[-1,5],[17,10],[0,6],[18,16],[0,8],[4,6],[9,4],[12,-4],[7,3],[8,-2],[9,4],[7,-5],[10,4],[11,-1],[6,-5]],[[10885,9789],[0,6],[6,8],[9,4],[-2,7],[2,9],[5,7],[-2,11],[7,5],[6,12],[9,5]],[[11516,9033],[-2,-8],[6,-16],[-10,-6],[-10,3],[-15,-12],[-17,-6],[-10,3],[-6,-3],[-6,6],[-8,2],[-6,6],[-9,-1],[-5,4],[-15,-1],[-8,3],[-6,-5],[-17,-2],[-11,6],[-4,-2],[-9,6],[-23,-2],[-11,0],[-35,-5],[-12,3],[-7,-1],[-6,5]],[[11096,8343],[-22,1],[-7,6],[-17,3],[-4,6],[-26,11],[-14,2],[-5,4],[-10,2],[-11,-5],[6,-5],[-18,-5],[-3,7],[-8,-2],[-8,5],[-12,14],[-15,4],[-29,0],[-7,-2],[-1,7],[-23,1],[-6,7],[-16,-6],[-11,0],[-4,7],[-13,-6],[-8,-1],[-7,3],[-23,7],[-4,6],[-15,6],[-4,-1],[-18,12],[-22,4],[-8,-3],[-8,7],[-4,8],[-11,9],[-15,17],[-8,2],[-11,9],[-57,-44],[-2,7],[-12,-1],[-13,-6],[-10,0],[-12,-4],[-11,-8],[-5,-14],[-10,-9],[-7,-2],[-19,3],[-9,-3],[-6,-9],[-32,-3],[-7,0],[-5,-8],[0,-10],[-19,-9],[-11,4],[-8,-1],[-7,-4],[-15,-6],[-15,-3]],[[11641,7551],[-6,-11],[-11,-5],[-19,-20],[-24,-13],[-5,29],[-7,5],[-16,-5],[-8,-7],[0,-7],[19,-8],[5,-7],[-9,-6],[-16,1],[-19,-13],[-10,0],[-6,5],[1,15],[4,14],[-4,5],[-10,1],[-11,-5],[-4,-9],[-19,-7],[-23,4],[-1,5],[8,9],[-8,7],[-10,-17],[-7,-2],[-13,1],[-18,-8],[-19,0],[-1,-6],[6,-5],[17,2],[10,0],[7,-9],[0,-14],[-5,-7],[-7,1],[-11,9],[-12,3],[-8,-1],[-13,-6],[-6,-5],[-20,-14],[-13,8],[-14,18],[-7,2],[-14,-2],[-1,-5],[8,-12],[-4,-11],[-7,-6],[-24,-5],[-5,3],[2,11],[13,7],[4,6],[0,10],[-4,8],[-10,5],[-24,-6],[1,-18],[-2,-20],[-8,-6],[-9,0],[-12,5],[1,7],[10,8],[-4,11],[-9,3],[-19,3],[-11,-3],[-6,-9],[2,-8],[-1,-11],[-9,-5],[-6,0],[-8,10],[2,10],[8,8],[3,8],[0,7],[-10,22],[-10,4]],[[5876,6164],[7,8],[-4,13]],[[5879,6185],[3,9],[-2,11],[6,13],[-1,6],[6,13],[16,8],[10,12],[-3,7],[6,12],[-8,9],[-17,5],[-27,-9],[-12,1]],[[5856,6282],[-7,12],[9,0],[25,15],[16,17],[38,6],[8,3]],[[5945,6335],[-2,-10],[3,-8],[-2,-14],[16,-15],[13,-15],[8,-3],[8,11],[17,-9],[12,-2],[8,-8]],[[6026,6262],[15,-21],[4,-12],[16,-10],[18,0],[16,3],[6,-13],[1,-10],[11,-1],[4,-8],[6,0],[13,-9],[19,-6],[14,-7],[11,-1],[5,6],[14,3],[1,-12],[6,-8],[10,-7],[7,-1],[18,-7]],[[6241,6141],[4,-9],[-15,-13],[0,-7],[-5,-16],[1,-9],[6,-5],[5,-14],[1,-8],[-6,-9],[3,-4],[1,-11],[-3,-8],[3,-8],[12,-16],[4,2],[12,-6],[6,2],[4,-9],[-2,-11],[6,-1],[3,-7],[7,-2],[24,16],[-4,-9],[7,-13],[7,-8],[3,-9],[-3,-9],[2,-11],[-15,-3],[-10,-16]],[[6299,5910],[-26,-5],[-9,-4],[-8,-10],[0,-6],[6,-5],[1,-11]],[[6263,5869],[-9,-2],[-6,-14],[-6,-6],[-3,-10],[-13,-2],[-10,-9],[-13,-5],[-5,-9],[-2,-13],[9,-5],[-2,-21],[5,-9],[9,-8],[7,-11],[-21,-7],[-19,-5],[-10,-1]],[[6174,5732],[-10,7],[2,7],[-6,9],[-12,8],[-8,-1],[-7,19],[-5,3],[-13,-4],[-9,14],[-12,5],[-5,18],[-6,5],[-17,0],[-7,4],[-8,9],[-10,4],[-11,12],[-9,-4],[-11,10],[-21,-2],[-7,1],[-2,9],[-9,4],[-7,6],[-11,3],[-1,3],[-18,9]],[[5934,5890],[3,6],[14,11],[13,16],[2,15],[-5,8],[8,18],[-5,11],[3,10],[11,8],[-12,12],[-9,2],[-6,5],[-3,11],[-12,10],[2,8],[10,2],[2,11],[0,9],[4,2],[-4,10],[-6,3],[0,7],[-11,11],[-13,-1],[-6,4],[-14,24],[-8,4],[-6,12],[-6,8],[-5,11],[1,6]],[[6335,6497],[-7,-9],[-18,-16],[-10,-7],[-11,-13],[-16,-12],[-5,-12],[-16,1],[-11,-4],[-20,4]],[[6221,6429],[-8,8]],[[6213,6437],[8,6],[10,19],[9,7],[3,9],[8,9]],[[6251,6487],[9,15],[5,17]],[[6265,6519],[10,1],[4,-4],[-5,-8],[2,-12],[6,3],[6,-6],[16,-5],[13,8],[10,11],[8,-10]],[[5453,5894],[9,-8],[1,-8],[-9,-10],[4,-5],[-16,-18],[-3,-9],[10,-15],[-10,-2],[-3,-5],[6,-13],[0,-18],[8,-5],[8,4]],[[5458,5782],[6,-5],[-3,-9],[-9,-1],[1,-11],[-11,-6]],[[5442,5750],[-3,11],[-8,17],[-11,10],[-9,-1],[-9,13],[2,17],[-5,8],[-12,7]],[[5387,5832],[-2,9],[12,16],[-1,5],[7,7],[0,10],[14,-1],[3,15],[11,6],[3,8],[12,-12],[7,-1]],[[5684,6294],[-13,-27],[4,-20],[4,-3],[2,-10]],[[5681,6234],[2,-5],[-5,-8],[0,-11],[9,-18],[1,-9]],[[5688,6183],[-6,-9],[-5,-11],[-12,-3],[-9,-13],[-15,-1],[-5,-3],[-27,15],[-11,12]],[[5598,6170],[6,6],[-4,13],[8,5],[0,7],[7,8],[1,8],[4,5],[8,21],[-1,12],[4,16],[7,9]],[[5638,6280],[7,10],[7,-1],[22,6],[10,-1]],[[6213,6437],[-15,0],[-10,-3],[-8,-5],[-11,16],[-21,-3],[-11,-5],[-23,5]],[[6114,6442],[5,6],[14,1],[12,7],[3,10],[-1,8],[4,9],[-4,13],[0,19],[6,9],[7,8],[6,1]],[[6166,6533],[13,1],[7,-2],[5,-9],[10,-4],[-3,-6],[4,-12],[16,-2],[3,6],[18,-4],[12,-14]],[[5199,6635],[-2,-6],[8,-3],[1,-12],[5,-5],[17,0]],[[5228,6609],[-11,-8],[5,-12],[-9,-11],[2,-9],[10,1],[10,-3],[-15,-10],[-8,-11],[8,-5],[-5,-8],[-4,-15],[-12,0],[-9,-8],[-12,-3],[-7,-13],[16,-4]],[[5187,6490],[-16,-24],[9,-22],[-5,-11],[2,-3],[-6,-20],[-15,-13],[-15,-5],[-17,-3],[-1,11],[-9,4],[-19,-2],[-17,10],[-20,4],[-17,0],[-8,-5],[-10,4],[-17,3],[-2,-14],[-10,5],[-11,-6],[-7,-8],[-6,-2],[-1,-7],[-18,-23],[9,-6],[3,-10],[-2,-21],[1,-11],[-2,-12],[-7,-14],[2,-7],[10,-9],[7,-12],[-1,-7],[7,-9],[10,-7],[0,-9],[-9,-10],[-20,3],[-1,-4],[-11,-3],[-10,4],[-10,0],[-9,-9],[-15,-3],[-7,-6],[-9,1],[-3,-8],[-3,-14],[-7,0],[0,-12],[-247,-77]],[[4627,6091],[-10,20],[4,1],[1,15],[-14,3],[0,7],[-9,6],[-4,7],[-6,5],[-9,0],[-2,-10],[-12,-3],[-9,0],[-16,-3],[-7,-7],[-11,2],[-16,-6],[-3,-13],[-5,0],[-12,-8],[-10,1],[-6,8],[-14,0],[-10,-7],[10,-6],[2,-11],[-16,0],[-7,5],[0,8],[-6,8],[7,11],[7,5],[-3,17],[-11,5],[-7,-3],[-4,-7],[-7,2],[-4,-8],[-11,-1],[-2,6],[-7,-1],[-2,10],[-13,3],[-13,-7],[-6,8],[-16,4],[-5,-8]],[[4333,6149],[30,171],[6,6],[-5,10],[14,8],[1,8],[-2,8],[3,5],[9,-2],[3,7],[25,0],[6,3],[16,1],[10,7],[9,-2],[2,7],[12,4],[8,0],[16,5],[10,-4],[3,8],[12,4],[8,9],[7,-9],[8,0],[7,-4],[8,6],[18,0],[7,-3],[-9,-7],[9,-2],[4,-14],[13,-5],[8,-8],[15,-4],[-2,-6],[9,-4],[3,-5],[15,-2],[4,6],[9,4],[-3,16],[7,6],[-8,42],[5,23],[-6,24],[0,13],[3,19],[6,6],[1,9],[-2,21],[-8,15],[1,7],[15,31],[-3,20],[5,6],[-1,14],[-5,7],[6,9],[-2,4]],[[4673,6647],[2,6],[8,3],[5,14],[10,1],[14,29],[-7,16],[-10,11],[6,8],[3,10],[9,12],[0,6],[-8,1]],[[4705,6764],[-3,4],[11,5],[3,5],[11,10],[4,-6],[2,-15],[-3,-6],[1,-14],[10,-3],[1,-15],[17,-2],[11,2],[7,9],[22,1],[8,14],[19,9],[13,-7],[11,1],[12,5],[15,4],[14,-1],[30,4],[18,12],[22,-7],[7,0],[5,-4],[23,-11],[12,0],[17,11],[10,4],[6,8],[14,7],[2,8],[10,11],[9,4],[7,8],[11,4],[15,1],[7,-3],[9,1],[12,-4],[15,14],[5,10],[19,5],[3,8],[11,3],[18,8],[12,0],[7,-3],[16,9],[3,5],[11,9],[11,4],[4,6],[19,7]],[[5291,6903],[7,-12],[-17,-4],[-3,-7],[-8,-1],[-10,-7],[-6,2],[-3,-7],[6,-5],[-3,-12],[-9,-3],[-8,5],[-17,-2],[-18,-6],[-15,1],[-9,-6],[-5,0],[-9,-6],[0,-5],[6,-6],[5,-17],[-6,-16],[-15,-3],[1,-7],[-10,-15],[-7,-2],[-6,-7],[-7,-4],[-3,-23],[-8,-5],[-8,1],[-6,11],[-9,5],[-9,0],[-10,-6],[-4,-10],[3,-11],[9,-3],[14,-17],[8,-3],[12,4],[6,-2],[10,-13],[9,-8],[13,-8],[7,-10],[3,-16],[9,0],[7,-6],[9,4],[12,0]],[[6342,6634],[11,0],[9,-10],[-9,-15],[-2,-19],[-6,-6]],[[6345,6584],[-11,3],[-9,-4],[-6,-7],[-13,1],[-15,-11],[-14,-3]],[[6277,6563],[-22,17],[0,8],[-4,8],[4,12]],[[6255,6608],[12,0],[23,-8],[6,9],[-8,7],[-13,0],[-3,18],[-6,7],[-12,5],[8,9],[10,-5],[3,-7],[13,-7],[21,0],[6,-11],[17,1],[10,8]],[[6026,6262],[19,23],[4,10],[0,7],[5,6],[3,10],[8,3],[0,33],[-12,13],[-11,16],[-17,7],[-5,13],[2,20],[3,7],[15,3],[5,15]],[[6045,6448],[39,-5],[8,2],[22,-3]],[[6221,6429],[3,-6],[0,-10],[16,-5],[7,-6],[12,2],[16,-17],[18,-6],[4,-7],[17,-14],[-2,-5],[4,-14],[12,-14],[4,-12],[4,-1],[15,-13],[4,-7],[3,-15],[6,-5],[24,4],[1,14],[18,1],[1,-5],[11,-3],[6,-10],[2,-7],[7,-5],[17,-5]],[[6451,6258],[-1,-8],[-8,-7],[-16,4],[-17,1],[4,8],[-10,3],[-4,8],[-10,-8],[1,-9],[-7,-7],[1,-6],[10,-8],[6,-8],[-3,-10],[-7,-12],[-3,-12],[-19,-8],[-12,-3],[-2,-7],[-10,-1],[-11,-11]],[[6333,6157],[-26,6],[-4,-3],[-21,-6],[-14,-10],[-27,-3]],[[6255,6608],[-4,15],[-7,9],[-8,5],[-6,11],[-6,8],[2,5],[9,7],[2,6],[9,-1],[4,4],[10,2],[9,10]],[[6269,6689],[11,4],[8,-1],[4,4],[13,1],[11,-5],[2,-7],[10,-2],[32,0],[21,-3]],[[6381,6680],[-8,-19],[-7,-2],[-13,-10],[-11,-15]],[[5876,6164],[-14,-8],[-10,-4]],[[5852,6152],[-14,-3],[-5,-10],[-25,-16],[-12,-3],[-3,-5],[-13,-1],[-11,-6],[-21,7],[-31,-3]],[[5717,6112],[-1,5],[6,9],[-1,12],[-8,10],[-3,9],[-8,13],[-7,3],[-7,10]],[[5681,6234],[20,-7],[9,1],[19,-3],[7,0],[22,-4],[4,3],[16,-8],[12,-13],[11,0],[9,-6],[15,-1],[16,-5],[16,5]],[[5857,6196],[22,-11]],[[5729,5876],[1,-9],[-11,-7],[-4,-8]],[[5715,5852],[-7,-5],[-15,4],[-14,-7],[-12,-3],[-9,-13],[-10,-4],[-3,-6],[-7,-2]],[[5638,5816],[-18,9]],[[5620,5825],[-14,17],[0,19],[-15,14],[-3,10]],[[5588,5885],[12,3],[3,-3],[15,3],[22,-6],[5,-5],[18,0],[5,-6],[16,5],[15,-3],[5,9],[10,0],[15,-6]],[[5634,5812],[6,-7],[20,0],[4,-11],[13,-2],[0,-7],[9,-14],[9,-3],[13,-12],[32,3],[13,-2],[6,-4],[13,-4],[11,11],[23,-2],[10,5],[8,-2],[5,-6],[13,-2],[4,-13],[19,-3],[11,-7],[8,1],[6,-3],[13,-13],[14,-4],[11,-9],[5,6],[19,2],[8,-3],[10,-15],[1,-11],[3,-4],[1,-14],[7,-7],[13,1],[15,-7],[10,-7],[0,-4],[20,-2],[15,-11],[4,-11],[8,-9],[10,-6],[4,-6],[14,-8],[22,-15],[6,-10]],[[6123,5561],[-13,-46]],[[6110,5515],[-20,12],[-13,1],[-5,10],[-16,9],[-1,11],[-16,16],[-10,3],[-5,5],[-17,7],[-31,1],[-17,3],[-20,3],[-17,-6],[-12,5],[-16,22],[-11,-3],[-9,1],[-4,10],[1,10],[-8,7],[2,8],[-7,3],[-9,-3],[-5,2],[-8,9],[-8,3],[-18,12],[-7,2],[-5,8],[-16,4],[-19,12],[-19,-4],[-21,0],[-2,8],[4,7],[-6,4],[-15,15],[-11,8],[-20,-1],[-5,-5],[-17,-2],[-11,5],[-2,-3],[-13,1],[-8,8],[-4,10]],[[5613,5753],[-2,10],[2,9],[-2,4],[-1,15],[15,11],[9,10]],[[5442,5750],[0,-11]],[[5442,5739],[-12,6],[-3,9],[-11,0],[-13,11],[-11,-2],[-21,-14],[-13,-4],[-16,6]],[[5342,5751],[5,3],[3,7],[-11,11],[0,11],[-17,11],[-7,8],[0,9],[15,0],[1,5],[-12,18],[2,7]],[[5321,5841],[10,2],[9,-6],[9,-2],[15,10],[1,-8],[6,-4],[16,-1]],[[5342,5751],[-8,4],[-12,-2],[-14,-7],[-6,2],[-22,-6],[-20,-25],[-36,-7],[-6,1],[-21,-2],[-10,4],[-23,6],[-20,2],[-6,-1],[-15,4],[-10,5],[-11,-3],[-4,4],[-19,4],[-14,1],[-3,8],[-10,3],[-15,12],[-6,8],[-10,6],[-8,3],[-22,13],[-3,4],[-15,6],[-17,2],[-10,8],[-16,1],[-8,9],[-24,-1],[-5,6],[-16,10],[-4,21],[-18,8],[-15,-1],[-12,-5],[-4,-6],[-12,-2],[-32,15],[-11,1],[-16,12],[0,6],[8,7],[-1,11],[-4,7],[0,9],[-10,9],[0,6],[-9,8]],[[4737,5939],[113,30],[116,22],[164,32]],[[5130,6023],[-1,-6],[10,-7],[8,-10],[6,0],[16,-9],[28,-1],[15,-3],[10,-18],[10,-7],[21,4],[6,-7],[1,-10],[8,-2],[9,-8],[11,-6]],[[5288,5933],[-4,-13],[-10,-3],[-6,-7],[-8,-2],[-12,-7],[-3,-8],[12,-8],[22,-8],[18,-19],[3,-8],[11,-6],[10,-3]],[[5543,6924],[4,-20],[-15,-22],[-7,-4],[-2,-9],[4,-8],[6,-6],[-4,-5],[19,-10],[4,-5],[15,-7],[-1,-5],[-9,-6],[10,-7],[-6,-12],[13,-10],[12,-5],[14,2],[10,4],[12,-1],[-4,-6],[7,-7],[10,-2],[15,1],[3,-6],[-3,-6],[13,-6],[9,-14],[-1,-6],[7,-3],[-1,-7],[-6,-5],[-14,-4],[12,-5],[-4,-6],[8,-5],[9,-2],[9,8],[19,-10],[5,-11],[-5,-3],[0,-10],[8,-7],[-9,-16],[9,-5],[5,-9],[2,-11],[-1,-6],[-8,-2]],[[5716,6617],[0,3],[-29,7],[-25,-3],[-4,-2],[-26,-3],[-10,-6],[-20,-21],[-10,-4],[-16,5],[-14,10],[-8,13],[11,21],[-1,12],[-8,8],[-2,9],[-8,11],[-6,14],[-7,6],[-19,5],[-6,7],[-9,2],[-5,8],[-12,4],[-7,6],[2,8],[-4,5],[2,9],[9,15],[9,5],[0,21],[3,13],[5,3],[4,9],[-15,3],[-3,7],[-2,16],[-6,3],[-5,9],[-19,-5],[-8,3],[0,6],[-14,9],[-5,-1],[-9,-7],[-15,-1]],[[5404,6859],[1,14],[8,13],[0,8],[2,16],[6,-2],[15,3],[3,-3],[18,8],[-5,10],[-13,10],[1,9],[6,5]],[[5446,6950],[2,4],[11,5]],[[5459,6959],[14,3],[9,-9],[14,-9],[9,0],[3,-5],[13,-6],[11,-1],[11,-8]],[[5945,6335],[8,0],[2,6],[11,5],[4,8],[-10,14],[-1,8],[2,19],[-3,2],[2,17]],[[5960,6414],[3,4],[-6,8],[7,8],[4,13],[-8,15],[8,11],[-10,15],[-12,2],[-6,6],[-12,6]],[[5928,6502],[14,14],[3,8],[10,-2]],[[5955,6522],[7,-21],[9,-8],[13,2],[7,-2],[-1,-11],[6,-6],[12,-13],[5,-3],[12,6],[5,-4],[1,-10],[14,-4]],[[5946,7211],[-13,-18],[-9,1],[-5,-11],[-7,-5],[-2,-15],[-4,-10],[-13,-14],[-5,-9],[3,-10],[15,-11],[15,-6],[3,-3],[18,-10],[3,-10],[-1,-11],[-5,-12],[5,-24],[-7,-5],[-19,-1],[-9,5],[-16,-7],[-16,1],[-8,6],[-2,14],[-6,12],[-8,4],[-14,-6],[-10,-7]],[[5829,7049],[-19,0],[-13,5],[-9,1],[-16,-6],[-6,-6],[-10,-4],[-5,-5],[-15,-5],[-26,-1],[-12,-7],[-1,-10],[-11,-12],[1,-16],[-8,-17],[-7,-3],[-20,5],[-13,5],[-21,17],[-17,7],[-48,4],[-15,-8],[-12,0],[-9,-2],[-2,-10],[-14,-13],[-7,-1],[-9,4],[-12,-3],[-14,-9]],[[5446,6950],[-18,10],[-7,13],[-8,6],[-12,3],[-8,-6],[-9,6],[-4,7],[-16,2],[-12,-8],[-8,6],[-8,-5],[-13,2],[-6,-2],[-25,-1],[-7,-5],[-13,-5],[-11,1],[-11,9],[-5,-1],[-11,11],[-29,19],[3,9],[-9,5],[-6,12],[-4,3],[9,19],[-10,5],[1,16],[-10,6],[-20,31],[-8,4],[9,11],[1,9],[5,5],[-12,3],[-1,9],[-6,6],[-18,3],[-19,-5],[-29,1],[-5,5],[7,6],[-9,3],[0,12],[-18,-3],[-3,-8],[-11,-5],[-1,-11],[-10,-7],[-4,-6],[-19,8],[-4,6],[-12,4],[-8,6],[-15,-13],[-5,4],[-11,-4],[-5,9],[-8,3],[-10,-1],[-13,-7],[-11,1],[8,-9],[-5,-5],[-5,6],[-8,-2],[-3,11],[-8,-4],[-7,6],[-23,-3],[-8,6],[-8,3],[2,9],[-6,3],[-14,-2],[-13,8],[-20,-3],[-16,4]],[[4772,7194],[9,129],[19,90],[4,106],[-2,13],[2,20],[-5,37],[-8,22],[1,11],[4,12],[-5,5],[1,14],[-10,7],[2,10],[-2,5],[-14,3],[-7,7],[2,7],[6,11],[4,14],[0,9],[-5,17],[-5,8],[-12,13],[-12,22],[-19,25],[-5,14]],[[4715,7825],[22,4],[17,0],[16,2],[13,4],[16,1],[5,7],[12,2],[10,-4],[4,-6],[-4,-4],[11,-12],[-5,-5],[1,-14],[16,-4],[17,3]],[[4866,7799],[-5,-22],[3,-8],[12,-10],[11,-11],[7,-27],[-1,-20],[2,-9],[9,-8],[1,-14],[5,-7],[7,-5],[-1,-5],[-7,-7],[-10,-4],[1,-11],[-7,-5],[1,-5],[8,-8],[10,5],[13,-1],[14,-7],[0,-13],[11,-5],[5,-10],[-7,-21],[8,-6],[10,-2],[7,-6],[-1,-7],[16,-17],[0,-4],[13,-5],[11,-15],[1,-10],[6,-12],[7,0],[1,-12],[5,-5],[6,-14],[17,-7],[16,-20],[15,-12],[-2,-14],[6,-17],[13,-15],[12,-10],[6,-8],[4,-13],[6,-5],[0,-18],[-2,-4],[-12,-2],[2,-11],[-4,-4],[1,-10],[-11,-5],[-7,-19],[9,-16],[9,-6],[3,-11],[9,-12],[35,-9],[30,-12],[12,-8],[20,-17],[10,-16],[1,-12],[6,-10],[7,-4],[9,1],[16,-6],[9,2],[13,-10],[28,-12],[31,-22],[19,-8],[14,-4],[33,-1],[16,-6],[12,1],[8,3],[9,10],[3,15],[5,3],[8,11],[17,-1],[10,1],[8,9],[9,3],[10,-6],[16,0],[14,-4],[12,-1],[3,6],[-6,6],[-5,24],[3,9],[-5,7],[1,26],[-11,12],[4,7],[-1,16],[9,5],[-1,8],[-8,7],[-1,19],[-4,10]],[[5843,6534],[-5,-3],[-6,-15],[3,-5],[0,-12],[5,-4],[2,-8],[-7,-15],[-17,-14],[-12,-5],[-7,1],[-5,-8],[2,-7],[-9,0],[-7,-3],[-7,4],[-14,2],[-10,-7],[-8,5],[-11,2],[-19,7]],[[5711,6449],[0,7],[-7,5],[10,9],[0,14],[5,8],[5,16]],[[5724,6508],[27,29],[9,4],[12,16],[-1,8],[3,7],[-4,12],[-8,13],[0,4]],[[5762,6601],[12,8],[14,0],[6,-4],[4,8],[18,3],[13,5]],[[5829,6621],[7,-7],[-1,-5],[-13,-12],[-1,-10],[8,-8],[2,-12],[-6,-2],[0,-9],[13,-19],[5,-3]],[[5917,6708],[-12,-14],[-10,-3],[-10,2]],[[5885,6693],[8,12],[-5,9],[-10,4],[-4,6],[-20,2],[-21,-14],[-16,-1],[-4,3],[-6,19],[13,10],[3,8],[7,10],[3,14],[-3,8],[-9,7],[2,9],[-5,17],[-15,16],[0,14],[-3,11],[-5,12],[-27,-16],[-12,-1],[-44,3],[-7,3],[-17,-2],[-14,6],[-7,-2],[-7,4],[-9,11],[3,10],[-2,11],[-8,5],[-19,8],[-21,5],[-10,8],[-5,-2],[-8,15],[-10,0],[-9,-6],[-12,-5],[-7,0]],[[5829,7049],[1,-8],[-6,-17],[-12,-21],[0,-13],[-9,-15],[-6,-5],[-1,-7],[4,-9],[7,-5],[3,-7],[12,-6],[11,-1],[11,-10],[16,-1],[14,7],[8,0],[1,-12],[12,-8],[20,-5],[9,-6],[4,-8],[13,-7],[7,-7],[17,0]],[[6468,6326],[-2,-8],[16,-12],[8,-8]],[[6490,6298],[-11,-6],[-2,-5],[-15,-9],[-7,-8],[-4,-12]],[[6335,6497],[10,9],[2,6],[7,-1],[15,11],[14,-2],[10,2],[28,-4],[6,1],[18,-15],[8,-2]],[[6453,6502],[4,0]],[[5960,6414],[-7,-8],[-12,-8],[-4,-8],[-9,-6],[-3,-7],[-12,-9],[-3,-5],[-8,-3],[-6,4],[-15,-3],[-11,-8],[-10,-15],[-25,-17],[-1,-4],[-11,-6],[-8,1],[-7,6],[2,19],[-2,4],[0,15],[-16,15],[-8,0],[-7,5],[-13,2],[-10,-4],[-14,-22],[-6,-6]],[[5734,6346],[-18,7]],[[5716,6353],[-6,1],[6,11],[-8,8],[-1,14],[7,5],[1,13],[-7,3],[-4,13],[2,11],[4,7],[1,10]],[[5843,6534],[20,-10],[25,-5],[5,-8],[17,5],[18,-14]],[[6174,5732],[-27,-89]],[[6147,5643],[-10,3],[-12,0],[-13,7],[-10,15],[-13,9],[-3,6],[-8,10],[-2,9],[-4,5],[-4,13],[2,11],[-3,15],[5,10],[-7,6],[-3,8],[-7,6],[-5,13],[6,12],[-3,4],[-22,-6],[-26,-7],[-17,1],[-16,3],[-15,2],[-5,5],[-12,-2],[-8,3],[-15,1],[-9,4],[-21,1],[-17,-6],[-10,-6],[-12,-1],[-16,6],[0,5],[-6,5],[-10,-1],[-5,-5],[-14,1],[-10,-4],[-11,1],[-13,5],[-3,12],[-14,5],[-5,6],[-14,5],[-3,7],[-8,2],[-1,5]],[[5729,5876],[12,13],[-1,14],[-5,7],[-5,17],[-4,2],[-2,13],[-6,11],[6,6]],[[5724,5959],[12,2],[3,12],[6,12],[9,2],[6,10]],[[5760,5997],[16,-5],[10,4]],[[5786,5996],[11,-8],[2,-12],[14,-11],[20,-2],[13,-2],[9,4],[8,-4],[2,-10],[-1,-11],[7,-13],[12,-10],[1,-19],[9,6],[2,-15],[11,-4],[-1,-9],[11,-1],[13,4],[5,11]],[[5288,5933],[11,12],[13,19],[11,9],[12,6]],[[5335,5979],[14,-5],[5,-8],[21,-13],[8,-17],[8,-3],[23,-16],[5,9],[9,1],[4,5],[-2,8],[5,7],[19,7],[16,-8],[1,-5],[19,-2],[10,4],[18,3],[6,0],[13,-18]],[[5537,5928],[-2,-9],[-5,-1],[-16,-9],[-10,3],[-15,-3],[-9,1],[-10,-4],[-5,-7],[-12,-5]],[[5717,6112],[7,-4],[1,-9],[1,-17],[-8,-7],[1,-8]],[[5719,6067],[-18,-8],[-9,-2],[-20,10],[-14,-5],[-13,2],[-7,-11],[-7,0],[-3,-6],[-14,-1],[-18,-6]],[[5596,6040],[-8,12],[-13,11],[-2,14],[-5,11],[7,4],[6,13],[3,23]],[[5584,6128],[2,8],[6,5],[-1,8]],[[5591,6149],[7,21]],[[5620,5825],[-12,-4],[-2,-4],[-10,-1]],[[5596,5816],[-8,-2],[-18,6],[-4,6],[-7,2],[4,7],[-7,12],[-15,13],[-1,9],[10,11],[11,5],[7,5],[1,16]],[[5569,5906],[15,-12],[4,-9]],[[5569,5906],[-7,20]],[[5562,5926],[8,-6],[21,1],[8,9],[13,5],[10,-1],[5,4],[13,-2],[18,8],[7,-2],[4,6],[7,-1],[3,6],[15,9]],[[5694,5962],[15,2],[15,-5]],[[5694,5962],[-13,7],[-6,6],[-6,10],[5,9],[-1,11],[-6,4],[-14,-5],[-11,0],[-22,4],[-10,8]],[[5610,6016],[-2,9],[-11,7],[-1,8]],[[5719,6067],[5,-7],[-2,-22],[26,-9],[7,-10],[0,-12],[5,-10]],[[5458,5782],[1,3],[17,-2],[15,1],[9,-10],[13,-4],[22,0],[7,-4],[7,-9],[10,0],[2,14],[7,4],[3,7],[-4,5],[-1,14],[9,6],[14,-4],[9,6],[-2,7]],[[5638,5816],[-4,-4]],[[5613,5753],[-13,-12],[-5,-2],[-4,-8],[2,-8],[-9,-8],[-13,1],[-25,-9],[-8,-11],[13,-7],[-23,-24],[-12,-17],[-12,-9],[-6,-13],[8,-3],[11,1],[5,5],[7,1],[10,-5],[6,1],[20,-4],[21,3],[14,4],[18,7],[17,8],[33,13],[14,3],[28,-1],[13,-4],[19,-12],[33,-37],[-1,-3],[4,-12],[8,-4],[1,-13],[-3,-9],[2,-7],[15,-1],[13,-4],[6,-6],[0,-7],[14,-5],[17,-14],[-8,-10],[267,4]],[[6110,5515],[15,-15],[27,-13],[26,-3],[5,-8],[6,6],[15,-14],[0,-7],[-4,-8],[2,-11],[4,-3],[-14,-9],[-6,0],[2,-10],[-4,-8],[2,-17],[3,-7],[6,-3],[4,-9],[-6,-3],[8,-9],[5,-16],[14,-7],[5,-15],[-9,-17],[4,-19],[5,-6],[6,5],[11,-8],[-2,-5]],[[6240,5276],[-6,-7],[8,-23],[-10,2],[-2,-14],[-21,-2],[1,-10]],[[6210,5222],[-18,8],[-9,-1],[-5,-4],[-19,1],[-14,8],[-4,5],[-20,3],[-10,-3],[-2,-8],[-16,-7],[-3,-7],[-16,-5],[-14,1],[-12,-3],[-9,5],[-6,-5],[-13,2],[-9,7],[-11,-2],[-4,-5],[-8,2],[-14,-2],[-12,2],[-4,3],[-15,7],[-3,7],[-16,8],[-11,0],[-22,4],[-10,6],[-15,3],[-20,-4],[7,-7],[-4,-4],[-11,3],[-3,7],[-9,8],[-13,4],[-17,-13],[-5,-2],[-16,1],[-2,2],[-20,2],[-13,3],[-39,6],[-17,-1],[-14,2],[-17,-5],[-4,10],[10,7],[3,8],[-3,7],[4,9],[-4,8],[5,11],[-6,14],[-3,2],[1,10],[8,19],[3,1],[-2,18],[-7,12],[4,5],[-2,8],[13,21],[4,10],[-2,7],[9,2],[1,10],[7,5],[12,5],[2,16],[7,8],[2,27],[2,13],[-5,4],[-4,13],[-8,7],[-8,-4],[-39,-3],[-6,-4],[-22,-4],[-22,3],[-6,7],[-11,3],[-5,6],[-10,4],[-1,5],[-17,1],[-8,13],[-24,11],[-5,0],[-14,8],[-17,3],[-8,-2],[-10,1],[-6,7],[-6,12],[1,12],[-2,6],[-30,5],[2,9],[-2,6],[7,4],[3,8],[10,12],[15,5],[13,11],[-19,1],[2,12],[9,3],[5,8],[-2,8],[-10,6],[-9,-2],[-6,7]],[[6453,6502],[-7,7],[0,5],[-17,12],[-4,5],[-15,1],[-13,5],[-8,15],[-10,-5],[-8,-1],[-2,8],[-6,9],[-9,3],[0,8],[-9,10]],[[6381,6680],[8,2],[7,-3],[4,-9],[6,-3],[5,-11],[2,-8],[9,0],[7,5],[13,1],[31,17],[8,8],[14,6]],[[5856,6282],[11,-16],[-3,-3],[0,-12],[3,-8],[-2,-26],[2,-9],[6,-6],[-1,-6],[7,-11]],[[5857,6196],[-8,7],[-1,12],[-12,8],[-5,8],[-13,11],[0,7],[-13,8],[-4,7],[-34,10],[-14,8],[-5,20],[2,8],[-16,36]],[[5199,6635],[8,9],[9,-3],[3,6],[8,5],[20,33],[13,2],[8,3],[14,-4],[2,-6],[8,-2],[9,-6],[3,3],[12,-5],[4,-17],[-10,-14],[12,-8],[-4,-8],[8,-1],[6,6],[14,-2],[4,-6],[11,-3],[4,-8],[-7,-6],[7,-3],[8,-9],[11,0],[8,-10],[13,2],[13,-12],[9,-4],[9,-11],[21,-3],[6,2],[6,12],[8,-1],[15,12],[19,10],[12,0],[15,5],[12,0],[8,-2],[5,-10],[8,0],[-1,-8],[4,-3],[11,-1],[-4,-11],[3,-8],[-8,-8],[-8,-14],[-2,-11],[8,-8],[14,-8],[9,-14],[15,-8],[5,-5],[1,-9],[5,-3],[9,0],[9,-12],[2,-7]],[[5643,6443],[-17,-8],[-3,-9]],[[5623,6426],[-10,2],[-5,-4],[-13,-2],[-11,0],[-7,13],[-11,8],[-13,12],[-7,12],[2,8],[-8,11],[0,19],[-9,3],[-20,12],[-16,14],[-24,5],[-16,-7],[-26,3],[2,-8],[-8,-7],[-10,-1],[-1,-7],[-8,1],[-11,-2],[-3,-6],[-10,6],[-9,2],[2,6],[-7,3],[-1,13],[-9,0],[-6,-4],[-8,7],[9,5],[-3,9],[-15,0],[-3,-9],[-7,-5],[-10,0],[-4,8],[-10,5],[2,4],[-11,9],[-9,2],[11,11],[-10,19],[-12,10],[-10,2],[-12,-2],[-9,-4],[-11,7]],[[4772,7194],[-3,-3],[7,-12],[12,0],[-3,-7],[-9,-1],[-12,-15],[1,-8],[7,-9],[3,-14],[-6,-5],[-5,-10],[-12,-4],[-14,3]],[[4738,7109],[-6,10],[-3,16],[4,2],[3,11],[-4,8],[2,9],[8,10],[-3,3],[3,20],[-2,6],[-9,10],[1,16],[-8,8],[5,2],[3,29],[7,20],[-2,6],[-3,51],[-7,29],[2,9],[-5,6],[4,13],[13,7],[3,6],[-13,14],[-1,7],[7,6],[4,10],[-6,8],[-10,24],[3,10],[-3,7],[6,7],[3,18],[4,8],[12,16],[-2,10],[-7,9],[4,9],[7,-1],[-14,14],[-14,-2],[-8,-5],[-8,3],[-11,-2],[-4,4],[1,33],[4,16],[-2,13],[-18,22],[-17,13],[-7,25],[0,8],[-6,13],[-16,15],[-27,43],[-5,25]],[[4600,7816],[11,0],[13,-2],[22,0],[7,-1],[15,7],[16,1],[31,4]],[[6267,6699],[6,-3],[-4,-7]],[[6277,6563],[-10,2],[-14,-5],[-14,-3],[-3,13],[-6,6],[3,4],[-3,11],[-5,6],[-10,5],[-11,2],[1,-6],[-3,-20],[-16,-6],[-7,-5],[-5,-7],[-1,-11],[-5,-3],[-5,-10]],[[6163,6536],[-8,9],[0,11],[-5,13],[-5,9],[-1,9],[-11,7],[-11,22],[1,12],[-16,12],[-10,1],[-7,8],[-5,-4],[-12,5],[-2,10],[5,3],[1,12],[-14,5],[-10,-2],[-11,3]],[[5638,6280],[-9,12],[-9,5],[-11,13],[7,5],[7,13],[-11,5],[-18,6],[-3,10],[7,11],[-6,3],[1,9],[6,4],[-2,12],[5,6],[0,7],[16,14],[5,11]],[[5643,6443],[5,-1],[9,9],[5,1],[14,14],[2,7],[10,13],[-1,7],[7,5],[17,9],[13,1]],[[5716,6353],[-5,-5],[2,-11],[-4,-5],[-14,-8],[-10,-12],[-1,-18]],[[5291,6903],[16,5],[14,7],[8,-4],[9,0],[6,-3],[9,2],[13,11],[9,-3],[6,-15],[6,-4],[-3,-7],[6,-13],[1,-14],[13,-6]],[[5716,6617],[3,-6],[12,-2],[0,-4],[11,-6],[16,-1],[4,3]],[[4705,6764],[-8,3],[-19,18],[-5,12],[-6,6],[5,13],[0,8],[-11,16],[-2,8],[3,9],[-6,7],[1,6],[6,5],[-2,6],[8,3],[-1,7],[-16,-1],[2,8],[-6,4],[2,7],[-1,27],[-2,16],[-9,14],[2,7],[8,6],[-7,10],[0,7],[9,4],[9,37],[-10,6],[-5,10],[8,17],[11,9],[-9,10]],[[4654,7089],[9,11],[7,1],[21,-3],[18,8],[13,-2],[10,5],[6,0]],[[5130,6023],[0,8],[-19,10],[-3,6],[-10,1],[-8,-2],[-7,6],[8,9],[6,10],[-11,11],[-8,17],[5,12],[-10,5],[-5,6],[-6,16],[-7,6],[-7,16],[11,14],[28,6],[9,16],[11,5],[8,7],[11,4],[12,1],[26,13],[-3,8],[-12,14],[-2,8],[-10,0],[2,24],[-7,7],[6,7],[5,-3],[12,-2],[6,5],[7,12],[10,2],[5,8],[10,7],[1,10],[8,6],[14,6],[8,19]],[[5224,6364],[1,-20],[4,-4],[-4,-13],[-5,-4],[3,-8],[-9,-30],[1,-9],[-13,-2],[0,-11],[9,-8],[17,-2],[12,1],[1,-10],[-5,-7],[1,-19],[-8,-9],[2,-5],[8,-1],[10,4],[16,1],[29,-15],[4,-6],[9,-4],[8,-6],[16,-19],[-1,-9],[7,-11],[1,-13],[7,-5],[20,-1],[8,6],[17,-2],[-1,-8],[5,-8],[-1,-16],[3,-16],[4,-4],[-3,-11],[-7,-2],[1,-13]],[[5391,6045],[-8,-8],[3,-13],[-9,-8],[-24,-10],[-8,1],[-8,-2],[10,-11],[0,-9],[-12,-6]],[[4501,7288],[-5,-3],[-5,7],[-7,4],[-7,-3],[-7,7],[-5,-1],[-7,14],[-10,9],[10,6],[-1,8],[-6,8],[-18,-4],[-11,8],[-5,-2],[-30,7]],[[4387,7353],[-10,7],[-8,19],[-12,7],[-12,-2]],[[4345,7384],[0,12],[-22,2],[-12,7],[0,10],[-6,7],[-16,3],[-10,6],[-12,0],[-5,17],[8,5],[7,28],[-1,4],[-12,-4],[-2,5],[10,8],[-5,5],[-12,-3],[-2,10],[9,7],[-4,10],[5,9],[7,3],[-4,6],[-9,-2],[-2,6],[7,6],[-2,9]],[[4260,7560],[9,6],[0,8],[8,2],[4,9],[-11,0],[1,10],[8,33],[11,4],[20,11],[8,-5],[6,6],[12,2],[-1,14],[9,11],[8,7],[11,13],[14,7],[10,1],[13,22],[8,1],[4,8],[-8,7],[8,3],[-5,5],[24,2],[24,6],[32,0],[5,6],[14,21],[13,12],[27,13],[24,8],[9,1]],[[4579,7814],[6,-67],[4,-12],[0,-10],[8,-13],[10,-9],[3,-9],[-2,-14],[-21,-11],[-8,-1],[-10,-6],[-11,-2],[2,-26],[-6,-21],[13,-14],[-1,-16],[-7,-14],[-4,-18],[-7,-4],[-4,-13],[-8,-11],[-18,-19],[-12,-19],[-7,-17],[-6,-5],[-4,-12],[-24,-43],[-6,-21],[-8,2],[-6,-3],[1,-8],[55,-90]],[[4654,7089],[-16,4],[-19,4],[-2,10],[5,5],[-2,8],[-8,2],[-13,-6],[-12,5],[-2,6],[3,11],[-10,0],[-4,-4],[-10,7],[6,12],[-8,9],[-14,0],[-2,7],[9,5],[-5,7],[8,9],[-6,5],[-5,17],[-8,4],[-9,8],[-13,2],[-4,8],[4,10],[-14,9],[4,8],[-10,14],[9,10],[-5,3]],[[4579,7814],[21,2]],[[5562,5926],[-5,3],[17,57],[7,11]],[[5581,5997],[13,14],[16,5]],[[4387,7353],[-6,-6],[-11,-6],[-16,-10],[0,-12],[-4,-6],[1,-17],[-6,-10],[0,-6],[12,-6],[1,-3],[-11,-8],[-8,-9],[1,-20],[-11,-7],[-15,-3],[-7,-6],[2,-15],[8,-28],[12,-4],[4,-4],[-9,-10],[-4,-9],[-6,-4],[-2,-9],[9,-9],[-5,-6],[0,-7],[6,-5]],[[4322,7108],[-11,-4],[-3,-10],[-9,-17],[0,-6],[-5,-6],[3,-4],[-7,-5],[-3,-14],[7,-9],[-1,-11],[8,-25],[2,-16],[4,-8],[-7,-2],[4,-10],[-9,-10],[-10,5],[-8,-3]],[[4277,6953],[-7,3],[-19,0],[-27,-9],[-8,2],[-3,6],[-1,22],[-2,30],[11,11],[7,3],[-1,10],[3,7],[-14,9],[-3,7],[-9,11],[-15,-1],[-9,4],[-7,12],[-6,-2],[-2,-10],[-17,-13],[1,-9],[-4,-3],[-12,2],[-2,-4],[-11,-3],[-7,12],[6,9],[1,19],[-4,26],[-6,21],[8,3],[6,-7],[15,-2],[6,7],[-20,-1],[-10,7],[-8,2],[-4,7],[-6,27],[-5,8],[-2,17],[-17,11],[-8,30],[-5,21],[2,13],[7,14],[8,30]],[[4077,7312],[5,-6],[3,-9],[19,9],[10,-5],[2,-8],[-3,-14],[5,-6],[15,-4],[17,-14],[18,-10],[7,1],[3,9],[-9,5],[-3,13],[11,8],[7,0],[8,-5],[5,-11],[7,0],[8,9],[8,4],[21,0],[29,11],[10,1],[5,6],[-4,5],[-11,1],[-4,4],[5,8],[20,7],[5,5],[6,14],[15,1],[18,21],[4,17],[6,5]],[[5885,6693],[-8,-7],[-5,-13],[-13,-22],[-10,-9],[-10,-5],[-10,-16]],[[5584,6128],[-4,6],[-40,28],[-6,11],[-4,2],[-5,11],[1,14],[6,3],[11,25],[-3,19],[3,9],[-9,7]],[[5534,6263],[2,8]],[[5536,6271],[7,12],[7,-4],[2,-10],[6,-6],[-2,-7],[7,-7],[9,-16],[1,-22],[11,-21],[-3,-10],[2,-5],[-3,-11],[11,-15]],[[6147,5643],[-24,-82]],[[5537,5928],[25,-2]],[[5187,6490],[9,-8],[1,-9],[6,-2],[20,-19],[3,7],[7,0]],[[5233,6459],[4,-12],[-11,-4],[1,-8],[7,-1],[4,-10],[-5,-1],[0,-12],[9,2],[10,-1],[-1,-8],[-15,-4],[4,-7],[-17,-5],[3,-8],[-3,-5],[1,-11]],[[4737,5939],[-5,1],[-9,5],[-20,7],[-5,4],[0,6],[-6,5],[-11,0],[-4,9],[-5,4],[-17,7],[-15,13],[6,4],[-4,8],[4,5],[8,2],[13,9],[13,-4],[-1,16],[-3,5],[-8,0],[-7,4],[0,12],[-9,2],[-5,-5],[-20,27],[0,6]],[[4673,6647],[-40,-19],[-9,2],[0,-10],[8,-8],[-3,-7],[-8,-1],[-1,-5],[-12,-2],[1,-8],[-9,2],[-6,9],[-12,-7],[-12,1],[1,-10],[6,-8],[-6,-5],[2,-8],[-6,-12],[-19,-20],[-2,-15],[-15,-7],[-14,-3],[-3,-7],[-12,-10],[-7,-1],[-13,4],[-16,29],[0,13],[3,12],[10,17],[45,37],[-6,12],[-35,31],[-3,6],[3,10],[18,6],[15,1],[10,8],[-1,8],[-6,11],[-15,14],[-13,20],[-7,22],[0,11],[-9,12],[-5,9],[-13,7],[-6,8],[-13,4],[-12,2],[-27,13],[-14,10],[10,11],[9,1],[11,8],[1,6],[-2,17],[-12,21],[-20,9],[-3,8],[12,4],[7,21],[-4,4],[3,12],[-6,17],[-11,13],[-15,13],[-15,9],[-12,3],[-13,5],[-8,11],[-16,17],[-2,10],[2,15],[10,14],[13,27],[-2,7]],[[5536,6271],[-28,9],[-8,6],[-4,11],[1,9],[-5,4],[1,6],[-18,13],[-15,4],[-12,-2],[-5,-5],[-17,10],[-17,5],[-2,6],[-8,4],[-2,8],[-12,8],[0,8],[-11,9],[-12,-1],[-8,4],[-4,-5],[-10,0],[-19,20],[-9,7],[-5,-2],[-13,6],[1,9],[-4,8],[-6,3],[-3,8],[-11,8],[-5,-3],[-12,4],[-5,6],[-16,3]],[[6265,6519],[7,16],[13,12],[-3,6],[2,8],[-7,2]],[[6163,6536],[3,-3]],[[5955,6522],[6,5],[7,-1],[8,4],[9,11],[8,-1],[14,6],[6,6],[-9,12],[1,7],[8,16],[2,23],[-4,8],[1,9],[5,10],[-2,13],[-6,6],[5,10],[-2,13],[-9,2],[-4,5]],[[4866,7799],[13,5],[9,-1],[18,-12],[3,-9],[6,-4],[6,-16],[11,1],[8,6],[18,22],[12,13],[21,-5],[13,10],[9,-1],[41,11],[10,-16],[1,-8],[14,-6],[12,-10],[15,2],[0,12],[8,3]],[[5534,6263],[-7,-4],[-2,-13],[-5,-3],[-24,-14],[-10,-14],[-1,-16],[-10,-7],[-5,-9],[7,-5],[-4,-11],[5,-6],[-3,-12],[3,-7],[-5,-16],[-1,-16],[-8,-8],[-1,-6],[-27,-23],[1,-7],[-15,-26]],[[5422,6040],[-21,-2],[-10,7]],[[5422,6040],[4,-3],[-1,-8],[1,-13],[15,-9],[10,-8],[28,-14],[7,-5],[11,-4],[8,6],[17,8],[12,-3],[9,8],[22,-2],[16,4]],[[5786,5996],[3,6],[-2,14],[6,9],[23,22],[2,7],[8,9],[21,6],[5,6],[13,4],[6,9],[-3,21],[-4,8],[1,13],[-13,12],[0,10]],[[4333,6149],[-10,1],[6,7],[1,8],[-5,2],[2,8],[-11,3],[0,7],[-26,9],[-4,17],[-8,-1],[-50,0],[-4,-4],[-19,8],[-12,1],[-10,3],[-7,12],[-11,8],[-9,1],[-10,10],[3,13],[-9,4],[0,6],[-12,17],[2,8],[-12,0],[-16,13],[-18,3],[-10,7],[-2,11],[-7,10],[-12,7],[-3,5],[-14,-1],[-14,10],[-7,2],[-7,11],[-11,8],[-19,-5],[-6,2],[3,14],[-5,5],[-14,-2],[-10,21],[-23,8],[-4,14],[10,8],[-7,7],[-5,-10],[-18,0],[-2,7],[16,10],[11,3],[15,15],[-12,-2],[-9,-7],[-27,6],[-14,-3],[-9,6],[-19,20],[-5,16],[1,12],[9,3],[-5,13],[-7,5],[1,7],[12,-4],[3,7],[-11,5],[-8,1],[-10,-3],[-11,-11],[-12,-1],[-16,21],[-8,-5],[-15,7],[-13,18],[-18,17],[-15,5],[0,4],[-15,-3],[-6,-6],[-19,19],[-11,20],[-8,7],[12,2],[3,9],[-8,0],[-7,6],[3,10],[21,12],[21,7],[11,7],[7,7],[6,-6],[5,3],[-1,11],[3,6],[18,26],[20,21],[14,12],[34,24],[20,24],[18,15],[10,0],[35,19],[23,6],[20,-2],[13,1],[8,-4],[-7,-6],[-12,-1],[-8,-4],[-11,-14],[-4,-14],[20,18],[10,-6],[5,6],[12,2],[8,3],[-7,7],[8,6],[20,-4],[11,5],[9,6],[11,2],[10,-7],[-17,-10],[-3,-7],[-11,-3],[-11,1],[1,12],[-8,2],[-7,-18],[-21,-1],[6,-15],[22,0],[5,10],[7,3],[11,-6],[6,1],[4,-16],[6,-5],[5,-13],[1,-15],[-7,-5],[10,-7],[7,6],[3,24],[-4,18],[2,9],[5,0],[10,-16],[8,-4],[9,1],[-2,9],[4,3],[3,-13],[15,-19],[-11,-11],[10,0],[5,6],[2,8],[-10,11],[-7,12],[11,9],[26,-4],[7,1],[5,8],[20,-3],[26,1],[20,3],[10,-6],[-7,-9],[0,-9],[7,-2],[12,7],[12,-4],[11,-27],[10,2],[10,6],[-12,4],[3,27],[-4,9],[8,4],[10,0],[10,6],[-9,4],[0,11],[-2,23],[8,6],[-1,6],[6,5],[2,8],[-6,5],[-5,27],[-5,14]],[[4077,7312],[10,9],[-5,9],[11,4],[8,14],[13,-6],[15,23],[-5,11],[2,11],[5,7],[11,9],[18,20],[6,1],[8,8],[4,12],[-7,4],[4,12],[2,21],[2,10],[9,11],[24,24],[35,47],[5,-2],[8,-11]],[[12288,13786],[5,8],[-3,15],[-9,6],[3,9],[-9,16],[3,8],[1,14],[-2,12],[9,10],[-1,11],[3,9],[-6,9],[0,23],[6,4],[1,12],[-2,6],[4,8],[-3,5],[5,13],[-3,9],[12,8],[21,3],[6,6],[13,4],[4,9],[9,5],[-3,9],[8,13],[0,10],[7,3],[0,14],[-12,3],[-1,7],[11,-1],[5,16],[-3,15],[-4,5],[1,6],[-6,2],[-20,-14],[-11,3],[-2,11],[1,9],[-2,13],[2,12],[9,17],[7,22],[-17,-2],[-14,-5],[-20,4],[-28,-2]],[[12263,14198],[3,7],[-3,8],[6,2],[-1,28]],[[12268,14243],[3,9],[16,4],[-4,9],[9,10],[2,12],[-3,5],[7,6],[8,-1],[7,-16],[-1,-4],[18,-16],[12,2],[1,-18],[7,-11],[11,-4],[4,7],[1,12],[-2,16],[3,9],[0,12],[2,7],[9,5],[1,16],[-4,16],[11,8],[5,-6],[18,11],[1,5],[9,1],[7,12],[8,6],[8,-1]],[[12442,14366],[61,-56]],[[12503,14310],[0,-14],[-2,-3],[-19,4],[-3,-9],[16,-1],[0,-3],[-9,-7],[-2,-9],[5,-6],[-2,-7],[-7,-6],[17,-3],[0,-6],[13,-3],[7,-4],[3,-12],[-2,-14],[12,-4],[0,-12],[6,-6],[14,2],[8,7]],[[12558,14194],[-5,-29],[4,-1],[5,-23],[11,-18],[-1,-8],[4,-14],[20,-26],[5,-9],[2,-11],[-16,-10],[2,-19],[7,-12],[-11,-3],[-9,-15],[4,-12],[23,-7],[1,-13],[6,-26],[2,-18],[-10,-7],[-1,-5],[10,-12],[-5,-13],[-15,7],[-4,8],[-16,10],[-9,9],[-6,1],[-14,-4],[-7,3],[-13,0],[3,-15],[-4,-2],[-9,-12],[3,-14],[-7,-8],[-17,2],[-8,-10],[3,-5],[-12,-12],[-29,-8],[-15,-11],[-6,-7],[-4,-16],[7,-5],[6,4],[10,-15],[5,3],[8,-3],[3,-17]],[[12459,13766],[0,-14],[-5,-7],[0,-8],[-19,0],[-10,-8],[-2,-13]],[[12423,13716],[-11,12],[-7,0],[-13,-21],[-6,-3],[-8,-14],[-2,-24],[-4,-19],[3,-10],[-8,-17],[-4,-13],[0,-8],[-13,-5],[-7,-7],[-20,-7],[-17,-14],[-2,-5]],[[12304,13561],[-6,8],[-15,20],[8,7],[6,11]],[[12297,13607],[4,7],[7,5],[12,17],[-2,13],[-12,4],[-5,9],[-7,6],[1,11],[-4,8],[4,11],[6,1],[11,9],[5,-4],[9,8],[-3,3],[9,8],[5,7],[7,3],[3,10],[-3,10],[-17,1],[-9,-3],[-8,7],[-7,-9],[-13,1],[-6,6],[7,10],[-3,20]],[[11318,13895],[3,11],[-7,18],[6,12],[-5,14],[-6,5],[-4,13],[-8,13],[-1,11],[10,8],[13,-5],[33,23],[6,10],[1,12],[-7,9],[-10,1],[-1,28],[8,2],[9,7],[3,8],[6,0]],[[11367,14095],[4,-6],[13,-5],[5,-8],[9,-7],[14,0],[11,6],[10,2],[12,7],[15,1],[2,5],[-2,8],[12,16],[14,0],[11,6],[12,1],[8,-6],[5,8],[7,-2],[3,11],[19,-1],[16,4],[19,-6],[25,-15],[4,-9],[9,-6],[7,9],[-2,4],[6,7],[24,12],[2,5],[8,3],[-4,10],[5,7],[-8,15],[-2,12],[-5,5],[2,11],[4,3]],[[11661,14202],[15,-9],[6,2],[11,-3],[12,6],[1,4],[16,0],[8,-2],[17,1]],[[11747,14201],[0,-8],[-7,-9],[10,-21],[23,-16],[-1,-9],[-5,-3],[16,-18],[9,-22],[-8,-4]],[[11784,14091],[-3,-8],[-9,-3],[-17,0],[-9,-3],[-8,-8],[-9,-1],[0,-7],[-12,-6],[-3,-9],[7,-24],[-2,-6],[4,-8],[9,-2],[-1,-15]],[[11731,13991],[-13,-9],[-1,-23],[-5,-9],[1,-7],[-6,-9],[-10,-8],[-25,-4],[-8,3],[-7,-2],[-9,-15],[-9,-1],[-15,2],[-5,-9],[-1,-27],[8,-21],[15,-13],[1,-27],[18,1],[5,-7],[10,-6],[3,-8],[0,-13],[4,-13],[-9,-17],[2,-12],[-2,-10]],[[11673,13727],[2,-10],[-4,-10],[-12,-17],[-16,-7],[5,-8],[-4,-8],[2,-17],[-7,-15],[-9,-4],[-4,-6],[-13,-5],[-7,11],[-18,-1],[-2,-5],[-9,-1],[-6,9],[-7,5],[-12,-3],[-11,12],[-10,3],[2,8],[-4,4]],[[11529,13662],[-20,-8],[-14,-16],[-5,-14],[-7,-4],[-4,6],[-12,7],[-6,1],[12,11],[-1,7],[-8,3],[-5,8],[-19,8],[-16,9],[-9,-4],[-17,-3],[-21,9],[-5,8],[-6,-2],[-12,4],[-19,0],[-3,-7],[-8,-2],[-4,5],[-13,-10],[-6,-2],[-9,5],[-1,5],[-14,4],[-11,-7]],[[12142,13462],[-5,0],[-6,-9],[-12,-1],[-11,-4],[-9,5],[-7,10],[-13,-12]],[[12079,13451],[-32,-10],[-5,10],[-7,4],[-9,2],[-11,11],[-10,1],[-16,-11],[-15,-5],[1,-12],[-14,-21],[-13,-7],[-5,-6],[5,-5],[4,-13],[-3,-11],[6,-24],[-9,-13],[-7,-4],[-2,-8],[-11,-5],[-3,-11],[1,-8],[-14,-4],[-4,-14],[-7,-4],[-11,-12],[-7,-2],[-6,4]],[[11875,13273],[3,8],[-5,6],[-7,-3],[-6,4],[-6,10],[-23,7],[-5,10],[-7,2],[-3,7],[-20,5],[-7,5],[-11,1],[-15,8],[1,12],[-10,12],[1,7],[-7,36],[-3,11],[6,4],[10,14],[-3,8]],[[11758,13447],[0,10],[9,9],[10,18],[7,8],[13,-3],[0,10]],[[11797,13499],[8,4],[8,-4],[13,1],[11,12],[25,13],[6,-8],[29,-6],[10,-8],[13,7],[11,14],[5,5],[0,6],[13,12],[11,-6],[9,4],[5,6],[11,0],[14,-8],[12,2],[8,7],[9,14],[5,-4],[13,-2],[11,1],[17,-5],[16,14],[14,20]],[[12104,13590],[-1,-14],[-8,-11],[-1,-19],[6,-10],[12,-6],[9,-1],[15,-9],[8,2],[-3,-13],[8,-19],[-3,-5],[1,-14],[-5,-9]],[[12304,13561],[-7,-10],[-2,-9],[-6,-3]],[[12289,13539],[-18,-12],[-5,0],[-7,-14],[1,-7],[-6,-8],[2,-10],[-5,-9],[-14,-1],[-5,-7],[-3,-17],[4,-14],[-4,-12],[1,-7],[-10,-29],[2,-6]],[[12222,13386],[-4,-4],[-14,-5],[-13,-7],[-7,2],[-14,-5],[-6,-9],[-8,-6],[-1,-5],[-14,-2],[-14,-6]],[[12127,13339],[1,9],[-4,9],[-7,4],[-5,23],[-7,5],[-6,10],[0,15],[-4,7],[3,4],[-6,13],[-13,7],[0,6]],[[12142,13462],[21,9],[6,9],[8,4],[16,14],[3,6],[13,11],[7,11],[5,16],[12,16],[-1,12],[-5,11],[17,9],[2,8]],[[12246,13598],[9,4],[12,1],[6,-4],[9,5],[15,3]],[[11784,14091],[13,-6],[10,-11],[13,-2],[21,-14],[11,-15],[13,-2],[10,-10],[12,-2],[6,-5],[9,-1],[0,-10],[14,-23],[-2,-6],[5,-8],[6,-1],[9,5],[5,-3],[-2,-7],[13,-5],[-1,-15],[2,-17],[-10,-14],[-13,-11]],[[11928,13908],[-5,-10],[-16,-17],[-3,-6]],[[11904,13875],[-33,-9],[-20,1],[-12,-4],[-10,3],[-11,6],[-22,-9],[-16,1],[-9,-10],[-5,3],[-6,10],[-2,10],[3,12],[10,2],[4,12],[-3,8],[1,13],[-8,-2],[-5,8],[1,9],[-6,2],[-3,11],[-5,4],[15,15],[-2,4],[8,8],[-7,6],[-8,4],[-10,1],[-12,-3]],[[12299,13042],[-5,-4],[-2,-9],[-13,0],[-13,-12],[-11,-3],[-11,-8],[-9,-17],[-12,-12],[-3,-10],[-12,-2],[-5,-6],[-16,22],[-10,6],[-5,10],[5,11],[-5,8],[-7,5],[-7,11],[-14,-11],[-6,0]],[[12138,13021],[-14,4],[-19,-1],[-3,9]],[[12102,13033],[-5,8],[0,8],[6,10],[16,6],[0,6],[8,7],[2,26],[4,6]],[[12133,13110],[6,-11],[5,-2],[0,-8],[15,-3],[0,8],[7,13],[28,-1],[24,8],[11,-1],[8,4],[13,0],[8,-11],[1,-6],[8,-11],[12,-10],[4,-20],[16,-17]],[[11673,13727],[30,-18],[-13,-21],[9,-15],[23,-32],[-8,-6],[-4,-7],[7,-3],[2,-6],[8,-9],[9,0]],[[11736,13610],[5,-8],[-7,-13],[-1,-15],[3,-5],[-2,-7],[2,-8],[9,-7],[0,-6],[10,0],[8,-4],[4,-7],[10,-2],[3,-7],[10,-6],[-2,-6],[3,-7],[6,-3]],[[11758,13447],[-12,-3],[-16,1],[-12,4],[-14,-2],[-16,3],[-6,-3],[-3,-8],[-10,-8]],[[11669,13431],[-16,4],[-12,-1],[-10,2],[-19,-1],[-13,11],[-11,-7],[-16,-6],[-8,1],[-6,5],[-22,3],[-16,5],[-9,5],[-14,-6],[-17,1],[-10,6],[-11,3],[-10,-2],[-8,6],[-14,-6],[-10,-9],[-10,-22],[-11,-8],[-10,-5],[0,-10],[7,-5],[9,-19],[-5,-10],[-2,-13],[-5,-7],[-9,-1],[-10,10],[-10,1],[-5,9]],[[11356,13365],[-23,0],[-15,-3],[-14,4],[-19,-4],[-17,1],[-10,-2],[-12,3],[-1,7],[-7,11]],[[11238,13382],[13,2],[9,-2],[4,-8],[10,-2],[15,3],[14,14],[5,26],[-2,9],[15,9],[10,16],[11,8],[5,2],[2,7],[7,10],[-2,2],[10,8],[-3,7],[7,3],[5,16],[0,13],[-3,2],[6,10],[8,0],[28,9],[14,8],[-2,8],[31,5],[12,-2],[17,7],[12,8],[3,10],[9,5],[0,6],[6,12],[-2,15],[-5,12],[5,7],[16,9],[1,6]],[[12289,13539],[3,-12],[-4,-12],[7,-14],[24,11],[0,-13],[12,-16],[10,-6],[14,1],[12,-6],[1,-6]],[[12368,13466],[-21,-7],[-7,-5],[1,-7],[-3,-18],[-9,-13],[-7,-2],[5,-16],[1,-10],[14,-21]],[[12342,13367],[0,-4],[-9,-8],[-1,-17],[8,-5],[8,-14],[-2,-3],[10,-10],[3,-8]],[[12359,13298],[-11,-3],[-6,-6],[0,-9],[-4,-9],[-6,-4],[-18,-2],[-13,-6]],[[12301,13259],[6,12],[0,9],[-9,6],[-3,7],[-6,2],[5,9],[-7,9],[-13,6],[1,6],[-5,11],[-6,0],[-6,18],[2,13],[-12,4],[0,8],[-13,13],[-9,-9],[-4,3]],[[12402,12639],[-12,-6],[-3,-4],[0,-13],[-9,2],[-6,-4],[-11,-1],[-11,4],[-8,-4]],[[12342,12613],[-3,11],[2,8],[-6,8],[2,6],[-2,8],[14,17],[-2,17],[-14,20],[2,18],[-13,17],[-16,2],[-5,-3],[-16,-2],[-3,-5],[-10,-4],[-4,2],[-16,2],[-9,-6],[-14,-1],[-10,4],[-12,8],[-13,-7],[1,-7],[-10,-9],[1,-6],[-10,0],[-3,17],[-6,9],[-1,9],[-8,7],[-11,-1],[-9,-8],[-13,5],[-18,-1],[-5,-14],[-10,-6]],[[12092,12728],[-10,11],[0,6],[-6,17],[-8,9],[1,12],[-8,6],[0,9],[11,14],[-1,8],[6,7],[2,12],[-1,5],[8,32],[11,14],[-1,19],[-2,5],[4,8],[8,12],[9,5],[15,3],[11,9],[5,16],[-3,9],[5,9],[-3,10],[-8,6],[-2,7],[3,13]],[[12299,13042],[3,-1]],[[12302,13041],[7,-15],[7,-3],[11,-25],[-14,-31],[-1,-8],[-9,-16],[-15,-1],[-7,-8],[1,-8],[5,-4],[16,8],[14,-1],[9,-7],[13,-3],[13,1],[16,7],[8,-1],[6,7],[21,2],[9,-6],[20,-7]],[[12432,12922],[14,-10],[14,-1],[15,5],[7,1],[6,-7],[9,-20],[11,-4],[9,-11],[13,-6],[7,3],[7,-4],[6,-9],[10,5],[8,-2],[7,6],[8,-7],[3,-6],[15,-11],[14,-16],[8,0],[13,-7],[7,-10],[6,-1],[6,-14],[4,0],[6,-19],[11,-14],[1,-11],[11,-13]],[[11178,14399],[-2,12],[7,3],[-3,15],[6,17],[8,8],[-4,6],[1,10],[-6,9],[4,12],[-2,6],[16,11],[7,1],[18,14],[4,7],[7,4],[8,13],[-7,10],[-1,6],[5,3],[12,15],[18,14],[2,26],[16,8],[13,13],[15,12],[3,5],[-1,19],[-8,6],[3,10],[-3,6],[8,11],[9,0],[27,8],[-3,11],[-6,1],[-9,10],[-7,12],[5,8],[-4,13],[3,7],[-6,7],[0,7],[6,4],[0,7],[13,4],[7,10],[20,5],[10,6],[7,-3],[8,10],[6,0],[6,9],[0,22],[-7,16],[1,7],[-6,14],[1,9],[-7,5],[-9,3],[9,9],[-7,9],[8,11],[3,9],[8,15],[3,9],[-8,14],[-7,19],[6,3],[7,13],[6,3],[-4,6],[15,14],[13,1],[3,6],[-1,7],[7,8],[11,2],[17,8],[3,7],[10,2],[6,12],[16,7],[10,14],[11,4],[5,6],[8,2],[25,3],[-1,4],[10,9],[11,-4],[13,6],[9,-3],[12,9],[8,-3],[5,5],[11,-2],[6,9],[6,6],[-6,4],[-1,9],[-15,9],[-6,13],[6,4],[-4,12],[2,15],[3,1],[0,15],[16,2],[17,16],[10,-3],[12,2],[7,6],[-3,6],[8,5],[-5,9],[11,9],[16,7]],[[11728,15323],[13,-2],[2,-5],[-3,-10],[5,-6],[10,-2],[-4,-9],[-2,-18],[-9,-3],[1,-6],[13,2],[7,-6],[12,-4],[9,-15],[3,-16],[9,-8],[-9,-8],[-2,-16],[-9,-3],[-21,-11]],[[11753,15177],[-7,1],[-9,-3],[-14,4],[2,-18],[-12,-11],[12,-13],[4,-14],[-3,-11],[6,-9],[-1,-5],[-9,-8],[1,-6],[-17,-10],[-7,5],[-7,-1],[-12,20],[-8,5],[-9,-9],[-16,-5],[-5,-12],[-20,-6],[-15,1],[-11,-4],[-12,-11],[-7,-3],[-5,-15],[-12,-8],[-8,-13],[2,-5],[-6,-19],[-12,-12],[4,-7],[8,-5],[3,-7],[-6,-6],[0,-6],[30,-11],[19,-4],[-5,-10],[-9,-7],[-13,-3],[-13,-11],[-1,-9],[-20,-7],[-1,-5],[6,-9],[-11,0],[-4,-6],[1,-7],[-5,-11],[-22,-15],[-10,-3],[-1,-7],[-6,-4],[-7,-12],[-22,-12],[-5,-7],[3,-5],[-5,-16],[-10,-5],[-16,-27],[4,-10],[-3,-10],[-15,-9],[-2,-6],[2,-36],[4,-8],[0,-11],[3,-11],[-19,-7],[-5,-4],[-3,-7],[-14,-8],[-21,-23],[-16,-1],[-9,-29],[2,-13],[-10,-7],[-6,-18],[4,-15],[17,-7],[6,-6],[-1,-11],[-4,-7],[9,-9],[-4,-9],[14,-23],[-14,-2],[-15,-12],[-8,0],[-13,-25],[-5,-4],[-1,-12],[-7,-10],[10,-10],[-1,-12],[2,-7]],[[11299,14339],[-11,-11],[-14,-6],[-7,0]],[[12127,13339],[12,-15],[6,-14],[2,-24],[3,-8]],[[12150,13278],[-13,-2],[-21,0],[-7,-3],[-24,-3],[2,-7],[-11,-3],[-9,-4],[-10,-11],[-9,-5],[-13,-4],[-6,-6],[-17,-8],[-9,-9],[-10,-4],[1,-5],[-7,-7],[0,-6],[-7,-10],[-1,-16]],[[11979,13165],[-5,-4],[-3,-10],[-19,-1]],[[11952,13150],[-3,3],[-12,-1],[-9,2],[7,13],[-17,11]],[[11918,13178],[-12,4],[-6,14],[-1,8],[-19,15],[-3,8],[-9,8],[-1,14],[8,24]],[[12104,13590],[7,5],[1,13],[9,6],[-2,5],[9,9],[-5,24]],[[12123,13652],[5,10],[8,0],[16,13],[4,8],[10,3],[18,0],[7,2]],[[12191,13688],[20,7],[9,-1],[6,-7],[2,-15],[8,-13],[-2,-6],[23,-17],[-14,-20],[4,-6],[-1,-12]],[[11239,15205],[13,-3],[16,7],[12,0],[16,-5],[34,3],[28,-11],[7,3],[24,-2],[7,-5],[15,8],[7,9],[13,2],[5,4],[11,2],[21,-2],[7,-5],[22,3],[20,17],[4,-1],[11,12],[-3,7],[12,7],[15,6],[5,11],[10,-2],[6,5],[6,-3],[10,3],[8,-5],[11,-2],[13,17],[5,-2],[2,18],[8,11],[18,-2],[9,-4],[12,12],[5,12],[9,6],[8,-5],[4,6],[18,5],[8,-6],[-3,-13]],[[11183,14366],[-6,-7],[-16,0],[-19,-3],[-9,1],[-9,-9],[-7,-3],[-4,-8],[-8,-3],[-12,9],[3,15],[-13,0],[-11,-2]],[[11712,14496],[-25,2],[-29,-11],[4,-9],[3,-24],[-16,-8],[-11,2],[-15,0],[-10,-3],[-2,13],[-6,-1],[-24,15],[-7,6],[-18,3],[-18,18],[2,7],[-12,3],[-5,6],[-2,12]],[[11521,14527],[0,21],[2,11],[-11,6],[5,8],[-8,5],[12,10],[6,20],[-1,8],[7,7],[-2,5],[4,16],[9,3],[7,11],[11,7],[11,3],[10,9],[5,9],[13,7],[-1,7],[1,21],[9,15],[15,2],[7,-4],[9,0],[-1,7],[8,6],[10,-2],[7,13],[-4,10],[2,16],[4,7],[1,11],[-5,6],[-2,18],[-12,6],[-5,10],[0,7],[5,9],[5,3]],[[11654,14861],[7,-3],[15,2],[9,5],[33,8],[13,9],[12,-8],[16,3],[8,3],[13,-17],[-3,-6],[2,-9],[4,-3],[16,-2],[6,-14],[-13,-19],[-13,-13],[17,-9],[3,-8],[11,-6],[0,-8],[-10,2],[-9,-6],[-3,-17],[8,-12],[17,4],[-1,-10],[1,-15],[19,-8],[13,-21],[-10,-24],[2,-11],[6,-11],[10,-3],[-9,-6],[1,-15],[5,1],[0,-23],[8,-15],[3,-15],[-9,-16],[-9,-7],[-24,-8],[-14,5],[-6,7],[-10,3],[-14,-2],[-31,-10],[-10,-9],[-20,-12],[-3,-4],[1,-12]],[[12288,13786],[-16,2],[-6,-3],[-4,-8],[-29,2],[-7,-5],[-30,-2]],[[12196,13772],[-4,12],[-17,0],[2,10],[-13,6],[-3,4],[-14,0],[-10,-7],[-13,3],[-4,9],[15,11],[12,4],[7,12],[-4,12],[-24,6],[-13,-3],[-13,-9],[-29,3],[-15,-2]],[[12056,13843],[1,14],[8,5],[7,11],[-7,25]],[[12065,13898],[8,3],[12,18],[-4,6],[21,4],[5,2],[15,1],[11,11],[1,7],[14,17],[4,9],[-6,17],[4,13],[3,20],[4,9],[17,1],[14,4],[4,4],[10,2],[9,18],[0,12],[-3,4],[-13,2],[4,8],[0,23],[8,15],[17,-1],[24,8],[14,-1],[0,8],[9,5],[5,8],[0,7],[-8,8],[-12,2],[-8,8],[10,9],[5,9]],[[12056,13843],[-4,-10],[-10,-5],[-6,-15],[2,-18],[7,-8],[11,-7],[-1,-18],[2,-14],[5,-7],[2,-12],[-3,-7],[1,-9],[-6,-8]],[[12056,13705],[-7,0],[-13,4],[-20,-13],[-10,1],[-18,-5],[-14,-6],[-16,-4],[-2,9],[1,18],[-13,8],[-8,-1],[-5,4],[-11,16],[-8,-4],[-10,3],[-10,10],[-12,8],[-8,2],[-1,10],[-4,1]],[[11867,13766],[7,3]],[[11874,13769],[9,-2],[15,2],[8,8],[22,14],[26,-1],[7,-2],[18,3],[2,7],[10,13],[10,15],[-2,14],[4,9],[7,35]],[[12010,13884],[17,-5],[18,-1],[6,15],[14,5]],[[11661,14202],[-24,-4],[-12,-4],[-9,-1],[-4,-11],[1,-9],[-4,-14],[-11,-4],[-15,-2],[-9,4],[-7,0],[-10,3],[-11,11],[-8,-1],[-6,7],[-7,1],[-1,12],[2,8],[-1,15],[-7,5],[-4,-5],[-15,3],[-11,15],[18,6],[-18,14],[5,5],[-2,19],[-2,3],[-4,20]],[[11485,14298],[3,4],[12,10],[-5,19],[0,12],[12,20],[10,8],[18,1],[6,-2],[9,2],[13,-9],[9,-3],[25,-5],[8,3],[1,6],[9,11],[-1,6],[6,14],[12,5],[1,6],[19,12],[0,4],[15,9],[10,2],[3,-5],[12,-2],[18,-12],[6,-7],[0,-9],[3,-7],[12,-9],[18,-7],[5,-7],[15,-8],[8,9]],[[11777,14369],[2,-10],[-13,-15],[-14,1],[-7,-7],[2,-6],[-6,-11],[4,-18],[13,-12],[-4,-12],[10,-19],[5,-1],[2,-10],[-3,-4],[-8,-3],[-4,-12],[9,-11],[-17,-14],[-1,-4]],[[12342,13367],[4,-5],[9,-2],[4,11],[5,3],[10,-3],[14,3],[34,-2],[14,2],[5,-4],[20,-1],[4,2]],[[12465,13371],[0,-6],[-7,-11],[-4,-1],[-5,-10],[-4,-3],[-4,-14],[-1,-12],[-5,-5],[4,-13],[5,-5],[13,-1],[9,-14],[11,-10],[8,-33],[-2,-11],[7,-12],[9,-9],[19,-3]],[[12518,13198],[-5,-7],[-6,0],[-14,8],[-8,1],[-12,-6],[-5,11],[-13,11],[-7,10],[-9,5],[-8,10],[-8,6],[-8,21],[-19,1],[-5,3],[-5,10],[-12,-4],[-7,17],[-8,3]],[[12302,13041],[23,9],[24,2],[5,2],[1,9],[5,11],[-13,-1],[-12,13],[-6,4],[-29,32],[-3,7],[0,11],[-4,9],[5,17],[5,7],[-1,12]],[[12302,13185],[11,4]],[[12313,13189],[12,4],[25,-3],[11,3],[8,5],[9,-1],[14,-10],[5,-9],[-1,-11],[4,-3],[-2,-8],[7,-12],[-3,-11],[8,-11],[-3,-6],[1,-11],[9,-14],[4,-12],[-2,-6],[8,-13],[11,-5],[10,-9],[2,-6],[9,-10],[-1,-5],[5,-10],[16,-12],[-14,-24],[2,-5],[-6,-13],[7,-10],[-5,-7],[-11,-3],[-6,-11],[-14,-8]],[[11238,13382],[-7,3],[-17,18],[-6,1],[-10,-7],[5,-10],[-16,-3],[-23,6],[-5,-1],[-15,5],[-7,-2],[-19,4],[-5,-1],[-20,12],[-15,4],[-1,5],[-21,3],[-7,11],[2,7],[-16,14],[5,7],[0,8],[-7,8],[-7,0],[-13,21],[-8,-1],[-6,7],[-10,1],[-8,9],[5,12],[-6,6],[-15,6],[-12,-3],[-21,7],[-3,10],[-4,3],[5,12],[-11,7],[-9,1],[-2,5],[-8,5],[-15,2],[-1,9]],[[11367,14095],[4,14],[6,4],[9,20],[-1,11],[-13,3],[-10,17],[24,8],[5,11],[-2,5],[5,7],[-4,7],[4,10],[0,10],[4,8],[-14,6],[-10,-6],[-3,4],[-8,-3],[-1,13],[10,1]],[[11372,14245],[23,14],[8,8],[14,-5],[15,-2],[12,-3],[20,-13],[2,12],[-7,14],[2,10],[7,7],[3,10],[14,1]],[[12423,13716],[6,-8],[1,-11],[-3,-12],[0,-11],[5,-5],[-1,-25],[-6,-12],[-9,-4],[-17,-4],[4,-6],[7,-1],[10,-6],[1,-10],[-11,-16],[-9,-5],[-6,-39],[-7,-6],[4,-12],[-4,-6],[-9,-4],[-2,-12],[1,-9],[-3,-4],[3,-10]],[[12378,13478],[-3,-9],[-7,-3]],[[11928,13908],[9,-10],[9,-3],[7,-11],[7,4],[9,-10],[4,-7],[14,6],[17,3],[6,4]],[[11874,13769],[9,8],[4,13],[4,4],[11,31],[-15,-2],[-9,4],[-11,-2],[10,20],[13,10],[6,1],[1,7],[8,6],[-1,6]],[[12102,13033],[-16,-1],[-12,-4],[-7,7],[-10,-4],[-18,5],[-9,-1],[1,-5],[-9,-5],[-12,1],[-10,22],[-13,9],[-10,12],[3,14],[-11,4],[-12,1]],[[11957,13088],[-12,13],[5,7],[0,23],[-3,2],[6,13],[-1,4]],[[11979,13165],[6,0],[4,-6],[7,-1],[7,-7],[10,-3],[13,0],[20,6],[14,12],[5,1],[14,7],[13,-5],[19,0],[9,-8],[-1,-8],[9,-9],[8,-14],[-3,-12],[0,-8]],[[11299,14339],[6,-6],[2,-17],[-3,-4],[13,-15],[11,10],[4,0],[12,12],[12,7],[10,-6]],[[11366,14320],[-12,-2],[-7,-5],[-9,-23],[-9,-10],[4,-6],[-1,-7],[6,-7],[-1,-5],[5,-7],[20,5],[10,-8]],[[12150,13278],[-4,-13],[6,-4],[12,0],[15,-14],[4,-10],[10,1],[3,-6],[-1,-12],[6,-11],[8,-11],[18,6],[3,4],[13,6],[15,2],[8,4],[17,3],[12,-4],[5,-5],[1,-8],[-7,-4],[3,-6],[0,-10],[5,-1]],[[12301,13259],[-23,0],[18,-19],[12,-5],[13,-10],[2,-6],[-10,-12],[0,-18]],[[12503,14310],[10,2],[15,-8],[7,-21],[5,3],[9,-2],[0,-8],[6,-2],[-8,-21],[3,-12],[6,-1],[8,-9],[1,-8],[-6,-1],[1,-10],[-5,-9],[3,-9]],[[12378,13478],[20,3],[12,-8],[16,2],[8,6],[6,9]],[[12440,13490],[2,-6],[-5,-8],[4,-7],[-3,-8],[6,-11],[8,-24],[1,-11],[7,-4],[7,-15],[3,-12],[-5,-13]],[[11736,13610],[2,12],[23,13],[1,6],[7,9],[10,8],[-3,9],[10,7],[3,5],[12,10],[16,8],[8,17],[5,2],[-7,8],[-6,0],[-2,14],[10,0],[16,10],[15,5],[3,10],[8,3]],[[12056,13705],[9,0],[3,-6],[-5,-13],[0,-6],[7,-16],[-8,-4],[-1,-7],[17,0],[9,-6],[18,1],[12,-2],[6,6]],[[11712,14496],[4,-6],[7,-6],[12,-16],[6,-11],[0,-19],[30,-16],[5,-17]],[[11776,14405],[1,-9],[6,-18],[-6,-9]],[[11366,14320],[0,9],[-6,6],[9,9],[0,8],[7,11],[5,-1],[2,14],[-7,5],[-7,12],[9,7],[8,0],[15,-12],[2,10],[-2,11],[14,8],[6,1],[0,11],[19,8],[1,14],[-7,10],[-2,6],[4,9],[16,0],[-1,8],[15,11],[3,12],[15,1],[21,0],[6,10],[10,9]],[[12191,13688],[2,11],[-3,6],[-7,1],[-10,8],[-6,14],[6,10],[9,9],[5,12],[9,13]],[[11776,14405],[21,3],[12,10],[4,18],[7,9],[-11,12],[20,7],[16,1],[2,3],[17,4],[8,-1],[19,-21],[4,-3],[-7,-14],[-6,-8],[-3,-11],[-5,-7],[0,-9],[7,-3],[2,-9],[-5,-6],[4,-8],[17,1],[12,3],[19,-4],[6,-5],[5,-10],[10,-7],[11,-1],[3,5],[9,0],[5,4],[11,5],[8,-5],[17,3],[9,7],[9,-1],[14,-7],[8,0],[11,-7],[11,1],[28,9],[15,7],[6,-5],[9,2],[8,8],[21,-15],[9,2],[13,-13],[7,-4],[7,4],[8,-1],[12,14],[0,6],[17,6],[7,11],[8,-8],[1,-6],[19,-25],[0,-7],[5,-5],[-20,-22],[4,-6],[-13,-11],[0,-7],[-9,0],[-9,7],[-10,-4],[-2,-5],[-10,0],[-1,-8],[-20,-10],[-9,3],[-2,-5],[-12,-1],[-8,3],[-7,-5],[-20,-3],[-7,-4],[-5,-8],[-3,-16],[13,-2],[-6,-7],[-1,-6],[-11,-4],[-13,5],[-11,-3],[-12,-23],[-1,-7],[3,-6],[12,-3],[15,-12],[2,7],[7,8],[11,6],[0,6],[5,4],[13,-7],[7,3],[3,12],[11,0],[9,6],[2,9],[11,5],[18,-10],[10,7],[-2,8],[7,4],[8,-5],[9,0],[19,9],[7,1],[9,6]],[[12092,12728],[-8,-3],[-9,6],[0,6],[-6,11],[-9,10],[-9,3],[-29,8],[2,10],[-8,6],[-11,2],[-15,-2],[-2,3],[-18,1],[-4,7],[-12,-4],[-10,4]],[[11944,12796],[-6,1],[-9,9],[-30,0],[-3,8],[-6,7],[2,10]],[[11892,12831],[1,5],[18,30],[16,10],[13,20],[-4,9],[-7,4],[-5,8],[12,10],[8,4],[3,10],[-1,13],[2,10],[8,5],[3,9],[-13,-1],[-10,8],[-8,3],[-2,11],[-11,9],[1,12],[-5,9],[1,6],[-11,7]],[[11901,13042],[7,10],[1,6],[9,6],[10,1],[13,12],[9,4],[7,7]],[[11753,15177],[1,-5],[17,-5],[4,-8],[6,-4],[8,-15],[7,-6],[8,-1],[1,-5],[-5,-7],[5,-4]],[[11805,15117],[-6,0],[-10,-7],[-4,-6],[3,-14],[20,-10],[12,-5],[7,-12],[-9,-5],[-21,-18],[-25,-5],[-9,8],[-8,0],[-12,14],[-96,-64],[0,-8],[-3,-10],[3,-8],[-5,-5],[-1,-10],[2,-8],[-3,-25],[10,-12],[-1,-9],[13,-14],[2,-12],[-7,-5],[-3,-6]],[[11805,15117],[10,-1],[9,-10],[16,7],[18,10],[11,0],[7,7],[11,0],[3,7],[-4,4],[5,19],[11,2],[7,-3],[35,1],[14,-9],[15,1],[-3,14],[7,6],[11,-7],[5,-7],[-6,-7],[16,-1],[4,-9],[-3,-6],[4,-5],[7,2],[7,11],[10,0],[3,-10],[13,-7],[4,-9],[-13,-5],[1,-4],[12,1],[0,-10],[22,-71],[36,-83],[30,-152],[34,-127],[22,-82],[1,-8],[24,-10],[12,0],[2,-10],[14,-3],[27,-26],[28,-36],[138,-125]],[[12518,13198],[49,-3],[30,-5],[11,1],[15,-9],[19,-13],[15,6],[11,10],[5,1],[19,-2],[5,-4],[19,-4],[3,2],[15,-6],[7,2],[3,7],[9,5],[11,0],[18,5],[20,-9],[9,0],[6,-9],[8,-5],[10,-20],[12,-14],[18,-12],[6,-7],[-7,-11],[1,-5],[-17,-27],[4,-20],[-9,-17],[6,-6],[96,-142],[68,-101]],[[12459,13766],[3,-7],[2,-16],[5,-2],[7,-11],[-1,-5],[5,-6],[-7,-9],[3,-9],[-5,-6],[2,-10],[4,-4],[-11,-17],[-4,-10],[-11,-5],[-3,-5],[0,-22],[-2,-14],[-5,-4],[0,-12],[4,-5],[0,-9],[-1,-29],[2,-4],[-6,-11],[1,-8],[-2,-11],[4,-12],[-3,-13]],[[8007,9788],[-6,4],[-6,11],[4,3],[18,8],[9,11],[3,25],[-12,-6],[-1,9],[4,16],[-7,5],[3,5],[19,3],[12,10],[-2,2],[-17,-4],[-14,-1],[-8,-6],[-13,2],[-16,-4]],[[7977,9881],[17,10],[-3,7],[14,26],[9,6],[1,14],[6,5],[11,0],[7,3],[13,-1]],[[8052,9951],[30,4],[10,5],[10,-1],[9,6],[22,-3],[16,7],[7,10],[6,13],[21,6],[2,8]],[[8185,10006],[1,-10],[12,-10]],[[8198,9986],[-13,-12],[-3,-9],[-9,-9],[-12,-8],[-4,-7],[-11,-7],[-15,-1],[-4,-11],[1,-6],[-7,-15],[-8,-4],[-15,-20],[-1,-6],[-6,-4],[-1,-7],[-8,-12],[-6,-2],[-17,-16],[-11,-1],[-6,-14],[-12,-13],[0,-7],[-10,-7],[-13,0]],[[8070,9799],[7,-7],[4,-20],[4,-6]],[[8085,9766],[2,-14],[-3,-6],[2,-16],[-7,-4],[-23,-2],[-13,-7],[-20,5],[-7,6],[-6,1],[-4,8],[-11,-5]],[[7995,9732],[4,21],[11,3],[8,7],[14,4],[-1,20],[16,9],[23,3]],[[8198,9986],[21,-2],[7,-4],[3,-6],[-4,-19],[14,-1],[6,-11],[11,-8],[2,-6],[14,-8],[1,-4],[11,-7],[5,-9],[-1,-10],[-4,-4],[8,-8],[10,-5]],[[8302,9874],[-7,-1],[-8,-8],[-5,-8],[-10,-5],[2,-10],[-3,-11],[-6,-6],[0,-5]],[[8265,9820],[-8,-5],[-16,13],[-14,0],[-14,-5],[-9,0],[-4,-6],[-6,2],[-6,-4],[-16,-1],[-8,3],[-20,-2],[-5,3],[-12,4],[-14,-2],[-14,4],[-15,-19],[-14,-6]],[[7995,9732],[-12,-12]],[[7983,9720],[-1,6],[4,13],[-11,13],[-6,4],[-2,19],[5,6],[-3,7]],[[7969,9788],[15,-3],[23,3]],[[8052,9951],[5,4],[13,3],[13,5],[-9,7],[3,16],[-11,4],[-6,9]],[[8060,9999],[6,4],[9,1],[6,7],[8,1],[16,15]],[[8105,10027],[5,1],[11,12],[11,4],[14,15],[9,13],[9,7],[7,1],[12,8],[13,-2],[21,7],[13,9],[13,3]],[[8243,10105],[5,-8],[-1,-11],[-8,-4],[-1,-8],[-9,-5],[-13,-20],[-9,-6],[-7,-11],[-13,-17],[-2,-9]],[[8265,9820],[3,-3],[2,-14],[-5,-17],[0,-9],[-10,-11],[3,-4],[-3,-11],[-4,-2]],[[8251,9749],[-10,4],[-8,10],[-10,7],[-17,-1],[-7,2],[-15,-14],[-4,-7],[-55,-6],[-11,13],[-14,-3],[-6,7],[-9,5]],[[8105,10027],[3,9],[-11,0],[4,11],[-10,-2],[-6,-7],[-15,-6],[-10,-1],[-15,9],[1,6],[12,10],[-4,13],[-2,12]],[[8052,10081],[22,-3],[13,2],[11,4],[-4,25]],[[8094,10109],[-5,39]],[[8089,10148],[4,4],[17,5],[20,-8],[14,-7],[6,-6],[11,-3],[10,7],[7,3],[11,-3],[23,-5],[10,-1],[11,9],[17,-7],[15,5],[14,-5],[10,-2]],[[8289,10134],[-5,0],[-8,-7],[-11,-5],[-9,-2],[-13,-15]],[[8163,9591],[-2,-6],[8,-3],[1,-7],[-4,-9],[-14,-7],[-3,-11],[-12,-7],[-2,-5],[-12,-8],[-4,-8],[-2,-9],[2,-15],[-7,-8],[-9,-1],[-5,-4],[-10,-1],[-5,-5],[-1,-11],[-6,-1],[-14,2],[2,-11],[-5,-4],[-15,-5],[-5,-11],[-2,-10]],[[8037,9426],[-4,-2],[-26,1],[-18,13],[-9,1],[-10,6],[-9,0],[-8,3],[-17,4],[-12,-2],[-4,3],[8,10],[-10,14],[0,23],[-2,7],[1,9],[5,3],[7,17],[7,9],[11,23],[-7,14]],[[7940,9582],[3,16],[16,21],[3,9],[13,10],[3,6],[5,19],[7,10],[-2,6],[-8,4],[0,8]],[[7980,9691],[7,-2],[14,-11],[13,-8],[8,0],[9,-6],[15,-3],[0,-11],[-7,-11],[-8,-19],[31,-16],[5,-6],[23,4],[12,9],[8,2],[14,-4],[7,1],[16,-2],[4,-9],[8,0],[4,-8]],[[7969,9788],[-9,3],[-3,6],[-10,-3],[-12,7],[-9,-8],[-7,1],[-12,7],[-6,0],[-3,8],[-16,-5]],[[7882,9804],[-13,0]],[[7869,9804],[-10,1],[-14,17]],[[7845,9822],[8,1],[2,14],[5,2],[4,8],[8,2],[8,5]],[[7880,9854],[4,8],[7,2],[12,-7],[22,-7],[13,0],[10,3],[18,12],[0,8],[11,8]],[[7880,9854],[-13,7],[-3,10],[11,3],[2,10],[-9,5],[5,14],[3,2],[2,15],[-1,13],[-8,2],[-4,7]],[[7865,9942],[2,8],[10,4],[1,6],[-6,4],[0,5],[8,3],[7,17],[-5,2]],[[7882,9991],[10,5],[10,0],[8,-6],[9,1],[23,-7],[14,4],[13,-3],[17,-7],[11,-1],[20,7],[25,1],[18,14]],[[8251,9749],[0,-15],[-4,-11],[-6,-6],[10,-17],[-7,-9],[3,-7],[-6,-2],[-5,-16],[11,-7],[-1,-3]],[[8246,9656],[-13,-8],[-14,-1],[-4,-4],[-5,-12],[-12,-5],[-14,-8],[-1,-9],[-6,-9],[2,-5],[-16,-4]],[[7980,9691],[-2,13],[7,14],[-2,2]],[[7882,9991],[-6,5],[2,8],[15,9],[-1,6],[-9,10],[2,5]],[[7885,10034],[7,3],[12,10],[4,6],[1,10],[15,6],[6,8],[6,11]],[[7936,10088],[4,3],[14,-5],[10,-1],[23,2],[8,-1],[2,-7],[14,2],[12,-1],[7,-3],[22,4]],[[8289,10134],[11,1],[15,-1],[8,-4],[18,-5],[15,1],[2,-7],[8,0],[9,-13],[12,-11],[10,0],[7,-4],[20,18],[13,2],[7,-2],[11,2],[4,12],[6,6],[14,-3],[16,6],[5,10],[7,2],[9,6],[10,0]],[[8526,10150],[7,-8]],[[8533,10142],[-4,-8]],[[8529,10134],[-20,-12],[-9,-14],[-11,-8],[-1,-7],[-7,-7],[0,-17],[8,-11],[1,-13],[-8,-13],[-9,-3],[-6,-8],[-5,2],[-30,-1],[-14,-5],[-4,-11],[-7,-5],[-10,-2]],[[8397,9999],[-8,-14],[-9,-4],[-12,-8],[-12,-4],[-5,-11],[-8,-7],[3,-14],[-7,-15],[2,-2],[2,-16],[-15,-4],[-12,-16],[-14,-10]],[[8089,10148],[-16,-2],[-10,-4],[-8,3],[-28,0],[-6,5],[-6,0],[-8,5],[-11,1],[-11,-3],[-12,4],[-3,8],[-11,-1],[-9,5],[-19,7],[-17,-12],[-11,4],[-5,-4]],[[7898,10164],[0,5],[10,8],[3,10],[1,21],[-4,12],[-6,2],[-15,-6],[-13,-2],[-6,-3],[0,-6],[-14,-10],[-11,5],[-16,-8],[-11,5],[-10,7],[2,9],[-9,-2],[5,23],[6,0],[5,6],[-7,9],[-10,-2],[-7,7]],[[7791,10254],[20,12],[5,-4],[9,4],[1,13],[9,10],[-4,12],[6,5],[-14,10],[-3,14]],[[7820,10330],[-3,5],[8,7],[9,-9],[18,17],[6,2]],[[7858,10352],[16,-6],[6,-4],[11,-3],[24,-13],[11,15],[8,22],[6,-1],[12,5]],[[7952,10367],[9,-6],[5,-14],[26,-1],[3,-6],[10,-9],[3,-6],[10,2],[9,6],[13,5],[1,3],[16,8],[11,-1],[9,-6],[5,1],[6,-9],[8,-5]],[[8096,10329],[-5,-7],[-2,-18],[-7,-24],[5,-11],[8,2],[22,-1],[32,-15],[9,-6],[7,-1],[15,-11]],[[8180,10237],[-4,-6],[9,-10],[17,-5],[6,-8],[26,-8],[3,-5],[0,-12],[13,-2],[7,-9],[21,-6],[30,-21],[18,-6],[3,-5],[9,-3],[9,2],[9,9],[19,-4],[17,8],[3,5],[23,5],[2,12],[8,6],[8,-2],[9,6],[2,11],[14,14],[25,16],[12,19],[5,1],[14,-8],[12,11],[14,7]],[[8543,10249],[-1,-16],[-5,-13],[3,-9],[-9,-15],[-4,-11],[6,-12],[7,-6],[-13,-12],[-1,-5]],[[7809,10521],[-7,-1],[-7,9],[-9,0],[-15,7],[-2,5],[6,7],[3,13],[3,3],[-5,10],[-12,-3],[-18,10],[-8,1],[0,7],[-9,5],[-6,8],[-19,15],[-13,2],[-12,-1],[-19,0],[-15,-3],[-9,6],[-13,2]],[[7623,10623],[21,14],[11,3],[28,2],[10,7],[27,5],[16,21],[-1,19],[-8,5],[-2,7],[8,5],[6,8],[8,4],[7,15],[7,2],[5,-6],[17,-7],[17,3]],[[7800,10730],[2,-19],[-5,-4],[-1,-13],[1,-21],[8,-4],[12,-15],[16,-13],[5,-11],[11,2],[7,-2],[5,-9]],[[7820,10330],[-16,-8],[-3,-5],[-15,-2],[-5,-4],[-10,6],[-10,2],[-13,-5],[-10,2],[-17,14],[-2,8]],[[7719,10338],[1,13],[3,14],[-5,10]],[[7718,10375],[-3,7],[10,18],[-2,9],[-8,4],[-3,6],[9,2],[11,13],[20,-4],[2,7],[-3,6],[3,14],[24,5]],[[7778,10462],[10,-2],[3,-3],[0,-12],[21,-14],[4,-7],[10,-10],[17,-9],[3,-7],[7,-6],[11,-3],[-1,-15]],[[7863,10374],[-4,-4],[-6,-11],[5,-7]],[[7800,10730],[2,14],[4,8]],[[7806,10752],[-2,7],[6,6],[15,2],[13,-2],[14,4],[0,7],[9,4],[20,4],[6,-3],[17,2]],[[7904,10783],[37,-3]],[[8096,10329],[11,2],[3,7],[10,5],[2,4]],[[8122,10347],[3,-6],[11,-6],[6,0],[7,6],[20,1],[11,-7],[3,-12],[10,-17],[12,-11],[-7,-18],[12,-3],[-2,-6],[-8,-9],[-1,-12],[-3,-4],[-16,-6]],[[7904,10783],[0,10],[4,6],[-3,7],[3,6],[-11,10],[-3,15],[6,19],[9,-1],[8,7],[8,11],[4,10]],[[8039,10911],[-8,-13],[0,-8],[-7,-9],[-1,-7],[-7,-9],[-2,-6],[-10,-11],[-3,-7],[13,-4],[3,-5],[13,-10],[13,-26]],[[7718,10375],[-26,12],[-16,14],[-9,2],[-8,21],[1,6],[-10,20],[-7,8],[2,7],[-5,6],[-2,10],[-11,8],[-9,2],[-2,7],[-6,6],[-13,15],[4,8]],[[7601,10527],[4,-2],[23,-18],[22,0],[23,-6],[18,15],[27,-1],[-2,-12],[6,-7],[10,-4],[11,5],[12,-2],[3,-5],[4,-19],[16,-9]],[[7953,10382],[-2,-5],[1,-10]],[[7863,10374],[13,2],[2,10],[7,5],[-2,7]],[[8088,10425],[-4,-15],[0,-8],[8,-15],[7,-3],[9,-13],[7,-1],[12,-11],[-5,-12]],[[7806,10752],[-5,4],[-24,8],[1,8],[-10,8],[5,5],[-7,10],[-9,7],[3,16],[0,12],[6,6],[2,11],[-2,13],[-21,9],[-10,-2],[-11,5],[-10,1],[-14,8],[-23,1],[-24,9],[-16,3],[-16,-4],[-9,26],[0,6],[-7,11],[-14,30],[-5,17]],[[11639,12969],[-4,-9],[15,-3],[8,-4]],[[11658,12953],[-11,-16],[-2,-13],[6,-6],[-5,-9],[11,2],[11,-5],[4,-5]],[[11672,12901],[-10,-7],[-9,-19],[-9,0],[-5,4],[-12,-2],[-6,-14],[-5,0],[-7,-9],[-16,-5],[-8,-16],[-17,-11],[-1,-5]],[[11567,12817],[-4,7],[5,10],[-9,1],[-9,-3],[-5,-5],[-11,-1],[-10,3],[-1,5],[7,4],[-17,3],[-2,11],[-8,7],[9,4],[1,13],[12,22],[2,10],[13,10],[1,14],[-5,0],[-7,15],[1,23],[-7,18]],[[11523,12988],[17,-4],[10,-4],[4,5],[14,5],[2,8],[7,6],[8,3],[6,14],[20,14],[9,2],[5,8]],[[11625,13045],[-1,-25],[-3,-17],[-8,-14],[7,-7],[17,-7],[2,-6]],[[11088,11819],[-4,-12],[3,-13]],[[11087,11794],[-12,1],[-5,-7],[-16,-12],[-7,-2],[-10,2],[-11,-9],[5,-14],[-11,-3],[-4,-11],[-11,-6]],[[11005,11733],[-15,20],[1,16],[-2,10],[-8,8],[4,5],[5,17],[4,8],[-8,2],[-5,12],[9,3],[-4,10],[1,15],[-10,8],[-12,2],[-1,8],[-7,5],[2,14]],[[10959,11896],[4,-5],[16,-10],[7,0],[4,-6],[10,2],[0,5],[8,3],[11,-5],[6,-7],[0,-14],[11,-10],[11,-6],[7,0],[19,-5],[7,-14],[8,-5]],[[10442,11312],[12,10],[12,3],[9,9],[6,3],[5,13],[12,5],[5,9],[1,8],[21,0],[6,-10],[17,-2],[17,3],[7,-7],[5,3],[-3,15],[11,0],[9,-10],[12,3],[8,-1],[10,4]],[[10624,11370],[8,8],[-2,11],[10,13],[12,2],[8,12],[0,13],[19,5],[10,7],[11,1],[9,4],[3,9],[10,-1],[5,5],[8,2]],[[10735,11461],[10,1],[0,-8],[-6,-6],[0,-6],[5,-6],[0,-8],[-10,-7],[-8,-9],[-2,-17],[-5,-9],[2,-13],[3,-5],[-8,-14],[-6,-3]],[[11817,12392],[-19,-13],[-12,-15],[-8,-5],[-20,-6],[-8,-6],[-16,-6],[-9,0],[-33,4],[-14,0],[-10,6],[-4,15],[-18,1],[-15,5],[-7,6],[2,9]],[[11626,12387],[-4,5],[-19,8],[-8,5],[4,6],[9,1],[12,-3],[13,3],[30,1],[5,-4],[14,-4],[5,8],[-2,6],[-21,14],[-15,6],[-6,5]],[[11643,12444],[5,8],[9,6],[7,11],[10,1],[12,13],[14,10],[2,18],[11,10],[1,4],[15,18]],[[11729,12543],[6,-8],[18,-7],[1,-12],[4,-9]],[[11758,12507],[-6,-10],[2,-7],[11,-9],[-5,-8],[-2,-11],[13,-3],[5,-5],[-3,-7],[-2,-13],[9,-8],[10,-4],[8,0],[15,-9],[8,-8],[-4,-13]],[[10880,11507],[-6,6],[-17,10],[-14,3]],[[10843,11526],[0,5],[12,19],[3,3],[10,23],[20,16],[14,8]],[[10902,11600],[13,0],[4,4],[25,1]],[[11527,12288],[-13,-3],[-18,-1],[-7,-4],[0,-10],[-13,-7],[-14,-11],[-13,-9]],[[11449,12243],[-15,0],[0,5],[-14,20],[-6,6],[0,7],[3,23],[-1,7],[-25,2],[-13,9]],[[11378,12322],[5,15],[0,12],[-6,5],[0,14],[14,6],[-8,19],[4,3]],[[11387,12396],[0,7],[8,13],[22,6],[17,19]],[[11434,12441],[17,-9],[29,-11],[13,-10],[-5,-10],[4,-6],[-2,-9],[-12,-8],[-8,-14],[11,-9],[-4,-3],[-2,-10],[23,-12],[13,3],[0,-12],[4,-6],[15,-6],[-1,-6],[-7,-14],[5,-1]],[[10494,12985],[10,-7],[12,-16],[7,-3],[14,2],[7,-3],[9,8],[15,6],[8,8],[12,7],[5,0],[15,7],[5,6],[23,9],[14,-1],[-1,-6],[-11,-5],[-4,-10],[5,-4],[16,6],[13,14],[2,14],[20,3],[15,0],[7,-2],[14,-11],[5,-2],[19,9],[8,6],[10,11],[24,-1],[6,5],[9,-7],[8,-1],[11,-5],[4,-5],[11,0],[-3,-6],[1,-10],[12,0],[10,-3],[8,-7],[11,1],[4,-8],[7,-3],[10,2],[3,-11],[7,-12]],[[10911,12960],[15,-2],[9,-9],[6,-1],[16,7],[4,-4],[10,0],[-1,-13],[6,-6],[12,0],[6,-3]],[[10994,12929],[10,-4],[4,-8]],[[11008,12917],[-117,-127],[-101,-109],[5,-4],[87,-57],[9,-6],[-13,-4],[0,-8],[-8,3],[-7,7],[-8,4],[3,7],[-7,3],[-11,0],[2,-7],[-9,0],[-16,4],[-9,-11],[-4,4],[-10,1],[-8,9],[-14,-2],[-4,6],[-14,-1],[-9,-4],[-11,-11],[6,-10],[-1,-11],[-9,-3],[-2,-6]],[[10728,12584],[-7,-3],[-12,1],[-6,-4],[-9,6],[-16,17],[-9,-3],[-7,7],[-11,5],[2,5],[-9,2],[-10,-1],[-13,0],[-17,-4],[0,9],[4,7],[-6,18],[-12,-10],[-4,-12],[-1,-10],[-7,-10],[-5,-11],[-8,0],[-3,19],[-9,-1],[-94,6]],[[10459,12617],[-83,-44],[-16,0],[-9,-17],[-6,0],[-6,6],[-16,-8],[4,-12],[5,-5],[-16,-10],[-5,0],[-8,-7],[-7,5],[-7,-1],[-14,-6],[-10,2]],[[11443,12659],[-11,-10],[-8,-13],[-12,-3],[-4,-8],[-15,-18],[-12,-25],[-9,-10],[-7,10],[-17,11],[-12,0],[-10,15],[-20,-1],[0,18],[-7,4],[-1,13],[-10,4],[-2,11],[-6,10],[-23,4],[5,18],[4,1],[9,13],[-3,6],[7,11],[-4,8],[-13,7],[-12,1],[-3,3],[-12,3],[-7,-2],[-9,2],[-19,-12],[-1,-4],[-11,-1],[-8,4],[-28,-4],[-4,-8],[-9,-13],[-10,-2],[-3,-5]],[[11126,12697],[-17,5],[-23,17],[-14,2],[-8,7],[-4,14],[3,21],[9,14],[-1,15],[1,14],[-10,1],[-3,-6],[-17,-9],[-14,-1],[2,9],[-4,22],[2,7],[-3,10],[3,13],[5,18],[-5,26],[-10,14],[-10,7]],[[11008,12917],[15,0],[13,-11],[9,-1],[14,6],[12,3],[20,-3],[22,-8],[15,-3],[6,-6],[13,-4],[5,-14],[17,-8],[12,-9],[14,-3],[10,-7],[-2,-6],[11,-15],[13,-10],[19,-1],[12,-4],[10,3],[4,-7],[-4,-9],[5,-11],[14,-8],[13,-3],[12,-5],[23,-7],[7,-9],[6,-2],[6,-9],[9,-21],[10,-8],[11,-12],[29,-10],[12,-11],[5,-11],[13,-14]],[[9708,11932],[30,-30],[5,-11],[9,-3],[16,0],[11,-3],[14,-10],[22,-12],[17,1],[8,-8],[-8,-17],[1,-4],[-8,-12],[9,-5],[2,-9],[-4,-10],[2,-11],[8,-17],[-1,-10],[4,-7],[10,0],[13,-10],[14,3],[9,-8],[17,-2],[8,5],[20,-2],[2,-3],[16,-3],[3,-3],[13,5],[15,-2],[5,8],[5,2],[10,9],[9,-7],[8,2],[18,-11],[10,-13],[7,-13],[7,-3],[7,5],[13,-10],[3,-15],[10,-3],[11,4],[20,19],[1,9],[6,6],[-2,12],[6,5],[1,10],[4,5],[0,14],[-16,3],[-7,6],[-7,13],[-6,7],[1,7],[6,6],[11,4],[-7,7],[7,16],[10,-7],[24,0],[0,9],[13,6],[0,8],[12,5],[9,11],[8,0],[3,7],[15,4],[6,-2],[2,-13],[7,-4],[9,6],[7,-2],[4,-7]],[[10255,11859],[5,-17],[12,-14],[10,-4],[7,5],[9,-9],[10,-3],[16,17],[22,5],[8,5],[12,-7],[11,-2],[11,3],[13,12],[21,12],[14,1],[8,-5],[11,-2],[23,14],[10,-4],[14,5],[13,-7],[2,-16],[8,-16],[11,-5],[9,-6],[11,-1],[8,-4],[1,-13],[13,-5],[1,8],[11,5],[8,0],[20,15],[5,9],[4,0],[15,8],[15,5],[16,2],[26,-7],[3,-14]],[[10702,11829],[-4,-13],[4,-6],[18,-13],[6,-13],[18,-1],[11,-9],[-5,-25],[-18,-17],[-6,-21],[9,-5],[-3,-5],[7,-10],[-1,-6],[3,-17],[6,-17],[7,-4],[9,1],[7,-7],[-5,-3],[-5,-11],[-6,-4],[-11,-2],[-8,-7],[-10,-4]],[[10725,11610],[-9,-1],[0,-15],[-3,-11],[5,-15],[5,-6],[-11,-16],[-9,-9]],[[10703,11537],[-11,3],[-15,-1],[-18,8],[-11,1],[-12,8],[-6,10],[-8,-3],[-25,17],[-8,8],[-8,3],[8,15],[2,19]],[[10591,11625],[7,-2],[18,1],[20,6],[11,7],[10,2],[6,-2],[6,-9],[5,2],[17,14],[17,12],[-10,11],[-4,10],[-17,3],[3,9],[-12,3],[-5,9],[5,13],[-2,6],[7,11],[-6,6],[4,8],[-11,5],[-3,4],[-19,3],[-11,5],[-7,-2],[-23,7],[-13,-10],[-14,-6],[-6,7],[2,4],[-7,15],[-8,-4],[-15,0],[-15,-3],[-8,-7],[-13,-4],[-9,0],[-4,17],[-11,1],[-9,8],[-10,-2],[-1,11],[-5,8],[-13,8],[3,9],[-5,6],[-13,0],[-11,4],[-8,-4],[-20,-5],[-8,1],[-15,-4],[-20,-8],[-3,-6],[-7,1],[-15,-8],[-12,-9],[-10,3],[-7,-6]],[[10287,11784],[-11,0],[-3,8],[-13,10],[-9,-6],[6,-5],[-3,-19],[8,-5],[5,-8],[-3,-10],[-15,5],[-9,-8],[-1,-11],[10,-5],[-1,-5],[-11,-11],[-4,-6],[3,-10],[9,-10],[-2,-6],[3,-21],[-8,-8],[-9,1],[-9,-8]],[[10220,11646],[-7,-6],[7,-15],[-18,-12],[-9,-1],[-3,-6],[-8,-3],[-2,-13],[-8,-1],[-1,-9],[-16,-11],[9,-5],[-2,-14],[-5,-10],[-12,-7],[-1,-7],[8,0],[6,-5],[-14,-4],[5,-10]],[[11449,12243],[4,-9],[7,-11]],[[11460,12223],[-9,-10],[-12,-3],[-8,-5]],[[11431,12205],[-10,-6],[-11,-2],[-10,-10],[-6,2],[-25,-1]],[[11369,12188],[-4,11],[2,7],[-2,14],[-10,17],[0,12]],[[11355,12249],[6,21],[9,16],[-4,10],[11,16],[1,10]],[[11915,13171],[-30,-1],[5,-7],[-8,-3],[-16,-11],[-8,-2],[-20,-10],[-3,-8],[-6,-1],[-5,-14],[2,-13],[19,-11],[-2,-11],[-5,-4]],[[11838,13075],[-5,6],[-16,8],[-12,11],[-8,0],[-13,14],[-8,3],[-14,14],[1,11],[10,1],[11,-4],[17,-1],[6,5],[3,9],[10,5],[2,8],[11,5],[6,9],[6,0],[5,7],[13,3],[14,8],[10,0],[6,-10],[7,-3],[1,-7],[14,-6]],[[12079,12250],[12,-3],[8,6],[7,12]],[[12106,12265],[11,9],[17,8]],[[12134,12282],[15,-13],[6,-10],[7,1],[25,-14],[-1,-8],[9,-9],[0,-14],[13,-8],[2,-5],[-7,-12],[17,-6]],[[12220,12184],[15,-8],[4,-18],[-4,-10],[0,-9],[-11,-8],[-6,0],[-2,-16],[-7,-6],[-3,-6]],[[12349,12270],[-15,7],[-9,1],[-15,-15],[-9,-3],[-3,-8],[-16,-1],[-10,-9]],[[12272,12242],[-5,10],[-1,10],[4,7],[-5,11],[-10,-1],[-7,-6],[-24,11],[-5,10],[2,5],[-6,8],[-11,2],[-17,-6],[-6,5]],[[12181,12308],[6,9],[0,10],[6,8],[2,8],[11,7],[27,38],[2,13],[5,3]],[[12240,12404],[-4,10],[9,5],[-1,9],[17,-1],[10,5],[10,0],[7,7],[-3,15],[6,9],[14,-11],[14,1],[11,-1],[12,3],[12,-2],[5,-3],[7,-15],[11,0],[16,-7],[14,6]],[[11758,12507],[22,-3],[12,4],[2,10],[7,0],[9,6],[8,-1]],[[11818,12523],[10,1],[13,-3],[9,-9],[23,15],[10,9],[6,-4]],[[11889,12532],[-3,-12],[-2,-19],[1,-11],[-3,-11],[-7,-7],[0,-9],[10,-22],[9,-11],[1,-8],[-7,-7],[-5,1],[-20,-5],[-7,-14],[0,-14]],[[11856,12383],[2,-8]],[[11858,12375],[-7,-1],[-20,12],[-14,6]],[[12342,12613],[-9,-11],[0,-13],[4,-4],[-6,-7],[1,-7],[-4,-7],[-2,-10],[3,-7],[-4,-5],[-12,-6],[-6,-11],[-13,-11],[-10,2],[-17,0],[-15,4],[-7,-7],[-7,4],[-6,12],[-6,8],[-9,-7],[-15,12],[-9,3],[-15,-2],[-12,2],[-7,-6],[2,-8],[-12,-7],[-4,-7],[-15,4],[-16,7],[-13,17],[-4,11],[-8,1],[-5,-8],[-5,3],[-19,-5]],[[12060,12547],[0,4],[11,14],[7,4],[5,10],[-5,15],[7,6],[3,9],[-6,32],[2,9],[9,10],[2,15],[-9,6],[-2,7],[-10,7]],[[12074,12695],[3,20],[15,13]],[[11498,11602],[-13,20],[-11,7],[-14,4],[-11,17],[-12,10],[-26,9]],[[11411,11669],[7,13],[0,18],[8,19],[3,21],[-7,9],[-6,3]],[[11416,11752],[6,1],[3,18],[-10,16],[9,2],[8,8],[6,12],[-1,7],[8,10],[8,7],[3,20],[0,32],[9,16],[0,20],[-12,18],[0,7],[-10,10],[-17,1]],[[11426,11957],[2,12],[16,1],[14,4],[1,8]],[[11459,11982],[6,9],[7,-4],[22,13],[9,-1],[17,13]],[[11520,12012],[4,-11],[15,-12],[4,-1],[3,-17],[-4,-6],[0,-13],[-2,-11],[6,-4],[13,3],[10,-5],[5,1],[-2,14],[4,21],[11,-6],[11,2],[1,9],[9,7],[11,18],[4,16],[17,25]],[[11640,12042],[9,9],[13,0],[8,-7],[10,7],[17,-4],[6,7],[7,2],[12,-6],[0,-9],[11,-26]],[[11733,12015],[-6,-3],[-14,5],[-6,-1],[-18,5],[0,-10],[-11,-23],[-9,-10],[-9,0],[-7,-12],[-4,-13],[-7,-1],[-14,-13],[1,-6],[7,-5],[-2,-10],[-17,-7],[-14,0],[-6,2],[-10,-2],[2,-11],[8,-10],[6,-3],[-4,-8],[2,-7],[-15,-20],[-10,-6],[-17,-6],[-7,2]],[[11552,11842],[-15,-15],[-7,-12],[1,-5],[-9,-8],[-8,-1],[2,-10],[1,-21],[-6,-8],[-9,-17],[-3,-10],[4,-15],[3,-2],[18,-1],[14,-8],[-4,-8],[8,-16],[-3,-13],[11,-7],[-11,-13],[2,-5],[-4,-12],[5,-12],[4,-5],[0,-11],[15,-11],[12,0],[12,-7],[9,-8],[12,2],[18,-1]],[[11639,12969],[5,2],[7,14],[7,3],[1,17],[4,11],[-6,4],[-5,8],[3,4],[2,14],[8,11],[6,3],[19,-3],[6,4],[12,0],[6,10],[8,5],[15,1],[16,19],[10,4]],[[11763,13100],[13,4],[19,-12],[11,-1],[3,-5],[13,-10],[16,-1]],[[11838,13075],[10,-3],[15,-19],[30,-19]],[[11893,13034],[-8,-4],[-7,0],[-4,-8],[-12,-1],[-9,4],[-34,-5],[-18,-9],[-10,-1],[-11,2],[-10,14],[-9,3],[-17,-7],[-4,-7],[-13,2],[-8,-12],[-10,-7],[0,-8],[-5,-13],[-9,-8],[-10,-3],[-6,-9],[-14,2],[-7,-6]],[[11303,12062],[-3,-6],[-9,-7],[1,-8],[-3,-12]],[[11289,12029],[-9,-7],[-11,-12],[-7,-2],[-8,-9],[0,-4],[-8,-11],[3,-8],[-1,-11],[-8,-4],[-13,0]],[[11227,11961],[-8,5],[-10,-3],[-18,7],[-5,-10]],[[11186,11960],[-7,6],[-9,2],[-6,-5],[-12,-1],[-10,-11],[-6,-1],[-6,5],[-19,11],[-3,6],[2,19],[-2,7],[-11,2],[-2,18],[-5,9],[4,7]],[[11094,12034],[-5,33],[6,6],[-3,11],[9,18],[3,12],[6,11]],[[11110,12125],[3,11],[6,-2],[8,5],[13,-8],[3,-5],[-2,-17],[1,-15],[3,-6],[1,-13],[12,2],[8,-7],[25,-5],[18,10],[13,-1],[8,-4],[16,-2],[14,1],[12,-3],[8,3],[14,-1],[9,-6]],[[10956,11706],[1,-7]],[[10957,11699],[-7,-4],[-4,-15],[-12,-16],[2,-10],[4,-2],[3,-11],[-4,-8],[-6,-3]],[[10933,11630],[-12,15],[-14,-4],[-13,-9],[-17,-3],[-27,12],[-16,-1],[-9,8],[-14,1],[-9,5],[4,12],[16,24],[7,8],[23,19],[9,18],[5,2],[10,10],[3,9]],[[10879,11756],[17,-11],[8,2],[15,-7],[6,-12],[16,-5],[1,-6],[5,-7],[9,-4]],[[10244,12489],[5,-5],[-1,-25],[-11,-4],[1,-6],[14,6],[9,-6],[6,-7],[-18,1],[-9,-10],[14,-4],[1,-12],[12,-1],[2,-6],[-10,-5],[3,-6],[8,-3],[-6,-13],[8,-12],[-9,-10],[-2,-8],[-11,1],[3,-8],[12,-3],[2,8],[10,-4],[13,8],[8,-1],[-1,-7],[5,-5],[3,-13],[-3,-6],[1,-12],[-15,1],[1,-7],[10,-1],[7,-15],[13,3],[16,-6],[12,0],[18,3],[9,-5],[12,1],[9,-6],[12,-5],[7,2],[20,-10],[15,-3],[8,-14],[11,0],[3,-7],[-1,-8],[10,-8],[15,6],[13,1],[12,9],[21,-7],[7,-4],[13,-1],[0,-21],[2,-4],[-3,-12],[5,-3]],[[10565,12190],[85,-59],[-51,-94],[-17,-53],[-171,-123],[-11,-7],[-12,-1],[-11,3],[-6,-4],[-14,3],[-14,-3],[-8,3],[-5,-3],[-11,0],[-6,-3],[-5,4],[-14,1],[-14,5],[-25,0]],[[12240,12404],[-16,-3],[-18,2],[-8,-4],[-22,0],[-10,-3],[-1,6],[-10,8],[-12,5],[0,6],[-7,6],[-9,-5]],[[12127,12422],[0,10],[4,11],[-14,14],[-20,14],[-9,3],[-19,13],[-4,10]],[[12065,12497],[-3,15],[2,7],[-6,24],[2,4]],[[11426,11957],[-10,1],[-7,5],[-8,0],[-13,7],[0,3],[-27,15]],[[11361,11988],[-7,-1],[-22,10],[-8,6]],[[11324,12003],[11,9],[1,14],[29,3],[3,-2],[26,0],[15,4],[10,14],[1,6],[9,14],[1,7]],[[11430,12072],[4,7],[19,-5],[0,-4]],[[11453,12070],[10,-7],[5,-7],[0,-9],[4,-12],[-8,-7],[-4,-11],[3,-17],[-7,-11],[3,-7]],[[11186,11960],[-7,-1],[-7,-11],[-7,-2],[-12,-13],[-10,-14],[-10,-27],[6,-15],[-10,-6]],[[11129,11871],[-6,8],[-11,-2],[-9,8],[5,14],[-15,7],[-24,6],[-11,-1],[-15,4],[-13,0],[-12,-4],[-15,-1],[-7,-4],[-4,-7],[-6,0],[-12,7],[-3,5],[3,24],[-28,7],[0,3],[-13,7],[-3,5],[-1,14]],[[10929,11971],[3,-2],[24,7],[11,-7],[7,-1],[0,-6],[19,-6],[14,9],[12,12],[11,19],[-1,3],[9,13],[1,12],[11,8],[13,3],[19,-5],[12,4]],[[11837,11720],[-8,5],[-6,13],[-11,-1],[-14,7],[-8,12],[-12,0],[-12,-5],[-7,5],[-11,0],[-5,-2],[-14,0],[-16,7],[-9,8],[-15,-5],[-15,2],[-5,6],[-19,2],[-18,4],[0,9],[-7,7],[-13,6],[-10,14],[-11,2],[-11,-5],[-3,7],[-6,5],[-16,-3],[-2,3],[-1,19]],[[11733,12015],[29,-1],[18,11],[19,6],[18,2],[17,9],[18,-4]],[[11852,12038],[3,-6]],[[11855,12032],[-5,-9],[-12,-15],[3,-9],[8,-9],[-3,-5],[6,-6],[4,-13],[4,-7],[14,-1],[12,-7],[4,-9],[4,-14],[6,-12],[-4,-4],[-8,3],[-5,-5],[1,-7],[-1,-13],[-4,-5],[30,-10],[4,-17],[-11,-7],[-3,-13],[8,-2],[-5,-13],[-3,-12],[15,-1],[6,-8],[-3,-9],[-1,-10],[-5,-4],[0,-7]],[[11858,12375],[14,-4],[3,-6],[14,-10],[2,-10],[7,-6],[0,-7],[7,-9]],[[11905,12323],[-14,-3],[-17,4],[0,12],[-6,4],[-6,-3],[-16,7],[1,-17],[-3,-10],[-7,-7],[0,-7],[-9,-1],[-4,-7],[-7,-3],[-14,2],[-1,10],[-7,3],[-7,-8],[-22,-1],[-11,-12],[4,-15],[0,-12],[-10,-7],[-8,-9],[-4,-9],[5,-2],[1,-11],[-19,-8],[-10,5],[-20,0]],[[11694,12218],[-13,2],[-10,5],[-8,1],[-17,12],[-8,-4],[-17,9],[-8,10],[-18,-7],[-5,0],[-6,25],[3,16],[6,6],[-4,7],[8,12],[4,12],[-6,14],[-9,7]],[[11586,12345],[-11,5],[-2,11],[4,6],[-5,9],[4,11]],[[11576,12387],[14,1],[7,4],[22,-2],[7,-3]],[[11220,12404],[5,-5],[-4,-9],[0,-10],[2,-14],[-3,-11],[-6,-9],[-9,-6],[-7,-11]],[[11198,12329],[-8,-8],[-6,-14],[-8,-7],[-3,-7],[-1,-13],[-8,-3],[-7,-9],[1,-24],[-13,-13],[-4,-9],[4,-7],[1,-11]],[[11146,12204],[-20,-2],[-13,1],[-12,4],[-8,5],[-7,1],[-4,-8],[-18,-7],[-16,-2],[-6,2],[-17,-1],[-4,-7],[-14,-4],[-10,0],[-6,4],[3,12],[-8,17],[-11,-3],[-11,7],[-13,2],[-10,6],[-22,0],[-13,4],[-10,-6],[-7,0],[-10,5],[-17,-3],[-22,4],[-9,-3],[-7,2],[-2,8],[-6,5],[14,22],[-29,8],[-2,14],[-10,-6],[-7,3],[-12,0],[-1,8],[-11,3],[-11,9],[3,8],[-4,12],[7,7],[9,4],[-9,6],[7,6],[-15,2],[2,20],[-11,25],[4,11],[-4,8],[4,8],[9,-3],[6,10],[-10,26],[-3,4],[10,12]],[[10752,12474],[11,0],[8,-9],[17,-9],[19,-2],[12,-3],[13,11],[2,7],[0,22],[7,2],[12,-9],[16,-4],[12,3],[-5,70],[12,-4],[19,4],[5,-9],[23,-9],[11,-10],[10,0],[45,3],[-4,-12],[12,-5],[-4,-13],[3,-3],[9,5],[5,9],[14,5],[8,-2],[19,-10],[8,-9],[12,-7],[29,5],[2,-12],[-7,-4],[5,-29],[0,-9],[4,-2],[15,8],[10,0],[14,-8],[3,-11],[4,-7],[37,-1],[8,-2],[13,-10]],[[10959,11896],[-14,7],[-15,5],[-13,7],[-2,5],[-16,10],[-17,9],[-3,-1]],[[10879,11938],[-3,7],[5,7],[-2,4],[25,11],[10,-1],[9,7],[6,-2]],[[11129,11871],[-8,-7],[-2,-7],[-10,-11],[-3,-5],[-10,-9],[-8,-13]],[[10591,11625],[-11,-2],[-19,-13],[-7,-1],[-22,8],[-7,1],[-10,9],[1,9],[-6,12],[2,7],[-22,9],[-3,3],[-3,33],[-5,5],[-16,0],[-4,-5],[5,-11],[-17,-1],[-6,2],[-12,-6],[-6,2],[-7,-9],[-8,-5],[-10,0],[-8,3],[-5,-7],[-20,-5],[-9,3],[-12,-2],[-16,10],[-6,5],[-18,9],[-4,6],[-5,15],[2,9],[10,9],[3,11],[-8,8],[0,7],[5,5],[-7,10],[-8,3],[-7,8],[2,5]],[[11669,13431],[-1,-8],[-6,-8],[-4,-10],[-7,-12],[-10,0],[-4,-12],[-6,0],[-12,-7],[-5,-16],[-11,-11],[12,-5],[9,-10],[12,-7],[8,1],[-2,-8],[-6,-9],[-21,-8],[22,-6],[12,2],[13,-4],[11,-30]],[[11673,13263],[-27,0],[-17,-1]],[[11629,13262],[-2,6],[4,6],[-2,5],[-20,0],[-6,2],[-11,-10],[-7,-2],[-15,-21],[-9,-1],[-2,-5],[-9,0],[-13,-6],[-18,-1],[-13,-6],[-2,-11],[-24,-4],[-7,27],[-3,5],[-10,6],[-6,1],[-10,-8],[-13,4],[-5,5],[1,9],[-13,-6],[1,-5],[-9,-6],[-5,-9],[-31,2],[-18,-7],[-7,4],[-7,-1],[-8,8],[-8,0],[1,15],[17,5],[-10,16],[-9,6],[-8,11],[-9,4],[-7,8],[11,9],[-4,4],[4,8],[15,12],[17,2],[0,7],[16,15]],[[12106,12265],[3,13],[12,20],[6,6],[2,10],[-3,15],[-2,33],[3,10]],[[12127,12372],[-2,7],[3,14],[-3,7],[2,5],[-3,8],[3,9]],[[12181,12308],[-18,-10],[-7,-9],[-16,-1],[-6,-6]],[[10285,11418],[5,-1],[9,6],[5,10],[5,-5],[8,0],[15,5],[14,-8],[5,2],[9,-10],[3,2],[18,-6],[6,-7],[9,1],[6,9],[0,7],[11,7],[13,0],[5,4],[11,-2],[11,1],[16,-5],[4,2],[14,-3],[19,2]],[[10506,11429],[18,6],[5,-1],[20,8],[5,-3],[-3,-10],[4,-5],[-1,-11],[5,-11],[9,1],[11,5],[2,-11],[7,0],[7,-5],[12,0],[-2,-9],[14,-6],[5,-7]],[[11672,12901],[8,7],[10,3],[11,-7],[5,-9],[1,-11],[8,-5],[7,0],[10,-15],[-4,-9]],[[11728,12855],[-12,4],[-18,-10],[1,-8],[-3,-10],[-1,-11],[-10,-18],[-9,-6],[-5,1],[-11,-7],[-29,-8],[-2,-12],[-11,4],[-9,6],[-6,-8],[2,-3],[-21,-7],[-8,2]],[[11576,12764],[-7,19],[9,6],[-3,4],[-14,6],[-6,12],[12,6]],[[11355,12249],[-24,3],[-5,-1]],[[11326,12251],[4,3],[5,13],[-2,12],[-25,13],[-28,5],[-7,5],[-16,4],[-6,3],[-14,2],[-16,12],[-11,0],[-12,6]],[[11220,12404],[9,7],[14,24],[-8,9],[5,7],[-4,11],[3,18],[12,12],[0,4]],[[11251,12496],[12,0],[12,-5],[8,-6],[-6,-6],[2,-11],[15,-8],[14,-1],[17,-8],[6,-13],[-1,-6],[12,-15],[7,-2],[1,-8],[16,-7],[3,-3],[18,-1]],[[11192,11671],[8,-9],[9,0],[14,11],[18,2],[9,-4],[31,-4],[10,16],[0,13],[3,3],[10,1],[14,-1],[24,-7],[8,3],[9,-4],[21,-18],[19,-7],[4,3],[8,0]],[[11576,12764],[-5,-3],[8,-10],[3,-13],[-12,-5],[11,-10],[-4,-5],[2,-10],[13,-2],[-4,-5],[9,-20],[9,-2],[6,-5],[-11,-5],[-4,-11],[4,-8],[-9,-9]],[[11592,12641],[-10,-1],[-23,-12],[-3,2],[-14,-5],[-10,-2],[-14,-7],[-20,-5]],[[11498,12611],[-1,5],[-8,7],[-5,8],[-9,0],[-11,4],[-21,24]],[[10994,12929],[5,1],[12,-5],[12,-2],[5,8],[10,5],[12,-3],[19,-2],[9,-5],[3,5],[9,3],[10,-2],[8,-6],[11,-3],[3,12],[11,-4],[5,5],[0,9],[9,3]],[[11147,12948],[11,-10],[7,-13],[0,-8],[9,-4],[7,13],[12,-11],[18,6],[5,-9],[13,-2],[19,-7],[14,-2],[-1,-6],[7,-9],[16,-9],[14,-3],[10,-5],[1,9],[14,2],[12,-7],[27,-23],[20,-14],[2,-9],[0,-23],[31,-4],[11,-10],[15,1],[16,0],[9,2],[-2,6],[5,5],[1,19],[-1,10],[4,10],[14,18],[5,9],[1,11],[-4,9],[-1,9],[10,4],[1,4],[14,8],[8,13],[-4,7],[1,9],[6,11],[-5,11],[2,8],[-7,8]],[[11514,12982],[9,6]],[[12074,12695],[-1,-5],[6,-12],[1,-11],[-9,-13],[-5,-3],[-3,-8],[-8,-9],[-7,-3],[-16,0],[-31,-5],[-33,-20],[0,-11],[-6,-5],[1,-12],[-5,-6],[-3,-10],[-5,-6],[-9,-1],[-3,-8],[-12,6],[-27,7],[-12,0],[-4,-8],[6,-20]],[[11818,12523],[5,11],[2,11],[10,10],[9,14]],[[11844,12569],[10,8],[7,11],[-4,14],[9,9],[16,9],[8,8],[4,8],[-4,11],[10,6],[8,10],[2,19],[-5,8],[3,10],[12,12],[7,10],[7,20],[-10,8],[-1,6],[18,18],[-1,17],[4,5]],[[11227,11961],[0,-5],[-8,-12],[22,-8],[5,-12],[5,-3]],[[11251,11921],[-2,-10],[-8,-12],[2,-8],[20,-10],[8,-7],[-5,-16],[-5,-3],[-4,-10],[5,-3],[1,-11],[-10,-11],[-3,-10]],[[11250,11810],[-6,5],[-13,3],[-15,12],[-6,8],[-13,-10],[-6,-11],[-10,-7],[-27,-3],[-14,2],[-14,-6],[-8,-1],[-9,-15],[-11,-2]],[[11098,11785],[-11,9]],[[11289,12029],[9,-9],[13,0],[8,-6],[5,-11]],[[11361,11988],[-3,-15],[-7,-12],[-13,-10],[-5,5],[-18,-17],[-18,7],[-1,-10],[-4,-8],[3,-4],[-33,-6],[-11,3]],[[10725,11610],[2,-4],[17,-2],[13,-7],[13,-2],[0,-8],[14,-2],[6,-3],[15,0],[5,-2],[1,-9],[23,-22],[3,-8],[-3,-10],[9,-5]],[[10843,11526],[-11,-11],[-16,-2],[-9,-3],[-6,-10],[-8,-5],[-14,1],[-6,13],[-6,2],[-6,-7],[-7,-1],[-6,4],[-3,-10],[-9,-8],[-10,-2]],[[10726,11487],[-7,6],[-2,7]],[[10717,11500],[0,11],[-7,7],[-7,19]],[[10902,11600],[0,8],[22,14],[9,8]],[[10957,11699],[7,-8],[3,-14],[10,-4],[6,-6],[13,-7],[17,-4]],[[11326,12251],[5,-2],[2,-24],[14,-36],[-8,-5],[-22,-6],[6,-13]],[[11323,12165],[-28,-4],[-10,6],[-8,-1],[-3,6],[-10,4],[-8,7],[-10,5],[-4,0],[-12,7],[-4,9],[-7,-3],[-11,5],[-12,8],[-17,-3],[-8,-4],[-9,-11],[-1,-5],[-10,-4],[-1,10],[-4,7]],[[10506,11429],[-5,10],[-16,5],[-9,-1],[-1,5],[14,12],[4,-1]],[[10493,11459],[4,-4],[16,-5],[9,3],[5,6],[10,2],[7,-5],[10,2],[14,-11],[6,2],[10,-7],[11,-2],[7,-6],[10,1],[20,12],[9,14],[15,5],[-11,17],[12,2],[12,10],[7,2],[6,9],[10,1],[9,-5],[16,-2]],[[10726,11487],[10,-15],[-5,-5],[4,-6]],[[11576,12387],[-11,10],[-13,-5],[-10,10],[-9,15],[7,13],[-1,7]],[[11539,12437],[7,0],[17,-2],[19,1],[8,-5],[14,10],[28,-2],[11,5]],[[10220,11646],[10,-4],[12,-12],[-1,-5],[3,-12],[6,-8],[7,-3],[1,-10],[4,-4],[-1,-9],[-7,-5],[-2,-9],[-7,-13],[-5,-3],[30,-21],[13,2],[15,-2],[15,2],[6,11],[18,17],[2,12],[10,15],[2,7],[13,-9],[10,-2],[10,-5],[12,-2],[8,-6],[6,-7],[1,-13],[-4,-9],[2,-10],[24,-9],[5,4],[20,5],[4,-3],[12,3],[10,-1],[3,-5],[11,-6],[-1,-11],[4,-4],[2,-10],[11,-5],[-5,-12],[-6,-4],[1,-6],[-11,-6]],[[10565,12190],[6,7],[8,2],[21,-9],[19,22],[11,7],[13,11],[3,12],[17,4],[11,-3],[11,-8]],[[10685,12235],[2,-17],[-6,-24],[2,-6],[-3,-8],[5,-17],[6,1],[10,6],[10,2],[2,-16],[7,2],[2,-8],[6,-9],[2,-9],[20,-11],[9,-11],[8,-2],[9,-5],[14,-11],[15,-5],[11,-14],[-2,-11],[-11,-3],[-11,-13],[-4,-9],[-6,-3],[0,-6],[-5,-10],[-9,-7],[-5,-9],[-14,-14],[-11,-18],[-3,-2],[-5,-21],[-6,-5],[14,-8],[9,2],[10,-3],[-19,-16],[-1,-11],[9,-1],[6,-8],[-1,-9],[8,-8],[-5,-12],[-7,-5],[-8,-16],[-9,-2],[-22,-11],[-6,-5]],[[11005,11733],[-14,-6],[-14,-10],[0,-8],[-10,-4],[-11,1]],[[10879,11756],[11,11],[-5,4],[-15,-5],[-9,5],[-8,1],[-20,14],[-9,9],[-11,8],[-1,7],[2,10],[-2,10],[4,16],[6,10],[0,22],[-3,6],[-1,11],[-11,2],[-4,11],[-1,13],[-7,-1],[-9,6],[-8,10],[-11,7],[6,10],[-3,8],[18,28],[1,8],[9,8],[2,7],[7,3],[2,7],[9,2],[12,12],[6,8]],[[10836,12044],[4,0],[6,-18],[-5,-17],[9,-9],[0,-8],[-9,-10],[-6,-11],[-1,-10],[15,-7],[5,-5],[-4,-13],[26,-2],[3,4]],[[11147,12948],[7,11],[17,6],[14,9],[12,2],[16,22],[8,16],[10,12],[3,6],[12,12],[1,5],[9,17],[-6,4],[-8,9],[1,13],[-6,5],[1,9],[-4,7],[6,4],[2,10],[-4,10],[0,9],[-4,6],[0,13],[-7,-2],[-6,7],[4,11],[10,12],[-12,3],[-5,5],[-17,0]],[[11201,13201],[4,6],[9,-5],[4,3],[1,10],[10,-10],[8,6],[-1,10],[7,3],[9,-2],[5,2],[11,-8],[-3,-8],[2,-13],[7,-2],[-1,-18],[-7,-9],[3,-5],[1,-13],[7,-5],[-9,-10],[1,-7],[23,-3],[7,8],[14,10],[20,2],[16,-2],[2,-8],[-3,-9],[11,-7],[7,-20],[0,-14],[14,-10],[2,-6],[8,-3],[6,-14],[3,-18],[0,-18],[13,-2],[19,-16],[12,-4],[18,0],[11,-3],[10,-7],[14,-3],[10,6],[8,-3]],[[11539,12437],[-34,7],[-6,10],[-3,11],[-8,1],[-10,7],[-9,2],[-1,5]],[[11468,12480],[-4,21],[4,14],[6,2],[12,11],[3,13],[8,6],[2,7],[7,9],[4,10],[-5,19],[-1,14],[-6,5]],[[11592,12641],[5,-5],[12,-7],[6,-10],[28,-9],[13,-9],[4,0],[12,-9],[4,-10],[16,-10],[15,-7],[9,-8],[10,-4],[3,-10]],[[12220,12184],[14,10],[23,10],[4,4],[3,15],[4,4],[-1,10],[5,5]],[[12127,12372],[-23,2],[-10,5],[2,7],[-3,7],[-11,-5],[-15,-1],[-24,-4]],[[12043,12383],[-2,12],[-1,17],[2,10],[-6,8]],[[12036,12430],[8,9],[7,4],[8,9],[5,10],[-4,14],[1,12],[4,9]],[[11625,13045],[1,7],[-14,17],[-16,2],[-8,-1],[-5,5],[5,5],[-5,9],[5,14],[-14,9],[10,20],[5,3],[2,11],[14,15],[-10,4],[-9,12],[2,11],[10,7],[12,22],[6,4],[7,16],[2,10],[-12,8],[2,7],[14,0]],[[11673,13263],[22,-7],[7,-6],[1,-7],[17,-9],[1,-10],[15,-8],[-5,-9],[0,-18],[-10,-28],[-12,-10],[18,-10],[5,-8],[0,-7],[11,3],[17,-9],[3,-20]],[[11640,12042],[-2,9]],[[11638,12051],[-15,12],[9,13],[9,29],[5,3],[-1,9],[-3,20],[-3,2],[-6,16]],[[11633,12155],[5,2],[7,16],[7,8],[11,2],[9,9],[6,11],[9,5],[8,1],[-1,9]],[[11905,12323],[2,-6],[5,-5],[3,-13],[20,-11],[9,-2],[7,-8],[0,-9],[8,-10],[-2,-7]],[[11957,12252],[-20,-2],[-7,-5],[-2,-11],[-7,-7],[-7,-11],[-4,-22],[-20,-4],[-8,-4],[6,-11],[9,-2],[-3,-9],[1,-8],[9,-3],[-3,-30],[-18,-15],[-3,-9],[-21,-15],[-9,-17],[2,-7],[-2,-18],[2,-4]],[[11988,12223],[-11,2]],[[11977,12225],[-9,3],[-6,7],[-5,17]],[[11856,12383],[15,4],[16,11],[17,-7],[7,-6],[11,0],[13,5],[12,-1],[9,2],[0,11],[7,11],[8,1],[19,10],[10,8],[18,4],[6,-4],[12,-2]],[[12043,12383],[6,-15],[2,-13],[-6,-16],[1,-7],[-3,-6],[3,-9],[0,-13],[4,-6],[0,-8],[-8,-12],[1,-12]],[[11520,12012],[-5,8],[-1,23],[6,14],[-3,8]],[[11517,12065],[13,-3],[9,4],[13,-1],[14,-17],[9,-4],[5,1],[25,13],[7,0],[8,-8],[18,1]],[[11416,11752],[-18,4],[-17,0],[-9,11],[-18,4],[-4,-6],[-18,-4],[-26,8],[-5,10],[4,10],[-3,9],[-7,5],[-11,-6],[-7,-15],[-5,-1],[-8,-14],[-14,5],[-14,3],[-1,3],[9,17],[6,15]],[[11855,12032],[9,0],[8,-3],[6,7],[12,7],[3,4],[9,2],[29,-5],[6,-2],[13,5],[14,14],[14,2],[-1,6],[5,5],[-3,12],[3,13],[1,20],[-4,20],[0,20],[3,9],[6,5],[-4,6],[1,9],[-5,5],[-4,18],[-4,6],[5,8]],[[11369,12188],[-6,-4],[-10,-17],[-12,-9]],[[11341,12158],[-7,0],[-11,7]],[[11303,12062],[6,10],[0,9]],[[11309,12081],[28,8],[15,0],[17,-5],[3,2],[17,-3],[14,-7],[22,-5],[5,1]],[[11453,12070],[4,0],[5,10],[-2,5],[3,8],[14,9],[-5,9],[8,10],[7,4],[7,-1],[4,12]],[[11498,12136],[19,2],[12,12],[5,8],[1,11]],[[11535,12169],[12,0],[20,5],[5,-4],[7,-16]],[[11579,12154],[-3,-5],[-10,-7],[-12,-4],[-11,-10],[-1,-3],[-14,-14],[-11,-46]],[[11728,12855],[14,11],[13,0],[10,3],[13,-5],[10,1],[9,-7],[3,-14],[-10,-12],[1,-8],[11,4],[2,14],[9,12],[23,-11],[18,-7]],[[11854,12836],[0,-6],[4,-8],[-2,-8],[-8,-12],[-2,-6],[5,-8],[-2,-18],[-10,-20],[2,-13],[-9,-10],[-3,-8],[-10,-10],[-8,-15],[-8,-3],[-14,-8],[-15,4],[-20,-2],[-2,-8],[-6,-6],[1,-7],[11,-3],[14,-7],[7,-16],[12,1],[4,-7],[-5,-9],[1,-11],[23,-12],[2,-3],[16,-1],[9,5],[4,-1],[4,-16],[-1,-9],[-4,-6]],[[11460,12223],[18,0],[2,4],[26,6],[8,7],[13,3],[1,-14],[10,-4],[9,-19],[-8,-6],[3,-12],[-7,-19]],[[11498,12136],[-2,10],[-5,6],[-20,6],[-5,15],[2,2],[-17,14],[-6,1],[-14,15]],[[10459,12617],[9,-11],[7,-18],[-2,-19],[-6,-2],[-3,-21],[-13,-10],[6,-8],[-11,-6],[10,-12],[0,-8],[7,-8],[5,-1],[8,-8],[26,-8],[2,-6],[10,-6],[0,-6],[12,-6],[7,-12],[20,5],[-3,-9],[2,-6],[10,-2],[1,-10],[9,-4],[2,-9],[10,0],[0,-5],[10,-3],[-5,-8],[3,-5],[-4,-10],[3,-6],[15,-2],[8,-13],[-6,-7],[7,-8],[-2,-9],[13,-4],[6,-7],[12,3],[0,5],[11,0],[4,3],[11,-4],[4,-13],[10,2],[2,-10],[-6,-11],[-22,-8],[7,-7],[5,-15],[19,-6],[6,2],[15,-3],[7,-6],[6,-1],[-11,-15]],[[10712,12235],[-6,2],[-7,-5],[-14,3]],[[10723,13595],[-7,-5],[5,-7],[1,-9],[-8,-7],[4,-6],[-5,-4],[7,-8],[-9,-9],[2,-8]],[[10713,13532],[-3,-2],[1,-13],[-7,-12],[12,-10],[-8,-19],[-1,-9],[17,-6],[9,-11],[1,-20],[8,-6],[7,-9],[12,-6],[-68,-65],[5,-15],[-3,-14],[1,-16],[-5,-12],[1,-9],[6,-23],[-1,-10],[-6,-11],[1,-12],[24,-4],[4,-6],[8,-1],[-2,-8],[8,-6],[9,-2],[15,1],[14,-7],[7,-7],[9,-1],[4,-6],[1,-9],[8,-13],[11,0],[7,4],[16,-3],[1,-8],[20,-13],[9,-2],[-7,-11],[6,-2],[-5,-14],[11,-12],[9,1],[4,-8],[12,-5],[12,-1],[8,3],[6,-8],[13,-2],[9,-10],[9,0],[1,-6],[7,-3],[-49,-93]],[[11201,13201],[-12,3],[-2,9],[-5,0],[-4,-8],[-9,-1],[-12,15],[-7,6],[-4,10],[-8,6],[-2,5],[8,6],[-3,6],[-11,-3],[-5,4],[3,12],[-18,3],[1,5],[7,4],[-5,8],[-10,-3],[-5,4],[6,8],[-11,7],[0,5],[-14,5],[-8,0],[-14,4],[-7,-5],[-7,7],[-6,1],[-11,8],[-5,17],[-9,0],[-5,6],[3,9],[-12,0],[-7,5],[1,22],[-5,0],[-14,20],[-21,3],[-13,4],[-10,0],[-4,5],[-10,0],[-6,6],[-10,2],[-6,-5],[-6,5],[-9,-5],[-3,8],[-6,0],[-5,-6],[-5,2],[0,10],[-9,4],[7,7],[0,13],[-10,-2],[-2,7],[4,8],[-7,2],[-20,-6],[-8,17],[-8,-1],[-6,17],[-14,-2],[-5,-6],[-13,-6],[-10,3],[-1,9],[-9,7],[-11,-2],[-5,6],[-11,0],[-1,7],[-7,10]],[[11098,11785],[-7,-16],[-7,-10],[-9,-6],[2,-5],[-9,-9],[-2,-8]],[[11527,12288],[7,12],[10,4],[11,10],[14,-2],[7,14],[-4,11],[4,9],[10,-1]],[[11633,12155],[-19,2],[-22,-4],[-13,1]],[[11126,12697],[23,-6],[9,1],[18,7],[13,-7],[9,-1],[21,6],[3,-9],[6,-5],[24,-3],[-6,-8],[11,-3],[-8,-13],[2,-6],[22,1],[5,-4],[1,-8],[6,-10],[1,-13],[-6,-14],[0,-6],[-7,-17],[2,-13],[-9,-6],[0,-6],[-6,-12],[-3,-12],[0,-12],[-10,-17],[4,-5]],[[10752,12474],[-1,14],[-6,10],[-6,6],[-16,6],[4,6],[-4,10],[-14,-3],[-2,13],[6,10],[2,9],[-2,14],[9,3],[1,7],[5,5]],[[11854,12836],[12,-5],[14,2],[12,-2]],[[10836,12044],[-5,4],[12,7],[-4,5],[4,7],[-3,6],[2,14],[11,11],[6,2],[12,16],[-6,7],[4,6],[-9,4],[-1,6],[-9,11],[-8,-1],[-16,4]],[[10826,12153],[1,5],[10,7],[4,-5],[12,2],[11,-3],[3,8],[6,6],[1,7],[6,5],[4,9],[6,2],[6,8],[23,-13],[7,9],[7,2],[16,-1],[9,-5],[7,-1],[18,-12],[-4,-9],[5,-13],[12,-9],[5,2],[15,-1],[15,-4],[1,-4],[14,-4],[8,-9],[12,-3],[16,-8],[10,0],[9,4],[9,0]],[[11341,12158],[-6,-3],[-10,-19],[1,-8],[-8,-18],[-3,-12],[-8,-10],[2,-7]],[[10826,12153],[-9,-4],[3,13],[-8,5],[4,10],[-8,4],[-18,3],[-12,9],[-5,8],[-26,-4],[-1,7],[-7,1],[-8,7],[-8,1],[-17,-3],[6,25]],[[11918,13178],[-3,-7]],[[11893,13034],[8,8]],[[11434,12441],[6,7],[2,13],[10,20],[16,-1]],[[8380,15335],[0,10],[-5,11],[11,9],[4,7],[-3,24],[-8,10],[-8,2],[-8,7],[-9,0],[-5,4],[8,15],[-14,2],[-5,13],[-9,8],[-8,2]],[[8321,15459],[-6,6],[-2,11],[-6,2],[-2,7],[15,3],[19,9]],[[8339,15497],[7,3],[9,-7],[8,-11],[0,-6],[13,-5],[-5,-14],[8,1],[12,-4],[3,6],[9,-4],[10,4],[8,-1],[1,-11],[5,-6],[14,-1],[9,1],[10,5],[6,0],[-2,-9],[18,0],[-3,6],[9,2],[2,5],[7,3],[8,7],[7,0]],[[8512,15461],[5,-10],[12,7],[10,-17],[-1,-10],[5,-4],[4,-10],[-1,-13],[12,-1],[-3,-15],[9,-1],[5,-8],[-3,-17],[7,-3],[14,9],[7,1]],[[8594,15369],[3,-12],[7,-7],[-13,-4],[2,-19],[-4,-6],[9,-5],[2,-7],[-9,-17],[-8,-4],[-5,-9],[1,-11]],[[8579,15268],[-15,5],[-14,7],[-11,11],[-12,-1],[-9,-3],[-3,-9],[-19,2],[-7,-7],[-6,6],[-26,3],[-19,6],[-5,-6]],[[9171,15245],[-39,6]],[[9132,15251],[-8,7],[-24,13],[-7,-3],[0,16],[5,6],[-11,4],[-4,8],[-13,4],[-2,13],[-12,0],[0,-5],[-8,-2],[-7,9],[6,20],[-11,1],[-3,8],[18,4],[-1,12],[-4,7],[-6,2],[-2,6]],[[9038,15381],[11,2],[1,8],[11,-1],[-7,20],[17,1],[-1,14],[1,12],[10,-4],[-6,-7],[17,-5],[13,9],[4,17],[-4,16],[-5,2],[8,14],[-9,15],[3,11]],[[8797,14915],[15,-12],[31,1],[11,-6],[5,-9],[8,-2],[12,-9],[24,-3],[9,-3],[8,-9],[28,-22],[7,-8],[1,-17],[6,-1],[5,-8],[7,4],[5,-6],[10,-2],[3,-5],[9,4],[11,-4],[-4,-10],[11,-1],[11,3],[6,-3],[-10,-6],[-3,-17],[10,1],[2,-12],[-2,-8],[-7,-6],[-9,-17],[-15,-2],[-3,-6],[10,-6],[-8,-5],[3,-6],[1,-12],[-6,-8],[11,-23],[-5,-16],[8,-6],[-8,-8],[0,-5]],[[9005,14619],[-10,6],[1,3],[-31,7],[-3,11],[7,17],[8,2],[-26,21],[-22,-5],[-14,2],[-7,-3],[-6,8],[-18,-3],[-9,9],[-4,-8],[-14,-1],[-24,5],[-22,11],[-2,-3],[-21,3],[-13,4],[-15,0],[-4,5]],[[8756,14710],[1,4],[-16,11],[-8,0],[-10,6],[-19,2],[-4,8],[26,22],[14,4],[-3,10],[15,12],[-20,17],[19,5],[9,4],[-21,10],[-5,9],[-12,-2],[-4,9],[-1,10],[4,5],[11,-1],[12,6],[3,9],[19,-3],[13,10],[4,9],[-1,20],[-8,10]],[[8546,15726],[3,-12],[7,-8],[9,-1],[5,-6],[8,2],[5,-11],[-5,-4],[-1,-8],[-6,-2],[-1,-13],[-4,-9],[11,-9],[0,-24],[28,-10],[-4,-7],[18,-6],[-5,-4],[12,-10],[-3,-7],[12,3],[8,-2],[15,7],[6,-1]],[[8664,15584],[-1,-4]],[[8663,15580],[-17,-5],[-3,-6],[4,-10],[-2,-10]],[[8645,15549],[-13,3],[-20,-12],[-11,2],[-8,-10],[-8,-6],[-7,2],[-10,-2],[1,-5],[-10,-5]],[[8559,15516],[-22,10],[-18,1],[10,10],[-6,7],[-10,2],[-13,7],[17,16],[10,5],[-23,10],[14,14],[0,11],[-14,8],[2,5],[16,2],[2,7],[-2,13],[-3,7],[-10,5],[3,14],[-7,2],[3,10],[0,19],[-8,5],[8,8],[2,12]],[[8510,15726],[6,10],[11,2],[8,-1],[1,-7],[10,-4]],[[8594,15369],[9,4],[9,-1],[10,6],[14,3],[11,5],[10,11],[9,2],[-2,13]],[[8664,15412],[15,-2],[18,-7],[24,-1],[9,-4]],[[8730,15398],[-15,-13],[3,-10],[-3,-10],[11,-9],[-14,-5],[-16,6],[-8,-2],[4,-13],[-10,-25],[4,-6],[-2,-14],[-4,-9],[7,-9],[0,-11],[-3,-5],[0,-13],[8,-2],[2,-7],[11,-2],[12,8],[3,-4],[-11,-5],[9,-7],[5,4],[15,5],[28,7],[6,5]],[[8772,15252],[7,-23],[6,0],[5,9],[14,-7],[10,1],[10,-8],[15,1],[5,-4],[9,-16],[4,-12]],[[8857,15193],[-23,-7],[6,-16],[-12,-10],[11,-7],[9,12],[22,-19],[1,-5],[12,-10],[2,-6],[-23,-8],[15,-11],[-24,-16],[-3,-10],[-13,6],[-5,5],[-14,4],[11,9],[1,23],[-14,0],[-8,3],[-6,8],[-15,2],[-15,4],[-1,-8],[-11,-4],[-14,0],[-3,10],[-7,-1],[-5,8],[-11,9],[-11,15],[-8,-4],[-7,3],[-12,-3]],[[8682,15169],[-15,15],[-1,8],[-13,5],[-12,11],[-1,5],[-18,9],[-12,-1],[-1,6],[-15,2],[1,12],[-4,9],[-10,-2],[-12,5],[3,7],[9,1],[-2,7]],[[8107,15480],[15,-1],[2,-4],[15,-5],[14,6],[18,14],[8,-2],[15,10],[23,26],[15,21]],[[8232,15545],[2,-7],[-11,-12],[6,-3],[-8,-22],[1,-14],[-3,-14]],[[8219,15473],[-7,-14],[-9,-3],[-3,-15],[-15,0],[-2,-9],[-7,-9]],[[8608,15712],[2,-15],[13,-2],[11,1],[4,-8],[12,-3],[1,-7],[8,0],[0,-9],[6,-2],[4,-16],[-13,-15],[8,-12],[-5,-18],[2,-7],[-8,-5],[13,-6],[-2,-4]],[[8747,15095],[-10,12],[7,12],[-11,5],[-18,0],[-5,12],[2,3],[-22,10],[-8,11],[0,9]],[[8857,15193],[9,-1],[-1,-17],[9,-6],[11,-4],[7,-10],[6,-4],[11,-23],[8,-1],[4,4],[15,6]],[[8936,15137],[13,2],[5,-4],[9,0],[4,-9],[6,-2],[-10,-16],[5,-9],[11,0],[4,-2],[18,12],[10,-6],[7,-2],[5,-9],[-9,-2],[-6,-10],[1,-14]],[[9009,15066],[-10,-5],[-14,0],[-1,-7],[-18,0],[6,-8],[0,-12],[-8,2],[-20,-1],[-15,-4],[-8,17],[-7,5],[-11,-2],[-1,-7],[-11,2],[-1,-15],[-6,1],[-7,-8],[-11,2],[-11,-2],[-9,4],[-20,1],[-13,-7],[-4,2],[-9,-12],[-3,5],[-12,8],[19,12],[-8,7],[-15,7],[-13,0]],[[9258,15134],[-25,-6],[-7,-7],[-12,-3],[-11,4],[-6,9],[-10,-4],[-6,6],[-14,3],[-11,-10],[0,-6],[-10,-3],[-5,-10],[-9,4],[-7,-1],[-16,-14],[-6,-1],[0,-8],[-15,1],[5,6],[0,6],[-16,-2],[-5,-7],[-8,-18],[13,-26],[-8,-3],[-12,5],[-8,-3],[-21,5],[-9,-6],[-10,21]],[[8936,15137],[-2,9],[13,4],[-1,12],[-18,0],[-8,1],[-5,-9],[-6,6],[11,4],[2,8],[-5,8],[13,4],[-3,21],[3,9],[-4,7],[7,4],[6,-4],[10,9],[-5,4],[3,6],[15,-2],[9,1],[25,-5],[8,1],[16,9],[10,0],[11,-3],[9,6],[17,-4],[0,-12],[6,1],[1,14],[8,-1],[8,6],[7,-2],[2,7],[33,-5]],[[9262,14325],[22,6],[6,6],[-1,11],[11,9],[20,3],[6,-3],[19,3],[2,7],[6,0],[6,-12],[-13,-5],[9,-11],[6,-1],[9,-22],[5,-4],[5,-19],[9,3],[10,10],[99,6],[-10,25],[7,10],[-5,6],[9,7],[-7,8],[22,10],[9,2],[-11,8],[-1,8],[11,8],[17,6],[8,-6],[12,4],[11,-5],[8,7],[-4,17],[-4,6],[15,14],[11,5],[30,4]],[[8756,14710],[-3,-3],[-24,-10],[0,-6],[-13,5],[-14,0],[-13,5],[-16,14],[0,-11],[6,-20],[-6,-1],[-12,9],[-1,12],[-16,14],[-16,-6],[-6,-6],[-7,-1],[-5,-7],[-13,-13]],[[8663,15580],[7,-11],[3,1],[11,-13],[-8,-8],[6,-5],[10,9],[6,-6],[-6,-6],[9,-3],[24,17],[14,15],[14,-10],[5,-11],[9,6],[13,-13],[4,4],[14,5],[10,-1],[2,-10],[11,-1],[4,5],[9,-13],[7,-1],[16,5],[1,-8],[6,-2],[4,-9],[5,-1],[4,8],[5,1],[17,-12]],[[8899,15512],[1,-5],[8,-4],[5,-7],[-13,-17],[-7,-1],[2,-11]],[[8895,15467],[-10,4],[-5,-5],[-14,3],[-17,-2]],[[8849,15467],[-3,7],[-9,-3],[-7,-10],[-18,-7],[-7,-10],[-8,-1],[-9,-9],[-12,-6],[-5,-10],[-14,1],[-17,-10],[-10,-11]],[[8664,15412],[4,5],[12,0],[3,4],[-11,8],[8,17],[4,2],[9,20],[6,11],[-2,8],[-8,6],[-6,0],[-15,24],[-10,-1],[-12,12],[-1,21]],[[9184,14384],[7,3],[-4,8],[11,0],[0,5],[13,1],[10,9],[14,21],[11,7],[9,1],[-1,10],[5,6],[2,10],[-7,11],[1,4]],[[9255,14480],[7,-6],[16,-6],[4,27],[-1,6],[-11,1],[2,7],[16,1],[5,8],[8,-2],[2,14],[18,2],[7,-2],[18,6],[-1,6],[-13,6],[-5,13],[6,14],[-3,14],[9,5],[7,-16],[17,-1],[12,2],[10,4],[3,18],[-2,4],[12,6],[-11,9],[8,5],[-9,10],[5,11],[4,3],[13,1],[0,11],[8,11],[-6,8],[-12,2],[-8,11],[0,12],[-5,8],[4,6],[14,-1],[11,-11],[2,-13],[9,0],[21,10],[10,-2],[14,6],[22,13],[8,-8],[6,8],[11,-2],[17,3],[5,-9],[-7,-5],[1,-8],[17,7],[24,-1]],[[8512,15461],[3,6],[13,2],[-7,8],[-3,8],[2,8],[17,-1],[6,3],[-2,7],[6,8],[14,-1],[-2,7]],[[9000,15550],[-10,1],[-16,-1],[-16,-5],[-7,-7],[1,-8],[-18,5],[1,-6],[8,-14],[-7,-8],[-4,17],[-25,3],[-6,-4],[-2,-11]],[[8219,15473],[3,2],[15,-1],[19,-7],[20,-6],[12,0],[9,2],[24,-4]],[[9349,15055],[-12,-9],[-20,-4],[1,-4],[-8,-12],[-16,-14],[-3,-19],[-9,-8],[-16,-2],[-5,-4],[-9,-11],[8,-3],[-1,-6],[4,-9],[-15,-7],[-6,-7],[2,-6],[-7,-15],[-1,-16],[-14,0],[4,-16],[-5,-7],[7,-3],[-1,-7],[6,-13],[-4,-13],[7,-3],[9,-10],[-7,-6],[-3,-12],[11,-6],[-3,-9],[5,-4],[-4,-9],[-22,-10],[-7,0],[-1,-22],[7,-6],[4,-14],[-4,-11],[-12,-3],[2,-16],[7,-10],[17,3],[17,-10],[-4,-27],[2,-11],[-18,-6],[0,-24],[17,-1],[-3,-14],[-10,-3],[-7,6],[-12,-5],[-14,5],[-15,3],[-9,14],[-15,-11],[3,-8],[-8,-7],[19,-14],[-9,-3],[0,-7],[9,0],[8,-7],[-4,-13],[9,-1],[22,-18],[3,4],[10,-5],[7,-11],[0,-6],[6,-6],[1,-15],[15,-11]],[[9044,14471],[2,12],[6,5],[7,12],[-3,13],[14,15],[-4,5],[6,8],[-4,11],[5,5],[-26,21],[-7,0],[-9,10],[-12,-8],[-11,5],[-11,25],[8,9]],[[8849,15467],[2,-8],[5,-2],[2,-10],[10,-4],[-3,-8],[-10,-1],[-8,-13],[-2,-7],[-11,-12],[2,-11],[-10,-1],[-7,1],[-1,8],[-17,-2],[1,-8],[10,-11],[-1,-14],[-15,-9],[9,-3],[10,8],[3,-6],[-4,-7],[-6,5],[-3,-13],[-11,-7],[3,-6],[-14,-5],[1,-7],[6,-4],[5,-22],[-2,-12],[4,-13],[-2,-4],[-23,-7]],[[8510,15726],[-11,3],[-8,-5],[-11,3],[4,6],[-6,13],[-6,-1],[5,-10],[-12,0],[-12,3],[-1,-12],[-18,7]],[[8434,15733],[-22,38],[-8,-7],[-15,-4],[-9,3],[-16,-8],[-28,-6],[-3,-11],[-28,-7],[-3,5],[-9,4],[-22,-4]],[[8271,15736],[-7,10],[-17,14],[-10,23],[-8,12],[-11,7],[-18,-4],[-11,6],[-9,8],[-12,3],[-15,-2],[-21,-1],[-25,1],[12,6],[5,9],[0,5],[11,4],[2,8],[8,3],[11,9],[19,9],[12,13],[-6,12],[18,14],[6,9],[-2,3],[7,9],[0,7],[5,9],[-3,9],[4,12],[7,15],[-8,15],[-1,14],[5,2],[4,9],[11,6],[10,16],[7,19],[-3,14],[19,19],[7,22],[1,13],[-3,11],[-9,7],[4,6],[9,4],[4,18],[-3,25],[-3,10],[8,19],[0,8],[-5,10]],[[9038,15381],[-8,-3],[-3,6],[-6,1],[1,-10],[-13,-1],[-5,15],[-13,0],[-1,5],[-15,-1],[-12,3],[-12,0],[-12,4],[-11,-1],[-9,-7],[1,-10],[-8,1],[-8,-8],[-13,-7],[11,21],[11,8],[-5,10],[2,9],[8,6],[-1,5],[-13,4],[0,16],[-5,6],[0,11],[-4,3]],[[8232,15545],[14,23],[19,47],[9,27],[3,15],[3,19],[1,38],[-5,5],[-5,17]],[[8434,15733],[-23,-1],[6,-16],[12,-5],[5,5],[7,-4],[-1,-11],[-14,0],[-6,-3],[1,-11],[3,-6],[20,-13],[4,-17],[-36,-2],[-9,-10],[-8,-2],[17,-17],[-9,-17],[-12,-10],[-7,-8],[-6,-17],[-9,4],[-6,-10],[6,-5],[-16,-18],[0,-13],[-17,-13],[3,-16]],[[8529,10134],[4,-14],[16,-7],[6,-7],[27,-8],[11,-10],[16,-3],[23,-14],[13,-10],[5,-13],[6,0],[5,-11],[6,-3],[2,-5],[-4,-5],[-2,-14],[2,-3],[-7,-7],[1,-12],[14,-3],[9,-4],[9,-9],[7,-1],[17,7],[15,-5],[14,-2],[7,-6],[1,-15],[5,-5],[8,1],[11,-4],[15,5],[9,7],[17,-1],[12,-5],[12,0],[6,6],[24,-2],[5,8],[25,15],[15,3],[3,-3],[17,0],[12,8]],[[8948,9983],[14,-15],[8,-5],[7,-9],[-3,-7],[1,-15],[-14,-18],[4,-11],[-3,-4],[4,-19],[12,-6],[8,-13],[-4,-3],[8,-9]],[[8990,9849],[-25,-16],[-11,0],[5,-18],[0,-16],[6,-3],[18,0],[26,-9],[7,3],[24,-2],[9,-2],[8,-6],[-2,-11],[1,-15],[-2,-12],[14,-5],[3,4],[23,7]],[[9094,9748],[-6,-17],[-8,-5],[-8,-8],[-6,-24],[-18,-14],[0,8],[-9,19],[-6,2],[-11,-3],[-11,1],[1,-5],[-6,-24],[-4,-4],[-1,-12],[7,-6]],[[9008,9656],[-16,4],[-11,-2],[-34,3],[-15,7],[-3,12],[-11,2],[-10,4],[-2,6],[-13,9],[-14,-2],[-10,7],[-9,1],[-12,-4]],[[8848,9703],[-6,1],[-14,-4],[-10,0],[-11,-4],[-12,-17],[-11,-4],[-11,2],[-29,-6],[-4,10],[-8,12],[4,7],[-8,5],[-3,12],[-6,2],[-7,14],[-8,-3],[-34,2],[-2,-3],[-13,1],[1,-4],[-12,-2],[-17,8],[-20,-3],[1,-6],[-17,-10],[-10,-14],[-13,-12],[-13,6],[-13,-1],[-7,-6],[-18,-7],[-12,-10],[-21,3],[-10,-5],[-21,5],[-10,-1],[-15,-7],[-5,-4],[-11,-2],[-11,3],[-6,-2],[-18,-1],[-7,-13],[-12,-13],[-9,-3]],[[8349,9629],[-3,7],[5,7],[10,24],[10,11],[-2,4],[7,12],[11,9],[10,18],[18,5],[12,11],[20,0],[9,3],[14,13],[21,1],[8,9],[19,7],[6,11],[7,3],[2,5],[8,5],[3,10],[-2,8],[3,5],[10,1],[-3,11],[-1,14],[-5,5],[-13,3],[-7,4],[-9,14],[-7,3],[-5,14],[-6,5],[-1,8],[4,15],[-7,18],[-10,6],[-17,0],[-30,-6],[-20,9],[-3,11],[-17,15],[5,17],[-3,14],[-3,1]],[[9002,8689],[9,7],[1,7],[9,12],[20,9],[-1,12],[17,6],[-5,8],[6,14],[-15,7],[11,14]],[[9054,8785],[5,-9],[24,-3],[9,-16],[16,-7],[4,-4],[11,-2],[10,4],[5,9],[0,7],[36,0],[5,-4],[9,4],[4,6],[11,2],[6,6],[18,2],[10,4],[18,-3],[9,-8],[12,-6],[2,-11],[-16,-18],[-11,-11],[-4,-8],[17,-10],[10,-12],[6,-3],[5,-13],[4,-7],[13,-4]],[[8948,9983],[4,7],[12,10],[11,1],[-4,13],[5,10],[9,9],[-1,4],[12,7],[2,8],[6,5],[9,10],[-13,0],[-10,-2],[-10,7],[10,7],[-8,11],[5,7],[14,2],[22,11],[2,10]],[[9025,10120],[3,5],[32,6],[14,6],[11,-1],[19,-11],[4,-21],[14,-4],[2,-11],[8,-5],[4,-8],[7,-1],[0,-6],[5,-4],[22,-7],[22,3],[5,-9],[18,-3],[12,2],[5,-3]],[[9232,10048],[-10,-8],[-6,-12],[-5,1],[-16,-24],[-7,-14],[-11,-7],[-12,-14],[-10,-2],[-4,-8],[-6,0],[-2,-8],[-8,-7],[-6,2],[-19,-13],[-9,-15],[-5,0],[-8,-15],[-12,-13],[-9,-3],[-2,-6],[-11,-6],[-16,-1],[-2,-6],[-9,-8],[-19,-11],[-17,-3],[-1,2]],[[9295,10148],[-12,7],[-3,8],[-6,1],[-18,-4],[-11,-6],[-7,1],[-9,-8],[-8,1],[-18,7],[-5,5],[7,6],[-2,6],[17,11],[-7,13],[4,10],[7,8],[-4,3]],[[9220,10217],[-10,12],[8,6],[1,18],[5,7],[-1,8],[20,5],[3,7],[28,12],[-12,2],[-16,0],[2,9],[8,4],[9,-1],[7,5],[20,10],[17,5],[-9,19]],[[9300,10345],[6,14],[-3,16],[-12,0],[-10,-7],[-5,3],[4,14],[-3,8],[8,1],[4,4],[28,-5],[16,1],[7,10],[10,-1],[10,6],[17,-6],[7,7],[1,9]],[[8533,10142],[6,1],[8,-5],[12,4],[12,-8],[17,1],[14,2],[9,-2],[13,6],[7,-1],[9,5],[17,1],[7,-2],[13,7],[15,-2],[7,-8],[7,-1],[15,3],[3,3],[24,1],[0,3],[19,-1],[3,3],[11,-5],[14,-1],[9,-9],[8,-3],[4,-6],[20,-14],[12,-13],[10,-1],[14,-8],[9,0],[5,4],[10,0],[4,-3],[11,-2],[8,-7],[12,1],[7,3],[1,6],[6,5],[-1,9],[5,7],[27,8],[4,6]],[[8980,10129],[7,3],[16,2],[22,-14]],[[9300,10345],[-10,5],[-7,-4],[-11,3],[-14,-2],[-4,3],[-24,0],[-8,-5],[-11,10],[-4,11],[-21,34],[-11,12],[-1,8],[-15,12],[-6,0],[-32,-6],[-22,5],[-16,5]],[[9083,10436],[-13,9],[-13,5],[-8,0],[-9,7],[-8,12],[-6,0]],[[9026,10469],[0,9],[10,5]],[[9036,10483],[12,-1],[16,10],[6,9],[13,-6],[2,-7],[13,1],[9,7],[10,-2],[3,5],[21,5],[7,-4],[13,8],[6,-1],[11,5],[7,-7],[3,8],[6,4],[-5,12],[5,7],[-8,9],[12,10],[-2,15],[-10,4],[-7,9],[-3,11],[1,12],[3,7],[-4,12],[6,10]],[[9182,10635],[21,5]],[[9203,10640],[12,-3],[0,-7],[9,-8],[6,0],[18,-13],[-2,-7],[6,-7],[3,-7],[40,-9],[20,0],[22,9],[10,10],[10,0],[-3,-12],[1,-19],[-3,-7],[2,-17],[9,-13],[4,-12],[14,10],[22,5],[1,10],[7,8]],[[8272,8455],[-10,-9],[-14,-7],[-5,7],[-11,8],[3,9],[0,14],[3,6],[-2,14],[-4,9],[-7,1],[3,9],[-3,4],[2,23],[-19,-3],[-6,-5],[-27,-1],[-3,-5],[-11,-8],[-12,-1],[-3,5],[-23,-4],[-13,7],[-4,14],[-3,20],[-26,2],[-9,7],[-13,-2]],[[8055,8569],[13,10],[-6,6],[13,14],[1,13],[8,19],[10,6],[3,13],[8,19],[5,5],[1,8],[12,9],[4,16],[5,6],[11,5],[0,11],[10,3],[18,0],[18,-7],[10,1],[15,-4],[8,1],[17,-6],[19,2],[12,-1],[0,12]],[[8270,8730],[13,3],[10,-4],[24,0],[17,7],[6,0],[10,7],[3,-1],[17,4],[12,0],[13,8],[19,0],[9,-5],[7,-8],[5,2],[3,10],[15,12],[16,19],[1,8],[5,12],[13,8],[-5,13],[0,13],[7,7],[3,8],[10,9],[15,17],[8,1],[10,7],[5,0],[16,10],[-1,17],[4,11],[6,4],[0,11],[6,3],[2,12],[16,-3],[23,5]],[[8613,8957],[-4,-7],[-5,-13],[6,-3],[11,-26],[10,-11],[24,-1],[6,-8],[11,-2],[12,0],[10,-10],[4,-1],[11,5],[1,6],[6,7],[13,-8]],[[8729,8885],[-6,-10],[-9,-1],[3,-13],[-1,-12],[-8,-1],[-18,7],[-15,-6],[-9,3],[-7,-10],[-1,-20],[8,-9],[12,-7],[9,-10],[2,-8],[12,-5],[3,-4],[-1,-16],[-15,-8],[1,-8],[-15,-2],[-2,-6],[-31,-24],[7,-4],[1,-7],[7,1],[7,-6],[4,-11],[8,-6],[1,-26],[11,-19]],[[8349,9629],[-21,-9],[-1,-3],[-21,-9],[-6,3],[-12,1],[-6,-2]],[[8282,9610],[-10,8],[0,11],[-9,3],[-6,13],[-10,2],[-1,9]],[[9390,9607],[3,-9],[-2,-9],[-8,-3],[6,-17],[8,-4],[1,-6],[10,0],[5,-8],[11,3],[11,-18],[17,0],[11,-5],[4,2],[6,-10],[16,-13],[-14,-10],[4,-7],[-8,-6],[-5,-9],[1,-12],[-6,-12],[10,-7]],[[9471,9447],[-11,-9],[-15,-2],[-14,-13],[-28,-12],[-8,-8],[-4,-12],[-17,-16],[-18,-8],[-9,-11],[-5,-2]],[[9342,9354],[-17,6],[-7,8],[3,17],[-3,17],[6,22],[-4,13],[2,15],[8,19],[7,23],[0,18],[-6,17],[-1,9],[9,17],[8,10],[5,17],[9,16],[10,9],[20,13]],[[8598,10359],[-6,25],[-4,6],[0,9],[-6,4],[5,12],[11,5],[14,16],[18,5],[8,5],[12,-1],[13,4],[21,12],[4,0],[18,7],[21,3],[10,-3],[16,2],[8,4],[1,6],[12,8],[6,10],[10,4],[1,5],[10,6],[14,13],[2,8],[14,3],[20,11],[-3,3],[8,22],[6,-3],[7,3],[6,6]],[[8875,10579],[10,2],[11,8],[1,10],[7,1],[6,8],[22,0],[12,6],[12,-2],[10,-6],[22,5]],[[8988,10611],[2,-10],[-5,-8],[3,-5],[-16,-11],[-12,-17],[10,-6],[12,-5],[5,-15]],[[8987,10534],[-3,-7],[-6,0],[-10,-7],[-9,-11]],[[8959,10509],[-8,11],[0,7],[-16,-2],[-9,1],[-18,19],[-12,5],[-12,-9],[0,-8],[-8,-1],[-10,3],[-8,-3],[-2,-9],[0,-14],[-8,-10],[0,-6],[-10,-6],[-7,0],[-1,-7],[-7,-9],[-15,1],[-5,-5],[-7,0],[-25,-14],[-12,-2],[-2,-5],[-10,-4],[-16,3],[-9,-2],[-13,-14],[-9,-13],[-8,-1],[-7,-11],[-8,-6],[-7,0],[-8,-7],[-17,-10],[-3,-8],[-16,-7],[-7,-14]],[[8270,8730],[-5,5],[3,21],[-5,17],[5,11],[2,9],[-3,4],[-1,10],[-4,24],[2,15],[-8,3],[2,13],[-6,0],[-5,-9],[-13,-4],[-12,2],[-4,6],[-8,2],[-7,15],[-4,4],[-6,20],[-18,12],[-9,1],[-3,-5],[-31,28],[-7,5],[-16,5],[-34,-11],[-20,6],[-11,0],[-2,11],[-9,8],[2,11],[-11,6],[-7,8],[-15,-6],[-7,-6],[-9,4],[-6,6],[-5,14],[-10,9],[-16,8],[-8,13],[1,9],[-2,10],[3,4],[-3,9],[1,9],[-6,8],[-2,8],[-8,-2],[-8,6],[-12,-4],[-3,-8],[-7,-1],[-15,-14],[-18,-1],[-16,-11],[-14,4],[-6,-6],[-10,8]],[[7816,9053],[1,12],[6,4],[0,7],[7,14],[7,5],[-3,13],[13,6],[1,12],[13,1],[16,12],[9,14],[5,14],[11,6],[-11,9],[-1,13],[7,11],[9,7]],[[7906,9213],[11,9],[4,9],[7,5],[4,-6],[10,0]],[[7942,9230],[21,30],[-2,7],[5,11],[0,7],[10,8],[9,13],[-3,6],[1,10],[-6,4],[4,8],[-2,10],[5,4],[11,0],[9,-6],[5,5],[0,8],[5,7],[11,4],[11,12],[2,6],[8,3]],[[8046,9387],[6,-8],[13,-12],[-6,-13],[7,-12],[7,-5],[12,-20],[30,-10],[2,-5],[8,-7],[19,4],[25,-11],[6,-6],[-1,-14],[-7,-9],[22,-2],[10,5]],[[8199,9262],[12,-1],[6,-4],[13,-1],[8,-17],[-3,-7],[5,-9],[14,-1],[10,-4],[5,-12],[0,-9],[14,-10],[4,-9],[16,0],[8,2],[7,-6],[13,-1],[9,-7],[13,-2],[13,-5],[17,4],[14,-3],[4,4],[18,-9],[5,-10],[7,1],[13,18],[1,13],[5,10],[7,8]],[[8457,9195],[12,-1],[9,-11],[16,-3],[8,-5],[6,1],[13,-9],[11,-16],[1,-6],[9,-3],[7,5],[12,-6],[10,-8],[7,-13],[24,-4],[10,4],[10,-7],[11,4],[3,-3],[-2,-33],[-4,-5],[1,-13],[19,-2],[18,9],[7,-4],[1,-12],[5,-4]],[[8681,9050],[-7,-12],[-5,-4],[-3,-15],[-5,-18],[-6,-15],[-13,6],[-1,-10],[-3,-12],[-9,-9],[-13,-1],[-3,-3]],[[9195,9666],[-7,0],[-3,-18],[-5,-10],[2,-7],[-7,-2],[-3,-7]],[[9172,9622],[-9,-3],[6,-11],[-13,-3],[1,-5],[-5,-7],[-18,-12],[-16,-6],[-10,0],[-8,8],[-8,-1],[-9,-4],[-12,32],[-7,5],[-13,5]],[[9051,9620],[-3,16],[-11,-3],[-11,13],[-7,3],[-2,7],[-9,0]],[[9094,9748],[7,8],[9,0],[4,-4],[10,7],[6,11],[5,-8],[-5,-12],[11,-4],[10,13],[-4,6],[2,8],[8,2],[4,11],[7,7],[3,7],[-2,6],[8,26],[5,7],[-1,10],[11,14],[-5,15],[-12,6],[-16,-11],[-3,9],[12,7],[31,12],[13,2],[12,9],[15,-3],[8,6],[4,-9],[15,11],[5,-5],[3,-10],[14,-3],[11,3],[9,-3],[16,7]],[[8681,9050],[4,8],[13,10],[9,1],[13,6],[-7,8],[6,5],[14,0],[1,-7],[13,-9],[11,5],[4,12],[13,9],[-2,6],[3,7],[9,5],[-2,8],[7,10],[-3,25],[7,9],[16,11],[8,-1],[11,13],[-1,8],[16,5],[14,2],[16,5],[9,-4],[4,9],[8,6],[2,12],[12,2]],[[8909,9236],[1,-26],[7,1],[15,-10],[31,-15],[-23,-20],[21,-5],[7,-9],[11,-1],[15,-7],[9,-10]],[[9003,9134],[-1,-5],[14,-12],[18,-13],[0,-5],[6,-8],[35,-39],[7,-2]],[[9082,9050],[1,-13],[8,-2],[6,-10],[-20,-3],[0,-11],[-6,-6],[-16,-2],[-16,-8],[-4,-8],[-7,-4]],[[9028,8983],[-6,-2],[-18,0],[-3,-6],[-1,-13],[-10,-4],[-1,-10],[-15,5],[-19,0],[-4,10],[-7,-1],[-5,-9],[-14,6],[-4,8],[1,10],[-5,5],[-18,5],[-10,6],[-22,-1],[0,-7],[-6,-3],[-2,-20],[-9,0],[-14,-9],[-3,-10],[-11,-8],[-11,-17],[-12,-7],[-8,1],[-6,6],[-13,5],[-7,-2],[-10,2],[-11,-2],[-2,-12],[-8,-9],[14,-12],[-9,-8],[-10,5]],[[9471,9447],[8,1],[14,6],[25,17],[24,11],[7,-6],[-2,-9],[5,-14]],[[9552,9453],[21,-7],[13,-11],[27,-2],[24,-17],[1,-9],[-3,-6],[7,-12],[12,-10],[7,-15],[0,-28],[2,-9],[-6,-3],[5,-12],[15,-1]],[[9677,9311],[-10,-3],[-21,5],[-36,2],[-14,3],[-26,15],[-8,-2],[-5,-9],[-8,-8],[-12,-4],[-4,-5],[-10,-4],[-9,-8],[-10,-4],[-11,-8],[9,-4],[2,-13],[5,-5],[-1,-6],[5,-6],[-7,-3],[-5,-19],[-7,1],[-1,-12],[-10,-6],[-7,0],[-2,-6],[-20,-2],[-7,-8],[6,-6],[2,-9],[-4,-7],[9,-10],[-5,-16],[-1,-9],[9,-12],[-22,-8]],[[9441,9115],[-8,-1],[-6,4],[-9,16],[1,10],[-3,8],[-8,8],[-14,5],[-8,8],[-4,1],[-11,12],[0,14],[4,3],[-8,6],[-2,9],[-10,1],[2,9],[-8,3],[-7,-6],[-1,-9],[-9,-5],[-6,-15],[-23,8],[-8,-4],[0,10],[-12,10]],[[9283,9220],[9,15],[11,21],[6,26],[-3,19],[1,9],[16,15],[13,18],[6,11]],[[9054,8785],[-2,11],[3,5],[-1,9],[13,12],[4,8],[5,0],[11,12],[9,2],[5,7],[17,2],[5,3],[4,9],[-1,13],[13,16],[3,11]],[[9142,8905],[10,7],[6,9],[0,8],[-7,5],[0,7],[21,20],[9,-1],[6,-6],[2,-6],[18,2],[11,5],[4,-6],[13,-4],[9,8],[26,-5],[7,4],[10,0],[18,4],[10,9],[5,1],[12,-4],[11,5],[9,10],[0,5],[11,1],[-1,7],[6,9],[4,12],[12,4],[0,8],[12,7],[11,-1],[5,4],[0,7],[15,25]],[[9427,9065],[15,14],[0,-13],[-5,-4],[7,-30],[7,-13],[0,-11],[4,-6],[12,-4],[21,-4],[13,6],[24,14],[36,26],[20,27],[0,6],[27,33],[7,2],[15,16],[9,6],[7,11],[4,12],[9,1],[7,8]],[[9172,9622],[6,-11],[6,-7],[6,0],[5,7],[8,3],[9,-4],[7,-12],[19,-2],[-7,-24],[-6,-15],[7,-4],[5,8],[14,-11],[31,10],[4,-5],[15,1]],[[9301,9556],[-10,-7],[-1,-7],[13,-14],[7,-15],[-2,-8],[-11,-18],[4,-12],[0,-13],[-15,-9],[-7,-12]],[[9279,9441],[-9,2],[-15,2],[-19,-5],[-14,8],[-4,-2],[-17,3],[-8,5],[-15,3],[-11,11],[-12,1],[-23,8],[-10,13],[-3,11],[-11,11],[-12,16],[-14,8],[-16,19],[-7,20],[-11,15],[1,8],[-10,9]],[[9039,9607],[12,13]],[[9036,10483],[-12,5],[-11,-1],[-11,5],[-12,-1],[-8,9],[0,4],[-21,3],[-2,2]],[[8987,10534],[8,-6],[17,-1],[2,6],[24,6],[16,0],[11,-3],[-5,14],[12,11],[-6,13],[3,40],[-14,10],[0,14]],[[9055,10638],[22,8],[7,-4],[2,13],[9,2],[-2,9]],[[9093,10666],[9,0],[10,6],[5,-1],[-3,-14],[2,-4],[10,-3],[8,0],[9,-6],[17,0],[20,6],[6,-4],[-4,-11]],[[9341,9639],[-6,-11],[-11,-10],[-3,-28],[-6,-6],[0,-15],[-5,-9],[-9,-4]],[[9047,10804],[-3,-10],[7,-4],[-1,-6],[-11,-3],[2,-5],[-4,-8],[1,-10],[-3,-16],[7,-5],[2,-6],[8,-5],[8,4],[10,-7],[3,-14],[10,-6],[-5,-13],[6,-17],[9,-7]],[[9055,10638],[-9,-3],[-4,4],[-20,-6],[-14,-12],[-8,1],[-12,-11]],[[8875,10579],[3,6],[-3,19],[-10,10],[-4,16],[-7,-2],[-1,8],[-21,-2],[2,13],[13,13]],[[9279,9441],[-10,-19],[-4,-13],[6,-18],[-2,-7],[-7,-7],[-16,0],[-7,-6],[-11,-22]],[[9228,9349],[-10,-15],[-12,-6],[-14,4],[-7,-2],[-19,-16],[-12,-1],[-9,-9],[0,-4],[10,-12]],[[9155,9288],[-4,-5],[-11,-2],[-28,-1],[-17,-6],[-13,1],[-7,9],[-14,4],[-4,12],[-15,14],[-5,11],[-1,9],[-25,10],[-22,-8],[-24,-14]],[[8965,9322],[-2,10],[-5,9],[-24,24],[6,23],[0,20],[9,11],[10,-2],[-2,9],[-5,4],[13,16],[9,7],[-9,10],[-11,2],[-12,-1],[0,12],[5,3],[-4,10],[-6,6],[13,17],[17,33],[3,9],[8,18],[2,12],[10,15],[1,20],[6,13],[4,-6],[1,-8],[7,-12],[7,-6],[23,7]],[[9203,10640],[6,7],[10,7],[-1,4],[12,6],[-5,7],[13,7],[12,1],[18,7],[6,10],[5,0],[14,14],[11,4],[7,8],[12,6],[-5,9],[-7,2],[-7,7],[1,5],[-12,10],[-8,17],[-4,3],[4,7],[7,4],[-1,8],[-4,5],[-15,2],[-18,10],[-4,5],[-16,-1]],[[9552,9453],[8,2],[-1,8],[10,17],[11,7],[9,3],[23,20],[13,13],[11,19],[5,16],[-4,17],[1,10],[-1,8],[-7,20],[3,15],[4,8],[8,6]],[[9220,10217],[-10,1],[-5,-5],[-5,8],[-13,-4],[-27,10],[-10,9],[-24,1],[-7,-11],[-12,1],[-11,13],[-8,-2],[-12,3],[-7,-4],[-12,9],[-10,-1],[-3,9],[-7,5]],[[9037,10259],[-6,4],[-7,20],[1,3],[18,0],[10,2],[3,12],[14,-1],[8,4],[8,18],[6,1],[0,12],[3,4],[-4,7],[-1,9],[-10,1],[-5,5],[-8,-2],[-2,9],[-10,10],[-13,3],[5,5],[-2,10],[3,10],[17,9],[9,2],[-5,12],[14,8]],[[9037,10259],[-6,0]],[[9031,10259],[-4,-1],[-22,-13],[-7,-3],[-13,-10],[4,-7],[0,-9],[-9,-14],[-27,-9]],[[8953,10193],[-12,4],[-1,4],[-11,8],[-12,-6],[-11,2],[-5,5],[3,9],[-10,14],[4,9],[-4,3],[6,12],[-2,18],[-3,6],[4,14],[7,2],[4,15],[-1,9],[-13,10],[-4,6],[18,12],[-9,9]],[[8901,10358],[-5,14],[12,-1],[0,6],[7,9],[-6,2],[-3,6],[6,6],[8,0],[7,6],[8,1],[13,7],[7,9],[4,11],[7,6],[3,10],[12,11],[5,8],[19,1],[5,2],[16,-3]],[[8619,10345],[25,0],[26,5],[28,-1],[16,2],[16,11],[4,6],[11,6],[13,-2],[2,3],[22,5],[13,-6],[15,8],[6,-3],[10,0],[10,-9],[13,-1],[11,2],[12,-3],[2,-10],[12,-5],[15,5]],[[8953,10193],[-4,-5],[-15,4],[-16,-2],[-3,-7],[-15,-7],[-20,3],[-2,5],[-11,-2],[-11,-8],[-11,5],[-16,1],[-5,-1],[-10,7],[-8,9],[-14,4],[-9,9],[-15,4],[-11,7],[-6,-3],[-14,1],[-7,-4],[-10,5],[-15,-8],[-17,-2],[-8,1],[-11,-10],[-17,5],[-32,-10],[-5,1],[-5,8],[-17,5],[-6,-1],[-6,8],[-9,4],[-3,8],[-23,21],[-3,1]],[[9028,8983],[22,-4],[15,-13],[-3,-11],[11,-10],[5,2],[18,-8],[-6,-8],[6,-7],[16,-1],[17,-5],[4,-5],[2,-10],[7,2]],[[8457,9195],[-5,2],[6,22],[5,5],[2,12],[-4,7],[2,6],[-3,7],[7,13],[7,7],[0,16],[-8,13],[-7,6],[-4,10],[9,9],[9,14],[11,7],[8,15],[-2,7],[-8,4],[-1,10],[-6,8],[12,5],[12,1]],[[8499,9401],[10,-1],[11,3],[5,-6],[-4,-7],[14,-6],[17,1],[9,7],[4,6],[18,8],[6,6],[4,9],[13,13],[23,16],[6,2],[7,7],[8,-1],[10,4],[7,10],[10,2],[20,-5],[10,-10],[13,1]],[[8720,9460],[11,-2],[16,0],[10,-6],[8,0],[10,7],[18,3]],[[8793,9462],[-4,-3],[-10,-21],[-14,-8],[-5,-17],[-5,-4],[0,-9],[5,-8],[0,-17],[24,-10],[9,-12],[13,-8],[27,-11],[12,8],[18,6],[8,-23],[15,-10],[11,0],[6,-6],[18,-4],[2,-11],[14,-9],[1,-4],[12,-13]],[[8950,9268],[-11,-8],[-6,-13],[-15,-4],[-9,-7]],[[9232,10048],[5,5],[7,-1],[-2,-11],[6,-4],[8,4],[5,-7],[19,-5],[7,4],[8,-1]],[[7582,8429],[13,-11],[6,-10],[9,-5],[17,-7],[7,1],[18,5],[8,0],[11,-6],[8,1],[29,13],[22,4],[20,-2],[13,-1],[6,-3],[7,5],[11,2],[19,7],[13,2],[13,14],[9,2],[9,12],[18,4],[0,8],[8,5],[5,-2],[17,10],[6,8],[13,5],[17,18],[15,7],[-1,9],[9,7],[22,4],[12,20],[15,4],[4,-3],[12,1],[4,7],[11,-1],[18,6]],[[9082,9050],[-4,7],[1,9],[6,9],[4,13],[21,15],[2,14],[6,0],[7,6],[-1,9],[11,3],[8,-4],[15,2],[5,-3],[6,6],[18,6],[13,-1],[23,6],[-3,-11],[8,0],[11,-4],[-1,-14],[-8,-16],[10,-1],[17,-4],[0,7],[7,19],[4,7],[9,-6],[-1,-6],[8,-7],[13,-16],[14,1],[7,2],[11,-7],[15,-6],[17,-3],[15,1],[13,-4],[4,2],[15,1],[20,6],[13,12]],[[9441,9100],[1,-11],[-5,-7],[-15,-14],[5,-3]],[[9003,9134],[8,-1],[6,4],[1,8],[7,6],[8,-2],[8,10],[4,11],[5,0],[4,8],[-6,10],[5,8],[-9,11],[4,8],[40,8],[26,-4],[3,11],[19,13],[9,-2],[8,3],[18,16],[-13,9],[9,9],[-12,10]],[[9228,9349],[5,-12],[-9,-8],[5,-8],[-1,-6],[-13,-3],[-3,-4],[2,-12],[10,-17],[1,-6],[-7,-11],[-1,-8],[5,-13],[23,-8],[9,0],[9,-4],[6,-7],[14,-2]],[[9441,9115],[0,-15]],[[7630,8457],[-5,8],[6,8],[20,12],[-1,12],[-10,7],[1,6],[-4,14],[10,7],[0,9],[7,5],[-6,7],[-4,14],[-15,10],[6,9],[-5,14],[-8,2],[0,5]],[[7622,8606],[19,12],[0,11],[21,8],[3,9],[-17,6],[-1,16],[6,9],[-4,14],[0,10],[6,7],[0,9]],[[7655,8717],[11,0],[2,16],[6,7],[1,8],[-7,8],[1,6],[12,11],[4,7],[18,14],[-3,9],[7,6],[5,14],[14,16],[-6,11],[-1,7],[4,4],[2,11],[-9,12],[-3,11],[6,5],[3,11],[-9,14],[7,8],[15,1],[3,16],[13,8],[10,-1],[10,15],[-14,22],[1,9]],[[7758,9003],[6,10]],[[7764,9013],[14,3],[0,12],[8,4],[3,6],[9,5],[11,-1],[7,11]],[[8282,9610],[15,-2],[4,-20],[15,-13],[13,1],[7,-5],[9,-1],[13,-6],[9,-15],[15,-4],[3,-4],[18,-4],[3,-5],[23,-5],[10,-11],[14,-10],[11,-12],[9,7],[17,8],[10,-2],[9,-6],[13,-6],[5,-9],[-2,-11]],[[8525,9475],[-6,0],[-9,-10],[-9,11],[-9,-4],[-6,2],[-21,-4],[-22,-16],[-9,-12],[-2,-14],[7,-10],[18,-11],[-3,-5],[-22,8],[-12,-13],[1,-5],[-9,-4],[-3,-5],[1,-11],[5,-10],[-19,-5],[-10,-3],[-14,-1],[-12,-3],[-13,3],[-11,-5],[-10,1],[-1,-11],[-8,-11],[-11,-9],[-13,2],[-16,6],[-9,-1],[-4,-6],[-14,-10],[-20,-8],[-13,2],[-10,-8],[-9,-11],[3,-15],[-2,-7]],[[8046,9387],[11,15],[-13,8],[-7,9],[0,7]],[[8848,9703],[4,-12],[-10,-3],[-21,-12],[-1,-9],[-10,-7],[-3,-5]],[[8807,9655],[-4,-2],[-7,-12],[-7,-8],[0,-14],[4,-5],[-7,-5],[-7,-14],[-13,6],[1,-14],[-9,-6],[-7,-8],[-2,-7],[-10,-12],[-10,-27],[-1,-15],[-12,-22],[1,-8],[6,-11],[-3,-11]],[[8499,9401],[0,3],[13,12],[9,22],[3,21],[4,11],[-3,5]],[[8950,9268],[10,1],[18,-8],[10,-6],[15,4],[2,5],[-12,5],[-6,8],[-3,12],[4,6],[-12,11],[-5,12],[-6,4]],[[8793,9462],[6,3],[7,-7],[12,8],[15,8],[14,13],[4,6],[13,5],[15,12],[21,19],[17,32],[9,24],[7,14],[-5,3],[-16,-2],[-1,5],[9,9],[-2,6],[-17,5],[-17,-16],[-1,-11],[-8,9],[-9,-1],[-12,13],[-12,-2],[-14,17],[-14,9],[-7,12]],[[9031,10259],[-2,-10],[-13,-6],[-7,-14],[0,-13],[-4,-14],[0,-8],[-10,-7],[-5,-8],[-12,-4],[-3,-7],[-17,-18],[3,-11],[19,-10]],[[7043,8532],[-3,-9],[-7,-5],[-8,4],[-4,-3],[-11,1],[-6,7],[-15,1],[-7,-6],[-19,7],[-9,-5],[-9,8],[-1,9],[-8,6],[-11,2],[-2,5],[-11,-2],[-14,1],[-10,6],[-11,-7],[-8,-2],[-12,2],[-10,-9],[-14,-2],[-1,5],[-9,2],[-8,12],[-14,0],[-11,2],[-21,-5],[-1,10],[3,26],[-6,7],[-3,8]],[[6762,8608],[11,17],[0,8],[7,21],[-8,3],[-4,5],[-3,14],[-10,13]],[[6755,8689],[3,9],[-1,7],[10,4],[7,5],[3,13],[7,3],[14,-2],[9,3],[4,5],[19,-3],[7,4],[5,9],[14,14],[4,-3],[7,14],[0,13],[7,11],[0,9],[10,7],[5,8],[16,6]],[[6905,8825],[4,-1]],[[6909,8824],[8,-1],[0,-17],[6,-7],[9,-5],[10,0],[7,-8],[13,-2],[6,-5],[0,-8],[19,0],[16,-6],[16,-5],[2,4],[16,5],[8,9]],[[7045,8778],[0,-7],[10,-6],[3,-12],[8,-11],[2,-9],[-4,-5],[1,-12]],[[7065,8716],[1,-8],[13,-5],[6,-4],[1,-11],[-1,-11],[-6,-8],[-2,-7],[4,-8],[1,-12],[-11,-9],[8,-11],[4,-12],[-2,-17],[5,-7],[0,-9]],[[7936,10088],[7,14],[-7,12],[-10,6],[-6,-4],[-14,-3],[-4,27],[-5,8]],[[7897,10148],[12,-1],[12,3],[7,5],[7,-2],[3,-17],[15,2],[13,-5],[11,4],[4,-4],[27,-3],[6,-5],[22,-7],[17,-4],[41,-5]],[[7609,9439],[-17,-25],[-16,6],[-21,-6],[-12,13],[-1,12],[-11,24],[-8,6],[-13,2],[-5,5],[-15,-3],[-3,3],[-13,-2],[-4,12],[-5,5],[-8,1],[-5,-4],[-8,3],[-20,5],[-8,4],[-17,5],[-4,3],[-3,14],[-9,5],[-9,2]],[[7374,9529],[-6,8],[7,3],[-5,7]],[[7370,9547],[5,4],[4,11],[9,5],[1,14]],[[7389,9581],[13,3],[-1,-5],[7,-8],[17,-11],[17,0],[11,-4],[27,-2],[13,-7],[9,-2],[15,-16],[1,-13],[19,-18],[13,-7],[5,-12],[11,-4],[15,-9],[2,-6],[9,0],[1,-8],[9,-11],[7,-2]],[[7519,10296],[12,-13],[12,-4],[7,9],[10,1],[7,6],[10,3],[7,-6],[19,-1],[5,-2],[17,8],[13,9],[47,4],[-4,4],[1,14],[-9,12],[7,6],[7,-1],[16,-6],[16,-1]],[[7791,10254],[-2,-6],[-10,-6],[-8,5],[-3,7],[-11,0],[-4,-6],[13,-20],[-6,-3],[-18,5],[-2,-6],[9,-7],[0,-5],[-5,-8],[-18,-3],[0,-6],[6,-7],[-1,-7],[-9,1],[-12,-8],[5,-5],[-3,-9],[-17,-10],[-2,-10],[-10,-8],[0,-7]],[[7683,10125],[-5,-1],[-8,6],[-13,-5],[0,7],[-10,3],[-16,17],[-7,-3],[-7,2],[-10,-1],[-3,13],[-13,5],[-5,5]],[[7586,10173],[-21,6],[-9,-2],[-8,2],[-7,12],[-9,9],[-9,3],[-13,17],[-3,9]],[[7507,10229],[16,10],[-4,14],[14,13],[-7,19],[-9,8]],[[7586,10173],[-11,-20],[2,-13],[4,-4],[-19,-18],[-6,-2],[-8,-29],[-8,-10]],[[7540,10077],[-21,6],[-7,-2],[-26,13],[-5,0],[-20,-11],[-15,-2],[-3,6],[5,4],[-3,8],[2,7],[-4,6]],[[7443,10112],[11,13],[11,17],[-1,16],[12,9],[24,15],[6,9],[-1,11],[-4,11],[6,16]],[[7214,9897],[7,1],[7,-4],[8,0],[8,-6],[15,-5],[11,5],[17,-1],[17,9],[17,2],[8,5],[6,-6],[9,-7],[0,-6]],[[7344,9884],[-10,-6],[-7,-17],[2,-6],[13,-2],[5,-12],[17,-4],[10,-10],[0,-8],[-5,-10],[-9,-14],[23,-10],[2,3],[14,1],[15,-5],[1,-7],[8,-4],[18,-3],[11,-8],[10,2],[9,-4],[14,-4],[20,5]],[[7505,9761],[-4,-17],[4,-2],[14,3],[0,-5],[-5,-7],[-9,1],[-3,-8],[-7,-4],[-11,-1],[3,-11],[-13,-11]],[[7474,9699],[-6,-9],[-7,0],[-9,-6],[4,-6],[-9,-7],[-7,-2],[-3,-10],[-13,-5],[8,-6],[-13,-15]],[[7419,9633],[-10,3],[-2,6],[-7,1],[-6,6],[-10,2],[-3,28],[-8,7],[-7,-4],[-10,-11],[-9,-4],[-8,-8],[-5,-8],[-20,3],[-7,7],[-1,11],[-11,1],[-29,9],[-4,-10],[-20,5],[-6,-2],[-12,2],[-7,5],[-11,2],[-8,-2],[-10,1],[-4,-3],[-26,-2],[-5,-15],[0,-9],[-24,-6],[-17,-10],[5,-14],[-2,-6],[-11,-6],[-3,-9],[-8,-4]],[[5693,8449],[-11,10],[6,8],[-12,5],[-21,-3],[-22,-11],[-8,2],[-2,5],[28,35],[31,33],[15,18],[14,3],[6,16],[4,1],[20,11],[16,14],[25,23],[10,4],[6,-3],[-1,-7],[8,-2],[10,15],[-3,2],[3,11],[8,9],[15,12],[18,27],[6,14],[12,8],[2,-14],[-4,-14],[4,-7],[8,-4],[7,7],[23,10],[-7,11],[2,14],[-13,6],[-8,6],[-16,8],[-9,8],[5,12],[17,15],[28,24],[5,9],[-1,6],[22,22],[19,22],[9,7],[8,-7],[10,3],[12,1],[45,14],[0,-9],[13,6],[29,28],[9,-2],[5,6],[5,27],[7,7],[-3,13],[7,3],[10,-6],[15,-6],[-2,33],[2,13],[-8,8],[-10,0],[-13,-12],[-3,17],[-4,19],[-4,9],[-2,29],[8,7],[9,-5],[19,2],[7,8],[-8,15],[-5,23],[-8,20],[5,1],[13,-6],[11,2],[15,-3],[2,8],[13,-5],[7,1],[0,7],[9,6],[11,1],[7,8],[-1,11],[8,8],[2,7],[10,2],[16,9],[20,0],[14,3],[10,7],[1,9],[-7,1],[-7,-3],[-13,8],[-8,8],[-2,16],[-8,4],[-11,-5],[2,-8],[-1,-16],[-9,-7],[-11,-2],[-10,4],[-8,0],[-6,-5],[-7,2],[-23,-17],[-20,-7],[-3,-6],[-7,2],[-12,-18],[-6,-1],[-13,9],[-12,0],[-1,-6],[-21,3],[-10,-7],[-10,6],[-13,-2],[-5,-6],[-15,8],[-7,-3],[-13,9],[-12,2],[-2,7],[-12,11],[-11,3],[-4,7],[2,8],[12,2],[11,22],[-16,7],[-9,-1],[-8,8],[-9,-6],[-7,7],[5,4],[0,8],[10,13],[-4,14],[-4,8],[21,10],[15,16],[11,9],[10,-1],[0,7],[9,1],[10,-3],[9,-5],[7,0],[6,10],[21,10],[5,-2],[7,10],[10,5],[-2,7],[19,15],[-3,8],[8,10],[2,9],[-6,5],[-15,-1],[-3,6],[-14,0],[-8,-3],[-2,9],[5,7],[-8,10],[-14,2],[-6,-14],[-11,-3],[-8,-9],[-7,7],[0,9],[-9,-4],[-17,-23],[-17,-2],[-1,-7],[-10,-3],[-2,-11],[-8,-2],[1,-11],[-6,-2],[-7,-22],[5,-3],[-3,-9],[-6,-9],[2,-8],[-14,0],[-17,-45],[-16,-7],[-8,10],[-1,6],[-7,12],[-22,25],[-3,0],[-28,21],[-22,14],[-9,7],[-5,8],[-3,10],[-13,14]],[[6550,9372],[-2,-4],[1,-12],[-22,-17],[-10,-2],[-6,-7],[99,-133]],[[6610,9197],[18,-24],[2,-5],[7,-6],[4,-11],[18,-30],[5,-19],[10,-14],[-12,-18],[-14,-4],[-14,-12],[-11,-2],[-15,-1],[4,-13],[-4,-9],[-7,-3],[0,-21],[9,-9],[17,-1],[6,-7],[6,-14],[-4,-6],[4,-10],[-9,-9],[1,-7],[-12,-5],[-2,-11],[-12,-9],[-11,-3],[-15,3],[-13,5],[-6,-2],[-10,1],[-17,-5],[-3,-4],[-10,-5],[-6,-11],[2,-15],[9,2],[4,4],[8,-1],[5,-8],[5,1],[13,-6],[7,-13],[-11,-17],[2,-7],[-2,-9],[13,1],[22,-11],[18,-5],[10,-10],[1,-6],[14,-6],[6,-9],[2,-8],[6,-3],[10,-21],[3,-16],[10,-2],[12,1],[2,-11],[8,-9],[0,-7],[6,-8],[16,-2],[4,-3],[18,-3],[7,-4],[11,4]],[[6762,8608],[-13,-3],[-6,-10],[-7,-8],[-9,1],[-16,-19],[3,-14],[-5,-2],[-8,-13],[1,-8],[-6,-8],[-1,-10],[-17,-20],[-12,-1],[-11,-4],[-3,-5],[3,-11],[-3,-7]],[[6056,9385],[-7,-9],[-6,8],[13,1]],[[6042,9431],[7,-9],[-16,-5],[2,15],[7,-1]],[[7764,9013],[-18,6],[-7,4],[-16,22],[-3,10],[-4,4],[-11,3],[-8,-5],[-7,0],[-9,-5],[-16,-2],[-14,7],[-6,8],[-19,1],[-3,-2],[-19,7],[-10,7]],[[7594,9078],[-1,19],[3,5],[-6,7],[-6,-1],[-4,12],[-16,14],[-11,-2],[-5,4],[-20,2],[-5,8],[-7,2],[-6,-5],[-16,-7],[-12,-12],[-7,-1],[-10,-6]],[[7465,9117],[-3,0],[-25,25],[-15,9],[-17,7],[-12,-1],[-18,-5],[-13,4],[-4,13],[-14,-6],[-6,-8],[-6,-1],[-3,-11],[-11,-22],[-16,-9],[-11,5],[-8,-7],[-19,-1],[-6,1],[-8,-3],[-11,0],[-10,4],[-15,-1],[-6,13],[-4,2]],[[7204,9125],[-14,12],[7,8],[6,2],[-8,7],[1,7],[14,12],[4,9],[-1,8],[3,9],[9,1],[1,7],[12,9],[-1,9],[12,8],[-11,8],[9,5],[16,1],[-6,8],[-8,5],[16,2],[-8,10],[13,3],[-7,5],[6,11],[1,16],[12,8],[5,7],[-3,9]],[[7284,9331],[5,-6],[14,-7],[3,2],[17,-18],[3,-5],[14,-6],[30,1],[9,-8],[2,-8],[10,-1],[7,-6],[2,-7],[12,7],[8,-1],[13,-6],[6,1],[16,-15],[6,-1],[12,7],[24,0],[8,-22],[10,-2],[14,7],[8,9],[6,-4],[6,2],[1,14],[10,16],[2,8],[8,7]],[[7570,9289],[15,-7],[4,-23],[-4,-10],[7,-16],[14,-7],[8,3],[21,-4],[13,2],[14,-3],[13,1],[9,-6],[16,2],[7,-3],[16,6],[11,9],[19,1],[11,-4],[12,2],[11,-3],[9,4],[7,-4],[5,2],[14,13],[17,7],[14,4],[8,-1],[13,1],[8,-4],[7,-10],[8,-5],[0,-11],[2,-8],[7,-4]],[[7389,9581],[-3,14],[1,5],[16,3],[-6,8],[3,9],[12,1],[10,-1],[-3,13]],[[7474,9699],[14,-9],[13,-5],[10,-7],[6,-12],[21,-15],[15,-9],[10,-14],[15,-10],[14,-3],[4,3],[17,4],[5,4],[29,0],[8,3]],[[7655,9629],[-1,-6],[5,-4],[14,-1],[12,-10],[14,-4],[2,-5],[18,-5],[4,-5],[14,0],[9,-11],[-2,-8],[6,-7],[0,-7],[11,-7],[-1,-6],[6,-4]],[[7766,9539],[-6,-12],[-7,-8],[-11,-7],[-1,-5],[-14,-19],[2,-3],[-6,-9],[-1,-6],[-20,-16],[-13,3],[-10,-5],[-9,1],[-8,-6],[-11,0],[-19,-5],[-17,-8],[-6,5]],[[7940,9582],[-9,-3],[-7,-9],[-8,-5],[-12,1],[-12,9],[-5,12],[6,10],[2,10],[3,3],[-6,7],[-18,15],[-7,9],[-10,5],[-5,19],[-5,7],[1,6],[12,8],[7,17],[7,5],[6,9],[5,18],[6,11],[8,5],[-5,13],[3,5],[-1,10],[-15,15],[4,5],[-3,5]],[[7034,9411],[8,-9],[21,-4],[10,1],[14,-6],[6,2],[12,-6],[15,9],[7,-5],[11,-2],[7,8],[11,1],[-2,-12],[2,-12],[-10,-26]],[[7146,9350],[1,-14],[-4,-11],[6,-4],[16,1],[0,-11],[-13,-8],[-7,-7],[-10,-15],[0,-8],[-14,-16],[-17,-12],[-1,-16],[-11,-16],[-1,-10],[-6,-4],[2,-12],[-14,-3],[-10,2]],[[7063,9186],[-16,3],[-27,10],[-19,-13],[-15,-3],[-12,-8],[-23,-9]],[[6951,9166],[-9,2],[-11,-2],[-8,9],[-15,8]],[[6908,9183],[-22,1],[-14,-4],[-24,-16],[-9,-3],[-12,6],[-14,9],[-4,5],[-24,3],[-9,-3],[-7,-6],[-23,-16],[-18,9],[-7,1],[-19,8],[-22,2],[-10,3],[-22,3],[-1,5],[-8,7],[-10,3],[-19,-3]],[[7065,8716],[9,4],[17,2],[9,-7],[20,2],[8,7],[12,1],[42,-8],[6,1],[13,-3],[4,4],[15,3],[10,-1],[5,9],[23,-8],[18,4],[6,8],[11,5],[9,-2],[12,2]],[[7314,8739],[12,-2],[-37,-56],[-9,-13],[1,-8],[-4,-10],[-19,-2],[3,-9],[16,-7],[6,1],[4,-11],[6,2],[8,-5]],[[7301,8619],[-8,-18],[-6,1],[-4,-12],[0,-29],[-5,-14],[-6,-1],[-17,5],[-7,-3],[-11,-14],[6,-6],[0,-5]],[[7885,10034],[-11,3],[4,11],[-6,7],[-15,6],[-34,3],[-6,6],[-12,6],[-9,1],[-4,4],[-16,0],[-26,8],[-8,7],[-60,-2]],[[7682,10094],[2,7],[-1,24]],[[7898,10164],[-1,-16]],[[6908,9183],[2,-6],[10,-11],[2,-6],[-14,-13],[-4,-9],[-14,-11],[-12,0],[-5,-6],[-15,-7],[-6,-10],[-14,-9],[-4,-24],[8,-6],[1,-16],[-7,-22],[5,-6],[2,-15],[-4,-8],[4,-11],[-6,-4],[-7,-8],[-2,-8],[10,-10],[-2,-11],[-4,-10],[1,-15],[10,3],[10,-1],[4,-4],[16,5],[5,-19],[1,-25],[-2,-3],[4,-13],[12,-4],[12,-14],[-3,-10],[3,-11]],[[7443,10112],[-4,1],[-16,-6],[-18,-3],[-12,0],[-16,9],[-19,5],[-22,7],[-14,0],[-6,5],[-11,1]],[[7758,9003],[-9,8],[-20,7],[-15,-3],[-18,2],[-14,-12],[-10,-6],[-3,-4],[-13,-12],[-3,-8],[-9,-2],[-12,-8],[-5,-14],[-7,-1],[-15,-14],[-5,-14],[-16,-13],[-6,1],[-26,-8],[-17,-1],[-6,3],[-23,-3],[-13,-4],[-19,-2],[-16,8],[-14,5],[-6,-2],[-13,2],[-6,-1],[-15,2],[-8,-2],[-16,2],[-12,-2],[-6,-6],[-11,-4],[-14,-2],[-10,-7],[-16,0],[-18,7],[-13,2],[-15,-1],[-11,6],[-8,-2],[-26,10],[-10,6],[-1,6],[-9,6],[-5,12],[-20,5],[-11,11],[-5,0],[-15,15],[-11,3],[6,7],[-7,11]],[[7132,8992],[9,9],[9,5],[1,15],[8,17],[7,6]],[[7166,9044],[-2,7],[-1,14],[7,4]],[[7170,9069],[10,-7],[10,-19],[9,-6],[12,-4],[14,-2],[8,-6],[23,-9],[18,-10]],[[7274,9006],[24,-9],[28,-6],[4,-4],[19,1],[7,-5],[5,2],[7,-3],[14,3],[12,0],[14,-10],[2,-12],[7,-4],[17,-4],[10,4],[7,13],[2,16],[7,4],[8,-1],[22,8],[18,-3],[30,-12],[12,8],[-2,11],[2,14],[9,16],[11,17],[11,12],[3,8],[10,8]],[[7300,10081],[-3,-21],[10,-4],[-2,-12],[7,-5],[3,-12],[4,-2],[5,-12],[13,-9],[7,2],[0,6],[32,24],[14,-9],[15,0],[2,-5],[-10,-15],[-1,-5],[-8,-5],[-3,-9],[-10,-8],[7,-6],[20,5],[7,-8],[-1,-14],[5,-22],[4,4],[17,3],[10,7],[6,9],[6,-1]],[[7456,9957],[12,-7],[4,-10],[9,-20]],[[7481,9920],[-3,-5],[-10,-5],[-19,9],[-11,1],[-9,4],[-9,-8],[5,-11],[-8,-7],[-2,-9],[3,-9],[-20,-10],[-15,1],[-17,12],[-6,-1],[-16,2]],[[7301,8619],[13,-11],[11,-4],[7,2],[20,-1],[16,10],[1,3],[22,10],[13,-5],[10,-8],[12,-7],[22,-1],[13,3],[12,7],[7,9],[7,-2],[13,9],[6,9],[8,-3],[13,2],[12,-3],[8,1],[10,5],[29,0],[6,-8],[-3,-6],[0,-10],[13,-1],[8,-5],[0,-7],[12,-1]],[[7274,9006],[-4,31],[7,3],[12,10],[6,0],[3,16],[18,-1],[12,4],[12,-2],[20,5],[18,-2],[31,6],[3,13],[12,8],[2,5],[14,3],[7,4],[10,1],[8,7]],[[7170,9069],[0,5],[7,4],[-9,7],[1,10],[8,-2],[9,3],[4,15],[8,-2],[6,16]],[[6951,9166],[-22,-17],[4,-13],[-8,-14],[-13,-11],[-3,-6],[-7,-1],[0,-6],[7,-4],[-6,-6],[-6,0],[-2,-7],[4,-5],[-4,-11],[-5,5],[-8,2],[1,-9],[12,-7],[14,1],[11,3],[5,-6],[12,3],[11,-1],[10,-7],[19,0],[6,5]],[[6983,9054],[4,-1],[6,-10],[4,-14],[5,-9],[14,-13],[9,-10]],[[7025,8997],[-12,-4],[-12,-20],[3,-6],[-8,-14],[1,-7],[-8,-4],[-8,-13],[-7,-6],[-8,4],[-6,-2],[-3,-18],[-4,-8],[-8,-3],[-4,-27],[-5,-5],[-6,-14],[-5,-2],[-3,-8],[-11,-6],[-2,-10]],[[7456,9957],[11,0],[6,6],[6,0],[13,13],[7,2],[3,13]],[[7502,9991],[7,-6],[-1,-7],[12,-7],[22,14],[15,2],[11,-1],[8,5],[17,14],[12,3],[3,6],[9,1],[7,-8],[28,-7]],[[7652,10000],[3,-8],[8,-8]],[[7663,9984],[-8,-13],[-10,-7],[4,-13],[-4,-3],[6,-7],[-4,-6],[-8,-4],[-3,-8],[-11,-6],[-3,-14],[-6,-5]],[[7616,9898],[-30,11],[-6,0],[-9,5],[-13,-3],[-13,-6],[-9,1],[-14,-16],[-10,2],[-16,-11],[-6,6],[2,5],[-5,11],[-6,6],[0,11]],[[7845,9822],[-7,-5],[-4,-10],[-14,0],[-18,-4],[-9,-9],[-10,7],[-14,-7],[-8,1],[1,19],[-15,-1],[-7,-7],[-21,-2],[-9,-5],[2,16],[-7,18],[-12,4],[-10,10],[-20,4],[-10,16],[-24,-3],[-6,-8],[-12,0]],[[7611,9856],[-2,4],[-11,6],[4,6],[-9,4],[5,7],[14,8],[4,7]],[[7663,9984],[57,-16],[-10,-6],[43,-21],[8,5],[7,-1],[4,8],[9,3],[7,-10],[-1,-7],[8,-1],[9,7],[28,-1],[4,5],[15,0],[8,-9],[6,2]],[[7652,10000],[7,5],[13,-1],[5,8],[-7,9],[11,-1],[3,14],[-9,9],[-7,-2],[-4,7],[3,6],[-6,8],[9,6],[4,18],[8,8]],[[7655,8717],[-12,8],[-8,2],[-8,-6],[-14,7],[-5,8],[-2,11],[-15,0],[-19,6],[-14,7],[-17,-16],[-14,-1],[-12,3],[-10,-1],[-11,5],[-10,-2],[-11,3],[-17,-2],[-15,-5],[-23,1],[-6,2],[-9,-2],[-15,1],[-22,6],[-5,-6],[-17,2],[-6,-4],[-12,2],[-8,-2],[-4,-5]],[[7045,8778],[-1,12],[5,11],[-3,6],[8,9],[10,0],[6,-6],[3,9],[-22,8],[-1,11],[14,5],[20,-4],[0,8],[4,11],[-3,5],[6,8],[-4,5],[3,7],[6,1],[-4,13],[-1,8],[-5,7],[12,5],[-1,12],[5,9],[9,-1],[5,7],[-11,7],[2,6],[12,1],[3,14],[10,5]],[[7132,8977],[3,3],[-3,12]],[[7063,9186],[-13,-7],[-2,-6],[11,-2],[2,-9],[-4,-10],[19,-6]],[[7076,9146],[-39,-74],[-5,4],[-23,-5],[-5,-7],[-5,0],[-16,-10]],[[7102,9522],[97,0],[8,0],[22,-3],[7,1],[9,8],[1,6],[11,1],[10,24],[10,-4],[6,5],[11,2],[10,0],[12,8],[14,-16],[7,-3],[16,-9],[17,5]],[[7374,9529],[1,-5],[-10,-9],[6,-19],[-11,-4],[-26,-20],[0,-9],[-7,-6],[-3,9],[-6,4],[-17,-16],[-15,-12],[-2,-15],[8,-4],[7,11],[9,-11],[-12,0],[1,-8]],[[7297,9415],[-4,-7],[-7,-3],[-11,2],[-22,-4],[-8,-5],[-13,2],[-9,-4],[-6,-6],[0,-8],[6,-9],[-8,-8],[-18,-10],[-15,0],[-7,-5],[-8,0],[-11,-6],[-10,6]],[[7611,9856],[5,-9],[-7,-14],[-12,-1],[-4,-5],[-11,-2],[-6,-7],[5,-9],[-11,-8],[-6,-8],[-5,-1],[-8,6],[-12,0],[-7,-4],[0,-12],[-17,-12],[11,-3],[-2,-7],[-9,4],[-10,-3]],[[7284,9331],[13,12],[-6,3],[-1,10],[12,8],[3,5],[-8,3],[0,11],[-7,7],[11,4]],[[7301,9394],[34,-8],[5,-4],[14,-4],[24,-3],[4,4],[21,-1],[11,5],[28,-7],[4,3],[20,-2],[4,-12],[-3,-6],[11,-3],[4,9],[5,-1],[12,-22],[14,-12],[8,-14],[-1,-4],[14,-9],[6,0],[30,-14]],[[7942,9230],[-1,10],[6,31],[-6,14],[-8,3],[-5,6],[0,7],[-12,14],[-5,10],[9,18],[-13,11],[-9,14],[2,9],[-2,5],[2,13],[-7,11],[-1,12],[-6,2],[-11,10],[-18,0],[-20,4],[1,7],[-5,16],[1,18],[-7,12],[7,7],[7,15],[-16,10],[-4,9],[-1,10],[-8,1],[-4,5],[-18,3],[-17,-3],[-7,-5]],[[7655,9629],[5,10],[0,9],[11,12],[-2,9],[7,12],[13,0],[4,-3],[19,2],[5,6],[6,2],[-1,10],[5,10],[5,2],[15,-11],[5,4],[14,4],[2,11],[10,18],[-3,14],[-5,11],[7,3],[7,13],[13,2],[11,8],[5,5],[20,10],[30,0],[6,2]],[[7502,9991],[-10,14],[-5,1],[7,22],[12,5],[13,15],[6,2],[15,27]],[[7301,9394],[5,14],[-9,7]],[[7132,8977],[-22,0],[-7,5],[-7,2],[-5,6],[-10,-1],[-6,4],[-17,3],[-27,-3],[-6,4]],[[7076,9146],[9,-5],[6,0],[12,-5],[14,3],[5,-1],[-7,-18],[-6,-8],[-11,-5],[-6,-11],[3,-10],[-2,-8],[5,-6],[-2,-6],[9,-8],[1,-7],[12,-4],[18,-12],[10,-2],[16,10],[4,1]],[[16084,12210],[-15,-2],[-12,5],[-10,-6],[-12,3],[-9,-2],[-3,-5],[-9,1],[-4,-10],[-16,-9],[1,-7],[-9,-2],[-1,-5],[-11,1],[-26,9],[-8,7],[-10,-5],[-5,6],[-16,11],[-6,0],[-4,13],[3,11],[-2,6],[-7,2],[-8,-3],[-3,5],[-8,3],[-5,-2],[-8,5],[-7,-7],[-1,-5],[-31,8],[-5,11],[-16,-1],[-2,-5],[-8,0],[-4,8],[-6,-1],[-13,5],[-1,-5],[-24,-2],[-15,3],[-3,5],[-12,5],[-11,-4],[-15,5],[-6,6],[-17,-4],[-13,6],[-24,2],[-7,5],[-7,-8],[-18,3],[-5,5],[-14,-6],[-8,10],[-8,-7],[-13,1],[-1,8],[-15,13],[-9,-3],[-18,3],[-3,-6],[-20,-2],[-14,0],[-12,7],[-3,8],[-9,-3],[-8,-12],[-13,2],[2,9],[-8,1],[-8,12],[-7,-1],[-4,10],[-10,6],[-21,-2],[-18,6],[-13,-6],[-15,-2],[-15,8],[-17,1],[-5,4],[-23,-5],[-28,2],[-12,13],[-7,-1],[-131,-74],[-198,-111]],[[14884,12158],[-6,22],[5,13],[-4,9],[-10,12],[-8,-2],[-9,6],[-9,-5],[1,14],[-10,17],[-19,-2],[4,10],[-10,12],[-14,5],[-9,5],[-12,-7],[-7,3],[-14,-13],[-9,3],[-19,-1],[-7,6],[-16,-2],[-19,1],[-10,-2],[-8,4],[6,9],[-7,7],[-11,-3],[-3,6],[-8,-2],[-9,3],[-9,11],[-13,0],[-6,6],[-12,4],[-2,6],[-16,2]],[[14575,12315],[-14,7],[-14,2],[-15,11],[-16,2],[-11,5],[-15,-3],[-5,2],[-8,10],[-71,135],[-11,-1],[-4,12],[2,6],[-1,12],[-6,3],[-1,15],[-12,2],[-4,7],[-1,14],[-13,9],[-12,-5],[-11,4],[-5,5],[-12,-3],[-13,4],[-21,11],[-8,-7],[-12,-3],[-11,12],[-26,7],[-4,-2],[-10,5],[-18,3],[-15,-5],[-25,4],[-11,-1],[91,74],[69,56]],[[14301,12724],[9,1],[7,-4],[6,2],[9,-2],[6,2],[8,-2],[19,1],[26,-9],[36,11],[5,8],[22,15],[2,11],[15,5],[17,-2],[15,-4],[2,7],[18,4],[6,8],[-9,5],[-2,14],[9,6],[7,2],[2,-8],[9,-5],[7,4],[9,16],[15,6],[16,-1],[5,-7],[10,-3],[16,2],[-4,4],[0,10],[-6,1],[1,7],[11,-2],[10,4],[7,0],[18,-9],[5,11],[5,-1],[24,5],[12,0],[14,-7],[5,4],[5,10],[7,2],[8,7],[12,-6],[10,-3],[12,0],[25,5],[14,-1],[10,1],[11,12],[6,-1],[6,-12],[12,-9],[16,-5],[15,-2],[9,-11],[22,2],[15,-4],[6,-4],[32,6],[4,8],[8,-1],[12,6],[25,-7],[7,-7],[2,-8],[9,-9],[-9,-5],[5,-10],[14,2],[2,-6],[13,-6],[7,-8],[4,-12],[7,-8],[17,3],[21,-8],[11,-1],[10,2],[1,6],[8,3],[7,-9],[9,5],[14,0],[5,-10],[-2,-5],[6,-8],[9,-7],[19,8],[8,-7],[11,4],[12,-5],[11,-1],[0,-9],[14,-7],[0,-11],[8,1],[15,-14],[9,0],[12,-4],[8,-8],[17,4],[11,-1],[11,-3],[16,7],[20,1],[13,6],[10,8],[0,6],[7,1],[19,6],[8,11],[16,0],[10,4],[11,1],[5,-3],[18,3],[7,-3],[23,5],[10,4],[6,-6],[16,-5],[8,4],[13,1],[23,-23],[155,-165],[77,-83],[95,-101],[128,-137]],[[14575,12315],[23,-107],[-17,0],[-11,1],[-7,7],[-3,10],[-14,10],[-11,-6],[-24,-3],[-13,6],[-14,11],[-16,0],[-11,-3],[-5,2],[-10,-8],[0,-6],[-21,-1],[-13,2],[-26,9],[-10,-9],[-3,-5],[-11,-1],[-4,3],[-13,-2],[-14,9],[-8,-2],[-24,4],[-8,-4],[-6,8],[-8,0],[-12,-6],[-12,2],[-13,-6],[-17,3],[-5,4],[-13,-1],[-14,3],[-6,-2],[-8,-15],[-24,12],[-7,-4],[-10,5],[-12,0],[-4,10],[-12,-1],[-8,11],[-11,7],[-8,-2],[-16,2],[-20,5],[-13,0],[-5,5],[-10,3],[-10,-1],[0,-15],[-21,-2],[-9,4],[-7,-7]],[[13966,12254],[-154,120]],[[13812,12374],[-127,98],[-165,128]],[[13520,12600],[-30,185]],[[13490,12785],[21,1],[17,-6],[12,4],[8,9],[2,7],[11,3],[12,-2],[8,-8],[11,-2],[17,2],[12,4],[5,8],[10,-3],[0,-10],[-4,-7],[-7,-5],[2,-16],[13,0],[9,8],[14,3],[11,-1],[21,8],[8,0],[17,-8],[10,-7],[7,2],[6,11],[10,4],[7,-6],[8,-17],[14,0],[8,8],[-4,12],[4,8],[6,2],[9,-7],[1,-15],[-2,-11],[6,-4],[7,5],[-1,13],[4,3],[16,-4],[5,10],[10,6],[17,-4],[15,2],[12,-1],[7,-6],[10,-15],[15,-2],[12,4],[33,-3],[33,7],[13,6],[7,0],[11,-4],[16,4],[6,3],[10,-1],[5,-13],[13,0],[7,-7],[6,0],[8,13],[8,4],[21,-10],[8,2],[6,5],[7,-1],[7,-6],[12,2],[8,4],[14,3],[21,0],[7,7],[22,-1],[8,-10],[-2,-10],[4,-4],[13,1],[10,-4],[1,-5],[-10,-2],[-4,-10],[3,-4],[21,-2],[9,-5]],[[16084,12210],[151,-161],[85,-92],[127,-135],[84,-90]],[[16531,11732],[-9,-5],[-12,-17],[-12,-8],[-21,-9],[-22,-6],[-23,-12],[-22,-9],[-11,-1],[-11,-6],[-15,-2],[-5,2],[-28,-1],[-57,-9],[-35,0],[-24,4],[-34,-1],[-9,1],[-20,7],[-11,0],[-8,-2],[-18,1],[-16,-2],[-35,10],[-14,7],[-5,0],[-27,-3],[-43,-16]],[[15984,11655],[-30,-1],[-13,1],[-25,10],[-7,4]],[[15909,11669],[-9,10],[-7,12],[0,11],[6,15],[-15,10],[-11,3],[-18,10],[-5,14],[-10,12],[-13,4],[-11,-1],[-8,-6],[-14,-3],[-10,3],[-3,4],[2,11],[5,10],[-5,7],[-8,1],[-6,-13],[-9,-6],[-6,0],[-9,6],[-9,2],[-12,7],[-5,-1],[-11,-7],[-12,0],[-16,9],[5,11],[16,3],[8,3],[2,6],[-11,4],[-15,-3],[-7,8],[0,20],[-3,3],[-20,7],[-22,18],[-23,-1],[-7,10],[-1,19],[-6,8],[-14,6],[-16,-3],[-9,9],[-2,14],[6,3],[-5,7],[-11,1],[-4,-3],[-3,-11],[-11,-7],[-12,4],[-12,12],[-7,2],[-8,-8],[-6,-1],[-19,6],[-8,-5],[-8,4],[-4,-6],[-10,2],[-11,-2],[-12,-5],[-4,-8],[-9,-1],[-9,7],[-13,6],[-6,-2],[-6,-7],[-12,10],[-8,-8],[-13,1],[1,10],[-11,5],[-15,3],[-19,0],[-15,8],[-9,-5],[-9,4],[-13,-10],[-22,-2],[-8,2],[-8,-2],[-17,0],[-1,-6],[5,-8],[-14,-5],[-14,-2],[-8,-5],[-13,-4],[-18,-1],[-1,-9],[-5,-6],[-12,-1],[-16,-4],[-19,-14],[-18,-5],[-8,15],[-9,3],[-10,-9],[-7,9],[-7,0],[-10,-7],[-9,3],[0,6],[-6,2],[-5,-11],[-6,-1],[-12,3],[-4,-5],[-13,3],[-10,-7],[-10,1],[-9,-8],[-5,7],[-8,2],[-10,-5],[-17,-2],[-14,-4],[-9,-6],[-18,8],[-18,-7],[-12,4],[-8,-4]],[[14797,11859],[41,142],[46,157]],[[12943,12455],[2,0],[159,22],[160,28],[137,23],[119,72]],[[13812,12374],[-9,-3],[-11,2],[-3,-5],[-8,-3],[-7,8],[-7,1],[-12,-3],[-6,3],[-6,9],[-20,-10],[-13,-14],[7,-4],[-5,-6],[-13,5],[-6,-3],[-7,9],[-5,-1],[-2,-10],[-13,4],[-6,-6],[-17,4],[-4,-4],[-4,-17],[-6,2],[-8,15],[-7,0],[-2,-12],[-10,3],[-9,10],[-8,4],[-5,-5],[2,-6],[-9,-2],[-5,13],[-14,0],[-7,-10],[-12,2],[2,9],[-9,1],[-5,-9],[-17,9],[-2,9],[-10,0],[-11,19],[-9,3],[-5,7],[-12,2],[-9,5],[-5,5],[-8,3],[-12,-2],[-15,1],[-6,-3],[-10,2],[-19,-7],[-12,2],[-20,-2],[-12,-3],[-17,3],[-15,-6],[-21,0],[-19,-7],[-18,-2],[-9,1],[-16,-11],[-2,-5],[2,-12],[-7,-11],[-12,-8],[-5,1],[-9,-7],[-17,-5],[0,-4],[-10,-9],[-1,-7],[2,-17],[-11,-5],[-14,-1],[0,-4],[-11,-8],[-2,-13],[-6,-3],[-7,-7],[0,-10],[-8,-5],[-7,4],[-13,-5],[-5,-8],[-15,-2],[-14,-8],[-14,-4],[-2,-3],[-22,-5],[-8,-4],[-14,-1],[-20,10],[-24,3],[-10,-3],[-4,-9],[-11,-1],[-9,6]],[[14797,11859],[-5,-5],[-11,4],[-1,8],[-17,-3],[-12,8],[-21,-3],[-3,6],[3,8],[-3,3],[-10,-2],[-10,10],[-13,3],[-13,-4],[-5,-5],[-6,7],[-9,0],[-13,-15],[-10,1],[-13,-4],[-11,3],[-11,-3],[1,-13],[-8,-4],[-13,12],[-14,-3],[-7,7],[-15,-4],[-13,4],[-19,-5],[-8,-6],[-11,2],[-11,9],[-27,0],[-7,-5],[-9,-2],[-14,7],[-2,5],[-21,16],[-11,0],[-19,13],[1,-9],[-8,-4],[-6,2],[-27,0],[-9,10],[-6,-1],[-11,6],[-7,9],[-11,1],[-14,-13],[-13,-1],[-3,10],[-11,-2],[0,-8],[-6,-6],[-13,5],[-8,1],[-15,-3],[-3,11],[-18,4],[-10,6],[-12,-3],[-10,7],[-14,4],[-3,6],[-12,6],[-8,-4]],[[14118,11943],[-18,-5],[-8,1],[-6,-3],[-10,1],[-11,4],[-1,3],[-14,3],[-2,5],[13,230],[-95,72]],[[13146,12756],[15,-6],[14,2],[16,10],[10,-1],[26,6],[15,-4],[13,5],[7,-2],[15,8],[6,-3],[16,1],[10,5],[8,8],[-4,7],[-2,14],[13,2],[6,6],[23,0],[37,4],[28,-1],[8,-1],[7,-7],[24,-5],[4,-22],[13,-2],[16,5]],[[14118,11943],[12,-10],[-4,-3],[-11,-1],[-7,-5],[-3,-6],[3,-7],[-5,-4],[-8,5],[-11,4],[-8,10],[-12,5],[-5,-1],[-2,-8],[-1,-16],[-5,-2],[-1,13],[-13,3],[-14,-3],[-9,-4],[-11,-14],[-9,-3],[-18,4],[-3,-4],[3,-9],[-3,-2],[-13,-1],[-3,-13],[-25,-4],[-9,8],[-15,-8],[2,14],[-10,1],[-6,-4],[-8,-1],[-8,6],[-17,0],[-2,-6],[1,-13],[-11,1],[-9,13],[-19,9],[-4,-5],[14,-13],[1,-13],[-8,-5],[-16,10],[-5,-4],[-3,-9],[-12,1],[-11,-8],[-11,-4],[-5,3],[-2,11],[-5,3],[-7,-5],[-3,-14],[-8,-3],[-5,9],[-15,7],[-7,6],[-5,10],[-7,-4],[8,-9],[-8,-5],[-17,3],[-2,-8],[3,-7],[-10,-2],[-6,11],[-8,6],[-7,-3],[-2,-6],[7,-7],[-3,-8],[-9,3],[-8,7],[-6,10],[-8,4],[-17,-4],[-7,5],[4,8],[-5,7],[-10,3],[-7,-5],[-22,-4],[-3,-6],[1,-9],[-6,-7],[-7,0],[-18,-11],[-8,-2],[-12,2],[-15,-2],[-17,4],[-7,-2],[-37,1],[-8,-2],[-43,2],[-10,0],[-8,-4],[-18,0],[-15,-3],[-9,1],[-12,-3],[-18,-15],[-25,-11],[-23,-3],[-40,1],[-22,8],[-15,3],[-18,0],[-14,-4],[-37,-20],[-21,-14],[-9,-8],[-11,-4],[-26,-6],[-18,1],[-13,-5]],[[12995,11741],[-22,-5],[-16,-15],[-3,-6],[-10,-5],[-17,-16],[-9,-3],[-10,-6],[-15,-1],[-26,6],[-41,19],[-5,7],[-15,6],[-15,4],[-15,1],[-14,8],[-6,0],[-13,6],[-10,5],[-6,1],[-16,10]],[[12711,11757],[-6,6],[0,9],[-3,14],[-13,7],[0,7],[9,8],[-6,14],[3,9],[-10,9],[-29,2],[-15,4],[3,6],[-9,7],[-13,0],[-7,6],[0,10],[-3,9],[-7,9],[-9,7],[-7,15],[1,11],[5,6],[-5,6],[-5,18],[6,9],[12,5],[1,14],[8,11],[11,5]],[[12673,11047],[16,8],[1,13],[19,15],[11,0],[3,8],[28,4],[7,-5],[19,-7],[5,-10],[-2,-5],[7,-12],[-2,-6],[1,-14],[-4,-4],[1,-9],[7,-9],[-2,-7],[16,-11],[5,-8],[-8,-16],[7,-11],[20,-13],[21,-19],[4,-15],[9,6],[1,7],[6,8],[7,1],[8,-5],[-3,-5],[-11,3],[1,-9],[6,-1],[8,-8],[7,-1],[7,11],[8,-1],[1,-7],[-20,-11],[3,-5],[18,-1],[8,3],[4,-5],[-9,-11],[3,-6],[13,-2],[5,6],[6,-3],[-11,-10],[-2,-6],[-12,-1],[7,-7],[17,4],[8,5]],[[12946,10863],[0,-7],[-12,-8],[-7,1],[-10,-4],[2,-4],[8,-6],[11,-3],[14,0],[3,-5],[-8,-4],[6,-7],[12,0],[-1,-12],[-9,-3],[-4,6],[-6,1],[2,-12],[6,-5],[8,4],[7,-6],[-2,-9],[-18,-8],[3,-5],[15,0],[7,-6],[1,-9],[8,-8],[2,-9],[7,1],[7,10],[9,-7],[1,-17],[5,-5],[14,5],[4,-5],[-3,-10],[-12,-8],[-1,-9],[-10,-3],[14,-12],[11,-4],[14,-7],[-1,-13],[9,-9],[8,-16],[7,-7],[-5,-14],[5,-12],[17,-2],[9,-15],[7,-4],[3,-18],[10,-4]],[[13113,10550],[-10,-8],[22,-20],[14,-6],[12,-12],[-29,-11],[-20,2],[-7,-4],[-14,-3],[-6,-6],[-17,-8],[-13,-16],[-9,-1],[-12,-7],[-19,-3],[-17,-9],[-15,0],[-8,-3],[-14,-12],[-12,-19],[-34,-4],[-13,-5],[-8,-8],[0,-7],[-16,-16]],[[12868,10364],[-8,5],[-5,-2],[-7,6],[-12,3],[-9,-3],[-3,8],[-7,5],[-3,7],[-10,2],[-7,19],[-9,2],[-13,9],[-1,4],[-12,8],[-4,7],[-12,0],[-10,-8],[-6,3],[-12,-8],[-7,-1],[-4,8],[3,17],[-4,6],[3,5],[-17,4],[-1,7],[3,8],[-8,8],[-16,4],[3,5],[-7,5],[3,11],[-3,5],[-10,3],[-2,9],[-20,-2],[-8,6],[6,3],[0,6],[-9,2]],[[12623,10550],[-8,3],[-13,11],[-5,-2],[-3,11],[-5,4],[-4,11],[4,8],[-10,7],[11,16],[-8,26],[-16,9],[7,13],[-17,13],[7,3],[3,8],[-7,3],[-10,-4],[-8,12],[-2,10],[4,5],[-3,11],[2,5],[-17,5],[-3,6],[-18,-5],[-11,0],[-8,7],[-10,1],[0,4],[-15,5],[-11,9],[-5,-1],[-6,-8],[-6,1],[-24,28],[-8,3],[-1,8],[-6,10],[2,15],[-11,-2],[-7,7],[-2,13],[-9,14],[-16,9],[1,8],[-13,10],[-6,0],[-16,17]],[[12623,10550],[-4,-3],[-12,7],[-4,-7],[6,-12],[-3,-11],[10,-7],[0,-10],[4,-5],[-10,-6],[5,-7],[0,-7],[5,-7],[-8,-4],[-10,0],[-10,-4],[-16,-1],[-18,8],[-13,-4],[8,-8],[-4,-4],[-10,-3],[-13,-1],[-6,-15],[-10,3],[-26,16],[-7,8],[-29,22],[-7,5],[-8,-11],[-2,-11],[-5,-10],[4,-9],[8,-6],[7,-17],[19,-10],[3,-9],[-3,-8],[5,-3],[4,-16],[8,-6],[3,-9],[19,-11],[21,-3],[8,-7],[1,-11],[-3,-13],[12,-3],[3,-5],[9,0],[6,-5],[7,-1],[3,-6],[-7,-2],[-3,-5],[-20,-6],[-13,6],[2,7],[-5,10],[-12,6],[-19,-15],[-16,5]],[[12477,10309],[-9,3],[-3,11],[-23,0],[0,9],[5,9],[-2,7],[-9,4],[2,8],[-13,-3],[-14,2],[-13,-2],[-4,15],[-12,6],[-7,7],[-1,9],[-9,-1],[-8,12],[-1,20],[-14,12],[-5,7],[-8,3],[-13,-2],[-4,3],[-14,2],[-8,8],[-25,3],[-15,4],[-6,4],[-21,5],[-5,4],[-43,-3],[-10,3],[-8,6],[-6,9],[-11,11],[-14,8],[-20,18],[-1,12],[-3,4],[-9,30],[-7,6],[-3,11],[0,37],[7,7],[6,10],[-15,12],[-5,8],[-10,7],[-4,9]],[[12062,10683],[0,5],[7,9],[0,23],[7,5],[19,6],[23,5],[10,5],[6,15],[0,11],[6,5],[-4,11]],[[11987,10902],[-3,-5],[5,-10],[13,-11],[7,-1],[5,-6],[-1,-8],[5,-6],[-1,-10],[-8,-6],[-3,-7],[-8,-12],[3,-4],[-14,-20],[-5,-23],[-4,-20],[-7,-6],[-1,-6],[7,-10],[-9,-3],[-3,-7],[-8,-3],[-3,-16],[12,0],[10,-9],[12,-8],[1,-5],[8,-3],[15,-9],[22,3]],[[12034,10671],[-1,-10],[-3,-6],[5,-15],[-12,-8],[-13,-3],[-10,-7],[-4,-7],[-8,4],[-20,3],[-14,14],[-5,9],[-7,-1],[-9,-6],[-12,6],[-4,5],[-11,3],[-21,-7],[-19,-1],[-11,-21],[-8,-7],[1,-6],[11,-11],[-3,-8]],[[15909,11669],[-15,-1],[-12,14],[-6,-7],[-9,-3],[-16,9],[-9,-3],[-14,0],[-6,-3],[-6,4],[-3,6],[-10,-4],[-5,9],[-4,1],[-15,-14],[-20,3],[-1,-5],[-10,3],[-8,-4],[-5,12],[-10,10],[-13,-2],[-10,12],[-10,-2],[-6,4],[-6,-2],[-8,6],[-3,7],[-6,-2],[-4,7],[-16,-3],[-5,7],[-14,8],[-14,1],[0,-8],[-10,6],[-11,-8],[-16,-4],[-25,15],[-6,6],[-20,-3],[-5,-8],[-16,-1],[1,7],[-10,-2],[-12,0],[-6,5],[-6,-4],[0,-7],[-17,-1],[-8,-2],[-12,4],[-9,-3],[-13,2],[-13,-3],[-12,2],[-2,8],[-15,-12],[-7,10],[-9,7],[-23,9],[-7,-1],[-9,-10],[1,-4],[-5,-10],[-12,-3],[-11,4],[-4,-3],[8,-11],[-13,1],[-1,-8],[-9,4],[0,-8],[-11,2],[-10,-2],[-3,-12],[-17,0],[-1,-7],[-25,2],[-14,-4],[1,8],[-16,2],[-10,3],[-4,-8],[-11,3],[-7,-2],[-6,6],[-8,-1],[-9,-4],[-9,2],[-3,-6],[-18,6],[-8,-5],[-6,5],[-11,-5],[-12,5],[-6,-7],[-17,10],[0,5],[-9,1],[-19,17],[-1,5],[-11,0],[-14,8],[-7,-7],[-7,5],[-11,-7],[-11,0],[-6,-5],[-8,0],[-14,-5],[-3,5],[-9,-2],[-25,2],[-26,-7],[-6,4],[-12,12],[1,5],[-12,5],[-6,9],[-10,-3],[0,6],[-10,-3],[-10,1],[1,-6],[-13,3],[-12,-7],[1,-6],[-13,-6],[-22,2],[-10,-10],[-9,-5],[-11,-1],[-3,-5],[-7,-2],[-2,-7],[4,-6],[-9,-6],[1,-6],[-18,-10],[-6,4],[-17,-3],[-7,3],[-9,-3],[-14,5],[-18,-3],[-8,-3],[-11,-10],[2,-5],[-22,1],[-6,2],[-10,-4],[-12,-1],[-36,8],[-9,-4],[-19,7],[-32,-8],[-15,9],[-33,-2],[-1,4],[-14,-2],[-13,2],[-15,-8],[-22,9],[-12,-5],[-11,6],[-8,7],[-8,-1],[-10,3],[-18,1],[-13,-6],[-14,2],[-21,0],[-12,-3],[-7,2],[-9,-1],[-11,2],[-18,0],[1,-7],[-18,-6],[-12,4],[-14,-4],[-19,-9],[-17,-1],[-16,-5],[-8,0],[-1,-9],[-10,-4],[-10,-10],[-5,-11],[1,-10],[-10,-7],[-8,0],[-4,-10],[-24,-5],[-7,-8],[5,-5],[-18,-9],[-2,13],[-13,-8],[0,-8],[-17,-14],[-14,-8],[-1,-7],[-9,-1],[-11,3],[0,-8],[-22,-9],[-24,0],[-2,-3],[-22,-17],[-25,-2],[-14,5],[-4,3],[-16,0],[0,-7],[-13,5],[-8,-19],[4,-9],[-14,-4],[-7,-6],[-16,5],[-9,-5],[-12,0],[-12,-7],[-9,0],[-11,-8],[-8,5],[-16,3],[-4,-5],[-6,5],[-4,-7],[-14,-5],[-9,-1],[-14,3],[-7,-7],[-8,1],[-10,-4],[-11,6],[-7,-2],[-7,-7],[5,-9],[-5,-7],[-7,4],[-15,-3],[-1,-7],[-16,1],[-5,-5],[-12,3],[9,9],[-5,10],[-12,4],[-7,-1],[-6,-8],[-12,0],[-8,11],[0,8],[-6,2],[-3,6],[-15,11],[-24,1],[0,12],[-21,3],[4,7],[-4,9],[-7,-6],[-4,11],[-18,6],[-33,-2],[-5,5],[-8,-2],[-20,6],[-19,9],[-15,1],[-5,5],[-21,6],[-10,0],[-7,5],[-4,8],[1,11],[-4,7],[-11,4],[-10,8],[-1,7],[4,12],[-9,11],[-2,8],[-12,13],[-7,4],[-6,7],[-14,1],[-6,10],[-7,3],[-19,2],[-12,4],[-13,9],[-3,4]],[[13043,11663],[-5,5],[-5,14],[-16,1],[-9,4],[-9,-3],[-6,5],[-6,10],[3,6],[-5,11],[1,12],[9,13]],[[12711,11757],[-15,-6],[-5,-5],[-10,-2],[-14,-18],[-2,-8],[-19,-10]],[[12731,9813],[-3,4],[1,14],[-5,4],[-9,1],[-3,-7],[-20,-4],[-6,-5],[-15,3],[-15,-4],[-4,-12],[-21,-4],[-4,9],[-8,2],[-17,-4],[-4,3],[-5,14],[8,2],[10,12],[-7,5],[-17,4],[-20,14],[-1,9],[-12,1],[-25,-4],[-15,2],[-2,5],[-7,4],[-2,9],[-17,0],[-12,9],[-2,7],[-11,2],[-10,15],[-11,5],[-4,4],[-16,13],[-3,11],[-4,-1],[-8,12],[-10,3],[1,5],[-6,5],[1,18],[-7,8],[2,4],[-10,14],[-5,0],[-4,12],[1,5],[-8,6],[-9,18],[0,16],[2,6],[10,5],[-5,9],[-4,14],[6,9],[-1,9],[-5,9],[-8,4],[2,10],[-5,6],[1,11],[-11,3],[-14,12],[-3,18],[-6,4],[1,8],[-6,2],[-6,9],[0,6],[-7,10],[4,9],[6,1],[-2,9],[-8,7],[-10,3],[-20,12],[41,0],[18,-3],[7,4],[23,2],[24,6],[12,0],[25,8],[8,14],[7,-5],[6,4],[12,-2],[16,-6],[16,1]],[[12868,10364],[11,-18],[9,-4],[13,0],[8,-7],[9,2],[3,4],[12,1],[17,-4],[2,6],[9,-5],[2,-5],[8,-4],[1,-8],[11,-11],[10,-6],[2,-7],[7,-1],[8,-9],[14,12],[21,-8],[12,-8],[11,-4],[0,-12],[4,-11],[-1,-7],[16,-15],[0,-7],[10,-2],[6,-7],[6,0],[8,-14],[6,-6],[8,3],[14,-2],[8,-8],[6,0],[4,-7],[6,0],[8,-9],[10,-7],[12,-12],[4,-16],[6,-7],[-1,-7],[9,-10],[-1,-5],[8,-2],[3,-7],[14,-1],[4,-9],[5,1],[6,-7],[3,-13],[10,-8],[9,0],[14,-4],[12,-12],[-3,-7],[8,-3],[6,-5],[20,-9],[7,6],[13,1],[8,-6],[28,1],[2,-9],[11,5],[16,3],[34,-7],[19,7],[32,4],[16,-1]],[[11863,10550],[-5,-5],[6,-15],[-1,-12],[24,-31],[18,-4],[21,-9],[24,4],[15,-9],[4,-8],[-1,-11],[1,-12],[2,-7],[0,-13],[2,-7],[13,-3],[16,-13],[7,-11],[11,-4],[5,-5],[0,-9],[8,-2],[7,1],[14,-4],[9,-4],[0,-11],[7,-3],[-6,-8],[13,-23],[14,-4],[3,-14],[-1,-12],[5,-4],[2,-24],[7,-4],[7,-15],[-1,-7],[9,-8],[0,-19],[18,-11],[-7,-7],[17,-8],[-7,-6],[2,-7],[-4,-5],[-10,-2],[-9,-24],[-15,-13],[-10,0],[-6,-12],[-5,-3],[-26,-7],[-2,-30]],[[12058,10066],[-7,-2],[-13,11],[-5,11],[-9,2],[8,9],[0,17],[-14,2],[-21,5],[-9,11],[-13,1],[-49,21]],[[11926,10154],[-15,7],[-24,5],[-8,-1],[-13,8],[-13,5],[-9,6],[-5,0],[-12,6],[-8,9],[-15,7],[1,4],[-14,12],[-4,10],[3,10],[-3,13],[-5,4],[-4,21],[-11,8],[-9,1],[-10,9],[14,19],[4,15],[4,1],[6,14],[6,6],[4,10],[-7,5],[-1,7],[21,19],[3,0],[11,16],[0,17],[-9,9],[-18,7],[-5,4],[-14,-2]],[[12744,11263],[17,13],[11,2],[6,-4],[9,8],[7,12],[13,2],[9,-7],[16,1],[23,-9],[26,-4],[11,10],[22,5],[10,-1],[12,-8]],[[12936,11283],[-1,-8],[-5,-6],[-3,-18],[14,-23],[15,-2],[13,4],[22,-10],[25,-9],[14,-12],[3,-8],[14,-5],[11,-13],[5,-2],[9,-9],[3,-7],[15,-8],[3,-6],[9,-5],[2,-8],[11,-8],[-1,-5],[11,-8],[0,-5],[17,-8]],[[13142,11094],[-13,1],[4,-13],[-1,-12],[10,-6],[7,-12],[-2,-6],[12,-5],[12,1],[4,-3],[12,2],[6,-1],[7,-16],[11,-9],[16,-4],[5,-4],[13,-2],[8,-7],[6,6],[4,-16],[11,5],[2,-9],[9,-2],[-2,-14],[9,-6],[7,-10],[2,-7],[-10,-9],[-13,0],[-7,-5],[-22,1],[-5,-4],[-9,6],[-9,0],[-22,-8],[-7,-1],[-5,-6],[-8,-4],[-9,-12],[-18,2],[-12,8],[-14,-1],[-11,8],[-10,-1],[-12,-7],[-27,5],[-7,-3],[-7,2],[-8,-3],[-16,0],[-10,5],[-14,-7],[-16,-4],[-6,1],[-11,-6],[-7,1],[-11,-3],[-14,-13],[-2,-8],[6,-7],[-2,-9]],[[13113,10550],[15,4],[3,6],[-6,7],[0,19],[4,3],[3,17],[4,14],[17,-1],[24,0],[9,3],[28,-3],[23,-10],[34,-6],[11,1],[12,-9],[-3,-14],[13,-1],[0,9],[8,10],[20,-12],[13,-10],[9,-4],[14,-3],[2,5],[10,0],[16,6],[29,-1],[12,1],[7,-7],[32,-18],[1,7],[11,9],[1,4],[-16,29],[25,1],[11,5],[17,-9],[10,5],[14,-4],[11,-7],[12,-3],[4,2],[-8,9],[1,12],[-14,9],[-9,11],[-6,19],[9,9],[-6,8],[2,14],[-2,15],[3,12],[14,-6],[7,5],[14,-11],[2,-6],[-1,-12],[7,-6],[18,2],[7,-2],[9,4],[7,-1],[15,9],[9,3],[12,-6],[4,3],[12,0],[14,10],[5,-1],[8,11],[9,4],[6,15],[21,-15],[8,6],[20,-5],[12,5],[5,6],[9,-5],[10,3],[10,-12],[11,3],[7,-11],[1,-6],[9,-19],[24,-10],[14,-1],[7,-3],[6,9],[13,-5],[12,-22],[20,2],[5,-3],[3,-8],[8,-3],[7,-7],[13,7],[7,-3],[8,7],[16,-6],[0,-13],[-11,-14],[5,-3],[6,-12],[-5,-5],[1,-16],[10,-4],[3,-7],[9,-3],[6,2],[16,-2],[4,-5],[18,-1],[14,-5],[10,-27],[7,-13],[17,3],[10,-5],[-5,-6],[9,-16],[10,11],[4,-6],[9,3],[9,7],[14,0],[8,-5],[5,9],[11,3],[3,4],[12,-1],[5,5],[23,-5],[-1,-8],[13,3],[20,-3],[19,1],[9,-2],[6,2],[13,-5],[6,-7],[11,3],[12,-2],[9,1],[6,-7],[13,14],[10,2],[3,5],[9,5],[6,10],[10,8],[1,9],[8,0],[6,17],[8,9],[10,4]],[[14455,10564],[6,-11],[3,-14],[-13,-6],[-13,-10],[3,-9],[-18,-41],[-5,-22],[-15,-3],[-14,-25],[-11,-10],[-9,-6],[-4,-19],[-20,-21],[-16,0],[-13,-8]],[[15984,11655],[-9,-10],[-7,-38],[-8,-17],[-15,-11],[-17,-2],[-7,-3],[-10,-21],[-14,-13],[-2,-12],[-16,-10],[-13,-11],[-8,-19],[0,-13],[-6,-9],[-25,-10],[-10,-1],[-8,-4],[-3,-6],[2,-35],[-16,-21],[-16,-18],[-13,-12],[-14,-15],[-16,-7],[-9,-10],[-19,-7],[-5,-29],[-13,-21],[-14,-5],[-5,-10],[-10,-2],[-5,-7],[-11,-9],[-21,-24],[-8,-14],[-3,-8],[-10,-3],[-8,-11],[-16,-12],[-18,-10],[-9,-2],[-15,5],[-20,-5],[-12,5],[-13,-8],[-6,-9],[-8,-6],[-20,-5],[-12,-7],[-11,-2],[-23,-8],[-46,15],[-23,-3],[-5,2],[-23,-2],[-14,9],[-15,6],[-44,-30],[-14,-2],[-16,-9],[-7,-6],[-2,-13],[-11,-1],[-9,-3],[-14,0],[-5,-5],[-22,-12],[-4,-6],[-17,-5],[-13,-8],[-14,-7],[-14,-19],[-27,-6],[-31,-22],[-7,-2],[-13,-9],[-1,-7],[-14,-4],[-7,-6],[-7,2],[-4,-4],[-14,-4]],[[14952,10952],[-12,11],[3,5],[-17,-2],[-4,-13],[-10,11],[3,11],[7,15],[-5,5],[-14,-10],[-8,3],[-3,9],[-11,-7],[-10,2],[-7,-9],[-8,-4],[-5,3],[-11,-6],[-18,2],[-3,-3],[-20,0],[-9,7],[-24,-8],[-10,-1],[-5,-5],[-11,-2],[0,6],[-5,6],[-8,-6],[4,-8],[-15,1],[-11,3],[-3,-7],[-5,-1],[-1,-8],[-7,-1],[-7,8],[-10,0],[-15,8],[-11,1],[-7,6],[-10,2],[-12,-2],[-13,4],[-5,-11],[-5,-3],[-13,4],[-5,5],[-17,-2],[-8,3],[2,7],[-7,2],[-15,0],[-9,3],[-3,-8],[4,-14],[-8,-2],[-10,12],[-10,-4],[-3,-4],[-10,5],[0,6],[-12,1],[-6,-6],[-7,4],[-8,-7],[-9,-3],[-3,-8],[-9,-4],[-9,5],[-8,-10],[-6,-4],[-31,8],[-10,5],[-2,11],[-13,-1],[-4,18],[-13,7],[-12,-3],[-10,2],[-13,12],[-12,-4],[-2,-8],[-10,-3],[-17,1],[-21,2],[-17,-1],[-4,-4],[2,-7],[-8,-2],[-8,7],[-10,-8],[-19,-1],[-28,-4],[-9,6],[-4,-5],[-10,1],[-13,8],[-7,-4],[-11,0],[-11,14],[-8,-3],[-7,7],[-15,5],[-21,-10],[-11,0],[-2,6],[-9,2],[-21,-4],[-6,5],[2,6],[-19,3],[-12,8],[-4,6],[-14,1],[-5,12],[-10,-6],[-14,5],[0,4],[-15,6],[-15,-13],[-13,2],[-5,-4],[-19,11],[-5,5],[-23,-4],[-11,3],[-15,-8],[-3,5],[-11,3],[-7,7],[-14,6],[-8,2],[-7,-4],[-8,10],[-9,1],[-11,10],[-16,5],[-10,1],[-8,-3],[-2,6],[-9,-5],[-21,4],[-3,10],[-6,2],[-6,-4],[-2,-8],[-15,6],[-6,5],[-3,8],[-9,7],[-9,0],[-4,8],[-8,2],[-9,-3],[-17,-15],[-5,1]],[[13535,11104],[-9,3],[-11,14],[-7,2],[-22,-2],[-8,8],[-4,22],[2,5],[-4,9],[-11,-3],[-12,0],[-4,18],[-10,14],[-7,5],[-14,4],[-18,0],[-14,9],[-7,6],[2,17],[-9,-1],[-7,6],[-16,-10],[-11,3],[-2,4],[-9,3],[-1,7],[3,9],[-10,3],[-6,9],[-24,11],[-11,-4],[-9,0],[-10,9],[-5,-6],[-7,6],[-10,-6],[-5,4],[-7,12],[-18,4],[-2,9],[-8,2],[-2,9],[-10,8],[-20,7],[-22,8],[-9,5],[-6,11],[0,8],[-7,16],[-15,8],[-13,2],[-19,-2],[-22,1],[-12,12],[-7,12],[-14,11],[-3,-1]],[[13012,11424],[5,13],[15,5],[5,4],[-1,20],[2,7],[-6,16],[11,17],[14,-2],[5,13],[3,21],[0,19],[-13,16],[-6,13],[-2,21],[5,2],[0,11],[-5,16],[-4,24],[3,3]],[[12936,11283],[8,8],[2,5],[-9,19],[3,24],[-2,15],[3,9],[8,5],[9,0],[3,5],[-1,10],[7,12],[0,5],[16,6],[12,0],[5,12],[12,6]],[[13535,11104],[-3,-4],[-8,0],[-28,14],[-23,0],[-7,5],[-12,-3],[-10,-7],[-22,-2],[8,-10],[-18,-14],[-8,4],[-7,-2],[7,-8],[-4,-2],[-18,12],[-8,-4],[-9,5],[-18,-7],[-8,1],[-9,7],[-3,9],[-25,-7],[-7,0],[0,-7],[-12,2],[-7,-7],[-6,14],[-5,-5],[-11,-4],[4,10],[-9,1],[1,9],[-9,4],[-9,7],[-19,-8],[-4,-5],[1,-9],[9,-4],[-8,-6],[-6,0]],[[13205,11083],[-8,1],[-9,12],[-17,-6],[-13,-1],[-10,5],[-6,0]],[[12062,10683],[-13,-4],[-7,-7],[-8,-1]],[[11926,10154],[-10,-12],[-8,-5],[-17,-3],[-11,7],[-72,-20],[-44,-27],[-8,-5],[-16,5],[-5,-2],[-9,5],[-6,-1],[-10,10],[-11,-5],[-9,2],[-9,4]],[[13043,11663],[-15,1],[-12,-4],[-12,4],[-10,0],[-4,7],[-12,12],[-5,-3],[-15,-2],[-9,-6],[4,-11],[-5,-22],[4,-7],[2,-11],[-2,-7],[-14,-2],[-18,2],[-6,8],[-3,12],[-7,4],[-6,-5],[3,-13],[-6,-5],[-2,-7],[6,-11],[-7,-13],[-10,-3],[-15,-9],[-35,4],[-9,7],[-9,2],[-5,9],[-5,2],[-1,9],[-7,8],[-11,4],[-19,2],[-13,10],[-6,2],[-7,13],[-23,-10],[-9,-14],[-8,-2],[-20,3],[-11,-4],[-17,3],[-16,-5],[-13,-7],[-6,1]],[[13205,11083],[4,-8],[9,1],[13,-4],[4,-5],[9,-4],[-2,-8],[7,-1],[8,-5],[14,6],[-4,-9],[9,-6],[7,1],[3,-17],[9,-5],[7,8],[10,1],[2,-6],[-4,-15],[21,0],[10,-3],[-20,-21],[1,-5],[9,0],[4,6],[10,2],[14,-4],[-3,9],[10,2],[3,-7],[7,-2],[2,7],[8,-2],[-3,-16],[1,-5],[17,2],[8,-4],[7,3],[11,-5],[9,-11],[10,12],[8,-3],[13,-12],[9,1],[15,-6],[8,2],[8,-3],[8,4],[12,-7],[0,-16],[11,-4],[10,1],[10,-9],[12,0],[6,3],[15,-1],[15,-8],[8,-8],[21,-3],[2,-7],[9,-1],[8,-9],[10,-1],[2,-13],[5,-3],[8,7],[2,-9],[8,-10],[16,-11],[23,0],[3,-9],[12,2],[6,-4],[11,8],[8,-5],[10,3],[6,-6],[27,2],[8,-7],[7,0],[2,-8],[26,-1],[6,-9],[-5,-7],[12,-1],[9,1],[0,-12],[15,2],[12,-6],[10,3],[1,-9],[5,-9],[7,-4],[15,5],[4,-5],[18,-4],[7,-4],[11,9],[15,-2],[1,6],[14,1],[3,-5],[10,-3],[13,5],[7,-5],[16,-5],[6,2],[3,8],[14,-7],[8,0],[7,6],[8,-1],[5,10],[6,-1],[0,-7],[7,-3],[0,-7],[10,-16],[21,-11],[2,6],[7,4],[42,-15],[3,-3],[15,-2],[19,-7],[4,4],[8,-10],[10,-3],[7,2],[11,-9],[17,-1],[18,3],[6,4],[15,0],[19,-2],[16,4],[16,-8],[9,4],[24,-12],[11,-1],[15,7],[10,-5],[7,11],[15,-15],[8,-1],[15,-8],[10,6],[10,-19],[-5,-5],[0,-7],[20,4],[-6,-16],[4,-6]],[[14537,10633],[-39,-17],[-10,-9],[-5,-8],[-3,-17],[-25,-18]],[[12249,9690],[-4,7],[-20,14],[-11,-3],[-12,0],[-11,3],[4,12],[-6,0],[-5,11],[2,10],[-9,2],[1,19],[9,4],[-8,4],[6,16],[10,4],[-10,9],[-2,8],[-14,16],[-5,2],[-11,-3],[5,14],[-13,7],[-2,7],[-16,-4],[-13,7],[-5,11],[-11,2],[-9,10],[-6,2],[-8,11],[2,5],[-10,10],[1,15],[9,6],[1,12],[-4,11],[2,15],[-6,-2],[3,18],[-5,6],[-10,2],[5,9],[-8,15],[11,3],[-14,7],[-4,12],[8,2],[-1,8],[9,8],[-6,12]],[[14952,10952],[-11,-15],[-11,-9],[-39,-24],[-3,-7]],[[14888,10897],[-19,1],[-16,-12],[-5,-7],[1,-11],[8,-23],[1,-14],[-3,-6],[-12,-11],[-11,-19],[-17,-12],[-22,-11],[-18,-15],[-13,-6],[-5,-6],[-19,-16],[-60,-33],[-7,-10],[-13,-1],[-15,-20],[-11,-8],[-4,-6],[-27,-15],[-15,5],[-11,-4],[-8,0],[-11,-3],[-19,-1]],[[7052,5943],[-40,-14],[56,-83],[-2,-6],[6,-5],[10,-4],[13,2],[4,-11],[14,-4],[3,-4],[17,-9],[3,-5],[11,-8],[6,-7]],[[7153,5785],[-74,0]],[[7079,5785],[-13,13],[-4,10],[-3,17],[-10,5],[-16,5],[-9,11],[-7,4],[0,7],[-14,18],[0,9],[-5,7],[2,5],[-4,13],[-5,5],[-5,14],[7,6],[-18,0],[-24,35],[-14,-1],[-28,8],[-14,-4],[-8,4],[-11,11],[-17,11],[-7,10],[-3,12],[-118,-70],[10,-10],[-6,-5],[-16,6],[-9,0]],[[6710,5941],[-2,9],[-8,11],[-15,13],[4,11],[-9,0],[-17,15],[-1,17],[5,9],[9,4],[-3,7],[0,16],[-14,8],[-9,3],[-8,8],[7,10],[1,11],[10,1],[7,5],[14,14],[9,13],[0,4],[10,6],[-3,7],[7,10],[-1,8],[10,8],[11,4],[-5,5],[-12,-4],[-7,0],[-9,6],[-10,-3],[-18,5],[-5,5],[-9,1],[-35,-7],[-5,3],[-5,19],[-6,7],[-43,8],[-1,26],[-13,5],[0,14],[-14,0]],[[6527,6263],[-9,11],[-14,0],[-14,1],[-1,15],[1,8]],[[6451,6258],[7,-6],[2,-8],[-5,-6],[-16,-13],[6,-10],[1,-13],[-5,-30],[-7,-2],[-6,-15],[3,-10],[-8,-7],[-5,-10],[-11,-15]],[[6407,6113],[-17,16],[-9,-2],[-5,9],[-12,12],[-17,12],[-14,-3]],[[6263,5869],[4,-10],[19,-16],[8,-4],[8,0],[15,-5],[12,-6],[30,-8],[4,5],[11,3],[13,8],[16,-11],[10,-3],[15,1],[10,-9],[-1,-9],[14,-17],[-1,-12],[3,-14],[-1,-8],[3,-16],[0,-13],[17,-13],[8,-1],[14,-17],[7,-2],[-1,-8],[6,-10],[11,0],[12,8],[16,4],[36,-3],[17,3],[13,7],[33,0],[7,3],[10,-2],[14,5]],[[6675,5699],[5,-2],[4,-10],[12,-5],[5,1],[11,-3],[5,-7],[8,-1],[4,-10],[7,2],[5,-11],[11,-1],[4,-8],[9,1],[-1,-19],[1,-6],[11,-7],[1,-13],[16,3],[17,-14],[12,7],[7,-2],[-3,-60]],[[6826,5534],[-1,-18],[-157,-143]],[[6668,5373],[-9,-3],[-11,3],[0,4],[-10,5],[-11,-6],[-9,-14],[-22,-1],[-12,-7],[-7,0],[-8,-12],[-11,7],[-9,2],[-17,-4],[-9,4],[-23,2],[-13,4],[-13,-7],[-18,-1],[-23,-3],[-6,4],[-9,-2],[-13,4],[-12,-2],[-13,5],[-18,3],[1,7],[-6,7],[3,8],[-6,5],[-2,19],[-12,8],[0,14],[-8,7],[-92,-157]],[[6826,5534],[9,-4],[1,-6],[17,0],[5,-5],[25,-6],[-4,-9],[-1,-15],[7,-4],[21,4],[204,26],[110,14],[166,21]],[[7386,5550],[6,-12],[-1,-10],[21,-1],[2,-7],[-9,-7],[3,-8],[15,0],[11,8],[-3,8],[13,-5],[4,6],[-3,7],[4,10],[7,-5],[20,4],[8,-8],[10,-1],[3,-5],[21,-4],[7,15],[3,-7],[8,8],[12,-6],[7,1],[-7,-12],[13,-2],[12,-6],[9,5],[7,-3],[8,-9],[-8,-13],[11,0],[8,-5],[-5,-12],[12,-5],[12,4],[15,0],[2,-13],[-1,-6],[13,1],[4,4],[3,16],[7,-4],[3,-7],[18,0],[14,3],[5,-10],[-1,-5],[12,-11],[11,2],[7,-10],[0,-9],[12,6],[15,-6],[9,8],[17,10],[7,19],[8,-1],[5,9],[13,-3],[6,-17],[18,-6],[4,-3],[3,-12],[12,3],[12,-7],[10,3],[2,-12],[11,-5],[17,-9],[-1,-11],[25,-5],[0,-11],[5,-1],[13,-16],[0,-6],[7,-4],[4,-17],[5,-11],[1,-10],[8,-4],[12,6],[4,-8],[8,-5]],[[8011,5298],[-189,-28],[-117,-17],[-194,-28]],[[7511,5225],[-12,5],[-7,9],[-5,-1],[-4,-9],[-9,-2],[-10,-7],[-11,-1],[-17,3],[-5,5],[-1,7],[-8,2],[-15,-8],[-5,-6],[-6,4],[-2,25],[-5,5],[-7,1],[-11,-7],[-7,1],[-11,7],[-3,8],[4,4],[-2,13],[-16,10],[-9,1],[-14,-15],[-12,-2],[-7,2],[-9,12],[-20,-16],[-6,-11],[-3,-18],[-4,-10],[-11,-6],[-12,-1],[-8,5],[-8,11],[-15,-1],[-27,-12],[-20,-2],[0,-12],[0,-144],[-12,-7],[-10,0],[0,8],[5,6],[-4,9],[-8,3],[-16,-5],[-1,-15],[-7,-3],[-33,1],[-16,2],[-21,-6],[-12,5],[-20,17],[-11,4],[-42,-16],[-6,-4],[-10,-12],[-7,-12],[-8,0],[-6,8],[-11,3],[-16,17],[-6,13],[-14,8],[-10,0],[-6,-6]],[[6843,5092],[-21,83]],[[6822,5175],[-47,198],[-8,-5],[-10,-2],[-9,5],[-17,-10],[-6,5],[-12,-5],[-6,2],[-13,-2],[-3,-4],[-10,0],[-13,16]],[[7153,5785],[6,-20],[13,-17],[21,-20],[5,-10],[17,-4],[1,-4],[10,-6],[10,-10],[12,-1],[17,-11],[4,-6],[-1,-6],[9,-3],[5,3],[19,-3],[4,-9],[11,-4],[6,-11],[16,-7],[9,-1],[12,-13],[2,-6],[7,-3],[4,-12],[13,-1],[9,-8],[-3,-13],[-7,-12],[0,-12],[2,-5]],[[6675,5699],[169,-3],[201,-4],[8,20],[-11,18],[-9,2],[-5,7],[-11,9],[-4,17],[-5,7],[-3,13],[74,0]],[[8691,5623],[-1,-3],[-123,-121],[-132,-138],[-139,-20],[-147,-22],[-138,-21]],[[10604,4348],[-137,-33],[-162,-39],[-248,-60],[-189,-45]],[[9868,4171],[-4,11],[-8,2],[-14,-17],[-9,-6],[-9,2],[-6,5],[1,6],[-5,12],[-1,14],[5,7],[6,17],[-10,9],[-11,-1],[-6,3],[-8,-3],[-5,-7],[-8,1],[-15,10],[-1,17],[-11,5],[-5,-1],[-2,-9],[-9,-6],[-18,8],[2,9],[-10,12],[-7,-8],[-21,3],[-11,8],[-6,21],[-7,7],[-2,17],[-10,5],[-14,3],[-9,4],[-4,7],[1,12],[-6,7],[-14,6],[-18,0],[-10,2],[-7,8],[0,6],[11,16],[-4,4],[-20,-8],[-12,-1],[-21,-17],[-7,-1],[-25,5],[-5,6],[-12,2],[-2,9],[8,7],[3,13],[-4,9],[-9,-1],[-8,-7],[-7,-16],[-12,-1],[-20,5],[-10,11],[-6,12],[9,20],[-2,11],[-17,11],[-7,8],[2,4],[-6,8],[-1,13],[1,10],[-4,5],[-4,14],[-5,8],[-13,3],[-7,22],[-14,9],[-17,-1],[-11,9],[-35,-25],[-1,-7],[-16,-19],[-9,-6],[-25,3],[-11,-5],[-8,0],[-12,8],[-6,13],[-7,9],[-11,5],[-4,-12],[-9,-5],[-6,1],[-22,23],[0,4],[-11,3],[-8,8],[-23,12],[-2,9],[8,11],[-3,10],[-10,3],[-23,1],[-26,8],[-15,9],[-11,9],[-10,2],[-10,9],[-2,11],[-11,7],[-10,13],[-14,1],[-28,14],[-19,2],[-9,0],[-19,10],[-15,3],[-20,13],[-11,13],[-9,-1],[-15,5],[-12,-5],[-8,1],[-9,-9],[-6,-3],[-6,-25],[-7,-7],[-3,-7],[-35,-30],[-15,-5],[-8,-6],[-10,-1],[-31,12],[-12,0],[-11,4],[-2,5],[-17,-1],[-10,2],[-18,13],[-10,5],[-11,0],[-20,-10],[-13,-2],[-32,13],[-14,2],[-17,8],[-8,2],[-10,6],[-10,17],[-11,1],[-18,9],[-25,-2],[-12,6],[-7,10],[-11,9],[-11,5],[-12,-1],[-19,3],[-22,-6],[-15,6],[-10,16],[9,16],[0,12],[-9,1],[-15,-5],[-7,0],[-11,5],[-4,15],[-20,12],[-5,8],[-14,-19],[-7,-2],[-12,4],[-7,5],[-15,4],[-10,-6],[-19,-3],[-11,4],[-8,-1],[-20,2],[-19,-4],[-23,3],[-12,6],[-10,0],[-9,4],[-2,7],[-9,6],[-18,-8],[-7,0],[-7,4],[-9,16],[1,12],[-6,7],[-30,26],[-13,30],[-7,3],[-11,-8],[-5,-10],[-9,-1],[-7,4],[4,15],[-4,6],[-7,2],[-13,-6],[-12,3],[0,9],[11,9],[-6,12],[-8,0],[-12,7],[-15,12],[-1,12],[-13,8],[-21,3],[-6,11],[9,11],[-9,4],[-8,14],[-34,6],[-8,5],[-10,0],[-2,12],[7,1],[20,-2],[0,7],[-15,1],[-12,17],[4,6],[-1,9],[-9,8],[-16,2],[-7,3],[-13,-2],[-12,4],[-11,27],[-12,6],[-14,2],[-15,-3],[-6,-5],[-7,-12],[-12,-8],[-13,3],[-11,7],[-2,12],[3,10],[-11,28],[-6,7],[-14,6]],[[6527,6263],[-9,-10],[0,-5],[-15,-23],[11,-20],[2,-16],[9,-17],[10,-9],[-6,-16],[-17,-16],[-18,-4],[-8,2],[-16,-5],[-20,1],[-15,-2],[-4,-8],[-11,-6],[-13,4]],[[6710,5941],[-13,0],[-13,9],[-11,2],[-14,-1],[-4,5],[-18,3],[-7,-3],[-13,1],[-11,5],[-3,7],[-7,1],[-21,13],[-12,-2],[-5,5]],[[6558,5986],[-12,5],[-7,0],[-19,7],[-11,-1],[-16,4],[0,11],[-4,6],[-21,8],[-1,5],[-11,5],[-9,-2],[-11,3],[-5,6],[-15,0],[-8,2],[-10,-2],[-2,-5],[-17,2],[1,13],[4,6],[11,7],[6,13],[-6,4],[5,8],[-2,9],[7,2],[2,11]],[[6843,5092],[-13,-7],[-7,3],[3,14],[-7,7],[-25,-3],[-18,7],[-15,2],[-14,-10],[-9,6],[-11,12],[-7,4],[-15,-13],[-14,-4],[-16,-12],[4,-6],[13,2],[1,-10],[-8,-4],[-15,-3],[-14,15],[-7,6],[-16,2],[-14,-3],[-8,-5],[-13,-3],[-20,-15],[-13,-3],[-14,7],[-19,6],[-9,1],[-10,-6],[-11,1],[-11,-3],[-15,5],[-9,7],[-18,7],[8,13],[-5,4],[-10,-2],[-4,-5],[-9,-2],[-29,3],[-18,-3],[-16,13],[-3,12],[-9,5],[-11,-3],[-17,-16],[-5,-1],[-7,6],[-19,8]],[[6295,5128],[15,38],[20,-10],[7,8],[8,5],[-3,4],[6,5],[-1,7],[-10,11],[-9,4],[3,14],[10,2],[6,7],[-6,6],[20,6],[14,-34],[40,-5],[17,39],[39,-2],[10,-8],[5,-12],[19,4],[13,-6],[7,-6],[8,1],[6,-7],[10,-2],[-7,-8],[12,-1],[15,-22],[-7,-7],[12,-16],[33,3],[76,41],[139,-12]],[[6558,5986],[-3,-3],[-13,1],[-7,-8],[-22,-2],[-6,-6],[-13,-3],[-13,-7],[-25,-2],[-13,-15],[-2,-9],[-5,1],[-7,-8],[-21,-5],[-9,-8],[-10,-1],[-14,1],[-25,1],[-51,-3]],[[6295,5128],[-9,-5],[-21,3],[-12,-1],[-4,12],[-7,7],[10,8],[-4,10],[-17,8],[-7,15],[-8,11],[1,9],[-6,10],[-1,7]],[[42,19092],[7,-8],[14,-6],[-19,-9],[3,-12],[-4,-4],[0,-20],[-5,-2],[1,-11],[-9,-9],[-3,-22],[-16,-26],[-8,1],[-2,17],[7,8],[1,21],[-9,9],[6,21],[0,10],[11,10],[0,12],[20,18],[5,2]],[[499,19989],[2,-7],[11,-3],[-5,-6],[4,-10],[7,-7],[-7,-2],[0,-12],[-6,-11],[-12,-3],[-11,-9],[-13,-4],[-5,1],[-1,10],[-6,9],[3,12],[0,8],[6,12],[6,5],[13,-1],[6,5],[0,8],[8,5]],[[490,19999],[1,-13],[-9,-2],[-5,5],[1,6],[12,4]],[[16148,1392],[-34,-160],[-38,-176],[-45,-211],[-32,-151],[-32,-151],[-46,-216],[-35,-163],[-32,-153],[-23,-11],[0,7],[-9,14],[-17,15],[-18,9],[-18,25],[-11,9],[-17,19],[-23,12],[-15,16],[-14,31],[-12,12],[-33,18],[-17,2],[-29,-2],[-29,4],[-18,5],[-12,6],[-9,10],[-3,8],[0,29],[6,25],[-1,19],[-3,20],[-3,14],[-8,14],[-12,6],[-30,6],[-10,4],[-16,9],[-19,13],[-11,14],[-8,17],[-11,32],[-11,14],[-13,8],[-26,10]],[[15351,474],[6,19],[-6,2],[-3,8],[8,4],[0,8],[-11,3],[1,9],[6,16],[-2,6],[-8,4],[0,14],[-9,10],[-38,23],[-1,4],[-15,10],[-6,-2],[13,188],[13,185],[14,187]],[[15313,1172],[6,-3],[10,1],[2,-4],[15,-1],[0,5],[15,1],[9,6],[2,-6],[8,-3],[19,10],[3,4],[21,10],[15,0],[5,-4],[16,-1],[14,-18],[12,-2],[4,9],[9,-5],[6,8],[6,3],[1,12],[3,5],[23,-8],[9,11],[-5,5],[9,4],[2,-7],[16,7],[-7,13],[8,4],[-5,6],[2,4],[11,-2],[5,13],[8,0],[18,20],[7,16],[4,0],[11,9],[4,-12],[9,-1],[5,4],[8,-2],[8,-6],[4,10],[8,-1],[4,-8],[10,17],[19,-2],[1,6],[-7,5],[-9,19],[2,6],[-13,1],[1,7],[9,2],[2,6],[13,1],[6,5],[7,-1],[4,-5],[7,2],[0,7],[5,6],[6,0],[4,-11],[8,3],[10,-5],[12,2],[-1,6],[-7,9],[-8,-1],[-1,13],[3,4],[11,-2],[12,3],[0,6],[5,5],[144,0],[213,0]],[[11739,3094],[109,0],[177,0],[127,0],[9,-5],[15,-2],[-14,-11],[-8,2],[-3,-15],[5,-11],[-2,-16],[3,-19],[17,-5],[-6,-7],[13,-3],[9,-8],[10,-2],[2,16],[7,-13],[6,-3],[21,-5],[-9,-11],[-3,-7],[-8,0],[-3,-4],[11,-20],[0,-9],[4,-9],[-12,2],[0,-9],[21,10],[6,8],[10,3],[12,-14],[-3,-14],[-17,-12],[-9,-3],[13,-6],[13,-1],[13,-4],[14,2],[6,-14],[0,-15],[16,-6],[11,2],[0,7],[7,10],[8,0],[0,-8],[22,-16],[9,6],[-9,16],[-6,6],[7,16],[12,-2],[3,-6],[10,-26],[0,-9],[3,-7],[7,10],[4,1],[16,-9],[-1,9],[11,4],[-2,-25],[14,-7],[8,2],[-8,-15],[-15,0],[-14,-9],[5,-8],[-9,-4],[-3,-7],[5,-8],[15,-7],[0,-10],[12,-6],[10,-9],[18,16],[8,-4],[-3,-14],[4,-10],[8,-5],[-8,-10],[-1,-12],[13,-9],[13,5],[-1,8],[7,-1],[2,6],[11,-6],[0,-7],[15,0],[8,3],[18,-8],[-12,-10],[6,-20],[7,6],[6,-3],[1,-9],[11,-3],[4,6],[8,2],[-1,9],[-14,5],[6,5],[8,1],[9,-5],[-1,-18],[5,-5],[10,-16],[17,-9],[7,9],[11,3],[11,-2],[1,-9],[12,2],[-4,-11],[12,-4],[7,4],[2,13],[13,-9],[1,-13],[-2,-9],[7,-3],[-5,-9],[12,-2],[14,-7],[-5,-5],[-16,-5],[-9,-8],[-4,-13],[10,-5],[11,11],[9,-6],[4,8],[7,-9],[2,-15],[0,-12],[-18,-23],[10,-8],[10,-11],[8,-2],[4,7],[-1,8],[5,5],[8,-4],[5,-10],[1,-8],[-18,-2],[-4,-7],[2,-13],[-1,-11],[9,-5],[-9,-7],[3,-6],[7,1],[6,9],[7,-1],[1,-8],[16,12],[8,0],[2,-17],[-8,-5],[0,-15],[10,6],[7,0],[7,9],[7,-1],[18,5],[3,-8],[11,5],[5,-11],[5,-4],[-15,-8],[14,-12],[16,4],[12,17],[6,-3],[0,-10],[-3,-4],[4,-8],[5,5],[1,13],[8,-1],[12,-12],[6,-1],[-7,28],[5,5],[8,-8],[2,8],[-11,10],[9,2],[13,-3],[15,-7],[6,-12],[-3,-15],[1,-16],[-9,-5],[-2,-5],[11,-12],[-6,-1],[-3,-9],[-7,-3],[-6,5],[-6,11],[-8,-2],[0,-6],[7,-8],[1,-9],[5,-7],[12,-8],[7,1],[17,9],[12,0],[6,11],[7,6],[11,3],[4,9],[15,7],[8,1],[8,9],[13,3],[11,-1],[6,-6]],[[13077,2372],[14,-8],[21,-7],[11,-10],[10,4],[1,-24],[9,-2],[7,-7],[22,0],[14,10],[-4,13],[21,0],[5,11],[5,3],[13,1],[10,3],[17,-2],[9,-8],[2,-10],[5,-6],[8,-1],[7,6],[2,15],[7,2],[8,-8],[11,4],[9,-4],[11,13],[7,1],[10,-6],[6,-7],[-2,-9],[8,-8],[10,10],[6,0],[11,-16]],[[13388,2325],[-27,-8],[-3,-12],[-4,-7],[-8,-4],[-14,3],[-5,8],[-6,-1],[-20,2],[-3,-10],[-8,-16],[-5,-16],[-18,-29],[-1,-13],[-5,-15],[-6,-10],[-20,-23],[-20,-2],[-28,5],[-8,-2],[-11,-16],[18,-35],[5,-12],[-4,-12],[-7,-5],[-13,1],[-18,11],[-9,8],[-8,2],[-19,-7],[-14,-1],[-5,-3],[-17,2],[-20,3],[-9,9],[-8,17],[-19,9],[-9,-1],[-21,-13],[-16,-18],[-5,-9],[-22,-18],[-25,-15],[-8,-1],[-10,-11],[-5,-10],[2,-6],[0,-11],[-5,-17],[-10,-19],[-20,-13],[-16,2],[-4,8],[2,22],[-8,9],[-13,4],[-2,7],[-25,-15],[-22,-1],[-8,1],[-15,15],[-9,4],[-14,-1],[-5,-6],[9,-10],[1,-10],[-8,-6],[-11,1],[-17,7],[-6,-1],[-1,-12],[-6,-9],[-9,-5],[-12,-1],[-11,3],[-13,-4],[-8,-4],[-22,0],[-10,-3],[-8,-6],[-9,-2],[-11,0],[-7,4],[-6,14],[-7,5],[-7,-2],[-7,4],[-10,24],[0,7],[8,4],[-1,6],[-12,20],[-7,-15],[-11,-9],[-18,-5],[-10,2],[-26,17],[-18,6],[-13,-2],[-18,4],[-14,-9],[-11,-1],[-9,5],[-10,13],[-6,0],[-10,8],[-16,-3],[-15,2],[-16,11],[-7,13],[-17,18],[-15,5],[-17,0],[-13,5],[-11,-6],[7,-14],[-2,-15],[-4,-4],[-22,-14],[-7,-14],[-2,-8],[2,-10],[-4,-8],[-23,-13],[-6,-1],[-11,2],[-2,8],[2,14],[-5,10],[-11,10],[7,13],[-6,7],[-12,0],[-9,-2],[-13,0],[1,-20],[-2,-5],[-12,-8],[-17,-1],[-8,5],[-5,13],[-1,15],[-14,7],[-8,-5],[-10,2],[-10,-13],[-15,-8],[-21,-7],[-15,-11],[-36,-11],[-16,-1],[-13,2],[-9,-4],[-15,-2],[-11,1],[-13,-4],[-13,-9],[-10,-3],[-9,8],[1,12],[8,8],[0,8],[-4,14],[-13,5],[-10,7],[-6,13],[-2,16],[-15,17],[-3,16],[-10,6],[-4,-1],[-12,-18],[-14,-3],[-12,7],[-9,9],[-6,20],[-17,-1],[-9,3],[3,-21],[-8,-14],[-12,-7],[-16,4],[-6,6],[1,9],[-4,8],[-16,8],[-13,5],[-5,5],[-29,-2],[-10,6],[-1,8],[3,16],[0,6],[-10,7],[-9,14],[-11,13],[-12,8],[-7,13],[-15,31],[4,8],[-1,12],[-6,7],[2,9],[6,7],[11,0],[10,-2],[21,2],[7,4],[9,13],[10,42],[11,11],[20,6],[9,7],[17,6],[7,10],[1,12],[-39,1],[-15,4],[-5,8],[0,5],[10,15],[16,14],[1,11],[-6,8],[-21,5],[-10,8],[-4,9],[0,8],[-7,8],[1,8],[8,12],[7,5],[0,9],[4,14],[0,23],[-7,17],[2,13],[9,10],[4,13],[-6,12],[-21,-1],[-14,2],[-12,7],[-8,7],[-4,8],[2,7],[9,15],[2,19],[3,5],[-2,9],[-23,1],[-9,1],[-12,-5],[-8,0],[-10,17],[-5,4],[-5,12],[-12,23],[-9,9],[-6,0],[-9,-5],[-1,-12],[3,-25],[-4,-13],[-5,-5],[-17,-5],[-12,-1],[-6,4],[1,11],[17,4],[3,6],[-11,6],[-11,-3],[-19,0],[-12,5],[-7,-2],[-12,-9],[-12,-12],[1,-7],[10,-9],[-1,-12],[-7,-5],[-16,0],[-15,8],[-3,13],[-9,7],[-23,4],[-11,5],[-9,9],[-18,8],[-15,-2],[-10,-6],[-13,0],[-27,-4],[-6,4],[-5,10],[-1,18],[-9,6],[-10,11],[-35,14],[-13,0],[-25,6],[-11,9],[-27,17],[-8,10],[-1,8],[5,12],[9,8],[12,4],[8,17],[-2,17],[10,18],[7,7],[26,18],[20,9],[8,7],[8,13],[-7,9],[-8,-2],[-1,-5],[-12,-4],[-8,3],[-14,9],[-5,8],[0,9],[8,8],[14,7],[6,13],[-4,7],[-16,4],[-4,8],[6,11]],[[11073,3094],[210,0],[257,0],[199,0]],[[11738,4193],[50,-92],[106,-198],[80,-150],[52,-96],[-7,-7],[-5,-15],[4,-5],[1,-15],[-3,-12],[6,-6],[-6,-21],[14,-18],[-6,-16],[1,-12],[8,-11],[36,-21],[7,0],[9,-6],[8,1],[15,-4],[10,1],[10,4],[6,-1],[32,-13],[11,-2],[13,3],[14,0],[13,14],[12,-5],[16,7],[8,9],[12,3],[12,6],[8,-4],[-3,-8],[15,-6],[11,-13],[11,0],[3,-4],[13,-6],[1,-5],[10,-5],[12,6],[5,-5],[11,-2],[19,11],[2,4],[11,-3],[19,6],[5,-2],[9,8],[13,-6],[10,1],[14,-2],[11,-11],[10,-4],[-4,-10],[13,-6],[3,-15],[9,-5],[11,1],[9,-9],[10,-2],[6,5],[5,-3],[16,3],[5,-3],[13,-1],[8,7],[6,-7],[9,0],[1,6],[15,3],[20,-1],[2,-11],[13,-1],[16,9],[11,0],[11,-5],[12,8],[9,-4],[-3,-6],[8,-3],[-1,-14],[20,-2],[1,-9],[8,-4],[8,2],[5,-7],[10,-1],[12,-8],[7,0],[1,9],[10,-4],[5,13],[-4,10],[3,9],[10,-1],[14,6],[20,-2],[1,-12],[13,5],[6,12],[11,-5],[7,6],[-4,5],[6,7],[10,-4],[-5,-9],[4,-5],[8,7],[16,6],[7,-12],[5,-19],[-8,2],[-5,-4],[9,-6],[0,-8],[-8,0],[-3,7],[-9,-2],[1,-6],[-9,-8],[5,-4],[-1,-6],[-6,-7],[8,-2],[7,5],[4,-17],[-11,4],[-7,-9],[12,-1],[0,-6],[6,-8],[12,5],[6,-5],[17,-6],[10,1],[7,-9],[-11,-1],[-6,-4],[20,-6],[-5,-10],[9,-9],[-11,-2],[-6,-4],[1,-9],[-7,-2],[6,-8],[9,1],[8,-3],[3,-7],[0,-11],[14,-10],[9,8],[4,-5],[-16,-13],[11,-6],[-6,-9],[8,0],[4,-15],[-7,-11],[5,-7],[-2,-15],[-5,-14],[10,2],[7,-3],[13,0],[4,-9],[-7,-5],[6,-6],[13,3],[11,7],[9,-9]],[[13077,3112],[0,-140],[0,-208],[0,-135],[0,-257]],[[11739,3094],[-157,173],[-153,169],[-92,102],[-131,145],[-158,175],[-88,97],[-99,109],[-110,121],[-147,163]],[[15421,4308],[9,-13],[10,-1],[24,11],[8,-1],[10,-6],[12,-17],[1,-14],[-4,-6],[-7,-4],[-16,7],[-15,4],[-12,1],[-6,-3],[-16,-25],[-17,-10],[-12,-3],[-18,-10],[-38,-42],[-6,-10],[-2,-12],[2,-12],[11,-10],[8,-2],[10,4],[3,10],[-2,16],[8,8],[13,0],[7,-3],[20,-21],[3,-4],[4,-17],[7,-8],[-6,-15],[8,-11],[-2,-23],[-6,-7],[9,-14],[2,-8],[-2,-8],[-9,-21],[-2,-18],[5,-10],[12,-11],[1,-9],[-5,-6],[-18,-3],[-13,3],[-10,-2],[-10,-6],[-6,-15],[-3,-31],[9,-17],[16,-14],[21,-10],[14,-13],[12,-20],[11,-14],[15,-11],[4,-8],[-5,-10],[-20,-8],[-14,-8],[-4,-5],[-2,-16],[-8,-11],[-13,-2],[-18,7],[-9,0],[-7,-3],[-11,-16],[-4,-17],[6,-14],[22,-23],[25,-19],[17,-7],[13,-1],[9,2],[10,9],[3,15],[5,9],[7,6],[11,4],[9,0],[10,-3],[4,-7],[-8,-22],[-23,-15],[-10,-10],[-3,-6],[-1,-14],[5,-8],[9,-9],[12,-5],[15,-3],[19,-1],[8,-3],[-1,-28],[11,-14],[12,-4],[15,-1],[17,2],[14,6],[9,13],[3,14],[6,9],[34,30],[12,18],[-1,14],[-4,8],[-6,4],[-19,3],[-11,-2],[-17,-10],[-13,2],[-7,7],[-4,15],[4,10],[19,20],[21,18],[9,5],[27,7],[13,-3],[11,-10],[12,-16],[12,-8],[10,-1],[13,4],[7,11],[-5,21],[3,10],[9,3],[10,-1],[12,-10],[-3,-9],[-7,-8],[2,-9],[12,-8],[13,0],[37,9],[9,5],[3,10],[13,10],[12,-2],[33,-17],[9,-13],[-6,-6],[-6,2],[-8,6],[-5,1],[-25,-14],[-16,-8],[-6,-7],[1,-9],[14,-17],[4,-15],[-4,-6],[-14,-7],[-10,-8],[-7,-9],[-6,-12],[1,-9],[9,-14],[10,-5],[14,-2],[13,2],[27,14],[8,3],[29,-1],[17,3],[10,6],[7,12],[5,13],[9,15],[6,5],[12,6],[24,0],[10,-8],[30,-44],[11,-13],[10,-7],[10,-4],[17,-4],[13,2],[11,4],[6,8],[-2,8],[-5,3],[-20,1],[-14,14],[-6,20],[-7,6],[3,5],[17,4],[13,6],[7,-3],[5,-10],[8,-4],[15,5],[26,-11],[8,-7],[16,-20],[7,-12],[16,-14],[12,-9],[15,-15],[0,-16],[-6,-4],[-6,8],[-2,9],[-13,4],[-14,-3],[-2,-7],[3,-15],[1,-19],[-4,-40],[2,-16],[10,-19],[10,-7],[12,-2],[8,1],[9,5],[8,12],[4,16],[-4,23],[1,8],[9,7],[15,0],[15,7],[12,11],[9,3],[9,-3],[10,-8],[1,-8],[9,-17],[0,-6],[5,-9],[7,-4],[13,-1],[3,5],[14,-1],[13,-7],[25,-20],[7,-2],[21,1],[11,3],[11,7],[8,9],[4,12],[-2,20],[-5,9],[-8,5],[-16,4],[-2,5],[8,7],[20,-1],[8,5],[4,8],[0,9],[-11,18],[-4,20],[4,9],[7,9],[14,7],[26,2]],[[16526,3586],[10,-8],[24,-27],[9,-12],[7,-13],[-1,-17],[-5,-7],[-11,-4],[-7,-14],[-3,-29],[-5,-12],[-8,-12],[-6,-14],[0,-19],[2,-8],[9,-17],[10,-13],[7,-14],[2,-11],[-3,-26],[2,-16],[7,-19],[6,-11],[-1,-14],[-24,-10],[-8,-5],[-7,-10],[-9,-18],[-1,-8],[1,-22],[3,-25],[-7,-14],[-17,-15],[-8,-12],[0,-18],[1,-12],[7,-14],[-1,-13],[-53,-249],[-23,-109],[-36,-168]],[[16389,2527],[-267,0],[-145,0],[-141,0],[-184,-1],[-239,0],[-137,0],[-179,0]],[[15097,2526],[0,137],[0,104],[0,160],[0,196]],[[15097,3123],[0,142],[0,135],[0,187],[0,124],[0,205],[0,206],[0,106],[0,133]],[[15097,4361],[19,-11],[6,-5],[11,-18],[17,-17],[11,-20],[1,-13],[-3,-5],[-14,-9],[-5,-9],[3,-12],[9,-5],[9,3],[10,13],[6,4],[25,10],[20,7],[14,-1],[7,-5],[6,-14],[1,-10],[4,-8],[9,-2],[16,1],[25,-4],[11,2],[14,8],[6,13],[0,7],[-5,8],[-7,0],[-8,-5],[-11,-2],[-10,1],[-16,6],[-6,8],[2,7],[5,4],[20,3],[16,11],[7,1],[10,-6],[16,1],[11,14],[4,12],[5,4],[18,3],[18,-6],[17,-17]],[[14080,4867],[7,-1],[11,8],[7,1],[8,-7],[2,-6],[15,12],[15,6],[9,8],[13,2],[2,8],[-6,5],[0,5],[10,2],[9,-3],[12,-7],[12,-16],[12,-7],[7,-6],[0,-13],[-5,-15],[10,-14],[7,-21],[8,-5],[10,1],[9,8],[6,15],[11,2],[5,-2],[4,-16],[-3,-13],[4,-7],[10,1],[6,7],[10,2],[11,-10],[10,-3],[19,8],[7,-1],[10,-8],[-8,-9],[-16,-6],[3,-12],[18,-10],[11,-5],[10,0],[13,9],[-8,13],[-1,12],[4,6],[23,12],[22,-2],[15,-5],[4,-5],[-7,-16],[18,-16],[9,1],[14,-4],[9,-9],[11,0],[4,-7],[-5,-4],[3,-11],[-6,-6],[10,-6],[-5,-6],[3,-6],[10,-8],[19,-1],[9,-4],[6,-14],[-13,-19],[-6,1],[-8,9],[-11,0],[-19,-9],[-14,-11],[-3,-8],[3,-13],[13,-15],[24,-12],[1,-16],[4,-6],[20,-3],[18,-6],[3,-6],[-3,-6],[4,-11],[11,-11],[2,-23],[-6,-11],[-2,-10],[4,-6],[10,-5],[2,-18],[11,-13],[21,-13],[0,-5]],[[14632,4422],[-8,1],[-6,-19],[-5,-2],[-14,6],[-4,-7],[-11,-3],[-1,11],[-6,1],[-7,-4],[-6,1],[-7,-3],[-9,8],[-9,4],[0,20],[-8,-7],[-7,0],[-11,-7],[-9,4],[-8,9],[-20,5],[-7,4],[-1,12],[-9,7],[-5,-4],[-13,-5],[-17,12],[-13,4],[-9,-2],[-4,-6],[-10,-3],[-8,-6],[-11,2],[-9,-3],[-18,8],[-9,-3],[-17,5],[-10,-3],[-9,4],[-4,6],[-16,13],[1,10],[-11,12],[-21,0],[-10,5],[-7,-2],[-14,4],[-7,-4],[-6,4],[-13,4],[-18,9],[-9,7],[-7,0],[-3,13],[-12,14],[-14,-1],[-18,16],[-3,9],[-16,19],[-17,9],[1,17],[-3,17],[-11,6],[1,7],[-8,7],[-6,11],[4,14],[-5,6],[-1,18],[9,-1],[9,6],[0,8],[-8,6],[0,15],[-24,7],[-8,6],[-24,-11],[-17,-2],[-16,-8],[-20,7],[-9,-5],[-10,1],[-10,6],[-22,3],[-9,11],[-17,7],[-11,1],[-6,7],[-17,3],[-7,9],[1,12],[5,6]],[[14632,4422],[4,-8],[10,-8],[1,-13],[5,-7],[9,-2],[13,1],[4,3],[0,14],[3,5],[17,3],[30,9],[17,8],[0,9],[-4,3],[-23,0],[-2,6],[11,14],[16,8],[17,2],[11,5],[13,-4],[3,-6],[16,-16],[13,-11],[6,-1],[17,-14],[8,-17],[6,-5],[17,2],[8,14],[5,5],[25,15],[9,0],[6,-3],[14,-18],[12,-7],[11,-28],[7,-8],[4,-9],[7,-5],[16,-4],[8,8],[4,17],[12,9],[16,-2],[13,-11],[5,0],[0,16],[11,4],[6,-4],[8,-13],[20,-17]],[[15097,3123],[-12,-5],[-12,-2],[-18,1],[-13,3],[-11,8],[-5,10],[-12,26],[-6,8],[-14,10],[-11,5],[-13,3],[-27,-6],[-15,-6],[-10,-9],[-9,-11],[-17,-5],[-20,-2],[-14,1],[-14,5],[-21,4],[-16,10],[-21,7]],[[14786,3178],[-24,15],[-23,11],[-19,7],[-7,8],[-20,31],[-18,18],[-7,21],[-8,17],[-10,17],[-11,14],[-9,8],[-25,16],[-29,13],[-28,6],[-14,0],[-5,-5],[-33,-11],[-28,-1],[-15,5],[-25,13],[-11,8],[-12,20],[-26,27],[-8,16],[-8,11],[-15,14],[-17,14],[-6,7],[-7,25],[-5,12],[-10,9],[-14,5],[-27,6],[-15,7],[-8,6],[-11,10],[-27,15],[-14,10],[-25,8],[-56,8],[-36,0],[-31,-2],[-24,1],[-26,-3],[-23,-1],[-11,-3],[-7,-9],[-3,-8],[-25,-26],[-16,-12],[-12,-18],[-27,-14],[-21,-9],[-33,-12],[-20,-11],[-12,-4],[-15,5],[-10,1],[-16,-4],[-18,2],[-20,5],[-32,21],[-16,24],[-10,27],[-1,15],[3,12],[12,17],[16,34],[17,20],[6,13],[2,27],[3,9],[-3,7],[-25,9],[-23,4],[-24,-3],[-23,-5],[-53,-5],[-10,-6],[-18,-6],[-22,0],[-19,-6],[-16,1],[-18,-4],[-20,-1],[-41,16],[-8,12],[-2,16],[-8,7],[-13,-4],[-10,5],[-4,5],[1,23],[2,8],[9,19],[1,7],[-4,13],[-9,14],[-8,6],[-41,14],[-15,6],[-16,12],[-23,9],[-11,11],[-11,27],[-6,7],[-13,6],[-13,3],[-21,1],[-19,-4],[-34,-13],[-14,-10],[-12,-7],[0,134],[0,224],[0,218]],[[11073,3094],[6,12],[-4,8],[-8,-2],[-14,1],[-11,4],[-17,2],[-8,8],[-1,9],[4,7],[0,9],[-4,17],[-7,5],[-11,-3],[-16,4],[-21,1],[-16,7],[0,9],[7,4],[11,1],[13,-7],[7,1],[7,8],[2,9],[-8,19],[-6,6],[-9,-3],[-13,2],[-5,13],[5,18],[-4,7],[3,13],[13,5],[1,8],[-6,6],[-15,-12],[-17,0],[-20,12],[-4,6],[-2,16],[-5,10],[2,15],[0,14],[-16,-7],[-8,0],[-14,3],[-12,7],[-16,19],[-7,4],[-12,2],[-7,-4],[-12,-10],[-15,-2],[-27,2],[-7,4],[-11,11],[-3,10],[-3,24],[3,10],[-8,-2],[-3,-16],[2,-17],[-1,-8],[-8,-6],[-1,-9],[-5,-8],[-16,-4],[-15,5],[4,9],[-2,6],[-9,4],[-8,-10],[-6,-1],[-18,2],[-7,5],[-24,8],[-14,1],[-20,8],[-10,7],[-1,6],[2,9],[-4,10],[-7,10],[-17,12],[-10,16],[-3,8],[2,11],[-6,12],[-3,15],[-18,6],[-7,0],[-11,-10],[-6,-2],[-22,0],[-15,4],[-8,5],[2,12],[11,12],[8,5],[2,7],[-7,8],[-9,2],[-12,-7],[-1,-11],[-12,-10],[-15,3],[-23,10],[-5,12],[-8,9],[-9,17],[1,24],[4,11],[8,10],[3,9],[-6,8],[-11,5],[-8,-9],[-3,-11],[1,-14],[-15,-17],[-10,-6],[-7,-1],[-22,5],[-14,-2],[-15,4],[-6,4],[-15,4],[-7,6],[-24,11],[-14,5],[-12,11],[-14,6],[-12,3],[-15,-5],[-18,-2],[-29,2],[-19,9],[-7,-1],[-32,22],[-14,5],[-3,8],[0,14],[15,11],[2,11],[-10,10],[-3,6],[-1,18],[-4,5],[-12,4],[-14,9],[-11,0],[-6,-3],[-12,6],[-4,9],[0,7],[5,9],[11,7],[13,2],[20,-8],[8,-9],[10,-1],[5,9],[-8,18],[8,18],[14,8],[4,12],[-3,2],[-13,-9],[-9,-3],[-10,1],[-17,13],[-1,9],[5,6],[5,13],[-5,12],[-5,3],[-4,-12],[-8,-5],[-11,1],[-6,-3],[-6,5],[-2,7],[3,11],[8,5],[-1,5],[-17,8],[-20,-1],[-18,8],[-8,9],[-12,6],[-8,8],[-3,11],[-5,6],[5,7],[10,6],[26,5],[13,11],[-9,7],[-1,14],[-27,13],[-6,6],[-3,7],[2,8],[-5,7],[9,13],[11,7],[-5,9],[-17,7],[-5,9],[-16,14],[-1,7],[7,15],[2,16]],[[13077,3112],[6,4],[5,-15],[10,-5],[1,-8],[5,-4],[-8,-9],[-7,0],[1,-15],[8,1],[2,9],[15,7],[6,-1],[9,6],[7,-7],[7,4],[9,-9],[6,6],[7,-7],[12,2],[3,-6],[-5,-8],[9,-6],[16,1],[4,-15],[-10,2],[-2,-5],[4,-7],[24,4],[8,4],[1,-8],[13,3],[4,-4],[10,1],[-2,13],[13,4],[3,-7],[15,-9],[10,5],[4,-6],[-7,-7],[-8,-4],[7,-7],[0,-5],[10,-9],[-9,-7],[-1,-6],[13,-4],[5,0],[16,10],[3,-13],[-8,0],[-13,-11],[0,-4],[15,0],[2,8],[5,1],[14,-5],[-4,-12],[2,-6],[11,3],[2,-5],[-11,-4],[7,-21],[0,-13],[9,-2],[5,-8],[15,3],[5,-11],[14,-2],[-2,-11],[13,2],[10,-2],[4,6],[11,2],[-2,-13],[10,-4],[-7,-8],[4,-6],[14,-9],[4,9],[15,-3],[-2,-7],[2,-15],[-5,-9],[11,-3],[6,-17],[15,3],[4,8],[6,-7],[-9,-6],[8,-8],[2,-7],[10,2],[6,-5],[6,4],[6,-5],[-19,-4],[-3,-9],[-12,2],[14,-12],[4,-11],[9,-3],[5,3],[9,-9],[-2,-4],[4,-16],[15,5],[-8,-20],[19,5],[-1,-5],[-7,-5],[6,-4],[20,-4],[5,-9],[-12,2],[1,-12],[15,-1],[9,-5],[2,-6],[11,8],[8,-1],[8,5],[-2,6],[-10,0],[-1,4],[10,6],[7,7],[1,6],[-7,11],[7,11],[17,-1],[10,-8],[7,3],[16,-1],[8,-6],[6,7],[-10,2],[3,6],[16,-4],[-1,9],[4,6],[17,-11],[10,2],[10,-2],[1,6],[-4,11],[10,0],[-5,12],[11,-3],[8,-5],[5,13],[-5,6],[20,-1],[-19,11],[-8,12],[7,6],[11,-2],[10,3],[8,10],[9,1],[-6,7],[6,6],[9,-4],[3,11],[9,-3],[-5,-12],[8,-2],[3,10],[5,7],[-3,7],[4,12],[-3,16],[-9,2],[-6,6],[2,15],[9,4],[19,5],[19,-5],[2,3],[-4,13],[-10,6],[5,5],[8,-3],[4,4],[-14,21],[13,0],[9,3],[13,-4],[4,7],[9,-3],[3,5],[-9,15],[3,4],[16,2],[6,10],[-3,12],[1,7],[-5,6],[-2,10],[12,6],[1,6],[-3,6],[9,2],[4,7],[-4,13],[17,-14],[16,-10],[6,-6],[7,9],[-8,8],[-1,5],[10,11],[-4,10],[-14,3],[-6,2],[-14,1],[-6,7],[-2,9],[5,3],[20,2],[8,-4],[2,-9],[9,3],[-2,18],[-10,9],[-12,9],[-1,14],[-5,7],[3,6],[15,3],[20,-7],[14,-1],[5,3],[20,4],[6,8],[9,1],[9,-8],[2,-6],[-5,-18],[-10,-7],[1,-6],[11,-2],[9,8],[18,29],[7,4],[21,2],[22,-2],[5,7],[-5,13],[-3,14],[-23,6],[-10,-2],[-1,7],[23,10],[6,8],[-25,3],[-2,4],[13,6],[22,2],[8,7],[14,0],[14,-17],[1,-8],[4,-3],[33,-6],[15,0],[11,3],[13,11],[6,9],[14,-5],[8,2],[5,-4],[1,-11],[11,1],[-2,7],[-7,9],[10,5],[20,-1],[7,-20],[13,-3],[2,5],[-10,11],[11,4],[18,-4],[9,-5],[7,8],[6,1],[6,-12],[13,-3],[8,-9],[1,-13],[-8,-13],[14,4],[6,6],[2,17],[4,12],[8,6],[16,-6],[10,-7],[14,-1],[2,-5],[-5,-8],[6,-3],[8,4],[17,-7],[1,-8],[8,-1],[8,9],[14,-2],[1,7],[-13,8],[0,16],[8,7],[11,-1],[17,-9],[8,4],[-1,16],[10,-9],[-4,-11],[0,-15],[6,-7],[12,0],[10,9],[11,-6],[-3,-11],[13,3],[2,4],[-5,12],[18,7],[9,-1],[4,-14],[9,-2],[8,8],[11,-9],[9,3],[-1,8],[8,-1],[0,-16],[-3,-8],[16,0],[6,5],[11,-1],[5,-6],[0,-18],[-3,-6],[4,-9],[7,-2],[11,5],[18,22],[15,-4],[2,7],[-5,5],[9,11]],[[15097,2526],[0,-155],[0,-177],[1,-206]],[[15098,1988],[-9,-1],[-20,4],[-13,11],[-13,24],[-7,9],[-11,10],[-20,8],[-17,-1],[-9,-5],[4,-8],[15,-2],[9,-3],[21,-12],[4,-7],[0,-7],[-4,-8],[-15,-13],[-12,-7],[-41,-4],[-16,1],[-25,9],[-14,10],[-5,9],[-2,17],[5,10],[11,20],[6,21],[-3,4],[-10,-13],[-7,-4],[-20,1],[-12,-1],[-15,3],[-6,8],[0,8],[4,9],[21,26],[0,8],[-8,5],[-16,6],[-8,6],[-15,3],[-9,-2],[-10,5],[-18,3],[-25,2],[-16,8],[-11,14],[-4,15],[-3,3],[-32,5],[-27,-5],[-25,4],[-10,5],[-7,12],[-1,8],[-11,34],[-7,10],[-13,8],[-13,5],[-10,0],[-19,-6],[-6,-10],[-16,-15],[-10,-5],[-16,-2],[-18,6],[-19,12],[-12,13],[-4,12],[-7,6],[-15,3],[-14,0],[-11,-9],[-4,-8],[5,-15],[6,-7],[5,-10],[0,-9],[13,-16],[7,-17],[-2,-15],[-10,-5],[-12,0],[-20,12],[-6,9],[-2,9],[-14,8],[-38,3],[-13,-5],[-14,-3],[-11,-5],[-24,1],[-29,-5],[-11,-15],[1,-5],[12,-12],[4,-16],[1,-9],[-6,-7],[-13,-1],[-14,9],[-15,-4],[-6,-5],[-1,-26],[-3,-12],[-11,-5],[-20,0],[-24,14],[-6,7],[-2,13],[-10,5],[-6,0],[-32,-8],[-9,-7],[-7,-15],[-9,-12],[-13,-4],[-13,6],[-3,7],[4,7],[14,13],[3,10],[-10,4],[-13,1],[-9,-2],[-7,-7],[-4,-16],[-10,-13],[-18,-5],[-10,1],[-19,-8],[-24,-2],[-9,-11],[-11,-7],[-14,-3],[-12,8],[-7,14],[1,10],[11,19],[2,8],[-15,15],[-4,10],[-14,6],[-12,11],[-2,9],[-13,18],[0,5],[-9,11],[-18,11],[-9,0],[-17,-16],[-6,-15],[13,-31],[0,-8],[-2,-14],[-6,-6],[-20,-2],[-11,9],[-13,19],[-12,12],[5,12],[-7,6],[4,6],[5,20],[5,26],[-4,8],[-15,-1],[-18,4],[-16,1],[-21,-2],[-20,9],[-15,2],[-14,4],[-7,4],[-21,26],[-13,5],[-13,3],[-13,0],[-21,-6],[-17,-13],[-22,-12],[-9,-3],[-16,3],[-14,7],[-4,11],[2,20],[4,8],[8,11],[6,19],[-4,10],[-25,10],[-9,-4],[6,-13],[-1,-9],[-6,-6],[-19,0],[-8,-7]],[[15351,474],[-54,13],[-9,0],[-8,-5],[-21,-19],[-11,-4],[-17,-2],[-15,1],[-15,-4],[-13,-14],[-26,-20],[-29,-13],[-22,-7],[-46,-4],[-15,3],[-15,16],[-10,15],[-6,16],[-13,14],[-21,9],[-16,-4],[-17,-9],[-9,-11],[-14,-3],[-8,8],[-26,1],[-8,2],[-11,11],[-16,18],[-13,10],[-7,3],[-19,1],[-15,-4],[79,106],[67,90],[90,120],[131,176],[140,188]],[[15313,1172],[71,95],[96,128],[135,179],[41,54],[9,4],[18,36],[-13,11],[-6,20],[-1,13],[5,20],[1,24],[-7,20],[-5,3],[-28,0],[-5,-4],[1,-14],[-4,-11],[-8,-13],[-13,-7],[-13,-1],[-11,-11],[-10,-3],[-12,1],[-8,4],[-8,12],[-1,10],[6,17],[8,18],[-9,23],[-11,10],[-8,0],[-2,-8],[-8,-19],[-8,-5],[-11,-2],[-25,9],[-9,16],[-5,17],[2,13],[-2,25],[-3,10],[-7,8],[-6,18],[-10,7],[-15,2],[-26,-7],[-24,-16],[-11,-5],[-30,-4],[-20,6],[-20,11],[-6,9],[0,10],[3,6],[15,9],[13,4],[27,0],[19,7],[8,8],[0,16],[-7,2],[-15,-7],[-18,3],[-6,7],[-10,5],[-23,4],[-12,-1],[-9,-3],[-15,-9],[-17,-18],[-14,-9],[-14,-3],[-9,1],[-18,6],[-10,8],[-6,9],[-4,11],[-3,23],[-2,5],[-16,22],[-6,0],[-7,-9],[-11,-9],[-12,-5]],[[16389,2527],[-26,-119],[-21,-101],[-38,-178],[-30,-142],[-28,-134],[-37,-170],[-29,-141],[-4,-17],[-28,-133]],[[19011,9058],[2,-6],[9,-6],[5,-11],[9,-8],[6,-19],[3,-7],[-1,-11],[15,-4],[3,-10],[8,-6],[-8,-9],[-7,-16],[-10,-4],[6,-7],[3,-9],[-1,-8],[-6,-3],[-4,-12],[-9,-1],[-6,2],[-7,-2],[-5,-17],[-16,-5],[-17,-14],[0,-4],[-9,-9],[-16,-7],[-6,0],[-11,-16],[-13,-2],[-10,-9],[-5,1],[-3,-8],[-20,-9],[-13,0],[-7,-10],[-10,-8],[-14,2],[-9,-7],[1,-8],[-8,-3],[-7,-9],[-12,1],[-8,-5],[1,-7],[-19,-2],[-6,3],[-5,-7],[-10,-3],[-4,-6],[4,-6],[-12,-20],[-4,3],[-11,-4],[-12,-11],[-2,-10],[-16,-6],[-20,-13],[-15,-15],[-15,-6],[-8,-16],[-7,-4],[3,-11],[-5,-7],[-2,-11],[2,-12],[11,-11],[-1,-6],[6,-18],[-1,-17],[3,-7],[7,-30],[14,-13],[9,-1],[11,-6],[20,-4],[13,-4],[5,-7],[0,-8],[-4,-8],[-7,-7],[1,-20],[-2,-7],[8,-11],[3,-19],[3,-7],[9,-2]],[[18748,8371],[-12,-11],[-9,-14],[-8,-8],[-23,2],[-7,6],[2,5],[-11,2],[-10,9],[-11,3],[-16,-1],[-6,-6],[-7,4],[-10,0],[-25,-10],[-17,-10],[-4,-6],[-8,-4],[-10,-10],[-5,-1],[-12,3],[-7,-3],[-13,4],[-25,-9],[-11,0],[-17,-20],[-8,-3],[-5,-9],[-7,-5],[-2,-8],[-8,-3],[-24,0],[-12,5],[-12,11],[-8,11],[-9,4],[-26,2],[-7,3],[-22,1],[-13,-6],[-10,5],[-16,-3],[-15,3],[-7,-2],[-9,3],[-15,-2],[-12,-6],[11,-14],[6,-5],[-6,-16],[6,-21],[0,-10],[-9,-13],[-13,-14],[0,-11],[3,-5],[-27,0],[-24,3],[-82,18],[-76,15],[-7,4],[-4,6],[-13,3],[-6,5],[-14,-7],[-13,-4],[-3,-8],[-7,-8],[-2,-8],[-10,0],[-18,-14],[-25,-8],[-5,-4],[-6,3],[-12,-5],[-7,-7],[-13,0],[-24,-16],[0,-5],[-10,0],[-7,-8],[-6,1],[-4,-6],[8,-11],[-16,-11],[-5,1],[-13,-6],[-3,-7],[-7,-7],[-15,-7],[-5,3],[-5,-6],[-8,-1],[-18,-10],[-22,-5],[-6,2],[-11,-2],[1,-9],[-5,-10],[-14,-5],[-17,-12],[-29,-2],[0,-6],[-13,-3],[-6,3],[-16,-1],[-10,-3],[-7,0],[0,-10],[-16,-16],[-13,-7],[-7,-1],[-8,-14],[-14,0],[-3,-5],[-17,4],[-6,-9],[-10,-1],[-11,-7],[-14,-2],[-5,-5],[-3,-11],[-6,-2],[-2,-7],[-14,-11],[-12,-1],[-14,-10],[-4,2],[-15,-8],[-7,4],[-8,-8],[-6,-2],[-1,-8],[-17,-8],[-7,-7],[-10,4],[-18,-11],[-15,-8],[-8,1],[-5,-8],[-7,-3],[-10,1],[-12,-2],[-11,-14],[-10,-4],[-14,-18],[-19,-9],[-7,-1],[-14,-6],[-25,-4],[-10,-6],[-19,4],[-14,-5],[-10,-13],[-13,-13],[-2,-4],[-10,-10],[-14,6],[-10,-4],[-11,3],[-14,-1],[-7,4],[-15,1],[-6,-3],[-12,4],[-5,-7],[-13,-6],[-6,-12],[2,-4],[-3,-13],[1,-7],[-9,-9],[-2,-8],[-6,-3],[10,-17],[0,-10],[-4,-5],[-8,0],[-11,-4],[-8,-9],[-4,-9],[-11,-1],[0,-7],[7,-6],[-1,-15],[-6,-19],[-8,-11],[-9,-5],[13,-9],[2,-7],[-8,-4],[6,-18],[4,-4],[-6,-16],[-5,-2],[-5,-17],[5,-9]],[[16870,7481],[-14,-4],[-1,5]],[[16855,7482],[-76,156],[-62,127],[-87,179],[-8,13],[3,4],[5,22],[-7,11],[-14,10],[-7,2],[-2,5],[-18,10],[-7,12],[-13,3],[-5,3],[-4,11],[-7,4]],[[16546,8054],[8,8],[8,3],[-2,9],[7,5],[0,5],[6,9],[-5,8],[-21,8],[1,14],[13,13],[1,16],[5,11],[0,6],[8,10],[-1,7],[12,15],[-6,12],[-15,16],[-2,5],[12,1],[-2,8],[11,4],[5,-4],[8,-1],[15,-10],[9,-3],[2,-8],[16,-3],[5,5],[0,18],[8,5],[0,9],[9,12],[11,3],[2,9],[17,10],[15,6],[26,16],[10,14],[-2,8],[7,14],[25,7],[16,-8],[17,0],[14,-2],[18,6],[4,7],[40,24],[14,4],[10,10],[11,16],[0,6],[7,5],[16,20],[26,1],[3,3],[21,-6],[16,-8],[5,-6],[8,-1],[6,-7],[19,-3],[9,1],[7,5],[17,3],[3,11],[18,0],[9,-3],[11,2],[8,-1],[11,4],[9,11],[23,19],[10,17],[11,5],[8,-1],[1,9],[10,1],[3,5],[7,2],[16,12],[10,2],[22,8],[13,-13],[10,4],[3,5],[8,2],[1,9],[9,-2],[8,8],[3,15],[9,5],[1,8],[13,4],[6,7],[8,-3],[7,7],[-1,8],[16,2],[11,-1],[17,5],[5,8],[6,-1],[10,7],[12,3],[5,-4],[9,1],[23,10],[12,0],[12,6],[6,-1],[9,4],[7,-2],[4,6],[19,3],[8,4],[14,1],[4,3],[6,13],[13,5],[6,-6],[8,9],[-4,4],[13,5],[14,-3],[15,0],[8,1],[11,11],[10,2],[3,13],[12,0],[10,7],[9,-2],[7,5],[11,2],[4,-5],[12,4],[9,-1],[6,8],[7,-7],[6,3],[-4,14],[8,6],[6,1],[-1,9],[6,9],[-5,8],[7,5],[15,18],[-8,4],[-9,18],[-30,13],[-20,0],[-12,5],[-11,2],[-26,-9],[-8,4],[-10,-7],[-22,-1],[-24,-4],[-13,8],[-8,3],[-9,-5],[-9,3],[-28,-1],[-5,-3],[-20,4],[-3,4],[-15,8],[-13,2],[-3,7],[-17,13],[-11,14],[-12,18],[-12,11],[-31,12],[-18,4],[-7,0],[-17,8],[-8,6],[-18,-11],[-19,-4],[-8,8],[0,14],[4,9],[-2,15],[6,10]],[[17325,8965],[8,0],[3,4],[0,11],[-9,8],[-3,11],[-18,20],[-2,6],[1,16],[7,5],[13,2],[16,-9],[11,-14],[7,-5],[16,1],[25,9],[10,8],[7,13],[0,19],[2,7],[10,12],[9,4],[15,-3],[14,-9],[11,-4],[19,-2],[18,1],[18,8],[17,0],[11,-5],[12,-11],[10,3],[1,8],[-7,9],[-9,5],[-23,6],[-6,6],[-4,11],[7,8],[17,-1],[12,-7],[9,-11],[4,-12],[12,-11],[13,-1],[12,5],[8,6],[13,1],[17,-8],[5,2],[7,13],[11,-1],[7,-5],[16,-22],[6,-1],[4,8],[-10,15],[-20,15],[-5,15],[4,7],[11,3],[16,-8],[12,-12],[19,-19],[11,-7],[16,1],[7,13],[-3,7],[-6,4],[-9,12],[3,13],[9,10],[14,6],[17,13],[10,3],[14,-1],[8,-5],[7,-8],[9,-3],[7,5],[3,15],[-4,7],[-9,9],[0,11],[4,7],[18,0],[10,-10],[10,-18],[6,-7],[13,-7],[15,6],[4,9],[-2,11],[-7,9],[-31,16],[-13,4],[-10,14],[1,8],[5,6],[17,7],[12,0],[10,-2],[15,-9],[11,-4],[19,2],[8,7],[24,3],[6,13],[-7,8],[-10,6],[1,14],[8,9],[3,12],[-4,11],[12,7],[15,-5],[20,-14],[18,0],[25,2],[26,-4],[26,0],[15,-3],[26,-16],[8,-3],[8,6],[1,22],[-10,11],[3,8],[7,-1],[17,-11],[8,-1],[19,1],[27,13],[17,3],[10,-2],[8,-9],[2,-11],[-5,-13],[-15,-14],[-3,-5],[11,-13],[10,-3],[15,6],[6,5],[4,9],[1,11],[4,9],[9,5],[18,1],[8,-8],[0,-11],[-4,-7],[-10,-10],[-1,-8],[6,-7],[8,4],[13,22],[11,22],[6,23],[11,15],[11,0],[5,-3],[3,-8],[-4,-14],[0,-6],[5,-7],[12,-4],[19,3],[4,4],[11,0],[6,-3],[8,-8],[11,-5],[19,-4],[22,3],[10,-2],[9,-8],[7,-13],[4,-11],[3,-28],[3,-2],[16,2],[35,7],[15,10],[12,10],[25,25],[23,19],[6,7],[26,15],[9,7],[32,15],[23,13],[44,15],[16,10]],[[18843,9390],[6,-7],[5,-15],[2,-17],[1,-39],[4,-16],[5,-12],[-2,-18],[3,-7],[7,-7],[2,-9],[9,-4],[18,-17],[6,-17],[11,-15],[7,-19],[1,-20],[-2,-9],[1,-13],[13,-25],[2,-9],[15,-9],[7,-13],[7,-12],[8,-4],[16,-1],[16,2]],[[16546,8054],[-8,8],[-47,17],[-11,1],[-16,-5],[-6,-7],[-23,6],[-17,-3],[-7,2],[-16,-21],[-8,-5],[-7,0],[-8,4],[-16,-2],[-9,-5],[-6,1],[-8,-7],[-11,-1],[-12,7],[-30,-2],[-6,5],[-14,-1],[-13,4],[-10,-1],[-11,7],[-11,-2],[-12,-7],[-20,3],[-15,-4],[-7,1],[-12,-1],[-11,-14],[-13,2],[-15,-8],[-30,-43],[-10,-8],[1,-17],[7,-4],[11,-2],[11,-12],[-3,-12],[6,-8],[5,0],[-4,-13],[12,-9],[-4,-7],[-7,1],[-10,-7],[-21,1],[-6,-4],[-11,-3],[-8,3],[-15,-2],[-9,4],[-33,-5],[-18,-5],[-13,-6],[-7,4],[-14,-10],[-11,0],[-7,3],[-7,-2],[-6,5],[-17,-9],[-19,-1],[-8,2],[-11,-1],[-3,3],[-15,1],[-14,8],[-10,-1],[-13,-13],[-10,1],[-23,-4],[0,-180],[-9,-2],[-12,2],[-7,5],[-26,3],[-3,-5],[-13,-4],[-12,1],[-9,-6],[-12,4],[-4,-6],[-11,1],[-13,-9],[-14,0],[-10,5],[-14,-1],[-25,14],[-2,6],[-9,14],[-8,9],[-10,4],[-11,2],[-12,6],[-16,1],[-16,8],[-17,6],[-10,7],[-15,5],[-6,0],[-20,-8],[-9,-11],[-16,-8],[-13,2],[-12,-7],[-26,-1],[-8,8],[-15,5],[-11,7],[-14,3],[-7,8],[-15,9],[-10,0],[-13,5],[-7,5],[-1,9],[-8,8],[-15,7],[-4,9],[0,11],[-17,13],[-9,13],[-1,-188],[-8,-13],[-1,-13],[6,-7],[4,-10],[-11,-4],[-7,6],[-8,-1],[-11,8],[-17,-4],[-8,-4],[-35,4],[-6,5],[0,15],[-9,9],[-22,9],[-18,11],[-17,0],[-21,3],[-9,8],[-13,4],[-15,-3],[-6,13],[2,5],[-7,6],[23,-92],[-7,-16],[-8,-1],[0,-15],[-8,-7],[3,-13],[-12,-7],[-7,-15],[0,-9],[3,-7],[-2,-10],[-4,-5],[-10,-5],[-4,-5],[-9,-8],[1,-11]],[[14911,7464],[-9,5],[-18,32],[-7,5],[0,5],[-7,5],[-3,12],[-9,7],[-7,11],[-3,9],[7,6],[-4,8],[-14,4],[-8,9],[-7,3],[3,7],[-11,12],[-11,3],[-9,7],[-3,-3],[-14,13],[1,2],[-13,10],[-3,13],[4,3],[-6,18],[-9,8],[-16,3],[-18,-5],[-17,-17],[-10,6],[-13,1],[-1,3],[-26,4],[-1,10],[-11,17],[-7,4],[-6,10],[-7,2],[-7,-5],[-17,0],[-7,-6],[-7,1],[-9,-4],[-16,5],[-3,5],[-15,-8],[-5,0],[-9,10],[-8,5],[-5,17],[-6,8],[-6,13],[169,59],[115,40],[149,52],[160,55]],[[15091,7963],[5,1],[1,8],[-3,14],[7,6],[9,-3],[20,4],[6,3],[26,3],[58,13],[42,21],[20,3],[10,9],[3,10],[0,11],[-5,18],[-4,11],[0,7],[7,7],[10,0],[11,-3],[15,-1],[21,10],[13,10],[25,4],[2,3],[1,20],[-3,29],[-7,24],[-7,12],[-15,16],[-2,9],[11,2],[14,-4],[17,-1],[15,3],[7,5],[-4,13],[-19,19],[-17,6],[-22,0],[-13,-2],[-8,2],[-6,7],[0,6],[11,8],[26,0],[16,3],[5,8],[-3,11],[-9,10],[-1,6],[6,6],[16,9],[8,2],[8,6],[5,13],[7,9],[1,8],[4,7],[9,6],[9,1],[12,-6],[9,-10],[7,0],[9,5],[0,14],[-7,6],[-12,7],[3,10],[11,2],[8,-5],[6,-9],[2,-15],[5,-8],[12,-3],[17,4],[11,7],[8,9],[-3,11],[-23,20],[0,16],[3,4],[11,2],[14,-8],[5,-10],[-1,-14],[2,-12],[6,-8],[8,-1],[16,10],[4,5],[0,22],[-4,9],[-2,16],[-6,6],[-11,4],[-12,1],[-6,7],[-2,11],[2,13],[14,11],[9,3],[11,-1],[17,-15],[6,0],[8,5],[1,10],[-6,8],[-15,5],[-25,19],[-14,4],[-14,12],[-11,11],[2,10],[34,8],[10,1],[11,12],[1,12],[-2,15],[5,6],[10,2],[8,-6],[-2,-7],[3,-6],[16,-2],[13,2],[24,2],[20,8],[11,6],[9,12],[13,8],[10,0],[14,-11],[2,-6],[-4,-22],[3,-6],[12,-6],[9,0],[18,9],[22,9],[28,4],[7,3],[6,9],[-1,13],[-9,12],[-11,6],[-9,8],[-3,11],[4,11],[7,3],[13,0],[35,-11],[6,-3],[10,-12],[4,-12],[8,-2],[17,2],[16,9],[5,12],[-2,20],[14,15],[-2,8],[-10,7],[-7,12],[-27,21],[-4,10],[2,7],[10,8],[13,0],[10,-4],[8,-13],[11,-24],[9,-13],[6,-5],[34,-12],[7,0],[4,8],[-3,6],[-23,22],[-16,26],[-1,14],[3,6],[13,8],[18,-1],[9,-10],[1,-9],[-4,-19],[1,-7],[13,-10],[10,3],[14,12],[2,5],[-4,29],[7,10],[12,7],[24,-4],[14,-8],[17,-13],[15,0],[13,9],[-4,15],[-6,6],[-22,4],[-6,2],[-4,13],[7,5],[13,1],[16,-8],[12,-10],[10,-18],[0,-20],[6,-3],[8,5],[14,16],[4,6],[5,18],[15,7],[9,-1],[8,-5],[10,-10],[16,-3],[8,2],[5,9],[1,14],[11,5],[9,-2],[5,-6],[8,-21],[8,3],[3,11],[7,12],[5,12],[4,15],[-2,14],[-6,11],[0,15],[4,9],[10,9],[-3,10],[-9,2],[-14,-7],[-7,6],[8,6],[15,1],[25,-6],[19,-3],[18,-1],[30,5],[9,-1],[8,-6],[2,-9],[-5,-11],[9,-5],[8,3],[2,8],[-3,16],[13,25],[11,8],[11,6],[23,-2],[8,-7],[10,-15],[4,-15],[5,-8],[13,-8],[11,0],[9,6],[6,17],[5,4],[10,1],[8,-8],[1,-10],[10,-5],[5,1],[12,11],[19,11],[10,3],[9,7],[12,2],[7,9],[4,12],[9,4],[8,-2],[10,-7],[3,-11],[-2,-11],[-12,-17],[-5,-11],[-2,-15],[8,-9],[10,0],[14,9],[14,20],[4,18],[-4,12],[-18,12],[-3,7],[0,11],[10,4],[22,-3],[17,-6],[11,-14],[3,-11],[-3,-14],[4,-8],[8,-4],[9,1],[8,6],[6,15],[7,10],[9,-1],[8,-3],[2,-6],[-8,-21],[3,-6],[8,-2],[11,3],[9,7],[7,0],[8,-4],[1,-12],[-4,-7],[-8,-7],[-15,-9],[1,-9],[17,-2],[9,2],[21,10],[14,12],[9,14],[10,9],[9,3],[9,-2],[5,-8],[2,-17],[5,-11],[14,-8],[11,4],[6,18],[15,-2],[7,-13],[13,-4],[16,8],[6,10],[16,12],[21,20],[15,8],[12,4],[22,0],[23,-14],[12,-2],[11,5],[8,16],[-4,19],[-13,19],[5,11],[10,2],[11,-4],[5,-11],[-6,-20],[0,-20],[4,-7],[12,-6],[8,0],[16,5],[16,14],[17,7],[16,1],[16,-7],[9,-14],[5,-17],[4,-2]],[[19342,7637],[11,-17],[16,-10],[5,-9],[10,-6],[4,-6],[1,-11],[5,-7],[13,-5],[15,-10],[19,1],[8,-5],[5,-7],[18,-12],[19,-8],[12,-11],[5,-13],[16,-19],[17,-16],[3,-11],[-5,-4],[-12,-18],[-20,-13],[-5,-8],[-1,-11],[4,-5],[1,-9],[-2,-13],[-6,-6],[-1,-15],[25,-31],[1,-14],[8,-15],[3,-14],[10,-19],[14,-20],[13,-12],[6,-8],[10,-8],[10,0],[17,9],[16,3],[10,-4],[9,-16],[2,-10],[0,-19],[10,-22],[2,-26],[-13,-18],[-1,-5],[-10,-13],[-1,-16],[-6,-9],[-4,-20],[3,-5],[10,-1],[9,-10],[5,-8],[16,-9],[10,-12],[10,-1],[7,-6],[2,-7],[6,-8],[7,-17],[2,-14],[8,-17],[8,-21],[15,-16],[-3,-36],[0,-6],[6,-25],[4,-6],[12,-11],[9,-15],[4,-22],[11,-12],[15,-30],[4,-13],[5,-5]],[[19813,6713],[-1,-6],[2,-11],[-17,-5],[-15,4],[-9,-5],[-24,-7],[-7,1],[-16,-3],[-10,2],[-24,-11],[-18,-4],[-8,-14],[-14,-4],[-7,-5],[-12,-2],[-11,-7],[-6,-8],[-15,-8]],[[19601,6620],[4,28],[9,3],[-1,7],[3,7],[-6,13],[5,7],[-6,5],[0,17],[10,4],[2,4],[-5,7],[-10,4],[-5,11],[4,4],[-9,12],[-2,11],[13,0],[1,7],[-3,14],[-7,6],[4,9],[12,7],[8,9],[-11,7],[3,14],[-12,3],[-5,-2],[-14,-1],[-8,6],[3,6],[-3,5],[15,6],[-15,17],[-9,-2],[-5,8],[2,6],[-7,5],[-7,-3],[-9,8],[-14,1],[0,7],[-12,1],[-6,14],[1,10],[4,7],[-9,8],[-1,10],[-5,19],[-9,-7],[-18,-1],[-7,4],[-18,0],[-6,-2],[-16,12],[-2,-14],[-9,-6],[-14,-6],[-12,0],[-12,18],[0,6],[-6,7],[-4,12],[-8,3],[-3,9],[5,4],[-8,8],[1,7],[-7,11],[-18,11],[-2,14],[5,13],[-3,4],[7,8],[1,8],[-10,-2],[-7,5],[-6,14],[6,3],[-5,6],[12,18],[-1,12],[6,11],[-2,4],[-9,-2],[-7,8],[3,19],[11,14],[0,6],[9,3],[4,7],[12,10],[3,10],[-4,2],[-1,9],[-27,12],[-4,-5],[-10,0],[-1,9],[5,4],[-4,7],[-13,5],[6,5],[3,12],[-5,3],[0,6],[-11,5],[-6,0],[-18,14],[-23,-8],[-9,-6],[-1,-9],[-6,-3],[-2,-8],[10,-5],[1,-5],[-11,0],[-8,3],[-10,0],[-6,5],[-1,-15],[-5,-6],[2,-5],[-6,-11],[-17,3],[-20,-5],[-9,-9],[-8,6],[-13,-1],[-14,1],[-8,-2],[-6,-7],[-12,4],[-7,-10],[-9,2],[-12,-4],[-7,3],[-3,6],[-12,6],[-8,1],[-9,-9],[-1,-12],[-7,-10],[1,-8],[-2,-8],[9,-7],[-1,-10],[9,-4],[-6,-10],[-8,-4],[-2,-9],[-6,-9],[-5,-11],[-6,0],[-1,-14],[-3,-10],[-8,-5],[-8,4],[-7,-7],[-8,4],[-9,-11],[5,-11],[-12,-8],[-1,-8],[-7,-1],[-8,-5],[-1,-6],[-13,-7],[-7,9],[-7,3],[-11,9]],[[18884,7079],[14,8],[1,14],[-5,19],[11,14],[-4,6],[-1,18],[8,11],[-5,4],[9,10],[1,15],[9,16],[-1,6],[4,8],[9,7],[1,18],[-7,3],[4,13],[-2,6],[5,9],[18,10],[12,19],[1,12],[-5,6],[3,6],[-4,9],[-8,7],[-8,13],[-18,8],[-9,11],[-17,5],[-10,0],[-3,6],[-13,4],[-19,18],[6,6],[-3,8],[10,1],[8,6],[-1,8],[8,-2],[3,5],[-2,8],[4,8],[5,13],[-3,8],[1,14],[-4,15],[13,11],[6,8],[10,4],[-9,9],[-4,10],[2,12],[-3,14],[-3,6],[14,9],[8,3],[5,-6],[8,-3],[18,13],[2,-7],[10,6],[6,-1],[10,-11],[30,-13],[7,2],[17,-7],[16,-13],[7,0],[4,7],[10,6],[9,25],[8,-2],[12,3],[11,7],[20,-3],[6,-6],[13,-5],[16,-2],[13,4],[30,18],[18,1],[7,4],[12,1],[11,4],[7,-1],[3,5],[47,13],[14,0],[14,-4]],[[18748,8371],[9,2],[0,-8],[-5,-8],[2,-5],[22,7],[7,-3],[9,-14],[7,2],[5,-10],[15,5],[17,3],[8,11],[39,2],[9,-7],[9,9],[5,-5],[8,1],[7,9],[23,9],[7,-2],[9,5],[21,3],[10,-9],[14,8],[11,0],[4,14],[7,2],[2,-8],[8,-2],[2,6],[9,11],[4,-1],[14,9],[22,-8],[12,3]],[[19100,8402],[-39,-29],[-159,-121],[-90,-67],[-177,-135],[-2,-85],[11,-1],[4,3],[20,2],[7,13],[0,5],[8,15],[6,6],[16,5],[14,-4],[16,-2],[15,1],[18,5],[14,6],[18,1],[7,-8],[-5,-9],[4,-7],[14,-4],[53,-13],[18,-1],[18,-5],[12,1],[12,13],[26,5],[12,-4],[3,-7],[9,-5],[15,-14],[10,-11],[2,-6],[-3,-13],[2,-19],[26,-19],[3,-7],[-4,-18],[0,-9],[-5,-18],[1,-14],[7,-13],[12,-4],[8,9],[13,7],[18,6],[8,-1],[19,-7],[25,1],[5,-6],[12,-27],[5,-16],[7,-6],[11,2],[10,-2],[20,-17],[6,-8],[15,-9],[6,-6],[17,-7],[9,-2],[6,-4],[6,-10],[-1,-10],[5,-12],[17,-8],[12,-3],[5,-5],[8,0],[10,-6],[11,-13],[0,-14]],[[18884,7079],[-9,-7],[-9,-3],[-8,2],[-6,9],[-9,1],[-5,-3],[-7,11],[-5,-3],[0,-7],[-14,3],[0,16],[-14,4],[-3,6],[-7,0],[-4,-5],[-10,5],[-12,-1],[-10,2],[-3,-11],[0,-11],[4,-4],[-11,-5],[-1,-9],[-24,-8],[1,-6],[-11,-2],[2,-10],[-10,-4],[-1,-7],[-7,-5],[-7,-2],[0,-7],[-8,-18],[-6,-3],[-14,2],[-12,-9],[-18,-8],[1,-11],[-5,-1],[2,-14],[-11,4],[-8,-11],[-15,1],[-26,3],[-8,-6],[1,-12],[7,-2],[9,-18],[-6,-5],[-5,3],[-7,-5],[0,-6],[5,-7],[-1,-10],[6,-2],[1,-10],[-10,-2],[-1,-6],[17,-6],[9,-9],[-7,-3],[-11,7],[-17,7],[-17,4],[-9,8],[-10,0],[-6,6],[-16,-5],[-7,4],[-13,13],[-15,3],[-9,-6],[-6,-7],[-8,-4],[-6,-8],[-6,-13],[-9,-2],[-12,10],[5,9],[-5,8],[-10,8],[6,15],[-8,5],[0,9],[-8,1],[4,8],[-8,1],[-6,8],[-1,11],[-13,-2],[-11,4],[-7,5],[-10,-3],[-13,15],[-7,19],[-7,10],[-8,4],[-3,9],[-13,7],[2,9],[-13,12],[-7,3],[-29,-12],[-13,9],[2,10],[-10,-3],[-4,5],[1,7],[-5,5],[-1,12],[-5,27],[1,7],[-3,7],[-7,0],[-2,-8],[-1,-35],[-3,-3],[-2,-12],[-4,-5],[-10,-3],[4,-7],[-6,-11]],[[18159,7029],[-20,19],[-11,7],[-4,9],[-11,11],[-2,12],[-3,8],[0,18],[3,7],[15,13],[0,6],[5,6],[0,8],[5,4],[0,13],[13,17],[-5,14],[-7,4],[-3,12],[-5,10],[2,5],[-5,8],[-7,1],[-3,6],[-13,9],[-3,6],[-8,1],[-5,7],[-15,0],[-6,5],[-10,-4],[-22,-1],[6,-11],[-8,-7],[1,-8],[-12,-11],[3,-5],[-3,-21],[-11,-1],[6,-13],[-3,-6],[3,-9],[-9,-7],[-12,-1],[-11,-10],[-8,-1],[-4,6],[-12,-5],[-24,-3],[-6,9],[-10,-1],[2,7],[-13,1],[-1,5],[-14,2],[-5,-3],[2,-14],[-9,-6],[-9,1],[-4,5],[-16,-5],[-12,2],[-15,-6],[-9,3],[-13,0],[-26,-4],[-13,-7],[-11,2],[0,-7],[-17,7],[-10,-1],[-2,-5],[-14,6],[-5,-4],[-13,-2],[-12,2],[-5,7],[-16,1],[-8,4],[-13,-4],[-7,2],[-9,6],[-6,-1],[-10,5],[-16,-6],[-6,10],[-8,-7],[-18,11],[-2,-6],[-14,3],[-7,-4],[-12,7],[-10,20],[-8,4],[-11,11],[-7,-2],[-8,2],[-16,-6],[-16,0],[-5,-3],[-15,1],[-3,7],[-11,-7],[-11,-5],[-7,6],[-6,-9],[0,-5],[-9,-2],[-2,-10],[-17,-9],[-2,-10],[-16,5],[-26,35],[-10,20],[4,17],[7,10],[2,8],[-5,9],[6,6],[-2,12],[3,4],[10,21],[-4,19],[7,3],[-6,10],[4,11],[-4,7],[4,4],[0,8],[5,5],[20,-3],[7,5],[12,-1],[22,9],[11,12],[5,9],[12,8],[3,6],[1,11],[27,23],[2,14],[-7,8],[1,7],[-3,8],[6,17],[11,7],[2,10],[9,6],[-3,9],[11,2],[-3,12],[-12,2],[-1,-5],[-8,-7],[-15,-4],[-7,0],[-7,-6],[-7,0],[-17,23],[0,7],[-17,-5],[-5,-5],[-11,4],[-10,-6],[3,-5],[-8,-9],[-10,-5],[-12,11],[-7,0],[-14,7],[-9,0],[-2,-5],[-21,-3],[-10,6],[-4,4],[-11,-1],[7,-8],[-8,-9],[-10,1],[-7,-3],[-10,8],[-9,-6],[-5,2],[-2,10],[-24,-3],[-5,3],[-7,-12],[-9,-5],[-12,2],[-4,-13],[-19,-2],[-11,3],[-6,-2],[-2,-13],[-9,-1],[-10,8],[0,-15],[-5,-10],[2,-8],[-8,0],[-16,-3],[-8,4],[-5,-4],[5,-6],[-13,0],[-7,5],[-9,1],[2,-16],[-5,-9],[-6,-5],[-20,-1],[-3,3],[-17,4],[-14,0],[-3,7],[-14,4],[-12,-6],[-15,7],[-7,0],[-11,5],[-13,-5],[-3,7],[-7,-4],[-13,3],[-1,8],[-5,9]],[[19813,6713],[18,-5],[12,-13],[2,-4],[-3,-25],[7,-18],[-1,-23],[-5,-13],[1,-9],[5,-5],[14,-4],[8,-7],[12,-18],[4,-11],[9,-11],[4,-10],[3,-18],[11,-22],[3,-16],[-4,-23],[1,-16],[-2,-23],[4,-10],[10,-11],[23,-6],[13,-6],[25,-32],[6,-16],[2,-17],[3,-6],[1,-15],[-4,-9],[-5,-3],[-17,-2],[-9,-6],[-10,-16],[0,-10],[6,-21],[10,-9],[17,-14],[8,-19],[-9,2],[-176,-40],[-136,-31],[-5,6],[13,10],[-6,3],[-4,8],[7,3],[4,10],[-5,1],[-1,10],[-6,4],[-1,10],[2,5],[-13,9],[-2,7],[5,8],[-3,13],[-12,3],[-1,4],[-22,5],[4,9],[-3,7],[-15,7],[-1,5],[-8,6],[-2,15],[-15,4],[0,10],[5,3],[1,19],[10,-2],[8,1],[3,6],[18,-11],[15,-3],[11,3],[6,9],[9,-1],[5,4],[-5,6],[9,8],[12,4],[1,7],[-12,3],[7,5],[-3,13],[4,4],[-2,14],[-9,9],[0,4],[11,7],[-9,5],[1,13],[3,12],[8,6],[-3,19],[-15,4],[3,6],[-10,6],[5,5],[-12,15],[1,7],[-1,22],[7,12],[-5,3],[0,12],[-4,3],[-1,12],[-5,4],[3,9],[-3,4],[-12,3],[3,10],[-11,1],[-3,6],[-10,1],[-8,9],[-9,-5]],[[19011,9058],[36,5],[11,-2],[14,3],[17,18],[11,1],[20,-8],[20,-29],[2,-7],[-1,-14],[4,-13],[8,-13],[8,-6],[7,-12],[15,-3],[9,-7],[-1,-9],[-6,-11],[3,-7],[15,-7],[1,-7],[-8,-30],[-5,-2],[3,-9],[3,-21],[9,-4],[8,-8],[1,-14],[17,-17],[8,-10],[6,-24],[0,-13],[4,-19],[4,-11],[10,-9],[18,-2],[18,-5],[15,-9],[17,-4],[6,-4],[9,-15],[4,-13],[14,-21],[8,-15],[3,-18],[-4,-7],[-12,-6],[-4,-6],[1,-6],[-11,-16],[-1,-8],[-12,-11],[-12,-10],[-6,-8],[-17,-8],[-8,-2],[-9,-9],[1,-13],[-4,-19],[4,-18],[-72,0],[-110,-84]],[[18159,7029],[-6,-5],[-1,-7],[-10,-6],[-6,-12],[-15,-13],[-3,-7],[5,-4],[-6,-9],[1,-11],[-6,-7],[1,-6],[-3,-9],[-15,-12],[-16,-25],[5,-4],[-16,-8],[11,-6],[4,-5],[-3,-8],[11,0],[14,4],[14,1],[15,-4],[4,-8],[-7,-6],[-2,-9],[-7,-19],[4,-5],[2,-9],[12,10],[8,-8],[9,-3],[9,3],[5,8],[22,-1],[3,-6],[14,-7],[-6,-12],[-6,0],[0,-8],[-7,-14],[13,-8],[8,2],[7,12],[7,-4],[0,-8],[5,-6],[-137,0],[-247,0],[-193,0],[-117,0],[-180,-1],[-184,0],[-176,0],[-260,0],[-158,0],[-18,6],[-2,10],[-32,-3],[-8,7],[-13,-2],[-16,8],[-8,-1],[-3,5],[-10,-11],[-10,8],[-7,2],[-11,10],[-16,-3],[-8,9],[0,6],[-11,-4],[-7,1],[-2,-7],[-8,1],[5,9],[-5,6],[-15,-2],[-11,-6],[-7,2],[-5,-9],[-10,-7],[-11,-2],[-6,5],[-10,-8],[-18,-6],[-4,-7],[-14,-13],[-10,2],[-6,-10],[-11,0],[-10,7],[-3,-6],[-9,-7],[-15,13],[-4,-6],[-9,-2],[-2,7],[-12,3],[-3,-4],[-11,2],[-12,6],[-12,-3],[-9,3],[-8,-4],[-14,1],[-2,-7],[-10,4],[-9,-7],[5,-10],[-14,0],[-16,-4],[-6,-9],[-8,0],[1,-9],[-21,4],[-5,3],[-8,-2],[-5,-5],[-25,14],[-9,2],[-5,9],[-10,-4]],[[15971,6744],[-7,-6],[-9,1],[-11,12],[-4,-1]],[[15940,6750],[-8,11],[-12,-1],[-7,7],[-6,1],[-12,9],[-7,-1],[-17,6],[-12,1],[-12,-3],[-10,3],[-9,-3],[-17,1],[-13,-3],[-5,5],[-21,5],[-4,6],[-11,6],[-15,-2],[-8,1],[-5,6],[-28,6],[-10,4],[-11,12],[-11,16],[-13,-1],[-5,7],[-14,6],[-2,6],[-10,10],[-15,12],[-12,2],[-14,12],[-10,12],[-10,9],[-7,3],[-20,-1],[-9,2],[-6,17],[12,25],[11,14]],[[15545,6978],[18,8],[19,0],[24,-10],[12,6],[19,2],[8,-3],[11,5],[11,26],[2,15],[9,9],[3,14],[21,-3],[4,8],[20,8],[9,0],[11,6],[9,1],[19,7],[21,2],[28,3],[25,3],[12,-7],[15,-14],[13,-3],[10,3],[29,-5],[12,2],[9,-2],[36,-3],[11,-3],[10,-4],[5,-7],[18,0],[5,-3],[18,1],[20,-3],[19,3],[14,-3],[9,2],[11,9],[20,-1],[28,11],[7,-1],[11,2],[15,10],[9,14],[8,10],[-4,19],[4,14],[11,7],[4,9],[9,1],[11,8],[22,8],[7,5],[-1,6],[13,7],[4,18],[8,13],[9,-2],[11,11],[7,2],[2,10],[12,6],[7,6],[12,22],[10,3],[1,11],[6,1],[6,15],[1,14],[7,-4],[3,9],[10,0],[10,11],[-6,24],[10,9],[10,2],[1,13],[-1,6],[2,14],[9,7],[1,5],[-8,26],[2,7],[9,6],[10,3],[8,-8],[7,7],[10,2],[8,-1],[20,9],[6,7],[18,10],[3,-5],[10,2],[3,-11],[8,-9],[7,5],[15,-1],[-4,-8],[10,-10],[5,-13],[14,1],[0,-4],[15,1],[8,-2],[3,5],[9,1],[5,-3],[10,4],[9,1],[5,5],[20,4],[12,-3],[7,4],[0,6],[11,0],[10,10],[8,3],[8,5],[4,7],[8,3],[6,-6],[9,4],[16,1],[4,4],[15,-2],[3,3],[2,17],[8,3],[17,-8],[5,3],[7,-6]],[[15545,6978],[0,8],[-3,8],[9,11],[21,8],[7,16],[-5,5],[1,12],[6,0],[4,7],[8,7],[16,8],[5,6],[-5,4],[3,7],[-12,20],[4,17],[0,14],[4,5],[9,19]],[[15617,7160],[-5,5],[11,12],[-6,4],[-10,16],[21,6],[6,7],[18,8],[3,7],[10,2],[21,7],[8,12],[-3,7],[23,1],[7,-4],[3,6],[1,11],[-10,8],[23,2],[7,2],[2,8],[5,2],[10,16],[8,1],[-2,6],[2,11],[-9,4],[-27,7],[-4,6],[-1,13],[5,2],[-8,11],[3,7],[-4,6],[-6,-7],[-6,0],[-6,8],[-11,3],[-5,5],[13,10],[-3,5],[-12,-2],[-9,3],[-12,-4],[-2,-17],[-11,-12],[-8,-4],[-12,3],[-9,-4],[-5,7],[-19,-5],[-28,15],[-7,1],[-8,-5],[3,-9],[12,0],[5,-4],[-4,-10],[-10,-4],[-4,9],[-5,7],[-8,-5],[6,-21],[-13,1],[-8,-5],[-14,3],[-9,-9],[-14,-1],[-4,11],[-4,1],[-6,-9],[-6,0],[-12,14],[-5,1],[-4,-7],[-7,-1],[-16,4],[-4,5],[7,6],[13,3],[-2,8],[-11,3],[-9,-2],[-11,-10],[-1,-8],[-8,0],[-5,-9],[-9,-3],[-8,7],[-17,11],[-13,0],[-4,-6],[15,-7],[5,-11],[0,-7],[-14,-11],[-8,-8],[-8,0],[-2,6],[-11,10],[-13,4],[-8,8],[0,14],[-8,2],[-13,-12],[-7,-3],[-15,5],[-2,6],[-11,1],[-15,12],[-2,12],[-12,-1],[-3,-11],[-12,-1],[-5,5],[2,9],[-12,1],[-15,-10],[-27,-2],[-9,-10],[12,-3],[-14,-14],[-6,11],[-6,0],[-12,-10],[-17,-1],[-23,12],[1,16],[13,-1],[7,-7],[12,1],[-3,6],[-13,2],[-15,13],[5,11],[-7,4],[-7,-4],[2,-6],[-4,-6],[-14,-1],[-17,12]],[[15034,7386],[-6,7],[-19,8],[-11,-2],[-5,3],[-10,-6],[-9,5],[-21,4],[-16,11],[-19,8],[-3,6],[-1,17],[-6,5],[-2,8],[5,4]],[[14317,8070],[5,-1],[11,-9],[0,-13],[2,-5],[12,-7],[20,-1],[12,-4],[10,1],[9,10],[8,0],[7,-4],[8,-13],[13,-13],[9,-2],[14,5],[10,9],[9,2],[11,-4],[4,-6],[0,-18],[-5,-6],[-12,-9],[-2,-5],[13,-13],[6,-3],[15,2],[11,17],[4,14],[0,7],[-6,6],[-11,6],[-5,9],[1,15],[6,6],[7,-1],[23,-7],[6,-5],[13,-40],[6,-10],[10,-10],[11,-2],[11,4],[1,15],[-7,13],[-8,10],[-2,7],[2,10],[9,3],[20,-11],[7,-9],[0,-12],[-9,-7],[-11,-17],[2,-8],[-8,-6],[2,-7],[9,-4],[6,1],[18,21],[3,6],[15,4],[17,10],[17,0],[9,-6],[9,-12],[3,-15],[-6,-9],[-16,-4],[-6,-5],[5,-9],[16,1],[28,8],[22,0],[11,3],[11,6],[25,22],[10,-4],[4,-12],[-1,-16],[-4,-12],[0,-7],[6,-10],[7,-4],[11,2],[15,16],[8,12],[2,11],[5,6],[10,2],[18,-1],[10,12],[13,10],[4,7],[0,14],[-4,9],[-24,16],[-6,8],[0,7],[6,5],[21,-3],[9,-4],[5,-6],[4,-20],[-2,-14],[1,-9],[8,-11],[10,-8],[14,7],[4,4],[8,27],[3,13],[7,4],[11,0],[7,-5],[11,-3],[22,-18],[18,-6],[13,-7],[26,-18],[14,-2]],[[15034,7386],[4,-14],[-2,-10],[-10,-17],[-7,1],[-3,9],[-20,-1],[-10,14],[0,9],[-6,5],[-19,-4],[-5,-4],[0,-9],[7,-8],[1,-6],[-7,-5],[-17,-3],[-19,-8],[-9,-6],[-20,-2],[-8,0],[-16,10],[5,4],[6,-8],[12,0],[9,8],[-10,3],[-2,8],[-14,2],[-7,7],[-7,0],[-5,-9],[-7,-3],[-7,6],[-14,-6],[0,-8],[9,-2],[-1,-5],[-10,2],[-10,-7],[-4,-7],[-2,-9],[-10,3],[4,7],[-3,7],[-17,3],[2,-8],[9,-5],[-2,-12],[-14,-11],[-5,-6],[-7,2],[-5,8],[-23,1],[-12,-14],[-12,-4],[-7,12],[-5,2],[-14,-1],[-7,3],[-5,-6],[6,-12],[-12,-1],[-17,-3],[-4,12],[11,9],[1,8],[-15,-1],[-25,-10],[1,-11],[5,-8],[0,-9],[-18,1],[-17,-8],[1,-16],[-6,-5],[-14,6],[-3,6],[5,9],[-13,21],[-6,-5],[4,-6],[-3,-8],[-10,6],[0,7],[4,6],[-2,6],[-12,-1],[-12,-7],[-11,1],[-9,9],[-3,14],[-9,9],[-27,0],[-17,-3],[-8,-4],[-25,4],[-15,5],[3,7],[9,2],[4,11],[-4,3],[-13,-1],[-4,-7],[-22,-12],[-11,-4],[15,-20],[18,-11],[9,-3],[-12,-18],[-12,1],[1,10],[-13,5],[-3,10],[-7,2],[-16,-8],[-10,-1],[-4,-9],[7,-8],[-2,-4],[-17,-7],[-8,5],[6,17],[-4,15],[0,20],[-5,-2],[-2,-10],[-9,5],[-4,6],[1,7],[-12,1],[-10,3],[-1,-9],[-5,-4],[-15,-2],[-13,2],[-9,8],[-11,6],[-8,9],[-14,1],[-3,-8],[8,-3],[-4,-17],[11,-8],[1,-11],[-10,-8],[-2,-8],[-13,0],[-22,3],[-2,13],[5,0],[10,-10],[14,6],[-2,7],[-12,1],[-21,13],[-12,4],[-12,8],[-5,-4],[8,-5],[1,-7],[-10,-5],[-5,-13],[-6,2],[-6,8],[5,11],[-12,4],[-8,15],[-10,6],[13,13],[15,6],[-14,16],[-8,7],[-10,12],[-8,7],[11,6],[3,7],[19,19],[0,9],[7,17],[-13,12],[-9,4],[-25,-9],[-13,-2],[-10,-7],[4,-7],[-10,-6],[-31,2],[3,-7],[-14,-1],[-1,-5],[-16,-14],[-3,-6],[0,-17],[-10,-6],[1,14],[-8,13],[-7,-11],[-9,8],[-6,-2],[-4,-8],[-7,-6],[-31,-5],[1,-10],[3,-6],[-14,-11],[-11,-2],[-1,-6],[9,-10],[-4,-5],[-15,-5],[-7,8],[-24,-5],[-5,-8],[-9,-3],[-13,3],[-17,0],[-36,5],[-11,3],[-19,-1],[-5,7],[-10,-1],[-3,-7],[-11,-1],[-2,-6],[9,-13],[2,-9],[-4,-8],[16,-9],[-4,-19],[4,-15],[-9,-12],[-8,3],[-5,10],[-6,5],[-12,3],[-9,-12],[10,-9],[22,-6],[1,-4],[-5,-17],[-9,-2],[-22,12],[-11,-1],[-3,14],[-10,-2],[-8,7],[-10,-3],[-11,9],[-8,3],[4,7],[-2,12],[4,11],[-1,20],[-11,-8],[-11,-11],[-10,2],[-9,6],[-6,18],[-15,4],[2,5],[-4,9],[0,23],[-18,4],[-17,-1],[-16,2],[-23,-3],[-7,-7],[-7,3],[-22,26],[-14,3],[-11,8],[-14,3],[-13,1],[-4,20],[-4,9],[-2,13],[-11,0],[-7,-9],[13,-20],[-6,-9],[-8,-2],[-16,-10],[-8,-11],[-7,1],[-10,6],[-5,9],[-13,12],[-7,-7],[11,-2],[5,-7],[15,-25],[-10,-18],[-17,5],[-12,9],[-10,0],[-7,-10],[-11,-3],[8,-9],[9,-1],[6,-10],[-2,-12],[-19,14],[-5,6],[-6,-1],[-1,-10],[-19,-2],[-7,-6],[-7,0],[-13,5],[-15,8],[-14,1],[-20,19],[-10,15],[-13,8],[-10,21],[-19,11],[-15,2],[-16,0],[-3,5],[-4,17],[-8,2],[-8,-4],[-8,0],[-19,-4],[6,-7],[9,-3],[-13,-6],[-10,8],[-5,13],[-1,8],[-13,13],[3,5],[-6,5],[0,7],[-10,-1],[-11,7],[-6,-6],[-7,11],[-8,1],[-12,-4],[-7,1],[-11,-2],[-8,-3],[-18,3],[-17,-2],[-18,10],[-2,4],[-19,5],[-3,-4],[-15,-1],[0,14],[-12,4],[-19,0],[-7,2],[-171,3],[-151,2],[-9,7],[-2,8],[-9,7],[-15,-2],[-12,5],[-14,1],[-12,8],[-4,7],[-13,3],[-8,-7],[-14,6],[-7,5],[-8,-14],[-7,8],[-13,2],[-34,7],[-7,0],[-25,8],[-22,0],[-25,-3],[-17,4],[-26,0],[-23,-2],[-15,1],[-12,6],[-20,1],[-10,-8],[-2,-6],[-1,-13],[-18,-21],[1,-6],[-4,-13],[-9,-13],[-3,-37],[-7,-9],[-11,-6],[0,-22],[-20,-29],[-6,-5],[-7,-1],[-9,9],[-14,7],[-40,8],[-13,1],[-14,-10],[-7,-15],[-6,-5],[-16,-1],[-7,1],[-20,-7],[-16,2],[-7,-4],[-1,-11],[-7,-5],[-12,-20],[-2,-12],[-4,-11],[-6,-4],[-19,-7],[-10,-12],[0,-14],[5,-13]],[[11748,7246],[-22,-23],[-10,-14],[-10,-5],[-4,-8],[12,-18],[-2,-8],[-8,0],[-7,-6],[-21,-27],[-18,-12],[-12,-4],[-13,-8],[-11,-3],[-37,-16],[-6,2],[-8,8],[-1,5],[-11,8],[-25,-1],[-8,6],[-1,8],[8,18],[-8,6],[-10,2],[-15,-5],[-8,-19],[-6,-8],[-7,-2],[-17,1],[-15,-4],[-8,4],[-17,2],[-15,-4],[-14,-12],[-12,1],[-10,-5],[-14,-2],[-8,-8],[-8,5],[-10,-2],[-2,7],[-13,4],[4,22],[-17,6],[-36,4],[-47,0],[-13,2],[-6,-1],[-8,3],[-14,1],[-26,-5],[-9,8],[-14,-4],[2,-11],[-7,-2],[-13,-9],[-11,0],[-7,-5],[-14,2],[-16,-6],[-7,-9],[5,-13],[0,-6],[-13,-1],[-18,13],[1,17],[-7,2],[-25,0],[-17,3],[-5,10],[3,9],[-7,4],[-28,0],[-11,-4],[-9,0],[-27,9],[-20,1],[-17,-3],[-10,-5]],[[11748,7246],[6,11],[7,5],[27,5],[15,1],[20,-2],[19,4],[24,-3],[8,-7],[15,7],[4,7],[6,-2],[4,7],[15,7],[15,0],[13,-7],[10,-1],[19,-12],[8,7],[14,-2],[0,-8],[3,-12],[24,-17],[-5,-13],[10,-8],[9,-11],[9,-2],[4,-12],[-2,-16],[15,-11],[2,-11],[18,-18],[16,-5],[4,-8],[-4,-18],[8,-11],[16,5],[1,11],[-2,13],[3,3],[-3,10],[-11,9],[5,24],[6,8],[27,24],[14,-1],[1,8],[6,10],[11,-1],[4,-9],[24,-8],[11,0],[10,2],[17,11],[5,0],[10,-11],[6,-22],[-2,-13],[15,-13],[1,-5],[12,-6],[20,-2],[10,-11],[10,-6],[-2,-12],[8,-12],[-7,-5],[23,-1],[14,-4],[11,4],[8,-9],[12,-8],[9,-11],[8,-2],[10,-8],[0,-6],[35,-27],[0,-17],[12,-12],[1,-10],[20,-4],[8,-10],[-3,-8],[-15,-14],[-1,-15],[2,-6],[-2,-9],[6,-10]],[[12492,6904],[9,-8],[-2,-6],[13,-5],[4,-13],[7,-2],[16,0],[3,-5],[13,-9],[8,0],[11,-14],[5,-2],[3,-8],[7,-4],[-2,-5],[-9,-5],[-4,-8],[-12,1],[-5,-8],[-11,0],[-4,-4],[-3,-15],[-8,-9],[13,-8],[-9,-11],[3,-9],[7,-1],[0,-15],[4,-4],[-3,-10],[6,-5],[-6,-10],[-10,-8],[-4,-13],[8,-12],[-13,-8],[13,-10],[-7,-14],[7,-6],[9,4],[6,-4],[13,4],[3,-6],[10,-6],[2,-16],[6,-3],[9,3],[3,-4],[15,0],[11,5],[4,9],[10,-2],[9,-10],[13,2],[3,-9],[-9,-11],[6,-7],[-5,-11],[12,-1],[4,-16],[6,-3],[1,-12],[-7,-5],[-13,3],[-11,4],[-9,-4],[-5,-6],[-8,-3],[-8,-16],[-8,-1],[-5,7],[-10,-3],[-9,0],[-13,-13],[4,-7],[-9,-5],[-3,-18],[-18,-16],[7,-3],[-3,-6],[-14,-13],[-9,4],[-12,0],[-7,-3],[-6,3],[-40,-11],[-6,-8],[-11,6],[-6,1],[-10,10],[-12,1],[-5,3],[-12,-10],[-2,5],[-11,1],[-17,5],[-10,18],[-9,5],[-6,-3],[-5,7],[-7,-5],[-15,-1],[-3,8],[-10,0],[2,17],[-9,0],[-75,-129],[-116,-198],[-8,-13]],[[15617,7160],[-9,-1],[-19,-12],[-40,-9],[-4,-17],[-5,-4],[-6,5],[-7,-8],[1,-5],[-16,-13],[-7,2],[-31,-6],[-5,4],[0,7],[-13,5],[-9,-3],[-3,-8],[-9,-2],[-2,8],[-10,-3],[1,-9],[-10,-6],[-5,3],[1,7],[-11,-3],[-6,-7],[-8,1],[-25,-2],[-13,-3],[-10,2],[2,-9],[-8,2],[-3,-10],[-8,1],[-7,-3],[-9,2],[3,-9],[-19,0],[-4,-5],[-9,0],[0,13],[-9,7],[-10,2],[-5,-10],[8,-5],[-3,-6],[-16,0],[-2,10],[-10,5],[-21,-14],[-10,0],[-12,5],[-6,9],[-8,-5],[0,-8],[-14,-4],[-11,3],[-8,-8],[11,-11],[-12,-8],[-15,4],[-11,-5],[5,-8],[-5,-7],[-14,-1],[-8,2],[-2,-8],[-8,-3],[0,12],[-5,7],[-12,-3],[-8,2],[-10,-2],[-6,-9],[-7,0],[-6,-10],[-8,4],[-6,-1],[-7,-8],[-15,0],[-19,6],[-11,-3],[-4,-10],[-9,-5],[-5,5],[-8,4],[-5,-4],[4,-9],[-12,2],[-8,-2],[-3,-18],[-20,4],[-2,5],[-8,0],[-16,-8],[-9,4],[-8,-1],[-9,-10],[-4,9],[-16,2],[-3,10],[-5,0],[-13,-6],[-2,9],[-29,3],[2,-14],[-8,4],[-7,-3],[-9,0],[-6,4],[2,7],[-9,9],[-11,-6],[1,-6],[-5,-6],[-21,6],[1,-9],[-12,1],[-7,3],[-13,-4],[-8,3],[-3,6],[-10,1],[-7,-4],[-10,7],[-13,-10],[-12,-3],[-4,5],[0,7],[-11,4],[3,8],[-7,2],[-3,-10],[-16,-4],[0,-11],[-6,-11],[-12,-6],[7,-8],[-14,-7],[-6,4],[-10,-11],[-25,-16],[0,-4],[-28,-20],[-13,3],[-7,-3],[-2,-10],[-8,-3],[-2,-6],[-9,0],[-6,-10],[-5,8],[-8,-7],[-22,-6],[-15,1],[-6,7],[-6,-12],[-9,-5],[-8,3],[-9,-8],[-4,8],[-18,-8],[-21,-17],[-21,1],[-6,-4],[-11,3],[-3,-13],[-18,-7],[-3,-6],[-15,-1],[-8,-5],[-6,0],[-13,-7],[-32,-25],[0,-5],[-13,-15],[-9,-7],[-9,-4],[-12,-13],[-11,-4],[0,-5],[-10,-9],[-10,-2]],[[14080,6695],[-10,-1],[-8,10],[-23,6],[-11,6],[-7,11],[-11,3],[-13,15],[-9,-8],[-11,-3],[-20,13],[-8,12],[-12,1],[-18,9],[-11,-2],[-14,2]],[[13894,6769],[-48,16],[-50,17],[-56,17],[-31,8],[-47,11],[-23,4],[-31,5],[-17,4],[-19,1],[-9,-2],[-28,2],[-16,5],[-8,7],[-16,2],[-6,5],[-13,4],[-1,13],[-4,5],[1,7],[-6,8],[-6,1],[-12,-6],[-16,-13],[-10,3],[0,8],[-12,2],[-8,5],[-7,2],[-5,7],[-11,1],[-14,7],[-9,-2],[-16,2],[-1,-5],[-12,2],[-13,-2],[-8,3],[-15,9],[-9,-4],[-14,7],[-15,5],[-15,14],[0,7],[-9,10],[-2,11],[-10,8],[-5,11],[-11,4],[-5,16],[-8,3],[-24,0],[-8,2],[-10,9],[-4,-3],[-13,10],[3,5],[11,0],[-4,6],[-13,5],[-9,-4],[-12,2],[-11,5],[-21,-1],[-6,5],[-14,0],[-15,-2],[-9,-4],[-4,-6],[-21,-17],[-5,7],[-9,-6],[-9,5],[-13,-7],[-12,1],[-2,-5],[-86,-22],[-232,-65],[-139,-38],[-5,-2]],[[13894,6769],[-8,-2],[-7,-13],[2,-25],[7,-32],[10,-17],[-6,-13],[-6,-19],[8,-14],[-3,-10],[5,-3],[1,-8],[-30,-31],[-13,-3],[-6,-10],[-16,-15],[0,-23],[-6,-13],[2,-5],[-4,-11],[-7,-4],[3,-6],[-9,-7],[-2,-23],[-6,-1],[-26,-20],[-5,-12],[6,-6],[-3,-5],[4,-5],[-3,-11],[2,-6],[-7,-18],[-8,-9],[3,-12],[-10,-1],[0,-7],[-11,-3],[-4,-9],[2,-15],[-9,-10],[-3,-9],[-7,-2],[-5,-9],[2,-16],[-9,1],[-4,-8],[-1,-19],[-11,-4],[-9,4],[-8,-3],[7,-6],[1,-13],[-6,-8],[8,-2],[3,-6],[5,-17],[-7,-8],[-10,-4],[-2,-12],[2,-4],[17,-3],[6,4],[4,-8],[-2,-6],[7,-3],[-5,-14],[21,-8],[1,-8],[4,-4],[4,-25],[5,-4],[14,-2],[9,-16],[6,-9],[-7,-6],[-16,-4],[-9,2],[-22,10],[-16,12],[1,13],[6,12],[-1,16],[-8,3],[-25,-8],[-1,-13],[16,-22],[6,-5],[0,-9],[-14,-1],[-12,12],[-4,8],[-15,-8],[-2,-16],[-10,-7],[-1,-7],[5,-13],[7,-4],[-5,-9],[-6,2],[-3,-8],[-9,-12],[7,-15],[-11,1],[-10,-2],[-19,-7],[-8,-14],[-4,-1],[-9,-9],[-12,-24],[-12,-12],[-10,-4],[-13,-9],[-15,1],[-14,-4],[-6,4],[1,10],[-9,0],[-16,9],[-24,-7],[-15,1],[-18,-20],[-7,-6],[-10,0],[-5,-12],[1,-6],[-2,-7],[4,-10],[-3,-14],[-6,-14],[-17,-13],[-14,-2],[-8,-6]],[[13342,5807],[-89,-73],[-129,-106],[-91,-75]],[[15971,6744],[0,-154],[0,-181],[-1,-148],[0,-147],[0,-92],[10,4],[13,-3],[11,-12],[8,-3]],[[16012,6008],[-54,-40],[-10,0],[-22,-10],[-13,-15],[2,-9],[-11,-13],[-11,0],[-17,15],[-8,-1],[-4,-13],[-10,-11],[-9,-2],[-9,-5],[-6,-9],[-9,-7],[0,-19],[-2,-16],[1,-8],[-5,-12],[-13,7],[-8,-2],[-4,-5],[2,-9],[-5,-7],[0,-8],[7,-20],[-1,-3],[9,-9],[2,-9],[-11,-8],[-27,12],[-8,-2],[-13,10],[-9,1],[-19,-6],[-14,1],[-11,7],[-13,-4],[-19,-2],[-4,-6],[-8,-3],[-1,-11],[-3,-5],[-13,-5],[-10,-7],[-13,-2],[-10,5],[-11,13],[-7,22],[-8,9],[-9,-3],[61,-140],[63,-144],[25,-58]],[[15712,5442],[-10,-4],[-1,-147],[0,-197]],[[15701,5094],[-11,-2],[7,-9],[-8,-11],[-9,1],[-6,-4],[-10,-1],[-5,-3],[-16,-3],[-5,-8],[-8,-8],[-12,-5],[-9,-8],[-4,-12],[-6,-4],[-8,-10],[-21,-8],[-6,-6],[-10,-5],[-12,0],[-19,-13],[-5,-2],[-22,0],[-15,5],[-66,85],[-11,9],[-15,10],[-12,0],[-12,-5],[-6,-5],[-12,6],[-14,0],[-14,11],[-12,24],[-6,8],[-4,23],[-8,19],[-13,5],[-3,5],[3,9],[-3,11],[-153,1],[-123,1],[-8,10],[-7,2],[-2,5],[-11,0],[-9,8],[-9,0],[-7,7],[-7,1],[-1,7],[7,3],[1,14],[-10,5],[-1,7],[-9,17],[-1,13],[15,10],[-1,11],[12,14],[-2,16],[9,12],[0,9],[-13,21],[-19,4],[-8,20],[-1,15],[2,14],[-4,6],[2,10],[-12,4],[-5,5],[3,8],[-2,8],[-6,4],[-154,-147],[-88,-83],[-5,16],[-9,5],[-11,11],[9,26],[-9,6],[-11,3],[2,14],[-4,11],[-28,5],[15,8],[3,7],[-7,3],[-4,10],[5,16],[-2,9],[-7,8],[-6,-4],[-18,5],[-9,-3],[-12,-11],[-9,-4],[-4,-14],[0,-8],[-8,-13],[2,-13],[-1,-10],[-22,-18],[-14,-6],[-41,87],[-3,11],[8,9],[0,12],[6,11],[-9,4],[-19,-6],[-10,4],[4,11],[-9,-1],[-9,12],[-4,-6],[-22,-8],[-7,-5]],[[14372,5449],[-62,139],[-49,107],[134,104],[12,2],[3,3],[4,17],[0,7],[-5,8],[-3,11],[9,96],[14,165]],[[14429,6108],[121,127],[81,86],[128,124],[176,172],[134,131],[85,83],[20,-1],[17,-5],[5,-13],[43,-12],[2,-5],[16,0],[15,-6],[25,0],[12,4],[10,0],[7,-8],[15,3],[7,-3],[19,1],[8,4],[21,-5],[4,-4],[6,-15],[12,-9],[19,-6],[19,-1],[19,-5],[22,-8],[5,-4],[15,-3],[8,-8],[17,-12],[19,-10],[14,-3],[10,-7],[5,-8],[11,2],[20,-8],[3,3],[13,-6],[13,0],[5,-3],[8,6],[12,2],[6,-3],[14,4],[6,-2],[20,12],[22,-3],[6,3],[13,-2],[11,-7],[7,5],[15,0],[17,4],[12,-3],[10,3],[21,12],[15,6],[11,7],[11,2],[22,0],[0,4],[9,4],[2,7],[6,7],[1,8],[8,4]],[[14080,6695],[5,-8],[-3,-7],[6,-4],[-5,-14],[-8,-4],[-2,-25],[96,-139],[58,-83],[90,-129],[112,-174]],[[14372,5449],[-12,-2],[-6,-4],[-6,4],[-3,-8],[-10,-4],[-5,5],[-14,3],[-6,-6],[-10,4],[-20,1],[-14,-2],[-7,-7],[-15,5],[-7,7],[0,11],[-19,6],[-7,-9],[-13,4],[-8,5],[-9,15],[-10,-1],[-16,9],[-9,-5],[-9,3],[-11,0],[-27,4],[-9,9],[-37,-10],[-3,-6],[-14,-13],[-9,-2],[-35,-4],[-6,-3],[-11,0],[-14,8],[-8,8],[-4,13],[1,7],[-12,14],[-20,10],[-13,1],[-7,9],[-20,-9],[-17,9],[-6,-1],[-11,-8],[-4,1],[-16,-16],[-8,-4],[-18,2],[-8,-8],[-5,0],[-10,-18],[-192,147],[-138,105],[-103,79]],[[15701,5094],[-1,-208],[0,-211],[1,-7]],[[15701,4668],[-20,-7],[-10,-6],[-6,-7],[-17,-10],[-5,-6],[-10,-3],[-2,-15],[5,-11],[-11,-15],[-1,-10],[-5,-6],[-13,-7],[-11,1],[-7,-7],[-10,2],[-11,-11],[-6,-4],[-34,2],[-11,-15],[3,-7],[9,-6],[8,-2],[26,-1],[12,-7],[2,-10],[7,-7],[-2,-4],[10,-18],[-2,-6],[-12,-12],[-17,-9],[-14,-1],[-7,5],[-11,-3],[-8,-6],[-7,0],[-5,-9],[6,-8],[-19,1],[-14,-9],[-9,7],[5,16],[-3,6],[-13,3],[-18,-1],[-4,-5],[4,-6],[0,-7],[5,-5],[-7,-4],[7,-8],[-5,-7],[-18,0],[5,-7],[-7,-9],[-5,-2],[9,-14],[10,0],[10,3],[4,-5],[12,11],[3,11],[7,1],[6,-10],[8,-3],[14,3],[-5,-16],[-10,-6],[6,-8],[-24,1],[-8,-2],[0,-8],[-6,0],[-9,-6],[1,-10],[-11,0],[8,-14],[-22,-5]],[[15701,4668],[5,-10],[-6,-6],[-4,-17],[-6,-2],[-4,-8],[-10,-12],[8,-8],[4,-13],[4,-7],[10,-6],[16,-4],[13,-12],[13,-5],[14,-7],[10,-9],[6,-11],[-1,-5],[12,-5],[8,-9],[1,-5],[11,-13],[9,-5],[11,-4],[9,-17],[13,-1],[4,-14],[8,-6],[0,-7],[6,-1],[5,-9],[6,-1],[20,-13],[17,-4],[3,6],[25,-5],[15,0],[17,3],[7,-4],[13,-24],[-2,-12],[10,-1],[11,2],[11,-4],[7,-6],[13,-3],[-2,-6],[11,-6],[8,-2],[8,4],[10,-10],[17,-9],[12,-12],[0,-5],[8,-13],[16,-7],[9,-9],[10,0],[5,-5],[16,2],[1,-4],[12,-2],[6,-7],[14,-4],[9,2],[2,-5],[12,-2],[16,-13],[3,-10],[19,-3],[7,-5],[13,-1],[5,-12],[-8,-10],[3,-3],[-3,-14],[5,-5],[12,-5],[6,-11],[6,-2],[0,-9],[-5,-4],[2,-16],[-8,-11],[0,-8],[17,-6],[-3,-5],[7,-4],[6,-10],[11,0],[0,-16],[8,2],[6,-6],[-5,-7],[-5,1],[-5,-6],[-1,-11],[-10,-5],[2,-13],[-7,1],[4,-10],[-9,-2],[-5,-10],[-9,2],[-4,-7],[4,-10],[-12,-7],[7,-7],[-4,-5],[-9,0],[-1,-6],[-14,-3],[14,-29],[5,-4],[-2,-10],[11,-1],[1,-11],[7,-8],[6,3],[10,-1],[-5,-8],[7,-5],[1,-7],[11,-2],[1,-8],[13,3],[8,-14],[-4,-8],[-8,-6],[-8,-2],[0,-6],[13,-10],[6,3],[4,-7],[11,-2],[3,-10],[27,-8],[-6,-13],[11,-9],[-6,-12],[-9,-4],[9,-8],[-3,-12],[13,-6],[2,-8],[5,-1],[15,-8],[23,-9],[7,-9],[10,-2],[7,-10],[6,-1],[-5,-18],[10,-11],[8,2],[7,-7],[9,6],[8,-2],[5,-11],[5,4],[5,-9],[-10,2],[3,-11],[-4,-7],[-17,-1],[6,-14],[5,1],[19,-17],[-4,-8],[-1,-12],[-8,-3]],[[16012,6008],[15,0],[11,10],[6,16],[24,14],[27,12],[12,3],[13,-1],[17,-5],[19,12],[11,-2],[-7,-22],[0,-20],[2,-4],[13,-1],[10,-4],[17,-2],[8,12],[17,3],[14,7],[15,-5],[5,2],[8,8],[7,4],[18,0],[18,-8],[24,-18],[18,-3],[10,2],[20,-2],[26,0],[26,4],[19,5],[13,-5],[15,2],[9,-1],[13,-4],[14,1],[5,-2],[1,-9],[-2,-5],[4,-11],[11,-6],[13,-4],[12,8],[8,14],[8,4],[16,12],[4,14],[9,-7],[8,3],[13,-5],[15,6],[5,-4],[9,1],[18,7],[13,-11],[7,-4],[2,-7],[9,-7],[13,-2],[0,-7],[21,0],[17,0],[14,3],[7,-1],[0,-13],[6,-6],[10,-4],[7,-8],[20,-12],[6,-6],[4,-8],[9,-5],[-1,-6],[-25,-18],[-1,-6],[15,-6],[1,-7],[18,-4],[28,-11],[9,-10],[-5,-8],[-17,2],[-6,-2],[-7,-7],[0,-13],[7,-6],[6,-10],[24,-14],[9,-9],[12,-3],[11,4],[5,-8],[1,-8],[-5,-20],[-7,-6],[-16,4],[-12,-3],[-3,-4],[3,-12],[-3,-14],[7,-9],[10,-6],[2,-5],[0,-11],[8,-15],[-1,-15],[-18,-13],[-16,5],[-6,-7],[-13,-9],[0,-14],[9,-20],[6,-4],[7,3],[13,-2],[11,-6],[1,-4],[17,-17],[16,-27],[13,-12],[4,-13],[-4,-10],[-8,-2],[-14,14],[-17,-2],[-11,3],[-3,7],[-14,-4],[-8,4],[-12,2],[-18,-8],[1,-9],[-11,-7],[6,-20],[-1,-11],[-15,5],[-19,-6],[-16,-2],[-9,7],[-13,-5],[-20,1],[-4,-5],[-18,5],[-14,-2],[3,8],[11,9],[-1,10],[-6,11],[6,13],[-16,0],[-10,-5],[-8,-8],[-10,-6],[-18,12],[-7,-1],[0,-7],[-11,-11],[-6,-14],[-10,4],[-13,16],[-10,10],[-15,10],[-8,7],[-16,10],[-5,14],[-3,1],[-8,13],[-21,5],[-8,8],[4,14],[-8,4],[-9,-1],[-13,5],[-4,13],[-6,6],[-8,-2],[-16,1],[-10,-11],[-14,-2],[-11,-13],[-8,2],[-20,-10],[-6,-5],[2,-9],[-5,-16],[-31,3],[-6,3],[-6,-10],[-18,-16],[-4,2],[-12,-7],[3,-22],[-19,-1],[-5,-26],[-7,11],[-10,12],[-7,1],[-5,-8],[-5,9],[-8,7],[0,8],[-12,6],[-2,11],[-25,-1],[-2,5],[-24,-4],[2,-10],[-6,-8],[-8,7],[-10,-3],[-8,-12],[-8,-1],[1,-7],[-10,-21],[-12,-4],[-12,-3],[-1,4],[-10,7],[-3,-4],[-35,-21],[-7,-1],[-8,-12],[-6,-1],[-6,-7],[-17,-2],[-6,11],[-6,-1],[-6,6],[-13,0],[-2,-5],[-23,1],[-16,-11],[-6,6],[-16,-6],[-10,-1],[-13,10],[-8,-6],[-16,11],[-2,-12],[-4,-10],[-14,-7],[0,-6],[-8,-7],[-7,5],[-8,-1],[-12,6],[-6,0],[-5,11],[-8,5],[-11,2],[-8,-4],[-6,1],[-4,-14],[-6,-4],[1,-10],[-13,-7],[-4,4],[-14,-4],[-6,5],[3,9],[-7,6],[-17,5]],[[18700,10862],[-13,7],[-17,0],[-10,-3],[-11,9],[4,16],[-3,11],[-12,0],[-16,-4],[-20,-3],[-14,-3],[-19,-8],[-6,-7],[1,-16],[-20,1],[-20,-40],[-13,-6],[-5,3],[-11,15],[-9,8],[-5,20],[-5,15],[-7,8],[-11,4],[-16,-5],[-8,-6],[-12,-1],[-12,13],[-17,13],[-14,5],[-12,11],[-6,-1],[-1,-9],[18,-11],[0,-8],[-5,-8],[-5,0],[-21,8],[-16,11],[-4,8],[2,6],[2,39],[-8,10],[-14,5],[-19,0],[-3,-5],[13,-12],[9,-12],[-10,-7],[-23,-1],[-7,3],[-5,9],[-1,9],[-3,5],[-17,7],[-26,2],[-17,0],[-23,-3],[-2,-7],[8,-8],[15,-4],[7,-4],[11,-14],[-1,-9],[-14,-4],[-14,4],[-5,8],[-9,21],[-16,19],[-6,4],[-18,2],[-6,-3],[-6,3],[-7,24],[-7,7],[-10,5],[-12,-5],[3,-9],[0,-9],[6,-20],[-2,-7],[-8,-4],[-19,7],[-18,12],[-4,10],[0,16],[-8,9],[-22,-2],[-7,6],[5,8],[-5,13],[5,9],[-26,13],[-7,1],[-22,-1],[-4,-2],[-11,5],[-5,13],[0,17],[-5,3],[-24,-7],[-9,-9],[-2,-8],[-5,-2],[-7,3],[-6,14],[-9,3],[-12,-6],[-6,-6],[-14,-6],[-10,3],[-8,10],[-3,10],[5,17],[-2,4],[-9,1],[-10,-11],[-8,-3],[-12,6],[-16,-1],[-12,-6],[-6,-10],[-2,-10],[14,-6],[5,-14],[-5,-6],[-8,-3],[-21,-3],[-4,11],[-10,15],[-11,13],[-7,-5],[1,-11],[-18,0],[-7,-9],[-15,-7],[-13,1],[-21,-7],[-17,8],[-5,-5],[-6,-33],[5,-14],[0,-13],[-9,-5],[-7,1],[-18,8],[-12,14],[-10,15],[-2,-7],[3,-8],[-13,-3],[-7,-4],[-7,-13],[6,-12],[-3,-7],[-10,-1],[0,13],[-2,6],[-7,2],[-8,-7],[0,-14],[-13,-6],[-2,-7],[-7,-5],[-9,4],[-9,-4],[6,-8],[-1,-7],[-17,-15],[-9,3],[-5,15],[-13,-8],[-17,17],[-9,4],[-4,-2],[-5,-14],[-5,-4],[-11,2],[-2,11],[-9,6]],[[17354,10949],[1,209],[1,194],[1,192],[0,126],[1,134]],[[17358,11804],[5,-2],[15,-14],[6,-12],[5,-1],[33,6],[17,5],[9,0],[25,-6],[28,1],[15,-6],[4,-10],[8,-7],[11,-2],[18,2],[30,-3],[12,5],[16,10],[9,9],[25,15],[11,3],[15,1],[35,-20],[12,-1],[12,3],[14,9],[6,5],[8,15],[9,3],[21,1],[18,4],[16,-1],[25,5],[26,-6],[18,3],[22,-3],[12,1],[13,3],[32,-8],[35,-17],[21,-2],[23,4],[12,6],[25,16],[14,13],[25,1],[34,11],[37,4],[14,5],[7,5],[24,8],[18,3],[17,-4],[13,0],[16,6],[16,0],[21,-4],[15,-7],[12,-8],[14,-14],[16,-7],[12,1],[28,11],[11,3],[17,-2],[8,1],[19,13],[19,9],[26,9],[9,5],[17,17],[13,15],[23,13],[16,7],[22,15],[12,13],[17,8],[33,8],[12,-1],[7,-4],[22,-19],[15,-10],[16,-3],[27,6],[27,4],[21,-8],[29,0],[17,-3],[44,-1],[10,1],[16,-3],[11,-8],[15,-16],[14,-6],[13,1],[27,5],[12,-1],[16,-8],[19,-19],[12,-10],[22,-10],[27,-14],[11,-8],[13,-12],[0,-7],[-38,-28],[-9,-18],[-3,-16],[1,-8],[9,-16],[13,-12],[4,-10],[3,-13],[14,-19],[7,-7],[24,-16],[13,-6],[0,-12],[7,-9],[15,-12],[3,-17],[-3,-8],[-8,-6],[-20,-7],[-16,-7],[-25,-14],[-7,-8],[-9,-14],[-36,-21],[-27,-10],[-17,-11],[-8,-8],[-21,-25],[-9,-15],[-20,-13],[-14,-11],[-12,-14],[-3,-16],[-13,-22],[-2,-19],[-5,-11],[-2,-11],[-5,-11],[-14,-15],[-3,-10],[-3,-43],[-4,-15],[0,-24],[1,-9],[9,-14],[2,-22],[5,-16],[7,-14],[-1,-16],[1,-8],[6,-6],[18,-11],[4,-7],[-4,-15],[-4,-7],[-15,-9],[-5,-8],[-4,-15],[0,-12],[-3,-11],[-13,-13],[-22,-12],[-19,-16],[-24,-15],[-24,-5],[-20,-12],[-13,-16],[-34,-13],[-13,-6],[-15,-12],[-9,-4],[-21,-7],[-9,-4],[-18,-17]],[[16531,11732],[16,4],[7,9],[10,5],[15,2],[12,-2],[11,4],[20,13],[22,5],[21,-14],[9,-16],[4,-10],[12,-21],[5,-2],[26,-2],[12,-6],[11,-1],[14,2],[14,-4],[16,1],[7,4],[20,21],[8,18],[33,23],[13,10],[22,3],[12,0],[8,9],[10,20],[7,9],[14,9],[27,3],[9,5],[7,12],[29,9],[35,5],[12,-2],[8,-7],[7,-14],[8,-7],[18,-3],[32,5],[12,-1],[14,-7],[36,-14],[22,0],[42,-10],[15,-1],[13,3],[11,8],[11,2],[25,1],[23,-8]],[[17354,10949],[-5,-2],[-9,-9],[-14,0],[-14,7],[1,-10],[5,-12],[-5,-14],[-9,-1],[-6,8],[-11,6],[-9,-5],[0,-5],[-13,-3],[-11,-13],[1,-8],[-10,-4],[-4,-10],[-5,-5],[-7,-1],[-15,4],[0,-17],[-11,-3],[-9,5],[-4,11],[-8,4],[-9,-4],[4,-8],[-5,-9],[-13,-4],[-8,-7],[-7,5],[-11,4],[-12,-5],[-12,-22],[-8,-5],[-5,2],[-11,14],[-1,6],[-8,4],[-19,-8],[-10,-7],[-7,3],[-9,-2],[1,9],[-8,2],[-8,-10],[-7,-4],[-7,5],[-10,-2],[-1,-10],[-5,-7],[23,-4],[11,7],[8,-8],[13,-9],[-3,-8],[-19,-5],[-7,8],[-5,1],[-13,-7],[-9,-1],[-6,-6],[4,-22],[-2,-3],[-34,6],[-12,1],[-18,-10],[17,-4],[6,1],[13,-6],[5,-5],[-1,-7],[-13,-5],[-13,2],[-11,-2],[-14,-6],[-3,-3],[-2,-14],[17,-7],[-7,-17],[-14,-8],[-10,0],[-10,4],[-2,13],[-11,8],[-10,0],[-4,-4],[2,-14],[-11,-3],[-7,2],[1,12],[-5,3],[-12,-7],[-13,7],[-9,-7],[-11,-2],[-10,2],[-13,0],[-5,3],[-12,2],[-4,-7],[-9,-7],[-4,-8],[-10,4],[-5,-9],[-11,1],[-6,-6],[-8,3],[-2,16],[-11,0],[-4,-7],[-8,-3],[-10,3],[6,17],[-19,-4],[-30,-2],[-8,-9],[-7,-3],[-19,0],[1,10],[-4,9],[-14,-5],[-21,-1],[-3,-14],[4,-9],[-5,-5],[8,-3],[-5,-11],[15,-1],[4,-9],[-9,-6],[-3,-8],[-2,-17],[13,-5],[0,-8],[-4,-15],[-6,-7],[-1,-10],[-5,-2],[-1,-13],[5,-7],[-9,-2],[6,-6],[-4,-7],[-7,-1],[-1,-6],[-23,-5],[-6,-11],[-9,5],[8,9],[-13,3],[-1,-17],[5,-3],[-7,-8],[-21,-1],[-8,-10],[-7,-5],[4,-4],[5,-12],[-6,-4],[-15,6],[-7,-3],[-9,4],[-16,-10],[-7,-10],[10,-4],[-2,-9],[15,-3],[-5,-11],[-10,5],[-3,6],[-7,0],[-12,-8],[0,-8],[-9,-6],[-14,3],[-11,-3],[7,-6],[-6,-14],[-11,3],[-4,5],[-14,7],[-4,-11],[-19,-4],[-17,-5],[-8,8],[-8,2],[-2,8],[-15,9],[-4,7],[-1,12],[-7,1],[-2,-12],[4,-16],[-1,-7],[-17,-2],[-6,6],[-12,2],[-3,-12],[9,3],[8,-3],[-2,-10],[7,-10],[-4,-9],[-8,-5],[-13,2],[4,8],[-13,7],[-6,0],[-3,-8],[12,-10],[-4,-9],[-12,7],[-2,12],[-11,11],[-10,0],[12,-20],[-5,-4],[-13,7],[-5,9],[-10,-1],[-6,-10],[2,-7],[-19,0],[-3,7],[-7,-6],[-6,4],[2,6],[-5,4],[-10,-6],[-16,4],[-11,-6],[-15,3],[-9,5],[-2,7],[3,10],[-7,16],[0,9],[-4,13],[3,6],[-14,4],[-3,12],[-5,3],[-10,-8],[-7,-9],[-8,6],[1,10],[-3,4],[-13,4],[-4,-2],[3,-13],[-3,-9],[-13,-1],[2,16],[-2,6],[-7,2],[-13,-8],[-7,2],[0,14],[5,11],[-17,-1],[-5,-6],[2,-7],[-13,0],[7,-9],[-4,-8],[-8,2],[-4,8],[-7,-5],[-2,-7],[-11,0],[-8,-4],[2,-8],[-17,0],[-4,-7],[-8,1],[0,8],[-12,4],[-9,-2],[12,-7],[-21,-1],[4,-5],[1,-10],[-6,-3],[-14,18],[-1,-12],[-13,5],[-17,-4],[-3,-11],[-15,5],[-11,16],[-7,-3],[4,-10],[9,-6],[-2,-9],[-3,-3],[-9,4],[-1,13],[-14,-1],[-12,2],[1,-14],[-14,-6],[-4,12],[-13,-4],[-1,-17],[-13,3],[5,6],[-6,4],[-4,-8],[-6,-5],[9,-5],[3,-7],[-14,-4],[-4,8],[-8,1],[-6,-12],[-7,2],[-5,13],[-8,0],[-16,-5],[-3,-8],[-9,-1],[-6,-5],[-5,8],[4,8],[-3,6],[-7,-2],[2,-9],[-11,-7],[-8,0],[-9,6],[-15,4],[6,-9],[-6,-5]],[[15499,10342],[-21,49],[-3,6],[-9,2],[-8,12],[-11,6],[-2,4],[-10,6],[-3,-2],[-13,5],[-6,-1],[-13,3],[-17,1],[-8,2],[-8,6],[-11,2],[-11,13],[-11,4],[4,18],[-4,11],[-19,5],[-5,10],[-24,26],[-15,0],[-7,26],[-13,-6],[-14,-3],[-17,-7],[-3,1],[-19,-4],[-6,2],[-20,-7],[-13,-5],[-26,35],[-1,6],[-8,11],[-22,-10],[-35,36],[-15,-8],[-16,-4],[-12,4],[-2,27],[11,26],[7,-10],[2,-10],[5,-7],[6,3],[18,2],[24,14],[11,14],[9,3],[2,13],[-26,-6],[-14,-6],[-65,27],[-5,15],[-1,9],[-12,17],[-9,4],[6,21],[-12,5],[-24,1],[14,24],[32,-24],[8,16],[-25,23],[-17,27],[-29,-11],[2,26],[-10,5],[2,9],[-14,1],[-9,-2],[-6,13],[-10,8],[8,11],[1,8],[-14,4]],[[15499,10342],[-4,-5],[-8,1],[-6,-6],[6,-10],[-3,-6],[-17,-17],[-18,-10],[2,-10],[-11,1],[-5,-3],[-16,8],[-5,-15],[-10,1],[-2,-4],[-16,-9],[4,-4],[-3,-6],[-21,-1],[-3,-12],[-10,-3],[-11,5],[-1,-6],[-10,-1],[-9,-9],[8,-5],[-2,-8],[-9,-1],[-5,5],[-14,-11],[-1,-12],[-10,-2],[-5,5],[-11,1],[-4,-7],[-7,2],[-6,11],[-13,4],[-3,-4],[-12,4],[-7,-2],[-17,8],[-5,-5],[-4,-12],[-8,-6],[-2,-6],[-18,4],[-2,-9],[4,-9],[8,-4],[-16,-6],[-3,4],[-12,-3],[0,-6],[-8,1],[-15,-6],[-1,10],[-10,-1],[-6,10],[-4,-4],[0,-8],[-10,-4],[-5,10],[-15,-3],[-3,11],[-13,2],[-4,5],[-10,-3],[-18,-1],[-22,9],[0,5],[-14,-1],[-5,7],[-6,-2],[-17,11],[-13,0],[-6,8],[-12,0],[-31,9],[-3,-6],[-9,-2],[-9,3],[-10,-1],[-23,7],[-5,5],[5,8],[-4,6],[-2,9],[-6,3],[4,6],[-9,3],[-1,7],[-9,0],[-11,-6],[-14,-1],[-20,4],[-26,-2],[-6,2],[-12,-2],[-11,-6],[-3,-11],[-8,-3],[-4,-6],[-14,-5],[-15,10],[-7,7],[0,6],[-14,6],[-16,4],[-9,-4],[-5,3],[-21,0],[-17,3],[-3,4],[-14,-1],[-3,-4],[-16,2],[-8,-10],[-16,-4],[-7,-12],[-9,-6],[-32,1],[-13,-11],[-5,-1],[-2,-8],[3,-13],[8,-6],[-2,-15],[-10,-7],[-12,-2],[-8,9],[-13,9],[-23,-4],[-7,1],[-11,-6],[-23,2],[-14,-7],[-16,-10],[-12,-1]],[[18700,10862],[-7,-9],[-25,-16],[-15,-19],[-3,-26],[6,-13],[21,-9],[10,-12],[1,-5],[-10,-26],[2,-17],[5,-8],[-1,-12],[-16,-15],[-5,-15],[-17,-30],[5,-14],[18,-18],[14,-23],[6,-7],[1,-20],[7,-5],[11,-3],[3,-4],[-5,-15],[-13,-15],[-3,-8],[2,-24],[-6,-34],[-7,-17],[-10,-10],[-2,-10],[3,-9],[2,-28],[-2,-17],[1,-10],[10,-20],[7,-28],[-1,-14],[2,-23],[-5,-22],[0,-28],[3,-14],[0,-19],[6,-14],[2,-16],[-6,-17],[-26,-42],[-4,-12],[-1,-17],[2,-16],[-3,-25],[4,-8],[6,-28],[-2,-8],[-20,-18],[-3,-9],[0,-7],[5,-8],[19,-14],[29,-10],[13,-8],[12,-11],[10,-15],[-1,-12],[-4,-7],[-3,-15],[14,-13],[19,-7],[1,-8],[-8,-9],[-4,-13],[4,-15],[10,-7],[10,-13],[3,-14],[-3,-9],[-13,-4],[-12,2],[-12,0],[-11,-5],[-6,-9],[-2,-14],[4,-14],[15,-30],[-6,-18],[-1,-12],[-3,-9],[2,-14],[15,-19],[6,-2],[7,-8],[1,-24],[10,-23],[25,-18],[10,-9],[12,-18],[6,-22],[8,-20],[6,-26],[6,-12],[8,-8]]],"transform":{"scale":[0.0007444574743814697,0.0008812392017203827],"translate":[-81.73562045681689,-4.229406466336059]},"objects":{"master_municipios_real":{"type":"GeometryCollection","geometries":[{"arcs":[[0,1,2,3,4,5,6,7,8,9,10]],"type":"Polygon","properties":{"divipola_mun":"05001","divipola_mun_n":5001,"divipola_dep":"05","divipola_dep_n":5,"mpio_nombre":"MEDELLÍN","dpto_nombre":"ANTIOQUIA","area_km2":374.7415}},{"arcs":[[11,12,13,14,15,16,17]],"type":"Polygon","properties":{"divipola_mun":"05002","divipola_mun_n":5002,"divipola_dep":"05","divipola_dep_n":5,"mpio_nombre":"ABEJORRAL","dpto_nombre":"ANTIOQUIA","area_km2":506.9598}},{"arcs":[[18,19,20,21,22,23]],"type":"Polygon","properties":{"divipola_mun":"05004","divipola_mun_n":5004,"divipola_dep":"05","divipola_dep_n":5,"mpio_nombre":"ABRIAQUÍ","dpto_nombre":"ANTIOQUIA","area_km2":296.9742}},{"arcs":[[24,25,26,27,28]],"type":"Polygon","properties":{"divipola_mun":"05021","divipola_mun_n":5021,"divipola_dep":"05","divipola_dep_n":5,"mpio_nombre":"ALEJANDRÍA","dpto_nombre":"ANTIOQUIA","area_km2":128.8564}},{"arcs":[[29,30,31,32,33]],"type":"Polygon","properties":{"divipola_mun":"05030","divipola_mun_n":5030,"divipola_dep":"05","divipola_dep_n":5,"mpio_nombre":"AMAGÁ","dpto_nombre":"ANTIOQUIA","area_km2":84.1171}},{"arcs":[[34,35,36,37,38,39,40,41]],"type":"Polygon","properties":{"divipola_mun":"05031","divipola_mun_n":5031,"divipola_dep":"05","divipola_dep_n":5,"mpio_nombre":"AMALFI","dpto_nombre":"ANTIOQUIA","area_km2":1208.3462}},{"arcs":[[42,43,44,45,46,47,48]],"type":"Polygon","properties":{"divipola_mun":"05034","divipola_mun_n":5034,"divipola_dep":"05","divipola_dep_n":5,"mpio_nombre":"ANDES","dpto_nombre":"ANTIOQUIA","area_km2":402.4506}},{"arcs":[[-4,49,50,-33,51,52,53]],"type":"Polygon","properties":{"divipola_mun":"05036","divipola_mun_n":5036,"divipola_dep":"05","divipola_dep_n":5,"mpio_nombre":"ANGELÓPOLIS","dpto_nombre":"ANTIOQUIA","area_km2":81.8618}},{"arcs":[[54,55,56,57,58]],"type":"Polygon","properties":{"divipola_mun":"05038","divipola_mun_n":5038,"divipola_dep":"05","divipola_dep_n":5,"mpio_nombre":"ANGOSTURA","dpto_nombre":"ANTIOQUIA","area_km2":338.3618}},{"arcs":[[-42,59,60,61,62,63,64,65]],"type":"Polygon","properties":{"divipola_mun":"05040","divipola_mun_n":5040,"divipola_dep":"05","divipola_dep_n":5,"mpio_nombre":"ANORÍ","dpto_nombre":"ANTIOQUIA","area_km2":1412.957}},{"arcs":[[-21,66,67,68,69,70,71,72,73]],"type":"Polygon","properties":{"divipola_mun":"05042","divipola_mun_n":5042,"divipola_dep":"05","divipola_dep_n":5,"mpio_nombre":"SANTA FÉ DE ANTIOQUIA","dpto_nombre":"ANTIOQUIA","area_km2":525.5532}},{"arcs":[[-73,74,75,76,77,78]],"type":"Polygon","properties":{"divipola_mun":"05044","divipola_mun_n":5044,"divipola_dep":"05","divipola_dep_n":5,"mpio_nombre":"ANZÁ","dpto_nombre":"ANTIOQUIA","area_km2":255.9105}},{"arcs":[[79,80,81,82]],"type":"Polygon","properties":{"divipola_mun":"05045","divipola_mun_n":5045,"divipola_dep":"05","divipola_dep_n":5,"mpio_nombre":"APARTADÓ","dpto_nombre":"ANTIOQUIA","area_km2":535.3514}},{"arcs":[[83,84,85,86,87,88,89,90]],"type":"Polygon","properties":{"divipola_mun":"05051","divipola_mun_n":5051,"divipola_dep":"05","divipola_dep_n":5,"mpio_nombre":"ARBOLETES","dpto_nombre":"ANTIOQUIA","area_km2":754.2765}},{"arcs":[[91,92,93,94]],"type":"Polygon","properties":{"divipola_mun":"05055","divipola_mun_n":5055,"divipola_dep":"05","divipola_dep_n":5,"mpio_nombre":"ARGELIA","dpto_nombre":"ANTIOQUIA","area_km2":245.199}},{"arcs":[[-53,95,96,97,-76,98,99]],"type":"Polygon","properties":{"divipola_mun":"05059","divipola_mun_n":5059,"divipola_dep":"05","divipola_dep_n":5,"mpio_nombre":"ARMENIA","dpto_nombre":"ANTIOQUIA","area_km2":110.4221}},{"arcs":[[100,101,102,103,104]],"type":"Polygon","properties":{"divipola_mun":"05079","divipola_mun_n":5079,"divipola_dep":"05","divipola_dep_n":5,"mpio_nombre":"BARBOSA","dpto_nombre":"ANTIOQUIA","area_km2":205.553}},{"arcs":[[105,106,107,108,109,110,111,112]],"type":"Polygon","properties":{"divipola_mun":"05086","divipola_mun_n":5086,"divipola_dep":"05","divipola_dep_n":5,"mpio_nombre":"BELMIRA","dpto_nombre":"ANTIOQUIA","area_km2":295.8587}},{"arcs":[[-8,113,114,115]],"type":"Polygon","properties":{"divipola_mun":"05088","divipola_mun_n":5088,"divipola_dep":"05","divipola_dep_n":5,"mpio_nombre":"BELLO","dpto_nombre":"ANTIOQUIA","area_km2":147.7007}},{"arcs":[[-47,116,117,118,119]],"type":"Polygon","properties":{"divipola_mun":"05091","divipola_mun_n":5091,"divipola_dep":"05","divipola_dep_n":5,"mpio_nombre":"BETANIA","dpto_nombre":"ANTIOQUIA","area_km2":180.5253}},{"arcs":[[-77,-98,120,121]],"type":"Polygon","properties":{"divipola_mun":"05093","divipola_mun_n":5093,"divipola_dep":"05","divipola_dep_n":5,"mpio_nombre":"BETULIA","dpto_nombre":"ANTIOQUIA","area_km2":262.3621}},{"arcs":[[-119,122,123,124,125]],"type":"Polygon","properties":{"divipola_mun":"05101","divipola_mun_n":5101,"divipola_dep":"05","divipola_dep_n":5,"mpio_nombre":"CIUDAD BOLÍVAR","dpto_nombre":"ANTIOQUIA","area_km2":263.7909}},{"arcs":[[126,127,128,129]],"type":"Polygon","properties":{"divipola_mun":"05107","divipola_mun_n":5107,"divipola_dep":"05","divipola_dep_n":5,"mpio_nombre":"BRICEÑO","dpto_nombre":"ANTIOQUIA","area_km2":376.2401}},{"arcs":[[-68,130,131,132,133,134]],"type":"Polygon","properties":{"divipola_mun":"05113","divipola_mun_n":5113,"divipola_dep":"05","divipola_dep_n":5,"mpio_nombre":"BURITICÁ","dpto_nombre":"ANTIOQUIA","area_km2":355.2789}},{"arcs":[[-65,135,136,137,138,139]],"type":"Polygon","properties":{"divipola_mun":"05120","divipola_mun_n":5120,"divipola_dep":"05","divipola_dep_n":5,"mpio_nombre":"CÁCERES","dpto_nombre":"ANTIOQUIA","area_km2":1872.7847}},{"arcs":[[-22,-74,-79,140]],"type":"Polygon","properties":{"divipola_mun":"05125","divipola_mun_n":5125,"divipola_dep":"05","divipola_dep_n":5,"mpio_nombre":"CAICEDO","dpto_nombre":"ANTIOQUIA","area_km2":200.1303}},{"arcs":[[-34,-51,141,142,143,144,145,146]],"type":"Polygon","properties":{"divipola_mun":"05129","divipola_mun_n":5129,"divipola_dep":"05","divipola_dep_n":5,"mpio_nombre":"CALDAS","dpto_nombre":"ANTIOQUIA","area_km2":132.7652}},{"arcs":[[-59,147,-61,148]],"type":"Polygon","properties":{"divipola_mun":"05134","divipola_mun_n":5134,"divipola_dep":"05","divipola_dep_n":5,"mpio_nombre":"CAMPAMENTO","dpto_nombre":"ANTIOQUIA","area_km2":232.0852}},{"arcs":[[-19,149,150,151,-132,152]],"type":"Polygon","properties":{"divipola_mun":"05138","divipola_mun_n":5138,"divipola_dep":"05","divipola_dep_n":5,"mpio_nombre":"CAÑASGORDAS","dpto_nombre":"ANTIOQUIA","area_km2":364.8402}},{"arcs":[[153,154,155,156,157]],"type":"Polygon","properties":{"divipola_mun":"05142","divipola_mun_n":5142,"divipola_dep":"05","divipola_dep_n":5,"mpio_nombre":"CARACOLÍ","dpto_nombre":"ANTIOQUIA","area_km2":262.5832}},{"arcs":[[158,159,160,161,162,163,164]],"type":"Polygon","properties":{"divipola_mun":"05145","divipola_mun_n":5145,"divipola_dep":"05","divipola_dep_n":5,"mpio_nombre":"CARAMANTA","dpto_nombre":"ANTIOQUIA","area_km2":92.0627}},{"arcs":[[-81,165,166,167]],"type":"Polygon","properties":{"divipola_mun":"05147","divipola_mun_n":5147,"divipola_dep":"05","divipola_dep_n":5,"mpio_nombre":"CAREPA","dpto_nombre":"ANTIOQUIA","area_km2":387.4509}},{"arcs":[[-13,168,169,170,171,172,173,174]],"type":"Polygon","properties":{"divipola_mun":"05148","divipola_mun_n":5148,"divipola_dep":"05","divipola_dep_n":5,"mpio_nombre":"EL CARMEN DE VIBORAL","dpto_nombre":"ANTIOQUIA","area_km2":409.127}},{"arcs":[[-56,175,176,177]],"type":"Polygon","properties":{"divipola_mun":"05150","divipola_mun_n":5150,"divipola_dep":"05","divipola_dep_n":5,"mpio_nombre":"CAROLINA","dpto_nombre":"ANTIOQUIA","area_km2":149.5137}},{"arcs":[[-139,178,179,180,181,182,183]],"type":"Polygon","properties":{"divipola_mun":"05154","divipola_mun_n":5154,"divipola_dep":"05","divipola_dep_n":5,"mpio_nombre":"CAUCASIA","dpto_nombre":"ANTIOQUIA","area_km2":1428.182}},{"arcs":[[-167,184,185,186]],"type":"Polygon","properties":{"divipola_mun":"05172","divipola_mun_n":5172,"divipola_dep":"05","divipola_dep_n":5,"mpio_nombre":"CHIGORODÓ","dpto_nombre":"ANTIOQUIA","area_km2":721.9817}},{"arcs":[[187,188]],"type":"Polygon","properties":{"divipola_mun":"05190","divipola_mun_n":5190,"divipola_dep":"05","divipola_dep_n":5,"mpio_nombre":"CISNEROS","dpto_nombre":"ANTIOQUIA","area_km2":46.857}},{"arcs":[[-174,189,190,191,192,193]],"type":"Polygon","properties":{"divipola_mun":"05197","divipola_mun_n":5197,"divipola_dep":"05","divipola_dep_n":5,"mpio_nombre":"COCORNÁ","dpto_nombre":"ANTIOQUIA","area_km2":257.8094}},{"arcs":[[-27,194,195,196,-102,197]],"type":"Polygon","properties":{"divipola_mun":"05206","divipola_mun_n":5206,"divipola_dep":"05","divipola_dep_n":5,"mpio_nombre":"CONCEPCIÓN","dpto_nombre":"ANTIOQUIA","area_km2":201.9526}},{"arcs":[[-97,198,199,200,201,-121]],"type":"Polygon","properties":{"divipola_mun":"05209","divipola_mun_n":5209,"divipola_dep":"05","divipola_dep_n":5,"mpio_nombre":"CONCORDIA","dpto_nombre":"ANTIOQUIA","area_km2":247.8664}},{"arcs":[[-9,-116,202,203,204]],"type":"Polygon","properties":{"divipola_mun":"05212","divipola_mun_n":5212,"divipola_dep":"05","divipola_dep_n":5,"mpio_nombre":"COPACABANA","dpto_nombre":"ANTIOQUIA","area_km2":67.8363}},{"arcs":[[205,206,207,208,209,210,211,212]],"type":"Polygon","properties":{"divipola_mun":"05234","divipola_mun_n":5234,"divipola_dep":"05","divipola_dep_n":5,"mpio_nombre":"DABEIBA","dpto_nombre":"ANTIOQUIA","area_km2":1957.6991}},{"arcs":[[-105,213,214,215,216,217]],"type":"Polygon","properties":{"divipola_mun":"05237","divipola_mun_n":5237,"divipola_dep":"05","divipola_dep_n":5,"mpio_nombre":"DONMATÍAS","dpto_nombre":"ANTIOQUIA","area_km2":198.0498}},{"arcs":[[-6,218,-99,-75,-72,219,220]],"type":"Polygon","properties":{"divipola_mun":"05240","divipola_mun_n":5240,"divipola_dep":"05","divipola_dep_n":5,"mpio_nombre":"EBÉJICO","dpto_nombre":"ANTIOQUIA","area_km2":237.7115}},{"arcs":[[-183,221,222,223,224,225]],"type":"Polygon","properties":{"divipola_mun":"05250","divipola_mun_n":5250,"divipola_dep":"05","divipola_dep_n":5,"mpio_nombre":"EL BAGRE","dpto_nombre":"ANTIOQUIA","area_km2":1558.8905}},{"arcs":[[-113,226,-216,227]],"type":"Polygon","properties":{"divipola_mun":"05264","divipola_mun_n":5264,"divipola_dep":"05","divipola_dep_n":5,"mpio_nombre":"ENTRERRÍOS","dpto_nombre":"ANTIOQUIA","area_km2":214.2285}},{"arcs":[[-1,228,229,-144,230,231]],"type":"Polygon","properties":{"divipola_mun":"05266","divipola_mun_n":5266,"divipola_dep":"05","divipola_dep_n":5,"mpio_nombre":"ENVIGADO","dpto_nombre":"ANTIOQUIA","area_km2":79.5103}},{"arcs":[[-30,-147,232,233,234,235,236,237]],"type":"Polygon","properties":{"divipola_mun":"05282","divipola_mun_n":5282,"divipola_dep":"05","divipola_dep_n":5,"mpio_nombre":"FREDONIA","dpto_nombre":"ANTIOQUIA","area_km2":254.0698}},{"arcs":[[-24,238,239,240,-209,241,-150]],"type":"Polygon","properties":{"divipola_mun":"05284","divipola_mun_n":5284,"divipola_dep":"05","divipola_dep_n":5,"mpio_nombre":"FRONTINO","dpto_nombre":"ANTIOQUIA","area_km2":1384.4382}},{"arcs":[[-20,-153,-131,-67]],"type":"Polygon","properties":{"divipola_mun":"05306","divipola_mun_n":5306,"divipola_dep":"05","divipola_dep_n":5,"mpio_nombre":"GIRALDO","dpto_nombre":"ANTIOQUIA","area_km2":93.4224}},{"arcs":[[-104,242,243,-204,244,-214]],"type":"Polygon","properties":{"divipola_mun":"05308","divipola_mun_n":5308,"divipola_dep":"05","divipola_dep_n":5,"mpio_nombre":"GIRARDOTA","dpto_nombre":"ANTIOQUIA","area_km2":82.8298}},{"arcs":[[-40,245,246,-177,247]],"type":"Polygon","properties":{"divipola_mun":"05310","divipola_mun_n":5310,"divipola_dep":"05","divipola_dep_n":5,"mpio_nombre":"GÓMEZ PLATA","dpto_nombre":"ANTIOQUIA","area_km2":332.0312}},{"arcs":[[-191,248,249,250,251,252]],"type":"Polygon","properties":{"divipola_mun":"05313","divipola_mun_n":5313,"divipola_dep":"05","divipola_dep_n":5,"mpio_nombre":"GRANADA","dpto_nombre":"ANTIOQUIA","area_km2":190.1182}},{"arcs":[[-41,-248,-176,-55,-149,-60]],"type":"Polygon","properties":{"divipola_mun":"05315","divipola_mun_n":5315,"divipola_dep":"05","divipola_dep_n":5,"mpio_nombre":"GUADALUPE","dpto_nombre":"ANTIOQUIA","area_km2":118.1487}},{"arcs":[[-10,-205,-244,253,254]],"type":"Polygon","properties":{"divipola_mun":"05318","divipola_mun_n":5318,"divipola_dep":"05","divipola_dep_n":5,"mpio_nombre":"GUARNE","dpto_nombre":"ANTIOQUIA","area_km2":151.7883}},{"arcs":[[-26,255,256,-251,257,-195]],"type":"Polygon","properties":{"divipola_mun":"05321","divipola_mun_n":5321,"divipola_dep":"05","divipola_dep_n":5,"mpio_nombre":"GUATAPÉ","dpto_nombre":"ANTIOQUIA","area_km2":83.2817}},{"arcs":[[-5,-54,-100,-219]],"type":"Polygon","properties":{"divipola_mun":"05347","divipola_mun_n":5347,"divipola_dep":"05","divipola_dep_n":5,"mpio_nombre":"HELICONIA","dpto_nombre":"ANTIOQUIA","area_km2":114.8668}},{"arcs":[[-48,-120,-126,258]],"type":"Polygon","properties":{"divipola_mun":"05353","divipola_mun_n":5353,"divipola_dep":"05","divipola_dep_n":5,"mpio_nombre":"HISPANIA","dpto_nombre":"ANTIOQUIA","area_km2":54.1794}},{"arcs":[[-2,-232,259,260]],"type":"Polygon","properties":{"divipola_mun":"05360","divipola_mun_n":5360,"divipola_dep":"05","divipola_dep_n":5,"mpio_nombre":"ITAGÜÍ","dpto_nombre":"ANTIOQUIA","area_km2":19.6448}},{"arcs":[[-129,261,262,263,-206,264,265,266,267,268,269,270]],"type":"Polygon","properties":{"divipola_mun":"05361","divipola_mun_n":5361,"divipola_dep":"05","divipola_dep_n":5,"mpio_nombre":"ITUANGO","dpto_nombre":"ANTIOQUIA","area_km2":2840.8409}},{"arcs":[[-44,271,272,273,274]],"type":"Polygon","properties":{"divipola_mun":"05364","divipola_mun_n":5364,"divipola_dep":"05","divipola_dep_n":5,"mpio_nombre":"JARDÍN","dpto_nombre":"ANTIOQUIA","area_km2":201.1775}},{"arcs":[[-43,275,276,-236,277,-272]],"type":"Polygon","properties":{"divipola_mun":"05368","divipola_mun_n":5368,"divipola_dep":"05","divipola_dep_n":5,"mpio_nombre":"JERICÓ","dpto_nombre":"ANTIOQUIA","area_km2":204.9712}},{"arcs":[[-18,278,279,280,-170,281]],"type":"Polygon","properties":{"divipola_mun":"05376","divipola_mun_n":5376,"divipola_dep":"05","divipola_dep_n":5,"mpio_nombre":"LA CEJA","dpto_nombre":"ANTIOQUIA","area_km2":132.6667}},{"arcs":[[-3,-261,282,-142,-50]],"type":"Polygon","properties":{"divipola_mun":"05380","divipola_mun_n":5380,"divipola_dep":"05","divipola_dep_n":5,"mpio_nombre":"LA ESTRELLA","dpto_nombre":"ANTIOQUIA","area_km2":36.7927}},{"arcs":[[-234,283,284,285,286]],"type":"Polygon","properties":{"divipola_mun":"05390","divipola_mun_n":5390,"divipola_dep":"05","divipola_dep_n":5,"mpio_nombre":"LA PINTADA","dpto_nombre":"ANTIOQUIA","area_km2":54.2827}},{"arcs":[[-12,-282,-169]],"type":"Polygon","properties":{"divipola_mun":"05400","divipola_mun_n":5400,"divipola_dep":"05","divipola_dep_n":5,"mpio_nombre":"LA UNIÓN","dpto_nombre":"ANTIOQUIA","area_km2":167.6703}},{"arcs":[[-69,-135,287,288,289,-110,290]],"type":"Polygon","properties":{"divipola_mun":"05411","divipola_mun_n":5411,"divipola_dep":"05","divipola_dep_n":5,"mpio_nombre":"LIBORINA","dpto_nombre":"ANTIOQUIA","area_km2":216.3868}},{"arcs":[[-158,291,292,293]],"type":"Polygon","properties":{"divipola_mun":"05425","divipola_mun_n":5425,"divipola_dep":"05","divipola_dep_n":5,"mpio_nombre":"MACEO","dpto_nombre":"ANTIOQUIA","area_km2":455.2691}},{"arcs":[[-172,294,295,296,297]],"type":"Polygon","properties":{"divipola_mun":"05440","divipola_mun_n":5440,"divipola_dep":"05","divipola_dep_n":5,"mpio_nombre":"MARINILLA","dpto_nombre":"ANTIOQUIA","area_km2":112.236}},{"arcs":[[-17,298,299,-279]],"type":"Polygon","properties":{"divipola_mun":"05467","divipola_mun_n":5467,"divipola_dep":"05","divipola_dep_n":5,"mpio_nombre":"MONTEBELLO","dpto_nombre":"ANTIOQUIA","area_km2":75.9983}},{"arcs":[[-210,-241,300,301]],"type":"Polygon","properties":{"divipola_mun":"05475","divipola_mun_n":5475,"divipola_dep":"05","divipola_dep_n":5,"mpio_nombre":"MURINDÓ","dpto_nombre":"ANTIOQUIA","area_km2":1266.7925}},{"arcs":[[-186,302,-265,-213,303,304]],"type":"Polygon","properties":{"divipola_mun":"05480","divipola_mun_n":5480,"divipola_dep":"05","divipola_dep_n":5,"mpio_nombre":"MUTATÁ","dpto_nombre":"ANTIOQUIA","area_km2":1075.0211}},{"arcs":[[-94,305,306,307]],"type":"Polygon","properties":{"divipola_mun":"05483","divipola_mun_n":5483,"divipola_dep":"05","divipola_dep_n":5,"mpio_nombre":"NARIÑO","dpto_nombre":"ANTIOQUIA","area_km2":316.6039}},{"arcs":[[-86,308,309,310]],"type":"Polygon","properties":{"divipola_mun":"05490","divipola_mun_n":5490,"divipola_dep":"05","divipola_dep_n":5,"mpio_nombre":"NECOCLÍ","dpto_nombre":"ANTIOQUIA","area_km2":1255.8653}},{"arcs":[[-182,311,312,313,-222]],"type":"Polygon","properties":{"divipola_mun":"05495","divipola_mun_n":5495,"divipola_dep":"05","divipola_dep_n":5,"mpio_nombre":"NECHÍ","dpto_nombre":"ANTIOQUIA","area_km2":936.5845}},{"arcs":[[-70,-291,-109,314]],"type":"Polygon","properties":{"divipola_mun":"05501","divipola_mun_n":5501,"divipola_dep":"05","divipola_dep_n":5,"mpio_nombre":"OLAYA","dpto_nombre":"ANTIOQUIA","area_km2":86.9739}},{"arcs":[[-196,-258,-250,315,-297,316]],"type":"Polygon","properties":{"divipola_mun":"05541","divipola_mun_n":5541,"divipola_dep":"05","divipola_dep_n":5,"mpio_nombre":"PEÑOL","dpto_nombre":"ANTIOQUIA","area_km2":118.2552}},{"arcs":[[-133,-152,317,-207,-264,318]],"type":"Polygon","properties":{"divipola_mun":"05543","divipola_mun_n":5543,"divipola_dep":"05","divipola_dep_n":5,"mpio_nombre":"PEQUE","dpto_nombre":"ANTIOQUIA","area_km2":434.0388}},{"arcs":[[-49,-259,-125,319,320,-276]],"type":"Polygon","properties":{"divipola_mun":"05576","divipola_mun_n":5576,"divipola_dep":"05","divipola_dep_n":5,"mpio_nombre":"PUEBLORRICO","dpto_nombre":"ANTIOQUIA","area_km2":75.4267}},{"arcs":[[-154,-294,321,322,323,324,325,326,327]],"type":"Polygon","properties":{"divipola_mun":"05579","divipola_mun_n":5579,"divipola_dep":"05","divipola_dep_n":5,"mpio_nombre":"PUERTO BERRÍO","dpto_nombre":"ANTIOQUIA","area_km2":1218.9448}},{"arcs":[[-155,-328,328,329,330,331]],"type":"Polygon","properties":{"divipola_mun":"05585","divipola_mun_n":5585,"divipola_dep":"05","divipola_dep_n":5,"mpio_nombre":"PUERTO NARE","dpto_nombre":"ANTIOQUIA","area_km2":579.0661}},{"arcs":[[-330,332,333,334]],"type":"Polygon","properties":{"divipola_mun":"05591","divipola_mun_n":5591,"divipola_dep":"05","divipola_dep_n":5,"mpio_nombre":"PUERTO TRIUNFO","dpto_nombre":"ANTIOQUIA","area_km2":369.2715}},{"arcs":[[-37,335,336,337,338,-323,339,340,341]],"type":"Polygon","properties":{"divipola_mun":"05604","divipola_mun_n":5604,"divipola_dep":"05","divipola_dep_n":5,"mpio_nombre":"REMEDIOS","dpto_nombre":"ANTIOQUIA","area_km2":1964.9983}},{"arcs":[[-145,-230,342,-280,-300,343]],"type":"Polygon","properties":{"divipola_mun":"05607","divipola_mun_n":5607,"divipola_dep":"05","divipola_dep_n":5,"mpio_nombre":"RETIRO","dpto_nombre":"ANTIOQUIA","area_km2":241.9238}},{"arcs":[[-11,-255,344,-295,-171,-281,-343,-229]],"type":"Polygon","properties":{"divipola_mun":"05615","divipola_mun_n":5615,"divipola_dep":"05","divipola_dep_n":5,"mpio_nombre":"RIONEGRO","dpto_nombre":"ANTIOQUIA","area_km2":195.8669}},{"arcs":[[-134,-319,-263,345,346,-288]],"type":"Polygon","properties":{"divipola_mun":"05628","divipola_mun_n":5628,"divipola_dep":"05","divipola_dep_n":5,"mpio_nombre":"SABANALARGA","dpto_nombre":"ANTIOQUIA","area_km2":265.727}},{"arcs":[[-143,-283,-260,-231]],"type":"Polygon","properties":{"divipola_mun":"05631","divipola_mun_n":5631,"divipola_dep":"05","divipola_dep_n":5,"mpio_nombre":"SABANETA","dpto_nombre":"ANTIOQUIA","area_km2":15.6619}},{"arcs":[[-124,347,348,-201,349,350,-320]],"type":"Polygon","properties":{"divipola_mun":"05642","divipola_mun_n":5642,"divipola_dep":"05","divipola_dep_n":5,"mpio_nombre":"SALGAR","dpto_nombre":"ANTIOQUIA","area_km2":288.2341}},{"arcs":[[-289,-347,351,352,353,354]],"type":"Polygon","properties":{"divipola_mun":"05647","divipola_mun_n":5647,"divipola_dep":"05","divipola_dep_n":5,"mpio_nombre":"SAN ANDRÉS DE CUERQUÍA","dpto_nombre":"ANTIOQUIA","area_km2":206.8202}},{"arcs":[[-156,-332,355,-252,-257,356,357]],"type":"Polygon","properties":{"divipola_mun":"05649","divipola_mun_n":5649,"divipola_dep":"05","divipola_dep_n":5,"mpio_nombre":"SAN CARLOS","dpto_nombre":"ANTIOQUIA","area_km2":716.4126}},{"arcs":[[-193,358,359]],"type":"Polygon","properties":{"divipola_mun":"05652","divipola_mun_n":5652,"divipola_dep":"05","divipola_dep_n":5,"mpio_nombre":"SAN FRANCISCO","dpto_nombre":"ANTIOQUIA","area_km2":354.2016}},{"arcs":[[-7,-221,360,-107,361,-114]],"type":"Polygon","properties":{"divipola_mun":"05656","divipola_mun_n":5656,"divipola_dep":"05","divipola_dep_n":5,"mpio_nombre":"SAN JERÓNIMO","dpto_nombre":"ANTIOQUIA","area_km2":152.1396}},{"arcs":[[-111,-290,-355,362]],"type":"Polygon","properties":{"divipola_mun":"05658","divipola_mun_n":5658,"divipola_dep":"05","divipola_dep_n":5,"mpio_nombre":"SAN JOSÉ DE LA MONTAÑA","dpto_nombre":"ANTIOQUIA","area_km2":126.0476}},{"arcs":[[-87,-311,363]],"type":"Polygon","properties":{"divipola_mun":"05659","divipola_mun_n":5659,"divipola_dep":"05","divipola_dep_n":5,"mpio_nombre":"SAN JUAN DE URABÁ","dpto_nombre":"ANTIOQUIA","area_km2":252.1186}},{"arcs":[[-192,-253,-356,-331,-335,-359]],"type":"Polygon","properties":{"divipola_mun":"05660","divipola_mun_n":5660,"divipola_dep":"05","divipola_dep_n":5,"mpio_nombre":"SAN LUIS","dpto_nombre":"ANTIOQUIA","area_km2":518.346}},{"arcs":[[-106,-228,-215,-245,-203,-115,-362]],"type":"Polygon","properties":{"divipola_mun":"05664","divipola_mun_n":5664,"divipola_dep":"05","divipola_dep_n":5,"mpio_nombre":"SAN PEDRO DE LOS MILAGROS","dpto_nombre":"ANTIOQUIA","area_km2":235.2491}},{"arcs":[[-84,364,365,366]],"type":"Polygon","properties":{"divipola_mun":"05665","divipola_mun_n":5665,"divipola_dep":"05","divipola_dep_n":5,"mpio_nombre":"SAN PEDRO DE URABÁ","dpto_nombre":"ANTIOQUIA","area_km2":602.6445}},{"arcs":[[-25,367,-357,-256]],"type":"Polygon","properties":{"divipola_mun":"05667","divipola_mun_n":5667,"divipola_dep":"05","divipola_dep_n":5,"mpio_nombre":"SAN RAFAEL","dpto_nombre":"ANTIOQUIA","area_km2":363.6931}},{"arcs":[[-29,368,369,-292,-157,-358,-368]],"type":"Polygon","properties":{"divipola_mun":"05670","divipola_mun_n":5670,"divipola_dep":"05","divipola_dep_n":5,"mpio_nombre":"SAN ROQUE","dpto_nombre":"ANTIOQUIA","area_km2":424.5612}},{"arcs":[[-103,-197,-317,-296,-345,-254,-243]],"type":"Polygon","properties":{"divipola_mun":"05674","divipola_mun_n":5674,"divipola_dep":"05","divipola_dep_n":5,"mpio_nombre":"SAN VICENTE FERRER","dpto_nombre":"ANTIOQUIA","area_km2":230.3915}},{"arcs":[[-16,370,-284,-233,-146,-344,-299]],"type":"Polygon","properties":{"divipola_mun":"05679","divipola_mun_n":5679,"divipola_dep":"05","divipola_dep_n":5,"mpio_nombre":"SANTA BÁRBARA","dpto_nombre":"ANTIOQUIA","area_km2":196.1181}},{"arcs":[[-57,-178,-247,371,372,-217,-227,-112,-363,-354,373]],"type":"Polygon","properties":{"divipola_mun":"05686","divipola_mun_n":5686,"divipola_dep":"05","divipola_dep_n":5,"mpio_nombre":"SANTA ROSA DE OSOS","dpto_nombre":"ANTIOQUIA","area_km2":864.4643}},{"arcs":[[-28,-198,-101,-218,-373,374,-188,375,-369]],"type":"Polygon","properties":{"divipola_mun":"05690","divipola_mun_n":5690,"divipola_dep":"05","divipola_dep_n":5,"mpio_nombre":"SANTO DOMINGO","dpto_nombre":"ANTIOQUIA","area_km2":265.8514}},{"arcs":[[-173,-298,-316,-249,-190]],"type":"Polygon","properties":{"divipola_mun":"05697","divipola_mun_n":5697,"divipola_dep":"05","divipola_dep_n":5,"mpio_nombre":"EL SANTUARIO","dpto_nombre":"ANTIOQUIA","area_km2":83.5283}},{"arcs":[[-36,376,-225,377,378,-336]],"type":"Polygon","properties":{"divipola_mun":"05736","divipola_mun_n":5736,"divipola_dep":"05","divipola_dep_n":5,"mpio_nombre":"SEGOVIA","dpto_nombre":"ANTIOQUIA","area_km2":1132.7836}},{"arcs":[[-14,-175,-194,-360,-334,379,380,381,-95,-308,382,383]],"type":"Polygon","properties":{"divipola_mun":"05756","divipola_mun_n":5756,"divipola_dep":"05","divipola_dep_n":5,"mpio_nombre":"SONSÓN","dpto_nombre":"ANTIOQUIA","area_km2":1345.6103}},{"arcs":[[-71,-315,-108,-361,-220]],"type":"Polygon","properties":{"divipola_mun":"05761","divipola_mun_n":5761,"divipola_dep":"05","divipola_dep_n":5,"mpio_nombre":"SOPETRÁN","dpto_nombre":"ANTIOQUIA","area_km2":219.0368}},{"arcs":[[-164,384,-273,-278,-235,-287,385]],"type":"Polygon","properties":{"divipola_mun":"05789","divipola_mun_n":5789,"divipola_dep":"05","divipola_dep_n":5,"mpio_nombre":"TÁMESIS","dpto_nombre":"ANTIOQUIA","area_km2":252.1945}},{"arcs":[[-64,386,-270,387,-136]],"type":"Polygon","properties":{"divipola_mun":"05790","divipola_mun_n":5790,"divipola_dep":"05","divipola_dep_n":5,"mpio_nombre":"TARAZÁ","dpto_nombre":"ANTIOQUIA","area_km2":1148.6058}},{"arcs":[[-237,-277,-321,-351,388]],"type":"Polygon","properties":{"divipola_mun":"05792","divipola_mun_n":5792,"divipola_dep":"05","divipola_dep_n":5,"mpio_nombre":"TARSO","dpto_nombre":"ANTIOQUIA","area_km2":120.4667}},{"arcs":[[-32,389,-199,-96,-52]],"type":"Polygon","properties":{"divipola_mun":"05809","divipola_mun_n":5809,"divipola_dep":"05","divipola_dep_n":5,"mpio_nombre":"TITIRIBÍ","dpto_nombre":"ANTIOQUIA","area_km2":140.3286}},{"arcs":[[-128,-352,-346,-262]],"type":"Polygon","properties":{"divipola_mun":"05819","divipola_mun_n":5819,"divipola_dep":"05","divipola_dep_n":5,"mpio_nombre":"TOLEDO","dpto_nombre":"ANTIOQUIA","area_km2":134.4175}},{"arcs":[[-82,-168,-187,-305,390,391,392,393,-309,-85,-367,394]],"type":"Polygon","properties":{"divipola_mun":"05837","divipola_mun_n":5837,"divipola_dep":"05","divipola_dep_n":5,"mpio_nombre":"TURBO","dpto_nombre":"ANTIOQUIA","area_km2":2923.2421}},{"arcs":[[-151,-242,-208,-318]],"type":"Polygon","properties":{"divipola_mun":"05842","divipola_mun_n":5842,"divipola_dep":"05","divipola_dep_n":5,"mpio_nombre":"URAMITA","dpto_nombre":"ANTIOQUIA","area_km2":265.9532}},{"arcs":[[-23,-141,-78,-122,-202,-349,395,396,397,398,-239]],"type":"Polygon","properties":{"divipola_mun":"05847","divipola_mun_n":5847,"divipola_dep":"05","divipola_dep_n":5,"mpio_nombre":"URRAO","dpto_nombre":"ANTIOQUIA","area_km2":2563.8497}},{"arcs":[[-63,399,-130,-271,-387]],"type":"Polygon","properties":{"divipola_mun":"05854","divipola_mun_n":5854,"divipola_dep":"05","divipola_dep_n":5,"mpio_nombre":"VALDIVIA","dpto_nombre":"ANTIOQUIA","area_km2":567.4817}},{"arcs":[[-165,-386,-286,400]],"type":"Polygon","properties":{"divipola_mun":"05856","divipola_mun_n":5856,"divipola_dep":"05","divipola_dep_n":5,"mpio_nombre":"VALPARAÍSO","dpto_nombre":"ANTIOQUIA","area_km2":126.1456}},{"arcs":[[-38,-342,401,402]],"type":"Polygon","properties":{"divipola_mun":"05858","divipola_mun_n":5858,"divipola_dep":"05","divipola_dep_n":5,"mpio_nombre":"VEGACHÍ","dpto_nombre":"ANTIOQUIA","area_km2":540.302}},{"arcs":[[-31,-238,-389,-350,-200,-390]],"type":"Polygon","properties":{"divipola_mun":"05861","divipola_mun_n":5861,"divipola_dep":"05","divipola_dep_n":5,"mpio_nombre":"VENECIA","dpto_nombre":"ANTIOQUIA","area_km2":143.6263}},{"arcs":[[-240,-399,403,404,405,406,-301]],"type":"Polygon","properties":{"divipola_mun":"05873","divipola_mun_n":5873,"divipola_dep":"05","divipola_dep_n":5,"mpio_nombre":"VIGÍA DEL FUERTE","dpto_nombre":"ANTIOQUIA","area_km2":1662.7019}},{"arcs":[[-341,407,-402]],"type":"Polygon","properties":{"divipola_mun":"05885","divipola_mun_n":5885,"divipola_dep":"05","divipola_dep_n":5,"mpio_nombre":"YALÍ","dpto_nombre":"ANTIOQUIA","area_km2":440.5521}},{"arcs":[[-58,-374,-353,-127,-400,-62,-148]],"type":"Polygon","properties":{"divipola_mun":"05887","divipola_mun_n":5887,"divipola_dep":"05","divipola_dep_n":5,"mpio_nombre":"YARUMAL","dpto_nombre":"ANTIOQUIA","area_km2":712.3227}},{"arcs":[[-39,-403,-408,-340,-322,-293,-370,-376,-189,-375,-372,-246]],"type":"Polygon","properties":{"divipola_mun":"05890","divipola_mun_n":5890,"divipola_dep":"05","divipola_dep_n":5,"mpio_nombre":"YOLOMBÓ","dpto_nombre":"ANTIOQUIA","area_km2":943.3443}},{"arcs":[[-324,-339,408,409,410,411,412]],"type":"Polygon","properties":{"divipola_mun":"05893","divipola_mun_n":5893,"divipola_dep":"05","divipola_dep_n":5,"mpio_nombre":"YONDÓ","dpto_nombre":"ANTIOQUIA","area_km2":1892.7139}},{"arcs":[[-35,-66,-140,-184,-226,-377]],"type":"Polygon","properties":{"divipola_mun":"05895","divipola_mun_n":5895,"divipola_dep":"05","divipola_dep_n":5,"mpio_nombre":"ZARAGOZA","dpto_nombre":"ANTIOQUIA","area_km2":1166.5314}},{"arcs":[[413,414,415,416,417]],"type":"Polygon","properties":{"divipola_mun":"08001","divipola_mun_n":8001,"divipola_dep":"08","divipola_dep_n":8,"mpio_nombre":"BARRANQUILLA","dpto_nombre":"ATLÁNTICO","area_km2":154.1276}},{"arcs":[[418,419,420,421,422,423,424]],"type":"Polygon","properties":{"divipola_mun":"08078","divipola_mun_n":8078,"divipola_dep":"08","divipola_dep_n":8,"mpio_nombre":"BARANOA","dpto_nombre":"ATLÁNTICO","area_km2":121.2633}},{"arcs":[[425,426,427,428,429,430,431,432]],"type":"Polygon","properties":{"divipola_mun":"08137","divipola_mun_n":8137,"divipola_dep":"08","divipola_dep_n":8,"mpio_nombre":"CAMPO DE LA CRUZ","dpto_nombre":"ATLÁNTICO","area_km2":99.9206}},{"arcs":[[-432,433,434,435]],"type":"Polygon","properties":{"divipola_mun":"08141","divipola_mun_n":8141,"divipola_dep":"08","divipola_dep_n":8,"mpio_nombre":"CANDELARIA","dpto_nombre":"ATLÁNTICO","area_km2":135.6653}},{"arcs":[[-418,436,437,-419,438]],"type":"Polygon","properties":{"divipola_mun":"08296","divipola_mun_n":8296,"divipola_dep":"08","divipola_dep_n":8,"mpio_nombre":"GALAPA","dpto_nombre":"ATLÁNTICO","area_km2":97.4812}},{"arcs":[[-424,439,440,441,442]],"type":"Polygon","properties":{"divipola_mun":"08372","divipola_mun_n":8372,"divipola_dep":"08","divipola_dep_n":8,"mpio_nombre":"JUAN DE ACOSTA","dpto_nombre":"ATLÁNTICO","area_km2":167.9092}},{"arcs":[[443,444,445,446]],"type":"Polygon","properties":{"divipola_mun":"08421","divipola_mun_n":8421,"divipola_dep":"08","divipola_dep_n":8,"mpio_nombre":"LURUACO","dpto_nombre":"ATLÁNTICO","area_km2":223.5955}},{"arcs":[[-420,-438,447,448,449,450]],"type":"Polygon","properties":{"divipola_mun":"08433","divipola_mun_n":8433,"divipola_dep":"08","divipola_dep_n":8,"mpio_nombre":"MALAMBO","dpto_nombre":"ATLÁNTICO","area_km2":97.8652}},{"arcs":[[-431,451,452,453,454,-434]],"type":"Polygon","properties":{"divipola_mun":"08436","divipola_mun_n":8436,"divipola_dep":"08","divipola_dep_n":8,"mpio_nombre":"MANATÍ","dpto_nombre":"ATLÁNTICO","area_km2":214.1126}},{"arcs":[[455,456,457,458]],"type":"Polygon","properties":{"divipola_mun":"08520","divipola_mun_n":8520,"divipola_dep":"08","divipola_dep_n":8,"mpio_nombre":"PALMAR DE VARELA","dpto_nombre":"ATLÁNTICO","area_km2":92.2602}},{"arcs":[[-441,459,460,-447,461,462]],"type":"Polygon","properties":{"divipola_mun":"08549","divipola_mun_n":8549,"divipola_dep":"08","divipola_dep_n":8,"mpio_nombre":"PIOJÓ","dpto_nombre":"ATLÁNTICO","area_km2":262.6786}},{"arcs":[[-421,-451,463,464,465]],"type":"Polygon","properties":{"divipola_mun":"08558","divipola_mun_n":8558,"divipola_dep":"08","divipola_dep_n":8,"mpio_nombre":"POLONUEVO","dpto_nombre":"ATLÁNTICO","area_km2":73.8085}},{"arcs":[[-433,-436,466,-466,467,-458,468,469]],"type":"Polygon","properties":{"divipola_mun":"08560","divipola_mun_n":8560,"divipola_dep":"08","divipola_dep_n":8,"mpio_nombre":"PONEDERA","dpto_nombre":"ATLÁNTICO","area_km2":206.3698}},{"arcs":[[-414,470,471]],"type":"Polygon","properties":{"divipola_mun":"08573","divipola_mun_n":8573,"divipola_dep":"08","divipola_dep_n":8,"mpio_nombre":"PUERTO COLOMBIA","dpto_nombre":"ATLÁNTICO","area_km2":69.3586}},{"arcs":[[-445,472,-454,473,474,475,476,477]],"type":"Polygon","properties":{"divipola_mun":"08606","divipola_mun_n":8606,"divipola_dep":"08","divipola_dep_n":8,"mpio_nombre":"REPELÓN","dpto_nombre":"ATLÁNTICO","area_km2":361.1821}},{"arcs":[[-450,478,479,-464]],"type":"Polygon","properties":{"divipola_mun":"08634","divipola_mun_n":8634,"divipola_dep":"08","divipola_dep_n":8,"mpio_nombre":"SABANAGRANDE","dpto_nombre":"ATLÁNTICO","area_km2":43.0742}},{"arcs":[[-422,-467,-435,-455,-473,-444,-461,480]],"type":"Polygon","properties":{"divipola_mun":"08638","divipola_mun_n":8638,"divipola_dep":"08","divipola_dep_n":8,"mpio_nombre":"SABANALARGA","dpto_nombre":"ATLÁNTICO","area_km2":395.5994}},{"arcs":[[-430,481,482,483,-452]],"type":"Polygon","properties":{"divipola_mun":"08675","divipola_mun_n":8675,"divipola_dep":"08","divipola_dep_n":8,"mpio_nombre":"SANTA LUCÍA","dpto_nombre":"ATLÁNTICO","area_km2":57.2878}},{"arcs":[[-459,-468,-465,-480,484]],"type":"Polygon","properties":{"divipola_mun":"08685","divipola_mun_n":8685,"divipola_dep":"08","divipola_dep_n":8,"mpio_nombre":"SANTO TOMÁS","dpto_nombre":"ATLÁNTICO","area_km2":64.9557}},{"arcs":[[-417,485,-448,-437]],"type":"Polygon","properties":{"divipola_mun":"08758","divipola_mun_n":8758,"divipola_dep":"08","divipola_dep_n":8,"mpio_nombre":"SOLEDAD","dpto_nombre":"ATLÁNTICO","area_km2":59.3137}},{"arcs":[[-429,486,487,-482]],"type":"Polygon","properties":{"divipola_mun":"08770","divipola_mun_n":8770,"divipola_dep":"08","divipola_dep_n":8,"mpio_nombre":"SUAN","dpto_nombre":"ATLÁNTICO","area_km2":42.4557}},{"arcs":[[-425,-443,488,-471,-439]],"type":"Polygon","properties":{"divipola_mun":"08832","divipola_mun_n":8832,"divipola_dep":"08","divipola_dep_n":8,"mpio_nombre":"TUBARÁ","dpto_nombre":"ATLÁNTICO","area_km2":182.7016}},{"arcs":[[-423,-481,-460,-440]],"type":"Polygon","properties":{"divipola_mun":"08849","divipola_mun_n":8849,"divipola_dep":"08","divipola_dep_n":8,"mpio_nombre":"USIACURÍ","dpto_nombre":"ATLÁNTICO","area_km2":101.3093}},{"arcs":[[489,490,491,492,493,494,495,496,497,498,499,500,501,502,503,504,505,506,507]],"type":"Polygon","properties":{"divipola_mun":"11001","divipola_mun_n":11001,"divipola_dep":"11","divipola_dep_n":11,"mpio_nombre":"BOGOTÁ, D.C.","dpto_nombre":"BOGOTÁ, D.C.","area_km2":1620.5408}},{"arcs":[[[508]],[[509]],[[510]],[[511]],[[512]],[[513,514,515,516,517,518]]],"type":"MultiPolygon","properties":{"divipola_mun":"13001","divipola_mun_n":13001,"divipola_dep":"13","divipola_dep_n":13,"mpio_nombre":"CARTAGENA DE INDIAS","dpto_nombre":"BOLÍVAR","area_km2":597.1211}},{"arcs":[[519,520,521,522,523,524,525,526]],"type":"Polygon","properties":{"divipola_mun":"13006","divipola_mun_n":13006,"divipola_dep":"13","divipola_dep_n":13,"mpio_nombre":"ACHÍ","dpto_nombre":"BOLÍVAR","area_km2":950.7873}},{"arcs":[[527,528,529]],"type":"Polygon","properties":{"divipola_mun":"13030","divipola_mun_n":13030,"divipola_dep":"13","divipola_dep_n":13,"mpio_nombre":"ALTOS DEL ROSARIO","dpto_nombre":"BOLÍVAR","area_km2":303.3359}},{"arcs":[[530,531,532]],"type":"Polygon","properties":{"divipola_mun":"13042","divipola_mun_n":13042,"divipola_dep":"13","divipola_dep_n":13,"mpio_nombre":"ARENAL","dpto_nombre":"BOLÍVAR","area_km2":461.4107}},{"arcs":[[533,534,535,536,537,538]],"type":"Polygon","properties":{"divipola_mun":"13052","divipola_mun_n":13052,"divipola_dep":"13","divipola_dep_n":13,"mpio_nombre":"ARJONA","dpto_nombre":"BOLÍVAR","area_km2":587.1747}},{"arcs":[[539,540]],"type":"Polygon","properties":{"divipola_mun":"13062","divipola_mun_n":13062,"divipola_dep":"13","divipola_dep_n":13,"mpio_nombre":"ARROYOHONDO","dpto_nombre":"BOLÍVAR","area_km2":163.7034}},{"arcs":[[-530,541,542,543,544]],"type":"Polygon","properties":{"divipola_mun":"13074","divipola_mun_n":13074,"divipola_dep":"13","divipola_dep_n":13,"mpio_nombre":"BARRANCO DE LOBA","dpto_nombre":"BOLÍVAR","area_km2":430.2669}},{"arcs":[[-483,-488,545,546,547,548,549,-540,550,551,552]],"type":"Polygon","properties":{"divipola_mun":"13140","divipola_mun_n":13140,"divipola_dep":"13","divipola_dep_n":13,"mpio_nombre":"CALAMAR","dpto_nombre":"BOLÍVAR","area_km2":255.2645}},{"arcs":[[-338,553,554,-409]],"type":"Polygon","properties":{"divipola_mun":"13160","divipola_mun_n":13160,"divipola_dep":"13","divipola_dep_n":13,"mpio_nombre":"CANTAGALLO","dpto_nombre":"BOLÍVAR","area_km2":880.4223}},{"arcs":[[555,556,557]],"type":"Polygon","properties":{"divipola_mun":"13188","divipola_mun_n":13188,"divipola_dep":"13","divipola_dep_n":13,"mpio_nombre":"CICUCO","dpto_nombre":"BOLÍVAR","area_km2":133.0619}},{"arcs":[[558,559,560,561,562,563,564,565]],"type":"Polygon","properties":{"divipola_mun":"13212","divipola_mun_n":13212,"divipola_dep":"13","divipola_dep_n":13,"mpio_nombre":"CÓRDOBA","dpto_nombre":"BOLÍVAR","area_km2":596.9071}},{"arcs":[[-514,566,567,568]],"type":"Polygon","properties":{"divipola_mun":"13222","divipola_mun_n":13222,"divipola_dep":"13","divipola_dep_n":13,"mpio_nombre":"CLEMENCIA","dpto_nombre":"BOLÍVAR","area_km2":85.3084}},{"arcs":[[-566,569,570,571,572,573,574]],"type":"Polygon","properties":{"divipola_mun":"13244","divipola_mun_n":13244,"divipola_dep":"13","divipola_dep_n":13,"mpio_nombre":"EL CARMEN DE BOLÍVAR","dpto_nombre":"BOLÍVAR","area_km2":945.7432}},{"arcs":[[-548,575,576,577,578]],"type":"Polygon","properties":{"divipola_mun":"13248","divipola_mun_n":13248,"divipola_dep":"13","divipola_dep_n":13,"mpio_nombre":"EL GUAMO","dpto_nombre":"BOLÍVAR","area_km2":382.9677}},{"arcs":[[579,580,581,582]],"type":"Polygon","properties":{"divipola_mun":"13268","divipola_mun_n":13268,"divipola_dep":"13","divipola_dep_n":13,"mpio_nombre":"EL PEÑÓN","dpto_nombre":"BOLÍVAR","area_km2":318.4996}},{"arcs":[[[-543,583,584,585,586]],[[587,588,589]]],"type":"MultiPolygon","properties":{"divipola_mun":"13300","divipola_mun_n":13300,"divipola_dep":"13","divipola_dep_n":13,"mpio_nombre":"HATILLO DE LOBA","dpto_nombre":"BOLÍVAR","area_km2":194.0465}},{"arcs":[[-527,590,591,592,593,-562,594,595,-557,596,597]],"type":"Polygon","properties":{"divipola_mun":"13430","divipola_mun_n":13430,"divipola_dep":"13","divipola_dep_n":13,"mpio_nombre":"MAGANGUÉ","dpto_nombre":"BOLÍVAR","area_km2":1129.1042}},{"arcs":[[-535,598,599,-551,-541,-550,600,601]],"type":"Polygon","properties":{"divipola_mun":"13433","divipola_mun_n":13433,"divipola_dep":"13","divipola_dep_n":13,"mpio_nombre":"MAHATES","dpto_nombre":"BOLÍVAR","area_km2":432.094}},{"arcs":[[-588,602,603,604,-585,605]],"type":"Polygon","properties":{"divipola_mun":"13440","divipola_mun_n":13440,"divipola_dep":"13","divipola_dep_n":13,"mpio_nombre":"MARGARITA","dpto_nombre":"BOLÍVAR","area_km2":293.2834}},{"arcs":[[-536,-602,606,607,-573,608]],"type":"Polygon","properties":{"divipola_mun":"13442","divipola_mun_n":13442,"divipola_dep":"13","divipola_dep_n":13,"mpio_nombre":"MARÍA LA BAJA","dpto_nombre":"BOLÍVAR","area_km2":561.0623}},{"arcs":[[-223,-314,609,-522,610,611,-532,612,613]],"type":"Polygon","properties":{"divipola_mun":"13458","divipola_mun_n":13458,"divipola_dep":"13","divipola_dep_n":13,"mpio_nombre":"MONTECRISTO","dpto_nombre":"BOLÍVAR","area_km2":2090.7188}},{"arcs":[[-556,614,615,616,617,618,-597]],"type":"Polygon","properties":{"divipola_mun":"13468","divipola_mun_n":13468,"divipola_dep":"13","divipola_dep_n":13,"mpio_nombre":"SANTA CRUZ DE MOMPOX","dpto_nombre":"BOLÍVAR","area_km2":651.5248}},{"arcs":[[-531,619,620,621,622,623,624,-613]],"type":"Polygon","properties":{"divipola_mun":"13473","divipola_mun_n":13473,"divipola_dep":"13","divipola_dep_n":13,"mpio_nombre":"MORALES","dpto_nombre":"BOLÍVAR","area_km2":1345.8293}},{"arcs":[[625,626]],"type":"Polygon","properties":{"divipola_mun":"13490","divipola_mun_n":13490,"divipola_dep":"13","divipola_dep_n":13,"mpio_nombre":"NOROSÍ","dpto_nombre":"BOLÍVAR","area_km2":415.8736}},{"arcs":[[-520,-598,-619,627,-589,-606,-584,-542,-529,628]],"type":"Polygon","properties":{"divipola_mun":"13549","divipola_mun_n":13549,"divipola_dep":"13","divipola_dep_n":13,"mpio_nombre":"PINILLOS","dpto_nombre":"BOLÍVAR","area_km2":774.7029}},{"arcs":[[-582,629,630,631,632]],"type":"Polygon","properties":{"divipola_mun":"13580","divipola_mun_n":13580,"divipola_dep":"13","divipola_dep_n":13,"mpio_nombre":"REGIDOR","dpto_nombre":"BOLÍVAR","area_km2":183.1962}},{"arcs":[[-533,-612,633,-627,634,635,-632,636,637,-620]],"type":"Polygon","properties":{"divipola_mun":"13600","divipola_mun_n":13600,"divipola_dep":"13","divipola_dep_n":13,"mpio_nombre":"RÍO VIEJO","dpto_nombre":"BOLÍVAR","area_km2":844.0811}},{"arcs":[[-453,-484,-553,638,-474]],"type":"Polygon","properties":{"divipola_mun":"13620","divipola_mun_n":13620,"divipola_dep":"13","divipola_dep_n":13,"mpio_nombre":"SAN CRISTÓBAL","dpto_nombre":"BOLÍVAR","area_km2":42.2637}},{"arcs":[[-476,639,-599,-534,640,641]],"type":"Polygon","properties":{"divipola_mun":"13647","divipola_mun_n":13647,"divipola_dep":"13","divipola_dep_n":13,"mpio_nombre":"SAN ESTANISLAO","dpto_nombre":"BOLÍVAR","area_km2":211.5754}},{"arcs":[[-590,-628,-618,642,643,-603]],"type":"Polygon","properties":{"divipola_mun":"13650","divipola_mun_n":13650,"divipola_dep":"13","divipola_dep_n":13,"mpio_nombre":"SAN FERNANDO","dpto_nombre":"BOLÍVAR","area_km2":317.0104}},{"arcs":[[-574,-608,644,645]],"type":"Polygon","properties":{"divipola_mun":"13654","divipola_mun_n":13654,"divipola_dep":"13","divipola_dep_n":13,"mpio_nombre":"SAN JACINTO","dpto_nombre":"BOLÍVAR","area_km2":442.6525}},{"arcs":[[-313,646,647,-523,-610]],"type":"Polygon","properties":{"divipola_mun":"13655","divipola_mun_n":13655,"divipola_dep":"13","divipola_dep_n":13,"mpio_nombre":"SAN JACINTO DEL CAUCA","dpto_nombre":"BOLÍVAR","area_km2":569.4554}},{"arcs":[[-549,-579,648,649,-645,-607,-601]],"type":"Polygon","properties":{"divipola_mun":"13657","divipola_mun_n":13657,"divipola_dep":"13","divipola_dep_n":13,"mpio_nombre":"SAN JUAN NEPOMUCENO","dpto_nombre":"BOLÍVAR","area_km2":630.8157}},{"arcs":[[-544,-587,-583,-633,-636]],"type":"Polygon","properties":{"divipola_mun":"13667","divipola_mun_n":13667,"divipola_dep":"13","divipola_dep_n":13,"mpio_nombre":"SAN MARTÍN DE LOBA","dpto_nombre":"BOLÍVAR","area_km2":449.6519}},{"arcs":[[-337,-379,650,651,652,-554]],"type":"Polygon","properties":{"divipola_mun":"13670","divipola_mun_n":13670,"divipola_dep":"13","divipola_dep_n":13,"mpio_nombre":"SAN PABLO","dpto_nombre":"BOLÍVAR","area_km2":2018.5682}},{"arcs":[[-446,-478,653,-567,-519,654,-462]],"type":"Polygon","properties":{"divipola_mun":"13673","divipola_mun_n":13673,"divipola_dep":"13","divipola_dep_n":13,"mpio_nombre":"SANTA CATALINA","dpto_nombre":"BOLÍVAR","area_km2":164.5847}},{"arcs":[[-515,-569,655,656]],"type":"Polygon","properties":{"divipola_mun":"13683","divipola_mun_n":13683,"divipola_dep":"13","divipola_dep_n":13,"mpio_nombre":"SANTA ROSA","dpto_nombre":"BOLÍVAR","area_km2":154.6062}},{"arcs":[[-224,-614,-625,657,-651,-378]],"type":"Polygon","properties":{"divipola_mun":"13688","divipola_mun_n":13688,"divipola_dep":"13","divipola_dep_n":13,"mpio_nombre":"SANTA ROSA DEL SUR","dpto_nombre":"BOLÍVAR","area_km2":2380.0941}},{"arcs":[[-624,658,-652,-658]],"type":"Polygon","properties":{"divipola_mun":"13744","divipola_mun_n":13744,"divipola_dep":"13","divipola_dep_n":13,"mpio_nombre":"SIMITÍ","dpto_nombre":"BOLÍVAR","area_km2":1352.8588}},{"arcs":[[-475,-639,-552,-600,-640]],"type":"Polygon","properties":{"divipola_mun":"13760","divipola_mun_n":13760,"divipola_dep":"13","divipola_dep_n":13,"mpio_nombre":"SOPLAVIENTO","dpto_nombre":"BOLÍVAR","area_km2":92.5336}},{"arcs":[[-558,-596,659,660,661,-615]],"type":"Polygon","properties":{"divipola_mun":"13780","divipola_mun_n":13780,"divipola_dep":"13","divipola_dep_n":13,"mpio_nombre":"TALAIGUA NUEVO","dpto_nombre":"BOLÍVAR","area_km2":249.0817}},{"arcs":[[-521,-629,-528,-545,-635,-626,-634,-611]],"type":"Polygon","properties":{"divipola_mun":"13810","divipola_mun_n":13810,"divipola_dep":"13","divipola_dep_n":13,"mpio_nombre":"TIQUISIO","dpto_nombre":"BOLÍVAR","area_km2":761.9958}},{"arcs":[[-516,-657,662,-641,-539,663]],"type":"Polygon","properties":{"divipola_mun":"13836","divipola_mun_n":13836,"divipola_dep":"13","divipola_dep_n":13,"mpio_nombre":"TURBACO","dpto_nombre":"BOLÍVAR","area_km2":202.4938}},{"arcs":[[-517,-664,-538,664,665]],"type":"Polygon","properties":{"divipola_mun":"13838","divipola_mun_n":13838,"divipola_dep":"13","divipola_dep_n":13,"mpio_nombre":"TURBANA","dpto_nombre":"BOLÍVAR","area_km2":191.0952}},{"arcs":[[-477,-642,-663,-656,-568,-654]],"type":"Polygon","properties":{"divipola_mun":"13873","divipola_mun_n":13873,"divipola_dep":"13","divipola_dep_n":13,"mpio_nombre":"VILLANUEVA","dpto_nombre":"BOLÍVAR","area_km2":133.0252}},{"arcs":[[-559,-575,-646,-650,666,667]],"type":"Polygon","properties":{"divipola_mun":"13894","divipola_mun_n":13894,"divipola_dep":"13","divipola_dep_n":13,"mpio_nombre":"ZAMBRANO","dpto_nombre":"BOLÍVAR","area_km2":308.9522}},{"arcs":[[668,669,670,671,672,673,674,675,676,677]],"type":"Polygon","properties":{"divipola_mun":"15001","divipola_mun_n":15001,"divipola_dep":"15","divipola_dep_n":15,"mpio_nombre":"TUNJA","dpto_nombre":"BOYACÁ","area_km2":119.4815}},{"arcs":[[678,679,680,681,682]],"type":"Polygon","properties":{"divipola_mun":"15022","divipola_mun_n":15022,"divipola_dep":"15","divipola_dep_n":15,"mpio_nombre":"ALMEIDA","dpto_nombre":"BOYACÁ","area_km2":57.5742}},{"arcs":[[683,684,685,686,687,688,689,690,691,692]],"type":"Polygon","properties":{"divipola_mun":"15047","divipola_mun_n":15047,"divipola_dep":"15","divipola_dep_n":15,"mpio_nombre":"AQUITANIA","dpto_nombre":"BOYACÁ","area_km2":940.3545}},{"arcs":[[693,694,695,696,697,698,699]],"type":"Polygon","properties":{"divipola_mun":"15051","divipola_mun_n":15051,"divipola_dep":"15","divipola_dep_n":15,"mpio_nombre":"ARCABUCO","dpto_nombre":"BOYACÁ","area_km2":137.669}},{"arcs":[[700,701,702,703,704]],"type":"Polygon","properties":{"divipola_mun":"15087","divipola_mun_n":15087,"divipola_dep":"15","divipola_dep_n":15,"mpio_nombre":"BELÉN","dpto_nombre":"BOYACÁ","area_km2":162.7742}},{"arcs":[[705,706,707,708]],"type":"Polygon","properties":{"divipola_mun":"15090","divipola_mun_n":15090,"divipola_dep":"15","divipola_dep_n":15,"mpio_nombre":"BERBEO","dpto_nombre":"BOYACÁ","area_km2":57.9036}},{"arcs":[[-702,709,710,711,712,713,714]],"type":"Polygon","properties":{"divipola_mun":"15092","divipola_mun_n":15092,"divipola_dep":"15","divipola_dep_n":15,"mpio_nombre":"BETÉITIVA","dpto_nombre":"BOYACÁ","area_km2":101.6657}},{"arcs":[[715,716,717,718,719,720,721]],"type":"Polygon","properties":{"divipola_mun":"15097","divipola_mun_n":15097,"divipola_dep":"15","divipola_dep_n":15,"mpio_nombre":"BOAVITA","dpto_nombre":"BOYACÁ","area_km2":144.9859}},{"arcs":[[-673,722,723,724,725,726]],"type":"Polygon","properties":{"divipola_mun":"15104","divipola_mun_n":15104,"divipola_dep":"15","divipola_dep_n":15,"mpio_nombre":"BOYACÁ","dpto_nombre":"BOYACÁ","area_km2":47.9411}},{"arcs":[[727,728,729,730,731,732]],"type":"Polygon","properties":{"divipola_mun":"15106","divipola_mun_n":15106,"divipola_dep":"15","divipola_dep_n":15,"mpio_nombre":"BRICEÑO","dpto_nombre":"BOYACÁ","area_km2":64.512}},{"arcs":[[733,734,735,736,737]],"type":"Polygon","properties":{"divipola_mun":"15109","divipola_mun_n":15109,"divipola_dep":"15","divipola_dep_n":15,"mpio_nombre":"BUENAVISTA","dpto_nombre":"BOYACÁ","area_km2":110.0102}},{"arcs":[[-713,738,739]],"type":"Polygon","properties":{"divipola_mun":"15114","divipola_mun_n":15114,"divipola_dep":"15","divipola_dep_n":15,"mpio_nombre":"BUSBANZÁ","dpto_nombre":"BOYACÁ","area_km2":25.3012}},{"arcs":[[-730,740,741,-738,742,743]],"type":"Polygon","properties":{"divipola_mun":"15131","divipola_mun_n":15131,"divipola_dep":"15","divipola_dep_n":15,"mpio_nombre":"CALDAS","dpto_nombre":"BOYACÁ","area_km2":78.8569}},{"arcs":[[744,745,746,747,748]],"type":"Polygon","properties":{"divipola_mun":"15135","divipola_mun_n":15135,"divipola_dep":"15","divipola_dep_n":15,"mpio_nombre":"CAMPOHERMOSO","dpto_nombre":"BOYACÁ","area_km2":298.1735}},{"arcs":[[-703,-715,749,750,751]],"type":"Polygon","properties":{"divipola_mun":"15162","divipola_mun_n":15162,"divipola_dep":"15","divipola_dep_n":15,"mpio_nombre":"CERINZA","dpto_nombre":"BOYACÁ","area_km2":63.4531}},{"arcs":[[752,753,754,755,756,757,758]],"type":"Polygon","properties":{"divipola_mun":"15172","divipola_mun_n":15172,"divipola_dep":"15","divipola_dep_n":15,"mpio_nombre":"CHINAVITA","dpto_nombre":"BOYACÁ","area_km2":136.1377}},{"arcs":[[-729,759,760,761,762,-741]],"type":"Polygon","properties":{"divipola_mun":"15176","divipola_mun_n":15176,"divipola_dep":"15","divipola_dep_n":15,"mpio_nombre":"CHIQUINQUIRÁ","dpto_nombre":"BOYACÁ","area_km2":164.7784}},{"arcs":[[763,764,765,766,767,768]],"type":"Polygon","properties":{"divipola_mun":"15180","divipola_mun_n":15180,"divipola_dep":"15","divipola_dep_n":15,"mpio_nombre":"CHISCAS","dpto_nombre":"BOYACÁ","area_km2":657.2808}},{"arcs":[[769,770,771,772,773,774,775]],"type":"Polygon","properties":{"divipola_mun":"15183","divipola_mun_n":15183,"divipola_dep":"15","divipola_dep_n":15,"mpio_nombre":"CHITA","dpto_nombre":"BOYACÁ","area_km2":675.8078}},{"arcs":[[776,777,778,779,780]],"type":"Polygon","properties":{"divipola_mun":"15185","divipola_mun_n":15185,"divipola_dep":"15","divipola_dep_n":15,"mpio_nombre":"CHITARAQUE","dpto_nombre":"BOYACÁ","area_km2":158.2695}},{"arcs":[[-671,781,782,783,784,785]],"type":"Polygon","properties":{"divipola_mun":"15187","divipola_mun_n":15187,"divipola_dep":"15","divipola_dep_n":15,"mpio_nombre":"CHIVATÁ","dpto_nombre":"BOYACÁ","area_km2":49.4442}},{"arcs":[[786,787,788,789]],"type":"Polygon","properties":{"divipola_mun":"15189","divipola_mun_n":15189,"divipola_dep":"15","divipola_dep_n":15,"mpio_nombre":"CIÉNEGA","dpto_nombre":"BOYACÁ","area_km2":53.897}},{"arcs":[[-669,790,-695,791,792,793,794]],"type":"Polygon","properties":{"divipola_mun":"15204","divipola_mun_n":15204,"divipola_dep":"15","divipola_dep_n":15,"mpio_nombre":"CÓMBITA","dpto_nombre":"BOYACÁ","area_km2":138.0443}},{"arcs":[[-736,795,796,797,798,799]],"type":"Polygon","properties":{"divipola_mun":"15212","divipola_mun_n":15212,"divipola_dep":"15","divipola_dep_n":15,"mpio_nombre":"COPER","dpto_nombre":"BOYACÁ","area_km2":149.678}},{"arcs":[[-712,800,801,802,803,804,-739]],"type":"Polygon","properties":{"divipola_mun":"15215","divipola_mun_n":15215,"divipola_dep":"15","divipola_dep_n":15,"mpio_nombre":"CORRALES","dpto_nombre":"BOYACÁ","area_km2":60.7266}},{"arcs":[[805,806,807,808,809]],"type":"Polygon","properties":{"divipola_mun":"15218","divipola_mun_n":15218,"divipola_dep":"15","divipola_dep_n":15,"mpio_nombre":"COVARACHÍA","dpto_nombre":"BOYACÁ","area_km2":102.2142}},{"arcs":[[-769,810,811,812,813,814,815]],"type":"Polygon","properties":{"divipola_mun":"15223","divipola_mun_n":15223,"divipola_dep":"15","divipola_dep_n":15,"mpio_nombre":"CUBARÁ","dpto_nombre":"BOYACÁ","area_km2":1153.6853}},{"arcs":[[-676,816,817]],"type":"Polygon","properties":{"divipola_mun":"15224","divipola_mun_n":15224,"divipola_dep":"15","divipola_dep_n":15,"mpio_nombre":"CUCAITA","dpto_nombre":"BOYACÁ","area_km2":42.0581}},{"arcs":[[-691,818,819,820]],"type":"Polygon","properties":{"divipola_mun":"15226","divipola_mun_n":15226,"divipola_dep":"15","divipola_dep_n":15,"mpio_nombre":"CUÍTIVA","dpto_nombre":"BOYACÁ","area_km2":44.0384}},{"arcs":[[-697,821,822,823,824]],"type":"Polygon","properties":{"divipola_mun":"15232","divipola_mun_n":15232,"divipola_dep":"15","divipola_dep_n":15,"mpio_nombre":"CHÍQUIZA","dpto_nombre":"BOYACÁ","area_km2":116.3184}},{"arcs":[[-680,825,826,827,828,829]],"type":"Polygon","properties":{"divipola_mun":"15236","divipola_mun_n":15236,"divipola_dep":"15","divipola_dep_n":15,"mpio_nombre":"CHIVOR","dpto_nombre":"BOYACÁ","area_km2":108.4932}},{"arcs":[[830,831,832,833,834]],"type":"Polygon","properties":{"divipola_mun":"15238","divipola_mun_n":15238,"divipola_dep":"15","divipola_dep_n":15,"mpio_nombre":"DUITAMA","dpto_nombre":"BOYACÁ","area_km2":233.578}},{"arcs":[[-776,835,836,837,838,839,840]],"type":"Polygon","properties":{"divipola_mun":"15244","divipola_mun_n":15244,"divipola_dep":"15","divipola_dep_n":15,"mpio_nombre":"EL COCUY","dpto_nombre":"BOYACÁ","area_km2":237.7896}},{"arcs":[[-765,841,842,843,844]],"type":"Polygon","properties":{"divipola_mun":"15248","divipola_mun_n":15248,"divipola_dep":"15","divipola_dep_n":15,"mpio_nombre":"EL ESPINO","dpto_nombre":"BOYACÁ","area_km2":69.2418}},{"arcs":[[845,846,847,848,849,850]],"type":"Polygon","properties":{"divipola_mun":"15272","divipola_mun_n":15272,"divipola_dep":"15","divipola_dep_n":15,"mpio_nombre":"FIRAVITOBA","dpto_nombre":"BOYACÁ","area_km2":109.1316}},{"arcs":[[-714,-740,-805,851,852,-750]],"type":"Polygon","properties":{"divipola_mun":"15276","divipola_mun_n":15276,"divipola_dep":"15","divipola_dep_n":15,"mpio_nombre":"FLORESTA","dpto_nombre":"BOYACÁ","area_km2":87.9579}},{"arcs":[[-699,853,854,855]],"type":"Polygon","properties":{"divipola_mun":"15293","divipola_mun_n":15293,"divipola_dep":"15","divipola_dep_n":15,"mpio_nombre":"GACHANTIVÁ","dpto_nombre":"BOYACÁ","area_km2":88.0256}},{"arcs":[[-802,856,857,858,859]],"type":"Polygon","properties":{"divipola_mun":"15296","divipola_mun_n":15296,"divipola_dep":"15","divipola_dep_n":15,"mpio_nombre":"GÁMEZA","dpto_nombre":"BOYACÁ","area_km2":123.4189}},{"arcs":[[-683,860,861,862,863,-756,864,865]],"type":"Polygon","properties":{"divipola_mun":"15299","divipola_mun_n":15299,"divipola_dep":"15","divipola_dep_n":15,"mpio_nombre":"GARAGOA","dpto_nombre":"BOYACÁ","area_km2":193.1746}},{"arcs":[[-844,866,867,868]],"type":"Polygon","properties":{"divipola_mun":"15317","divipola_mun_n":15317,"divipola_dep":"15","divipola_dep_n":15,"mpio_nombre":"GUACAMAYAS","dpto_nombre":"BOYACÁ","area_km2":57.5217}},{"arcs":[[869,870,871,872,873,874,875]],"type":"Polygon","properties":{"divipola_mun":"15322","divipola_mun_n":15322,"divipola_dep":"15","divipola_dep_n":15,"mpio_nombre":"GUATEQUE","dpto_nombre":"BOYACÁ","area_km2":36.072}},{"arcs":[[-681,-830,876,877,878,-873,879]],"type":"Polygon","properties":{"divipola_mun":"15325","divipola_mun_n":15325,"divipola_dep":"15","divipola_dep_n":15,"mpio_nombre":"GUAYATÁ","dpto_nombre":"BOYACÁ","area_km2":99.8042}},{"arcs":[[-764,-816,880,881,-839,882,-842]],"type":"Polygon","properties":{"divipola_mun":"15332","divipola_mun_n":15332,"divipola_dep":"15","divipola_dep_n":15,"mpio_nombre":"GÜICÁN DE LA SIERRA","dpto_nombre":"BOYACÁ","area_km2":949.8998}},{"arcs":[[-820,883,-847,884]],"type":"Polygon","properties":{"divipola_mun":"15362","divipola_mun_n":15362,"divipola_dep":"15","divipola_dep_n":15,"mpio_nombre":"IZA","dpto_nombre":"BOYACÁ","area_km2":34.1803}},{"arcs":[[-725,885,886,887]],"type":"Polygon","properties":{"divipola_mun":"15367","divipola_mun_n":15367,"divipola_dep":"15","divipola_dep_n":15,"mpio_nombre":"JENESANO","dpto_nombre":"BOYACÁ","area_km2":58.9077}},{"arcs":[[-774,888,889,890,891]],"type":"Polygon","properties":{"divipola_mun":"15368","divipola_mun_n":15368,"divipola_dep":"15","divipola_dep_n":15,"mpio_nombre":"JERICÓ","dpto_nombre":"BOYACÁ","area_km2":131.3645}},{"arcs":[[-684,892,893,894,895,896]],"type":"Polygon","properties":{"divipola_mun":"15377","divipola_mun_n":15377,"divipola_dep":"15","divipola_dep_n":15,"mpio_nombre":"LABRANZAGRANDE","dpto_nombre":"BOYACÁ","area_km2":579.9868}},{"arcs":[[-876,897,898,899,900,901]],"type":"Polygon","properties":{"divipola_mun":"15380","divipola_mun_n":15380,"divipola_dep":"15","divipola_dep_n":15,"mpio_nombre":"LA CAPILLA","dpto_nombre":"BOYACÁ","area_km2":56.8372}},{"arcs":[[902,903]],"type":"Polygon","properties":{"divipola_mun":"15401","divipola_mun_n":15401,"divipola_dep":"15","divipola_dep_n":15,"mpio_nombre":"LA VICTORIA","dpto_nombre":"BOYACÁ","area_km2":27.9731}},{"arcs":[[-718,904,-836,-775,-892,905]],"type":"Polygon","properties":{"divipola_mun":"15403","divipola_mun_n":15403,"divipola_dep":"15","divipola_dep_n":15,"mpio_nombre":"LA UVITA","dpto_nombre":"BOYACÁ","area_km2":161.2012}},{"arcs":[[-698,-825,906,907,908,-854]],"type":"Polygon","properties":{"divipola_mun":"15407","divipola_mun_n":15407,"divipola_dep":"15","divipola_dep_n":15,"mpio_nombre":"VILLA DE LEYVA","dpto_nombre":"BOYACÁ","area_km2":126.384}},{"arcs":[[-679,-866,-747,909,-826]],"type":"Polygon","properties":{"divipola_mun":"15425","divipola_mun_n":15425,"divipola_dep":"15","divipola_dep_n":15,"mpio_nombre":"MACANAL","dpto_nombre":"BOYACÁ","area_km2":199.6142}},{"arcs":[[-737,-800,910,911,912,-743]],"type":"Polygon","properties":{"divipola_mun":"15442","divipola_mun_n":15442,"divipola_dep":"15","divipola_dep_n":15,"mpio_nombre":"MARIPÍ","dpto_nombre":"BOYACÁ","area_km2":160.4783}},{"arcs":[[-707,913,-748,-865,-755,914]],"type":"Polygon","properties":{"divipola_mun":"15455","divipola_mun_n":15455,"divipola_dep":"15","divipola_dep_n":15,"mpio_nombre":"MIRAFLORES","dpto_nombre":"BOYACÁ","area_km2":258.2395}},{"arcs":[[-693,915,916,917,-859,918,919,-893]],"type":"Polygon","properties":{"divipola_mun":"15464","divipola_mun_n":15464,"divipola_dep":"15","divipola_dep_n":15,"mpio_nombre":"MONGUA","dpto_nombre":"BOYACÁ","area_km2":360.0405}},{"arcs":[[-917,920,921]],"type":"Polygon","properties":{"divipola_mun":"15466","divipola_mun_n":15466,"divipola_dep":"15","divipola_dep_n":15,"mpio_nombre":"MONGUÍ","dpto_nombre":"BOYACÁ","area_km2":68.6739}},{"arcs":[[-700,-856,922,923,924,925,926,927]],"type":"Polygon","properties":{"divipola_mun":"15469","divipola_mun_n":15469,"divipola_dep":"15","divipola_dep_n":15,"mpio_nombre":"MONIQUIRÁ","dpto_nombre":"BOYACÁ","area_km2":217.8823}},{"arcs":[[-678,928,-822,-696,-791]],"type":"Polygon","properties":{"divipola_mun":"15476","divipola_mun_n":15476,"divipola_dep":"15","divipola_dep_n":15,"mpio_nombre":"MOTAVITA","dpto_nombre":"BOYACÁ","area_km2":59.9425}},{"arcs":[[-799,929,930,931,932,-911]],"type":"Polygon","properties":{"divipola_mun":"15480","divipola_mun_n":15480,"divipola_dep":"15","divipola_dep_n":15,"mpio_nombre":"MUZO","dpto_nombre":"BOYACÁ","area_km2":137.7057}},{"arcs":[[-804,933,934,935,936,-852]],"type":"Polygon","properties":{"divipola_mun":"15491","divipola_mun_n":15491,"divipola_dep":"15","divipola_dep_n":15,"mpio_nombre":"NOBSA","dpto_nombre":"BOYACÁ","area_km2":55.3879}},{"arcs":[[-726,-888,937,938,939,940]],"type":"Polygon","properties":{"divipola_mun":"15494","divipola_mun_n":15494,"divipola_dep":"15","divipola_dep_n":15,"mpio_nombre":"NUEVO COLÓN","dpto_nombre":"BOYACÁ","area_km2":51.3116}},{"arcs":[[-670,-795,941,-782]],"type":"Polygon","properties":{"divipola_mun":"15500","divipola_mun_n":15500,"divipola_dep":"15","divipola_dep_n":15,"mpio_nombre":"OICATÁ","dpto_nombre":"BOYACÁ","area_km2":60.1955}},{"arcs":[[-932,942,943,944,945,946,947,948,949]],"type":"Polygon","properties":{"divipola_mun":"15507","divipola_mun_n":15507,"divipola_dep":"15","divipola_dep_n":15,"mpio_nombre":"OTANCHE","dpto_nombre":"BOYACÁ","area_km2":474.4847}},{"arcs":[[-757,-864,950,-901,951]],"type":"Polygon","properties":{"divipola_mun":"15511","divipola_mun_n":15511,"divipola_dep":"15","divipola_dep_n":15,"mpio_nombre":"PACHAVITA","dpto_nombre":"BOYACÁ","area_km2":66.5774}},{"arcs":[[-687,952,953,954,955,956,-749,-914,-706,957]],"type":"Polygon","properties":{"divipola_mun":"15514","divipola_mun_n":15514,"divipola_dep":"15","divipola_dep_n":15,"mpio_nombre":"PÁEZ","dpto_nombre":"BOYACÁ","area_km2":338.4082}},{"arcs":[[-833,958,-850,959,960,961]],"type":"Polygon","properties":{"divipola_mun":"15516","divipola_mun_n":15516,"divipola_dep":"15","divipola_dep_n":15,"mpio_nombre":"PAIPA","dpto_nombre":"BOYACÁ","area_km2":304.5412}},{"arcs":[[-685,-897,962,963,964]],"type":"Polygon","properties":{"divipola_mun":"15518","divipola_mun_n":15518,"divipola_dep":"15","divipola_dep_n":15,"mpio_nombre":"PAJARITO","dpto_nombre":"BOYACÁ","area_km2":313.0082}},{"arcs":[[-838,965,-867,-843,-883]],"type":"Polygon","properties":{"divipola_mun":"15522","divipola_mun_n":15522,"divipola_dep":"15","divipola_dep_n":15,"mpio_nombre":"PANQUEBA","dpto_nombre":"BOYACÁ","area_km2":39.6239}},{"arcs":[[-731,-744,-913,966,-949,967,968]],"type":"Polygon","properties":{"divipola_mun":"15531","divipola_mun_n":15531,"divipola_dep":"15","divipola_dep_n":15,"mpio_nombre":"PAUNA","dpto_nombre":"BOYACÁ","area_km2":252.3016}},{"arcs":[[-895,969,970,971,972]],"type":"Polygon","properties":{"divipola_mun":"15533","divipola_mun_n":15533,"divipola_dep":"15","divipola_dep_n":15,"mpio_nombre":"PAYA","dpto_nombre":"BOYACÁ","area_km2":442.7616}},{"arcs":[[-701,973,974,975,976,977,-710]],"type":"Polygon","properties":{"divipola_mun":"15537","divipola_mun_n":15537,"divipola_dep":"15","divipola_dep_n":15,"mpio_nombre":"PAZ DE RÍO","dpto_nombre":"BOYACÁ","area_km2":122.4429}},{"arcs":[[-848,-884,978,979,980,981,982,983]],"type":"Polygon","properties":{"divipola_mun":"15542","divipola_mun_n":15542,"divipola_dep":"15","divipola_dep_n":15,"mpio_nombre":"PESCA","dpto_nombre":"BOYACÁ","area_km2":262.5926}},{"arcs":[[-894,-920,984,985,-970]],"type":"Polygon","properties":{"divipola_mun":"15550","divipola_mun_n":15550,"divipola_dep":"15","divipola_dep_n":15,"mpio_nombre":"PISBA","dpto_nombre":"BOYACÁ","area_km2":463.8753}},{"arcs":[[-327,986,-945,987,988,989,-380,-333,-329]],"type":"Polygon","properties":{"divipola_mun":"15572","divipola_mun_n":15572,"divipola_dep":"15","divipola_dep_n":15,"mpio_nombre":"PUERTO BOYACÁ","dpto_nombre":"BOYACÁ","area_km2":1512.0837}},{"arcs":[[-904,990,-943,-931,991,992]],"type":"Polygon","properties":{"divipola_mun":"15580","divipola_mun_n":15580,"divipola_dep":"15","divipola_dep_n":15,"mpio_nombre":"QUÍPAMA","dpto_nombre":"BOYACÁ","area_km2":167.1335}},{"arcs":[[-724,993,-788,994,995,-753,996,-886]],"type":"Polygon","properties":{"divipola_mun":"15599","divipola_mun_n":15599,"divipola_dep":"15","divipola_dep_n":15,"mpio_nombre":"RAMIRIQUÍ","dpto_nombre":"BOYACÁ","area_km2":125.464}},{"arcs":[[997,998,999,1000,1001,1002,1003]],"type":"Polygon","properties":{"divipola_mun":"15600","divipola_mun_n":15600,"divipola_dep":"15","divipola_dep_n":15,"mpio_nombre":"RÁQUIRA","dpto_nombre":"BOYACÁ","area_km2":220.3265}},{"arcs":[[-787,1004,1005,-981,1006,-995]],"type":"Polygon","properties":{"divipola_mun":"15621","divipola_mun_n":15621,"divipola_dep":"15","divipola_dep_n":15,"mpio_nombre":"RONDÓN","dpto_nombre":"BOYACÁ","area_km2":205.9872}},{"arcs":[[-728,1007,1008,1009,1010,1011,-760]],"type":"Polygon","properties":{"divipola_mun":"15632","divipola_mun_n":15632,"divipola_dep":"15","divipola_dep_n":15,"mpio_nombre":"SABOYÁ","dpto_nombre":"BOYACÁ","area_km2":248.2883}},{"arcs":[[-824,1012,-998,1013,-907]],"type":"Polygon","properties":{"divipola_mun":"15638","divipola_mun_n":15638,"divipola_dep":"15","divipola_dep_n":15,"mpio_nombre":"SÁCHICA","dpto_nombre":"BOYACÁ","area_km2":63.8252}},{"arcs":[[-675,1014,1015,-999,-1013,1016,-817]],"type":"Polygon","properties":{"divipola_mun":"15646","divipola_mun_n":15646,"divipola_dep":"15","divipola_dep_n":15,"mpio_nombre":"SAMACÁ","dpto_nombre":"BOYACÁ","area_km2":167.3163}},{"arcs":[[-688,-958,-709,1017]],"type":"Polygon","properties":{"divipola_mun":"15660","divipola_mun_n":15660,"divipola_dep":"15","divipola_dep_n":15,"mpio_nombre":"SAN EDUARDO","dpto_nombre":"BOYACÁ","area_km2":109.2595}},{"arcs":[[-779,1018,-926,1019,1020,1021,1022]],"type":"Polygon","properties":{"divipola_mun":"15664","divipola_mun_n":15664,"divipola_dep":"15","divipola_dep_n":15,"mpio_nombre":"SAN JOSÉ DE PARE","dpto_nombre":"BOYACÁ","area_km2":74.2848}},{"arcs":[[-745,-957,1023,1024,1025]],"type":"Polygon","properties":{"divipola_mun":"15667","divipola_mun_n":15667,"divipola_dep":"15","divipola_dep_n":15,"mpio_nombre":"SAN LUIS DE GACENO","dpto_nombre":"BOYACÁ","area_km2":468.9663}},{"arcs":[[-717,1026,-868,-966,-837,-905]],"type":"Polygon","properties":{"divipola_mun":"15673","divipola_mun_n":15673,"divipola_dep":"15","divipola_dep_n":15,"mpio_nombre":"SAN MATEO","dpto_nombre":"BOYACÁ","area_km2":123.6023}},{"arcs":[[-762,1027,-1002,1028,1029]],"type":"Polygon","properties":{"divipola_mun":"15676","divipola_mun_n":15676,"divipola_dep":"15","divipola_dep_n":15,"mpio_nombre":"SAN MIGUEL DE SEMA","dpto_nombre":"BOYACÁ","area_km2":93.8605}},{"arcs":[[-912,-933,-950,-967]],"type":"Polygon","properties":{"divipola_mun":"15681","divipola_mun_n":15681,"divipola_dep":"15","divipola_dep_n":15,"mpio_nombre":"SAN PABLO DE BORBUR","dpto_nombre":"BOYACÁ","area_km2":195.6647}},{"arcs":[[-780,-1023,1030,1031]],"type":"Polygon","properties":{"divipola_mun":"15686","divipola_mun_n":15686,"divipola_dep":"15","divipola_dep_n":15,"mpio_nombre":"SANTANA","dpto_nombre":"BOYACÁ","area_km2":67.853}},{"arcs":[[-746,-1026,1032,1033,1034,-827,-910]],"type":"Polygon","properties":{"divipola_mun":"15690","divipola_mun_n":15690,"divipola_dep":"15","divipola_dep_n":15,"mpio_nombre":"SANTA MARÍA","dpto_nombre":"BOYACÁ","area_km2":309.1066}},{"arcs":[[-751,-853,-937,1035,-831,1036]],"type":"Polygon","properties":{"divipola_mun":"15693","divipola_mun_n":15693,"divipola_dep":"15","divipola_dep_n":15,"mpio_nombre":"SANTA ROSA DE VITERBO","dpto_nombre":"BOYACÁ","area_km2":116.478}},{"arcs":[[-855,-909,1037,-1010,1038,-923]],"type":"Polygon","properties":{"divipola_mun":"15696","divipola_mun_n":15696,"divipola_dep":"15","divipola_dep_n":15,"mpio_nombre":"SANTA SOFÍA","dpto_nombre":"BOYACÁ","area_km2":77.4421}},{"arcs":[[-890,1039,1040,-975,1041,1042,1043]],"type":"Polygon","properties":{"divipola_mun":"15720","divipola_mun_n":15720,"divipola_dep":"15","divipola_dep_n":15,"mpio_nombre":"SATIVANORTE","dpto_nombre":"BOYACÁ","area_km2":161.0701}},{"arcs":[[-976,-1041,1044,1045]],"type":"Polygon","properties":{"divipola_mun":"15723","divipola_mun_n":15723,"divipola_dep":"15","divipola_dep_n":15,"mpio_nombre":"SATIVASUR","dpto_nombre":"BOYACÁ","area_km2":54.6258}},{"arcs":[[-785,1046,-982,-1006,1047,1048]],"type":"Polygon","properties":{"divipola_mun":"15740","divipola_mun_n":15740,"divipola_dep":"15","divipola_dep_n":15,"mpio_nombre":"SIACHOQUE","dpto_nombre":"BOYACÁ","area_km2":119.0072}},{"arcs":[[-720,1049,1050,1051]],"type":"Polygon","properties":{"divipola_mun":"15753","divipola_mun_n":15753,"divipola_dep":"15","divipola_dep_n":15,"mpio_nombre":"SOATÁ","dpto_nombre":"BOYACÁ","area_km2":122.831}},{"arcs":[[-773,1052,-985,-919,-858,1053,1054,-1045,-1040,-889]],"type":"Polygon","properties":{"divipola_mun":"15755","divipola_mun_n":15755,"divipola_dep":"15","divipola_dep_n":15,"mpio_nombre":"SOCOTÁ","dpto_nombre":"BOYACÁ","area_km2":602.3038}},{"arcs":[[-977,-1046,-1055,1055]],"type":"Polygon","properties":{"divipola_mun":"15757","divipola_mun_n":15757,"divipola_dep":"15","divipola_dep_n":15,"mpio_nombre":"SOCHA","dpto_nombre":"BOYACÁ","area_km2":149.8802}},{"arcs":[[-692,-821,-885,-846,1056,-935,1057,-921,-916]],"type":"Polygon","properties":{"divipola_mun":"15759","divipola_mun_n":15759,"divipola_dep":"15","divipola_dep_n":15,"mpio_nombre":"SOGAMOSO","dpto_nombre":"BOYACÁ","area_km2":207.2839}},{"arcs":[[-682,-880,-872,1058,-861]],"type":"Polygon","properties":{"divipola_mun":"15761","divipola_mun_n":15761,"divipola_dep":"15","divipola_dep_n":15,"mpio_nombre":"SOMONDOCO","dpto_nombre":"BOYACÁ","area_km2":58.6968}},{"arcs":[[-677,-818,-1017,-823,-929]],"type":"Polygon","properties":{"divipola_mun":"15762","divipola_mun_n":15762,"divipola_dep":"15","divipola_dep_n":15,"mpio_nombre":"SORA","dpto_nombre":"BOYACÁ","area_km2":47.7655}},{"arcs":[[-793,1059,-961,1060]],"type":"Polygon","properties":{"divipola_mun":"15763","divipola_mun_n":15763,"divipola_dep":"15","divipola_dep_n":15,"mpio_nombre":"SOTAQUIRÁ","dpto_nombre":"BOYACÁ","area_km2":291.5651}},{"arcs":[[-672,-786,-1049,1061,-789,-994,-723]],"type":"Polygon","properties":{"divipola_mun":"15764","divipola_mun_n":15764,"divipola_dep":"15","divipola_dep_n":15,"mpio_nombre":"SORACÁ","dpto_nombre":"BOYACÁ","area_km2":55.6606}},{"arcs":[[-719,-906,-891,-1044,1062,-1050]],"type":"Polygon","properties":{"divipola_mun":"15774","divipola_mun_n":15774,"divipola_dep":"15","divipola_dep_n":15,"mpio_nombre":"SUSACÓN","dpto_nombre":"BOYACÁ","area_km2":182.3129}},{"arcs":[[-908,-1014,-1004,1063,-1011,-1038]],"type":"Polygon","properties":{"divipola_mun":"15776","divipola_mun_n":15776,"divipola_dep":"15","divipola_dep_n":15,"mpio_nombre":"SUTAMARCHÁN","dpto_nombre":"BOYACÁ","area_km2":103.3457}},{"arcs":[[-862,-1059,-871,1064]],"type":"Polygon","properties":{"divipola_mun":"15778","divipola_mun_n":15778,"divipola_dep":"15","divipola_dep_n":15,"mpio_nombre":"SUTATENZA","dpto_nombre":"BOYACÁ","area_km2":41.0667}},{"arcs":[[-711,-978,-1056,-1054,-857,-801]],"type":"Polygon","properties":{"divipola_mun":"15790","divipola_mun_n":15790,"divipola_dep":"15","divipola_dep_n":15,"mpio_nombre":"TASCO","dpto_nombre":"BOYACÁ","area_km2":209.2515}},{"arcs":[[-863,-1065,-870,-902,-951]],"type":"Polygon","properties":{"divipola_mun":"15798","divipola_mun_n":15798,"divipola_dep":"15","divipola_dep_n":15,"mpio_nombre":"TENZA","dpto_nombre":"BOYACÁ","area_km2":45.7873}},{"arcs":[[-759,1065,-938,-887,-997]],"type":"Polygon","properties":{"divipola_mun":"15804","divipola_mun_n":15804,"divipola_dep":"15","divipola_dep_n":15,"mpio_nombre":"TIBANÁ","dpto_nombre":"BOYACÁ","area_km2":121.6262}},{"arcs":[[-832,-1036,-936,-1057,-851,-959]],"type":"Polygon","properties":{"divipola_mun":"15806","divipola_mun_n":15806,"divipola_dep":"15","divipola_dep_n":15,"mpio_nombre":"TIBASOSA","dpto_nombre":"BOYACÁ","area_km2":93.5797}},{"arcs":[[-761,-1012,-1064,-1003,-1028]],"type":"Polygon","properties":{"divipola_mun":"15808","divipola_mun_n":15808,"divipola_dep":"15","divipola_dep_n":15,"mpio_nombre":"TINJACÁ","dpto_nombre":"BOYACÁ","area_km2":79.631}},{"arcs":[[-721,-1052,1066,-807,1067]],"type":"Polygon","properties":{"divipola_mun":"15810","divipola_mun_n":15810,"divipola_dep":"15","divipola_dep_n":15,"mpio_nombre":"TIPACOQUE","dpto_nombre":"BOYACÁ","area_km2":71.793}},{"arcs":[[-784,1068,-983,-1047]],"type":"Polygon","properties":{"divipola_mun":"15814","divipola_mun_n":15814,"divipola_dep":"15","divipola_dep_n":15,"mpio_nombre":"TOCA","dpto_nombre":"BOYACÁ","area_km2":167.9412}},{"arcs":[[-778,1069,-927,-1019]],"type":"Polygon","properties":{"divipola_mun":"15816","divipola_mun_n":15816,"divipola_dep":"15","divipola_dep_n":15,"mpio_nombre":"TOGÜÍ","dpto_nombre":"BOYACÁ","area_km2":101.2776}},{"arcs":[[-803,-860,-918,-922,-1058,-934]],"type":"Polygon","properties":{"divipola_mun":"15820","divipola_mun_n":15820,"divipola_dep":"15","divipola_dep_n":15,"mpio_nombre":"TÓPAGA","dpto_nombre":"BOYACÁ","area_km2":33.5603}},{"arcs":[[-690,1070,-979,-819]],"type":"Polygon","properties":{"divipola_mun":"15822","divipola_mun_n":15822,"divipola_dep":"15","divipola_dep_n":15,"mpio_nombre":"TOTA","dpto_nombre":"BOYACÁ","area_km2":195.6642}},{"arcs":[[-732,-969,1071,1072]],"type":"Polygon","properties":{"divipola_mun":"15832","divipola_mun_n":15832,"divipola_dep":"15","divipola_dep_n":15,"mpio_nombre":"TUNUNGUÁ","dpto_nombre":"BOYACÁ","area_km2":29.1823}},{"arcs":[[-940,1073,1074,1075]],"type":"Polygon","properties":{"divipola_mun":"15835","divipola_mun_n":15835,"divipola_dep":"15","divipola_dep_n":15,"mpio_nombre":"TURMEQUÉ","dpto_nombre":"BOYACÁ","area_km2":79.5776}},{"arcs":[[-783,-942,-794,-1061,-960,-849,-984,-1069]],"type":"Polygon","properties":{"divipola_mun":"15837","divipola_mun_n":15837,"divipola_dep":"15","divipola_dep_n":15,"mpio_nombre":"TUTA","dpto_nombre":"BOYACÁ","area_km2":165.2288}},{"arcs":[[-705,1076,1077,-1042,-974]],"type":"Polygon","properties":{"divipola_mun":"15839","divipola_mun_n":15839,"divipola_dep":"15","divipola_dep_n":15,"mpio_nombre":"TUTAZÁ","dpto_nombre":"BOYACÁ","area_km2":121.7601}},{"arcs":[[-758,-952,-900,1078,-1074,-939,-1066]],"type":"Polygon","properties":{"divipola_mun":"15842","divipola_mun_n":15842,"divipola_dep":"15","divipola_dep_n":15,"mpio_nombre":"ÚMBITA","dpto_nombre":"BOYACÁ","area_km2":145.8445}},{"arcs":[[-674,-727,-941,-1076,1079,1080,1081,-1015]],"type":"Polygon","properties":{"divipola_mun":"15861","divipola_mun_n":15861,"divipola_dep":"15","divipola_dep_n":15,"mpio_nombre":"VENTAQUEMADA","dpto_nombre":"BOYACÁ","area_km2":159.7537}},{"arcs":[[-790,-1062,-1048,-1005]],"type":"Polygon","properties":{"divipola_mun":"15879","divipola_mun_n":15879,"divipola_dep":"15","divipola_dep_n":15,"mpio_nombre":"VIRACACHÁ","dpto_nombre":"BOYACÁ","area_km2":62.4699}},{"arcs":[[-689,-1018,-708,-915,-754,-996,-1007,-980,-1071]],"type":"Polygon","properties":{"divipola_mun":"15897","divipola_mun_n":15897,"divipola_dep":"15","divipola_dep_n":15,"mpio_nombre":"ZETAQUIRA","dpto_nombre":"BOYACÁ","area_km2":251.0418}},{"arcs":[[1082,1083,1084,1085,1086,1087,1088]],"type":"Polygon","properties":{"divipola_mun":"17001","divipola_mun_n":17001,"divipola_dep":"17","divipola_dep_n":17,"mpio_nombre":"MANIZALES","dpto_nombre":"CALDAS","area_km2":440.8574}},{"arcs":[[-15,-384,1089,1090,-159,-401,-285,-371]],"type":"Polygon","properties":{"divipola_mun":"17013","divipola_mun_n":17013,"divipola_dep":"17","divipola_dep_n":17,"mpio_nombre":"AGUADAS","dpto_nombre":"CALDAS","area_km2":475.5667}},{"arcs":[[-1086,1091,1092,1093,1094,1095,1096,1097]],"type":"Polygon","properties":{"divipola_mun":"17042","divipola_mun_n":17042,"divipola_dep":"17","divipola_dep_n":17,"mpio_nombre":"ANSERMA","dpto_nombre":"CALDAS","area_km2":209.1222}},{"arcs":[[1098,1099,1100,1101]],"type":"Polygon","properties":{"divipola_mun":"17050","divipola_mun_n":17050,"divipola_dep":"17","divipola_dep_n":17,"mpio_nombre":"ARANZAZU","dpto_nombre":"CALDAS","area_km2":149.5271}},{"arcs":[[1102,1103,1104,1105,1106,1107,1108]],"type":"Polygon","properties":{"divipola_mun":"17088","divipola_mun_n":17088,"divipola_dep":"17","divipola_dep_n":17,"mpio_nombre":"BELALCÁZAR","dpto_nombre":"CALDAS","area_km2":113.369}},{"arcs":[[-1084,1109,1110,1111,-1104,1112,1113]],"type":"Polygon","properties":{"divipola_mun":"17174","divipola_mun_n":17174,"divipola_dep":"17","divipola_dep_n":17,"mpio_nombre":"CHINCHINÁ","dpto_nombre":"CALDAS","area_km2":109.3474}},{"arcs":[[-1100,1114,1115,1116,1117,1118]],"type":"Polygon","properties":{"divipola_mun":"17272","divipola_mun_n":17272,"divipola_dep":"17","divipola_dep_n":17,"mpio_nombre":"FILADELFIA","dpto_nombre":"CALDAS","area_km2":192.552}},{"arcs":[[-381,-990,1119,1120,1121,1122,1123]],"type":"Polygon","properties":{"divipola_mun":"17380","divipola_mun_n":17380,"divipola_dep":"17","divipola_dep_n":17,"mpio_nombre":"LA DORADA","dpto_nombre":"CALDAS","area_km2":548.7794}},{"arcs":[[-1101,-1119,1124,1125,1126,1127]],"type":"Polygon","properties":{"divipola_mun":"17388","divipola_mun_n":17388,"divipola_dep":"17","divipola_dep_n":17,"mpio_nombre":"LA MERCED","dpto_nombre":"CALDAS","area_km2":88.581}},{"arcs":[[1128,1129,1130,1131,1132]],"type":"Polygon","properties":{"divipola_mun":"17433","divipola_mun_n":17433,"divipola_dep":"17","divipola_dep_n":17,"mpio_nombre":"MANZANARES","dpto_nombre":"CALDAS","area_km2":197.8045}},{"arcs":[[-161,1133,-1126,1134]],"type":"Polygon","properties":{"divipola_mun":"17442","divipola_mun_n":17442,"divipola_dep":"17","divipola_dep_n":17,"mpio_nombre":"MARMATO","dpto_nombre":"CALDAS","area_km2":36.8538}},{"arcs":[[-1129,1135,1136,1137,1138,1139]],"type":"Polygon","properties":{"divipola_mun":"17444","divipola_mun_n":17444,"divipola_dep":"17","divipola_dep_n":17,"mpio_nombre":"MARQUETALIA","dpto_nombre":"CALDAS","area_km2":90.2774}},{"arcs":[[-1088,1140,1141,1142,-1132,1143]],"type":"Polygon","properties":{"divipola_mun":"17446","divipola_mun_n":17446,"divipola_dep":"17","divipola_dep_n":17,"mpio_nombre":"MARULANDA","dpto_nombre":"CALDAS","area_km2":376.0914}},{"arcs":[[-1087,-1098,1144,-1115,-1099,-1141]],"type":"Polygon","properties":{"divipola_mun":"17486","divipola_mun_n":17486,"divipola_dep":"17","divipola_dep_n":17,"mpio_nombre":"NEIRA","dpto_nombre":"CALDAS","area_km2":369.2176}},{"arcs":[[-92,-382,-1124,1145,1146]],"type":"Polygon","properties":{"divipola_mun":"17495","divipola_mun_n":17495,"divipola_dep":"17","divipola_dep_n":17,"mpio_nombre":"NORCASIA","dpto_nombre":"CALDAS","area_km2":227.3786}},{"arcs":[[-160,-1091,1147,-1127,-1134]],"type":"Polygon","properties":{"divipola_mun":"17513","divipola_mun_n":17513,"divipola_dep":"17","divipola_dep_n":17,"mpio_nombre":"PÁCORA","dpto_nombre":"CALDAS","area_km2":257.1926}},{"arcs":[[-1085,-1114,1148,-1092]],"type":"Polygon","properties":{"divipola_mun":"17524","divipola_mun_n":17524,"divipola_dep":"17","divipola_dep_n":17,"mpio_nombre":"PALESTINA","dpto_nombre":"CALDAS","area_km2":112.2226}},{"arcs":[[-307,1149,-1136,-1133,-1143,1150,-383]],"type":"Polygon","properties":{"divipola_mun":"17541","divipola_mun_n":17541,"divipola_dep":"17","divipola_dep_n":17,"mpio_nombre":"PENSILVANIA","dpto_nombre":"CALDAS","area_km2":498.96}},{"arcs":[[-163,1151,-1117,1152,1153,1154,-274,-385]],"type":"Polygon","properties":{"divipola_mun":"17614","divipola_mun_n":17614,"divipola_dep":"17","divipola_dep_n":17,"mpio_nombre":"RIOSUCIO","dpto_nombre":"CALDAS","area_km2":384.1115}},{"arcs":[[-1093,-1149,-1113,-1103,1155,1156]],"type":"Polygon","properties":{"divipola_mun":"17616","divipola_mun_n":17616,"divipola_dep":"17","divipola_dep_n":17,"mpio_nombre":"RISARALDA","dpto_nombre":"CALDAS","area_km2":89.8782}},{"arcs":[[-1090,-1151,-1142,-1102,-1128,-1148]],"type":"Polygon","properties":{"divipola_mun":"17653","divipola_mun_n":17653,"divipola_dep":"17","divipola_dep_n":17,"mpio_nombre":"SALAMINA","dpto_nombre":"CALDAS","area_km2":387.9588}},{"arcs":[[-93,-1147,1157,-1137,-1150,-306]],"type":"Polygon","properties":{"divipola_mun":"17662","divipola_mun_n":17662,"divipola_dep":"17","divipola_dep_n":17,"mpio_nombre":"SAMANÁ","dpto_nombre":"CALDAS","area_km2":757.6842}},{"arcs":[[-1109,1158,-1156]],"type":"Polygon","properties":{"divipola_mun":"17665","divipola_mun_n":17665,"divipola_dep":"17","divipola_dep_n":17,"mpio_nombre":"SAN JOSÉ","dpto_nombre":"CALDAS","area_km2":60.936}},{"arcs":[[-162,-1135,-1125,-1118,-1152]],"type":"Polygon","properties":{"divipola_mun":"17777","divipola_mun_n":17777,"divipola_dep":"17","divipola_dep_n":17,"mpio_nombre":"SUPÍA","dpto_nombre":"CALDAS","area_km2":121.4199}},{"arcs":[[-1123,1159,1160,-1138,-1158,-1146]],"type":"Polygon","properties":{"divipola_mun":"17867","divipola_mun_n":17867,"divipola_dep":"17","divipola_dep_n":17,"mpio_nombre":"VICTORIA","dpto_nombre":"CALDAS","area_km2":558.4658}},{"arcs":[[-1083,1161,1162,1163,1164,1165,-1110]],"type":"Polygon","properties":{"divipola_mun":"17873","divipola_mun_n":17873,"divipola_dep":"17","divipola_dep_n":17,"mpio_nombre":"VILLAMARÍA","dpto_nombre":"CALDAS","area_km2":454.9146}},{"arcs":[[-1094,-1157,-1159,-1108,1166,1167,1168]],"type":"Polygon","properties":{"divipola_mun":"17877","divipola_mun_n":17877,"divipola_dep":"17","divipola_dep_n":17,"mpio_nombre":"VITERBO","dpto_nombre":"CALDAS","area_km2":112.8686}},{"arcs":[[1169,1170,1171,1172,1173,1174,1175,1176]],"type":"Polygon","properties":{"divipola_mun":"18001","divipola_mun_n":18001,"divipola_dep":"18","divipola_dep_n":18,"mpio_nombre":"FLORENCIA","dpto_nombre":"CAQUETÁ","area_km2":2546.952}},{"arcs":[[1177,1178,1179,1180]],"type":"Polygon","properties":{"divipola_mun":"18029","divipola_mun_n":18029,"divipola_dep":"18","divipola_dep_n":18,"mpio_nombre":"ALBANIA","dpto_nombre":"CAQUETÁ","area_km2":412.8277}},{"arcs":[[-1172,1181,1182,-1181,1183,1184,1185]],"type":"Polygon","properties":{"divipola_mun":"18094","divipola_mun_n":18094,"divipola_dep":"18","divipola_dep_n":18,"mpio_nombre":"BELÉN DE LOS ANDAQUÍES","dpto_nombre":"CAQUETÁ","area_km2":1191.5522}},{"arcs":[[1186,1187,1188,1189,1190,1191]],"type":"Polygon","properties":{"divipola_mun":"18150","divipola_mun_n":18150,"divipola_dep":"18","divipola_dep_n":18,"mpio_nombre":"CARTAGENA DEL CHAIRÁ","dpto_nombre":"CAQUETÁ","area_km2":12771.3602}},{"arcs":[[-1179,1192,1193,1194,1195,1196]],"type":"Polygon","properties":{"divipola_mun":"18205","divipola_mun_n":18205,"divipola_dep":"18","divipola_dep_n":18,"mpio_nombre":"CURILLO","dpto_nombre":"CAQUETÁ","area_km2":399.2795}},{"arcs":[[-1190,1197,1198,1199]],"type":"Polygon","properties":{"divipola_mun":"18247","divipola_mun_n":18247,"divipola_dep":"18","divipola_dep_n":18,"mpio_nombre":"EL DONCELLO","dpto_nombre":"CAQUETÁ","area_km2":1105.5148}},{"arcs":[[-1176,1200,1201,-1198,-1189,1202]],"type":"Polygon","properties":{"divipola_mun":"18256","divipola_mun_n":18256,"divipola_dep":"18","divipola_dep_n":18,"mpio_nombre":"EL PAUJÍL","dpto_nombre":"CAQUETÁ","area_km2":1234.1406}},{"arcs":[[-1177,-1203,-1188,1203,1204]],"type":"Polygon","properties":{"divipola_mun":"18410","divipola_mun_n":18410,"divipola_dep":"18","divipola_dep_n":18,"mpio_nombre":"LA MONTAÑITA","dpto_nombre":"CAQUETÁ","area_km2":1700.2524}},{"arcs":[[-1170,-1205,1205,1206,1207]],"type":"Polygon","properties":{"divipola_mun":"18460","divipola_mun_n":18460,"divipola_dep":"18","divipola_dep_n":18,"mpio_nombre":"MILÁN","dpto_nombre":"CAQUETÁ","area_km2":1220.1133}},{"arcs":[[-1171,-1208,1208,-1182]],"type":"Polygon","properties":{"divipola_mun":"18479","divipola_mun_n":18479,"divipola_dep":"18","divipola_dep_n":18,"mpio_nombre":"MORELIA","dpto_nombre":"CAQUETÁ","area_km2":462.3919}},{"arcs":[[-1191,-1200,1209,1210]],"type":"Polygon","properties":{"divipola_mun":"18592","divipola_mun_n":18592,"divipola_dep":"18","divipola_dep_n":18,"mpio_nombre":"PUERTO RICO","dpto_nombre":"CAQUETÁ","area_km2":4143.9612}},{"arcs":[[-1180,-1197,1211,1212,-1184]],"type":"Polygon","properties":{"divipola_mun":"18610","divipola_mun_n":18610,"divipola_dep":"18","divipola_dep_n":18,"mpio_nombre":"SAN JOSÉ DEL FRAGUA","dpto_nombre":"CAQUETÁ","area_km2":1310.246}},{"arcs":[[-1192,-1211,1213,1214,1215,1216,1217,1218,1219,1220]],"type":"Polygon","properties":{"divipola_mun":"18753","divipola_mun_n":18753,"divipola_dep":"18","divipola_dep_n":18,"mpio_nombre":"SAN VICENTE DEL CAGUÁN","dpto_nombre":"CAQUETÁ","area_km2":20170.1286}},{"arcs":[[-1187,-1221,1221,1222,1223,1224,1225,1226,1227,1228,1229,1230,1231,-1206,-1204]],"type":"Polygon","properties":{"divipola_mun":"18756","divipola_mun_n":18756,"divipola_dep":"18","divipola_dep_n":18,"mpio_nombre":"SOLANO","dpto_nombre":"CAQUETÁ","area_km2":42233.525}},{"arcs":[[-1194,1232,-1231,1233]],"type":"Polygon","properties":{"divipola_mun":"18785","divipola_mun_n":18785,"divipola_dep":"18","divipola_dep_n":18,"mpio_nombre":"SOLITA","dpto_nombre":"CAQUETÁ","area_km2":476.83}},{"arcs":[[-1178,-1183,-1209,-1207,-1232,-1233,-1193]],"type":"Polygon","properties":{"divipola_mun":"18860","divipola_mun_n":18860,"divipola_dep":"18","divipola_dep_n":18,"mpio_nombre":"VALPARAÍSO","dpto_nombre":"CAQUETÁ","area_km2":1329.917}},{"arcs":[[1234,1235,1236,1237,1238,1239]],"type":"Polygon","properties":{"divipola_mun":"19001","divipola_mun_n":19001,"divipola_dep":"19","divipola_dep_n":19,"mpio_nombre":"POPAYÁN","dpto_nombre":"CAUCA","area_km2":480.3814}},{"arcs":[[1240,1241,1242,1243]],"type":"Polygon","properties":{"divipola_mun":"19022","divipola_mun_n":19022,"divipola_dep":"19","divipola_dep_n":19,"mpio_nombre":"ALMAGUER","dpto_nombre":"CAUCA","area_km2":236.8516}},{"arcs":[[1244,1245,1246,1247,1248,1249]],"type":"Polygon","properties":{"divipola_mun":"19050","divipola_mun_n":19050,"divipola_dep":"19","divipola_dep_n":19,"mpio_nombre":"ARGELIA","dpto_nombre":"CAUCA","area_km2":776.4555}},{"arcs":[[-1247,1250,1251,1252,1253]],"type":"Polygon","properties":{"divipola_mun":"19075","divipola_mun_n":19075,"divipola_dep":"19","divipola_dep_n":19,"mpio_nombre":"BALBOA","dpto_nombre":"CAUCA","area_km2":413.5523}},{"arcs":[[-1242,1254,1255,1256,1257,1258,1259,1260,1261]],"type":"Polygon","properties":{"divipola_mun":"19100","divipola_mun_n":19100,"divipola_dep":"19","divipola_dep_n":19,"mpio_nombre":"BOLÍVAR","dpto_nombre":"CAUCA","area_km2":798.3494}},{"arcs":[[1262,1263,1264,1265,1266,1267,1268]],"type":"Polygon","properties":{"divipola_mun":"19110","divipola_mun_n":19110,"divipola_dep":"19","divipola_dep_n":19,"mpio_nombre":"BUENOS AIRES","dpto_nombre":"CAUCA","area_km2":435.119}},{"arcs":[[-1240,1269,1270,1271,1272,1273]],"type":"Polygon","properties":{"divipola_mun":"19130","divipola_mun_n":19130,"divipola_dep":"19","divipola_dep_n":19,"mpio_nombre":"CAJIBÍO","dpto_nombre":"CAUCA","area_km2":552.5514}},{"arcs":[[-1264,1274,1275,1276,1277,1278]],"type":"Polygon","properties":{"divipola_mun":"19137","divipola_mun_n":19137,"divipola_dep":"19","divipola_dep_n":19,"mpio_nombre":"CALDONO","dpto_nombre":"CAUCA","area_km2":354.8557}},{"arcs":[[1279,1280,1281,1282,1283,1284,1285,1286]],"type":"Polygon","properties":{"divipola_mun":"19142","divipola_mun_n":19142,"divipola_dep":"19","divipola_dep_n":19,"mpio_nombre":"CALOTO","dpto_nombre":"CAUCA","area_km2":264.8714}},{"arcs":[[-1282,1287,1288,1289,1290]],"type":"Polygon","properties":{"divipola_mun":"19212","divipola_mun_n":19212,"divipola_dep":"19","divipola_dep_n":19,"mpio_nombre":"CORINTO","dpto_nombre":"CAUCA","area_km2":325.9754}},{"arcs":[[-1239,1291,1292,1293,1294,-1245,1295,1296,1297,-1270]],"type":"Polygon","properties":{"divipola_mun":"19256","divipola_mun_n":19256,"divipola_dep":"19","divipola_dep_n":19,"mpio_nombre":"EL TAMBO","dpto_nombre":"CAUCA","area_km2":2741.4835}},{"arcs":[[-1259,1298,1299,1300]],"type":"Polygon","properties":{"divipola_mun":"19290","divipola_mun_n":19290,"divipola_dep":"19","divipola_dep_n":19,"mpio_nombre":"FLORENCIA","dpto_nombre":"CAUCA","area_km2":56.6949}},{"arcs":[[-1280,1301,1302]],"type":"Polygon","properties":{"divipola_mun":"19300","divipola_mun_n":19300,"divipola_dep":"19","divipola_dep_n":19,"mpio_nombre":"GUACHENÉ","dpto_nombre":"CAUCA","area_km2":100.6876}},{"arcs":[[-1249,1303,1304,1305,1306]],"type":"Polygon","properties":{"divipola_mun":"19318","divipola_mun_n":19318,"divipola_dep":"19","divipola_dep_n":19,"mpio_nombre":"GUAPI","dpto_nombre":"CAUCA","area_km2":2570.8867}},{"arcs":[[1307,1308,1309,1310,1311]],"type":"Polygon","properties":{"divipola_mun":"19355","divipola_mun_n":19355,"divipola_dep":"19","divipola_dep_n":19,"mpio_nombre":"INZÁ","dpto_nombre":"CAUCA","area_km2":866.4116}},{"arcs":[[-1276,1312,-1284,1313,1314,1315]],"type":"Polygon","properties":{"divipola_mun":"19364","divipola_mun_n":19364,"divipola_dep":"19","divipola_dep_n":19,"mpio_nombre":"JAMBALÓ","dpto_nombre":"CAUCA","area_km2":234.4871}},{"arcs":[[-1294,1316,1317,1318,1319,1320]],"type":"Polygon","properties":{"divipola_mun":"19392","divipola_mun_n":19392,"divipola_dep":"19","divipola_dep_n":19,"mpio_nombre":"LA SIERRA","dpto_nombre":"CAUCA","area_km2":208.4674}},{"arcs":[[-1244,1321,-1319,1322,1323,1324]],"type":"Polygon","properties":{"divipola_mun":"19397","divipola_mun_n":19397,"divipola_dep":"19","divipola_dep_n":19,"mpio_nombre":"LA VEGA","dpto_nombre":"CAUCA","area_km2":516.3469}},{"arcs":[[-1267,1325,1326,-1297,1327,1328,1329]],"type":"Polygon","properties":{"divipola_mun":"19418","divipola_mun_n":19418,"divipola_dep":"19","divipola_dep_n":19,"mpio_nombre":"LÓPEZ DE MICAY","dpto_nombre":"CAUCA","area_km2":3370.4311}},{"arcs":[[-1252,1330,-1260,-1301,1331,1332,1333,1334,1335]],"type":"Polygon","properties":{"divipola_mun":"19450","divipola_mun_n":19450,"divipola_dep":"19","divipola_dep_n":19,"mpio_nombre":"MERCADERES","dpto_nombre":"CAUCA","area_km2":698.545}},{"arcs":[[-1289,1336,1337,1338,1339,1340,1341]],"type":"Polygon","properties":{"divipola_mun":"19455","divipola_mun_n":19455,"divipola_dep":"19","divipola_dep_n":19,"mpio_nombre":"MIRANDA","dpto_nombre":"CAUCA","area_km2":189.7139}},{"arcs":[[-1265,-1279,1342,-1271,-1298,-1327,1343]],"type":"Polygon","properties":{"divipola_mun":"19473","divipola_mun_n":19473,"divipola_dep":"19","divipola_dep_n":19,"mpio_nombre":"MORALES","dpto_nombre":"CAUCA","area_km2":511.7411}},{"arcs":[[-1281,-1303,1344,-1337,-1288]],"type":"Polygon","properties":{"divipola_mun":"19513","divipola_mun_n":19513,"divipola_dep":"19","divipola_dep_n":19,"mpio_nombre":"PADILLA","dpto_nombre":"CAUCA","area_km2":69.7004}},{"arcs":[[-1312,1345,-1315,1346,1347,1348,1349,1350,1351,1352]],"type":"Polygon","properties":{"divipola_mun":"19517","divipola_mun_n":19517,"divipola_dep":"19","divipola_dep_n":19,"mpio_nombre":"PÁEZ","dpto_nombre":"CAUCA","area_km2":1793.1782}},{"arcs":[[-1246,-1295,-1321,1353,-1261,-1331,-1251]],"type":"Polygon","properties":{"divipola_mun":"19532","divipola_mun_n":19532,"divipola_dep":"19","divipola_dep_n":19,"mpio_nombre":"PATÍA","dpto_nombre":"CAUCA","area_km2":755.8414}},{"arcs":[[-1196,1354,1355,1356,1357,-1212]],"type":"Polygon","properties":{"divipola_mun":"19533","divipola_mun_n":19533,"divipola_dep":"19","divipola_dep_n":19,"mpio_nombre":"PIAMONTE","dpto_nombre":"CAUCA","area_km2":1105.0052}},{"arcs":[[-1272,-1343,-1278,1358]],"type":"Polygon","properties":{"divipola_mun":"19548","divipola_mun_n":19548,"divipola_dep":"19","divipola_dep_n":19,"mpio_nombre":"PIENDAMÓ - TUNÍA","dpto_nombre":"CAUCA","area_km2":181.3403}},{"arcs":[[-1287,1359,1360,1361,1362,-1338,-1345,-1302]],"type":"Polygon","properties":{"divipola_mun":"19573","divipola_mun_n":19573,"divipola_dep":"19","divipola_dep_n":19,"mpio_nombre":"PUERTO TEJADA","dpto_nombre":"CAUCA","area_km2":109.2164}},{"arcs":[[-1236,1363,-1309,1364,1365,1366,1367,1368]],"type":"Polygon","properties":{"divipola_mun":"19585","divipola_mun_n":19585,"divipola_dep":"19","divipola_dep_n":19,"mpio_nombre":"PURACÉ","dpto_nombre":"CAUCA","area_km2":848.5523}},{"arcs":[[-1293,1369,1370,-1317]],"type":"Polygon","properties":{"divipola_mun":"19622","divipola_mun_n":19622,"divipola_dep":"19","divipola_dep_n":19,"mpio_nombre":"ROSAS","dpto_nombre":"CAUCA","area_km2":169.1801}},{"arcs":[[-1241,-1325,1371,1372,-1255]],"type":"Polygon","properties":{"divipola_mun":"19693","divipola_mun_n":19693,"divipola_dep":"19","divipola_dep_n":19,"mpio_nombre":"SAN SEBASTIÁN","dpto_nombre":"CAUCA","area_km2":419.2443}},{"arcs":[[-1263,1373,1374,-1285,-1313,-1275]],"type":"Polygon","properties":{"divipola_mun":"19698","divipola_mun_n":19698,"divipola_dep":"19","divipola_dep_n":19,"mpio_nombre":"SANTANDER DE QUILICHAO","dpto_nombre":"CAUCA","area_km2":518.3268}},{"arcs":[[-1256,-1373,1375,1376,1377,-1357,1378,1379,1380]],"type":"Polygon","properties":{"divipola_mun":"19701","divipola_mun_n":19701,"divipola_dep":"19","divipola_dep_n":19,"mpio_nombre":"SANTA ROSA","dpto_nombre":"CAUCA","area_km2":3620.7558}},{"arcs":[[-1273,-1359,-1277,-1316,-1346,-1311,1381]],"type":"Polygon","properties":{"divipola_mun":"19743","divipola_mun_n":19743,"divipola_dep":"19","divipola_dep_n":19,"mpio_nombre":"SILVIA","dpto_nombre":"CAUCA","area_km2":681.1654}},{"arcs":[[-1237,-1369,1382,-1323,-1318,-1371,1383]],"type":"Polygon","properties":{"divipola_mun":"19760","divipola_mun_n":19760,"divipola_dep":"19","divipola_dep_n":19,"mpio_nombre":"SOTARÁ PAISPAMBA","dpto_nombre":"CAUCA","area_km2":516.1271}},{"arcs":[[-1266,-1344,-1326]],"type":"Polygon","properties":{"divipola_mun":"19780","divipola_mun_n":19780,"divipola_dep":"19","divipola_dep_n":19,"mpio_nombre":"SUÁREZ","dpto_nombre":"CAUCA","area_km2":392.5881}},{"arcs":[[-1243,-1262,-1354,-1320,-1322]],"type":"Polygon","properties":{"divipola_mun":"19785","divipola_mun_n":19785,"divipola_dep":"19","divipola_dep_n":19,"mpio_nombre":"SUCRE","dpto_nombre":"CAUCA","area_km2":135.9585}},{"arcs":[[-1238,-1384,-1370,-1292]],"type":"Polygon","properties":{"divipola_mun":"19807","divipola_mun_n":19807,"divipola_dep":"19","divipola_dep_n":19,"mpio_nombre":"TIMBÍO","dpto_nombre":"CAUCA","area_km2":201.4194}},{"arcs":[[-1250,-1307,1384,-1328,-1296]],"type":"Polygon","properties":{"divipola_mun":"19809","divipola_mun_n":19809,"divipola_dep":"19","divipola_dep_n":19,"mpio_nombre":"TIMBIQUÍ","dpto_nombre":"CAUCA","area_km2":2059.7855}},{"arcs":[[-1283,-1291,1385,-1347,-1314]],"type":"Polygon","properties":{"divipola_mun":"19821","divipola_mun_n":19821,"divipola_dep":"19","divipola_dep_n":19,"mpio_nombre":"TORIBÍO","dpto_nombre":"CAUCA","area_km2":492.2249}},{"arcs":[[-1235,-1274,-1382,-1310,-1364]],"type":"Polygon","properties":{"divipola_mun":"19824","divipola_mun_n":19824,"divipola_dep":"19","divipola_dep_n":19,"mpio_nombre":"TOTORÓ","dpto_nombre":"CAUCA","area_km2":404.5936}},{"arcs":[[-1286,-1375,1386,-1360]],"type":"Polygon","properties":{"divipola_mun":"19845","divipola_mun_n":19845,"divipola_dep":"19","divipola_dep_n":19,"mpio_nombre":"VILLA RICA","dpto_nombre":"CAUCA","area_km2":81.6083}},{"arcs":[[1387,1388,1389,1390,1391,1392,1393,1394,1395,1396,1397,1398,1399]],"type":"Polygon","properties":{"divipola_mun":"20001","divipola_mun_n":20001,"divipola_dep":"20","divipola_dep_n":20,"mpio_nombre":"VALLEDUPAR","dpto_nombre":"CESAR","area_km2":4181.8541}},{"arcs":[[-622,1400,1401,1402,1403,1404,1405,1406]],"type":"Polygon","properties":{"divipola_mun":"20011","divipola_mun_n":20011,"divipola_dep":"20","divipola_dep_n":20,"mpio_nombre":"AGUACHICA","dpto_nombre":"CESAR","area_km2":876.3221}},{"arcs":[[1407,1408,1409,1410]],"type":"Polygon","properties":{"divipola_mun":"20013","divipola_mun_n":20013,"divipola_dep":"20","divipola_dep_n":20,"mpio_nombre":"AGUSTÍN CODAZZI","dpto_nombre":"CESAR","area_km2":1749.9352}},{"arcs":[[1411,1412,1413,1414,1415]],"type":"Polygon","properties":{"divipola_mun":"20032","divipola_mun_n":20032,"divipola_dep":"20","divipola_dep_n":20,"mpio_nombre":"ASTREA","dpto_nombre":"CESAR","area_km2":637.0477}},{"arcs":[[-1408,1416,1417,1418]],"type":"Polygon","properties":{"divipola_mun":"20045","divipola_mun_n":20045,"divipola_dep":"20","divipola_dep_n":20,"mpio_nombre":"BECERRIL","dpto_nombre":"CESAR","area_km2":1223.2165}},{"arcs":[[-1395,1419,1420,1421,1422]],"type":"Polygon","properties":{"divipola_mun":"20060","divipola_mun_n":20060,"divipola_dep":"20","divipola_dep_n":20,"mpio_nombre":"BOSCONIA","dpto_nombre":"CESAR","area_km2":585.7976}},{"arcs":[[-1413,1423,1424,1425,1426,1427,1428,1429,1430]],"type":"Polygon","properties":{"divipola_mun":"20175","divipola_mun_n":20175,"divipola_dep":"20","divipola_dep_n":20,"mpio_nombre":"CHIMICHAGUA","dpto_nombre":"CESAR","area_km2":1374.4131}},{"arcs":[[-1412,1431,1432,1433,1434,-1424]],"type":"Polygon","properties":{"divipola_mun":"20178","divipola_mun_n":20178,"divipola_dep":"20","divipola_dep_n":20,"mpio_nombre":"CHIRIGUANÁ","dpto_nombre":"CESAR","area_km2":1112.7045}},{"arcs":[[-1425,-1435,1435,1436]],"type":"Polygon","properties":{"divipola_mun":"20228","divipola_mun_n":20228,"divipola_dep":"20","divipola_dep_n":20,"mpio_nombre":"CURUMANÍ","dpto_nombre":"CESAR","area_km2":913.6969}},{"arcs":[[-1396,-1423,1437,1438,1439,1440]],"type":"Polygon","properties":{"divipola_mun":"20238","divipola_mun_n":20238,"divipola_dep":"20","divipola_dep_n":20,"mpio_nombre":"EL COPEY","dpto_nombre":"CESAR","area_km2":955.1498}},{"arcs":[[-1394,1441,-1409,-1419,1442,-1432,-1416,1443,1444,1445,-1420]],"type":"Polygon","properties":{"divipola_mun":"20250","divipola_mun_n":20250,"divipola_dep":"20","divipola_dep_n":20,"mpio_nombre":"EL PASO","dpto_nombre":"CESAR","area_km2":812.3084}},{"arcs":[[-621,-638,1446,-1401]],"type":"Polygon","properties":{"divipola_mun":"20295","divipola_mun_n":20295,"divipola_dep":"20","divipola_dep_n":20,"mpio_nombre":"GAMARRA","dpto_nombre":"CESAR","area_km2":326.3925}},{"arcs":[[1447,1448,1449,1450,1451]],"type":"Polygon","properties":{"divipola_mun":"20310","divipola_mun_n":20310,"divipola_dep":"20","divipola_dep_n":20,"mpio_nombre":"GONZÁLEZ","dpto_nombre":"CESAR","area_km2":72.5739}},{"arcs":[[-631,1452,1453,1454,-1402,-1447,-637]],"type":"Polygon","properties":{"divipola_mun":"20383","divipola_mun_n":20383,"divipola_dep":"20","divipola_dep_n":20,"mpio_nombre":"LA GLORIA","dpto_nombre":"CESAR","area_km2":801.6369}},{"arcs":[[-1418,1455,-1433,-1443]],"type":"Polygon","properties":{"divipola_mun":"20400","divipola_mun_n":20400,"divipola_dep":"20","divipola_dep_n":20,"mpio_nombre":"LA JAGUA DE IBIRICO","dpto_nombre":"CESAR","area_km2":754.592}},{"arcs":[[1456,1457,1458]],"type":"Polygon","properties":{"divipola_mun":"20443","divipola_mun_n":20443,"divipola_dep":"20","divipola_dep_n":20,"mpio_nombre":"MANAURE BALCÓN DEL CESAR","dpto_nombre":"CESAR","area_km2":136.5156}},{"arcs":[[-1427,1459,1460,1461]],"type":"Polygon","properties":{"divipola_mun":"20517","divipola_mun_n":20517,"divipola_dep":"20","divipola_dep_n":20,"mpio_nombre":"PAILITAS","dpto_nombre":"CESAR","area_km2":530.9285}},{"arcs":[[-1454,1462,-1461,1463]],"type":"Polygon","properties":{"divipola_mun":"20550","divipola_mun_n":20550,"divipola_dep":"20","divipola_dep_n":20,"mpio_nombre":"PELAYA","dpto_nombre":"CESAR","area_km2":422.7464}},{"arcs":[[-1397,-1441,1464,1465]],"type":"Polygon","properties":{"divipola_mun":"20570","divipola_mun_n":20570,"divipola_dep":"20","divipola_dep_n":20,"mpio_nombre":"PUEBLO BELLO","dpto_nombre":"CESAR","area_km2":742.6359}},{"arcs":[[-1405,1466,-1449,1467,1468]],"type":"Polygon","properties":{"divipola_mun":"20614","divipola_mun_n":20614,"divipola_dep":"20","divipola_dep_n":20,"mpio_nombre":"RÍO DE ORO","dpto_nombre":"CESAR","area_km2":517.8338}},{"arcs":[[-1391,1469,-1457,1470,-1410,-1442,-1393,1471]],"type":"Polygon","properties":{"divipola_mun":"20621","divipola_mun_n":20621,"divipola_dep":"20","divipola_dep_n":20,"mpio_nombre":"LA PAZ","dpto_nombre":"CESAR","area_km2":1071.1463}},{"arcs":[[1472,1473,1474]],"type":"Polygon","properties":{"divipola_mun":"20710","divipola_mun_n":20710,"divipola_dep":"20","divipola_dep_n":20,"mpio_nombre":"SAN ALBERTO","dpto_nombre":"CESAR","area_km2":549.3014}},{"arcs":[[-1392,-1472]],"type":"Polygon","properties":{"divipola_mun":"20750","divipola_mun_n":20750,"divipola_dep":"20","divipola_dep_n":20,"mpio_nombre":"SAN DIEGO","dpto_nombre":"CESAR","area_km2":644.8628}},{"arcs":[[-1406,-1469,1475,1476,-1474,1477,1478]],"type":"Polygon","properties":{"divipola_mun":"20770","divipola_mun_n":20770,"divipola_dep":"20","divipola_dep_n":20,"mpio_nombre":"SAN MARTÍN","dpto_nombre":"CESAR","area_km2":991.7063}},{"arcs":[[-581,1479,-1428,-1462,-1463,-1453,-630]],"type":"Polygon","properties":{"divipola_mun":"20787","divipola_mun_n":20787,"divipola_dep":"20","divipola_dep_n":20,"mpio_nombre":"TAMALAMEQUE","dpto_nombre":"CESAR","area_km2":512.6167}},{"arcs":[[-91,1480,1481,1482,1483,1484,1485,1486,1487,1488,-365]],"type":"Polygon","properties":{"divipola_mun":"23001","divipola_mun_n":23001,"divipola_dep":"23","divipola_dep_n":23,"mpio_nombre":"MONTERÍA","dpto_nombre":"CÓRDOBA","area_km2":3136.7606}},{"arcs":[[-181,1489,1490,1491,1492,1493,1494,1495,-647,-312]],"type":"Polygon","properties":{"divipola_mun":"23068","divipola_mun_n":23068,"divipola_dep":"23","divipola_dep_n":23,"mpio_nombre":"AYAPEL","dpto_nombre":"CÓRDOBA","area_km2":1963.6146}},{"arcs":[[-1491,1496,1497,1498,1499]],"type":"Polygon","properties":{"divipola_mun":"23079","divipola_mun_n":23079,"divipola_dep":"23","divipola_dep_n":23,"mpio_nombre":"BUENAVISTA","dpto_nombre":"CÓRDOBA","area_km2":834.6154}},{"arcs":[[-90,1500,-1481]],"type":"Polygon","properties":{"divipola_mun":"23090","divipola_mun_n":23090,"divipola_dep":"23","divipola_dep_n":23,"mpio_nombre":"CANALETE","dpto_nombre":"CÓRDOBA","area_km2":420.1017}},{"arcs":[[-1485,1501,1502,1503]],"type":"Polygon","properties":{"divipola_mun":"23162","divipola_mun_n":23162,"divipola_dep":"23","divipola_dep_n":23,"mpio_nombre":"CERETÉ","dpto_nombre":"CÓRDOBA","area_km2":290.8473}},{"arcs":[[1504,1505,1506,1507,1508,1509,1510]],"type":"Polygon","properties":{"divipola_mun":"23168","divipola_mun_n":23168,"divipola_dep":"23","divipola_dep_n":23,"mpio_nombre":"CHIMÁ","dpto_nombre":"CÓRDOBA","area_km2":323.892}},{"arcs":[[1511,1512,1513,1514,1515,1516,1517,1518]],"type":"Polygon","properties":{"divipola_mun":"23182","divipola_mun_n":23182,"divipola_dep":"23","divipola_dep_n":23,"mpio_nombre":"CHINÚ","dpto_nombre":"CÓRDOBA","area_km2":625.9623}},{"arcs":[[-1503,1519,-1511,1520,-1518,1521,1522,1523]],"type":"Polygon","properties":{"divipola_mun":"23189","divipola_mun_n":23189,"divipola_dep":"23","divipola_dep_n":23,"mpio_nombre":"CIÉNAGA DE ORO","dpto_nombre":"CÓRDOBA","area_km2":641.0696}},{"arcs":[[-1506,1524,1525]],"type":"Polygon","properties":{"divipola_mun":"23300","divipola_mun_n":23300,"divipola_dep":"23","divipola_dep_n":23,"mpio_nombre":"COTORRA","dpto_nombre":"CÓRDOBA","area_km2":88.0985}},{"arcs":[[-180,1526,-1497,-1490]],"type":"Polygon","properties":{"divipola_mun":"23350","divipola_mun_n":23350,"divipola_dep":"23","divipola_dep_n":23,"mpio_nombre":"LA APARTADA","dpto_nombre":"CÓRDOBA","area_km2":286.9097}},{"arcs":[[-1507,-1526,1527,1528,1529,1530,1531,1532,1533]],"type":"Polygon","properties":{"divipola_mun":"23417","divipola_mun_n":23417,"divipola_dep":"23","divipola_dep_n":23,"mpio_nombre":"LORICA","dpto_nombre":"CÓRDOBA","area_km2":950.9846}},{"arcs":[[-89,1534,1535,-1482,-1501]],"type":"Polygon","properties":{"divipola_mun":"23419","divipola_mun_n":23419,"divipola_dep":"23","divipola_dep_n":23,"mpio_nombre":"LOS CÓRDOBAS","dpto_nombre":"CÓRDOBA","area_km2":366.1303}},{"arcs":[[-1508,-1534,1536,1537,1538]],"type":"Polygon","properties":{"divipola_mun":"23464","divipola_mun_n":23464,"divipola_dep":"23","divipola_dep_n":23,"mpio_nombre":"MOMIL","dpto_nombre":"CÓRDOBA","area_km2":158.7246}},{"arcs":[[-138,1539,1540,-267,1541,1542,-1498,-1527,-179]],"type":"Polygon","properties":{"divipola_mun":"23466","divipola_mun_n":23466,"divipola_dep":"23","divipola_dep_n":23,"mpio_nombre":"MONTELÍBANO","dpto_nombre":"CÓRDOBA","area_km2":1550.7566}},{"arcs":[[-1530,1543,1544,1545]],"type":"Polygon","properties":{"divipola_mun":"23500","divipola_mun_n":23500,"divipola_dep":"23","divipola_dep_n":23,"mpio_nombre":"MOÑITOS","dpto_nombre":"CÓRDOBA","area_km2":203.3567}},{"arcs":[[-1487,1546,1547,-1499,-1543,1548]],"type":"Polygon","properties":{"divipola_mun":"23555","divipola_mun_n":23555,"divipola_dep":"23","divipola_dep_n":23,"mpio_nombre":"PLANETA RICA","dpto_nombre":"CÓRDOBA","area_km2":1140.116}},{"arcs":[[-1492,-1500,-1548,1549,-1523,1550,1551]],"type":"Polygon","properties":{"divipola_mun":"23570","divipola_mun_n":23570,"divipola_dep":"23","divipola_dep_n":23,"mpio_nombre":"PUEBLO NUEVO","dpto_nombre":"CÓRDOBA","area_km2":848.9455}},{"arcs":[[-1483,-1536,1552,-1544,-1529,1553]],"type":"Polygon","properties":{"divipola_mun":"23574","divipola_mun_n":23574,"divipola_dep":"23","divipola_dep_n":23,"mpio_nombre":"PUERTO ESCONDIDO","dpto_nombre":"CÓRDOBA","area_km2":411.1686}},{"arcs":[[-268,-1541,1554]],"type":"Polygon","properties":{"divipola_mun":"23580","divipola_mun_n":23580,"divipola_dep":"23","divipola_dep_n":23,"mpio_nombre":"PUERTO LIBERTADOR","dpto_nombre":"CÓRDOBA","area_km2":1647.2699}},{"arcs":[[-1533,1555,1556,1557,-1537]],"type":"Polygon","properties":{"divipola_mun":"23586","divipola_mun_n":23586,"divipola_dep":"23","divipola_dep_n":23,"mpio_nombre":"PURÍSIMA DE LA CONCEPCIÓN","dpto_nombre":"CÓRDOBA","area_km2":117.7116}},{"arcs":[[-1517,1558,1559,-1551,-1522]],"type":"Polygon","properties":{"divipola_mun":"23660","divipola_mun_n":23660,"divipola_dep":"23","divipola_dep_n":23,"mpio_nombre":"SAHAGÚN","dpto_nombre":"CÓRDOBA","area_km2":964.4588}},{"arcs":[[-1510,1560,1561,1562,-1519,-1521]],"type":"Polygon","properties":{"divipola_mun":"23670","divipola_mun_n":23670,"divipola_dep":"23","divipola_dep_n":23,"mpio_nombre":"SAN ANDRÉS DE SOTAVENTO","dpto_nombre":"CÓRDOBA","area_km2":206.6885}},{"arcs":[[-1532,1563,1564,1565,-1556]],"type":"Polygon","properties":{"divipola_mun":"23672","divipola_mun_n":23672,"divipola_dep":"23","divipola_dep_n":23,"mpio_nombre":"SAN ANTERO","dpto_nombre":"CÓRDOBA","area_km2":207.4267}},{"arcs":[[-1531,-1546,1566,-1564]],"type":"Polygon","properties":{"divipola_mun":"23675","divipola_mun_n":23675,"divipola_dep":"23","divipola_dep_n":23,"mpio_nombre":"SAN BERNARDO DEL VIENTO","dpto_nombre":"CÓRDOBA","area_km2":315.4794}},{"arcs":[[-1486,-1504,-1524,-1550,-1547]],"type":"Polygon","properties":{"divipola_mun":"23678","divipola_mun_n":23678,"divipola_dep":"23","divipola_dep_n":23,"mpio_nombre":"SAN CARLOS","dpto_nombre":"CÓRDOBA","area_km2":446.5979}},{"arcs":[[-137,-388,-269,-1555,-1540]],"type":"Polygon","properties":{"divipola_mun":"23682","divipola_mun_n":23682,"divipola_dep":"23","divipola_dep_n":23,"mpio_nombre":"SAN JOSÉ DE URÉ","dpto_nombre":"CÓRDOBA","area_km2":525.501}},{"arcs":[[-1484,-1554,-1528,-1525,-1505,-1520,-1502]],"type":"Polygon","properties":{"divipola_mun":"23686","divipola_mun_n":23686,"divipola_dep":"23","divipola_dep_n":23,"mpio_nombre":"SAN PELAYO","dpto_nombre":"CÓRDOBA","area_km2":445.556}},{"arcs":[[-80,1567,-1488,-1549,-1542,-266,-303,-185,-166]],"type":"Polygon","properties":{"divipola_mun":"23807","divipola_mun_n":23807,"divipola_dep":"23","divipola_dep_n":23,"mpio_nombre":"TIERRALTA","dpto_nombre":"CÓRDOBA","area_km2":4938.1562}},{"arcs":[[-1509,-1539,1568,1569,-1561]],"type":"Polygon","properties":{"divipola_mun":"23815","divipola_mun_n":23815,"divipola_dep":"23","divipola_dep_n":23,"mpio_nombre":"TUCHÍN","dpto_nombre":"CÓRDOBA","area_km2":106.3529}},{"arcs":[[-83,-395,-366,-1489,-1568]],"type":"Polygon","properties":{"divipola_mun":"23855","divipola_mun_n":23855,"divipola_dep":"23","divipola_dep_n":23,"mpio_nombre":"VALENCIA","dpto_nombre":"CÓRDOBA","area_km2":919.4767}},{"arcs":[[1570,1571,1572]],"type":"Polygon","properties":{"divipola_mun":"25001","divipola_mun_n":25001,"divipola_dep":"25","divipola_dep_n":25,"mpio_nombre":"AGUA DE DIOS","dpto_nombre":"CUNDINAMARCA","area_km2":85.8851}},{"arcs":[[1573,1574,1575,1576,1577]],"type":"Polygon","properties":{"divipola_mun":"25019","divipola_mun_n":25019,"divipola_dep":"25","divipola_dep_n":25,"mpio_nombre":"ALBÁN","dpto_nombre":"CUNDINAMARCA","area_km2":50.7839}},{"arcs":[[1578,1579,1580,1581,1582,1583]],"type":"Polygon","properties":{"divipola_mun":"25035","divipola_mun_n":25035,"divipola_dep":"25","divipola_dep_n":25,"mpio_nombre":"ANAPOIMA","dpto_nombre":"CUNDINAMARCA","area_km2":123.8375}},{"arcs":[[-1575,1584,1585,1586,1587,1588,1589]],"type":"Polygon","properties":{"divipola_mun":"25040","divipola_mun_n":25040,"divipola_dep":"25","divipola_dep_n":25,"mpio_nombre":"ANOLAIMA","dpto_nombre":"CUNDINAMARCA","area_km2":120.8312}},{"arcs":[[-502,1590,1591,1592,1593,1594]],"type":"Polygon","properties":{"divipola_mun":"25053","divipola_mun_n":25053,"divipola_dep":"25","divipola_dep_n":25,"mpio_nombre":"ARBELÁEZ","dpto_nombre":"CUNDINAMARCA","area_km2":142.3095}},{"arcs":[[1595,1596,1597,1598,1599,1600,1601]],"type":"Polygon","properties":{"divipola_mun":"25086","divipola_mun_n":25086,"divipola_dep":"25","divipola_dep_n":25,"mpio_nombre":"BELTRÁN","dpto_nombre":"CUNDINAMARCA","area_km2":176.7115}},{"arcs":[[-1589,1602,1603,1604,1605]],"type":"Polygon","properties":{"divipola_mun":"25095","divipola_mun_n":25095,"divipola_dep":"25","divipola_dep_n":25,"mpio_nombre":"BITUIMA","dpto_nombre":"CUNDINAMARCA","area_km2":60.989}},{"arcs":[[1606,1607,1608,1609,1610,1611,1612,1613]],"type":"Polygon","properties":{"divipola_mun":"25099","divipola_mun_n":25099,"divipola_dep":"25","divipola_dep_n":25,"mpio_nombre":"BOJACÁ","dpto_nombre":"CUNDINAMARCA","area_km2":102.2092}},{"arcs":[[-500,1614,1615,1616,1617,1618,1619]],"type":"Polygon","properties":{"divipola_mun":"25120","divipola_mun_n":25120,"divipola_dep":"25","divipola_dep_n":25,"mpio_nombre":"CABRERA","dpto_nombre":"CUNDINAMARCA","area_km2":421.4164}},{"arcs":[[-1587,1620,1621,1622]],"type":"Polygon","properties":{"divipola_mun":"25123","divipola_mun_n":25123,"divipola_dep":"25","divipola_dep_n":25,"mpio_nombre":"CACHIPAY","dpto_nombre":"CUNDINAMARCA","area_km2":53.3994}},{"arcs":[[1623,1624,1625,1626]],"type":"Polygon","properties":{"divipola_mun":"25126","divipola_mun_n":25126,"divipola_dep":"25","divipola_dep_n":25,"mpio_nombre":"CAJICÁ","dpto_nombre":"CUNDINAMARCA","area_km2":50.8071}},{"arcs":[[1627,1628,1629,1630,1631]],"type":"Polygon","properties":{"divipola_mun":"25148","divipola_mun_n":25148,"divipola_dep":"25","divipola_dep_n":25,"mpio_nombre":"CAPARRAPÍ","dpto_nombre":"CUNDINAMARCA","area_km2":615.0787}},{"arcs":[[1632,1633,1634,1635,1636,1637]],"type":"Polygon","properties":{"divipola_mun":"25151","divipola_mun_n":25151,"divipola_dep":"25","divipola_dep_n":25,"mpio_nombre":"CÁQUEZA","dpto_nombre":"CUNDINAMARCA","area_km2":111.3582}},{"arcs":[[-735,1638,1639,1640,1641,1642,1643,-796]],"type":"Polygon","properties":{"divipola_mun":"25154","divipola_mun_n":25154,"divipola_dep":"25","divipola_dep_n":25,"mpio_nombre":"CARMEN DE CARUPA","dpto_nombre":"CUNDINAMARCA","area_km2":298.1472}},{"arcs":[[1644,1645,1646,1647]],"type":"Polygon","properties":{"divipola_mun":"25168","divipola_mun_n":25168,"divipola_dep":"25","divipola_dep_n":25,"mpio_nombre":"CHAGUANÍ","dpto_nombre":"CUNDINAMARCA","area_km2":171.8747}},{"arcs":[[-508,1648,1649,1650,-1625,1651,1652]],"type":"Polygon","properties":{"divipola_mun":"25175","divipola_mun_n":25175,"divipola_dep":"25","divipola_dep_n":25,"mpio_nombre":"CHÍA","dpto_nombre":"CUNDINAMARCA","area_km2":80.3974}},{"arcs":[[-493,1653,-1637,1654]],"type":"Polygon","properties":{"divipola_mun":"25178","divipola_mun_n":25178,"divipola_dep":"25","divipola_dep_n":25,"mpio_nombre":"CHIPAQUE","dpto_nombre":"CUNDINAMARCA","area_km2":150.3602}},{"arcs":[[-491,1655,1656,1657]],"type":"Polygon","properties":{"divipola_mun":"25181","divipola_mun_n":25181,"divipola_dep":"25","divipola_dep_n":25,"mpio_nombre":"CHOACHÍ","dpto_nombre":"CUNDINAMARCA","area_km2":212.1325}},{"arcs":[[1658,1659,1660,1661,1662,1663]],"type":"Polygon","properties":{"divipola_mun":"25183","divipola_mun_n":25183,"divipola_dep":"25","divipola_dep_n":25,"mpio_nombre":"CHOCONTÁ","dpto_nombre":"CUNDINAMARCA","area_km2":299.6566}},{"arcs":[[1664,1665,1666,1667]],"type":"Polygon","properties":{"divipola_mun":"25200","divipola_mun_n":25200,"divipola_dep":"25","divipola_dep_n":25,"mpio_nombre":"COGUA","dpto_nombre":"CUNDINAMARCA","area_km2":132.684}},{"arcs":[[-507,1668,1669,-1649]],"type":"Polygon","properties":{"divipola_mun":"25214","divipola_mun_n":25214,"divipola_dep":"25","divipola_dep_n":25,"mpio_nombre":"COTA","dpto_nombre":"CUNDINAMARCA","area_km2":53.6453}},{"arcs":[[1670,1671,1672,1673,1674]],"type":"Polygon","properties":{"divipola_mun":"25224","divipola_mun_n":25224,"divipola_dep":"25","divipola_dep_n":25,"mpio_nombre":"CUCUNUBÁ","dpto_nombre":"CUNDINAMARCA","area_km2":109.6818}},{"arcs":[[-1579,1675,1676,1677,1678,1679]],"type":"Polygon","properties":{"divipola_mun":"25245","divipola_mun_n":25245,"divipola_dep":"25","divipola_dep_n":25,"mpio_nombre":"EL COLEGIO","dpto_nombre":"CUNDINAMARCA","area_km2":118.1587}},{"arcs":[[1680,1681,1682,1683,1684,1685]],"type":"Polygon","properties":{"divipola_mun":"25258","divipola_mun_n":25258,"divipola_dep":"25","divipola_dep_n":25,"mpio_nombre":"EL PEÑÓN","dpto_nombre":"CUNDINAMARCA","area_km2":133.9441}},{"arcs":[[1686,1687,1688,1689]],"type":"Polygon","properties":{"divipola_mun":"25260","divipola_mun_n":25260,"divipola_dep":"25","divipola_dep_n":25,"mpio_nombre":"EL ROSAL","dpto_nombre":"CUNDINAMARCA","area_km2":87.1395}},{"arcs":[[-1574,1690,1691,1692,-1690,1693,-1613,1694,-1585]],"type":"Polygon","properties":{"divipola_mun":"25269","divipola_mun_n":25269,"divipola_dep":"25","divipola_dep_n":25,"mpio_nombre":"FACATATIVÁ","dpto_nombre":"CUNDINAMARCA","area_km2":157.8247}},{"arcs":[[-1633,1695,-1657,1696,1697,1698,1699,1700]],"type":"Polygon","properties":{"divipola_mun":"25279","divipola_mun_n":25279,"divipola_dep":"25","divipola_dep_n":25,"mpio_nombre":"FÓMEQUE","dpto_nombre":"CUNDINAMARCA","area_km2":459.5173}},{"arcs":[[-1635,1701,1702,1703,1704]],"type":"Polygon","properties":{"divipola_mun":"25281","divipola_mun_n":25281,"divipola_dep":"25","divipola_dep_n":25,"mpio_nombre":"FOSCA","dpto_nombre":"CUNDINAMARCA","area_km2":111.0559}},{"arcs":[[-506,1705,1706,1707,-1669]],"type":"Polygon","properties":{"divipola_mun":"25286","divipola_mun_n":25286,"divipola_dep":"25","divipola_dep_n":25,"mpio_nombre":"FUNZA","dpto_nombre":"CUNDINAMARCA","area_km2":67.6737}},{"arcs":[[-1001,1708,1709,1710]],"type":"Polygon","properties":{"divipola_mun":"25288","divipola_mun_n":25288,"divipola_dep":"25","divipola_dep_n":25,"mpio_nombre":"FÚQUENE","dpto_nombre":"CUNDINAMARCA","area_km2":77.3491}},{"arcs":[[-1594,1711,1712,1713,1714,1715]],"type":"Polygon","properties":{"divipola_mun":"25290","divipola_mun_n":25290,"divipola_dep":"25","divipola_dep_n":25,"mpio_nombre":"FUSAGASUGÁ","dpto_nombre":"CUNDINAMARCA","area_km2":193.752}},{"arcs":[[-828,-1035,1716,1717,1718,1719,1720,1721]],"type":"Polygon","properties":{"divipola_mun":"25293","divipola_mun_n":25293,"divipola_dep":"25","divipola_dep_n":25,"mpio_nombre":"GACHALÁ","dpto_nombre":"CUNDINAMARCA","area_km2":384.3742}},{"arcs":[[1722,1723,1724,1725,1726]],"type":"Polygon","properties":{"divipola_mun":"25295","divipola_mun_n":25295,"divipola_dep":"25","divipola_dep_n":25,"mpio_nombre":"GACHANCIPÁ","dpto_nombre":"CUNDINAMARCA","area_km2":42.8653}},{"arcs":[[-878,1727,1728,1729,1730,1731,1732]],"type":"Polygon","properties":{"divipola_mun":"25297","divipola_mun_n":25297,"divipola_dep":"25","divipola_dep_n":25,"mpio_nombre":"GACHETÁ","dpto_nombre":"CUNDINAMARCA","area_km2":258.4614}},{"arcs":[[-1721,1733,-1729,1734]],"type":"Polygon","properties":{"divipola_mun":"25299","divipola_mun_n":25299,"divipola_dep":"25","divipola_dep_n":25,"mpio_nombre":"GAMA","dpto_nombre":"CUNDINAMARCA","area_km2":107.5189}},{"arcs":[[1735,1736,1737,1738,1739]],"type":"Polygon","properties":{"divipola_mun":"25307","divipola_mun_n":25307,"divipola_dep":"25","divipola_dep_n":25,"mpio_nombre":"GIRARDOT","dpto_nombre":"CUNDINAMARCA","area_km2":130.0572}},{"arcs":[[-1679,1740,1741,1742,1743,1744]],"type":"Polygon","properties":{"divipola_mun":"25312","divipola_mun_n":25312,"divipola_dep":"25","divipola_dep_n":25,"mpio_nombre":"GRANADA","dpto_nombre":"CUNDINAMARCA","area_km2":60.6397}},{"arcs":[[-1000,-1016,-1082,1745,1746,-1709]],"type":"Polygon","properties":{"divipola_mun":"25317","divipola_mun_n":25317,"divipola_dep":"25","divipola_dep_n":25,"mpio_nombre":"GUACHETÁ","dpto_nombre":"CUNDINAMARCA","area_km2":169.9183}},{"arcs":[[-1121,1747,-1630,1748,1749,1750,1751,-1648,1752,1753]],"type":"Polygon","properties":{"divipola_mun":"25320","divipola_mun_n":25320,"divipola_dep":"25","divipola_dep_n":25,"mpio_nombre":"GUADUAS","dpto_nombre":"CUNDINAMARCA","area_km2":763.0052}},{"arcs":[[1754,1755,1756,1757,1758]],"type":"Polygon","properties":{"divipola_mun":"25322","divipola_mun_n":25322,"divipola_dep":"25","divipola_dep_n":25,"mpio_nombre":"GUASCA","dpto_nombre":"CUNDINAMARCA","area_km2":360.0845}},{"arcs":[[-1598,1759,1760,1761,1762]],"type":"Polygon","properties":{"divipola_mun":"25324","divipola_mun_n":25324,"divipola_dep":"25","divipola_dep_n":25,"mpio_nombre":"GUATAQUÍ","dpto_nombre":"CUNDINAMARCA","area_km2":90.8809}},{"arcs":[[-1725,1763,1764,-1731,1765,-1759,1766]],"type":"Polygon","properties":{"divipola_mun":"25326","divipola_mun_n":25326,"divipola_dep":"25","divipola_dep_n":25,"mpio_nombre":"GUATAVITA","dpto_nombre":"CUNDINAMARCA","area_km2":251.9979}},{"arcs":[[-1576,-1590,-1606,1767]],"type":"Polygon","properties":{"divipola_mun":"25328","divipola_mun_n":25328,"divipola_dep":"25","divipola_dep_n":25,"mpio_nombre":"GUAYABAL DE SÍQUIMA","dpto_nombre":"CUNDINAMARCA","area_km2":61.8128}},{"arcs":[[-1703,1768,1769,1770,1771,1772]],"type":"Polygon","properties":{"divipola_mun":"25335","divipola_mun_n":25335,"divipola_dep":"25","divipola_dep_n":25,"mpio_nombre":"GUAYABETAL","dpto_nombre":"CUNDINAMARCA","area_km2":222.5118}},{"arcs":[[-495,1773,-1704,-1773,1774,1775]],"type":"Polygon","properties":{"divipola_mun":"25339","divipola_mun_n":25339,"divipola_dep":"25","divipola_dep_n":25,"mpio_nombre":"GUTIÉRREZ","dpto_nombre":"CUNDINAMARCA","area_km2":452.6452}},{"arcs":[[-1582,1776,1777,1778,-1760,-1597,1779,1780]],"type":"Polygon","properties":{"divipola_mun":"25368","divipola_mun_n":25368,"divipola_dep":"25","divipola_dep_n":25,"mpio_nombre":"JERUSALÉN","dpto_nombre":"CUNDINAMARCA","area_km2":221.6728}},{"arcs":[[-1698,1781,-1755,-1766,-1730,-1734,-1720,1782]],"type":"Polygon","properties":{"divipola_mun":"25372","divipola_mun_n":25372,"divipola_dep":"25","divipola_dep_n":25,"mpio_nombre":"JUNÍN","dpto_nombre":"CUNDINAMARCA","area_km2":343.3103}},{"arcs":[[-490,-1653,1783,-1756,-1782,-1697,-1656]],"type":"Polygon","properties":{"divipola_mun":"25377","divipola_mun_n":25377,"divipola_dep":"25","divipola_dep_n":25,"mpio_nombre":"LA CALERA","dpto_nombre":"CUNDINAMARCA","area_km2":326.513}},{"arcs":[[-1584,1784,-1622,1785,-1611,1786,-1676]],"type":"Polygon","properties":{"divipola_mun":"25386","divipola_mun_n":25386,"divipola_dep":"25","divipola_dep_n":25,"mpio_nombre":"LA MESA","dpto_nombre":"CUNDINAMARCA","area_km2":148.0526}},{"arcs":[[-1628,1787,1788,-1685,1789,1790]],"type":"Polygon","properties":{"divipola_mun":"25394","divipola_mun_n":25394,"divipola_dep":"25","divipola_dep_n":25,"mpio_nombre":"LA PALMA","dpto_nombre":"CUNDINAMARCA","area_km2":190.5941}},{"arcs":[[-1684,1791,1792,-1790]],"type":"Polygon","properties":{"divipola_mun":"25398","divipola_mun_n":25398,"divipola_dep":"25","divipola_dep_n":25,"mpio_nombre":"LA PEÑA","dpto_nombre":"CUNDINAMARCA","area_km2":128.32}},{"arcs":[[-1692,1793,1794,1795,1796,1797]],"type":"Polygon","properties":{"divipola_mun":"25402","divipola_mun_n":25402,"divipola_dep":"25","divipola_dep_n":25,"mpio_nombre":"LA VEGA","dpto_nombre":"CUNDINAMARCA","area_km2":155.2705}},{"arcs":[[-1081,1798,-1663,-1675,1799,-1746]],"type":"Polygon","properties":{"divipola_mun":"25407","divipola_mun_n":25407,"divipola_dep":"25","divipola_dep_n":25,"mpio_nombre":"LENGUAZAQUE","dpto_nombre":"CUNDINAMARCA","area_km2":155.396}},{"arcs":[[-1660,1800,1801,-1732,-1765,1802]],"type":"Polygon","properties":{"divipola_mun":"25426","divipola_mun_n":25426,"divipola_dep":"25","divipola_dep_n":25,"mpio_nombre":"MACHETÁ","dpto_nombre":"CUNDINAMARCA","area_km2":228.8367}},{"arcs":[[-1614,-1694,-1689,1803,1804,-1707,1805]],"type":"Polygon","properties":{"divipola_mun":"25430","divipola_mun_n":25430,"divipola_dep":"25","divipola_dep_n":25,"mpio_nombre":"MADRID","dpto_nombre":"CUNDINAMARCA","area_km2":119.4472}},{"arcs":[[-874,-879,-1733,-1802,1806]],"type":"Polygon","properties":{"divipola_mun":"25436","divipola_mun_n":25436,"divipola_dep":"25","divipola_dep_n":25,"mpio_nombre":"MANTA","dpto_nombre":"CUNDINAMARCA","area_km2":107.7357}},{"arcs":[[-1718,1807,1808,1809,1810,1811]],"type":"Polygon","properties":{"divipola_mun":"25438","divipola_mun_n":25438,"divipola_dep":"25","divipola_dep_n":25,"mpio_nombre":"MEDINA","dpto_nombre":"CUNDINAMARCA","area_km2":1194.9291}},{"arcs":[[-505,1812,-1607,-1806,-1706]],"type":"Polygon","properties":{"divipola_mun":"25473","divipola_mun_n":25473,"divipola_dep":"25","divipola_dep_n":25,"mpio_nombre":"MOSQUERA","dpto_nombre":"CUNDINAMARCA","area_km2":105.8185}},{"arcs":[[-1740,1813,-1761,-1779,1814]],"type":"Polygon","properties":{"divipola_mun":"25483","divipola_mun_n":25483,"divipola_dep":"25","divipola_dep_n":25,"mpio_nombre":"NARIÑO","dpto_nombre":"CUNDINAMARCA","area_km2":55.1203}},{"arcs":[[-1665,1815,1816,-1727,1817]],"type":"Polygon","properties":{"divipola_mun":"25486","divipola_mun_n":25486,"divipola_dep":"25","divipola_dep_n":25,"mpio_nombre":"NEMOCÓN","dpto_nombre":"CUNDINAMARCA","area_km2":98.2462}},{"arcs":[[-1571,1818,1819,1820,1821,1822,1823]],"type":"Polygon","properties":{"divipola_mun":"25488","divipola_mun_n":25488,"divipola_dep":"25","divipola_dep_n":25,"mpio_nombre":"NILO","dpto_nombre":"CUNDINAMARCA","area_km2":224.4431}},{"arcs":[[-1683,1824,1825,1826,1827,1828,-1792]],"type":"Polygon","properties":{"divipola_mun":"25489","divipola_mun_n":25489,"divipola_dep":"25","divipola_dep_n":25,"mpio_nombre":"NIMAIMA","dpto_nombre":"CUNDINAMARCA","area_km2":59.4564}},{"arcs":[[-1795,1829,1830,-1826,1831]],"type":"Polygon","properties":{"divipola_mun":"25491","divipola_mun_n":25491,"divipola_dep":"25","divipola_dep_n":25,"mpio_nombre":"NOCAIMA","dpto_nombre":"CUNDINAMARCA","area_km2":68.8664}},{"arcs":[[-1619,1832,1833,1834]],"type":"Polygon","properties":{"divipola_mun":"25506","divipola_mun_n":25506,"divipola_dep":"25","divipola_dep_n":25,"mpio_nombre":"VENECIA","dpto_nombre":"CUNDINAMARCA","area_km2":122.0812}},{"arcs":[[-1667,1835,1836,1837,1838,-1681,1839,1840,1841,1842]],"type":"Polygon","properties":{"divipola_mun":"25513","divipola_mun_n":25513,"divipola_dep":"25","divipola_dep_n":25,"mpio_nombre":"PACHO","dpto_nombre":"CUNDINAMARCA","area_km2":402.1475}},{"arcs":[[-798,1843,1844,1845,1846,-992,-930]],"type":"Polygon","properties":{"divipola_mun":"25518","divipola_mun_n":25518,"divipola_dep":"25","divipola_dep_n":25,"mpio_nombre":"PAIME","dpto_nombre":"CUNDINAMARCA","area_km2":173.429}},{"arcs":[[-1592,1847,-1834,1848]],"type":"Polygon","properties":{"divipola_mun":"25524","divipola_mun_n":25524,"divipola_dep":"25","divipola_dep_n":25,"mpio_nombre":"PANDI","dpto_nombre":"CUNDINAMARCA","area_km2":71.6268}},{"arcs":[[-1025,1849,1850,1851,-1809,1852,-1033]],"type":"Polygon","properties":{"divipola_mun":"25530","divipola_mun_n":25530,"divipola_dep":"25","divipola_dep_n":25,"mpio_nombre":"PARATEBUENO","dpto_nombre":"CUNDINAMARCA","area_km2":883.9134}},{"arcs":[[-503,-1595,-1716,1853,1854]],"type":"Polygon","properties":{"divipola_mun":"25535","divipola_mun_n":25535,"divipola_dep":"25","divipola_dep_n":25,"mpio_nombre":"PASCA","dpto_nombre":"CUNDINAMARCA","area_km2":271.4103}},{"arcs":[[-989,1855,-1631,-1748,-1120]],"type":"Polygon","properties":{"divipola_mun":"25572","divipola_mun_n":25572,"divipola_dep":"25","divipola_dep_n":25,"mpio_nombre":"PUERTO SALGAR","dpto_nombre":"CUNDINAMARCA","area_km2":515.4676}},{"arcs":[[-1596,1856,1857,-1780]],"type":"Polygon","properties":{"divipola_mun":"25580","divipola_mun_n":25580,"divipola_dep":"25","divipola_dep_n":25,"mpio_nombre":"PULÍ","dpto_nombre":"CUNDINAMARCA","area_km2":197.5197}},{"arcs":[[-1750,1858,-1828,1859]],"type":"Polygon","properties":{"divipola_mun":"25592","divipola_mun_n":25592,"divipola_dep":"25","divipola_dep_n":25,"mpio_nombre":"QUEBRADANEGRA","dpto_nombre":"CUNDINAMARCA","area_km2":79.7787}},{"arcs":[[-1634,-1701,1860,-1769,-1702]],"type":"Polygon","properties":{"divipola_mun":"25594","divipola_mun_n":25594,"divipola_dep":"25","divipola_dep_n":25,"mpio_nombre":"QUETAME","dpto_nombre":"CUNDINAMARCA","area_km2":137.6365}},{"arcs":[[-1583,-1781,-1858,1861,1862,-1603,-1588,-1623,-1785]],"type":"Polygon","properties":{"divipola_mun":"25596","divipola_mun_n":25596,"divipola_dep":"25","divipola_dep_n":25,"mpio_nombre":"QUIPILE","dpto_nombre":"CUNDINAMARCA","area_km2":127.5979}},{"arcs":[[-1581,1863,1864,-1777]],"type":"Polygon","properties":{"divipola_mun":"25599","divipola_mun_n":25599,"divipola_dep":"25","divipola_dep_n":25,"mpio_nombre":"APULO","dpto_nombre":"CUNDINAMARCA","area_km2":121.8716}},{"arcs":[[-1572,-1824,1865,1866,1867,1868,-1737,1869]],"type":"Polygon","properties":{"divipola_mun":"25612","divipola_mun_n":25612,"divipola_dep":"25","divipola_dep_n":25,"mpio_nombre":"RICAURTE","dpto_nombre":"CUNDINAMARCA","area_km2":128.0996}},{"arcs":[[-1609,1870,-1741,-1678,1871]],"type":"Polygon","properties":{"divipola_mun":"25645","divipola_mun_n":25645,"divipola_dep":"25","divipola_dep_n":25,"mpio_nombre":"SAN ANTONIO DEL TEQUENDAMA","dpto_nombre":"CUNDINAMARCA","area_km2":88.4714}},{"arcs":[[-501,-1620,-1835,-1848,-1591]],"type":"Polygon","properties":{"divipola_mun":"25649","divipola_mun_n":25649,"divipola_dep":"25","divipola_dep_n":25,"mpio_nombre":"SAN BERNARDO","dpto_nombre":"CUNDINAMARCA","area_km2":246.7526}},{"arcs":[[-797,-1644,1872,-1842,1873,-1844]],"type":"Polygon","properties":{"divipola_mun":"25653","divipola_mun_n":25653,"divipola_dep":"25","divipola_dep_n":25,"mpio_nombre":"SAN CAYETANO","dpto_nombre":"CUNDINAMARCA","area_km2":287.4481}},{"arcs":[[-1687,-1693,-1798,1874,1875]],"type":"Polygon","properties":{"divipola_mun":"25658","divipola_mun_n":25658,"divipola_dep":"25","divipola_dep_n":25,"mpio_nombre":"SAN FRANCISCO","dpto_nombre":"CUNDINAMARCA","area_km2":118.6131}},{"arcs":[[-1602,1876,1877,-1646,1878,-1862,-1857]],"type":"Polygon","properties":{"divipola_mun":"25662","divipola_mun_n":25662,"divipola_dep":"25","divipola_dep_n":25,"mpio_nombre":"SAN JUAN DE RIOSECO","dpto_nombre":"CUNDINAMARCA","area_km2":313.8154}},{"arcs":[[-1578,1879,-1830,-1794,-1691]],"type":"Polygon","properties":{"divipola_mun":"25718","divipola_mun_n":25718,"divipola_dep":"25","divipola_dep_n":25,"mpio_nombre":"SASAIMA","dpto_nombre":"CUNDINAMARCA","area_km2":111.5006}},{"arcs":[[-1661,-1803,-1764,-1724,1880]],"type":"Polygon","properties":{"divipola_mun":"25736","divipola_mun_n":25736,"divipola_dep":"25","divipola_dep_n":25,"mpio_nombre":"SESQUILÉ","dpto_nombre":"CUNDINAMARCA","area_km2":140.9873}},{"arcs":[[-1715,1881,-1743,1882,-1854]],"type":"Polygon","properties":{"divipola_mun":"25740","divipola_mun_n":25740,"divipola_dep":"25","divipola_dep_n":25,"mpio_nombre":"SIBATÉ","dpto_nombre":"CUNDINAMARCA","area_km2":121.9954}},{"arcs":[[-1714,1883,1884,-1744,-1882]],"type":"Polygon","properties":{"divipola_mun":"25743","divipola_mun_n":25743,"divipola_dep":"25","divipola_dep_n":25,"mpio_nombre":"SILVANIA","dpto_nombre":"CUNDINAMARCA","area_km2":162.4032}},{"arcs":[[-734,-742,-763,-1030,1885,-1639]],"type":"Polygon","properties":{"divipola_mun":"25745","divipola_mun_n":25745,"divipola_dep":"25","divipola_dep_n":25,"mpio_nombre":"SIMIJACA","dpto_nombre":"CUNDINAMARCA","area_km2":96.5802}},{"arcs":[[-504,-1855,-1883,-1742,-1871,-1608,-1813]],"type":"Polygon","properties":{"divipola_mun":"25754","divipola_mun_n":25754,"divipola_dep":"25","divipola_dep_n":25,"mpio_nombre":"SOACHA","dpto_nombre":"CUNDINAMARCA","area_km2":187.2311}},{"arcs":[[-1624,1886,1887,-1757,-1784,-1652]],"type":"Polygon","properties":{"divipola_mun":"25758","divipola_mun_n":25758,"divipola_dep":"25","divipola_dep_n":25,"mpio_nombre":"SOPÓ","dpto_nombre":"CUNDINAMARCA","area_km2":110.9513}},{"arcs":[[-1688,-1876,1888,-1837,1889,1890,1891,-1804]],"type":"Polygon","properties":{"divipola_mun":"25769","divipola_mun_n":25769,"divipola_dep":"25","divipola_dep_n":25,"mpio_nombre":"SUBACHOQUE","dpto_nombre":"CUNDINAMARCA","area_km2":208.9674}},{"arcs":[[-1662,-1881,-1723,-1817,1892,-1671]],"type":"Polygon","properties":{"divipola_mun":"25772","divipola_mun_n":25772,"divipola_dep":"25","divipola_dep_n":25,"mpio_nombre":"SUESCA","dpto_nombre":"CUNDINAMARCA","area_km2":173.0182}},{"arcs":[[-1797,1893,-1838,-1889,-1875]],"type":"Polygon","properties":{"divipola_mun":"25777","divipola_mun_n":25777,"divipola_dep":"25","divipola_dep_n":25,"mpio_nombre":"SUPATÁ","dpto_nombre":"CUNDINAMARCA","area_km2":130.2403}},{"arcs":[[-1029,-1711,1894,-1640,-1886]],"type":"Polygon","properties":{"divipola_mun":"25779","divipola_mun_n":25779,"divipola_dep":"25","divipola_dep_n":25,"mpio_nombre":"SUSA","dpto_nombre":"CUNDINAMARCA","area_km2":104.0074}},{"arcs":[[-1642,1895,-1673,1896]],"type":"Polygon","properties":{"divipola_mun":"25781","divipola_mun_n":25781,"divipola_dep":"25","divipola_dep_n":25,"mpio_nombre":"SUTATAUSA","dpto_nombre":"CUNDINAMARCA","area_km2":64.7603}},{"arcs":[[-1626,-1651,1897,-1891,1898]],"type":"Polygon","properties":{"divipola_mun":"25785","divipola_mun_n":25785,"divipola_dep":"25","divipola_dep_n":25,"mpio_nombre":"TABIO","dpto_nombre":"CUNDINAMARCA","area_km2":75.1024}},{"arcs":[[-1643,-1897,-1672,-1893,-1816,-1668,-1843,-1873]],"type":"Polygon","properties":{"divipola_mun":"25793","divipola_mun_n":25793,"divipola_dep":"25","divipola_dep_n":25,"mpio_nombre":"TAUSA","dpto_nombre":"CUNDINAMARCA","area_km2":201.6043}},{"arcs":[[-1610,-1872,-1677,-1787]],"type":"Polygon","properties":{"divipola_mun":"25797","divipola_mun_n":25797,"divipola_dep":"25","divipola_dep_n":25,"mpio_nombre":"TENA","dpto_nombre":"CUNDINAMARCA","area_km2":51.3838}},{"arcs":[[-1650,-1670,-1708,-1805,-1892,-1898]],"type":"Polygon","properties":{"divipola_mun":"25799","divipola_mun_n":25799,"divipola_dep":"25","divipola_dep_n":25,"mpio_nombre":"TENJO","dpto_nombre":"CUNDINAMARCA","area_km2":114.0716}},{"arcs":[[-1713,1899,-1821,1900,-1884]],"type":"Polygon","properties":{"divipola_mun":"25805","divipola_mun_n":25805,"divipola_dep":"25","divipola_dep_n":25,"mpio_nombre":"TIBACUY","dpto_nombre":"CUNDINAMARCA","area_km2":84.6804}},{"arcs":[[-875,-1807,-1801,-1659,1901,-898]],"type":"Polygon","properties":{"divipola_mun":"25807","divipola_mun_n":25807,"divipola_dep":"25","divipola_dep_n":25,"mpio_nombre":"TIBIRITA","dpto_nombre":"CUNDINAMARCA","area_km2":56.456}},{"arcs":[[-1573,-1870,-1736,-1815,-1778,-1865,1902,-1819]],"type":"Polygon","properties":{"divipola_mun":"25815","divipola_mun_n":25815,"divipola_dep":"25","divipola_dep_n":25,"mpio_nombre":"TOCAIMA","dpto_nombre":"CUNDINAMARCA","area_km2":245.5527}},{"arcs":[[-1726,-1767,-1758,-1888,1903]],"type":"Polygon","properties":{"divipola_mun":"25817","divipola_mun_n":25817,"divipola_dep":"25","divipola_dep_n":25,"mpio_nombre":"TOCANCIPÁ","dpto_nombre":"CUNDINAMARCA","area_km2":73.1417}},{"arcs":[[-1686,-1789,1904,-1846,1905,-1840]],"type":"Polygon","properties":{"divipola_mun":"25823","divipola_mun_n":25823,"divipola_dep":"25","divipola_dep_n":25,"mpio_nombre":"TOPAIPÍ","dpto_nombre":"CUNDINAMARCA","area_km2":143.5515}},{"arcs":[[[-829,-1722,-1735,-1728,-877]],[[-1034,-1853,-1808,-1717]]],"type":"MultiPolygon","properties":{"divipola_mun":"25839","divipola_mun_n":25839,"divipola_dep":"25","divipola_dep_n":25,"mpio_nombre":"UBALÁ","dpto_nombre":"CUNDINAMARCA","area_km2":521.5784}},{"arcs":[[-492,-1658,-1696,-1638,-1654]],"type":"Polygon","properties":{"divipola_mun":"25841","divipola_mun_n":25841,"divipola_dep":"25","divipola_dep_n":25,"mpio_nombre":"UBAQUE","dpto_nombre":"CUNDINAMARCA","area_km2":106.9502}},{"arcs":[[-1641,-1895,-1710,-1747,-1800,-1674,-1896]],"type":"Polygon","properties":{"divipola_mun":"25843","divipola_mun_n":25843,"divipola_dep":"25","divipola_dep_n":25,"mpio_nombre":"VILLA DE SAN DIEGO DE UBATÉ","dpto_nombre":"CUNDINAMARCA","area_km2":102.1321}},{"arcs":[[-494,-1655,-1636,-1705,-1774]],"type":"Polygon","properties":{"divipola_mun":"25845","divipola_mun_n":25845,"divipola_dep":"25","divipola_dep_n":25,"mpio_nombre":"UNE","dpto_nombre":"CUNDINAMARCA","area_km2":208.8664}},{"arcs":[[-1629,-1791,-1793,-1829,-1859,-1749]],"type":"Polygon","properties":{"divipola_mun":"25851","divipola_mun_n":25851,"divipola_dep":"25","divipola_dep_n":25,"mpio_nombre":"ÚTICA","dpto_nombre":"CUNDINAMARCA","area_km2":91.9937}},{"arcs":[[-1682,-1839,-1894,-1796,-1832,-1825]],"type":"Polygon","properties":{"divipola_mun":"25862","divipola_mun_n":25862,"divipola_dep":"25","divipola_dep_n":25,"mpio_nombre":"VERGARA","dpto_nombre":"CUNDINAMARCA","area_km2":144.4924}},{"arcs":[[-1604,-1863,-1879,-1645,-1752,1906]],"type":"Polygon","properties":{"divipola_mun":"25867","divipola_mun_n":25867,"divipola_dep":"25","divipola_dep_n":25,"mpio_nombre":"VIANÍ","dpto_nombre":"CUNDINAMARCA","area_km2":67.0557}},{"arcs":[[-1841,-1906,-1845,-1874]],"type":"Polygon","properties":{"divipola_mun":"25871","divipola_mun_n":25871,"divipola_dep":"25","divipola_dep_n":25,"mpio_nombre":"VILLAGÓMEZ","dpto_nombre":"CUNDINAMARCA","area_km2":62.8951}},{"arcs":[[-899,-1902,-1664,-1799,-1080,-1075,-1079]],"type":"Polygon","properties":{"divipola_mun":"25873","divipola_mun_n":25873,"divipola_dep":"25","divipola_dep_n":25,"mpio_nombre":"VILLAPINZÓN","dpto_nombre":"CUNDINAMARCA","area_km2":225.8039}},{"arcs":[[-1577,-1768,-1605,-1907,-1751,-1860,-1827,-1831,-1880]],"type":"Polygon","properties":{"divipola_mun":"25875","divipola_mun_n":25875,"divipola_dep":"25","divipola_dep_n":25,"mpio_nombre":"VILLETA","dpto_nombre":"CUNDINAMARCA","area_km2":140.7495}},{"arcs":[[-1580,-1680,-1745,-1885,-1901,-1820,-1903,-1864]],"type":"Polygon","properties":{"divipola_mun":"25878","divipola_mun_n":25878,"divipola_dep":"25","divipola_dep_n":25,"mpio_nombre":"VIOTÁ","dpto_nombre":"CUNDINAMARCA","area_km2":201.1323}},{"arcs":[[-903,-993,-1847,-1905,-1788,-1632,-1856,-988,-944,-991]],"type":"Polygon","properties":{"divipola_mun":"25885","divipola_mun_n":25885,"divipola_dep":"25","divipola_dep_n":25,"mpio_nombre":"YACOPÍ","dpto_nombre":"CUNDINAMARCA","area_km2":955.7697}},{"arcs":[[-1586,-1695,-1612,-1786,-1621]],"type":"Polygon","properties":{"divipola_mun":"25898","divipola_mun_n":25898,"divipola_dep":"25","divipola_dep_n":25,"mpio_nombre":"ZIPACÓN","dpto_nombre":"CUNDINAMARCA","area_km2":54.2138}},{"arcs":[[-1627,-1899,-1890,-1836,-1666,-1818,-1904,-1887]],"type":"Polygon","properties":{"divipola_mun":"25899","divipola_mun_n":25899,"divipola_dep":"25","divipola_dep_n":25,"mpio_nombre":"ZIPAQUIRÁ","dpto_nombre":"CUNDINAMARCA","area_km2":194.5706}},{"arcs":[[-397,1907,1908,1909,1910,1911,1912,-405,1913]],"type":"Polygon","properties":{"divipola_mun":"27001","divipola_mun_n":27001,"divipola_dep":"27","divipola_dep_n":27,"mpio_nombre":"QUIBDÓ","dpto_nombre":"CHOCÓ","area_km2":3508.6446}},{"arcs":[[1914,1915]],"type":"Polygon","properties":{"divipola_mun":"27006","divipola_mun_n":27006,"divipola_dep":"27","divipola_dep_n":27,"mpio_nombre":"ACANDÍ","dpto_nombre":"CHOCÓ","area_km2":798.0567}},{"arcs":[[-1912,1916,1917,1918,1919,1920,1921,1922]],"type":"Polygon","properties":{"divipola_mun":"27025","divipola_mun_n":27025,"divipola_dep":"27","divipola_dep_n":27,"mpio_nombre":"ALTO BAUDÓ","dpto_nombre":"CHOCÓ","area_km2":2051.8825}},{"arcs":[[-1910,1923,1924,1925]],"type":"Polygon","properties":{"divipola_mun":"27050","divipola_mun_n":27050,"divipola_dep":"27","divipola_dep_n":27,"mpio_nombre":"ATRATO","dpto_nombre":"CHOCÓ","area_km2":421.7739}},{"arcs":[[-46,1926,1927,1928,1929,1930,1931,-117]],"type":"Polygon","properties":{"divipola_mun":"27073","divipola_mun_n":27073,"divipola_dep":"27","divipola_dep_n":27,"mpio_nombre":"BAGADÓ","dpto_nombre":"CHOCÓ","area_km2":807.5687}},{"arcs":[[-1922,1932,1933,1934,1935,1936,1937]],"type":"Polygon","properties":{"divipola_mun":"27075","divipola_mun_n":27075,"divipola_dep":"27","divipola_dep_n":27,"mpio_nombre":"BAHÍA SOLANO","dpto_nombre":"CHOCÓ","area_km2":896.0456}},{"arcs":[[-1920,1938,1939,1940,1941,1942]],"type":"Polygon","properties":{"divipola_mun":"27077","divipola_mun_n":27077,"divipola_dep":"27","divipola_dep_n":27,"mpio_nombre":"BAJO BAUDÓ","dpto_nombre":"CHOCÓ","area_km2":3482.1194}},{"arcs":[[-406,-1913,-1923,-1938,1943]],"type":"Polygon","properties":{"divipola_mun":"27099","divipola_mun_n":27099,"divipola_dep":"27","divipola_dep_n":27,"mpio_nombre":"BOJAYÁ","dpto_nombre":"CHOCÓ","area_km2":3633.2061}},{"arcs":[[-1918,1944,1945,1946,1947,1948]],"type":"Polygon","properties":{"divipola_mun":"27135","divipola_mun_n":27135,"divipola_dep":"27","divipola_dep_n":27,"mpio_nombre":"EL CANTÓN DEL SAN PABLO","dpto_nombre":"CHOCÓ","area_km2":380.6937}},{"arcs":[[-211,-302,-407,-1944,-1937,1949,1950]],"type":"Polygon","properties":{"divipola_mun":"27150","divipola_mun_n":27150,"divipola_dep":"27","divipola_dep_n":27,"mpio_nombre":"CARMEN DEL DARIÉN","dpto_nombre":"CHOCÓ","area_km2":3369.516}},{"arcs":[[-1925,1951,-1930,1952,1953,-1946,1954]],"type":"Polygon","properties":{"divipola_mun":"27160","divipola_mun_n":27160,"divipola_dep":"27","divipola_dep_n":27,"mpio_nombre":"CÉRTEGUI","dpto_nombre":"CHOCÓ","area_km2":423.5112}},{"arcs":[[1955,1956,1957,1958,1959]],"type":"Polygon","properties":{"divipola_mun":"27205","divipola_mun_n":27205,"divipola_dep":"27","divipola_dep_n":27,"mpio_nombre":"CONDOTO","dpto_nombre":"CHOCÓ","area_km2":467.8862}},{"arcs":[[-118,-1932,1960,-1908,-396,-348,-123]],"type":"Polygon","properties":{"divipola_mun":"27245","divipola_mun_n":27245,"divipola_dep":"27","divipola_dep_n":27,"mpio_nombre":"EL CARMEN DE ATRATO","dpto_nombre":"CHOCÓ","area_km2":830.2938}},{"arcs":[[-1941,1961,1962,1963,1964,1965,1966,1967,1968]],"type":"Polygon","properties":{"divipola_mun":"27250","divipola_mun_n":27250,"divipola_dep":"27","divipola_dep_n":27,"mpio_nombre":"EL LITORAL DEL SAN JUAN","dpto_nombre":"CHOCÓ","area_km2":4137.6843}},{"arcs":[[-1940,1969,-1948,1970,1971,1972,1973,1974,-1962]],"type":"Polygon","properties":{"divipola_mun":"27361","divipola_mun_n":27361,"divipola_dep":"27","divipola_dep_n":27,"mpio_nombre":"ISTMINA","dpto_nombre":"CHOCÓ","area_km2":1881.0721}},{"arcs":[[-1935,1975,1976]],"type":"Polygon","properties":{"divipola_mun":"27372","divipola_mun_n":27372,"divipola_dep":"27","divipola_dep_n":27,"mpio_nombre":"JURADÓ","dpto_nombre":"CHOCÓ","area_km2":1253.5117}},{"arcs":[[-1909,-1961,-1931,-1952,-1924]],"type":"Polygon","properties":{"divipola_mun":"27413","divipola_mun_n":27413,"divipola_dep":"27","divipola_dep_n":27,"mpio_nombre":"LLORÓ","dpto_nombre":"CHOCÓ","area_km2":843.1253}},{"arcs":[[-398,-1914,-404]],"type":"Polygon","properties":{"divipola_mun":"27425","divipola_mun_n":27425,"divipola_dep":"27","divipola_dep_n":27,"mpio_nombre":"MEDIO ATRATO","dpto_nombre":"CHOCÓ","area_km2":1813.7519}},{"arcs":[[-1919,-1949,-1970,-1939]],"type":"Polygon","properties":{"divipola_mun":"27430","divipola_mun_n":27430,"divipola_dep":"27","divipola_dep_n":27,"mpio_nombre":"MEDIO BAUDÓ","dpto_nombre":"CHOCÓ","area_km2":1372.9457}},{"arcs":[[-1958,1977,1978,-1974,1979]],"type":"Polygon","properties":{"divipola_mun":"27450","divipola_mun_n":27450,"divipola_dep":"27","divipola_dep_n":27,"mpio_nombre":"MEDIO SAN JUAN","dpto_nombre":"CHOCÓ","area_km2":663.7857}},{"arcs":[[-1957,1980,1981,-1978]],"type":"Polygon","properties":{"divipola_mun":"27491","divipola_mun_n":27491,"divipola_dep":"27","divipola_dep_n":27,"mpio_nombre":"NÓVITA","dpto_nombre":"CHOCÓ","area_km2":945.6739}},{"arcs":[[-212,-1951,1982,-391,-304]],"type":"Polygon","properties":{"divipola_mun":"27493","divipola_mun_n":27493,"divipola_dep":"27","divipola_dep_n":27,"mpio_nombre":"NUEVO BELÉN DE BAJIRÁ","dpto_nombre":"CHOCÓ","area_km2":1289.26}},{"arcs":[[-1921,-1943,1983,-1933]],"type":"Polygon","properties":{"divipola_mun":"27495","divipola_mun_n":27495,"divipola_dep":"27","divipola_dep_n":27,"mpio_nombre":"NUQUÍ","dpto_nombre":"CHOCÓ","area_km2":704.6516}},{"arcs":[[-1959,-1980,-1973,1984]],"type":"Polygon","properties":{"divipola_mun":"27580","divipola_mun_n":27580,"divipola_dep":"27","divipola_dep_n":27,"mpio_nombre":"RÍO IRÓ","dpto_nombre":"CHOCÓ","area_km2":325.2165}},{"arcs":[[-1911,-1926,-1955,-1945,-1917]],"type":"Polygon","properties":{"divipola_mun":"27600","divipola_mun_n":27600,"divipola_dep":"27","divipola_dep_n":27,"mpio_nombre":"RÍO QUITO","dpto_nombre":"CHOCÓ","area_km2":699.3372}},{"arcs":[[-392,-1983,-1950,-1936,-1977,1985,1986]],"type":"Polygon","properties":{"divipola_mun":"27615","divipola_mun_n":27615,"divipola_dep":"27","divipola_dep_n":27,"mpio_nombre":"RIOSUCIO","dpto_nombre":"CHOCÓ","area_km2":6139.6156}},{"arcs":[[-1956,1987,1988,1989,1990,1991,1992,1993,-1981]],"type":"Polygon","properties":{"divipola_mun":"27660","divipola_mun_n":27660,"divipola_dep":"27","divipola_dep_n":27,"mpio_nombre":"SAN JOSÉ DEL PALMAR","dpto_nombre":"CHOCÓ","area_km2":1582.5244}},{"arcs":[[-1963,-1975,-1979,-1982,-1994,1994,1995,1996,1997]],"type":"Polygon","properties":{"divipola_mun":"27745","divipola_mun_n":27745,"divipola_dep":"27","divipola_dep_n":27,"mpio_nombre":"SIPÍ","dpto_nombre":"CHOCÓ","area_km2":1577.4533}},{"arcs":[[-1929,1998,-1988,-1960,-1985,-1972,1999,-1953]],"type":"Polygon","properties":{"divipola_mun":"27787","divipola_mun_n":27787,"divipola_dep":"27","divipola_dep_n":27,"mpio_nombre":"TADÓ","dpto_nombre":"CHOCÓ","area_km2":714.9931}},{"arcs":[[-393,-1987,2000,-1915,2001]],"type":"Polygon","properties":{"divipola_mun":"27800","divipola_mun_n":27800,"divipola_dep":"27","divipola_dep_n":27,"mpio_nombre":"UNGUÍA","dpto_nombre":"CHOCÓ","area_km2":1191.1601}},{"arcs":[[-1947,-1954,-2000,-1971]],"type":"Polygon","properties":{"divipola_mun":"27810","divipola_mun_n":27810,"divipola_dep":"27","divipola_dep_n":27,"mpio_nombre":"UNIÓN PANAMERICANA","dpto_nombre":"CHOCÓ","area_km2":177.8375}},{"arcs":[[-1216,2002,2003,2004,2005,2006]],"type":"Polygon","properties":{"divipola_mun":"41001","divipola_mun_n":41001,"divipola_dep":"41","divipola_dep_n":41,"mpio_nombre":"NEIVA","dpto_nombre":"HUILA","area_km2":1269.2179}},{"arcs":[[-1185,-1213,2007,2008,2009,2010]],"type":"Polygon","properties":{"divipola_mun":"41006","divipola_mun_n":41006,"divipola_dep":"41","divipola_dep_n":41,"mpio_nombre":"ACEVEDO","dpto_nombre":"HUILA","area_km2":521.8077}},{"arcs":[[2011,2012,2013,2014,2015]],"type":"Polygon","properties":{"divipola_mun":"41013","divipola_mun_n":41013,"divipola_dep":"41","divipola_dep_n":41,"mpio_nombre":"AGRADO","dpto_nombre":"HUILA","area_km2":273.6871}},{"arcs":[[-2006,2016,2017,2018,2019,2020]],"type":"Polygon","properties":{"divipola_mun":"41016","divipola_mun_n":41016,"divipola_dep":"41","divipola_dep_n":41,"mpio_nombre":"AIPE","dpto_nombre":"HUILA","area_km2":795.3082}},{"arcs":[[-1199,2021,2022,2023,2024,-1214,-1210]],"type":"Polygon","properties":{"divipola_mun":"41020","divipola_mun_n":41020,"divipola_dep":"41","divipola_dep_n":41,"mpio_nombre":"ALGECIRAS","dpto_nombre":"HUILA","area_km2":589.4271}},{"arcs":[[-2014,2025,2026,2027,2028,2029,2030]],"type":"Polygon","properties":{"divipola_mun":"41026","divipola_mun_n":41026,"divipola_dep":"41","divipola_dep_n":41,"mpio_nombre":"ALTAMIRA","dpto_nombre":"HUILA","area_km2":180.9524}},{"arcs":[[2031,2032,2033,2034,2035]],"type":"Polygon","properties":{"divipola_mun":"41078","divipola_mun_n":41078,"divipola_dep":"41","divipola_dep_n":41,"mpio_nombre":"BARAYA","dpto_nombre":"HUILA","area_km2":785.4793}},{"arcs":[[-2024,2036,2037,2038,2039]],"type":"Polygon","properties":{"divipola_mun":"41132","divipola_mun_n":41132,"divipola_dep":"41","divipola_dep_n":41,"mpio_nombre":"CAMPOALEGRE","dpto_nombre":"HUILA","area_km2":462.6053}},{"arcs":[[-499,2040,-2032,2041,2042,-1615]],"type":"Polygon","properties":{"divipola_mun":"41206","divipola_mun_n":41206,"divipola_dep":"41","divipola_dep_n":41,"mpio_nombre":"COLOMBIA","dpto_nombre":"HUILA","area_km2":1583.6231}},{"arcs":[[2043,2044,2045,2046,2047]],"type":"Polygon","properties":{"divipola_mun":"41244","divipola_mun_n":41244,"divipola_dep":"41","divipola_dep_n":41,"mpio_nombre":"ELÍAS","dpto_nombre":"HUILA","area_km2":80.4411}},{"arcs":[[-1175,2048,-2026,-2013,2049,-1201]],"type":"Polygon","properties":{"divipola_mun":"41298","divipola_mun_n":41298,"divipola_dep":"41","divipola_dep_n":41,"mpio_nombre":"GARZÓN","dpto_nombre":"HUILA","area_km2":606.3546}},{"arcs":[[-1202,-2050,-2012,2050,2051,2052,2053,-2022]],"type":"Polygon","properties":{"divipola_mun":"41306","divipola_mun_n":41306,"divipola_dep":"41","divipola_dep_n":41,"mpio_nombre":"GIGANTE","dpto_nombre":"HUILA","area_km2":503.5643}},{"arcs":[[-1174,2054,-2027,-2049]],"type":"Polygon","properties":{"divipola_mun":"41319","divipola_mun_n":41319,"divipola_dep":"41","divipola_dep_n":41,"mpio_nombre":"GUADALUPE","dpto_nombre":"HUILA","area_km2":249.5636}},{"arcs":[[-2023,-2054,2055,-2037]],"type":"Polygon","properties":{"divipola_mun":"41349","divipola_mun_n":41349,"divipola_dep":"41","divipola_dep_n":41,"mpio_nombre":"HOBO","dpto_nombre":"HUILA","area_km2":194.1672}},{"arcs":[[-1350,2056,2057,2058,2059]],"type":"Polygon","properties":{"divipola_mun":"41357","divipola_mun_n":41357,"divipola_dep":"41","divipola_dep_n":41,"mpio_nombre":"ÍQUIRA","dpto_nombre":"HUILA","area_km2":356.447}},{"arcs":[[-1367,2060,2061,2062]],"type":"Polygon","properties":{"divipola_mun":"41359","divipola_mun_n":41359,"divipola_dep":"41","divipola_dep_n":41,"mpio_nombre":"ISNOS","dpto_nombre":"HUILA","area_km2":370.7287}},{"arcs":[[-1366,2063,2064,2065,2066,2067]],"type":"Polygon","properties":{"divipola_mun":"41378","divipola_mun_n":41378,"divipola_dep":"41","divipola_dep_n":41,"mpio_nombre":"LA ARGENTINA","dpto_nombre":"HUILA","area_km2":356.4577}},{"arcs":[[-1308,-1353,2068,2069,-2064,-1365]],"type":"Polygon","properties":{"divipola_mun":"41396","divipola_mun_n":41396,"divipola_dep":"41","divipola_dep_n":41,"mpio_nombre":"LA PLATA","dpto_nombre":"HUILA","area_km2":814.6714}},{"arcs":[[-1351,-2060,2070,2071]],"type":"Polygon","properties":{"divipola_mun":"41483","divipola_mun_n":41483,"divipola_dep":"41","divipola_dep_n":41,"mpio_nombre":"NÁTAGA","dpto_nombre":"HUILA","area_km2":131.9246}},{"arcs":[[-2047,2072,-2067,2073]],"type":"Polygon","properties":{"divipola_mun":"41503","divipola_mun_n":41503,"divipola_dep":"41","divipola_dep_n":41,"mpio_nombre":"OPORAPA","dpto_nombre":"HUILA","area_km2":155.8207}},{"arcs":[[-1352,-2072,2074,-2051,-2016,2075,-2069]],"type":"Polygon","properties":{"divipola_mun":"41518","divipola_mun_n":41518,"divipola_dep":"41","divipola_dep_n":41,"mpio_nombre":"PAICOL","dpto_nombre":"HUILA","area_km2":278.2674}},{"arcs":[[-2004,2076,-2039,2077,2078,2079,2080]],"type":"Polygon","properties":{"divipola_mun":"41524","divipola_mun_n":41524,"divipola_dep":"41","divipola_dep_n":41,"mpio_nombre":"PALERMO","dpto_nombre":"HUILA","area_km2":883.9569}},{"arcs":[[-1358,-1378,2081,-2008]],"type":"Polygon","properties":{"divipola_mun":"41530","divipola_mun_n":41530,"divipola_dep":"41","divipola_dep_n":41,"mpio_nombre":"PALESTINA","dpto_nombre":"HUILA","area_km2":196.9612}},{"arcs":[[-2015,-2031,2082,-2065,-2070,-2076]],"type":"Polygon","properties":{"divipola_mun":"41548","divipola_mun_n":41548,"divipola_dep":"41","divipola_dep_n":41,"mpio_nombre":"PITAL","dpto_nombre":"HUILA","area_km2":193.6433}},{"arcs":[[-1377,2083,-2062,2084,-2045,2085,-2009,-2082]],"type":"Polygon","properties":{"divipola_mun":"41551","divipola_mun_n":41551,"divipola_dep":"41","divipola_dep_n":41,"mpio_nombre":"PITALITO","dpto_nombre":"HUILA","area_km2":630.7317}},{"arcs":[[-1215,-2025,-2040,-2077,-2003]],"type":"Polygon","properties":{"divipola_mun":"41615","divipola_mun_n":41615,"divipola_dep":"41","divipola_dep_n":41,"mpio_nombre":"RIVERA","dpto_nombre":"HUILA","area_km2":251.1096}},{"arcs":[[-2046,-2085,-2061,-2068,-2073]],"type":"Polygon","properties":{"divipola_mun":"41660","divipola_mun_n":41660,"divipola_dep":"41","divipola_dep_n":41,"mpio_nombre":"SALADOBLANCO","dpto_nombre":"HUILA","area_km2":466.7272}},{"arcs":[[-1324,-1383,-1368,-2063,-2084,-1376,-1372]],"type":"Polygon","properties":{"divipola_mun":"41668","divipola_mun_n":41668,"divipola_dep":"41","divipola_dep_n":41,"mpio_nombre":"SAN AGUSTÍN","dpto_nombre":"HUILA","area_km2":1390.8505}},{"arcs":[[-2080,2086,2087]],"type":"Polygon","properties":{"divipola_mun":"41676","divipola_mun_n":41676,"divipola_dep":"41","divipola_dep_n":41,"mpio_nombre":"SANTA MARÍA","dpto_nombre":"HUILA","area_km2":339.3052}},{"arcs":[[-1173,-1186,-2011,2088,-2028,-2055]],"type":"Polygon","properties":{"divipola_mun":"41770","divipola_mun_n":41770,"divipola_dep":"41","divipola_dep_n":41,"mpio_nombre":"SUAZA","dpto_nombre":"HUILA","area_km2":429.6235}},{"arcs":[[-2030,2089,-2048,-2074,-2066,-2083]],"type":"Polygon","properties":{"divipola_mun":"41791","divipola_mun_n":41791,"divipola_dep":"41","divipola_dep_n":41,"mpio_nombre":"TARQUI","dpto_nombre":"HUILA","area_km2":362.7909}},{"arcs":[[-2052,-2075,-2071,-2059,2090]],"type":"Polygon","properties":{"divipola_mun":"41797","divipola_mun_n":41797,"divipola_dep":"41","divipola_dep_n":41,"mpio_nombre":"TESALIA","dpto_nombre":"HUILA","area_km2":366.9572}},{"arcs":[[-1217,-2007,-2021,2091,-2034,2092]],"type":"Polygon","properties":{"divipola_mun":"41799","divipola_mun_n":41799,"divipola_dep":"41","divipola_dep_n":41,"mpio_nombre":"TELLO","dpto_nombre":"HUILA","area_km2":530.1223}},{"arcs":[[-1349,2093,-2087,-2079,2094,-2057]],"type":"Polygon","properties":{"divipola_mun":"41801","divipola_mun_n":41801,"divipola_dep":"41","divipola_dep_n":41,"mpio_nombre":"TERUEL","dpto_nombre":"HUILA","area_km2":471.6562}},{"arcs":[[-2010,-2086,-2044,-2090,-2029,-2089]],"type":"Polygon","properties":{"divipola_mun":"41807","divipola_mun_n":41807,"divipola_dep":"41","divipola_dep_n":41,"mpio_nombre":"TIMANÁ","dpto_nombre":"HUILA","area_km2":185.7216}},{"arcs":[[-2020,2095,2096,-2035,-2092]],"type":"Polygon","properties":{"divipola_mun":"41872","divipola_mun_n":41872,"divipola_dep":"41","divipola_dep_n":41,"mpio_nombre":"VILLAVIEJA","dpto_nombre":"HUILA","area_km2":543.6297}},{"arcs":[[-2038,-2056,-2053,-2091,-2058,-2095,-2078]],"type":"Polygon","properties":{"divipola_mun":"41885","divipola_mun_n":41885,"divipola_dep":"41","divipola_dep_n":41,"mpio_nombre":"YAGUARÁ","dpto_nombre":"HUILA","area_km2":332.8167}},{"arcs":[[2097,2098,2099,2100,2101,2102,2103,2104,2105,2106]],"type":"Polygon","properties":{"divipola_mun":"44001","divipola_mun_n":44001,"divipola_dep":"44","divipola_dep_n":44,"mpio_nombre":"RIOHACHA","dpto_nombre":"LA GUAJIRA","area_km2":3082.5586}},{"arcs":[[-2099,2107,2108,2109,2110,2111]],"type":"Polygon","properties":{"divipola_mun":"44035","divipola_mun_n":44035,"divipola_dep":"44","divipola_dep_n":44,"mpio_nombre":"ALBANIA","dpto_nombre":"LA GUAJIRA","area_km2":544.8045}},{"arcs":[[-2101,2112,-2111,2113,2114,2115]],"type":"Polygon","properties":{"divipola_mun":"44078","divipola_mun_n":44078,"divipola_dep":"44","divipola_dep_n":44,"mpio_nombre":"BARRANCAS","dpto_nombre":"LA GUAJIRA","area_km2":799.227}},{"arcs":[[-1399,2116,2117,-2105,2118]],"type":"Polygon","properties":{"divipola_mun":"44090","divipola_mun_n":44090,"divipola_dep":"44","divipola_dep_n":44,"mpio_nombre":"DIBULLA","dpto_nombre":"LA GUAJIRA","area_km2":1746.8232}},{"arcs":[[-2103,2119,2120]],"type":"Polygon","properties":{"divipola_mun":"44098","divipola_mun_n":44098,"divipola_dep":"44","divipola_dep_n":44,"mpio_nombre":"DISTRACCIÓN","dpto_nombre":"LA GUAJIRA","area_km2":231.4144}},{"arcs":[[2121,2122,2123]],"type":"Polygon","properties":{"divipola_mun":"44110","divipola_mun_n":44110,"divipola_dep":"44","divipola_dep_n":44,"mpio_nombre":"EL MOLINO","dpto_nombre":"LA GUAJIRA","area_km2":241.6967}},{"arcs":[[-2102,-2116,2124,2125,-2120]],"type":"Polygon","properties":{"divipola_mun":"44279","divipola_mun_n":44279,"divipola_dep":"44","divipola_dep_n":44,"mpio_nombre":"FONSECA","dpto_nombre":"LA GUAJIRA","area_km2":472.543}},{"arcs":[[[-2100,-2112,-2113]],[[-2110,2126,-2114]]],"type":"MultiPolygon","properties":{"divipola_mun":"44378","divipola_mun_n":44378,"divipola_dep":"44","divipola_dep_n":44,"mpio_nombre":"HATONUEVO","dpto_nombre":"LA GUAJIRA","area_km2":214.1867}},{"arcs":[[-1390,2127,2128,-1458,-1470]],"type":"Polygon","properties":{"divipola_mun":"44420","divipola_mun_n":44420,"divipola_dep":"44","divipola_dep_n":44,"mpio_nombre":"LA JAGUA DEL PILAR","dpto_nombre":"LA GUAJIRA","area_km2":179.2501}},{"arcs":[[-2098,2129,2130,2131,-2108]],"type":"Polygon","properties":{"divipola_mun":"44430","divipola_mun_n":44430,"divipola_dep":"44","divipola_dep_n":44,"mpio_nombre":"MAICAO","dpto_nombre":"LA GUAJIRA","area_km2":1764.5097}},{"arcs":[[-2107,2132,2133,-2130]],"type":"Polygon","properties":{"divipola_mun":"44560","divipola_mun_n":44560,"divipola_dep":"44","divipola_dep_n":44,"mpio_nombre":"MANAURE","dpto_nombre":"LA GUAJIRA","area_km2":1615.5476}},{"arcs":[[-1400,-2119,-2104,-2121,-2126,2134,-2124,2135]],"type":"Polygon","properties":{"divipola_mun":"44650","divipola_mun_n":44650,"divipola_dep":"44","divipola_dep_n":44,"mpio_nombre":"SAN JUAN DEL CESAR","dpto_nombre":"LA GUAJIRA","area_km2":1308.5568}},{"arcs":[[-2131,-2134,2136]],"type":"Polygon","properties":{"divipola_mun":"44847","divipola_mun_n":44847,"divipola_dep":"44","divipola_dep_n":44,"mpio_nombre":"URIBIA","dpto_nombre":"LA GUAJIRA","area_km2":7866.0209}},{"arcs":[[-1389,2137,2138,-2128]],"type":"Polygon","properties":{"divipola_mun":"44855","divipola_mun_n":44855,"divipola_dep":"44","divipola_dep_n":44,"mpio_nombre":"URUMITA","dpto_nombre":"LA GUAJIRA","area_km2":245.7939}},{"arcs":[[-1388,-2136,-2123,2139,-2138]],"type":"Polygon","properties":{"divipola_mun":"44874","divipola_mun_n":44874,"divipola_dep":"44","divipola_dep_n":44,"mpio_nombre":"VILLANUEVA","dpto_nombre":"LA GUAJIRA","area_km2":259.5865}},{"arcs":[[-2117,2140,2141,2142]],"type":"Polygon","properties":{"divipola_mun":"47001","divipola_mun_n":47001,"divipola_dep":"47","divipola_dep_n":47,"mpio_nombre":"SANTA MARTA","dpto_nombre":"MAGDALENA","area_km2":2343.9033}},{"arcs":[[-1439,2143,2144]],"type":"Polygon","properties":{"divipola_mun":"47030","divipola_mun_n":47030,"divipola_dep":"47","divipola_dep_n":47,"mpio_nombre":"ALGARROBO","dpto_nombre":"MAGDALENA","area_km2":405.885}},{"arcs":[[-1398,-1466,2145,2146,2147,2148,2149,-2141]],"type":"Polygon","properties":{"divipola_mun":"47053","divipola_mun_n":47053,"divipola_dep":"47","divipola_dep_n":47,"mpio_nombre":"ARACATACA","dpto_nombre":"MAGDALENA","area_km2":1738.4243}},{"arcs":[[-1421,-1446,2150,2151,2152]],"type":"Polygon","properties":{"divipola_mun":"47058","divipola_mun_n":47058,"divipola_dep":"47","divipola_dep_n":47,"mpio_nombre":"ARIGUANÍ","dpto_nombre":"MAGDALENA","area_km2":1130.3299}},{"arcs":[[-428,2153,2154,2155,2156,-546,-487]],"type":"Polygon","properties":{"divipola_mun":"47161","divipola_mun_n":47161,"divipola_dep":"47","divipola_dep_n":47,"mpio_nombre":"CERRO DE SAN ANTONIO","dpto_nombre":"MAGDALENA","area_km2":177.0656}},{"arcs":[[2157,2158,2159,2160,2161,2162]],"type":"Polygon","properties":{"divipola_mun":"47170","divipola_mun_n":47170,"divipola_dep":"47","divipola_dep_n":47,"mpio_nombre":"CHIVOLO","dpto_nombre":"MAGDALENA","area_km2":536.0309}},{"arcs":[[-2142,-2150,2163,2164,2165]],"type":"Polygon","properties":{"divipola_mun":"47189","divipola_mun_n":47189,"divipola_dep":"47","divipola_dep_n":47,"mpio_nombre":"CIÉNAGA","dpto_nombre":"MAGDALENA","area_km2":1329.356}},{"arcs":[[-2156,2166,2167]],"type":"Polygon","properties":{"divipola_mun":"47205","divipola_mun_n":47205,"divipola_dep":"47","divipola_dep_n":47,"mpio_nombre":"CONCORDIA","dpto_nombre":"MAGDALENA","area_km2":109.3953}},{"arcs":[[-580,-586,-605,2168,-1429,-1480]],"type":"Polygon","properties":{"divipola_mun":"47245","divipola_mun_n":47245,"divipola_dep":"47","divipola_dep_n":47,"mpio_nombre":"EL BANCO","dpto_nombre":"MAGDALENA","area_km2":813.8018}},{"arcs":[[-427,2169,2170,-2160,2171,-2154]],"type":"Polygon","properties":{"divipola_mun":"47258","divipola_mun_n":47258,"divipola_dep":"47","divipola_dep_n":47,"mpio_nombre":"EL PIÑÓN","dpto_nombre":"MAGDALENA","area_km2":556.6568}},{"arcs":[[-2147,2172,2173,2174,2175]],"type":"Polygon","properties":{"divipola_mun":"47268","divipola_mun_n":47268,"divipola_dep":"47","divipola_dep_n":47,"mpio_nombre":"EL RETÉN","dpto_nombre":"MAGDALENA","area_km2":261.8943}},{"arcs":[[-1440,-2145,2176,2177,-2173,-2146,-1465]],"type":"Polygon","properties":{"divipola_mun":"47288","divipola_mun_n":47288,"divipola_dep":"47","divipola_dep_n":47,"mpio_nombre":"FUNDACIÓN","dpto_nombre":"MAGDALENA","area_km2":970.5694}},{"arcs":[[-604,-644,2178,-1430,-2169]],"type":"Polygon","properties":{"divipola_mun":"47318","divipola_mun_n":47318,"divipola_dep":"47","divipola_dep_n":47,"mpio_nombre":"GUAMAL","dpto_nombre":"MAGDALENA","area_km2":563.8437}},{"arcs":[[-2152,2179,2180,2181]],"type":"Polygon","properties":{"divipola_mun":"47460","divipola_mun_n":47460,"divipola_dep":"47","divipola_dep_n":47,"mpio_nombre":"NUEVA GRANADA","dpto_nombre":"MAGDALENA","area_km2":841.1445}},{"arcs":[[-547,-2157,-2168,2182,-576]],"type":"Polygon","properties":{"divipola_mun":"47541","divipola_mun_n":47541,"divipola_dep":"47","divipola_dep_n":47,"mpio_nombre":"PEDRAZA","dpto_nombre":"MAGDALENA","area_km2":305.5474}},{"arcs":[[-1415,2183,2184,2185,-1444]],"type":"Polygon","properties":{"divipola_mun":"47545","divipola_mun_n":47545,"divipola_dep":"47","divipola_dep_n":47,"mpio_nombre":"PIJIÑO DEL CARMEN","dpto_nombre":"MAGDALENA","area_km2":660.7634}},{"arcs":[[-2161,-2171,2186,2187,-2174,-2178,2188]],"type":"Polygon","properties":{"divipola_mun":"47551","divipola_mun_n":47551,"divipola_dep":"47","divipola_dep_n":47,"mpio_nombre":"PIVIJAY","dpto_nombre":"MAGDALENA","area_km2":1638.7357}},{"arcs":[[-560,-668,2189,-2163,2190,-2181,2191,2192]],"type":"Polygon","properties":{"divipola_mun":"47555","divipola_mun_n":47555,"divipola_dep":"47","divipola_dep_n":47,"mpio_nombre":"PLATO","dpto_nombre":"MAGDALENA","area_km2":1455.9752}},{"arcs":[[-2148,-2176,2193,2194,-2165,2195]],"type":"Polygon","properties":{"divipola_mun":"47570","divipola_mun_n":47570,"divipola_dep":"47","divipola_dep_n":47,"mpio_nombre":"PUEBLOVIEJO","dpto_nombre":"MAGDALENA","area_km2":679.0393}},{"arcs":[[-457,2196,-2175,-2188,2197,-469]],"type":"Polygon","properties":{"divipola_mun":"47605","divipola_mun_n":47605,"divipola_dep":"47","divipola_dep_n":47,"mpio_nombre":"REMOLINO","dpto_nombre":"MAGDALENA","area_km2":594.375}},{"arcs":[[-1422,-2153,-2182,-2191,-2162,-2189,-2177,-2144,-1438]],"type":"Polygon","properties":{"divipola_mun":"47660","divipola_mun_n":47660,"divipola_dep":"47","divipola_dep_n":47,"mpio_nombre":"SABANAS DE SAN ÁNGEL","dpto_nombre":"MAGDALENA","area_km2":1237.5607}},{"arcs":[[-426,-470,-2198,-2187,-2170]],"type":"Polygon","properties":{"divipola_mun":"47675","divipola_mun_n":47675,"divipola_dep":"47","divipola_dep_n":47,"mpio_nombre":"SALAMINA","dpto_nombre":"MAGDALENA","area_km2":170.3348}},{"arcs":[[-617,2198,-2184,-1414,-1431,-2179,-643]],"type":"Polygon","properties":{"divipola_mun":"47692","divipola_mun_n":47692,"divipola_dep":"47","divipola_dep_n":47,"mpio_nombre":"SAN SEBASTIÁN DE BUENAVISTA","dpto_nombre":"MAGDALENA","area_km2":437.1307}},{"arcs":[[-616,-662,2199,-2185,-2199]],"type":"Polygon","properties":{"divipola_mun":"47703","divipola_mun_n":47703,"divipola_dep":"47","divipola_dep_n":47,"mpio_nombre":"SAN ZENÓN","dpto_nombre":"MAGDALENA","area_km2":268.5945}},{"arcs":[[-661,2200,-2192,-2180,-2151,-1445,-2186,-2200]],"type":"Polygon","properties":{"divipola_mun":"47707","divipola_mun_n":47707,"divipola_dep":"47","divipola_dep_n":47,"mpio_nombre":"SANTA ANA","dpto_nombre":"MAGDALENA","area_km2":1119.2075}},{"arcs":[[-561,-2193,-2201,-660,-595]],"type":"Polygon","properties":{"divipola_mun":"47720","divipola_mun_n":47720,"divipola_dep":"47","divipola_dep_n":47,"mpio_nombre":"SANTA BÁRBARA DE PINTO","dpto_nombre":"MAGDALENA","area_km2":494.2662}},{"arcs":[[-416,2201,-2194,-2197,-456,-485,-479,-449,-486]],"type":"Polygon","properties":{"divipola_mun":"47745","divipola_mun_n":47745,"divipola_dep":"47","divipola_dep_n":47,"mpio_nombre":"SITIONUEVO","dpto_nombre":"MAGDALENA","area_km2":970.0227}},{"arcs":[[-578,2202,-2158,-2190,-667,-649]],"type":"Polygon","properties":{"divipola_mun":"47798","divipola_mun_n":47798,"divipola_dep":"47","divipola_dep_n":47,"mpio_nombre":"TENERIFE","dpto_nombre":"MAGDALENA","area_km2":491.7801}},{"arcs":[[-577,-2183,-2167,-2155,-2172,-2159,-2203]],"type":"Polygon","properties":{"divipola_mun":"47960","divipola_mun_n":47960,"divipola_dep":"47","divipola_dep_n":47,"mpio_nombre":"ZAPAYÁN","dpto_nombre":"MAGDALENA","area_km2":372.6059}},{"arcs":[[-2149,-2196,-2164]],"type":"Polygon","properties":{"divipola_mun":"47980","divipola_mun_n":47980,"divipola_dep":"47","divipola_dep_n":47,"mpio_nombre":"ZONA BANANERA","dpto_nombre":"MAGDALENA","area_km2":435.4174}},{"arcs":[[-1771,2203,2204,2205,2206,2207]],"type":"Polygon","properties":{"divipola_mun":"50001","divipola_mun_n":50001,"divipola_dep":"50","divipola_dep_n":50,"mpio_nombre":"VILLAVICENCIO","dpto_nombre":"META","area_km2":1283.7052}},{"arcs":[[-1772,-2208,2208,2209,2210,-1775]],"type":"Polygon","properties":{"divipola_mun":"50006","divipola_mun_n":50006,"divipola_dep":"50","divipola_dep_n":50,"mpio_nombre":"ACACÍAS","dpto_nombre":"META","area_km2":1121.9201}},{"arcs":[[-1850,2211,2212,2213]],"type":"Polygon","properties":{"divipola_mun":"50110","divipola_mun_n":50110,"divipola_dep":"50","divipola_dep_n":50,"mpio_nombre":"BARRANCA DE UPÍA","dpto_nombre":"META","area_km2":403.0329}},{"arcs":[[-1851,-2214,2214,2215,2216]],"type":"Polygon","properties":{"divipola_mun":"50124","divipola_mun_n":50124,"divipola_dep":"50","divipola_dep_n":50,"mpio_nombre":"CABUYARO","dpto_nombre":"META","area_km2":911.8506}},{"arcs":[[-2210,2217,2218,2219]],"type":"Polygon","properties":{"divipola_mun":"50150","divipola_mun_n":50150,"divipola_dep":"50","divipola_dep_n":50,"mpio_nombre":"CASTILLA LA NUEVA","dpto_nombre":"META","area_km2":513.8629}},{"arcs":[[-497,2220,2221,2222,2223,2224,2225]],"type":"Polygon","properties":{"divipola_mun":"50223","divipola_mun_n":50223,"divipola_dep":"50","divipola_dep_n":50,"mpio_nombre":"CUBARRAL","dpto_nombre":"META","area_km2":1156.4216}},{"arcs":[[-1810,-1852,-2217,2226,2227]],"type":"Polygon","properties":{"divipola_mun":"50226","divipola_mun_n":50226,"divipola_dep":"50","divipola_dep_n":50,"mpio_nombre":"CUMARAL","dpto_nombre":"META","area_km2":623.782}},{"arcs":[[-1700,2228,2229,-2204,-1770,-1861]],"type":"Polygon","properties":{"divipola_mun":"50245","divipola_mun_n":50245,"divipola_dep":"50","divipola_dep_n":50,"mpio_nombre":"EL CALVARIO","dpto_nombre":"META","area_km2":269.9059}},{"arcs":[[-2224,2230,2231,2232,2233]],"type":"Polygon","properties":{"divipola_mun":"50251","divipola_mun_n":50251,"divipola_dep":"50","divipola_dep_n":50,"mpio_nombre":"EL CASTILLO","dpto_nombre":"META","area_km2":567.4397}},{"arcs":[[-2223,2234,-2231]],"type":"Polygon","properties":{"divipola_mun":"50270","divipola_mun_n":50270,"divipola_dep":"50","divipola_dep_n":50,"mpio_nombre":"EL DORADO","dpto_nombre":"META","area_km2":117.176}},{"arcs":[[2235,2236,2237,2238]],"type":"Polygon","properties":{"divipola_mun":"50287","divipola_mun_n":50287,"divipola_dep":"50","divipola_dep_n":50,"mpio_nombre":"FUENTE DE ORO","dpto_nombre":"META","area_km2":570.0996}},{"arcs":[[-2233,2239,-2238,2240,2241]],"type":"Polygon","properties":{"divipola_mun":"50313","divipola_mun_n":50313,"divipola_dep":"50","divipola_dep_n":50,"mpio_nombre":"GRANADA","dpto_nombre":"META","area_km2":347.8024}},{"arcs":[[-496,-1776,-2211,-2220,2242,-2221]],"type":"Polygon","properties":{"divipola_mun":"50318","divipola_mun_n":50318,"divipola_dep":"50","divipola_dep_n":50,"mpio_nombre":"GUAMAL","dpto_nombre":"META","area_km2":594.9159}},{"arcs":[[2243,2244,2245,2246,2247,2248,2249]],"type":"Polygon","properties":{"divipola_mun":"50325","divipola_mun_n":50325,"divipola_dep":"50","divipola_dep_n":50,"mpio_nombre":"MAPIRIPÁN","dpto_nombre":"META","area_km2":11917.4788}},{"arcs":[[2250,2251,2252,2253]],"type":"Polygon","properties":{"divipola_mun":"50330","divipola_mun_n":50330,"divipola_dep":"50","divipola_dep_n":50,"mpio_nombre":"MESETAS","dpto_nombre":"META","area_km2":2277.8614}},{"arcs":[[-1219,2254,2255,2256,2257]],"type":"Polygon","properties":{"divipola_mun":"50350","divipola_mun_n":50350,"divipola_dep":"50","divipola_dep_n":50,"mpio_nombre":"LA MACARENA","dpto_nombre":"META","area_km2":8108.4629}},{"arcs":[[-498,-2226,2258,-2253,2259,-2255,-1218,-2093,-2033,-2041]],"type":"Polygon","properties":{"divipola_mun":"50370","divipola_mun_n":50370,"divipola_dep":"50","divipola_dep_n":50,"mpio_nombre":"URIBE","dpto_nombre":"META","area_km2":6454.4246}},{"arcs":[[-2225,-2234,-2242,2260,-2254,-2259]],"type":"Polygon","properties":{"divipola_mun":"50400","divipola_mun_n":50400,"divipola_dep":"50","divipola_dep_n":50,"mpio_nombre":"LEJANÍAS","dpto_nombre":"META","area_km2":814.421}},{"arcs":[[-2246,2261,2262]],"type":"Polygon","properties":{"divipola_mun":"50450","divipola_mun_n":50450,"divipola_dep":"50","divipola_dep_n":50,"mpio_nombre":"PUERTO CONCORDIA","dpto_nombre":"META","area_km2":1256.2834}},{"arcs":[[-2250,2263,2264,2265,2266,2267,2268]],"type":"Polygon","properties":{"divipola_mun":"50568","divipola_mun_n":50568,"divipola_dep":"50","divipola_dep_n":50,"mpio_nombre":"PUERTO GAITÁN","dpto_nombre":"META","area_km2":17200.784}},{"arcs":[[-2206,2269,-2227,-2216,2270,2271,2272,-2265,2273,2274]],"type":"Polygon","properties":{"divipola_mun":"50573","divipola_mun_n":50573,"divipola_dep":"50","divipola_dep_n":50,"mpio_nombre":"PUERTO LÓPEZ","dpto_nombre":"META","area_km2":6898.2361}},{"arcs":[[-2236,2275,-2248,2276,2277,2278]],"type":"Polygon","properties":{"divipola_mun":"50577","divipola_mun_n":50577,"divipola_dep":"50","divipola_dep_n":50,"mpio_nombre":"PUERTO LLERAS","dpto_nombre":"META","area_km2":2531.2148}},{"arcs":[[-2247,-2263,2279,2280,-2277]],"type":"Polygon","properties":{"divipola_mun":"50590","divipola_mun_n":50590,"divipola_dep":"50","divipola_dep_n":50,"mpio_nombre":"PUERTO RICO","dpto_nombre":"META","area_km2":3405.7167}},{"arcs":[[-1811,-2228,-2270,-2205,-2230,2281]],"type":"Polygon","properties":{"divipola_mun":"50606","divipola_mun_n":50606,"divipola_dep":"50","divipola_dep_n":50,"mpio_nombre":"RESTREPO","dpto_nombre":"META","area_km2":364.538}},{"arcs":[[-2207,-2275,2282,-2218,-2209]],"type":"Polygon","properties":{"divipola_mun":"50680","divipola_mun_n":50680,"divipola_dep":"50","divipola_dep_n":50,"mpio_nombre":"SAN CARLOS DE GUAROA","dpto_nombre":"META","area_km2":806.5993}},{"arcs":[[-2237,-2279,2283,-2251,-2261,-2241]],"type":"Polygon","properties":{"divipola_mun":"50683","divipola_mun_n":50683,"divipola_dep":"50","divipola_dep_n":50,"mpio_nombre":"SAN JUAN DE ARAMA","dpto_nombre":"META","area_km2":1165.3669}},{"arcs":[[-1699,-1783,-1719,-1812,-2282,-2229]],"type":"Polygon","properties":{"divipola_mun":"50686","divipola_mun_n":50686,"divipola_dep":"50","divipola_dep_n":50,"mpio_nombre":"SAN JUANITO","dpto_nombre":"META","area_km2":244.5236}},{"arcs":[[-2219,-2283,-2274,-2264,-2249,-2276,-2239,-2240,-2232,-2235,-2222,-2243]],"type":"Polygon","properties":{"divipola_mun":"50689","divipola_mun_n":50689,"divipola_dep":"50","divipola_dep_n":50,"mpio_nombre":"SAN MARTÍN","dpto_nombre":"META","area_km2":5922.0039}},{"arcs":[[-2252,-2284,-2278,-2281,2284,-2256,-2260]],"type":"Polygon","properties":{"divipola_mun":"50711","divipola_mun_n":50711,"divipola_dep":"50","divipola_dep_n":50,"mpio_nombre":"VISTAHERMOSA","dpto_nombre":"META","area_km2":4813.9919}},{"arcs":[[2285,2286,2287,2288,2289,2290,2291,2292,2293,2294]],"type":"Polygon","properties":{"divipola_mun":"52001","divipola_mun_n":52001,"divipola_dep":"52","divipola_dep_n":52,"mpio_nombre":"PASTO","dpto_nombre":"NARIÑO","area_km2":1100.3073}},{"arcs":[[2295,2296,2297,2298,2299]],"type":"Polygon","properties":{"divipola_mun":"52019","divipola_mun_n":52019,"divipola_dep":"52","divipola_dep_n":52,"mpio_nombre":"ALBÁN","dpto_nombre":"NARIÑO","area_km2":38.6384}},{"arcs":[[2300,2301,2302,2303]],"type":"Polygon","properties":{"divipola_mun":"52022","divipola_mun_n":52022,"divipola_dep":"52","divipola_dep_n":52,"mpio_nombre":"ALDANA","dpto_nombre":"NARIÑO","area_km2":47.6942}},{"arcs":[[2304,2305,2306,2307,2308]],"type":"Polygon","properties":{"divipola_mun":"52036","divipola_mun_n":52036,"divipola_dep":"52","divipola_dep_n":52,"mpio_nombre":"ANCUYA","dpto_nombre":"NARIÑO","area_km2":68.9781}},{"arcs":[[-2298,2309,2310,2311]],"type":"Polygon","properties":{"divipola_mun":"52051","divipola_mun_n":52051,"divipola_dep":"52","divipola_dep_n":52,"mpio_nombre":"ARBOLEDA","dpto_nombre":"NARIÑO","area_km2":60.2324}},{"arcs":[[2312,2313,2314,2315,2316,2317,2318,2319]],"type":"Polygon","properties":{"divipola_mun":"52079","divipola_mun_n":52079,"divipola_dep":"52","divipola_dep_n":52,"mpio_nombre":"BARBACOAS","dpto_nombre":"NARIÑO","area_km2":2736.915}},{"arcs":[[2320,2321,2322,2323]],"type":"Polygon","properties":{"divipola_mun":"52083","divipola_mun_n":52083,"divipola_dep":"52","divipola_dep_n":52,"mpio_nombre":"BELÉN","dpto_nombre":"NARIÑO","area_km2":41.8754}},{"arcs":[[-2290,2324,2325,-2310,-2297,2326,2327,2328]],"type":"Polygon","properties":{"divipola_mun":"52110","divipola_mun_n":52110,"divipola_dep":"52","divipola_dep_n":52,"mpio_nombre":"BUESACO","dpto_nombre":"NARIÑO","area_km2":636.448}},{"arcs":[[-2324,2329,2330,2331]],"type":"Polygon","properties":{"divipola_mun":"52203","divipola_mun_n":52203,"divipola_dep":"52","divipola_dep_n":52,"mpio_nombre":"COLÓN","dpto_nombre":"NARIÑO","area_km2":61.795}},{"arcs":[[-2286,2332,2333,2334,-2306,2335,2336]],"type":"Polygon","properties":{"divipola_mun":"52207","divipola_mun_n":52207,"divipola_dep":"52","divipola_dep_n":52,"mpio_nombre":"CONSACÁ","dpto_nombre":"NARIÑO","area_km2":119.4708}},{"arcs":[[2337,2338,2339,2340,2341]],"type":"Polygon","properties":{"divipola_mun":"52210","divipola_mun_n":52210,"divipola_dep":"52","divipola_dep_n":52,"mpio_nombre":"CONTADERO","dpto_nombre":"NARIÑO","area_km2":43.254}},{"arcs":[[2342,2343,2344,2345]],"type":"Polygon","properties":{"divipola_mun":"52215","divipola_mun_n":52215,"divipola_dep":"52","divipola_dep_n":52,"mpio_nombre":"CÓRDOBA","dpto_nombre":"NARIÑO","area_km2":304.9174}},{"arcs":[[-2303,2346,2347,2348,2349]],"type":"Polygon","properties":{"divipola_mun":"52224","divipola_mun_n":52224,"divipola_dep":"52","divipola_dep_n":52,"mpio_nombre":"CUASPUD CARLOSAMA","dpto_nombre":"NARIÑO","area_km2":57.1859}},{"arcs":[[-2349,2350,2351,2352,2353]],"type":"Polygon","properties":{"divipola_mun":"52227","divipola_mun_n":52227,"divipola_dep":"52","divipola_dep_n":52,"mpio_nombre":"CUMBAL","dpto_nombre":"NARIÑO","area_km2":916.5424}},{"arcs":[[2354,2355,2356,2357,2358]],"type":"Polygon","properties":{"divipola_mun":"52233","divipola_mun_n":52233,"divipola_dep":"52","divipola_dep_n":52,"mpio_nombre":"CUMBITARA","dpto_nombre":"NARIÑO","area_km2":355.551}},{"arcs":[[-2289,2359,2360,2361,2362,-2325]],"type":"Polygon","properties":{"divipola_mun":"52240","divipola_mun_n":52240,"divipola_dep":"52","divipola_dep_n":52,"mpio_nombre":"CHACHAGÜÍ","dpto_nombre":"NARIÑO","area_km2":146.3987}},{"arcs":[[-1248,-1254,2363,2364,-2358,2365,2366,2367,2368,-1304]],"type":"Polygon","properties":{"divipola_mun":"52250","divipola_mun_n":52250,"divipola_dep":"52","divipola_dep_n":52,"mpio_nombre":"EL CHARCO","dpto_nombre":"NARIÑO","area_km2":2493.6225}},{"arcs":[[2369,2370,2371,2372,2373]],"type":"Polygon","properties":{"divipola_mun":"52254","divipola_mun_n":52254,"divipola_dep":"52","divipola_dep_n":52,"mpio_nombre":"EL PEÑOL","dpto_nombre":"NARIÑO","area_km2":121.2373}},{"arcs":[[-1335,2374,2375,-2359,-2365,2376]],"type":"Polygon","properties":{"divipola_mun":"52256","divipola_mun_n":52256,"divipola_dep":"52","divipola_dep_n":52,"mpio_nombre":"EL ROSARIO","dpto_nombre":"NARIÑO","area_km2":520.8006}},{"arcs":[[-1380,2377,2378,-2327,-2296,2379,2380]],"type":"Polygon","properties":{"divipola_mun":"52258","divipola_mun_n":52258,"divipola_dep":"52","divipola_dep_n":52,"mpio_nombre":"EL TABLÓN DE GÓMEZ","dpto_nombre":"NARIÑO","area_km2":307.1109}},{"arcs":[[-2361,2381,2382,2383,-2370,2384]],"type":"Polygon","properties":{"divipola_mun":"52260","divipola_mun_n":52260,"divipola_dep":"52","divipola_dep_n":52,"mpio_nombre":"EL TAMBO","dpto_nombre":"NARIÑO","area_km2":246.5473}},{"arcs":[[-2294,2385,2386,-2338,2387,2388,2389,2390]],"type":"Polygon","properties":{"divipola_mun":"52287","divipola_mun_n":52287,"divipola_dep":"52","divipola_dep_n":52,"mpio_nombre":"FUNES","dpto_nombre":"NARIÑO","area_km2":395.1206}},{"arcs":[[-2304,-2350,-2354,2391,2392,2393]],"type":"Polygon","properties":{"divipola_mun":"52317","divipola_mun_n":52317,"divipola_dep":"52","divipola_dep_n":52,"mpio_nombre":"GUACHUCAL","dpto_nombre":"NARIÑO","area_km2":155.8505}},{"arcs":[[-2307,-2335,2394,2395,2396,2397,2398]],"type":"Polygon","properties":{"divipola_mun":"52320","divipola_mun_n":52320,"divipola_dep":"52","divipola_dep_n":52,"mpio_nombre":"GUAITARILLA","dpto_nombre":"NARIÑO","area_km2":116.8613}},{"arcs":[[-2341,2399,2400,2401]],"type":"Polygon","properties":{"divipola_mun":"52323","divipola_mun_n":52323,"divipola_dep":"52","divipola_dep_n":52,"mpio_nombre":"GUALMATÁN","dpto_nombre":"NARIÑO","area_km2":29.9941}},{"arcs":[[-2342,-2402,2402,2403,2404,-2388]],"type":"Polygon","properties":{"divipola_mun":"52352","divipola_mun_n":52352,"divipola_dep":"52","divipola_dep_n":52,"mpio_nombre":"ILES","dpto_nombre":"NARIÑO","area_km2":80.6148}},{"arcs":[[-2389,-2405,2405,2406,-2396,2407]],"type":"Polygon","properties":{"divipola_mun":"52354","divipola_mun_n":52354,"divipola_dep":"52","divipola_dep_n":52,"mpio_nombre":"IMUÉS","dpto_nombre":"NARIÑO","area_km2":81.8134}},{"arcs":[[-2302,2408,-2400,-2340,2409,-2346,2410,2411,2412,2413,-2347]],"type":"Polygon","properties":{"divipola_mun":"52356","divipola_mun_n":52356,"divipola_dep":"52","divipola_dep_n":52,"mpio_nombre":"IPIALES","dpto_nombre":"NARIÑO","area_km2":1573.2237}},{"arcs":[[-1257,-1381,-2381,2414,-2321,-2332,2415]],"type":"Polygon","properties":{"divipola_mun":"52378","divipola_mun_n":52378,"divipola_dep":"52","divipola_dep_n":52,"mpio_nombre":"LA CRUZ","dpto_nombre":"NARIÑO","area_km2":238.9986}},{"arcs":[[-2288,2416,-2337,2417,-2382,-2360]],"type":"Polygon","properties":{"divipola_mun":"52381","divipola_mun_n":52381,"divipola_dep":"52","divipola_dep_n":52,"mpio_nombre":"LA FLORIDA","dpto_nombre":"NARIÑO","area_km2":136.4419}},{"arcs":[[-2313,2418,2419,2420]],"type":"Polygon","properties":{"divipola_mun":"52385","divipola_mun_n":52385,"divipola_dep":"52","divipola_dep_n":52,"mpio_nombre":"LA LLANADA","dpto_nombre":"NARIÑO","area_km2":245.267}},{"arcs":[[-2367,2421,2422,2423]],"type":"Polygon","properties":{"divipola_mun":"52390","divipola_mun_n":52390,"divipola_dep":"52","divipola_dep_n":52,"mpio_nombre":"LA TOLA","dpto_nombre":"NARIÑO","area_km2":416.5284}},{"arcs":[[-1300,2424,-2330,-2323,2425,2426,-1332]],"type":"Polygon","properties":{"divipola_mun":"52399","divipola_mun_n":52399,"divipola_dep":"52","divipola_dep_n":52,"mpio_nombre":"LA UNIÓN","dpto_nombre":"NARIÑO","area_km2":142.2637}},{"arcs":[[-1253,-1336,-2377,-2364]],"type":"Polygon","properties":{"divipola_mun":"52405","divipola_mun_n":52405,"divipola_dep":"52","divipola_dep_n":52,"mpio_nombre":"LEIVA","dpto_nombre":"NARIÑO","area_km2":310.698}},{"arcs":[[-2309,2427,-2420,2428,-2371,-2384,2429]],"type":"Polygon","properties":{"divipola_mun":"52411","divipola_mun_n":52411,"divipola_dep":"52","divipola_dep_n":52,"mpio_nombre":"LINARES","dpto_nombre":"NARIÑO","area_km2":135.7719}},{"arcs":[[-2320,2430,-2356,2431,-2372,-2429,-2419]],"type":"Polygon","properties":{"divipola_mun":"52418","divipola_mun_n":52418,"divipola_dep":"52","divipola_dep_n":52,"mpio_nombre":"LOS ANDES","dpto_nombre":"NARIÑO","area_km2":957.9813}},{"arcs":[[-2319,2432,2433,-2422,-2366,-2357,-2431]],"type":"Polygon","properties":{"divipola_mun":"52427","divipola_mun_n":52427,"divipola_dep":"52","divipola_dep_n":52,"mpio_nombre":"MAGÜÍ","dpto_nombre":"NARIÑO","area_km2":1810.6043}},{"arcs":[[-2353,2434,2435,2436,-2392]],"type":"Polygon","properties":{"divipola_mun":"52435","divipola_mun_n":52435,"divipola_dep":"52","divipola_dep_n":52,"mpio_nombre":"MALLAMA","dpto_nombre":"NARIÑO","area_km2":569.7576}},{"arcs":[[2437,2438,2439,2440,2441]],"type":"Polygon","properties":{"divipola_mun":"52473","divipola_mun_n":52473,"divipola_dep":"52","divipola_dep_n":52,"mpio_nombre":"MOSQUERA","dpto_nombre":"NARIÑO","area_km2":769.3128}},{"arcs":[[-2287,-2417]],"type":"Polygon","properties":{"divipola_mun":"52480","divipola_mun_n":52480,"divipola_dep":"52","divipola_dep_n":52,"mpio_nombre":"NARIÑO","dpto_nombre":"NARIÑO","area_km2":25.3362}},{"arcs":[[-2423,-2434,2442,-2442,2443]],"type":"Polygon","properties":{"divipola_mun":"52490","divipola_mun_n":52490,"divipola_dep":"52","divipola_dep_n":52,"mpio_nombre":"OLAYA HERRERA","dpto_nombre":"NARIÑO","area_km2":1004.6683}},{"arcs":[[-2404,2444,2445,-2406]],"type":"Polygon","properties":{"divipola_mun":"52506","divipola_mun_n":52506,"divipola_dep":"52","divipola_dep_n":52,"mpio_nombre":"OSPINA","dpto_nombre":"NARIÑO","area_km2":64.9117}},{"arcs":[[-2439,2446,2447,2448,2449]],"type":"Polygon","properties":{"divipola_mun":"52520","divipola_mun_n":52520,"divipola_dep":"52","divipola_dep_n":52,"mpio_nombre":"FRANCISCO PIZARRO","dpto_nombre":"NARIÑO","area_km2":526.1004}},{"arcs":[[-2355,-2376,2450,-2373,-2432]],"type":"Polygon","properties":{"divipola_mun":"52540","divipola_mun_n":52540,"divipola_dep":"52","divipola_dep_n":52,"mpio_nombre":"POLICARPA","dpto_nombre":"NARIÑO","area_km2":434.6653}},{"arcs":[[-2345,-2411]],"type":"Polygon","properties":{"divipola_mun":"52560","divipola_mun_n":52560,"divipola_dep":"52","divipola_dep_n":52,"mpio_nombre":"POTOSÍ","dpto_nombre":"NARIÑO","area_km2":388.6769}},{"arcs":[[-2398,2451,2452,2453]],"type":"Polygon","properties":{"divipola_mun":"52565","divipola_mun_n":52565,"divipola_dep":"52","divipola_dep_n":52,"mpio_nombre":"PROVIDENCIA","dpto_nombre":"NARIÑO","area_km2":40.0268}},{"arcs":[[-2339,-2387,2454,-2343,-2410]],"type":"Polygon","properties":{"divipola_mun":"52573","divipola_mun_n":52573,"divipola_dep":"52","divipola_dep_n":52,"mpio_nombre":"PUERRES","dpto_nombre":"NARIÑO","area_km2":350.4603}},{"arcs":[[-2301,-2394,2455,-2403,-2401,-2409]],"type":"Polygon","properties":{"divipola_mun":"52585","divipola_mun_n":52585,"divipola_dep":"52","divipola_dep_n":52,"mpio_nombre":"PUPIALES","dpto_nombre":"NARIÑO","area_km2":129.8037}},{"arcs":[[-2315,2456,2457,-2435,-2352,2458]],"type":"Polygon","properties":{"divipola_mun":"52612","divipola_mun_n":52612,"divipola_dep":"52","divipola_dep_n":52,"mpio_nombre":"RICAURTE","dpto_nombre":"NARIÑO","area_km2":1057.1952}},{"arcs":[[-2318,2459,-2447,-2438,-2443,-2433]],"type":"Polygon","properties":{"divipola_mun":"52621","divipola_mun_n":52621,"divipola_dep":"52","divipola_dep_n":52,"mpio_nombre":"ROBERTO PAYÁN","dpto_nombre":"NARIÑO","area_km2":1460.0406}},{"arcs":[[-2308,-2399,-2454,2460,-2457,-2314,-2421,-2428]],"type":"Polygon","properties":{"divipola_mun":"52678","divipola_mun_n":52678,"divipola_dep":"52","divipola_dep_n":52,"mpio_nombre":"SAMANIEGO","dpto_nombre":"NARIÑO","area_km2":605.7385}},{"arcs":[[-2305,-2430,-2383,-2418,-2336]],"type":"Polygon","properties":{"divipola_mun":"52683","divipola_mun_n":52683,"divipola_dep":"52","divipola_dep_n":52,"mpio_nombre":"SANDONÁ","dpto_nombre":"NARIÑO","area_km2":101.7133}},{"arcs":[[-2300,2461,-2322,-2415,-2380]],"type":"Polygon","properties":{"divipola_mun":"52685","divipola_mun_n":52685,"divipola_dep":"52","divipola_dep_n":52,"mpio_nombre":"SAN BERNARDO","dpto_nombre":"NARIÑO","area_km2":65.2103}},{"arcs":[[-1333,-2427,2462,-2311,-2326,-2363,2463]],"type":"Polygon","properties":{"divipola_mun":"52687","divipola_mun_n":52687,"divipola_dep":"52","divipola_dep_n":52,"mpio_nombre":"SAN LORENZO","dpto_nombre":"NARIÑO","area_km2":249.355}},{"arcs":[[-1258,-2416,-2331,-2425,-1299]],"type":"Polygon","properties":{"divipola_mun":"52693","divipola_mun_n":52693,"divipola_dep":"52","divipola_dep_n":52,"mpio_nombre":"SAN PABLO","dpto_nombre":"NARIÑO","area_km2":111.9348}},{"arcs":[[-2299,-2312,-2463,-2426,-2462]],"type":"Polygon","properties":{"divipola_mun":"52694","divipola_mun_n":52694,"divipola_dep":"52","divipola_dep_n":52,"mpio_nombre":"SAN PEDRO DE CARTAGO","dpto_nombre":"NARIÑO","area_km2":55.6893}},{"arcs":[[-1305,-2369,2464]],"type":"Polygon","properties":{"divipola_mun":"52696","divipola_mun_n":52696,"divipola_dep":"52","divipola_dep_n":52,"mpio_nombre":"SANTA BÁRBARA","dpto_nombre":"NARIÑO","area_km2":1226.1265}},{"arcs":[[-2436,-2458,-2461,-2453,2465,2466]],"type":"Polygon","properties":{"divipola_mun":"52699","divipola_mun_n":52699,"divipola_dep":"52","divipola_dep_n":52,"mpio_nombre":"SANTACRUZ","dpto_nombre":"NARIÑO","area_km2":541.1798}},{"arcs":[[-2393,-2437,-2467,2467,-2445,-2456]],"type":"Polygon","properties":{"divipola_mun":"52720","divipola_mun_n":52720,"divipola_dep":"52","divipola_dep_n":52,"mpio_nombre":"SAPUYES","dpto_nombre":"NARIÑO","area_km2":115.6804}},{"arcs":[[-1334,-2464,-2362,-2385,-2374,-2451,-2375]],"type":"Polygon","properties":{"divipola_mun":"52786","divipola_mun_n":52786,"divipola_dep":"52","divipola_dep_n":52,"mpio_nombre":"TAMINANGO","dpto_nombre":"NARIÑO","area_km2":234.7996}},{"arcs":[[-2295,-2391,2468,-2333]],"type":"Polygon","properties":{"divipola_mun":"52788","divipola_mun_n":52788,"divipola_dep":"52","divipola_dep_n":52,"mpio_nombre":"TANGUA","dpto_nombre":"NARIÑO","area_km2":218.1733}},{"arcs":[[[-2317,2469,-2448,-2460]],[[-2440,-2450,2470]]],"type":"MultiPolygon","properties":{"divipola_mun":"52835","divipola_mun_n":52835,"divipola_dep":"52","divipola_dep_n":52,"mpio_nombre":"SAN ANDRÉS DE TUMACO","dpto_nombre":"NARIÑO","area_km2":3617.458}},{"arcs":[[-2397,-2407,-2446,-2468,-2466,-2452]],"type":"Polygon","properties":{"divipola_mun":"52838","divipola_mun_n":52838,"divipola_dep":"52","divipola_dep_n":52,"mpio_nombre":"TÚQUERRES","dpto_nombre":"NARIÑO","area_km2":216.5688}},{"arcs":[[-2334,-2469,-2390,-2408,-2395]],"type":"Polygon","properties":{"divipola_mun":"52885","divipola_mun_n":52885,"divipola_dep":"52","divipola_dep_n":52,"mpio_nombre":"YACUANQUER","dpto_nombre":"NARIÑO","area_km2":102.8346}},{"arcs":[[2471,2472,2473,2474,2475,2476,2477,2478,2479,2480]],"type":"Polygon","properties":{"divipola_mun":"54001","divipola_mun_n":54001,"divipola_dep":"54","divipola_dep_n":54,"mpio_nombre":"SAN JOSÉ DE CÚCUTA","dpto_nombre":"NORTE DE SANTANDER","area_km2":1131.2195}},{"arcs":[[-1475,-1477,2481,2482,2483,2484,2485,2486,2487,2488]],"type":"Polygon","properties":{"divipola_mun":"54003","divipola_mun_n":54003,"divipola_dep":"54","divipola_dep_n":54,"mpio_nombre":"ÁBREGO","dpto_nombre":"NORTE DE SANTANDER","area_km2":1379.8987}},{"arcs":[[2489,2490,2491,2492,2493,2494]],"type":"Polygon","properties":{"divipola_mun":"54051","divipola_mun_n":54051,"divipola_dep":"54","divipola_dep_n":54,"mpio_nombre":"ARBOLEDAS","dpto_nombre":"NORTE DE SANTANDER","area_km2":455.2192}},{"arcs":[[-2480,2495,2496,2497,2498,-2490,2499,2500]],"type":"Polygon","properties":{"divipola_mun":"54099","divipola_mun_n":54099,"divipola_dep":"54","divipola_dep_n":54,"mpio_nombre":"BOCHALEMA","dpto_nombre":"NORTE DE SANTANDER","area_km2":169.9088}},{"arcs":[[-2486,2501,2502,2503]],"type":"Polygon","properties":{"divipola_mun":"54109","divipola_mun_n":54109,"divipola_dep":"54","divipola_dep_n":54,"mpio_nombre":"BUCARASICA","dpto_nombre":"NORTE DE SANTANDER","area_km2":270.251}},{"arcs":[[2504,2505,2506,2507]],"type":"Polygon","properties":{"divipola_mun":"54125","divipola_mun_n":54125,"divipola_dep":"54","divipola_dep_n":54,"mpio_nombre":"CÁCOTA","dpto_nombre":"NORTE DE SANTANDER","area_km2":138.6201}},{"arcs":[[-2488,2508,2509,-2493,2510,2511,2512,2513]],"type":"Polygon","properties":{"divipola_mun":"54128","divipola_mun_n":54128,"divipola_dep":"54","divipola_dep_n":54,"mpio_nombre":"CÁCHIRA","dpto_nombre":"NORTE DE SANTANDER","area_km2":614.6717}},{"arcs":[[-2497,2514,2515,2516,2517,2518]],"type":"Polygon","properties":{"divipola_mun":"54172","divipola_mun_n":54172,"divipola_dep":"54","divipola_dep_n":54,"mpio_nombre":"CHINÁCOTA","dpto_nombre":"NORTE DE SANTANDER","area_km2":165.885}},{"arcs":[[-812,2519,2520,2521,-2505,2522,2523,2524]],"type":"Polygon","properties":{"divipola_mun":"54174","divipola_mun_n":54174,"divipola_dep":"54","divipola_dep_n":54,"mpio_nombre":"CHITAGÁ","dpto_nombre":"NORTE DE SANTANDER","area_km2":1182.5054}},{"arcs":[[-1452,2525,2526,2527,2528]],"type":"Polygon","properties":{"divipola_mun":"54206","divipola_mun_n":54206,"divipola_dep":"54","divipola_dep_n":54,"mpio_nombre":"CONVENCIÓN","dpto_nombre":"NORTE DE SANTANDER","area_km2":930.09}},{"arcs":[[-2491,-2499,2529,2530,2531,2532,2533]],"type":"Polygon","properties":{"divipola_mun":"54223","divipola_mun_n":54223,"divipola_dep":"54","divipola_dep_n":54,"mpio_nombre":"CUCUTILLA","dpto_nombre":"NORTE DE SANTANDER","area_km2":374.1306}},{"arcs":[[-2495,2534,2535,2536,-2500]],"type":"Polygon","properties":{"divipola_mun":"54239","divipola_mun_n":54239,"divipola_dep":"54","divipola_dep_n":54,"mpio_nombre":"DURANIA","dpto_nombre":"NORTE DE SANTANDER","area_km2":174.6223}},{"arcs":[[-1403,-1455,-1464,-1460,-1426,-1437,2537,-2526,-1451,2538]],"type":"Polygon","properties":{"divipola_mun":"54245","divipola_mun_n":54245,"divipola_dep":"54","divipola_dep_n":54,"mpio_nombre":"EL CARMEN","dpto_nombre":"NORTE DE SANTANDER","area_km2":1724.7595}},{"arcs":[[2539,2540,2541]],"type":"Polygon","properties":{"divipola_mun":"54250","divipola_mun_n":54250,"divipola_dep":"54","divipola_dep_n":54,"mpio_nombre":"EL TARRA","dpto_nombre":"NORTE DE SANTANDER","area_km2":702.7441}},{"arcs":[[-2472,2542,2543,2544,2545]],"type":"Polygon","properties":{"divipola_mun":"54261","divipola_mun_n":54261,"divipola_dep":"54","divipola_dep_n":54,"mpio_nombre":"EL ZULIA","dpto_nombre":"NORTE DE SANTANDER","area_km2":504.2217}},{"arcs":[[-2545,2546,2547,2548,2549,2550]],"type":"Polygon","properties":{"divipola_mun":"54313","divipola_mun_n":54313,"divipola_dep":"54","divipola_dep_n":54,"mpio_nombre":"GRAMALOTE","dpto_nombre":"NORTE DE SANTANDER","area_km2":148.715}},{"arcs":[[-2484,2551,2552,2553]],"type":"Polygon","properties":{"divipola_mun":"54344","divipola_mun_n":54344,"divipola_dep":"54","divipola_dep_n":54,"mpio_nombre":"HACARÍ","dpto_nombre":"NORTE DE SANTANDER","area_km2":418.2102}},{"arcs":[[-2517,2554,2555,2556]],"type":"Polygon","properties":{"divipola_mun":"54347","divipola_mun_n":54347,"divipola_dep":"54","divipola_dep_n":54,"mpio_nombre":"HERRÁN","dpto_nombre":"NORTE DE SANTANDER","area_km2":106.7144}},{"arcs":[[-2524,2557,2558,2559]],"type":"Polygon","properties":{"divipola_mun":"54377","divipola_mun_n":54377,"divipola_dep":"54","divipola_dep_n":54,"mpio_nombre":"LABATECA","dpto_nombre":"NORTE DE SANTANDER","area_km2":255.4614}},{"arcs":[[-1473,-2489,-2514,2560]],"type":"Polygon","properties":{"divipola_mun":"54385","divipola_mun_n":54385,"divipola_dep":"54","divipola_dep_n":54,"mpio_nombre":"LA ESPERANZA","dpto_nombre":"NORTE DE SANTANDER","area_km2":668.7509}},{"arcs":[[-2483,2561,2562,-2552]],"type":"Polygon","properties":{"divipola_mun":"54398","divipola_mun_n":54398,"divipola_dep":"54","divipola_dep_n":54,"mpio_nombre":"LA PLAYA","dpto_nombre":"NORTE DE SANTANDER","area_km2":241.7724}},{"arcs":[[-2479,2563,2564,-2515,-2496]],"type":"Polygon","properties":{"divipola_mun":"54405","divipola_mun_n":54405,"divipola_dep":"54","divipola_dep_n":54,"mpio_nombre":"LOS PATIOS","dpto_nombre":"NORTE DE SANTANDER","area_km2":126.0892}},{"arcs":[[-2503,2565,-2550,2566]],"type":"Polygon","properties":{"divipola_mun":"54418","divipola_mun_n":54418,"divipola_dep":"54","divipola_dep_n":54,"mpio_nombre":"LOURDES","dpto_nombre":"NORTE DE SANTANDER","area_km2":86.4101}},{"arcs":[[-2507,2567,2568,-2532,2569]],"type":"Polygon","properties":{"divipola_mun":"54480","divipola_mun_n":54480,"divipola_dep":"54","divipola_dep_n":54,"mpio_nombre":"MUTISCUA","dpto_nombre":"NORTE DE SANTANDER","area_km2":158.4904}},{"arcs":[[[-1404,-2539,-1450,-1467]],[[-1448,-2529,2570,2571,-2562,-2482,-1476,-1468]]],"type":"MultiPolygon","properties":{"divipola_mun":"54498","divipola_mun_n":54498,"divipola_dep":"54","divipola_dep_n":54,"mpio_nombre":"OCAÑA","dpto_nombre":"NORTE DE SANTANDER","area_km2":552.8299}},{"arcs":[[-2508,-2570,-2531,2572,-2558,-2523]],"type":"Polygon","properties":{"divipola_mun":"54518","divipola_mun_n":54518,"divipola_dep":"54","divipola_dep_n":54,"mpio_nombre":"PAMPLONA","dpto_nombre":"NORTE DE SANTANDER","area_km2":297.65}},{"arcs":[[-2498,-2519,2573,-2559,-2573,-2530]],"type":"Polygon","properties":{"divipola_mun":"54520","divipola_mun_n":54520,"divipola_dep":"54","divipola_dep_n":54,"mpio_nombre":"PAMPLONITA","dpto_nombre":"NORTE DE SANTANDER","area_km2":170.5588}},{"arcs":[[-2476,2574]],"type":"Polygon","properties":{"divipola_mun":"54553","divipola_mun_n":54553,"divipola_dep":"54","divipola_dep_n":54,"mpio_nombre":"PUERTO SANTANDER","dpto_nombre":"NORTE DE SANTANDER","area_km2":44.846}},{"arcs":[[-2516,-2565,2575,2576,-2555]],"type":"Polygon","properties":{"divipola_mun":"54599","divipola_mun_n":54599,"divipola_dep":"54","divipola_dep_n":54,"mpio_nombre":"RAGONVALIA","dpto_nombre":"NORTE DE SANTANDER","area_km2":97.5042}},{"arcs":[[-2494,-2510,2577,-2548,2578,-2535]],"type":"Polygon","properties":{"divipola_mun":"54660","divipola_mun_n":54660,"divipola_dep":"54","divipola_dep_n":54,"mpio_nombre":"SALAZAR","dpto_nombre":"NORTE DE SANTANDER","area_km2":492.9055}},{"arcs":[[-2540,2579,2580,-2553,-2563,-2572,2581]],"type":"Polygon","properties":{"divipola_mun":"54670","divipola_mun_n":54670,"divipola_dep":"54","divipola_dep_n":54,"mpio_nombre":"SAN CALIXTO","dpto_nombre":"NORTE DE SANTANDER","area_km2":397.2876}},{"arcs":[[-2481,-2501,-2537,2582,-2543]],"type":"Polygon","properties":{"divipola_mun":"54673","divipola_mun_n":54673,"divipola_dep":"54","divipola_dep_n":54,"mpio_nombre":"SAN CAYETANO","dpto_nombre":"NORTE DE SANTANDER","area_km2":138.7447}},{"arcs":[[-2536,-2579,-2547,-2544,-2583]],"type":"Polygon","properties":{"divipola_mun":"54680","divipola_mun_n":54680,"divipola_dep":"54","divipola_dep_n":54,"mpio_nombre":"SANTIAGO","dpto_nombre":"NORTE DE SANTANDER","area_km2":172.1706}},{"arcs":[[-2473,-2546,-2551,-2566,-2502,-2485,-2554,-2581,2583]],"type":"Polygon","properties":{"divipola_mun":"54720","divipola_mun_n":54720,"divipola_dep":"54","divipola_dep_n":54,"mpio_nombre":"SARDINATA","dpto_nombre":"NORTE DE SANTANDER","area_km2":1464.665}},{"arcs":[[-2506,-2522,2584,2585,2586,2587,-2568]],"type":"Polygon","properties":{"divipola_mun":"54743","divipola_mun_n":54743,"divipola_dep":"54","divipola_dep_n":54,"mpio_nombre":"SILOS","dpto_nombre":"NORTE DE SANTANDER","area_km2":391.5079}},{"arcs":[[-2528,2588,2589,-2541,-2582,-2571]],"type":"Polygon","properties":{"divipola_mun":"54800","divipola_mun_n":54800,"divipola_dep":"54","divipola_dep_n":54,"mpio_nombre":"TEORAMA","dpto_nombre":"NORTE DE SANTANDER","area_km2":925.3434}},{"arcs":[[-2474,-2584,-2580,-2542,-2590,2590]],"type":"Polygon","properties":{"divipola_mun":"54810","divipola_mun_n":54810,"divipola_dep":"54","divipola_dep_n":54,"mpio_nombre":"TIBÚ","dpto_nombre":"NORTE DE SANTANDER","area_km2":2674.5089}},{"arcs":[[-813,-2525,-2560,-2574,-2518,-2557,2591]],"type":"Polygon","properties":{"divipola_mun":"54820","divipola_mun_n":54820,"divipola_dep":"54","divipola_dep_n":54,"mpio_nombre":"TOLEDO","dpto_nombre":"NORTE DE SANTANDER","area_km2":1498.1188}},{"arcs":[[-2487,-2504,-2567,-2549,-2578,-2509]],"type":"Polygon","properties":{"divipola_mun":"54871","divipola_mun_n":54871,"divipola_dep":"54","divipola_dep_n":54,"mpio_nombre":"VILLA CARO","dpto_nombre":"NORTE DE SANTANDER","area_km2":400.274}},{"arcs":[[-2478,2592,-2576,-2564]],"type":"Polygon","properties":{"divipola_mun":"54874","divipola_mun_n":54874,"divipola_dep":"54","divipola_dep_n":54,"mpio_nombre":"VILLA DEL ROSARIO","dpto_nombre":"NORTE DE SANTANDER","area_km2":91.5597}},{"arcs":[[2593,2594,2595,2596,2597]],"type":"Polygon","properties":{"divipola_mun":"63001","divipola_mun_n":63001,"divipola_dep":"63","divipola_dep_n":63,"mpio_nombre":"ARMENIA","dpto_nombre":"QUINDÍO","area_km2":121.2489}},{"arcs":[[2598,2599,2600]],"type":"Polygon","properties":{"divipola_mun":"63111","divipola_mun_n":63111,"divipola_dep":"63","divipola_dep_n":63,"mpio_nombre":"BUENAVISTA","dpto_nombre":"QUINDÍO","area_km2":38.2647}},{"arcs":[[-2598,2601,2602,2603,-2601,2604,2605,2606]],"type":"Polygon","properties":{"divipola_mun":"63130","divipola_mun_n":63130,"divipola_dep":"63","divipola_dep_n":63,"mpio_nombre":"CALARCÁ","dpto_nombre":"QUINDÍO","area_km2":220.0447}},{"arcs":[[-2596,2607,2608,2609,2610]],"type":"Polygon","properties":{"divipola_mun":"63190","divipola_mun_n":63190,"divipola_dep":"63","divipola_dep_n":63,"mpio_nombre":"CIRCASIA","dpto_nombre":"QUINDÍO","area_km2":90.6895}},{"arcs":[[-2599,-2604,2611,2612]],"type":"Polygon","properties":{"divipola_mun":"63212","divipola_mun_n":63212,"divipola_dep":"63","divipola_dep_n":63,"mpio_nombre":"CÓRDOBA","dpto_nombre":"QUINDÍO","area_km2":93.8003}},{"arcs":[[-2610,2613,2614,2615,2616,2617]],"type":"Polygon","properties":{"divipola_mun":"63272","divipola_mun_n":63272,"divipola_dep":"63","divipola_dep_n":63,"mpio_nombre":"FILANDIA","dpto_nombre":"QUINDÍO","area_km2":106.5586}},{"arcs":[[2618,2619,2620,2621]],"type":"Polygon","properties":{"divipola_mun":"63302","divipola_mun_n":63302,"divipola_dep":"63","divipola_dep_n":63,"mpio_nombre":"GÉNOVA","dpto_nombre":"QUINDÍO","area_km2":295.695}},{"arcs":[[-2594,-2607,2622,2623,2624,2625,2626]],"type":"Polygon","properties":{"divipola_mun":"63401","divipola_mun_n":63401,"divipola_dep":"63","divipola_dep_n":63,"mpio_nombre":"LA TEBAIDA","dpto_nombre":"QUINDÍO","area_km2":89.3853}},{"arcs":[[-2595,-2627,2627,2628,2629,-2608]],"type":"Polygon","properties":{"divipola_mun":"63470","divipola_mun_n":63470,"divipola_dep":"63","divipola_dep_n":63,"mpio_nombre":"MONTENEGRO","dpto_nombre":"QUINDÍO","area_km2":149.2602}},{"arcs":[[-2600,-2613,2630,2631,-2622,2632,-2605]],"type":"Polygon","properties":{"divipola_mun":"63548","divipola_mun_n":63548,"divipola_dep":"63","divipola_dep_n":63,"mpio_nombre":"PIJAO","dpto_nombre":"QUINDÍO","area_km2":247.93}},{"arcs":[[-2609,-2630,2633,2634,2635,-2614]],"type":"Polygon","properties":{"divipola_mun":"63594","divipola_mun_n":63594,"divipola_dep":"63","divipola_dep_n":63,"mpio_nombre":"QUIMBAYA","dpto_nombre":"QUINDÍO","area_km2":133.283}},{"arcs":[[-2597,-2611,-2618,2636,2637,2638,2639,2640,-2602]],"type":"Polygon","properties":{"divipola_mun":"63690","divipola_mun_n":63690,"divipola_dep":"63","divipola_dep_n":63,"mpio_nombre":"SALENTO","dpto_nombre":"QUINDÍO","area_km2":346.9989}},{"arcs":[[-2617,2641,2642,2643,2644,2645,2646,2647,2648,2649,-2637]],"type":"Polygon","properties":{"divipola_mun":"66001","divipola_mun_n":66001,"divipola_dep":"66","divipola_dep_n":66,"mpio_nombre":"PEREIRA","dpto_nombre":"RISARALDA","area_km2":607.9029}},{"arcs":[[-1168,2650,2651,2652]],"type":"Polygon","properties":{"divipola_mun":"66045","divipola_mun_n":66045,"divipola_dep":"66","divipola_dep_n":66,"mpio_nombre":"APÍA","dpto_nombre":"RISARALDA","area_km2":149.9785}},{"arcs":[[-2645,2653,2654,2655,2656,2657]],"type":"Polygon","properties":{"divipola_mun":"66075","divipola_mun_n":66075,"divipola_dep":"66","divipola_dep_n":66,"mpio_nombre":"BALBOA","dpto_nombre":"RISARALDA","area_km2":119.4833}},{"arcs":[[-1095,-1169,-2653,2658,2659,2660]],"type":"Polygon","properties":{"divipola_mun":"66088","divipola_mun_n":66088,"divipola_dep":"66","divipola_dep_n":66,"mpio_nombre":"BELÉN DE UMBRÍA","dpto_nombre":"RISARALDA","area_km2":180.5872}},{"arcs":[[-2648,2661,2662]],"type":"Polygon","properties":{"divipola_mun":"66170","divipola_mun_n":66170,"divipola_dep":"66","divipola_dep_n":66,"mpio_nombre":"DOSQUEBRADAS","dpto_nombre":"RISARALDA","area_km2":70.1151}},{"arcs":[[-1096,-2661,2663,-1154,2664]],"type":"Polygon","properties":{"divipola_mun":"66318","divipola_mun_n":66318,"divipola_dep":"66","divipola_dep_n":66,"mpio_nombre":"GUÁTICA","dpto_nombre":"RISARALDA","area_km2":100.809}},{"arcs":[[-2656,2665,2666]],"type":"Polygon","properties":{"divipola_mun":"66383","divipola_mun_n":66383,"divipola_dep":"66","divipola_dep_n":66,"mpio_nombre":"LA CELIA","dpto_nombre":"RISARALDA","area_km2":92.4755}},{"arcs":[[-1106,2667,-2646,-2658,2668]],"type":"Polygon","properties":{"divipola_mun":"66400","divipola_mun_n":66400,"divipola_dep":"66","divipola_dep_n":66,"mpio_nombre":"LA VIRGINIA","dpto_nombre":"RISARALDA","area_km2":32.9389}},{"arcs":[[-1105,-1112,2669,-2662,-2647,-2668]],"type":"Polygon","properties":{"divipola_mun":"66440","divipola_mun_n":66440,"divipola_dep":"66","divipola_dep_n":66,"mpio_nombre":"MARSELLA","dpto_nombre":"RISARALDA","area_km2":149.2971}},{"arcs":[[-45,-275,-1155,-2664,-2660,2670,-1927]],"type":"Polygon","properties":{"divipola_mun":"66456","divipola_mun_n":66456,"divipola_dep":"66","divipola_dep_n":66,"mpio_nombre":"MISTRATÓ","dpto_nombre":"RISARALDA","area_km2":564.7362}},{"arcs":[[-1928,-2671,-2659,-2652,-1989,-1999]],"type":"Polygon","properties":{"divipola_mun":"66572","divipola_mun_n":66572,"divipola_dep":"66","divipola_dep_n":66,"mpio_nombre":"PUEBLO RICO","dpto_nombre":"RISARALDA","area_km2":613.8055}},{"arcs":[[-1097,-2665,-1153,-1116,-1145]],"type":"Polygon","properties":{"divipola_mun":"66594","divipola_mun_n":66594,"divipola_dep":"66","divipola_dep_n":66,"mpio_nombre":"QUINCHÍA","dpto_nombre":"RISARALDA","area_km2":140.1184}},{"arcs":[[-1111,-1166,-2649,-2663,-2670]],"type":"Polygon","properties":{"divipola_mun":"66682","divipola_mun_n":66682,"divipola_dep":"66","divipola_dep_n":66,"mpio_nombre":"SANTA ROSA DE CABAL","dpto_nombre":"RISARALDA","area_km2":543.3432}},{"arcs":[[-1107,-2669,-2657,-2667,-1990,-2651,-1167]],"type":"Polygon","properties":{"divipola_mun":"66687","divipola_mun_n":66687,"divipola_dep":"66","divipola_dep_n":66,"mpio_nombre":"SANTUARIO","dpto_nombre":"RISARALDA","area_km2":190.8427}},{"arcs":[[2671,2672,2673,2674,2675,2676]],"type":"Polygon","properties":{"divipola_mun":"68001","divipola_mun_n":68001,"divipola_dep":"68","divipola_dep_n":68,"mpio_nombre":"BUCARAMANGA","dpto_nombre":"SANTANDER","area_km2":153.4994}},{"arcs":[[2677,2678,2679,2680]],"type":"Polygon","properties":{"divipola_mun":"68013","divipola_mun_n":68013,"divipola_dep":"68","divipola_dep_n":68,"mpio_nombre":"AGUADA","dpto_nombre":"SANTANDER","area_km2":75.1105}},{"arcs":[[-733,-1073,2681,2682,2683,-1008]],"type":"Polygon","properties":{"divipola_mun":"68020","divipola_mun_n":68020,"divipola_dep":"68","divipola_dep_n":68,"mpio_nombre":"ALBANIA","dpto_nombre":"SANTANDER","area_km2":165.9826}},{"arcs":[[2684,2685,2686,2687,2688]],"type":"Polygon","properties":{"divipola_mun":"68051","divipola_mun_n":68051,"divipola_dep":"68","divipola_dep_n":68,"mpio_nombre":"ARATOCA","dpto_nombre":"SANTANDER","area_km2":169.4618}},{"arcs":[[-925,2689,2690,2691,-1020]],"type":"Polygon","properties":{"divipola_mun":"68077","divipola_mun_n":68077,"divipola_dep":"68","divipola_dep_n":68,"mpio_nombre":"BARBOSA","dpto_nombre":"SANTANDER","area_km2":46.6432}},{"arcs":[[2692,2693,2694,2695,2696]],"type":"Polygon","properties":{"divipola_mun":"68079","divipola_mun_n":68079,"divipola_dep":"68","divipola_dep_n":68,"mpio_nombre":"BARICHARA","dpto_nombre":"SANTANDER","area_km2":137.0273}},{"arcs":[[-411,2697,2698,2699,2700,2701,2702]],"type":"Polygon","properties":{"divipola_mun":"68081","divipola_mun_n":68081,"divipola_dep":"68","divipola_dep_n":68,"mpio_nombre":"BARRANCABERMEJA","dpto_nombre":"SANTANDER","area_km2":1324.9291}},{"arcs":[[2703,2704,2705]],"type":"Polygon","properties":{"divipola_mun":"68092","divipola_mun_n":68092,"divipola_dep":"68","divipola_dep_n":68,"mpio_nombre":"BETULIA","dpto_nombre":"SANTANDER","area_km2":430.5166}},{"arcs":[[-326,2706,2707,2708,2709,2710,2711,2712,2713,-946,-987]],"type":"Polygon","properties":{"divipola_mun":"68101","divipola_mun_n":68101,"divipola_dep":"68","divipola_dep_n":68,"mpio_nombre":"BOLÍVAR","dpto_nombre":"SANTANDER","area_km2":1008.8889}},{"arcs":[[-2694,2714,2715,2716,2717,2718]],"type":"Polygon","properties":{"divipola_mun":"68121","divipola_mun_n":68121,"divipola_dep":"68","divipola_dep_n":68,"mpio_nombre":"CABRERA","dpto_nombre":"SANTANDER","area_km2":65.4571}},{"arcs":[[2719,2720]],"type":"Polygon","properties":{"divipola_mun":"68132","divipola_mun_n":68132,"divipola_dep":"68","divipola_dep_n":68,"mpio_nombre":"CALIFORNIA","dpto_nombre":"SANTANDER","area_km2":44.9236}},{"arcs":[[-722,-1068,-806,2721,2722,2723,2724]],"type":"Polygon","properties":{"divipola_mun":"68147","divipola_mun_n":68147,"divipola_dep":"68","divipola_dep_n":68,"mpio_nombre":"CAPITANEJO","dpto_nombre":"SANTANDER","area_km2":85.0997}},{"arcs":[[-767,2725,2726,2727,2728]],"type":"Polygon","properties":{"divipola_mun":"68152","divipola_mun_n":68152,"divipola_dep":"68","divipola_dep_n":68,"mpio_nombre":"CARCASÍ","dpto_nombre":"SANTANDER","area_km2":258.3687}},{"arcs":[[-2689,2729,2730,2731,2732,2733]],"type":"Polygon","properties":{"divipola_mun":"68160","divipola_mun_n":68160,"divipola_dep":"68","divipola_dep_n":68,"mpio_nombre":"CEPITÁ","dpto_nombre":"SANTANDER","area_km2":107.7516}},{"arcs":[[-2521,2734,2735,2736]],"type":"Polygon","properties":{"divipola_mun":"68162","divipola_mun_n":68162,"divipola_dep":"68","divipola_dep_n":68,"mpio_nombre":"CERRITO","dpto_nombre":"SANTANDER","area_km2":420.0646}},{"arcs":[[-834,2737,2738,2739,2740,2741,2742,2743,2744,2745]],"type":"Polygon","properties":{"divipola_mun":"68167","divipola_mun_n":68167,"divipola_dep":"68","divipola_dep_n":68,"mpio_nombre":"CHARALÁ","dpto_nombre":"SANTANDER","area_km2":418.4425}},{"arcs":[[-2672,2746,2747,2748,2749]],"type":"Polygon","properties":{"divipola_mun":"68169","divipola_mun_n":68169,"divipola_dep":"68","divipola_dep_n":68,"mpio_nombre":"CHARTA","dpto_nombre":"SANTANDER","area_km2":126.4583}},{"arcs":[[2750,2751,2752,2753,2754,2755]],"type":"Polygon","properties":{"divipola_mun":"68176","divipola_mun_n":68176,"divipola_dep":"68","divipola_dep_n":68,"mpio_nombre":"CHIMA","dpto_nombre":"SANTANDER","area_km2":172.928}},{"arcs":[[2756,2757,2758,2759]],"type":"Polygon","properties":{"divipola_mun":"68179","divipola_mun_n":68179,"divipola_dep":"68","divipola_dep_n":68,"mpio_nombre":"CHIPATÁ","dpto_nombre":"SANTANDER","area_km2":94.7908}},{"arcs":[[-325,-413,2760,2761,-2707]],"type":"Polygon","properties":{"divipola_mun":"68190","divipola_mun_n":68190,"divipola_dep":"68","divipola_dep_n":68,"mpio_nombre":"CIMITARRA","dpto_nombre":"SANTANDER","area_km2":3170.5184}},{"arcs":[[-768,-2729,2762,2763,2764,-2735,-2520,-811]],"type":"Polygon","properties":{"divipola_mun":"68207","divipola_mun_n":68207,"divipola_dep":"68","divipola_dep_n":68,"mpio_nombre":"CONCEPCIÓN","dpto_nombre":"SANTANDER","area_km2":336.3762}},{"arcs":[[-2741,2765,2766,2767,2768,2769]],"type":"Polygon","properties":{"divipola_mun":"68209","divipola_mun_n":68209,"divipola_dep":"68","divipola_dep_n":68,"mpio_nombre":"CONFINES","dpto_nombre":"SANTANDER","area_km2":71.2936}},{"arcs":[[-2754,2770,2771,2772]],"type":"Polygon","properties":{"divipola_mun":"68211","divipola_mun_n":68211,"divipola_dep":"68","divipola_dep_n":68,"mpio_nombre":"CONTRATACIÓN","dpto_nombre":"SANTANDER","area_km2":136.9494}},{"arcs":[[-1077,2773,-2745,2774,2775,2776]],"type":"Polygon","properties":{"divipola_mun":"68217","divipola_mun_n":68217,"divipola_dep":"68","divipola_dep_n":68,"mpio_nombre":"COROMORO","dpto_nombre":"SANTANDER","area_km2":576.3756}},{"arcs":[[-2685,-2734,2777,2778,2779,2780,2781]],"type":"Polygon","properties":{"divipola_mun":"68229","divipola_mun_n":68229,"divipola_dep":"68","divipola_dep_n":68,"mpio_nombre":"CURITÍ","dpto_nombre":"SANTANDER","area_km2":243.7646}},{"arcs":[[2782,2783,2784,2785]],"type":"Polygon","properties":{"divipola_mun":"68235","divipola_mun_n":68235,"divipola_dep":"68","divipola_dep_n":68,"mpio_nombre":"EL CARMEN DE CHUCURÍ","dpto_nombre":"SANTANDER","area_km2":922.5704}},{"arcs":[[-2681,2786,2787,-2772,2788]],"type":"Polygon","properties":{"divipola_mun":"68245","divipola_mun_n":68245,"divipola_dep":"68","divipola_dep_n":68,"mpio_nombre":"EL GUACAMAYO","dpto_nombre":"SANTANDER","area_km2":92.8188}},{"arcs":[[-2712,2789]],"type":"Polygon","properties":{"divipola_mun":"68250","divipola_mun_n":68250,"divipola_dep":"68","divipola_dep_n":68,"mpio_nombre":"EL PEÑÓN","dpto_nombre":"SANTANDER","area_km2":397.6818}},{"arcs":[[-2512,2790,2791,2792]],"type":"Polygon","properties":{"divipola_mun":"68255","divipola_mun_n":68255,"divipola_dep":"68","divipola_dep_n":68,"mpio_nombre":"EL PLAYÓN","dpto_nombre":"SANTANDER","area_km2":454.1489}},{"arcs":[[-704,-752,-1037,-835,-2746,-2774]],"type":"Polygon","properties":{"divipola_mun":"68264","divipola_mun_n":68264,"divipola_dep":"68","divipola_dep_n":68,"mpio_nombre":"ENCINO","dpto_nombre":"SANTANDER","area_km2":399.6677}},{"arcs":[[-2723,2793,2794,-2763,-2728,2795]],"type":"Polygon","properties":{"divipola_mun":"68266","divipola_mun_n":68266,"divipola_dep":"68","divipola_dep_n":68,"mpio_nombre":"ENCISO","dpto_nombre":"SANTANDER","area_km2":74.6546}},{"arcs":[[-948,2796,2797,-2682,-1072,-968]],"type":"Polygon","properties":{"divipola_mun":"68271","divipola_mun_n":68271,"divipola_dep":"68","divipola_dep_n":68,"mpio_nombre":"FLORIÁN","dpto_nombre":"SANTANDER","area_km2":176.3653}},{"arcs":[[-2674,2798,2799,2800]],"type":"Polygon","properties":{"divipola_mun":"68276","divipola_mun_n":68276,"divipola_dep":"68","divipola_dep_n":68,"mpio_nombre":"FLORIDABLANCA","dpto_nombre":"SANTANDER","area_km2":99.9866}},{"arcs":[[-2695,-2719,2801,2802,-2783,2803,2804]],"type":"Polygon","properties":{"divipola_mun":"68296","divipola_mun_n":68296,"divipola_dep":"68","divipola_dep_n":68,"mpio_nombre":"GALÁN","dpto_nombre":"SANTANDER","area_km2":201.3808}},{"arcs":[[-694,-928,-1070,-777,2805,-2738,-962,-1060,-792]],"type":"Polygon","properties":{"divipola_mun":"68298","divipola_mun_n":68298,"divipola_dep":"68","divipola_dep_n":68,"mpio_nombre":"GÁMBITA","dpto_nombre":"SANTANDER","area_km2":607.1732}},{"arcs":[[-2675,-2801,2806,2807,2808,-2706,-2700,2809,2810,2811]],"type":"Polygon","properties":{"divipola_mun":"68307","divipola_mun_n":68307,"divipola_dep":"68","divipola_dep_n":68,"mpio_nombre":"GIRÓN","dpto_nombre":"SANTANDER","area_km2":491.2646}},{"arcs":[[-2585,-2737,2812,-2731,2813,2814]],"type":"Polygon","properties":{"divipola_mun":"68318","divipola_mun_n":68318,"divipola_dep":"68","divipola_dep_n":68,"mpio_nombre":"GUACA","dpto_nombre":"SANTANDER","area_km2":268.9836}},{"arcs":[[-2678,-2789,-2771,-2753,2815,2816,2817,2818]],"type":"Polygon","properties":{"divipola_mun":"68320","divipola_mun_n":68320,"divipola_dep":"68","divipola_dep_n":68,"mpio_nombre":"GUADALUPE","dpto_nombre":"SANTANDER","area_km2":146.0844}},{"arcs":[[-2752,2819,-2767,2820,-2816]],"type":"Polygon","properties":{"divipola_mun":"68322","divipola_mun_n":68322,"divipola_dep":"68","divipola_dep_n":68,"mpio_nombre":"GUAPOTÁ","dpto_nombre":"SANTANDER","area_km2":67.1836}},{"arcs":[[-2710,2821,2822,2823,2824]],"type":"Polygon","properties":{"divipola_mun":"68324","divipola_mun_n":68324,"divipola_dep":"68","divipola_dep_n":68,"mpio_nombre":"GUAVATÁ","dpto_nombre":"SANTANDER","area_km2":83.6714}},{"arcs":[[-1021,-2692,2825,-2758,2826]],"type":"Polygon","properties":{"divipola_mun":"68327","divipola_mun_n":68327,"divipola_dep":"68","divipola_dep_n":68,"mpio_nombre":"GÜEPSA","dpto_nombre":"SANTANDER","area_km2":30.1093}},{"arcs":[[-2784,-2803,2827,2828]],"type":"Polygon","properties":{"divipola_mun":"68344","divipola_mun_n":68344,"divipola_dep":"68","divipola_dep_n":68,"mpio_nombre":"HATO","dpto_nombre":"SANTANDER","area_km2":168.7278}},{"arcs":[[-2683,-2798,2829,2830,-2824,2831]],"type":"Polygon","properties":{"divipola_mun":"68368","divipola_mun_n":68368,"divipola_dep":"68","divipola_dep_n":68,"mpio_nombre":"JESÚS MARÍA","dpto_nombre":"SANTANDER","area_km2":89.4664}},{"arcs":[[-2686,-2782,2832,2833]],"type":"Polygon","properties":{"divipola_mun":"68370","divipola_mun_n":68370,"divipola_dep":"68","divipola_dep_n":68,"mpio_nombre":"JORDÁN","dpto_nombre":"SANTANDER","area_km2":39.824}},{"arcs":[[-947,-2714,2834,-2830,-2797]],"type":"Polygon","properties":{"divipola_mun":"68377","divipola_mun_n":68377,"divipola_dep":"68","divipola_dep_n":68,"mpio_nombre":"LA BELLEZA","dpto_nombre":"SANTANDER","area_km2":334.7775}},{"arcs":[[-2708,-2762,2835,2836]],"type":"Polygon","properties":{"divipola_mun":"68385","divipola_mun_n":68385,"divipola_dep":"68","divipola_dep_n":68,"mpio_nombre":"LANDÁZURI","dpto_nombre":"SANTANDER","area_km2":589.3412}},{"arcs":[[-2680,2837,-2760,2838,2839,-2787]],"type":"Polygon","properties":{"divipola_mun":"68397","divipola_mun_n":68397,"divipola_dep":"68","divipola_dep_n":68,"mpio_nombre":"LA PAZ","dpto_nombre":"SANTANDER","area_km2":283.9091}},{"arcs":[[-2811,2840,2841]],"type":"Polygon","properties":{"divipola_mun":"68406","divipola_mun_n":68406,"divipola_dep":"68","divipola_dep_n":68,"mpio_nombre":"LEBRIJA","dpto_nombre":"SANTANDER","area_km2":549.4896}},{"arcs":[[-2687,-2834,2842,2843,-2808,2844]],"type":"Polygon","properties":{"divipola_mun":"68418","divipola_mun_n":68418,"divipola_dep":"68","divipola_dep_n":68,"mpio_nombre":"LOS SANTOS","dpto_nombre":"SANTANDER","area_km2":289.5764}},{"arcs":[[-716,-2725,2845,-2726,-766,-845,-869,-1027]],"type":"Polygon","properties":{"divipola_mun":"68425","divipola_mun_n":68425,"divipola_dep":"68","divipola_dep_n":68,"mpio_nombre":"MACARAVITA","dpto_nombre":"SANTANDER","area_km2":102.689}},{"arcs":[[-2764,-2795,2846,2847,2848]],"type":"Polygon","properties":{"divipola_mun":"68432","divipola_mun_n":68432,"divipola_dep":"68","divipola_dep_n":68,"mpio_nombre":"MÁLAGA","dpto_nombre":"SANTANDER","area_km2":57.0465}},{"arcs":[[-2677,2849,-2792,2850,-2747]],"type":"Polygon","properties":{"divipola_mun":"68444","divipola_mun_n":68444,"divipola_dep":"68","divipola_dep_n":68,"mpio_nombre":"MATANZA","dpto_nombre":"SANTANDER","area_km2":235.2974}},{"arcs":[[-2744,2851,2852,2853,-2779,2854,2855,-2775]],"type":"Polygon","properties":{"divipola_mun":"68464","divipola_mun_n":68464,"divipola_dep":"68","divipola_dep_n":68,"mpio_nombre":"MOGOTES","dpto_nombre":"SANTANDER","area_km2":483.0132}},{"arcs":[[-809,2856,2857,-2855,-2778,-2733,2858,-2848,2859]],"type":"Polygon","properties":{"divipola_mun":"68468","divipola_mun_n":68468,"divipola_dep":"68","divipola_dep_n":68,"mpio_nombre":"MOLAGAVITA","dpto_nombre":"SANTANDER","area_km2":180.0985}},{"arcs":[[-2743,2860,2861,-2852]],"type":"Polygon","properties":{"divipola_mun":"68498","divipola_mun_n":68498,"divipola_dep":"68","divipola_dep_n":68,"mpio_nombre":"OCAMONTE","dpto_nombre":"SANTANDER","area_km2":75.0806}},{"arcs":[[-2740,2862,-2817,-2821,-2766]],"type":"Polygon","properties":{"divipola_mun":"68500","divipola_mun_n":68500,"divipola_dep":"68","divipola_dep_n":68,"mpio_nombre":"OIBA","dpto_nombre":"SANTANDER","area_km2":287.3383}},{"arcs":[[-808,-1067,-1051,-1063,-1043,-1078,-2777,2863,-2857]],"type":"Polygon","properties":{"divipola_mun":"68502","divipola_mun_n":68502,"divipola_dep":"68","divipola_dep_n":68,"mpio_nombre":"ONZAGA","dpto_nombre":"SANTANDER","area_km2":488.2143}},{"arcs":[[-2718,2864,2865,-2828,-2802]],"type":"Polygon","properties":{"divipola_mun":"68522","divipola_mun_n":68522,"divipola_dep":"68","divipola_dep_n":68,"mpio_nombre":"PALMAR","dpto_nombre":"SANTANDER","area_km2":19.6597}},{"arcs":[[-2751,2866,2867,-2768,-2820]],"type":"Polygon","properties":{"divipola_mun":"68524","divipola_mun_n":68524,"divipola_dep":"68","divipola_dep_n":68,"mpio_nombre":"PALMAS DEL SOCORRO","dpto_nombre":"SANTANDER","area_km2":58.4377}},{"arcs":[[-2742,-2770,2868,2869,2870,2871,-2861]],"type":"Polygon","properties":{"divipola_mun":"68533","divipola_mun_n":68533,"divipola_dep":"68","divipola_dep_n":68,"mpio_nombre":"PÁRAMO","dpto_nombre":"SANTANDER","area_km2":72.8469}},{"arcs":[[-2688,-2845,-2807,-2800,2872,2873,-2814,-2730]],"type":"Polygon","properties":{"divipola_mun":"68547","divipola_mun_n":68547,"divipola_dep":"68","divipola_dep_n":68,"mpio_nombre":"PIEDECUESTA","dpto_nombre":"SANTANDER","area_km2":483.7707}},{"arcs":[[-2716,2874,-2870,2875]],"type":"Polygon","properties":{"divipola_mun":"68549","divipola_mun_n":68549,"divipola_dep":"68","divipola_dep_n":68,"mpio_nombre":"PINCHOTE","dpto_nombre":"SANTANDER","area_km2":55.4331}},{"arcs":[[-924,-1039,-1009,-2684,-2832,-2823,-2690]],"type":"Polygon","properties":{"divipola_mun":"68572","divipola_mun_n":68572,"divipola_dep":"68","divipola_dep_n":68,"mpio_nombre":"PUENTE NACIONAL","dpto_nombre":"SANTANDER","area_km2":251.299}},{"arcs":[[-412,-2703,2876,2877,-2836,-2761]],"type":"Polygon","properties":{"divipola_mun":"68573","divipola_mun_n":68573,"divipola_dep":"68","divipola_dep_n":68,"mpio_nombre":"PUERTO PARRA","dpto_nombre":"SANTANDER","area_km2":761.3332}},{"arcs":[[-410,-555,-653,-659,-623,-1407,-1479,2878,2879,-2698]],"type":"Polygon","properties":{"divipola_mun":"68575","divipola_mun_n":68575,"divipola_dep":"68","divipola_dep_n":68,"mpio_nombre":"PUERTO WILCHES","dpto_nombre":"SANTANDER","area_km2":1479.7395}},{"arcs":[[-1478,-2561,-2513,-2793,-2850,-2676,-2812,-2842,2880,-2879]],"type":"Polygon","properties":{"divipola_mun":"68615","divipola_mun_n":68615,"divipola_dep":"68","divipola_dep_n":68,"mpio_nombre":"RIONEGRO","dpto_nombre":"SANTANDER","area_km2":1166.4373}},{"arcs":[[-2699,-2880,-2881,-2841,-2810]],"type":"Polygon","properties":{"divipola_mun":"68655","divipola_mun_n":68655,"divipola_dep":"68","divipola_dep_n":68,"mpio_nombre":"SABANA DE TORRES","dpto_nombre":"SANTANDER","area_km2":1426.7477}},{"arcs":[[-2732,-2813,-2736,-2765,-2849,-2859]],"type":"Polygon","properties":{"divipola_mun":"68669","divipola_mun_n":68669,"divipola_dep":"68","divipola_dep_n":68,"mpio_nombre":"SAN ANDRÉS","dpto_nombre":"SANTANDER","area_km2":280.9762}},{"arcs":[[-1022,-2827,-2757,-2838,-2679,-2819,2881,-1031]],"type":"Polygon","properties":{"divipola_mun":"68673","divipola_mun_n":68673,"divipola_dep":"68","divipola_dep_n":68,"mpio_nombre":"SAN BENITO","dpto_nombre":"SANTANDER","area_km2":59.018}},{"arcs":[[-2693,2882,-2780,-2854,2883,-2871,-2875,-2715]],"type":"Polygon","properties":{"divipola_mun":"68679","divipola_mun_n":68679,"divipola_dep":"68","divipola_dep_n":68,"mpio_nombre":"SAN GIL","dpto_nombre":"SANTANDER","area_km2":146.5875}},{"arcs":[[-2776,-2856,-2858,-2864]],"type":"Polygon","properties":{"divipola_mun":"68682","divipola_mun_n":68682,"divipola_dep":"68","divipola_dep_n":68,"mpio_nombre":"SAN JOAQUÍN","dpto_nombre":"SANTANDER","area_km2":142.8407}},{"arcs":[[-810,-2860,-2847,-2794,-2722]],"type":"Polygon","properties":{"divipola_mun":"68684","divipola_mun_n":68684,"divipola_dep":"68","divipola_dep_n":68,"mpio_nombre":"SAN JOSÉ DE MIRANDA","dpto_nombre":"SANTANDER","area_km2":75.1582}},{"arcs":[[-2724,-2796,-2727,-2846]],"type":"Polygon","properties":{"divipola_mun":"68686","divipola_mun_n":68686,"divipola_dep":"68","divipola_dep_n":68,"mpio_nombre":"SAN MIGUEL","dpto_nombre":"SANTANDER","area_km2":71.0559}},{"arcs":[[-2701,-2705,2884,-2804,-2786,2885]],"type":"Polygon","properties":{"divipola_mun":"68689","divipola_mun_n":68689,"divipola_dep":"68","divipola_dep_n":68,"mpio_nombre":"SAN VICENTE DE CHUCURÍ","dpto_nombre":"SANTANDER","area_km2":1114.5723}},{"arcs":[[-2586,-2815,-2874,2886]],"type":"Polygon","properties":{"divipola_mun":"68705","divipola_mun_n":68705,"divipola_dep":"68","divipola_dep_n":68,"mpio_nombre":"SANTA BÁRBARA","dpto_nombre":"SANTANDER","area_km2":178.2766}},{"arcs":[[-2755,-2773,-2788,-2840,2887,2888]],"type":"Polygon","properties":{"divipola_mun":"68720","divipola_mun_n":68720,"divipola_dep":"68","divipola_dep_n":68,"mpio_nombre":"SANTA HELENA DEL OPÓN","dpto_nombre":"SANTANDER","area_km2":373.2669}},{"arcs":[[-2702,-2886,-2785,-2829,-2866,2889,-2867,-2756,-2889,2890,-2877]],"type":"Polygon","properties":{"divipola_mun":"68745","divipola_mun_n":68745,"divipola_dep":"68","divipola_dep_n":68,"mpio_nombre":"SIMACOTA","dpto_nombre":"SANTANDER","area_km2":903.358}},{"arcs":[[-2717,-2876,-2869,-2769,-2868,-2890,-2865]],"type":"Polygon","properties":{"divipola_mun":"68755","divipola_mun_n":68755,"divipola_dep":"68","divipola_dep_n":68,"mpio_nombre":"SOCORRO","dpto_nombre":"SANTANDER","area_km2":127.5969}},{"arcs":[[-781,-1032,-2882,-2818,-2863,-2739,-2806]],"type":"Polygon","properties":{"divipola_mun":"68770","divipola_mun_n":68770,"divipola_dep":"68","divipola_dep_n":68,"mpio_nombre":"SUAITA","dpto_nombre":"SANTANDER","area_km2":282.9299}},{"arcs":[[-2711,-2825,-2831,-2835,-2713,-2790]],"type":"Polygon","properties":{"divipola_mun":"68773","divipola_mun_n":68773,"divipola_dep":"68","divipola_dep_n":68,"mpio_nombre":"SUCRE","dpto_nombre":"SANTANDER","area_km2":521.8469}},{"arcs":[[-2492,-2534,2891,-2721,-2748,-2851,-2791,-2511]],"type":"Polygon","properties":{"divipola_mun":"68780","divipola_mun_n":68780,"divipola_dep":"68","divipola_dep_n":68,"mpio_nombre":"SURATÁ","dpto_nombre":"SANTANDER","area_km2":362.2985}},{"arcs":[[-2587,-2887,-2873,-2799,-2673,-2750,2892]],"type":"Polygon","properties":{"divipola_mun":"68820","divipola_mun_n":68820,"divipola_dep":"68","divipola_dep_n":68,"mpio_nombre":"TONA","dpto_nombre":"SANTANDER","area_km2":330.1209}},{"arcs":[[-2853,-2862,-2872,-2884]],"type":"Polygon","properties":{"divipola_mun":"68855","divipola_mun_n":68855,"divipola_dep":"68","divipola_dep_n":68,"mpio_nombre":"VALLE DE SAN JOSÉ","dpto_nombre":"SANTANDER","area_km2":80.9626}},{"arcs":[[-2691,-2822,-2709,-2837,-2878,-2891,-2888,-2839,-2759,-2826]],"type":"Polygon","properties":{"divipola_mun":"68861","divipola_mun_n":68861,"divipola_dep":"68","divipola_dep_n":68,"mpio_nombre":"VÉLEZ","dpto_nombre":"SANTANDER","area_km2":447.0475}},{"arcs":[[-2533,-2569,-2588,-2893,-2749,-2720,-2892]],"type":"Polygon","properties":{"divipola_mun":"68867","divipola_mun_n":68867,"divipola_dep":"68","divipola_dep_n":68,"mpio_nombre":"VETAS","dpto_nombre":"SANTANDER","area_km2":92.2352}},{"arcs":[[-2697,2893,-2843,-2833,-2781,-2883]],"type":"Polygon","properties":{"divipola_mun":"68872","divipola_mun_n":68872,"divipola_dep":"68","divipola_dep_n":68,"mpio_nombre":"VILLANUEVA","dpto_nombre":"SANTANDER","area_km2":97.427}},{"arcs":[[-2696,-2805,-2885,-2704,-2809,-2844,-2894]],"type":"Polygon","properties":{"divipola_mun":"68895","divipola_mun_n":68895,"divipola_dep":"68","divipola_dep_n":68,"mpio_nombre":"ZAPATOCA","dpto_nombre":"SANTANDER","area_km2":363.7743}},{"arcs":[[-1562,-1570,2894,2895,2896,2897,2898,2899]],"type":"Polygon","properties":{"divipola_mun":"70001","divipola_mun_n":70001,"divipola_dep":"70","divipola_dep_n":70,"mpio_nombre":"SINCELEJO","dpto_nombre":"SUCRE","area_km2":279.6345}},{"arcs":[[-563,-594,2900,2901,2902]],"type":"Polygon","properties":{"divipola_mun":"70110","divipola_mun_n":70110,"divipola_dep":"70","divipola_dep_n":70,"mpio_nombre":"BUENAVISTA","dpto_nombre":"SUCRE","area_km2":146.3745}},{"arcs":[[-1515,2903,2904,2905]],"type":"Polygon","properties":{"divipola_mun":"70124","divipola_mun_n":70124,"divipola_dep":"70","divipola_dep_n":70,"mpio_nombre":"CAIMITO","dpto_nombre":"SUCRE","area_km2":412.2338}},{"arcs":[[2906,2907,2908,2909,2910,2911]],"type":"Polygon","properties":{"divipola_mun":"70204","divipola_mun_n":70204,"divipola_dep":"70","divipola_dep_n":70,"mpio_nombre":"COLOSÓ","dpto_nombre":"SUCRE","area_km2":131.1067}},{"arcs":[[-2899,2912,2913,2914,2915,2916,2917]],"type":"Polygon","properties":{"divipola_mun":"70215","divipola_mun_n":70215,"divipola_dep":"70","divipola_dep_n":70,"mpio_nombre":"COROZAL","dpto_nombre":"SUCRE","area_km2":285.9813}},{"arcs":[[-1557,-1566,2918,2919,2920]],"type":"Polygon","properties":{"divipola_mun":"70221","divipola_mun_n":70221,"divipola_dep":"70","divipola_dep_n":70,"mpio_nombre":"COVEÑAS","dpto_nombre":"SUCRE","area_km2":56.6086}},{"arcs":[[-571,2921,-2907]],"type":"Polygon","properties":{"divipola_mun":"70230","divipola_mun_n":70230,"divipola_dep":"70","divipola_dep_n":70,"mpio_nombre":"CHALÁN","dpto_nombre":"SUCRE","area_km2":83.6721}},{"arcs":[[-1513,2922,-2917,2923,2924,2925]],"type":"Polygon","properties":{"divipola_mun":"70233","divipola_mun_n":70233,"divipola_dep":"70","divipola_dep_n":70,"mpio_nombre":"EL ROBLE","dpto_nombre":"SUCRE","area_km2":198.3214}},{"arcs":[[-593,2926,-2925,2927,-2901]],"type":"Polygon","properties":{"divipola_mun":"70235","divipola_mun_n":70235,"divipola_dep":"70","divipola_dep_n":70,"mpio_nombre":"GALERAS","dpto_nombre":"SUCRE","area_km2":321.6405}},{"arcs":[[-524,-648,-1496,2928]],"type":"Polygon","properties":{"divipola_mun":"70265","divipola_mun_n":70265,"divipola_dep":"70","divipola_dep_n":70,"mpio_nombre":"GUARANDA","dpto_nombre":"SUCRE","area_km2":361.5548}},{"arcs":[[-1516,-2906,2929,-1559]],"type":"Polygon","properties":{"divipola_mun":"70400","divipola_mun_n":70400,"divipola_dep":"70","divipola_dep_n":70,"mpio_nombre":"LA UNIÓN","dpto_nombre":"SUCRE","area_km2":232.2401}},{"arcs":[[-2909,2930,2931,2932,2933,-2914,2934]],"type":"Polygon","properties":{"divipola_mun":"70418","divipola_mun_n":70418,"divipola_dep":"70","divipola_dep_n":70,"mpio_nombre":"LOS PALMITOS","dpto_nombre":"SUCRE","area_km2":198.7807}},{"arcs":[[-525,-2929,-1495,2935,2936]],"type":"Polygon","properties":{"divipola_mun":"70429","divipola_mun_n":70429,"divipola_dep":"70","divipola_dep_n":70,"mpio_nombre":"MAJAGUAL","dpto_nombre":"SUCRE","area_km2":844.3594}},{"arcs":[[-2898,2937,-2910,-2935,-2913]],"type":"Polygon","properties":{"divipola_mun":"70473","divipola_mun_n":70473,"divipola_dep":"70","divipola_dep_n":70,"mpio_nombre":"MORROA","dpto_nombre":"SUCRE","area_km2":169.9263}},{"arcs":[[-565,2938,-2931,-2908,-2922,-570]],"type":"Polygon","properties":{"divipola_mun":"70508","divipola_mun_n":70508,"divipola_dep":"70","divipola_dep_n":70,"mpio_nombre":"OVEJAS","dpto_nombre":"SUCRE","area_km2":459.7999}},{"arcs":[[-1538,-1558,-2921,2939,-2895,-1569]],"type":"Polygon","properties":{"divipola_mun":"70523","divipola_mun_n":70523,"divipola_dep":"70","divipola_dep_n":70,"mpio_nombre":"PALMITO","dpto_nombre":"SUCRE","area_km2":174.6668}},{"arcs":[[-1512,-1563,-2900,-2918,-2923]],"type":"Polygon","properties":{"divipola_mun":"70670","divipola_mun_n":70670,"divipola_dep":"70","divipola_dep_n":70,"mpio_nombre":"SAMPUÉS","dpto_nombre":"SUCRE","area_km2":213.766}},{"arcs":[[-592,2940,-2936,-1494,2941,-2904,-1514,-2926,-2927]],"type":"Polygon","properties":{"divipola_mun":"70678","divipola_mun_n":70678,"divipola_dep":"70","divipola_dep_n":70,"mpio_nombre":"SAN BENITO ABAD","dpto_nombre":"SUCRE","area_km2":1493.1466}},{"arcs":[[-2915,-2934,2942]],"type":"Polygon","properties":{"divipola_mun":"70702","divipola_mun_n":70702,"divipola_dep":"70","divipola_dep_n":70,"mpio_nombre":"SAN JUAN DE BETULIA","dpto_nombre":"SUCRE","area_km2":168.0241}},{"arcs":[[-1493,-1552,-1560,-2930,-2905,-2942]],"type":"Polygon","properties":{"divipola_mun":"70708","divipola_mun_n":70708,"divipola_dep":"70","divipola_dep_n":70,"mpio_nombre":"SAN MARCOS","dpto_nombre":"SUCRE","area_km2":969.8262}},{"arcs":[[-537,-609,-572,-2912,2943,2944,2945,-665]],"type":"Polygon","properties":{"divipola_mun":"70713","divipola_mun_n":70713,"divipola_dep":"70","divipola_dep_n":70,"mpio_nombre":"SAN ONOFRE","dpto_nombre":"SUCRE","area_km2":1034.9772}},{"arcs":[[-564,-2903,2946,-2932,-2939]],"type":"Polygon","properties":{"divipola_mun":"70717","divipola_mun_n":70717,"divipola_dep":"70","divipola_dep_n":70,"mpio_nombre":"SAN PEDRO","dpto_nombre":"SUCRE","area_km2":212.8572}},{"arcs":[[-2902,-2928,-2924,-2916,-2943,-2933,-2947]],"type":"Polygon","properties":{"divipola_mun":"70742","divipola_mun_n":70742,"divipola_dep":"70","divipola_dep_n":70,"mpio_nombre":"SAN LUIS DE SINCÉ","dpto_nombre":"SUCRE","area_km2":418.7287}},{"arcs":[[-526,-2937,-2941,-591]],"type":"Polygon","properties":{"divipola_mun":"70771","divipola_mun_n":70771,"divipola_dep":"70","divipola_dep_n":70,"mpio_nombre":"SUCRE","dpto_nombre":"SUCRE","area_km2":1130.3385}},{"arcs":[[-2896,-2940,-2920,2947,-2945,2948]],"type":"Polygon","properties":{"divipola_mun":"70820","divipola_mun_n":70820,"divipola_dep":"70","divipola_dep_n":70,"mpio_nombre":"SANTIAGO DE TOLÚ","dpto_nombre":"SUCRE","area_km2":302.4396}},{"arcs":[[-2897,-2949,-2944,-2911,-2938]],"type":"Polygon","properties":{"divipola_mun":"70823","divipola_mun_n":70823,"divipola_dep":"70","divipola_dep_n":70,"mpio_nombre":"SAN JOSÉ DE TOLUVIEJO","dpto_nombre":"SUCRE","area_km2":284.9074}},{"arcs":[[-2640,2949,2950,2951,2952,2953,2954,2955]],"type":"Polygon","properties":{"divipola_mun":"73001","divipola_mun_n":73001,"divipola_dep":"73","divipola_dep_n":73,"mpio_nombre":"IBAGUÉ","dpto_nombre":"TOLIMA","area_km2":1376.598}},{"arcs":[[-2036,-2097,2956,2957,-2042]],"type":"Polygon","properties":{"divipola_mun":"73024","divipola_mun_n":73024,"divipola_dep":"73","divipola_dep_n":73,"mpio_nombre":"ALPUJARRA","dpto_nombre":"TOLIMA","area_km2":501.1719}},{"arcs":[[-2951,2958,2959,2960]],"type":"Polygon","properties":{"divipola_mun":"73026","divipola_mun_n":73026,"divipola_dep":"73","divipola_dep_n":73,"mpio_nombre":"ALVARADO","dpto_nombre":"TOLIMA","area_km2":344.1119}},{"arcs":[[-1601,2961,2962,2963,-1877]],"type":"Polygon","properties":{"divipola_mun":"73030","divipola_mun_n":73030,"divipola_dep":"73","divipola_dep_n":73,"mpio_nombre":"AMBALEMA","dpto_nombre":"TOLIMA","area_km2":237.8544}},{"arcs":[[-2639,2964,2965,-2959,-2950]],"type":"Polygon","properties":{"divipola_mun":"73043","divipola_mun_n":73043,"divipola_dep":"73","divipola_dep_n":73,"mpio_nombre":"ANZOÁTEGUI","dpto_nombre":"TOLIMA","area_km2":469.4693}},{"arcs":[[-1647,-1878,-2964,2966,2967,2968,2969,2970,2971,-1753]],"type":"Polygon","properties":{"divipola_mun":"73055","divipola_mun_n":73055,"divipola_dep":"73","divipola_dep_n":73,"mpio_nombre":"ARMERO","dpto_nombre":"TOLIMA","area_km2":440.3039}},{"arcs":[[-2018,2972,2973,2974,2975,2976]],"type":"Polygon","properties":{"divipola_mun":"73067","divipola_mun_n":73067,"divipola_dep":"73","divipola_dep_n":73,"mpio_nombre":"ATACO","dpto_nombre":"TOLIMA","area_km2":1017.3339}},{"arcs":[[-2603,-2641,-2956,2977,2978,-2631,-2612]],"type":"Polygon","properties":{"divipola_mun":"73124","divipola_mun_n":73124,"divipola_dep":"73","divipola_dep_n":73,"mpio_nombre":"CAJAMARCA","dpto_nombre":"TOLIMA","area_km2":508.3787}},{"arcs":[[-1867,2979,2980,2981]],"type":"Polygon","properties":{"divipola_mun":"73148","divipola_mun_n":73148,"divipola_dep":"73","divipola_dep_n":73,"mpio_nombre":"CARMEN DE APICALÁ","dpto_nombre":"TOLIMA","area_km2":190.6722}},{"arcs":[[-1163,2982,2983,2984,2985,2986]],"type":"Polygon","properties":{"divipola_mun":"73152","divipola_mun_n":73152,"divipola_dep":"73","divipola_dep_n":73,"mpio_nombre":"CASABIANCA","dpto_nombre":"TOLIMA","area_km2":174.84}},{"arcs":[[-2975,2987,2988,2989,2990,2991,2992,2993,2994]],"type":"Polygon","properties":{"divipola_mun":"73168","divipola_mun_n":73168,"divipola_dep":"73","divipola_dep_n":73,"mpio_nombre":"CHAPARRAL","dpto_nombre":"TOLIMA","area_km2":2101.5372}},{"arcs":[[-1739,2995,2996,2997,-2953,2998,-1762,-1814]],"type":"Polygon","properties":{"divipola_mun":"73200","divipola_mun_n":73200,"divipola_dep":"73","divipola_dep_n":73,"mpio_nombre":"COELLO","dpto_nombre":"TOLIMA","area_km2":343.3582}},{"arcs":[[-2976,-2995,2999,3000,3001,3002,3003]],"type":"Polygon","properties":{"divipola_mun":"73217","divipola_mun_n":73217,"divipola_dep":"73","divipola_dep_n":73,"mpio_nombre":"COYAIMA","dpto_nombre":"TOLIMA","area_km2":668.6938}},{"arcs":[[-2981,3004,3005,3006,3007,3008]],"type":"Polygon","properties":{"divipola_mun":"73226","divipola_mun_n":73226,"divipola_dep":"73","divipola_dep_n":73,"mpio_nombre":"CUNDAY","dpto_nombre":"TOLIMA","area_km2":507.0884}},{"arcs":[[-1616,-2043,-2958,3009,3010,3011]],"type":"Polygon","properties":{"divipola_mun":"73236","divipola_mun_n":73236,"divipola_dep":"73","divipola_dep_n":73,"mpio_nombre":"DOLORES","dpto_nombre":"TOLIMA","area_km2":651.4495}},{"arcs":[[-2997,3012,3013,3014,3015]],"type":"Polygon","properties":{"divipola_mun":"73268","divipola_mun_n":73268,"divipola_dep":"73","divipola_dep_n":73,"mpio_nombre":"ESPINAL","dpto_nombre":"TOLIMA","area_km2":216.3453}},{"arcs":[[-2970,3016,-2986,3017,3018,3019]],"type":"Polygon","properties":{"divipola_mun":"73270","divipola_mun_n":73270,"divipola_dep":"73","divipola_dep_n":73,"mpio_nombre":"FALAN","dpto_nombre":"TOLIMA","area_km2":181.2007}},{"arcs":[[-1738,-1869,3020,-3013,-2996]],"type":"Polygon","properties":{"divipola_mun":"73275","divipola_mun_n":73275,"divipola_dep":"73","divipola_dep_n":73,"mpio_nombre":"FLANDES","dpto_nombre":"TOLIMA","area_km2":96.7249}},{"arcs":[[-1130,-1140,3021,-3019,3022,-2984,3023]],"type":"Polygon","properties":{"divipola_mun":"73283","divipola_mun_n":73283,"divipola_dep":"73","divipola_dep_n":73,"mpio_nombre":"FRESNO","dpto_nombre":"TOLIMA","area_km2":219.5279}},{"arcs":[[-3015,3024,3025,3026,3027]],"type":"Polygon","properties":{"divipola_mun":"73319","divipola_mun_n":73319,"divipola_dep":"73","divipola_dep_n":73,"mpio_nombre":"GUAMO","dpto_nombre":"TOLIMA","area_km2":505.4127}},{"arcs":[[-1089,-1144,-1131,-3024,-2983,-1162]],"type":"Polygon","properties":{"divipola_mun":"73347","divipola_mun_n":73347,"divipola_dep":"73","divipola_dep_n":73,"mpio_nombre":"HERVEO","dpto_nombre":"TOLIMA","area_km2":322.5877}},{"arcs":[[-1122,-1754,-2972,3028,-1160]],"type":"Polygon","properties":{"divipola_mun":"73349","divipola_mun_n":73349,"divipola_dep":"73","divipola_dep_n":73,"mpio_nombre":"HONDA","dpto_nombre":"TOLIMA","area_km2":304.6407}},{"arcs":[[-1593,-1849,-1833,-1618,-3006,3029,-1822,-1900,-1712]],"type":"Polygon","properties":{"divipola_mun":"73352","divipola_mun_n":73352,"divipola_dep":"73","divipola_dep_n":73,"mpio_nombre":"ICONONZO","dpto_nombre":"TOLIMA","area_km2":214.9649}},{"arcs":[[-2963,3030,3031,-2967]],"type":"Polygon","properties":{"divipola_mun":"73408","divipola_mun_n":73408,"divipola_dep":"73","divipola_dep_n":73,"mpio_nombre":"LÉRIDA","dpto_nombre":"TOLIMA","area_km2":271.7664}},{"arcs":[[-2968,-3032,3032,3033,3034,3035]],"type":"Polygon","properties":{"divipola_mun":"73411","divipola_mun_n":73411,"divipola_dep":"73","divipola_dep_n":73,"mpio_nombre":"LÍBANO","dpto_nombre":"TOLIMA","area_km2":282.2003}},{"arcs":[[-1139,-1161,-3029,-2971,-3020,-3022]],"type":"Polygon","properties":{"divipola_mun":"73443","divipola_mun_n":73443,"divipola_dep":"73","divipola_dep_n":73,"mpio_nombre":"SAN SEBASTIÁN DE MARIQUITA","dpto_nombre":"TOLIMA","area_km2":293.1437}},{"arcs":[[-1823,-3030,-3005,-2980,-1866]],"type":"Polygon","properties":{"divipola_mun":"73449","divipola_mun_n":73449,"divipola_dep":"73","divipola_dep_n":73,"mpio_nombre":"MELGAR","dpto_nombre":"TOLIMA","area_km2":202.0315}},{"arcs":[[-1165,3036,-3035,3037]],"type":"Polygon","properties":{"divipola_mun":"73461","divipola_mun_n":73461,"divipola_dep":"73","divipola_dep_n":73,"mpio_nombre":"MURILLO","dpto_nombre":"TOLIMA","area_km2":423.7215}},{"arcs":[[-2019,-2977,-3004,3038,-3010,-2957,-2096]],"type":"Polygon","properties":{"divipola_mun":"73483","divipola_mun_n":73483,"divipola_dep":"73","divipola_dep_n":73,"mpio_nombre":"NATAGAIMA","dpto_nombre":"TOLIMA","area_km2":859.3504}},{"arcs":[[-2994,3039,3040,3041,3042,3043,-3000]],"type":"Polygon","properties":{"divipola_mun":"73504","divipola_mun_n":73504,"divipola_dep":"73","divipola_dep_n":73,"mpio_nombre":"ORTEGA","dpto_nombre":"TOLIMA","area_km2":953.3694}},{"arcs":[[-2985,-3023,-3018]],"type":"Polygon","properties":{"divipola_mun":"73520","divipola_mun_n":73520,"divipola_dep":"73","divipola_dep_n":73,"mpio_nombre":"PALOCABILDO","dpto_nombre":"TOLIMA","area_km2":64.9702}},{"arcs":[[-1599,-1763,-2999,-2952,-2961,3044]],"type":"Polygon","properties":{"divipola_mun":"73547","divipola_mun_n":73547,"divipola_dep":"73","divipola_dep_n":73,"mpio_nombre":"PIEDRAS","dpto_nombre":"TOLIMA","area_km2":354.1799}},{"arcs":[[-1290,-1342,3045,-2973,-2017,-2005,-2081,-2088,-2094,-1348,-1386]],"type":"Polygon","properties":{"divipola_mun":"73555","divipola_mun_n":73555,"divipola_dep":"73","divipola_dep_n":73,"mpio_nombre":"PLANADAS","dpto_nombre":"TOLIMA","area_km2":1753.9282}},{"arcs":[[-3003,3046,3047,-3011,-3039]],"type":"Polygon","properties":{"divipola_mun":"73563","divipola_mun_n":73563,"divipola_dep":"73","divipola_dep_n":73,"mpio_nombre":"PRADO","dpto_nombre":"TOLIMA","area_km2":422.7074}},{"arcs":[[-3002,3048,-3026,3049,-3008,3050,-3047]],"type":"Polygon","properties":{"divipola_mun":"73585","divipola_mun_n":73585,"divipola_dep":"73","divipola_dep_n":73,"mpio_nombre":"PURIFICACIÓN","dpto_nombre":"TOLIMA","area_km2":401.9134}},{"arcs":[[-1341,3051,3052,3053,3054,3055,-2988,-2974,-3046]],"type":"Polygon","properties":{"divipola_mun":"73616","divipola_mun_n":73616,"divipola_dep":"73","divipola_dep_n":73,"mpio_nombre":"RIOBLANCO","dpto_nombre":"TOLIMA","area_km2":2046.0661}},{"arcs":[[-2619,-2632,-2979,3056,3057,-2992,3058]],"type":"Polygon","properties":{"divipola_mun":"73622","divipola_mun_n":73622,"divipola_dep":"73","divipola_dep_n":73,"mpio_nombre":"RONCESVALLES","dpto_nombre":"TOLIMA","area_km2":775.6567}},{"arcs":[[-2955,3059,3060,-3041,3061,-3057,-2978]],"type":"Polygon","properties":{"divipola_mun":"73624","divipola_mun_n":73624,"divipola_dep":"73","divipola_dep_n":73,"mpio_nombre":"ROVIRA","dpto_nombre":"TOLIMA","area_km2":739.1721}},{"arcs":[[-3001,-3044,3062,-3027,-3049]],"type":"Polygon","properties":{"divipola_mun":"73671","divipola_mun_n":73671,"divipola_dep":"73","divipola_dep_n":73,"mpio_nombre":"SALDAÑA","dpto_nombre":"TOLIMA","area_km2":193.1057}},{"arcs":[[-2993,-3058,-3062,-3040]],"type":"Polygon","properties":{"divipola_mun":"73675","divipola_mun_n":73675,"divipola_dep":"73","divipola_dep_n":73,"mpio_nombre":"SAN ANTONIO","dpto_nombre":"TOLIMA","area_km2":383.2878}},{"arcs":[[-2954,-2998,-3016,-3028,-3063,-3043,3063,-3060]],"type":"Polygon","properties":{"divipola_mun":"73678","divipola_mun_n":73678,"divipola_dep":"73","divipola_dep_n":73,"mpio_nombre":"SAN LUIS","dpto_nombre":"TOLIMA","area_km2":411.9931}},{"arcs":[[-2638,-2650,-3038,-3034,3064,-2965]],"type":"Polygon","properties":{"divipola_mun":"73686","divipola_mun_n":73686,"divipola_dep":"73","divipola_dep_n":73,"mpio_nombre":"SANTA ISABEL","dpto_nombre":"TOLIMA","area_km2":270.0501}},{"arcs":[[-1868,-2982,-3009,-3050,-3025,-3014,-3021]],"type":"Polygon","properties":{"divipola_mun":"73770","divipola_mun_n":73770,"divipola_dep":"73","divipola_dep_n":73,"mpio_nombre":"SUÁREZ","dpto_nombre":"TOLIMA","area_km2":189.934}},{"arcs":[[-3042,-3061,-3064]],"type":"Polygon","properties":{"divipola_mun":"73854","divipola_mun_n":73854,"divipola_dep":"73","divipola_dep_n":73,"mpio_nombre":"VALLE DE SAN JUAN","dpto_nombre":"TOLIMA","area_km2":197.7422}},{"arcs":[[-1600,-3045,-2960,-2966,-3065,-3033,-3031,-2962]],"type":"Polygon","properties":{"divipola_mun":"73861","divipola_mun_n":73861,"divipola_dep":"73","divipola_dep_n":73,"mpio_nombre":"VENADILLO","dpto_nombre":"TOLIMA","area_km2":334.4009}},{"arcs":[[-1164,-2987,-3017,-2969,-3036,-3037]],"type":"Polygon","properties":{"divipola_mun":"73870","divipola_mun_n":73870,"divipola_dep":"73","divipola_dep_n":73,"mpio_nombre":"VILLAHERMOSA","dpto_nombre":"TOLIMA","area_km2":279.0649}},{"arcs":[[-1617,-3012,-3048,-3051,-3007]],"type":"Polygon","properties":{"divipola_mun":"73873","divipola_mun_n":73873,"divipola_dep":"73","divipola_dep_n":73,"mpio_nombre":"VILLARRICA","dpto_nombre":"TOLIMA","area_km2":430.0801}},{"arcs":[[-1362,3065,3066,3067,3068,3069,3070,3071]],"type":"Polygon","properties":{"divipola_mun":"76001","divipola_mun_n":76001,"divipola_dep":"76","divipola_dep_n":76,"mpio_nombre":"SANTIAGO DE CALI","dpto_nombre":"VALLE DEL CAUCA","area_km2":563.2663}},{"arcs":[[-2615,-2636,3072,3073]],"type":"Polygon","properties":{"divipola_mun":"76020","divipola_mun_n":76020,"divipola_dep":"76","divipola_dep_n":76,"mpio_nombre":"ALCALÁ","dpto_nombre":"VALLE DEL CAUCA","area_km2":62.3463}},{"arcs":[[3074,3075,3076,3077]],"type":"Polygon","properties":{"divipola_mun":"76036","divipola_mun_n":76036,"divipola_dep":"76","divipola_dep_n":76,"mpio_nombre":"ANDALUCÍA","dpto_nombre":"VALLE DEL CAUCA","area_km2":110.4744}},{"arcs":[[-1992,3078,-2654,-2644,3079,3080,3081,3082]],"type":"Polygon","properties":{"divipola_mun":"76041","divipola_mun_n":76041,"divipola_dep":"76","divipola_dep_n":76,"mpio_nombre":"ANSERMANUEVO","dpto_nombre":"VALLE DEL CAUCA","area_km2":305.4624}},{"arcs":[[-3082,3083,3084,3085]],"type":"Polygon","properties":{"divipola_mun":"76054","divipola_mun_n":76054,"divipola_dep":"76","divipola_dep_n":76,"mpio_nombre":"ARGELIA","dpto_nombre":"VALLE DEL CAUCA","area_km2":90.806}},{"arcs":[[-1964,-1998,3086,3087,3088,3089,3090]],"type":"Polygon","properties":{"divipola_mun":"76100","divipola_mun_n":76100,"divipola_dep":"76","divipola_dep_n":76,"mpio_nombre":"BOLÍVAR","dpto_nombre":"VALLE DEL CAUCA","area_km2":743.7632}},{"arcs":[[[-1268,-1330,3091,-1968,3092,3093,-3067,3094]],[[3095]],[[3096]]],"type":"MultiPolygon","properties":{"divipola_mun":"76109","divipola_mun_n":76109,"divipola_dep":"76","divipola_dep_n":76,"mpio_nombre":"BUENAVENTURA","dpto_nombre":"VALLE DEL CAUCA","area_km2":6300.9862}},{"arcs":[[-2989,-3056,3097,3098,3099,3100,3101,3102]],"type":"Polygon","properties":{"divipola_mun":"76111","divipola_mun_n":76111,"divipola_dep":"76","divipola_dep_n":76,"mpio_nombre":"GUADALAJARA DE BUGA","dpto_nombre":"VALLE DEL CAUCA","area_km2":825.951}},{"arcs":[[-3078,3103,-3090,3104,3105,3106]],"type":"Polygon","properties":{"divipola_mun":"76113","divipola_mun_n":76113,"divipola_dep":"76","divipola_dep_n":76,"mpio_nombre":"BUGALAGRANDE","dpto_nombre":"VALLE DEL CAUCA","area_km2":396.812}},{"arcs":[[-2606,-2633,-2621,3107,-2623]],"type":"Polygon","properties":{"divipola_mun":"76122","divipola_mun_n":76122,"divipola_dep":"76","divipola_dep_n":76,"mpio_nombre":"CAICEDONIA","dpto_nombre":"VALLE DEL CAUCA","area_km2":166.9717}},{"arcs":[[-1967,3108,3109,3110,3111,3112,-3093]],"type":"Polygon","properties":{"divipola_mun":"76126","divipola_mun_n":76126,"divipola_dep":"76","divipola_dep_n":76,"mpio_nombre":"CALIMA","dpto_nombre":"VALLE DEL CAUCA","area_km2":793.8418}},{"arcs":[[-1339,-1363,-3072,3113,3114,3115]],"type":"Polygon","properties":{"divipola_mun":"76130","divipola_mun_n":76130,"divipola_dep":"76","divipola_dep_n":76,"mpio_nombre":"CANDELARIA","dpto_nombre":"VALLE DEL CAUCA","area_km2":296.5582}},{"arcs":[[-2635,3116,3117,-3080,-2643,3118,-3073]],"type":"Polygon","properties":{"divipola_mun":"76147","divipola_mun_n":76147,"divipola_dep":"76","divipola_dep_n":76,"mpio_nombre":"CARTAGO","dpto_nombre":"VALLE DEL CAUCA","area_km2":248.2146}},{"arcs":[[-3068,-3094,-3113,3119]],"type":"Polygon","properties":{"divipola_mun":"76233","divipola_mun_n":76233,"divipola_dep":"76","divipola_dep_n":76,"mpio_nombre":"DAGUA","dpto_nombre":"VALLE DEL CAUCA","area_km2":917.0383}},{"arcs":[[-1991,-2666,-2655,-3079]],"type":"Polygon","properties":{"divipola_mun":"76243","divipola_mun_n":76243,"divipola_dep":"76","divipola_dep_n":76,"mpio_nombre":"EL ÁGUILA","dpto_nombre":"VALLE DEL CAUCA","area_km2":187.8241}},{"arcs":[[-1993,-3083,-3086,3120,-1995]],"type":"Polygon","properties":{"divipola_mun":"76246","divipola_mun_n":76246,"divipola_dep":"76","divipola_dep_n":76,"mpio_nombre":"EL CAIRO","dpto_nombre":"VALLE DEL CAUCA","area_km2":214.237}},{"arcs":[[-3055,3121,3122,3123,3124,3125,-3098]],"type":"Polygon","properties":{"divipola_mun":"76248","divipola_mun_n":76248,"divipola_dep":"76","divipola_dep_n":76,"mpio_nombre":"EL CERRITO","dpto_nombre":"VALLE DEL CAUCA","area_km2":441.9585}},{"arcs":[[-1997,3126,3127,3128,-3087]],"type":"Polygon","properties":{"divipola_mun":"76250","divipola_mun_n":76250,"divipola_dep":"76","divipola_dep_n":76,"mpio_nombre":"EL DOVIO","dpto_nombre":"VALLE DEL CAUCA","area_km2":236.2368}},{"arcs":[[-1340,-3116,3129,-3052]],"type":"Polygon","properties":{"divipola_mun":"76275","divipola_mun_n":76275,"divipola_dep":"76","divipola_dep_n":76,"mpio_nombre":"FLORIDA","dpto_nombre":"VALLE DEL CAUCA","area_km2":401.608}},{"arcs":[[-3099,-3126,3130]],"type":"Polygon","properties":{"divipola_mun":"76306","divipola_mun_n":76306,"divipola_dep":"76","divipola_dep_n":76,"mpio_nombre":"GINEBRA","dpto_nombre":"VALLE DEL CAUCA","area_km2":268.7835}},{"arcs":[[-3100,-3131,-3125,3131]],"type":"Polygon","properties":{"divipola_mun":"76318","divipola_mun_n":76318,"divipola_dep":"76","divipola_dep_n":76,"mpio_nombre":"GUACARÍ","dpto_nombre":"VALLE DEL CAUCA","area_km2":162.5219}},{"arcs":[[-1269,-3095,-3066,-1361,-1387,-1374]],"type":"Polygon","properties":{"divipola_mun":"76364","divipola_mun_n":76364,"divipola_dep":"76","divipola_dep_n":76,"mpio_nombre":"JAMUNDÍ","dpto_nombre":"VALLE DEL CAUCA","area_km2":629.3568}},{"arcs":[[-3069,-3120,-3112,3132,3133,3134]],"type":"Polygon","properties":{"divipola_mun":"76377","divipola_mun_n":76377,"divipola_dep":"76","divipola_dep_n":76,"mpio_nombre":"LA CUMBRE","dpto_nombre":"VALLE DEL CAUCA","area_km2":255.511}},{"arcs":[[-3128,3135,3136,3137,3138,3139]],"type":"Polygon","properties":{"divipola_mun":"76400","divipola_mun_n":76400,"divipola_dep":"76","divipola_dep_n":76,"mpio_nombre":"LA UNIÓN","dpto_nombre":"VALLE DEL CAUCA","area_km2":120.8852}},{"arcs":[[-2626,3140,3141,-3139,3142,-2628]],"type":"Polygon","properties":{"divipola_mun":"76403","divipola_mun_n":76403,"divipola_dep":"76","divipola_dep_n":76,"mpio_nombre":"LA VICTORIA","dpto_nombre":"VALLE DEL CAUCA","area_km2":264.6965}},{"arcs":[[-2629,-3143,-3138,3143,-3117,-2634]],"type":"Polygon","properties":{"divipola_mun":"76497","divipola_mun_n":76497,"divipola_dep":"76","divipola_dep_n":76,"mpio_nombre":"OBANDO","dpto_nombre":"VALLE DEL CAUCA","area_km2":214.6734}},{"arcs":[[-3054,3144,-3114,-3071,3145,3146,-3122]],"type":"Polygon","properties":{"divipola_mun":"76520","divipola_mun_n":76520,"divipola_dep":"76","divipola_dep_n":76,"mpio_nombre":"PALMIRA","dpto_nombre":"VALLE DEL CAUCA","area_km2":1005.3167}},{"arcs":[[-3053,-3130,-3115,-3145]],"type":"Polygon","properties":{"divipola_mun":"76563","divipola_mun_n":76563,"divipola_dep":"76","divipola_dep_n":76,"mpio_nombre":"PRADERA","dpto_nombre":"VALLE DEL CAUCA","area_km2":356.7816}},{"arcs":[[-3111,3147,3148,-3133]],"type":"Polygon","properties":{"divipola_mun":"76606","divipola_mun_n":76606,"divipola_dep":"76","divipola_dep_n":76,"mpio_nombre":"RESTREPO","dpto_nombre":"VALLE DEL CAUCA","area_km2":137.2697}},{"arcs":[[-1966,3149,-3076,3150,3151,-3109]],"type":"Polygon","properties":{"divipola_mun":"76616","divipola_mun_n":76616,"divipola_dep":"76","divipola_dep_n":76,"mpio_nombre":"RIOFRÍO","dpto_nombre":"VALLE DEL CAUCA","area_km2":308.1661}},{"arcs":[[-3088,-3129,-3140,-3142,3152]],"type":"Polygon","properties":{"divipola_mun":"76622","divipola_mun_n":76622,"divipola_dep":"76","divipola_dep_n":76,"mpio_nombre":"ROLDANILLO","dpto_nombre":"VALLE DEL CAUCA","area_km2":234.9787}},{"arcs":[[-3102,3153,3154]],"type":"Polygon","properties":{"divipola_mun":"76670","divipola_mun_n":76670,"divipola_dep":"76","divipola_dep_n":76,"mpio_nombre":"SAN PEDRO","dpto_nombre":"VALLE DEL CAUCA","area_km2":202.1602}},{"arcs":[[-2620,-3059,-2991,3155,-3106,3156,-2624,-3108]],"type":"Polygon","properties":{"divipola_mun":"76736","divipola_mun_n":76736,"divipola_dep":"76","divipola_dep_n":76,"mpio_nombre":"SEVILLA","dpto_nombre":"VALLE DEL CAUCA","area_km2":537.1446}},{"arcs":[[-3081,-3118,-3144,-3137,3157,-3084]],"type":"Polygon","properties":{"divipola_mun":"76823","divipola_mun_n":76823,"divipola_dep":"76","divipola_dep_n":76,"mpio_nombre":"TORO","dpto_nombre":"VALLE DEL CAUCA","area_km2":175.7759}},{"arcs":[[-1965,-3091,-3104,-3077,-3150]],"type":"Polygon","properties":{"divipola_mun":"76828","divipola_mun_n":76828,"divipola_dep":"76","divipola_dep_n":76,"mpio_nombre":"TRUJILLO","dpto_nombre":"VALLE DEL CAUCA","area_km2":307.7205}},{"arcs":[[-2990,-3103,-3155,3158,-3151,-3075,-3107,-3156]],"type":"Polygon","properties":{"divipola_mun":"76834","divipola_mun_n":76834,"divipola_dep":"76","divipola_dep_n":76,"mpio_nombre":"TULUÁ","dpto_nombre":"VALLE DEL CAUCA","area_km2":909.3957}},{"arcs":[[-2616,-3074,-3119,-2642]],"type":"Polygon","properties":{"divipola_mun":"76845","divipola_mun_n":76845,"divipola_dep":"76","divipola_dep_n":76,"mpio_nombre":"ULLOA","dpto_nombre":"VALLE DEL CAUCA","area_km2":41.8585}},{"arcs":[[-1996,-3121,-3085,-3158,-3136,-3127]],"type":"Polygon","properties":{"divipola_mun":"76863","divipola_mun_n":76863,"divipola_dep":"76","divipola_dep_n":76,"mpio_nombre":"VERSALLES","dpto_nombre":"VALLE DEL CAUCA","area_km2":200.6293}},{"arcs":[[-3123,-3147,3159,-3134,-3149,3160]],"type":"Polygon","properties":{"divipola_mun":"76869","divipola_mun_n":76869,"divipola_dep":"76","divipola_dep_n":76,"mpio_nombre":"VIJES","dpto_nombre":"VALLE DEL CAUCA","area_km2":112.9711}},{"arcs":[[-3101,-3132,-3124,-3161,-3148,-3110,-3152,-3159,-3154]],"type":"Polygon","properties":{"divipola_mun":"76890","divipola_mun_n":76890,"divipola_dep":"76","divipola_dep_n":76,"mpio_nombre":"YOTOCO","dpto_nombre":"VALLE DEL CAUCA","area_km2":327.7772}},{"arcs":[[-3070,-3135,-3160,-3146]],"type":"Polygon","properties":{"divipola_mun":"76892","divipola_mun_n":76892,"divipola_dep":"76","divipola_dep_n":76,"mpio_nombre":"YUMBO","dpto_nombre":"VALLE DEL CAUCA","area_km2":230.6722}},{"arcs":[[-2625,-3157,-3105,-3089,-3153,-3141]],"type":"Polygon","properties":{"divipola_mun":"76895","divipola_mun_n":76895,"divipola_dep":"76","divipola_dep_n":76,"mpio_nombre":"ZARZAL","dpto_nombre":"VALLE DEL CAUCA","area_km2":367.9656}},{"arcs":[[3161,3162,3163,3164]],"type":"Polygon","properties":{"divipola_mun":"81001","divipola_mun_n":81001,"divipola_dep":"81","divipola_dep_n":81,"mpio_nombre":"ARAUCA","dpto_nombre":"ARAUCA","area_km2":5767.2261}},{"arcs":[[-3164,3165,3166,3167,3168,3169]],"type":"Polygon","properties":{"divipola_mun":"81065","divipola_mun_n":81065,"divipola_dep":"81","divipola_dep_n":81,"mpio_nombre":"ARAUQUITA","dpto_nombre":"ARAUCA","area_km2":3037.583}},{"arcs":[[-3162,3170,3171,3172,3173,3174]],"type":"Polygon","properties":{"divipola_mun":"81220","divipola_mun_n":81220,"divipola_dep":"81","divipola_dep_n":81,"mpio_nombre":"CRAVO NORTE","dpto_nombre":"ARAUCA","area_km2":5192.4133}},{"arcs":[[-881,3175,-3168,3176]],"type":"Polygon","properties":{"divipola_mun":"81300","divipola_mun_n":81300,"divipola_dep":"81","divipola_dep_n":81,"mpio_nombre":"FORTUL","dpto_nombre":"ARAUCA","area_km2":1155.4546}},{"arcs":[[-3163,-3175,3177,3178,-3166]],"type":"Polygon","properties":{"divipola_mun":"81591","divipola_mun_n":81591,"divipola_dep":"81","divipola_dep_n":81,"mpio_nombre":"PUERTO RONDÓN","dpto_nombre":"ARAUCA","area_km2":2273.9887}},{"arcs":[[-815,3179,-3169,-3176]],"type":"Polygon","properties":{"divipola_mun":"81736","divipola_mun_n":81736,"divipola_dep":"81","divipola_dep_n":81,"mpio_nombre":"SARAVENA","dpto_nombre":"ARAUCA","area_km2":942.5874}},{"arcs":[[-840,-882,-3177,-3167,-3179,3180,3181,3182]],"type":"Polygon","properties":{"divipola_mun":"81794","divipola_mun_n":81794,"divipola_dep":"81","divipola_dep_n":81,"mpio_nombre":"TAME","dpto_nombre":"ARAUCA","area_km2":5403.8757}},{"arcs":[[-896,-973,3183,3184,3185,3186,3187,-963]],"type":"Polygon","properties":{"divipola_mun":"85001","divipola_mun_n":85001,"divipola_dep":"85","divipola_dep_n":85,"mpio_nombre":"YOPAL","dpto_nombre":"CASANARE","area_km2":2476.8878}},{"arcs":[[-964,-3188,3188,3189,3190]],"type":"Polygon","properties":{"divipola_mun":"85010","divipola_mun_n":85010,"divipola_dep":"85","divipola_dep_n":85,"mpio_nombre":"AGUAZUL","dpto_nombre":"CASANARE","area_km2":1439.2647}},{"arcs":[[-686,3191,3192,-953]],"type":"Polygon","properties":{"divipola_mun":"85015","divipola_mun_n":85015,"divipola_dep":"85","divipola_dep_n":85,"mpio_nombre":"CHÁMEZA","dpto_nombre":"CASANARE","area_km2":309.1634}},{"arcs":[[-3174,3193,3194,-3181,-3178]],"type":"Polygon","properties":{"divipola_mun":"85125","divipola_mun_n":85125,"divipola_dep":"85","divipola_dep_n":85,"mpio_nombre":"HATO COROZAL","dpto_nombre":"CASANARE","area_km2":5492.2661}},{"arcs":[[-770,-841,-3183,3195]],"type":"Polygon","properties":{"divipola_mun":"85136","divipola_mun_n":85136,"divipola_dep":"85","divipola_dep_n":85,"mpio_nombre":"LA SALINA","dpto_nombre":"CASANARE","area_km2":199.4192}},{"arcs":[[-2266,-2273,3196,-3189,-3187,3197]],"type":"Polygon","properties":{"divipola_mun":"85139","divipola_mun_n":85139,"divipola_dep":"85","divipola_dep_n":85,"mpio_nombre":"MANÍ","dpto_nombre":"CASANARE","area_km2":3745.2814}},{"arcs":[[-955,3198,3199,3200]],"type":"Polygon","properties":{"divipola_mun":"85162","divipola_mun_n":85162,"divipola_dep":"85","divipola_dep_n":85,"mpio_nombre":"MONTERREY","dpto_nombre":"CASANARE","area_km2":777.5734}},{"arcs":[[-972,3201,3202,3203,-3184]],"type":"Polygon","properties":{"divipola_mun":"85225","divipola_mun_n":85225,"divipola_dep":"85","divipola_dep_n":85,"mpio_nombre":"NUNCHÍA","dpto_nombre":"CASANARE","area_km2":1099.256}},{"arcs":[[-2267,-3198,-3186,3204,3205]],"type":"Polygon","properties":{"divipola_mun":"85230","divipola_mun_n":85230,"divipola_dep":"85","divipola_dep_n":85,"mpio_nombre":"OROCUÉ","dpto_nombre":"CASANARE","area_km2":4739.8429}},{"arcs":[[-3173,3206,3207,3208,3209,-3194]],"type":"Polygon","properties":{"divipola_mun":"85250","divipola_mun_n":85250,"divipola_dep":"85","divipola_dep_n":85,"mpio_nombre":"PAZ DE ARIPORO","dpto_nombre":"CASANARE","area_km2":12074.5298}},{"arcs":[[-3203,3210,-3209,3211,3212]],"type":"Polygon","properties":{"divipola_mun":"85263","divipola_mun_n":85263,"divipola_dep":"85","divipola_dep_n":85,"mpio_nombre":"PORE","dpto_nombre":"CASANARE","area_km2":779.3902}},{"arcs":[[-965,-3191,3213,-3192]],"type":"Polygon","properties":{"divipola_mun":"85279","divipola_mun_n":85279,"divipola_dep":"85","divipola_dep_n":85,"mpio_nombre":"RECETOR","dpto_nombre":"CASANARE","area_km2":180.8459}},{"arcs":[[-956,-3201,3214,-2212,-1024]],"type":"Polygon","properties":{"divipola_mun":"85300","divipola_mun_n":85300,"divipola_dep":"85","divipola_dep_n":85,"mpio_nombre":"SABANALARGA","dpto_nombre":"CASANARE","area_km2":400.1582}},{"arcs":[[-771,-3196,-3182,-3195,3215]],"type":"Polygon","properties":{"divipola_mun":"85315","divipola_mun_n":85315,"divipola_dep":"85","divipola_dep_n":85,"mpio_nombre":"SÁCAMA","dpto_nombre":"CASANARE","area_km2":311.4671}},{"arcs":[[-3185,-3204,-3213,3216,3217,-3205]],"type":"Polygon","properties":{"divipola_mun":"85325","divipola_mun_n":85325,"divipola_dep":"85","divipola_dep_n":85,"mpio_nombre":"SAN LUIS DE PALENQUE","dpto_nombre":"CASANARE","area_km2":2980.8899}},{"arcs":[[-772,-3216,-3210,-3211,-3202,-971,-986,-1053]],"type":"Polygon","properties":{"divipola_mun":"85400","divipola_mun_n":85400,"divipola_dep":"85","divipola_dep_n":85,"mpio_nombre":"TÁMARA","dpto_nombre":"CASANARE","area_km2":1088.5301}},{"arcs":[[-954,-3193,-3214,-3190,-3197,-2272,3218,-3199]],"type":"Polygon","properties":{"divipola_mun":"85410","divipola_mun_n":85410,"divipola_dep":"85","divipola_dep_n":85,"mpio_nombre":"TAURAMENA","dpto_nombre":"CASANARE","area_km2":2380.1742}},{"arcs":[[-3208,3219,3220,-3217,-3212]],"type":"Polygon","properties":{"divipola_mun":"85430","divipola_mun_n":85430,"divipola_dep":"85","divipola_dep_n":85,"mpio_nombre":"TRINIDAD","dpto_nombre":"CASANARE","area_km2":2959.9088}},{"arcs":[[-2213,-3215,-3200,-3219,-2271,-2215]],"type":"Polygon","properties":{"divipola_mun":"85440","divipola_mun_n":85440,"divipola_dep":"85","divipola_dep_n":85,"mpio_nombre":"VILLANUEVA","dpto_nombre":"CASANARE","area_km2":832.1606}},{"arcs":[[-1356,3221,3222,3223,3224,3225,-2378,-1379]],"type":"Polygon","properties":{"divipola_mun":"86001","divipola_mun_n":86001,"divipola_dep":"86","divipola_dep_n":86,"mpio_nombre":"MOCOA","dpto_nombre":"PUTUMAYO","area_km2":1305.2636}},{"arcs":[[-2328,3226,3227]],"type":"Polygon","properties":{"divipola_mun":"86219","divipola_mun_n":86219,"divipola_dep":"86","divipola_dep_n":86,"mpio_nombre":"COLÓN","dpto_nombre":"PUTUMAYO","area_km2":64.3175}},{"arcs":[[-2293,3228,3229,3230,3231,-2412,-2344,-2455,-2386]],"type":"Polygon","properties":{"divipola_mun":"86320","divipola_mun_n":86320,"divipola_dep":"86","divipola_dep_n":86,"mpio_nombre":"ORITO","dpto_nombre":"PUTUMAYO","area_km2":1940.5942}},{"arcs":[[-3231,3232,3233,3234,3235,3236,3237]],"type":"Polygon","properties":{"divipola_mun":"86568","divipola_mun_n":86568,"divipola_dep":"86","divipola_dep_n":86,"mpio_nombre":"PUERTO ASÍS","dpto_nombre":"PUTUMAYO","area_km2":2819.8437}},{"arcs":[[-3223,3238,-3233,-3230,3239]],"type":"Polygon","properties":{"divipola_mun":"86569","divipola_mun_n":86569,"divipola_dep":"86","divipola_dep_n":86,"mpio_nombre":"PUERTO CAICEDO","dpto_nombre":"PUTUMAYO","area_km2":926.8428}},{"arcs":[[-1195,-1234,-1230,3240,-3234,-3239,-3222,-1355]],"type":"Polygon","properties":{"divipola_mun":"86571","divipola_mun_n":86571,"divipola_dep":"86","divipola_dep_n":86,"mpio_nombre":"PUERTO GUZMÁN","dpto_nombre":"PUTUMAYO","area_km2":4576.3517}},{"arcs":[[-1229,3241,3242,-3235,-3241]],"type":"Polygon","properties":{"divipola_mun":"86573","divipola_mun_n":86573,"divipola_dep":"86","divipola_dep_n":86,"mpio_nombre":"PUERTO LEGUÍZAMO","dpto_nombre":"PUTUMAYO","area_km2":10900.426}},{"arcs":[[-2379,-3226,3243,-3227]],"type":"Polygon","properties":{"divipola_mun":"86749","divipola_mun_n":86749,"divipola_dep":"86","divipola_dep_n":86,"mpio_nombre":"SIBUNDOY","dpto_nombre":"PUTUMAYO","area_km2":97.7963}},{"arcs":[[-3225,3244,3245,-3244]],"type":"Polygon","properties":{"divipola_mun":"86755","divipola_mun_n":86755,"divipola_dep":"86","divipola_dep_n":86,"mpio_nombre":"SAN FRANCISCO","dpto_nombre":"PUTUMAYO","area_km2":407.5962}},{"arcs":[[-3237,3246,3247]],"type":"Polygon","properties":{"divipola_mun":"86757","divipola_mun_n":86757,"divipola_dep":"86","divipola_dep_n":86,"mpio_nombre":"SAN MIGUEL","dpto_nombre":"PUTUMAYO","area_km2":379.9683}},{"arcs":[[-2291,-2329,-3228,-3246,3248]],"type":"Polygon","properties":{"divipola_mun":"86760","divipola_mun_n":86760,"divipola_dep":"86","divipola_dep_n":86,"mpio_nombre":"SANTIAGO","dpto_nombre":"PUTUMAYO","area_km2":342.1607}},{"arcs":[[-2413,-3232,-3238,-3248,3249]],"type":"Polygon","properties":{"divipola_mun":"86865","divipola_mun_n":86865,"divipola_dep":"86","divipola_dep_n":86,"mpio_nombre":"VALLE DEL GUAMUEZ","dpto_nombre":"PUTUMAYO","area_km2":815.6612}},{"arcs":[[-2292,-3249,-3245,-3224,-3240,-3229]],"type":"Polygon","properties":{"divipola_mun":"86885","divipola_mun_n":86885,"divipola_dep":"86","divipola_dep_n":86,"mpio_nombre":"VILLAGARZÓN","dpto_nombre":"PUTUMAYO","area_km2":1397.7027}},{"arcs":[[3250]],"type":"Polygon","properties":{"divipola_mun":"88001","divipola_mun_n":88001,"divipola_dep":"88","divipola_dep_n":88,"mpio_nombre":"SAN ANDRÉS","dpto_nombre":"ARCHIPIÉLAGO DE SAN ANDRÉS, PROVIDENCIA Y SANTA CATALINA","area_km2":27.2653}},{"arcs":[[[3251]],[[3252]]],"type":"MultiPolygon","properties":{"divipola_mun":"88564","divipola_mun_n":88564,"divipola_dep":"88","divipola_dep_n":88,"mpio_nombre":"PROVIDENCIA","dpto_nombre":"ARCHIPIÉLAGO DE SAN ANDRÉS, PROVIDENCIA Y SANTA CATALINA","area_km2":22.3233}},{"arcs":[[3253,3254,3255]],"type":"Polygon","properties":{"divipola_mun":"91001","divipola_mun_n":91001,"divipola_dep":"91","divipola_dep_n":91,"mpio_nombre":"LETICIA","dpto_nombre":"AMAZONAS","area_km2":6158.331}},{"arcs":[[3256,3257,3258,3259]],"type":"Polygon","properties":{"divipola_mun":"91263","divipola_mun_n":91263,"divipola_dep":"91","divipola_dep_n":91,"mpio_nombre":"EL ENCANTO","dpto_nombre":"AMAZONAS","area_km2":10874.2647}},{"arcs":[[-1228,3260,3261,-3257,3262]],"type":"Polygon","properties":{"divipola_mun":"91405","divipola_mun_n":91405,"divipola_dep":"91","divipola_dep_n":91,"mpio_nombre":"LA CHORRERA","dpto_nombre":"AMAZONAS","area_km2":12641.4491}},{"arcs":[[3263,3264,3265,3266,3267,3268]],"type":"Polygon","properties":{"divipola_mun":"91407","divipola_mun_n":91407,"divipola_dep":"91","divipola_dep_n":91,"mpio_nombre":"LA PEDRERA","dpto_nombre":"AMAZONAS","area_km2":13614.7965}},{"arcs":[[-1225,3269,3270]],"type":"Polygon","properties":{"divipola_mun":"91430","divipola_mun_n":91430,"divipola_dep":"91","divipola_dep_n":91,"mpio_nombre":"LA VICTORIA","dpto_nombre":"AMAZONAS","area_km2":1428.2028}},{"arcs":[[-1226,-3271,3271,-3268,3272,3273]],"type":"Polygon","properties":{"divipola_mun":"91460","divipola_mun_n":91460,"divipola_dep":"91","divipola_dep_n":91,"mpio_nombre":"MIRITÍ - PARANÁ","dpto_nombre":"AMAZONAS","area_km2":16814.3735}},{"arcs":[[-3242,-3263,-3260,3274]],"type":"Polygon","properties":{"divipola_mun":"91530","divipola_mun_n":91530,"divipola_dep":"91","divipola_dep_n":91,"mpio_nombre":"PUERTO ALEGRÍA","dpto_nombre":"AMAZONAS","area_km2":8481.8245}},{"arcs":[[-3258,-3262,3275,-3273,-3267,3276,3277]],"type":"Polygon","properties":{"divipola_mun":"91536","divipola_mun_n":91536,"divipola_dep":"91","divipola_dep_n":91,"mpio_nombre":"PUERTO ARICA","dpto_nombre":"AMAZONAS","area_km2":13806.0757}},{"arcs":[[-3255,3278]],"type":"Polygon","properties":{"divipola_mun":"91540","divipola_mun_n":91540,"divipola_dep":"91","divipola_dep_n":91,"mpio_nombre":"PUERTO NARIÑO","dpto_nombre":"AMAZONAS","area_km2":1503.75}},{"arcs":[[-1227,-3274,-3276,-3261]],"type":"Polygon","properties":{"divipola_mun":"91669","divipola_mun_n":91669,"divipola_dep":"91","divipola_dep_n":91,"mpio_nombre":"PUERTO SANTANDER","dpto_nombre":"AMAZONAS","area_km2":14691.9855}},{"arcs":[[-3256,3279,-3277,-3266,3280]],"type":"Polygon","properties":{"divipola_mun":"91798","divipola_mun_n":91798,"divipola_dep":"91","divipola_dep_n":91,"mpio_nombre":"TARAPACÁ","dpto_nombre":"AMAZONAS","area_km2":9159.7753}},{"arcs":[[3281,3282,3283,3284,3285,3286,3287]],"type":"Polygon","properties":{"divipola_mun":"94001","divipola_mun_n":94001,"divipola_dep":"94","divipola_dep_n":94,"mpio_nombre":"INÍRIDA","dpto_nombre":"GUAINÍA","area_km2":15891.2325}},{"arcs":[[-3286,3288,3289,3290]],"type":"Polygon","properties":{"divipola_mun":"94343","divipola_mun_n":94343,"divipola_dep":"94","divipola_dep_n":94,"mpio_nombre":"BARRANCOMINAS","dpto_nombre":"GUAINÍA","area_km2":14342.9954}},{"arcs":[[3291,3292,3293,3294]],"type":"Polygon","properties":{"divipola_mun":"94883","divipola_mun_n":94883,"divipola_dep":"94","divipola_dep_n":94,"mpio_nombre":"SAN FELIPE","dpto_nombre":"GUAINÍA","area_km2":2909.709}},{"arcs":[[-3283,3295,3296,-3295,3297,3298]],"type":"Polygon","properties":{"divipola_mun":"94884","divipola_mun_n":94884,"divipola_dep":"94","divipola_dep_n":94,"mpio_nombre":"PUERTO COLOMBIA","dpto_nombre":"GUAINÍA","area_km2":15620.4228}},{"arcs":[[-3293,3299]],"type":"Polygon","properties":{"divipola_mun":"94885","divipola_mun_n":94885,"divipola_dep":"94","divipola_dep_n":94,"mpio_nombre":"LA GUADALUPE","dpto_nombre":"GUAINÍA","area_km2":1171.8917}},{"arcs":[[-3282,3300,-3296]],"type":"Polygon","properties":{"divipola_mun":"94886","divipola_mun_n":94886,"divipola_dep":"94","divipola_dep_n":94,"mpio_nombre":"CACAHUAL","dpto_nombre":"GUAINÍA","area_km2":2322.4323}},{"arcs":[[-3284,-3299,3301,3302,3303,3304]],"type":"Polygon","properties":{"divipola_mun":"94887","divipola_mun_n":94887,"divipola_dep":"94","divipola_dep_n":94,"mpio_nombre":"PANA PANA","dpto_nombre":"GUAINÍA","area_km2":10180.9467}},{"arcs":[[-3285,-3305,3305,3306,3307,-3289]],"type":"Polygon","properties":{"divipola_mun":"94888","divipola_mun_n":94888,"divipola_dep":"94","divipola_dep_n":94,"mpio_nombre":"MORICHAL","dpto_nombre":"GUAINÍA","area_km2":8513.7919}},{"arcs":[[-2245,3308,-3290,-3308,3309,3310,-2257,-2285,-2280,-2262]],"type":"Polygon","properties":{"divipola_mun":"95001","divipola_mun_n":95001,"divipola_dep":"95","divipola_dep_n":95,"mpio_nombre":"SAN JOSÉ DEL GUAVIARE","dpto_nombre":"GUAVIARE","area_km2":16712.394}},{"arcs":[[-1220,-2258,-3311,3311,3312,-1222]],"type":"Polygon","properties":{"divipola_mun":"95015","divipola_mun_n":95015,"divipola_dep":"95","divipola_dep_n":95,"mpio_nombre":"CALAMAR","dpto_nombre":"GUAVIARE","area_km2":13510.3202}},{"arcs":[[-3307,3313,3314,3315,-3312,-3310]],"type":"Polygon","properties":{"divipola_mun":"95025","divipola_mun_n":95025,"divipola_dep":"95","divipola_dep_n":95,"mpio_nombre":"EL RETORNO","dpto_nombre":"GUAVIARE","area_km2":12405.9055}},{"arcs":[[-1223,-3313,-3316,3316,3317]],"type":"Polygon","properties":{"divipola_mun":"95200","divipola_mun_n":95200,"divipola_dep":"95","divipola_dep_n":95,"mpio_nombre":"MIRAFLORES","dpto_nombre":"GUAVIARE","area_km2":12774.7439}},{"arcs":[[-3303,3318,3319,3320,3321,3322,3323]],"type":"Polygon","properties":{"divipola_mun":"97001","divipola_mun_n":97001,"divipola_dep":"97","divipola_dep_n":97,"mpio_nombre":"MITÚ","dpto_nombre":"VAUPÉS","area_km2":16156.419}},{"arcs":[[-3315,3324,-3323,3325,-3317]],"type":"Polygon","properties":{"divipola_mun":"97161","divipola_mun_n":97161,"divipola_dep":"97","divipola_dep_n":97,"mpio_nombre":"CARURÚ","dpto_nombre":"VAUPÉS","area_km2":6349.0373}},{"arcs":[[-1224,-3318,-3326,-3322,3326,3327,-3269,-3272,-3270]],"type":"Polygon","properties":{"divipola_mun":"97511","divipola_mun_n":97511,"divipola_dep":"97","divipola_dep_n":97,"mpio_nombre":"PACOA","dpto_nombre":"VAUPÉS","area_km2":13946.8422}},{"arcs":[[-3264,-3328,3328]],"type":"Polygon","properties":{"divipola_mun":"97666","divipola_mun_n":97666,"divipola_dep":"97","divipola_dep_n":97,"mpio_nombre":"TARAIRA","dpto_nombre":"VAUPÉS","area_km2":6484.2361}},{"arcs":[[-3304,-3324,-3325,-3314,-3306]],"type":"Polygon","properties":{"divipola_mun":"97777","divipola_mun_n":97777,"divipola_dep":"97","divipola_dep_n":97,"mpio_nombre":"PAPUNAHUA","dpto_nombre":"VAUPÉS","area_km2":5531.9088}},{"arcs":[[-3320,3329]],"type":"Polygon","properties":{"divipola_mun":"97889","divipola_mun_n":97889,"divipola_dep":"97","divipola_dep_n":97,"mpio_nombre":"YAVARATÉ","dpto_nombre":"VAUPÉS","area_km2":4640.8946}},{"arcs":[[3330,3331,3332]],"type":"Polygon","properties":{"divipola_mun":"99001","divipola_mun_n":99001,"divipola_dep":"99","divipola_dep_n":99,"mpio_nombre":"PUERTO CARREÑO","dpto_nombre":"VICHADA","area_km2":12142.3234}},{"arcs":[[-3172,3333,-3332,3334,3335,-3220,-3207]],"type":"Polygon","properties":{"divipola_mun":"99524","divipola_mun_n":99524,"divipola_dep":"99","divipola_dep_n":99,"mpio_nombre":"LA PRIMAVERA","dpto_nombre":"VICHADA","area_km2":18492.1072}},{"arcs":[[-2268,-3206,-3218,-3221,-3336,3336]],"type":"Polygon","properties":{"divipola_mun":"99624","divipola_mun_n":99624,"divipola_dep":"99","divipola_dep_n":99,"mpio_nombre":"SANTA ROSALÍA","dpto_nombre":"VICHADA","area_km2":3679.005}},{"arcs":[[-2244,-2269,-3337,-3335,-3331,3337,-3287,-3291,-3309]],"type":"Polygon","properties":{"divipola_mun":"99773","divipola_mun_n":99773,"divipola_dep":"99","divipola_dep_n":99,"mpio_nombre":"CUMARIBO","dpto_nombre":"VICHADA","area_km2":65319.2851}}]}}}