{"type":"Topology","arcs":[[[5796,12487],[-23,-1],[-16,4],[-30,4],[-7,-5],[1,-13],[-10,-12],[-30,7],[-15,-2],[-26,9],[-6,7]],[[5634,12485],[4,9],[-19,0],[-15,4],[-33,-5],[-13,0],[4,-6],[-17,-13],[2,-7],[-19,-3]],[[5528,12464],[-21,-2],[-16,-6],[-6,3],[-9,-4]],[[5476,12455],[-5,5],[1,11],[-5,11],[-8,8],[-8,1]],[[5451,12491],[-13,12],[7,7],[-8,22],[0,11],[-11,10],[3,14],[-4,2]],[[5425,12569],[0,6],[4,21],[-2,21],[1,7],[-3,11],[-13,10],[-1,10],[5,3],[-6,9],[9,7],[-6,17]],[[5413,12691],[6,12],[24,2],[10,-4],[12,0],[28,5]],[[5493,12706],[6,-11],[17,-16],[1,-14],[4,-8],[17,-12],[12,-6],[30,-5],[13,0],[7,-6],[10,-2],[18,4],[9,-1],[25,4],[13,0],[5,-5],[23,-7],[8,-5],[10,1],[6,-14],[7,1]],[[5734,12604],[6,12],[7,3],[22,-5]],[[5769,12614],[0,-7],[9,-8],[5,-10],[-5,-7],[15,-15],[3,-7],[18,-11],[1,-7],[-12,-9],[-8,3],[-8,-12],[-1,-7],[8,-4],[0,-9]],[[5794,12504],[5,-9],[-3,-8]],[[5910,12141],[13,-1],[21,-8],[13,-11],[9,-4],[39,4],[13,0],[13,-7],[30,1],[6,-5],[19,-7],[17,0],[22,4]],[[6125,12107],[9,-6],[4,-13],[14,-4]],[[6152,12084],[-27,-6],[-9,-9],[-3,-12],[-10,-3],[-4,-8],[-9,-3],[-6,-10],[2,-4],[-6,-16],[-15,-16],[-17,-4],[-22,-9],[-11,0],[-28,-13],[-20,-4],[-5,-4],[-20,-8],[-14,2],[-9,-4],[-13,-17],[-8,-3],[-2,-12],[3,-5],[-3,-9],[0,-13]],[[5896,11894],[-9,1],[-14,-6],[-7,-7],[-21,-4],[-11,-12],[-10,-6],[-18,-4],[-12,7],[-6,9],[-26,8],[-5,-4],[-16,11],[-4,6],[-26,-4],[-13,20],[6,5],[-5,9],[-20,5]],[[5679,11928],[-2,10],[9,19],[-3,12],[7,5],[3,10],[0,22],[-7,20],[3,20],[6,-2],[9,6],[4,8],[-2,6],[4,11],[6,6],[-1,10]],[[5715,12091],[12,10],[10,0],[15,-6],[13,-1],[13,6],[15,3],[8,10],[-12,10],[2,18],[19,10],[3,14],[-12,15]],[[5801,12180],[9,12],[13,1],[10,-7],[13,-5],[14,-2],[-5,-8],[11,-4],[0,-9],[13,-10],[3,-6],[12,2],[16,-3]],[[4806,13162],[21,-8],[11,-12],[21,-6],[5,-13],[18,-21],[3,-10],[6,-7],[3,-10],[-6,-3],[2,-8],[-10,-8],[4,-11],[17,-2],[29,-10]],[[4930,13033],[-2,-3],[7,-12]],[[4935,13018],[-4,-12],[3,-3],[-7,-15],[-1,-10],[-5,-9],[3,-7],[-4,-7],[0,-9],[-10,-10],[-4,-31],[-6,-1],[-8,-13],[-3,-11],[1,-14],[-5,-3]],[[4885,12863],[-31,2]],[[4854,12865],[-16,4],[-5,5],[-7,16],[-4,17],[-5,2],[-20,-4],[-4,11],[-11,6],[-9,-3],[-13,3],[-13,13],[-16,4],[1,7],[-37,11],[-5,8],[-8,4]],[[4682,12969],[-4,4],[8,16],[-5,7],[11,10],[-8,12],[-15,3],[-2,20],[4,5],[-26,11],[14,16],[12,0],[8,6],[26,2],[7,7],[9,1],[2,9],[9,9],[25,-1],[5,5],[16,2],[12,8],[7,9],[18,1],[-11,10],[-2,10],[4,11]],[[6615,12720],[-1,-10],[-17,-5],[-15,-2],[-19,-12],[-19,0],[-5,3],[-11,-4],[-11,-9],[3,-5],[-16,-3],[-17,0],[-2,-11],[-22,-4],[-14,-6],[-5,-6],[-24,2],[-11,-7],[1,-7],[-8,-13]],[[6402,12621],[-8,9],[-9,5],[-7,16],[-11,4],[-14,-9],[-1,-14],[-15,-8],[1,-5],[-7,-7],[-10,-1],[-9,4]],[[6312,12615],[3,16],[-1,7],[-7,7],[5,5],[15,-6],[10,11],[-3,18],[7,7],[-6,7],[3,6],[-6,5],[1,7],[8,7],[27,6],[-18,26],[5,8]],[[6355,12752],[14,-2],[12,-4],[16,-1],[13,-7],[13,-1],[25,-7],[20,6],[15,7],[9,1],[13,5],[13,8],[19,2]],[[6537,12759],[10,-3],[30,-27],[7,-8],[14,2],[17,-3]],[[5490,12257],[-10,-1],[-19,-12],[-19,-8]],[[5442,12236],[-10,2],[-9,-2],[-16,9],[-4,6],[-25,14],[-7,-5],[-22,1],[-8,-5],[-9,2]],[[5332,12258],[19,31],[11,10],[16,6],[2,8],[-2,19],[-14,9]],[[5364,12341],[15,6],[8,0],[17,10],[18,-10],[10,2],[10,12],[25,-1],[13,4]],[[5480,12364],[9,-12],[-1,-8],[3,-11],[-2,-9],[-10,-1],[-9,-10],[15,-6],[22,-30],[-9,-7],[-8,-13]],[[6735,13802],[-6,-5],[-4,-11],[7,-13]],[[6732,13773],[-1,-15],[3,-10],[8,-13],[19,1],[20,-4],[15,-12],[18,-16],[-1,-9],[11,-14],[6,-13],[0,-10],[12,-2],[-1,-7]],[[6841,13649],[-6,-9],[-1,-15],[14,-7],[9,-10],[-3,-12],[4,-8],[-2,-9],[6,-10],[-5,-7],[-8,-1],[-11,-18],[-9,-19],[-3,-11],[10,-14],[-3,-8],[9,-6],[7,1],[7,-14],[3,-25]],[[6859,13447],[-8,-4],[-1,-12],[-16,-13],[-2,-23],[-23,-1],[-8,-25],[-11,-4],[7,-11],[0,-13],[13,-4],[-2,-11],[-25,-15],[8,-11],[9,-6],[-3,-9],[4,-8],[-10,-7],[-1,-5],[-16,-6],[-16,-14],[-12,0],[-5,-7],[15,-11],[-1,-8],[-5,-13],[0,-11],[-7,-6],[-4,-8],[-11,-7],[-10,-1],[1,-18]],[[6719,13155],[-21,7],[-14,12],[-7,0],[-11,10],[-12,4],[1,6],[-20,13],[-13,2],[-18,13],[-9,9],[-21,4],[-18,15],[-7,9],[-16,-7],[-2,-7],[-8,-4],[2,-15],[-12,-14],[10,-8],[9,-11],[7,-20],[18,2],[2,-10],[-8,-4],[-17,-1],[-38,18],[-17,5],[-4,-2],[-37,11],[-5,6],[-10,-3],[-11,1]],[[6412,13196],[-9,5],[-11,-4],[-17,4],[-2,8],[-13,1],[-4,10],[-14,9],[-8,3],[-26,16],[-4,12],[-9,13]],[[6295,13273],[0,12],[6,9],[-4,20],[9,18],[6,3],[1,8]],[[6313,13343],[-2,4],[10,8],[10,1],[24,7],[7,17],[6,6],[29,8],[14,6],[42,15],[22,26],[-1,5],[13,8],[0,13],[11,15],[-1,13],[3,6],[-3,31],[16,11],[7,8],[8,3],[8,13],[4,23],[11,16],[-1,6],[9,13],[11,10],[11,5],[0,5],[8,13],[7,5],[6,12],[38,25],[15,8],[5,14],[12,8],[10,17],[17,9],[6,13],[-8,19],[-4,4],[2,9],[10,6],[24,-7],[6,2]],[[5217,11934],[17,-24],[-3,-11],[10,-11],[3,-11],[7,-6],[1,-9],[10,-10],[-1,-7]],[[5261,11845],[-6,-11],[-20,-7],[-1,-13],[-11,-4],[-38,8],[-4,3],[-25,2],[-10,-6],[2,-12],[-3,-6],[2,-22],[-5,-4],[0,-8],[8,-5],[7,-10],[-1,-14],[4,-8],[-3,-5],[4,-11],[-5,-18],[-16,-5],[-4,-17],[4,-12],[-10,-6],[-1,-6],[-10,-7],[-16,-4]],[[5103,11637],[-6,7],[-11,2],[-10,5],[-13,18],[-10,2],[-28,-1],[-10,-4],[-5,7],[-11,1],[-22,8],[-9,11],[0,11],[-17,4],[-5,10],[-2,13],[-10,9]],[[4934,11740],[4,16],[-8,16],[15,10],[-8,10],[2,15],[-9,9],[-18,6],[-3,5],[-19,14],[-14,3],[-16,9],[-20,6],[0,6],[-12,7]],[[4828,11872],[12,3],[5,8],[17,-5],[13,-8],[17,-1],[8,-8],[44,2],[12,7],[8,0],[3,7],[-10,9],[7,4],[46,13],[13,-7],[27,3],[6,-8],[11,-4],[5,7],[18,-2],[12,3],[10,12],[7,3],[21,2],[8,8],[-23,9],[-2,9],[4,10],[-5,12],[3,3]],[[5125,11963],[10,10],[2,6],[19,11]],[[5156,11990],[10,-27],[11,-3],[27,-14],[6,-9],[7,-3]],[[5476,12455],[3,-28],[-2,-6],[6,-6],[4,-14]],[[5487,12401],[-6,-3],[-4,-10],[9,-17],[-6,-7]],[[5364,12341],[0,13],[-6,14],[-19,13],[0,23],[-9,3],[2,14]],[[5332,12421],[18,12],[14,0]],[[5364,12433],[11,4],[10,10],[8,1],[14,-11],[12,2],[17,8],[9,12],[3,17],[0,10],[3,5]],[[6194,13370],[-2,-22],[-7,-8],[-12,-7],[-7,-12],[4,-8],[-5,-3],[4,-35],[-16,-2],[-2,-11],[-14,-8],[-4,6],[-11,3],[-4,-12],[1,-7]],[[6119,13244],[-5,-4],[-16,3],[-9,-14],[-12,-4],[-4,-6],[-18,-2],[-6,4],[-15,4],[-28,-12],[-15,-1],[-15,-8],[-1,-17],[-5,-1]],[[5970,13186],[-25,-2],[-28,4],[-20,7],[-6,5],[-23,-6],[-26,1],[-16,-10],[-24,-7],[-12,1],[-2,5]],[[5788,13184],[9,4],[-1,12],[-11,17],[2,12],[5,5],[14,5],[8,7],[8,21],[-5,12],[12,9],[10,4],[15,-3],[9,23],[6,1],[9,13],[8,-2],[15,1],[5,8],[19,11],[16,2],[10,-9],[24,2],[18,16],[11,0],[3,6],[2,13],[9,2],[11,-3],[6,6],[-2,6],[18,6]],[[6051,13391],[15,8],[17,3],[2,6],[11,7],[21,-2],[10,2],[15,7],[9,-1],[7,-13],[14,-6],[7,0],[14,-16],[1,-16]],[[6313,13343],[-14,7],[-7,10],[-14,2],[-13,-2],[-16,4],[-7,6],[-18,6]],[[6224,13376],[5,12],[-5,31],[0,16],[-7,9],[6,9],[-8,10],[1,8],[9,7],[7,12],[-9,11],[-24,-4],[-8,1],[-6,8],[-11,8],[-5,22],[0,11],[4,6],[3,20],[-10,22],[-24,13],[-24,5],[-10,5],[-4,10],[-19,11],[-10,9],[-2,20],[-4,4],[4,27],[-2,13]],[[6071,13712],[12,11],[13,6]],[[6096,13729],[10,3]],[[6106,13732],[11,18],[23,2],[18,-9],[20,15],[15,-1],[18,4],[11,5],[15,0],[11,-8],[31,23],[2,10],[-4,7],[8,13],[-2,14],[9,13],[14,5],[4,14],[11,7],[2,8],[-5,4],[3,7]],[[6321,13883],[5,15],[15,12],[16,-3],[43,4],[8,14],[19,1],[11,4],[14,2],[19,7],[20,19],[26,7],[13,0],[19,-4],[-6,-14],[11,-11],[14,-10],[19,-5],[14,-2],[2,10]],[[6603,13929],[14,-7],[14,4],[26,12],[11,9],[10,14],[8,-3],[1,-7],[26,0],[9,16],[17,18],[1,11],[12,-9],[2,-6],[-5,-7],[6,-11],[7,-18],[7,-2],[4,-16],[-5,-15],[-9,-5],[-3,-8],[-11,-10],[6,-9],[10,0],[7,-11],[0,-17],[-20,-18],[4,-14],[-3,-11],[-14,-7]],[[4935,13018],[17,-2],[9,-5],[19,-2],[11,2],[10,-6],[15,-1],[6,-5],[28,1],[13,4],[6,17],[8,3],[2,11],[9,6],[19,-5],[13,-23],[6,-6],[9,3],[11,22]],[[5146,13032],[16,4],[1,5],[21,10],[7,16],[13,9],[19,-2]],[[5223,13074],[-6,-15],[1,-8],[6,-7],[-1,-7],[17,-10]],[[5240,13027],[11,-10],[3,-18],[7,-8],[1,-9],[8,-3],[-1,-10],[10,-7],[0,-12],[3,-14],[-3,-10],[1,-8],[-5,-15]],[[5275,12903],[-8,-28],[-19,0],[-5,-4],[1,-23],[-6,-5],[3,-13],[-7,-9],[6,-15],[-4,-10],[2,-8],[9,-6],[1,-19],[-3,-13]],[[5245,12750],[-4,-6],[-13,-3],[-2,-7]],[[5226,12734],[-11,5],[-20,-4],[-4,9],[-21,6],[-22,-1],[-13,3],[-7,-5],[-17,-3],[-6,-11]],[[5105,12733],[-22,12],[-3,7],[-26,7],[-10,4],[-1,20],[4,7],[-5,17],[-22,3],[-15,6],[-3,10],[-1,20],[-13,-4],[-12,0],[-13,9],[-23,4],[-15,-9],[-17,3],[-11,-3],[-12,5],[0,12]],[[5226,12734],[-12,-7],[-8,-9],[1,-14],[-12,-5],[1,-14],[7,-4],[-10,-11],[0,-7],[-7,-4],[-1,-8],[7,-2],[17,-12],[-6,-8],[-3,-16],[7,-8],[9,-2],[6,-6],[-9,-5],[-6,-12],[7,-11],[-6,-11],[-17,-1]],[[5191,12557],[-5,-3]],[[5186,12554],[-17,6],[-10,-2],[-6,-6],[-23,-7],[-23,-2],[-3,-6],[-11,-7],[-2,-8],[-17,-4],[-16,0],[-12,7],[-18,8],[-16,5],[-7,9],[-16,-4],[-7,1],[2,9],[-32,24],[2,5],[-12,18]],[[4942,12600],[13,20],[-3,7],[10,10],[4,14],[2,21]],[[4968,12672],[20,3],[10,-2],[20,9],[14,-2],[11,-7],[17,4],[10,6],[6,13],[19,12],[-1,9],[4,12],[7,4]],[[4272,14664],[-4,-8],[-5,-22],[0,-27],[2,-6],[-12,-5],[6,-29],[-5,-9],[2,-9],[-7,-5],[-12,2],[-9,-5],[-12,-14],[-7,-17],[-21,-5],[-3,-6]],[[4185,14499],[-6,2],[-20,12],[-7,0],[-10,-9],[-21,3],[-19,6],[2,-23],[-10,-12],[-2,-9],[6,-10],[-14,-23],[-6,-5],[-1,-14],[-10,-4],[-15,-10],[3,-3],[-10,-19],[-17,-2],[-14,7],[-19,2],[-14,5],[-8,7],[-6,-4],[-37,4],[-4,10],[-11,9],[-21,-5],[-9,2],[-15,-15],[-18,7],[-24,7],[-22,15],[-11,0],[-7,10],[1,6],[-6,8],[-4,10],[-14,2],[-7,13],[-12,12],[-19,11],[-3,5],[-14,4]],[[3710,14511],[1,11],[7,7],[2,11],[12,0],[5,6],[-5,9],[19,1],[11,-3],[55,13],[13,7],[6,-5],[29,-15],[17,3],[3,4],[13,4],[13,-3],[12,7],[10,0],[9,13],[10,-3],[13,12],[7,2],[13,-9],[12,4],[2,8],[11,4],[19,2],[13,-3],[17,12],[13,2],[178,131]],[[4250,14743],[2,-15],[-10,-6],[4,-17],[-3,-7],[11,-8],[-8,-13],[15,-5],[11,-8]],[[4530,15367],[-18,-4],[-18,-1],[-11,8],[-7,-5],[1,-8],[-15,-20],[-21,-6],[0,-4],[-19,-20],[3,-21],[11,-2],[6,-6],[-17,-10],[7,-5],[-3,-14],[6,-14],[-7,-1],[-2,-10],[-14,-15],[-4,-18],[-16,-5],[-20,4],[-11,10],[-13,4],[-7,-6],[-19,0],[-10,2],[-17,-1],[-9,11]],[[4286,15210],[14,9],[-17,7],[-13,-15],[-19,-11],[-15,-6]],[[4236,15194],[-27,5],[-8,-9],[-9,-3],[-13,-8],[-13,-2],[-6,7],[3,11],[-12,5],[-7,10],[8,18],[-6,5],[8,5],[5,11],[-16,5],[-8,6],[-15,5],[4,6],[-12,6],[1,4],[-29,17],[-9,7],[-10,12],[-17,6],[-14,2],[-4,8],[-13,7],[0,11],[-7,1],[4,17],[-1,4],[6,15]],[[4019,15388],[16,-10],[16,0],[5,10],[14,5],[17,17],[8,2],[12,12],[-3,5],[10,4],[9,11],[19,5],[-2,13],[10,7],[-8,13],[10,4],[4,-10],[11,-11],[13,5],[10,8],[17,3],[5,10],[1,13],[7,8],[9,4],[13,11],[2,8],[-13,6],[-9,-2],[-25,4],[-13,4],[-5,14],[-7,7],[-18,7],[10,7],[3,13],[6,2],[3,11],[-4,8],[-10,3],[1,7],[-14,10]],[[4149,15636],[10,9],[64,24],[21,9],[15,10],[9,14]],[[4268,15702],[54,-95],[-14,-13],[-17,-5],[-13,-12],[-12,-8],[-7,-9],[5,-7],[12,-4],[15,0],[53,-30],[0,-8],[7,-6]],[[4351,15505],[3,-8],[10,-12],[0,-12],[7,-8],[3,-11],[0,-11],[7,-18],[8,-2],[20,13],[16,5],[25,-5],[13,1],[15,-5],[6,-5],[27,-6],[-4,-20],[6,-6],[13,-1],[10,-6]],[[4536,15388],[-5,-11],[-1,-10]],[[6790,11954],[-1,-1]],[[6789,11953],[-9,-7],[-19,-1],[-4,-2],[-24,-1],[-4,-2],[-20,0],[-16,-9],[-12,-2],[-9,-6],[-15,-1],[-16,-5],[-16,3],[-20,-3],[-1,-12],[-11,-4],[-3,-10],[-11,-13],[-12,-5],[-21,-5],[-6,-6],[-13,-2],[-14,-8],[-6,5],[-19,1],[-9,-4]],[[6479,11854],[-13,3],[-20,9],[-6,0],[-26,-13],[-24,6],[-10,0],[-10,-7],[-3,-8],[-21,2],[-11,-3],[-6,-8],[-14,4],[-16,-4],[-3,5],[-21,9],[-10,-1],[-16,9],[-11,1],[-20,11],[-12,1]],[[6206,11870],[86,39],[-13,6],[-10,0],[-8,-11],[-12,1],[-15,8],[-8,8],[-22,9],[-9,7],[22,3],[21,-3],[17,3],[35,1],[32,6],[15,7],[11,-3],[13,5],[11,15],[30,-1],[9,-2],[20,2],[6,-9],[28,-7],[11,2],[18,-2],[6,2],[19,-7],[15,2],[20,-4],[31,-1],[7,5],[16,-4],[15,-10],[11,-2],[23,7],[10,6],[16,4],[3,12],[19,-3],[11,5],[5,-4],[18,5],[20,-2],[4,-9],[11,4],[16,-6]],[[5332,12421],[-40,-16],[-9,-7],[-12,-15],[-20,-1],[-8,2],[-13,-6],[-10,2],[-15,-3],[-18,1]],[[5187,12378],[0,19],[15,15],[2,7],[-3,12],[5,2],[-1,14],[4,11]],[[5209,12458],[-1,10],[-7,5],[-6,17],[10,19],[0,12],[-8,5],[-12,1],[-5,16],[6,11]],[[5191,12557],[16,-15],[17,-5],[4,-5],[22,-4]],[[5250,12528],[12,-10],[5,-10],[11,-6],[12,-2],[13,-12],[5,-9],[8,-3],[12,1],[12,-4],[18,3],[12,-3],[4,-10],[-12,-18],[2,-12]],[[6160,12867],[24,-1],[9,-9],[25,-4],[5,-7],[11,-3],[-3,-10],[-13,-1],[-8,-5],[4,-7],[-9,-3],[-2,-11],[-8,-11]],[[6195,12795],[1,-10],[-13,-7],[-15,-4],[-13,-8],[-15,-1],[0,-7],[-21,-12],[-1,-5],[-23,1],[-12,-7],[6,-7]],[[6089,12728],[-11,0],[-11,-6],[-4,6],[-8,1],[-13,8],[-8,-4],[-10,2],[-38,-19],[-14,-11],[-10,2],[-8,-5],[-25,-6]],[[5929,12696],[-4,21],[-11,16],[-10,-1],[-2,7],[-12,11],[-15,9],[-2,7],[-10,4],[-8,10]],[[5855,12780],[13,1],[16,5],[21,2],[19,-1],[18,1],[10,5],[0,12],[22,2],[14,8],[0,7],[8,8],[5,13],[32,15],[17,0],[11,7],[1,8],[33,-8],[23,0],[14,-19],[23,2],[-1,6],[6,13]],[[5666,12892],[-23,-6],[-7,-4],[0,-8],[-21,-13],[-7,0],[-10,9],[-9,-4],[-13,-2],[-10,-5],[-14,2],[-20,-10]],[[5532,12851],[-9,9]],[[5523,12860],[6,6],[-4,7],[5,7],[-10,10],[-4,14],[-7,2],[-14,12],[-6,-1],[-2,19],[-8,8],[-14,3],[-8,4],[-9,11],[6,13],[-3,11],[-19,17],[-7,0],[-5,10],[-7,7]],[[5413,13020],[-3,19]],[[5410,13039],[9,19],[0,15],[-4,26],[4,16],[-7,23],[1,13],[-7,11],[-6,20],[-1,15],[3,2],[-4,16]],[[5398,13215],[48,-41],[4,-5],[28,-7],[2,-12],[16,11],[-2,16],[6,5],[12,-1],[10,16],[10,0],[17,15],[9,-2],[4,-10]],[[5562,13200],[2,-8],[17,-4],[10,-13],[9,-2],[8,-10],[1,-8],[-10,-7],[-1,-16],[5,-8],[-6,-11],[-7,-5],[-1,-9],[8,0],[9,-17],[-1,-7],[10,-6],[15,-2]],[[5630,13067],[-7,-7],[-15,-1],[-14,3],[-9,-4],[-19,1],[-3,-5],[-11,6],[-28,-17],[-7,-1],[-13,-20],[4,-4],[22,-1],[14,-14],[-2,-5],[15,-10],[13,-4],[11,-14],[14,-6],[-2,-20],[11,-7],[11,-4],[5,-6],[-2,-12],[20,-9],[9,2],[13,-8],[6,-8]],[[5493,12706],[7,6],[5,22],[-1,10]],[[5504,12744],[55,-26],[10,-1],[9,11],[2,16],[7,8],[16,4],[17,21],[15,-9],[17,-5],[7,1],[5,-7],[0,-16],[17,-23],[14,5],[22,1]],[[5717,12724],[-2,-6],[13,-10],[3,-6],[15,-11],[-9,-23],[-6,-4],[-16,-2],[-4,-6],[7,-16],[6,-8],[2,-11],[8,-17]],[[4828,11872],[-22,13]],[[4806,11885],[11,19],[0,4],[15,11],[1,5],[12,7],[-6,12],[-7,7],[13,10],[3,9],[-7,6]],[[4841,11975],[22,6],[8,-2],[12,-10],[33,-6],[6,5],[15,6],[10,7],[17,4],[19,9],[12,11],[27,12]],[[5022,12017],[2,-7],[15,-5],[2,-12],[19,-17],[16,-4],[8,-9],[13,5],[4,9],[15,-12],[9,-2]],[[5209,12458],[-8,3],[-32,-6],[-16,4],[-32,3],[-1,-5],[-14,-10],[-4,-13],[-8,-8],[-12,-6],[1,-9],[-5,-6],[-14,1],[-11,-9],[-15,6],[-14,-3],[-3,-8],[-18,-9],[0,-10],[-13,-16],[-23,-1],[-13,-4]],[[4954,12352],[-15,13],[1,12],[-11,16],[5,11],[-8,2],[-8,20],[4,11],[-4,6],[3,19],[-25,10],[3,8],[-8,9],[-8,5],[10,17],[-7,7],[1,7],[-16,6],[-2,14],[4,4],[-6,15],[3,7],[21,2],[14,3],[9,11],[28,13]],[[4841,11975],[-14,-3],[-11,10],[8,4],[7,10],[-21,12],[-3,6],[8,5],[0,19],[-10,8],[-20,10],[1,22],[10,14],[9,6],[8,12],[0,5],[14,9],[21,-2],[8,11],[-2,9],[2,11],[-7,16],[11,7]],[[4860,12176],[10,-3],[14,0],[11,-6],[3,-7],[12,0],[8,-13],[11,-4],[8,8],[25,2],[30,-14],[16,4],[7,6],[8,1],[8,7],[14,-2],[-2,-15],[6,-29],[4,-7],[19,-11],[18,1]],[[5090,12094],[-2,-18],[11,2],[1,-10]],[[5100,12068],[11,-10],[-8,-7],[0,-16],[-9,1],[-26,-2],[-10,-3],[-11,0],[-21,-8],[-4,-6]],[[5818,13516],[-20,-2],[-9,3],[-16,-5],[6,-10],[-7,-18],[-8,-11],[-1,-9],[-9,-6],[-14,1],[-10,-3],[-18,-10],[-8,6],[-22,-7],[4,14],[-14,6],[3,12],[-19,6],[-13,3],[-9,-4],[-17,21],[-2,25],[-9,7],[-14,-11],[-32,-15],[-6,-9],[-16,-6],[-29,-4]],[[5509,13490],[-8,5],[-1,7],[-8,6],[-4,9],[2,6],[-12,4],[-8,6],[0,9],[-8,8],[0,8]],[[5462,13558],[21,10],[14,23],[8,29],[11,5],[27,-1],[8,3],[4,8],[31,14],[13,22],[13,8],[15,3],[19,7],[9,6],[25,5],[24,0],[16,5],[20,20],[17,8],[21,-3],[26,-6],[8,3],[25,15],[5,5],[20,9]],[[5862,13756],[9,2],[3,-8],[-7,-8],[-25,-16],[-13,-9],[-7,-12],[4,-20],[-2,-13],[-9,-4],[-4,-8],[-2,-11],[-7,-13],[-9,-9],[-6,-1],[-12,-10],[-5,-11],[-1,-17],[9,-8],[4,-13],[-1,-11],[4,-26],[11,-7],[10,0],[12,-7]],[[5146,13032],[-1,7],[-11,18],[-4,13],[-9,-2],[-26,4],[-11,11],[-3,8],[-8,4],[-8,-2],[-12,8],[-7,10],[-19,4],[-7,4],[-5,9]],[[5015,13128],[-9,5],[-11,28],[-19,10],[-2,9],[6,10],[-4,18],[3,6],[-7,8],[9,22],[23,6],[17,18],[-8,16],[-10,9],[1,29],[-3,16],[3,9],[-3,8],[13,5],[3,12],[10,11],[-8,14],[5,19]],[[5024,13416],[12,4],[13,-8],[15,4],[4,-5],[16,3],[5,11],[16,-1],[-2,-11],[-4,-7],[2,-17],[7,-11],[3,-8],[9,-8],[14,-4],[17,1],[5,-15],[7,-7],[-5,-6],[6,-8],[20,-12],[19,-8]],[[5203,13303],[5,-11],[0,-12],[-22,-16],[-14,-8],[-3,-11],[9,-11],[8,-5],[-4,-9],[-14,-8],[-8,-14]],[[5160,13198],[17,-14],[4,-14],[20,-18],[-19,-12],[-8,-2],[4,-18],[9,-10],[12,1],[14,-18],[10,-19]],[[6321,13883],[-17,-5],[-1,9],[-11,-1],[-3,9],[3,6],[-15,12],[-4,10],[-24,5],[-10,7],[9,9],[2,30],[-10,8],[-6,10],[-9,-2],[-9,5],[-13,1],[-20,8],[-9,21],[-8,6],[2,14],[8,4],[-7,5],[-2,23],[-11,3],[-1,6],[-11,4],[-2,7],[-95,2],[-6,15],[-18,9],[-15,15],[1,5],[-9,12],[-9,1],[0,41],[-13,4],[3,5],[-13,11],[-6,12],[-10,-2],[-19,6],[-14,-3],[-9,4],[-16,-16],[-16,3],[-7,-5],[0,43],[-7,5],[-1,8],[-5,9],[-4,18],[10,12],[-4,9],[2,11],[-8,10],[-3,9],[-7,2],[-18,-8],[-24,2],[-7,-7]],[[5795,14339],[8,12],[3,11],[-2,12],[9,14],[21,10],[8,7],[5,14],[-3,7],[-18,12],[-1,8],[14,10]],[[5839,14456],[20,-5],[19,-11],[11,-3],[15,7],[5,18],[11,1],[7,4],[-4,12],[5,5],[22,7],[24,0],[19,6],[17,1],[13,7],[5,8],[-1,13],[5,10],[9,7],[0,17],[8,6]],[[6049,14566],[5,-8],[1,-17],[7,-2],[13,3],[19,9],[6,-10],[10,-3],[0,-13],[52,-6],[9,4],[-2,9],[-6,6],[14,6],[-4,7],[19,7],[16,11],[5,9],[-1,10],[6,11],[21,-10],[12,6],[-5,5],[12,4],[7,-9],[30,-11],[6,-17],[12,-10],[-3,-15],[3,-8],[10,-11],[-7,-14],[-14,-14],[7,-4],[-7,-11],[-12,-3],[10,-13],[14,-10],[-5,-9],[-2,-13],[15,-16],[19,-8],[10,0],[5,13],[16,-7],[4,4],[20,-1],[5,2],[7,-20],[19,0],[0,-4],[19,0],[15,-4],[19,-9],[17,3],[19,-7],[21,3],[8,-22],[-7,-7],[7,-14],[-9,-4],[-4,-18],[12,-5],[4,-9],[-3,-5],[1,-19],[-10,-6],[-10,-12],[7,-10],[-10,-4],[10,-10],[-6,-12],[7,-8],[-10,-14],[-1,-14],[17,-15],[17,-11],[3,-9]],[[6560,14153],[-5,-5],[-14,-4],[-17,1],[-8,-7],[2,-8],[-14,-4],[-14,2],[-5,-15],[3,-14],[-11,-1],[-1,-12],[-13,-4],[-2,-7],[-19,0],[-5,-5],[-10,6],[1,5],[-19,19],[-12,3],[-10,7],[-6,-6],[90,-62],[22,-13],[12,-3],[18,8],[11,11],[9,-2],[31,-77],[7,0],[21,-17],[1,-20]],[[4968,12672],[-11,8],[-16,4],[-8,7],[0,7],[-12,-2],[-15,6],[-11,7],[-17,2],[-1,13],[7,4],[2,11],[-1,13],[-4,5],[1,10],[-5,13],[-25,15],[-2,6],[-8,5],[-5,-5],[-14,0],[-13,18],[-1,10],[14,9],[26,19],[5,8]],[[5487,12401],[9,1],[6,-10],[10,-3],[12,0],[13,4],[12,-2],[9,-6],[39,13]],[[5597,12398],[25,-5]],[[5622,12393],[24,-7],[9,-7]],[[5655,12379],[-14,-10],[-8,-8],[-7,-17],[11,-11],[-1,-12],[12,-10],[5,-25],[-15,-6],[-19,-14]],[[5619,12266],[-7,1],[-9,-5],[-3,-15],[-5,-7],[-11,-8]],[[5584,12232],[-1,5],[-19,6],[-11,11],[-16,-1],[-20,-7],[-19,11],[-8,0]],[[6051,13391],[-25,2],[-20,-1],[-8,12],[7,24],[-2,4],[9,12],[13,5],[2,11],[-3,9],[0,13],[10,15],[-3,4],[2,18],[7,18],[-2,7],[13,10],[-1,14],[2,13],[5,7],[-4,12],[-7,9],[0,16],[5,2],[1,15],[-5,15],[7,19],[8,2],[9,19],[0,15]],[[6224,13376],[-5,-4],[-11,3],[-14,-5]],[[4806,13162],[8,3],[-9,22],[2,9],[-18,18],[-11,5],[1,10],[-13,3],[-16,11],[-10,12],[3,4],[-7,10],[6,8],[7,2]],[[4749,13279],[5,3],[27,-2],[15,15],[-9,9],[-5,24],[9,7],[19,1],[12,6],[13,3],[12,-3],[11,4],[20,14],[13,1],[11,8],[18,4],[8,7],[20,-5],[22,7],[5,6],[14,32],[17,14]],[[5006,13434],[5,-8],[13,-10]],[[5015,13128],[-11,-14],[-9,-5],[-5,-13],[-21,-10],[-11,-20],[-9,-7],[7,-12],[-4,-9],[-22,-5]],[[7058,12733],[9,1],[20,-8],[1,-16],[6,-11],[22,-3],[6,-8],[-6,-15],[10,-6],[2,-7],[14,-5],[11,-7],[18,5],[17,-5],[15,-9],[10,-9],[-12,-7],[0,-16],[-5,-6],[1,-13]],[[7197,12588],[-2,-26],[-3,-26],[-14,3],[-24,25],[-5,9],[-11,7],[-23,25],[-14,5],[-7,-2],[-22,-46],[0,-5],[-8,-11]],[[7064,12546],[-9,3],[-23,1],[-14,-4],[-9,1],[-11,14],[-3,14],[-12,-1],[-9,4],[-6,14],[-7,10],[2,5],[-11,18],[-20,9]],[[6932,12634],[6,3],[-7,14],[6,4],[-3,8],[18,16],[-9,11],[7,8],[-2,5],[-26,-7],[-11,4],[-16,-3],[28,53],[-15,-6],[-19,-4],[-17,7],[2,12],[-6,3],[-8,16],[7,11],[20,6],[16,17]],[[6903,12812],[10,-9],[8,4],[14,-3],[8,-15],[12,-17],[17,-1],[19,-9],[1,-9],[22,0],[12,-4],[1,-10],[6,-8],[8,-2],[17,4]],[[5639,11786],[-1,-17],[8,-12],[1,-8],[-3,-12],[2,-18],[7,-7]],[[5653,11712],[4,-25],[-15,-9]],[[5642,11678],[-6,4],[-23,-1],[-16,9],[-18,8],[-18,-8],[-12,1],[-9,4]],[[5540,11695],[-21,0],[-5,-5],[-24,5],[-12,-4],[-10,-7],[-9,-2],[-6,10],[-13,5],[-5,7]],[[5435,11704],[-17,13]],[[5418,11717],[21,2],[5,-1],[12,16],[6,16],[9,2],[10,25]],[[5481,11777],[6,-1],[1,-11],[6,-9],[27,-11],[15,3],[27,10],[14,0],[3,5],[44,24],[15,-1]],[[4185,14499],[1,-15],[-2,-10],[-14,-12],[-13,-22],[4,-9],[-8,-12],[1,-12],[4,-20],[-5,-22],[-7,-1],[-14,-9],[1,-9],[8,-14],[0,-13]],[[4141,14319],[-31,9],[-9,6],[-17,-1],[-14,3],[-10,-5],[-17,3],[-22,-2],[-8,-6],[-16,5],[-30,0],[-25,8],[-13,-3],[-27,-22],[-11,3],[-12,-6],[-5,4],[-41,13],[-10,-6],[-15,3],[-14,-7],[-19,6],[-22,4],[-12,13],[-11,6],[-26,3],[-15,-1],[-31,8],[-25,9],[-13,8],[-3,7]],[[3617,14381],[-13,14],[3,11],[-7,9],[-1,16],[-4,13],[7,12],[-2,8],[7,2],[5,7],[7,-3],[8,9],[-7,4],[6,15],[8,-2],[14,5],[18,14],[27,-9],[13,1],[4,4]],[[6125,12107],[4,5],[-6,18],[-8,8],[2,11],[-8,8],[6,18],[7,3],[-4,8],[-2,14],[-5,10],[-8,-1],[-3,-7],[-27,-4],[-6,7],[-15,26],[-17,20],[-9,12],[17,9],[-6,7],[-7,21],[-30,-4]],[[6000,12296],[-11,7],[-11,13],[2,8],[-23,3]],[[5957,12327],[4,17],[7,13],[-3,9],[-8,6],[-7,13],[15,14],[15,3],[12,-2],[18,5],[0,13],[5,13]],[[6015,12431],[8,-2],[6,-25],[23,-5],[16,-8],[19,1],[-4,17],[5,9],[-1,13]],[[6087,12431],[8,-3],[7,-12],[-5,-15],[19,-17],[4,-14],[-11,-5],[-3,-6],[16,-6],[11,-10],[-3,-4],[14,-5],[7,-8]],[[6151,12326],[6,-2],[16,0],[5,-6],[10,1],[6,7],[24,-5],[8,-8],[3,-12],[-3,-8],[4,-5],[12,-7],[-2,-4],[8,-8],[16,-5],[16,-8],[14,-12],[-6,-16],[6,-5],[-2,-6],[7,-6],[-11,-8],[12,-6],[12,-17],[18,-9],[10,-7],[-7,-12],[5,-8],[-9,-28],[-11,-10]],[[6318,12106],[-29,-7],[-41,3],[1,-11],[-7,-7],[-12,-5],[-19,-4],[-1,-9],[-8,-7],[0,-7],[-15,-15],[-13,0],[-18,-5],[-4,2],[6,12],[-8,8],[-1,6],[6,4],[-3,20]],[[6119,13244],[8,-2],[2,-16],[13,-4],[11,-7],[13,5],[11,-3],[9,1],[29,-9]],[[6215,13209],[-5,-7],[-42,-13],[9,-7],[-2,-6],[8,-7],[-4,-12],[-11,-3],[4,-14],[-4,-7],[-8,-3],[5,-10],[-2,-6],[5,-15],[-9,-8],[-2,-10],[-18,-6],[-10,0],[-9,-5]],[[6120,13070],[-23,8],[-2,11],[-13,5],[-12,1],[-11,5],[-8,11],[-22,9],[-14,12],[-20,-1],[-1,7],[6,7],[-5,11],[-7,1],[-10,11],[-12,4],[4,14]],[[6049,14566],[1,14],[-12,2],[1,11]],[[6039,14593],[19,-5],[6,5],[11,-4],[9,3],[13,13],[16,2],[8,17],[13,8],[8,14],[9,-1],[5,10],[22,1],[15,10],[10,27],[-11,2],[-7,6],[2,6],[27,12],[6,12],[11,3],[19,-11],[20,-1],[5,-10],[12,-4],[11,7],[18,3]],[[6316,14718],[15,4],[7,-6],[23,1],[14,2],[2,-11],[6,-4],[10,1],[10,8],[24,9],[6,6],[3,11],[8,-1],[3,-7],[11,-1],[1,-10],[20,-3],[22,-4],[12,-7],[9,9],[25,4],[13,7],[11,14],[17,5],[21,0],[18,6],[21,12],[18,-13],[17,0],[4,-3],[24,-3],[10,17],[14,13]],[[6735,14774],[1,-82],[-1,-7],[-19,2],[-8,-2],[-8,5],[-26,-51],[16,1],[13,-8],[7,-11],[3,-11],[16,-2],[-1,-4],[16,-25],[19,-5],[3,-9],[-6,-10],[-33,-15],[-13,-5],[-8,-16],[-6,-5],[1,-9],[-19,-15],[6,-8],[7,-5],[18,-2],[5,-16],[8,-7],[-4,-9],[2,-9],[-6,-7],[165,-50],[12,4],[9,12],[8,3]],[[6912,14396],[4,-9],[10,-14],[15,-33],[9,-10],[0,-5]],[[6950,14325],[-13,-13],[-2,-10],[3,-11],[-14,-7],[-7,-8],[-34,-1],[-20,-8],[-1,-6],[-9,-3],[-19,6],[-1,6],[-17,12],[-18,0],[-3,7],[-16,-11],[-5,-6],[-18,3],[-3,-6],[3,-7],[-11,-9],[-11,-1],[-1,-6],[10,-4],[-10,-8],[-16,-7],[-2,-11],[-10,2],[-12,-17],[-25,-4],[-17,-1],[-14,5],[-5,-9],[5,-7],[-11,-3],[-15,1],[-3,-17],[-11,-7],[-7,3],[-3,-12],[-9,2],[-9,-4],[-9,5]],[[4141,14319],[5,-9],[-2,-10],[6,-17],[-4,-8],[-4,-24],[-8,-12],[5,-15],[-17,-16],[-3,-11],[-9,-2],[-3,-7],[6,-10],[-11,-18],[7,-5],[14,-32]],[[4123,14123],[-4,-6],[-24,-4],[-14,0],[-6,-11],[-13,-9],[-15,2],[-18,-3],[-8,-14],[-8,-7],[0,-5],[-14,-14],[4,-13],[-11,-2],[-11,-6],[-9,-10],[-11,-8],[-16,-3],[-11,-7],[-10,4],[-9,0],[-5,7],[-21,4]],[[3889,14018],[-6,8],[3,14],[-12,7],[-8,13],[-2,10],[-8,3],[-2,8],[-16,6],[-4,5],[-10,2],[-15,7],[-9,16],[-13,11],[-12,17],[0,23],[-11,5],[-19,0],[-22,10],[-13,-3],[-7,4],[-15,0],[1,17],[-21,6],[-13,3],[-1,7],[-16,10],[12,5],[-3,12],[-30,14],[-9,-2],[-4,7],[2,6],[-8,11],[8,4],[7,21],[7,0],[-6,14],[-12,7],[4,5],[-4,15],[5,19],[-5,8],[5,6],[10,2]],[[6536,12903],[-12,-4],[-14,3],[-11,-4],[-13,2],[-7,-28],[-18,-5],[-7,3],[-14,13],[2,10],[-5,10],[-20,-1],[-16,-3],[-23,15],[-10,1]],[[6368,12915],[14,7],[8,14],[17,5],[8,-3],[9,3],[14,0],[4,5],[-2,11],[18,2],[10,-5],[15,1],[7,-5],[8,3],[2,-13],[6,-5],[33,-23],[-3,-9]],[[6151,12326],[12,20],[-7,13],[17,16],[25,7],[8,10],[10,2],[-1,10],[12,0],[5,-10],[14,-10],[17,3],[14,-1],[1,-7],[13,-2],[15,4],[12,-1]],[[6318,12380],[10,-16],[8,-7],[-3,-10],[3,-11],[14,0],[17,-16],[29,-11],[16,0],[12,-13],[15,-5],[5,-7],[9,-1]],[[6453,12283],[12,-8],[-1,-5],[16,-13]],[[6480,12257],[-54,-6],[2,-5],[-4,-13],[-7,-3],[-14,0],[-7,-12],[7,-17],[8,-7],[0,-10],[34,-9],[5,-3],[5,-17],[12,-2],[18,6],[7,-2],[10,5]],[[6502,12162],[-9,-9],[-6,-2],[-1,-8],[-14,-13],[-14,-3],[-15,0],[-17,4],[-14,-12],[-12,2],[-14,-3],[-17,-1],[-12,-12],[-2,-7],[-12,-1],[-7,-4],[-16,-1],[5,10],[-7,4]],[[6312,12615],[-7,-10],[-12,-5]],[[6293,12600],[-19,0],[-12,5],[-6,13],[-11,5],[-11,9],[-7,14],[-21,1],[-11,-2]],[[6195,12645],[-7,11],[-19,1],[-4,4],[2,9],[-3,9],[-9,-1],[-8,-7],[-17,2],[-20,10],[-20,21],[3,19],[-4,5]],[[6195,12795],[8,-1],[39,7],[6,-4],[20,0],[5,-9],[15,-2],[19,-25],[25,-1],[7,-4],[16,-4]],[[5187,12378],[-1,-16],[-9,-16],[1,-9],[-8,-10],[4,-17],[22,-14],[5,-13],[9,-14]],[[5210,12269],[9,-5],[6,-10],[-4,-18],[-14,-21],[-10,-9]],[[5197,12206],[-20,-3],[-9,-5],[-29,6],[-5,3],[-16,0],[-23,18],[-15,-6],[-9,0],[-23,8],[-7,7],[-3,18],[10,5],[-4,27],[6,10],[-3,13],[-4,4],[-32,1],[-13,8],[-11,-4],[-9,5],[-18,15],[-9,6]],[[4951,12342],[3,10]],[[5717,12724],[14,6],[0,10],[10,3],[14,13],[15,0],[11,8],[9,10]],[[5790,12774],[-5,-10],[5,-21],[-2,-5],[3,-11],[11,-13],[-7,-8],[10,-22],[10,-8],[15,-7],[7,-8],[14,-1]],[[5851,12660],[-1,-5],[-12,-7],[-7,-1],[-6,-6],[-15,-2],[-14,2],[1,-11],[-10,-4],[3,-12],[-21,0]],[[4590,13637],[4,-5],[13,-3],[8,-6],[19,2],[18,-7],[7,-5],[17,-1],[15,-3],[26,11],[5,12],[12,1],[27,-13],[20,2],[4,4],[8,18],[8,5],[24,3],[22,10],[11,1],[8,-4],[14,-2],[8,-8],[14,-5],[14,3],[11,-1],[20,-17],[15,2],[12,-16],[11,2],[8,-5],[10,2]],[[5003,13614],[-5,-6],[3,-11],[-3,-21],[7,-5],[3,-11],[-8,-14],[0,-18],[-3,-14],[-4,-5],[2,-30],[-8,-17],[-9,-4]],[[4978,13458],[-30,-1],[-11,-10],[-8,-19],[-7,-10],[-19,-6],[-8,-10],[-11,-3],[-13,-8],[-13,-3],[-16,5],[-16,-8],[-14,7],[-36,15],[-18,0],[-12,3],[-5,8],[-35,6],[-10,5],[-17,-8],[-11,-13],[-39,-1],[-31,1],[-35,4],[-10,-16],[2,-11],[12,-16],[12,-8]],[[4579,13361],[-32,-14],[-15,1],[-23,5],[-14,-11],[-22,-5],[-7,-20],[-9,-12],[4,-6],[2,-17],[-8,-9],[14,-1],[17,-11],[-7,-4],[-1,-8],[13,-12],[5,-9],[-1,-6],[-26,-13],[-13,-16],[-21,-2],[-4,-4],[-25,13],[2,9],[-7,7],[-24,8],[-17,-1],[-12,2],[-6,8],[-33,20],[-11,2],[-11,10],[-10,12],[-13,2],[-4,5],[-12,1],[-7,-9],[-10,-5],[-4,-13],[4,-8],[-5,-18],[3,-17],[5,-5],[2,-22],[0,-13],[10,-10],[0,-11],[-5,-5],[-19,-6],[-6,6],[-36,9],[-11,-1],[-37,3],[-40,15],[-12,-10],[-8,-1],[-3,-9],[-16,-15],[1,-12],[-16,-2],[-14,-9],[-3,-18],[-22,-8]],[[3999,13091],[-11,5],[-4,16],[-8,4],[-17,0],[-6,4],[-3,11],[-12,10],[-7,14],[11,1],[23,7],[9,10],[13,7],[14,21],[-6,8],[0,14],[5,1],[0,10],[10,11],[-3,7],[0,21],[4,9],[15,11],[-5,9],[6,6],[2,12],[7,-2],[16,3],[34,22],[1,7],[7,9],[12,8],[-16,34],[-4,12],[-10,-2],[-10,-8],[-12,9],[-2,13],[5,5],[-4,7],[3,8],[-8,7],[0,8]],[[4048,13460],[3,9],[-6,7],[7,5],[16,22],[-1,13],[9,13],[-13,10],[14,13],[-2,16],[12,9],[0,8],[15,4],[10,18],[-1,11]],[[4111,13618],[4,6],[14,-3],[12,-6],[9,4]],[[4150,13619],[22,1],[22,-4],[9,12],[17,16],[1,7],[12,6],[7,10],[-6,18],[17,0],[3,-3],[21,2],[7,-4],[15,1],[16,-7],[9,0],[11,-5],[22,3],[12,-1],[19,-5],[21,-10],[7,0],[1,-9],[12,-8],[26,2],[32,-1],[12,-3],[2,-5],[15,-2],[11,7],[13,4],[20,-4],[24,-2],[8,2]],[[5855,12780],[-19,-2],[-11,3],[-3,-3]],[[5822,12778],[-9,17],[-22,13],[1,10],[20,-5],[18,1],[12,-4],[7,2],[-7,10],[-11,5],[-4,19],[6,11],[-2,15]],[[5831,12872],[9,5]],[[5840,12877],[17,-2],[2,17],[4,5],[18,6],[11,8],[11,-5],[1,-9],[26,-9],[11,-6],[-2,24],[12,0],[30,8],[17,-4],[11,3],[29,-2],[52,9],[7,6],[22,4],[23,10],[2,4],[20,2],[15,-3],[5,3],[32,-16],[18,0],[15,-8]],[[6249,12922],[-19,-7],[-16,0],[-9,-9],[-1,-7],[-14,-2],[-7,-6],[-8,-13],[-15,-11]],[[5425,12569],[-10,3],[-8,-1],[-17,8],[-8,0],[-8,-6],[-19,-8],[-7,-6],[-19,-1],[-16,1],[-20,18],[-18,-5],[-14,-2],[-14,-23],[3,-19]],[[5245,12750],[9,-1],[7,8],[15,6],[3,-25],[-4,-5],[16,-2],[12,4],[2,20],[6,6]],[[5311,12761],[16,-2],[24,-11],[6,-12],[22,-5],[0,-7],[6,-7],[11,-1],[1,-8],[12,-16],[4,-1]],[[6912,14396],[1,7],[22,13],[3,10],[-20,15],[9,11],[18,-5],[8,5],[-9,10],[-16,2],[-8,14],[-8,6],[5,13],[-8,20],[9,5],[-1,11],[-13,4],[-2,8],[9,9],[-8,14],[-10,5],[-4,11],[9,15],[-6,15],[2,9],[20,6],[-1,10],[-7,5],[-6,11],[13,11],[19,-1],[13,-12],[-14,-4],[1,-8],[8,-6],[-1,-9],[21,-10],[17,0],[12,-5],[5,-13],[11,-7],[17,-1],[8,-3],[1,-7],[22,-7],[5,2],[29,-3],[-1,-12],[11,-2],[14,5],[8,8],[19,-7],[2,-7],[15,-9],[14,3],[0,-7],[13,-2],[12,-5],[14,17],[11,-1],[9,16],[19,10],[7,6],[19,9],[21,3],[7,10],[14,9]],[[7315,14616],[2,-6],[20,-15],[14,-4],[4,-16],[-1,-17],[3,-6],[16,-4],[10,-12],[-5,-4],[-2,-16],[3,-15],[-1,-10],[-8,-12],[1,-18],[12,-17],[4,-11],[0,-16],[-12,-13],[-2,-10],[20,-1],[3,-21],[-1,-16],[7,-31],[8,-4],[9,-12],[15,3],[5,-7],[10,0],[7,-4],[-5,-10],[3,-17],[-24,-8],[-10,3],[-18,1],[-15,-2],[-3,-5],[-19,-2],[-18,-10],[-5,-9],[-12,-7],[-15,-4],[-6,-8],[-3,-26],[6,-9],[-6,-15],[0,-15],[-7,-9],[1,-28],[5,-18],[-5,-7],[3,-17],[-9,-6],[-21,0],[-6,-4],[-5,-14],[0,-10],[9,-10],[-17,-17],[-1,-8],[15,-17],[10,1],[-3,-9],[10,-9],[15,-4],[11,3]],[[7311,13975],[3,-5]],[[7314,13970],[-3,-5],[-28,-10],[-9,-10],[-8,-7],[-1,-7],[-18,-8],[-9,-3]],[[7238,13920],[-4,5],[-24,-5],[-9,0],[-10,9],[-2,11],[-8,2],[-3,12],[-12,6],[-16,1],[-10,-2],[-10,9],[-3,13],[-9,-3],[-16,0],[-23,4],[-6,8],[-18,-8],[-17,4],[1,7],[-16,8],[-12,3],[-10,-2],[-10,7],[-3,26],[-2,7],[-15,1],[-17,8],[3,7],[-7,12],[12,20],[-19,19],[-12,5],[-17,13],[-2,13],[-17,9],[-7,13],[8,9],[3,8],[16,13],[22,3],[9,11],[17,24],[7,5],[0,15],[11,14],[-3,22],[-6,8],[4,11],[12,6],[2,8],[-8,7],[-32,-1]],[[5630,13067],[9,-4],[24,-8],[18,8],[9,1],[11,8],[10,-3],[20,-11],[-14,-15],[-8,-5],[13,-21],[10,-6],[13,3],[12,-5],[18,-18],[-4,-4],[-11,-3],[-13,-8],[-4,-6],[13,-24],[1,-11],[11,-1],[26,-19],[13,-3],[10,-6],[15,-14],[8,-15]],[[5831,12872],[-8,-4],[-19,6],[-13,-5],[-29,-1],[-26,1],[-18,-1],[-13,-5],[-4,9],[-18,13],[-17,7]],[[5796,12487],[6,-7],[-7,-4],[2,-6],[17,-8],[-4,-14]],[[5810,12448],[-18,3],[-8,-6],[-28,-1],[-15,-10],[-11,-17],[-9,3],[-12,-10],[-9,6],[0,-18],[-5,-2],[-8,-11],[-14,-2],[-11,2],[-7,-6]],[[5622,12393],[3,10],[-6,14],[2,15],[-9,0],[-9,11],[-5,11]],[[5598,12454],[5,9],[15,8],[16,14]],[[5584,12232],[-15,-1],[-11,-10],[-11,-4],[-5,-11],[0,-14],[9,-3],[-1,-9],[15,-13],[-2,-11],[6,-15],[-3,-8],[11,-23],[-2,-7],[-7,-4],[0,-15],[4,-3],[3,-12],[10,-13],[-3,-11],[-11,-11],[-2,-6],[5,-8]],[[5574,12020],[2,-10],[-4,-10],[5,-23],[-7,-6],[-3,-10],[-10,2],[-17,11]],[[5540,11974],[-8,12],[4,11],[-11,7],[-5,13],[-12,-1],[-9,4]],[[5499,12020],[-4,6],[-15,11],[-15,3],[-22,13],[-43,5],[-11,6],[-11,18],[-15,11],[-11,6],[1,5],[-10,3]],[[5343,12107],[-26,9]],[[5317,12116],[15,23],[-18,6],[-3,8],[8,8],[14,7],[20,5],[30,-2],[17,5],[27,4],[12,4],[7,9],[-8,9],[10,7],[7,1],[3,6],[10,5],[-1,10],[-13,-2],[-12,7]],[[4682,12969],[-18,-6],[-6,1],[-18,-5],[-13,1],[-5,-10],[-12,-6],[-12,2],[-22,-3],[-3,-8],[-17,-13],[-11,-11],[-4,-7],[-14,-4],[-12,1],[-12,4],[-21,-4],[-9,-11],[-10,-1],[-2,-13],[-18,-10],[-16,-1],[-18,7],[-15,3],[-13,16],[4,9],[-5,5],[5,10],[-22,7],[3,3],[-10,9],[-5,23],[-13,4],[-2,5],[-11,3],[-11,-5],[-17,-3],[-14,1],[-1,-9],[-13,-2],[1,-6],[-11,-2],[-4,-6],[-18,-12],[-10,-10],[-16,-12],[2,-11],[-7,-2],[-7,-32],[-13,-5],[-10,-8],[-23,9],[-1,19],[-9,6],[-6,9],[-12,-3],[-18,7],[-18,20],[14,11],[-5,9],[1,13],[-12,17],[-12,3],[-15,-1],[-12,-6],[-7,-15],[-20,-6]],[[4021,12937],[5,11],[5,23],[-12,9],[-5,10],[-12,12],[4,15]],[[4006,13017],[0,6],[10,12],[-3,17],[-8,8],[-6,31]],[[4579,13361],[-5,-18],[-6,-8],[-12,-5],[-10,-9],[-2,-12],[10,-4],[12,-10],[6,-12],[13,-8],[21,3],[11,-3],[12,1],[-1,-12],[13,0],[18,-4],[16,-10],[18,-5],[9,12],[10,2],[15,17],[12,4],[10,-1]],[[5929,12696],[6,-9],[-11,-11]],[[5924,12676],[-15,-1],[2,-9],[-5,-6],[-10,-5],[5,-9],[-7,-10],[-18,8],[-11,1],[-14,15]],[[5790,12774],[32,4]],[[6412,13196],[1,-5],[-15,-11],[6,-7],[-15,-16],[-6,-13],[17,-15],[3,-5],[13,-6],[-9,-12],[-13,-6],[-10,-12],[-1,-7],[8,-6],[-9,-9],[9,-8],[0,-11],[-9,0],[-12,-5],[-16,-2],[-11,-5],[-8,-10],[1,-19],[4,-9],[-12,-12],[2,-17],[-3,-7],[-10,-3],[-17,-1],[-6,3],[-12,-8],[-14,-5]],[[6268,12947],[-4,7],[1,14],[-18,12],[0,6],[-31,12],[-1,5],[-27,23],[-23,0],[-34,9],[-2,11],[-18,5],[1,10],[8,9]],[[6215,13209],[8,0],[22,18],[0,7],[15,11],[1,8],[13,5],[3,4],[13,5],[5,6]],[[6318,12380],[-4,9],[-11,4],[-12,11],[-13,0],[-11,4],[-6,8],[1,7],[-7,7],[-12,-1],[-13,4],[-21,21]],[[6209,12454],[11,0],[23,-7],[9,14],[35,7],[9,-11],[9,-5],[10,8],[9,4]],[[6324,12464],[5,-2],[25,13],[-1,9],[6,3],[7,12],[11,13],[3,12],[14,11]],[[6394,12535],[-2,-5],[5,-12],[10,-10],[0,-5],[11,-8],[22,-21],[3,-7],[15,-15],[-1,-19],[24,-7],[9,0],[5,-8],[-4,-6]],[[6491,12412],[1,-6],[-9,-14],[3,-3],[-12,-10],[-1,-14],[2,-13],[-7,-14],[0,-16],[-14,-6],[2,-29],[-3,-4]],[[5924,12676],[8,-6],[7,-11],[10,1],[9,-8],[-6,-4],[1,-13],[4,-5],[-1,-13],[-10,-9],[-3,-7],[6,-4],[-2,-9],[4,-5],[-8,-4],[8,-5],[7,-20],[11,-17]],[[5969,12537],[1,-13],[-2,-6],[-11,-5],[-12,3],[-22,0],[-26,-18],[-13,1],[-5,6],[-26,-2],[-9,-6],[-17,-5],[-13,1],[-7,6],[-13,5]],[[6402,12621],[-1,-10],[-14,-1],[-18,8],[-5,-14],[-11,-3],[-1,-13],[4,-4],[2,-12],[-5,-6],[31,-16],[2,-4],[13,-6]],[[6399,12540],[-5,-5]],[[6324,12464],[-9,9],[-22,17],[-1,5],[-10,6],[6,17],[-7,3],[0,9],[-9,7],[-2,11],[12,5],[-7,10],[7,19],[-8,2],[6,9],[13,7]],[[5100,12068],[11,0],[27,-2],[13,-9],[10,-3],[2,-8],[-9,-17],[2,-7],[-4,-11],[1,-18],[3,-3]],[[5598,12454],[-34,-12]],[[5564,12442],[1,8],[-33,7],[-4,7]],[[5462,13558],[-11,4],[-15,-1],[-28,-7],[-16,1],[-11,-8],[-12,1],[-14,-14],[-21,-3]],[[5334,13531],[-5,-7],[-9,-2],[-2,-10]],[[5318,13512],[-7,1],[-16,12],[-10,2],[-1,25],[-13,2],[-11,8],[-20,5],[-4,4],[-22,8],[-9,-3],[-19,1],[-13,-10],[-8,5],[1,8],[-13,2],[-6,13],[4,17],[4,8],[0,11],[-18,6],[-8,9],[17,10],[10,14],[-3,4],[-14,37],[-2,11],[-24,-5],[-9,3],[-6,-7],[1,-6],[-11,-10],[-11,-14],[-15,-7],[-23,3],[-8,-4],[5,-15],[-3,-14],[-9,-11],[-10,-2],[-11,-19]],[[4590,13637],[-64,72],[-80,88],[-15,16],[-6,10],[-14,18],[-19,18],[-27,29],[-2,5],[-17,10],[-12,17],[-12,6]],[[4322,13926],[318,-19],[218,-13]],[[4858,13894],[146,-9]],[[5004,13885],[199,-12],[-1,8],[7,5],[13,16],[-3,21],[10,22],[10,3],[9,8],[-5,7],[-11,5],[0,7],[10,14],[17,4],[15,-2],[18,11],[6,6],[-1,16],[11,13],[-2,9],[12,12],[-10,4],[-10,8],[18,14],[9,0],[7,7],[-9,7],[-7,12],[6,10],[-1,14],[8,2],[13,13],[0,13],[-7,16],[16,7],[6,7],[15,-2],[36,-28],[14,-9],[24,0],[17,5],[11,0],[6,12],[7,3]],[[5487,14173],[8,-4],[24,-2],[12,-8],[9,0],[12,-4],[22,0],[14,4],[10,-1],[5,5]],[[5603,14163],[13,-16],[24,-11],[13,-12],[0,-12],[5,-9],[1,-19],[8,-4],[6,-9],[5,-16],[24,-9],[-9,-31],[7,-13],[-4,-8],[5,-8],[-8,-15],[-9,-6],[2,-20],[-7,-11],[-14,-12],[-6,-10],[22,-7],[11,2],[4,-4],[12,-2],[21,9],[12,2],[6,-9]],[[5747,13903],[-2,-12],[0,-18],[-8,-7],[0,-19],[-14,-21],[0,-12],[13,-4],[14,-1],[17,6],[13,1],[9,5],[8,-7],[1,-10],[13,-3],[7,-14],[16,-6],[5,-10],[16,-5],[7,-10]],[[5261,11845],[5,-2]],[[5266,11843],[35,0],[20,-19],[17,7],[9,-5],[10,-13],[0,-17],[-11,-8],[-3,-17],[15,0],[14,-5],[9,-14],[8,-7],[3,-9]],[[5392,11736],[-24,-14],[-16,0],[-17,-5],[-2,-7],[-11,-6],[-17,4],[-9,-4],[-16,-15],[-11,-5],[-3,-8],[-17,-2],[-14,-20],[-11,-8],[-29,4],[-9,10],[-13,6],[-7,-19]],[[5166,11647],[-11,1],[-15,-9],[-11,1],[-26,-3]],[[5217,11934],[5,5],[-6,7],[1,5],[20,10],[8,15],[0,18],[5,7],[7,14],[-12,10],[-7,9],[5,11]],[[5243,12045],[12,4],[1,-16],[28,3],[7,7],[13,3],[16,20],[10,6],[2,12],[14,18],[-3,5]],[[5499,12020],[-18,-4],[-7,-9],[-6,-13],[-5,-5],[-25,-3],[-14,-6],[-4,-13],[-30,-18],[-6,-8],[-16,-2],[3,-17],[-12,-1],[-2,-7],[-24,-17],[-8,-10],[-32,-7],[-15,-5],[-6,-5],[5,-6],[0,-11],[-11,-10]],[[5801,12180],[-30,8],[-9,11],[-5,11]],[[5757,12210],[11,3],[19,13],[17,6],[0,13],[9,1],[5,7],[21,6],[-1,15],[7,7],[-1,8],[7,13],[11,6],[-2,10],[1,12]],[[5861,12330],[11,7],[8,-3],[15,6],[12,0],[32,-7],[18,-6]],[[6000,12296],[-9,-10],[-1,-9],[-7,0],[-12,-16],[-16,-8],[-22,8],[-2,-6],[-15,-7],[1,-5],[-13,-7],[-1,-9],[7,-7],[8,-16],[2,-17],[-8,-15],[2,-6],[-9,-17],[5,-8]],[[5564,12442],[-11,-1],[8,-22],[12,-7],[11,-3],[13,-11]],[[5574,12020],[16,10],[17,-1],[9,-6],[7,-12],[12,-6],[4,-22],[7,-10],[7,-20],[6,-2],[-2,-22]],[[5657,11929],[-6,-2],[-9,7],[-14,6],[-20,4],[-2,-12],[2,-14],[6,-6],[-7,-17],[0,-19]],[[5607,11876],[-9,-7],[-12,-4],[-14,5],[-5,22],[9,11],[-7,20],[10,13],[0,11],[-9,8],[-8,2],[-8,7],[-11,5],[-6,-1]],[[5537,11968],[3,6]],[[5160,13198],[27,6],[9,-2],[8,-9],[11,2],[17,6],[13,-4],[8,6],[11,1],[21,-4],[15,2],[22,-3],[14,3]],[[5336,13202],[15,0],[6,4],[4,13],[14,5],[11,0]],[[5386,13224],[12,-9]],[[5410,13039],[-19,2],[-7,-7],[-10,0],[-9,4],[-11,-3],[-12,10],[-17,10],[-25,1],[-6,-8],[-28,-6],[-21,4],[-7,-10],[2,-9]],[[6903,12812],[-1,5],[-10,5],[-3,12],[5,3],[-12,14],[-12,4],[-5,12],[-8,2]],[[6857,12869],[-5,13],[-16,11],[-20,2],[2,30],[101,70],[46,-23],[4,10],[16,4],[3,18],[8,9],[19,8],[14,-8],[12,7],[18,-2],[19,-14],[9,0],[6,6],[10,-1],[11,-8],[23,-1],[5,4],[18,2],[11,-6],[11,2],[8,5],[7,-1],[7,7],[9,18],[0,11],[17,-1],[15,4],[5,-5],[16,-1],[25,-13],[23,-3]],[[7314,13023],[-10,-13],[-19,-4],[-5,-10],[-6,0],[-12,-11],[-13,-19],[-9,-2],[-3,-9],[-20,-6],[-16,-7],[1,-11],[13,-7],[0,-17],[-11,-15],[-4,-17],[-10,-9],[-4,-12],[1,-12],[-9,-14],[-8,-18],[-1,-11],[-16,0],[-6,3],[-19,1],[-9,10],[3,10],[-22,2],[-43,12],[-14,-1],[-10,-7],[-12,3],[-14,8],[-14,0],[-1,-5],[9,-6],[0,-11],[7,-17],[-2,-10],[18,1],[9,3],[16,-8],[-5,-25],[8,-11],[-2,-15],[8,-3]],[[6015,12431],[-1,16],[-7,5],[-3,13],[-7,1],[4,16],[12,2],[9,6],[3,8],[15,-1],[18,2],[-2,9],[-7,7],[5,12]],[[6054,12527],[-1,10],[15,6],[5,-1],[16,8],[12,24],[11,-5],[14,-1]],[[6126,12568],[13,-15],[8,-3],[4,-8],[18,-22],[14,-12],[0,-6],[7,-8],[-15,-5],[5,-14],[-6,-9],[3,-3]],[[6177,12463],[-6,-3],[-19,1],[-4,-10],[-9,0],[-11,-6],[-9,3],[-9,-9],[-29,1],[6,-9]],[[5715,12091],[-7,18],[-18,23],[3,18],[-6,4],[1,6],[-8,8],[-2,18],[11,8],[-1,14],[-14,8],[-13,-1],[-16,9],[14,0],[10,4]],[[5669,12228],[18,-6],[14,4],[13,-1],[10,-13],[15,3],[18,-5]],[[4006,13017],[-9,1],[-39,12],[-14,1],[-16,-4],[-21,4],[-11,9],[-10,-9],[-16,1],[-13,5],[-20,0],[-13,-3],[-7,6],[-3,9],[-20,5],[-10,-2],[-6,-8],[-10,-6],[-27,-9],[-17,-1],[-9,-3],[-38,6],[-4,4],[-18,1],[-5,5],[-16,3],[-18,0],[-11,3],[-36,-2],[-17,3],[-25,15],[-9,14],[6,17],[6,3],[-6,14],[11,10],[-3,3],[-16,1],[1,11],[-8,5],[-7,15],[-11,3],[-2,7],[-16,0],[-9,16],[3,8],[-21,0],[-6,8],[5,10],[15,16],[-10,12],[10,15],[9,1]],[[3469,13252],[7,10],[8,1],[11,12],[13,4],[14,-8],[20,1],[8,-13],[23,-7],[0,8],[9,4],[17,-5],[5,4],[-2,9],[-21,11],[5,5],[14,-1],[25,5],[11,-1],[8,4],[13,15],[-4,16],[-11,6],[-6,36],[2,8],[-5,19],[-10,0],[-6,6],[-2,10],[-20,3],[7,10],[-5,6],[-11,3],[-6,11],[-17,-1],[13,13],[16,7],[195,24],[36,-5],[14,10],[10,-8],[23,-7],[6,-7],[11,-3],[7,5],[22,4],[11,-3],[8,3],[17,-9],[5,-10],[13,14],[6,-2],[3,-14],[7,-8],[2,-11],[23,-3],[4,5],[23,12],[10,10]],[[4123,14123],[15,-7],[-2,-10],[9,-5],[14,0],[6,-6],[4,-13],[6,-5],[13,-1],[2,-9],[15,-10],[-4,-22],[16,-4],[10,-11],[2,-15],[18,-11],[6,-9],[-2,-9],[19,-22],[16,-3],[21,-19],[15,-6]],[[4150,13619],[-9,11],[-7,3],[-4,8],[-3,17],[-14,20],[4,5],[0,10],[-12,9],[-7,23],[-8,5],[-2,9],[-11,23],[-11,0],[-8,6],[-9,-1],[-12,11],[-15,8],[-6,7],[-3,11],[-9,11],[-12,6],[-7,-4],[-9,5],[-8,-2],[-15,13],[-17,-2],[-4,3],[-70,160],[-37,23]],[[3825,14017],[64,1]],[[6479,11854],[-13,-7],[-17,5],[-19,-22],[12,-18],[4,-14],[-9,-12],[12,-10],[-7,-9],[1,-5],[-15,-7],[-5,-7],[-15,-3],[-3,-7],[-8,0],[-3,-8],[-15,-7],[-4,-15]],[[6375,11708],[-9,-16],[-16,3],[-55,-8],[-14,-5],[-9,0],[-11,-4],[-7,-10],[-24,-5],[-16,-16],[-22,-31],[-10,-4],[-8,-14],[-24,-27],[-11,-9],[-8,6],[3,16],[-7,6],[-5,10],[-1,10],[6,9],[1,11]],[[6128,11630],[-2,9],[2,9],[8,4],[3,12],[11,7],[5,9],[11,4],[10,9],[-2,18],[4,8],[0,18],[7,17],[-7,8],[-26,12],[-6,9],[8,14],[-1,5],[11,19],[1,8],[-4,12],[4,22],[-6,12],[6,7],[16,-1],[18,-4],[7,-7]],[[4236,15194],[-10,-6],[5,-7],[-6,-13],[1,-11],[-4,-11],[3,-3],[-8,-19],[4,-5],[16,-3],[9,-7],[2,-13],[-9,-7],[-9,-1],[-14,13],[-16,1],[-21,-3],[0,-4],[-20,-2],[-1,7],[-17,8],[-23,14],[-26,-1],[-8,4],[-24,0],[-21,8],[-21,1],[-18,-7],[-10,1],[-3,-10],[-10,-2],[7,-9],[-11,-8],[-9,0],[-16,-8],[-7,0],[-2,-12],[-5,-6],[0,-9],[-9,-13],[-10,0],[-16,-10],[-18,0],[-3,-9],[-33,-11],[-19,2],[-1,-9],[7,-4],[-7,-22],[-12,-1],[-6,7],[-15,3],[-6,-3],[-11,4],[-15,-9],[-3,5],[-16,-13],[1,-8],[-11,-4],[-28,10],[-18,0],[-10,-5]],[[3675,14974],[25,44],[9,24],[0,18],[-4,8],[-8,6],[6,39],[-1,13],[-5,14],[-12,13],[-8,6],[-24,1],[-2,6],[-9,10],[-6,28],[-18,25],[-24,20],[-22,12],[-22,7],[-48,12],[-23,5],[-15,7],[-18,4],[-6,4],[3,8],[-20,-4],[-6,-4],[14,-13],[-7,-1],[-13,12],[-6,19],[4,5],[14,8],[32,15],[15,10],[16,14],[5,9],[-2,7],[4,17],[64,2],[79,8],[32,5],[52,9],[54,7],[37,7],[23,5],[46,14],[8,4],[8,12],[10,7],[1,9],[-8,14],[16,13]],[[3915,15518],[5,-10],[2,-11],[5,-4],[-5,-7],[31,-5],[-3,-6],[7,-8],[1,-21],[-5,-4],[1,-13],[27,-5],[30,-10],[-11,-18],[11,-9],[8,1]],[[6735,14774],[4,6],[13,2],[15,12],[1,7],[13,11],[4,9],[12,14],[1,6],[11,3],[5,7],[-7,3],[6,15],[-4,11],[1,10],[12,6],[44,1],[5,-2]],[[6871,14895],[11,-2],[12,-13],[9,-6],[-1,-19],[22,-9],[5,-14],[11,-8],[7,-11],[10,-4],[8,-8],[21,6],[17,-1],[23,-12],[9,3],[10,-2],[4,-14],[7,-8],[11,1],[7,-10],[15,-3],[12,2],[17,-13],[11,-1],[10,-14],[0,-8],[27,-8],[15,5],[19,-3],[4,-6],[4,-16],[19,-6]],[[7227,14693],[15,7],[12,-15],[1,-9],[9,-10],[1,-6],[20,-11],[0,-8],[10,-12],[7,-2],[13,-11]],[[5413,13020],[-3,-10],[-8,-6],[-21,-6],[-16,-2],[-21,-15],[-6,-8],[-4,-13],[2,-10],[8,-5],[0,-12],[4,-2],[5,-16],[-5,-4],[-18,-4],[-22,1],[-20,-5],[-13,0]],[[6209,12454],[-20,11],[-12,-2]],[[6126,12568],[1,7],[31,4],[17,7],[4,7],[31,8],[9,10],[-7,13],[-6,3],[-6,14],[-5,4]],[[5006,13434],[-12,5],[-10,2],[-6,17]],[[5318,13512],[-6,-5],[-15,1],[-4,-10],[-14,-16],[-21,-10],[9,-6],[-9,-13],[2,-8],[-8,-9],[-12,-5],[-6,-22],[2,-12],[-11,-16],[8,-11],[-5,-13],[-1,-11],[-5,-7],[5,-14],[-11,-15],[-13,-7]],[[5090,12094],[-1,7],[17,26],[7,8],[14,2],[-3,8],[8,5],[6,-3]],[[5138,12147],[-3,-15],[4,-11],[-3,-24],[4,-8],[15,-7],[7,-13],[6,5],[12,-6],[4,-11],[16,-15],[17,1],[16,4],[10,-2]],[[7314,13023],[20,12],[7,8],[13,0],[8,8],[13,6],[20,18],[4,5],[21,17]],[[7420,13097],[10,7],[11,13],[37,31],[15,15]],[[7493,13163],[6,-4],[7,-11],[15,-6],[8,3],[17,-3],[10,-10],[6,-12],[19,-16],[13,-19],[-8,-8],[9,-3],[-11,-7],[12,-5],[-2,-15],[8,-13],[20,-7],[12,-9],[12,-2]],[[7646,13016],[-13,-11],[-20,-8],[-13,-15],[-28,-12],[-7,-9],[2,-13],[8,-9],[-6,-22],[6,-27],[13,-25],[1,-15],[-17,-20],[0,-7],[8,-12],[4,-11],[11,-10],[27,-17],[9,-17],[-7,-11],[-9,-6],[-19,-8],[-50,-2],[-17,-13],[-16,-13],[-7,-17],[-3,-20],[-6,-10],[-20,-15],[-17,-10],[-20,-6],[-20,-13],[-6,-7],[-13,-4]],[[7401,12601],[-12,-5],[-18,-10]],[[7371,12586],[-12,-5]],[[7359,12581],[-20,1],[-8,-7],[-42,-5],[-6,3],[-30,-11],[-13,1],[-3,6],[5,10],[-14,12],[-8,-2],[-11,4],[-12,-5]],[[7359,12581],[-9,-6],[-7,-17],[-14,-15],[-15,-9],[-20,-17],[4,-11],[-6,-17],[-7,-6],[-16,-26],[-13,-7],[-9,-18],[-10,-8],[-6,-14],[13,-18],[10,-6],[22,-22],[14,-7],[15,-1],[9,-4],[0,-6],[-10,-19]],[[7304,12327],[-15,-15],[-5,-2],[-14,4],[-13,-6],[-29,-5],[-14,-1],[-7,-4],[-9,8],[-4,-4],[-12,3],[-17,1],[-8,11],[-19,2],[-4,-12],[-19,-11],[-16,2],[-6,-7],[-13,5],[-6,-4],[-5,-13],[8,-4],[-15,-15],[-11,-1],[6,-8],[-3,-7],[-22,2],[-11,6],[-18,4],[-30,-5]],[[6973,12251],[-7,11],[2,37],[11,17],[-6,12],[-14,-1],[-16,9],[-5,12],[-6,-1],[-4,10],[-6,1],[-3,19],[-26,8]],[[6893,12385],[2,24],[-4,8],[17,26],[18,8],[7,19],[15,18],[19,11],[16,2],[14,4],[10,-2],[14,3],[19,9],[9,9],[15,22]],[[7304,12327],[-6,-17],[-1,-10],[7,-22],[8,-17],[-3,-10],[-7,-8],[-16,-5],[-12,0],[-14,4],[-15,-6],[-12,-10],[-3,-9],[8,-12],[-1,-12],[19,-19],[10,-1],[8,-4],[3,-14],[-2,-13],[-9,-10],[-36,-6],[-19,-9],[-16,-11],[-11,-16]],[[7184,12090],[-143,34],[-192,46]],[[6849,12170],[-4,8],[12,6],[5,6],[11,0],[11,16],[13,4],[1,12],[13,-1],[4,4],[5,14],[16,5],[32,-1],[5,8]],[[6841,13649],[8,-5],[15,7],[13,-3],[23,-13],[5,-1],[12,-11],[10,-6],[9,0],[13,-14],[34,5],[9,-9],[9,-3],[7,-10],[-9,-4],[12,-8],[23,-9],[3,-8],[8,-7],[31,-8],[9,-8],[18,-1],[3,7],[9,0],[30,8],[8,14],[4,15],[-14,4],[-2,4],[4,24],[6,9],[-3,10],[5,7],[2,11],[18,1],[10,-3],[18,7],[167,53],[229,72]],[[7597,13776],[-1,-6],[-10,-6],[-5,-26],[-9,-8],[1,-7],[-7,-8],[7,-6],[-10,-10],[2,-10],[6,-6],[9,0],[5,-20],[13,-9],[11,-21],[8,-5],[1,-13],[12,-12],[0,-20],[-5,-8],[8,-8],[11,-5],[10,-1],[5,-7],[-3,-22],[5,-7],[-3,-17],[-4,-16],[-1,-23],[33,3],[9,-2],[12,9],[21,-14],[6,-9],[18,5],[12,-2],[6,8]],[[7770,13467],[11,4],[28,-4],[2,-5],[25,0]],[[7836,13462],[2,-6],[-20,-16],[-6,-19],[-10,-2],[-6,-4],[-17,-2],[-5,3],[-22,-4],[-11,-8],[-15,-1],[-3,-14],[-6,-2],[2,-19],[-15,-10],[-14,6],[-18,4],[-13,-8],[0,-5],[-19,-5],[-13,2],[-4,4],[-11,-6],[-3,-6],[3,-9],[-9,-5],[-15,-5],[-1,-8],[10,-10],[-1,-9],[-7,-10],[-17,-5],[11,-7],[-7,-11],[-14,-6],[-2,-8],[-7,-9],[-6,-18],[-10,-11],[-14,-4],[-14,-8],[-12,6],[-27,28],[-17,5],[-15,-3],[-12,-14],[6,-7],[-4,-7],[13,-4],[7,-5],[12,0],[15,-2],[7,-7],[14,9],[6,-3],[1,-9],[-10,-25]],[[7420,13097],[-6,5],[-26,-1],[-10,8],[-15,-1],[-19,6],[-19,3],[-26,-4],[-15,-9]],[[7284,13104],[-5,14],[1,18],[-1,17],[4,3],[-1,10],[3,29]],[[7285,13195],[0,14],[-5,0],[-6,11],[-9,7],[0,9],[7,2],[8,15],[13,9],[4,29],[-5,8],[-18,8],[0,6],[-12,10],[7,13],[-1,9],[-22,12],[-33,0],[-9,9],[-8,1],[-18,-13],[-10,-3],[-10,2],[-6,6],[-22,-1],[-9,-3],[-26,1],[-6,-16],[-15,-4],[-32,-2],[-37,1],[-8,6],[-18,-6],[-22,2],[-5,-3],[-11,-15],[-34,-8],[-1,15],[-14,4],[-8,10],[-1,12],[-8,9],[2,9],[-11,7],[-8,11],[-5,15],[4,10],[-3,5],[1,13],[4,16]],[[5810,12448],[-1,-19],[3,-5],[0,-16],[4,-7],[12,-3],[11,-9],[-12,-6],[2,-4],[15,-5],[13,-15],[2,-6],[-8,-8],[10,-15]],[[5669,12228],[-10,10],[-9,-2],[-6,8],[-27,6],[2,16]],[[5969,12537],[11,2],[7,-7],[18,5],[17,1],[16,-8],[16,-3]],[[5334,13531],[6,-9],[10,-7],[1,-6],[-5,-15],[1,-9],[8,-5],[11,-25],[6,-8],[1,-22],[5,-5],[3,-12],[-4,-7],[4,-20],[-3,-4],[5,-8]],[[5383,13369],[-6,-13],[4,-6],[-6,-17],[-1,-7],[-17,-18],[2,-11],[-13,-16],[5,-18],[-10,-15],[3,-14],[10,-9],[-18,-19],[0,-4]],[[4860,12176],[-3,13],[7,11],[-8,6],[-19,7],[2,19],[-7,7],[-27,8],[-3,11],[-13,5]],[[4789,12263],[15,8],[8,8],[-2,9],[13,10],[10,-3],[24,8],[-5,8],[1,9],[15,0],[7,-4],[9,2],[19,-1],[11,7],[11,2],[0,5],[18,11],[8,0]],[[5197,12206],[-10,-13],[-2,-9]],[[5185,12184],[-12,-10],[-3,-12],[-15,0],[-12,-6],[-5,-9]],[[5383,13369],[24,7],[22,-1],[7,4],[9,13],[20,13],[26,24],[11,21],[6,18],[-1,8],[6,9],[-4,5]],[[5509,13490],[9,-3],[8,-15],[12,-6],[15,3],[4,-5],[13,-6],[16,-20],[16,-10],[3,-13],[-5,-8],[3,-12],[23,-18],[2,-12],[19,-27],[-1,-9]],[[5646,13329],[-9,-9],[-23,-12],[-1,-9],[-10,-7],[-13,6],[-16,-3],[-18,3],[-14,4],[-6,-1]],[[5536,13301],[-6,14],[-19,6],[-10,-6],[-13,-2],[-42,9],[-10,-15],[-14,4],[-11,-10],[-4,-7],[-6,-27],[3,-8],[-2,-10],[-11,-5],[-5,-20]],[[6893,12385],[-6,-26],[-16,-11],[-28,-13],[-30,1],[-17,-5],[-18,6],[-10,-15],[-14,-1],[-12,-5],[-19,-5],[-6,21],[-11,3],[-3,7],[-16,5],[-3,15],[-11,7],[-3,7],[-16,4],[-20,10],[-12,0],[-43,17],[-10,2],[-10,-8],[-16,3],[-21,-1],[-23,10],[-8,-1]],[[6399,12540],[22,3],[14,-26],[10,-4],[21,-1],[24,6],[7,-8],[13,9],[19,9],[3,20],[6,14],[13,13],[4,-7],[12,-5],[6,-6],[8,4],[31,-2],[1,6],[-18,6],[1,3],[22,5],[9,-2],[5,7],[37,0],[20,-3],[14,0],[7,4],[26,-5],[10,7],[-3,14],[-14,12],[7,9],[0,7],[18,-1],[8,7],[12,2],[8,-5],[19,5],[16,-10],[10,7],[8,14],[11,1],[6,6],[23,9]],[[6875,12664],[32,-20],[25,-10]],[[6480,12257],[-4,-11],[4,-8],[9,-2],[12,-12],[13,-3],[13,-20],[12,-9],[24,-6],[9,-7],[1,-7],[15,-4],[17,-9],[16,-5],[18,9],[4,7],[12,7],[2,7],[12,18],[16,6],[7,7],[26,-15],[131,-30]],[[6849,12170],[-9,-6],[-8,-11],[-6,-19],[8,-12],[1,-6],[-13,-9],[-12,-2],[-1,-11],[6,-9],[-33,-14],[-4,-10],[-10,-8],[-36,17],[-10,-4],[-3,-6],[-9,-2],[-5,-8],[3,-5],[-8,-7],[2,-12],[-16,-21],[-11,-8],[-16,-1],[-15,-4],[-20,-13],[-11,2],[-8,-6],[-25,-5],[-39,-3],[-3,-4],[-16,-5],[-18,3],[3,15],[14,10],[12,19],[8,8],[-2,13],[4,10],[14,13],[-3,26],[-8,5],[0,7],[7,4],[2,10],[-14,12],[1,4],[-10,8],[2,18],[-9,9],[-23,10]],[[5311,12761],[4,10],[-2,12],[18,-1],[-3,25],[10,9],[10,-1],[7,11],[23,6],[10,9],[0,6],[22,0],[10,7],[34,5],[12,7],[14,2],[36,-5],[7,-3]],[[5532,12851],[3,-5],[-6,-20],[-16,-6],[8,-11],[-12,-3],[1,-9],[-6,-13],[-2,-15],[4,-7],[0,-15],[-2,-3]],[[5536,13301],[8,-8],[2,-8],[-5,-10],[11,-4],[10,-20],[2,-9],[11,-5],[2,-15],[-9,-9],[-6,-13]],[[3915,15518],[2,10],[-6,4],[33,6],[4,5],[40,6],[65,20],[34,13],[18,12],[-2,8],[5,15],[38,16],[3,3]],[[4530,15367],[-18,-12],[25,-12],[10,-2],[35,1],[0,-12],[-7,-3],[-16,-2],[1,-8],[12,-7],[1,-6],[30,-22],[2,-25],[-2,-33],[-4,-4],[-2,-12],[-5,-8],[-3,-13],[9,-7],[2,-10],[14,-7],[11,-1],[13,-19],[13,-9]],[[4651,15134],[-5,-8],[-19,-2],[-7,-5],[-30,-3],[-14,-5],[-18,-12],[-9,-1],[-12,-9],[-18,-7],[-12,-6],[-32,-28],[-11,-15],[-14,-5],[6,-15],[-5,-5],[-1,-12],[-12,-4],[-7,-13],[-15,-7],[-2,-10],[-6,-14],[-9,-9],[1,-9],[-10,-11],[-6,-11],[-13,-9],[-4,-15],[1,-9],[6,-14],[28,-19],[-5,-10],[-22,9],[-7,-9],[-7,-2],[-16,8],[-7,-3],[-1,-16],[-5,-30],[-14,-6],[-15,-1],[-15,-5]],[[4288,14777],[4,19],[-5,5],[4,12],[-4,6],[3,14],[-14,7],[-6,13],[3,30],[7,5],[14,3],[6,24],[-2,6],[-9,0],[-12,11],[13,36],[-5,6],[1,14],[5,6],[9,4],[-5,19],[5,6],[-3,7],[6,14],[-7,7],[0,7],[-8,7],[2,4],[-7,11],[6,9],[-5,12],[3,5],[15,4],[-3,11],[-5,2],[-3,12],[-10,11],[-7,4],[-15,-2],[-10,16],[10,18],[17,0],[12,7],[-6,6],[-2,10],[6,5]],[[6615,12720],[9,-3],[22,14],[25,3],[3,6],[25,-1],[6,4],[14,2],[11,-4],[43,-27],[14,-6],[57,-33],[24,-7],[7,-4]],[[6537,12759],[-6,10],[-13,8],[-5,0],[-22,15],[-1,2],[-36,11],[-4,4],[-16,4],[-12,14],[2,7],[8,5],[11,-9],[24,20],[8,-2],[12,5],[8,-3],[10,13],[8,4],[28,7],[16,5],[6,16],[-2,10]],[[6561,12905],[24,7],[7,-6],[10,4],[15,1],[10,-10],[30,0],[14,-7],[19,3],[13,-7],[13,-3],[17,0],[0,-5],[38,-6],[9,-4],[39,-6],[14,-6],[12,8],[12,1]],[[5679,11928],[-22,1]],[[6268,12947],[-8,-5],[-1,-9],[-7,-9]],[[6252,12924],[-3,-2]],[[5646,13329],[0,-20],[4,-11],[-1,-17],[15,-4],[5,-11],[17,-6],[4,-11],[11,-1],[87,-64]],[[6252,12924],[7,-3],[29,0],[29,-7],[15,-6],[14,-1],[14,2],[8,6]],[[6536,12903],[10,3],[15,-1]],[[6732,13773],[199,33],[157,25],[128,77],[22,12]],[[7314,13970],[4,-17],[18,-3],[6,-7],[17,-6],[11,-13],[15,-6],[17,-15],[4,-13],[16,-18],[8,-4],[21,1],[14,4],[3,6],[1,11],[25,6],[6,13],[16,4],[21,0],[11,9],[9,13],[-3,27],[6,23],[-13,0],[-4,3],[16,20],[19,1],[38,7],[11,16],[17,-4],[5,-5]],[[7649,14023],[7,-12],[30,-4],[12,-8],[14,-15],[-16,-17],[-23,-16],[-7,-12],[-16,-5],[-7,-5],[1,-7],[-21,-18],[-1,-11],[-9,0],[-15,-6],[-1,-5],[-14,-8],[-5,-13],[-3,-16],[6,-16],[12,-12],[9,-2],[-4,-19],[2,-10],[-3,-10]],[[7184,12090],[-17,-32],[-1,-11],[7,-18],[-5,-19],[-5,-7],[-12,-10],[-7,-12]],[[7144,11981],[-9,0],[-15,12],[-9,0],[-14,-7],[-34,-4],[3,-13],[-15,-3],[-2,-9],[-6,-4],[-2,-8],[3,-18],[-12,-10],[6,-5],[-3,-7],[-11,2],[-2,-9]],[[7022,11898],[-23,-3],[-8,2],[-14,1],[-7,-11],[-11,1],[-10,6],[-11,0],[-11,7],[-16,-3],[-7,12],[-16,-1],[-13,5],[-9,8],[1,7],[-7,11],[-29,12],[-16,3],[-25,-1]],[[6128,11630],[-10,-4],[-13,2],[-12,-10],[-16,-1],[-4,-7]],[[6073,11610],[-4,10],[9,18],[-5,12],[2,12],[6,9],[-6,8],[-11,1],[-15,19],[2,7],[-7,13],[9,6],[-3,9],[-14,7],[-2,14],[-10,8],[10,12],[-1,8],[-38,-2],[-17,9],[-14,14],[-1,8],[15,7],[9,8],[-2,9],[3,8],[-12,16],[-3,8],[-12,3],[-20,1],[-8,5],[-9,-1],[-10,16],[-18,2]],[[5418,11717],[-20,11],[-6,8]],[[5537,11968],[-5,-10],[-13,-14],[-10,-7],[-4,-11],[4,-18],[-4,-11],[4,-10],[-5,-32],[5,-11],[2,-19],[-5,-8],[-10,-5],[-15,-35]],[[6106,13732],[-8,8],[1,6],[-8,20],[8,5],[2,12],[23,15],[0,19],[7,10],[-7,10],[0,7],[7,8],[3,25],[-12,8],[8,17],[-12,9],[7,4],[14,-1],[2,8],[-20,9],[7,23],[-5,3],[-23,2],[-8,18],[-17,0],[-13,-2],[-1,-15],[3,-9],[-8,-4],[-8,-11],[-1,-14],[-17,-1],[-9,-6],[-16,-1],[-16,6],[-11,-3],[-12,-9],[-15,-3],[-4,-5],[-10,0],[-10,6],[-33,-8],[-7,3],[-15,-3],[-11,-8],[-26,-2],[-19,6],[-2,6],[-20,4],[-6,8],[-8,6],[-20,1],[-13,-16]],[[5603,14163],[1,15],[15,2],[9,8],[18,8],[8,10],[13,1],[13,-2],[6,10],[-10,13],[14,2],[-4,11],[3,7],[-3,8],[10,10],[9,3],[7,9],[3,7],[-6,8],[5,5],[-6,15],[12,12],[20,1],[26,-8],[12,4],[11,9],[6,8]],[[5185,12184],[36,-11],[9,-6],[3,-8],[16,-4],[7,-7],[8,-2],[6,-10],[30,-8],[17,-12]],[[5332,12258],[-11,-4],[-24,1],[-13,8],[-18,-6],[-10,-1],[-15,3],[-12,11],[-19,-1]],[[3825,14017],[-194,125],[-32,8],[-7,4],[-122,0],[-60,3],[-12,5],[-19,42],[-13,22],[-67,35],[-59,40],[-122,92]],[[3118,14393],[-13,7],[-4,10],[0,13],[-7,24],[5,6],[13,-1],[19,-8],[17,1],[12,9],[12,16],[9,2]],[[3181,14472],[20,2],[7,3],[18,17],[27,17],[8,13],[7,22],[10,15],[6,16],[-1,4],[-14,11],[5,4],[24,3],[6,6],[-9,18],[0,15],[4,14],[11,26],[15,14],[26,1],[19,6],[21,16],[10,11],[5,11],[-5,10],[-1,13],[-4,8],[-12,6],[0,11],[-6,14],[1,31],[8,32],[-10,10],[-18,13],[-3,11],[-16,32],[-3,12],[0,21]],[[3337,14961],[29,1],[20,-3],[-7,-14],[-21,-4],[-2,-11],[6,-9],[-4,-10],[9,-22],[9,-13],[17,1],[11,-5],[7,9],[0,19],[12,1],[3,-4],[-7,-8],[7,-3],[-3,-10],[27,-4],[-13,-6],[-4,-6],[-11,4],[-8,-6],[-12,-3],[-7,-7],[2,-7],[-10,-10],[0,-14],[-5,-8],[4,-8],[15,-6],[11,-8],[0,-16],[9,-7],[47,14],[6,9],[15,6],[-5,16],[28,2],[8,3],[43,5],[13,3],[4,-3],[14,2],[14,-4],[-37,-15],[-9,2],[-11,-5],[-11,-8],[7,-7],[1,-10],[-6,-6],[10,-7],[38,8],[-14,-17],[-7,2],[-8,-5],[-36,-5],[-9,-3],[16,-11],[15,-3],[21,-1],[9,-7],[3,-7],[-22,4],[-13,7],[-27,-2],[-1,-8],[21,-6],[-5,-8],[21,-6],[1,-5],[19,-3],[3,-6],[-16,-5],[-13,9],[-11,-1],[-13,5],[-13,-6],[0,9],[-16,17],[-11,3],[-23,-1],[-15,-5],[-11,-15],[-7,-4],[-4,-21],[11,-10],[-12,-10],[-1,-28],[-6,-19],[-1,-11],[2,-11],[15,-19],[17,-6],[43,-8],[31,-2],[6,-4],[10,4],[48,-1],[52,2],[46,7],[19,5],[14,9],[2,8],[-17,15],[17,-1],[12,8],[-8,11],[0,6],[20,11],[11,15],[-8,18],[-20,15],[0,9],[12,3],[13,12],[-13,6],[3,4],[18,-1],[5,2],[7,15],[1,11],[-10,12],[1,4],[-6,10],[-21,4],[5,-9],[1,-10],[-5,-6],[-12,-1],[4,11],[-3,5],[3,21],[4,2],[-2,16],[-9,5],[-6,-6],[-16,14],[20,18],[9,17],[3,20],[-8,16],[-1,10],[-6,7],[-4,25],[-4,3],[-3,24],[-6,7],[-2,9],[-19,8],[-5,9]],[[4288,14777],[-11,-2],[3,-14],[-4,-8],[0,-9],[-9,-4],[-8,5],[-9,-2]],[[4789,12263],[-13,17],[-14,4],[-17,-4],[-1,-7],[-12,-15],[-21,-2],[-8,6],[-18,1]],[[4685,12263],[-8,4],[-12,12],[4,10],[-8,22],[-14,5],[-14,14],[0,7],[-8,17],[-1,22],[2,9],[-10,19],[-2,15],[5,9],[-9,8],[7,9],[-2,8],[-17,6],[-2,8],[7,3],[1,10],[-7,4],[-16,-1],[-3,7],[-20,18],[-14,-5]],[[4544,12503],[-7,0],[-9,6],[-8,0],[-22,-9],[-8,-6],[-10,-4],[-18,9],[-23,-1],[-27,3],[-8,-7],[-33,-1],[-19,-4],[-25,1],[-19,-2],[-26,-7],[-10,-19],[-14,-5],[-20,1],[-10,4],[-12,-2]],[[4216,12460],[-8,8],[1,23],[-12,10],[-18,10],[-23,5],[-18,-3],[-10,1],[-7,-17],[-13,-4],[-1,7],[-12,9],[-7,12],[0,13],[6,15],[-5,14],[0,13],[-3,12],[0,15],[-10,21],[1,9],[7,4],[3,23],[-2,6],[5,18],[-2,16],[-5,6],[2,11],[-8,6],[-3,10],[-10,2],[-8,17],[13,8],[-10,13],[-13,8],[3,18],[-2,5],[4,11],[4,21],[-2,10],[-19,11],[-6,7],[-2,10],[-11,12],[-16,6],[-8,8],[15,5],[11,11],[-1,10],[5,11]],[[6096,13729],[-10,5],[0,9],[-14,1],[-10,3],[-7,-4],[-5,-14],[-11,0],[2,-15],[-14,-15],[-17,-3],[-19,-8],[-8,1],[-6,-8],[4,-5],[-6,-8],[-20,-7],[-5,-18],[-5,-4],[-10,-16],[-7,-7],[2,-8],[-14,-15],[-6,-3],[0,-9],[-16,-10],[2,-9],[-16,-6],[-16,2],[-20,-10],[-9,-6],[1,-15],[-18,-11]],[[5607,11876],[18,-9],[24,-4],[1,-9],[-18,-8],[-9,-17],[9,-12],[3,-8],[-3,-9],[7,-14]],[[7285,13195],[-13,4],[-5,-3],[-11,3],[-11,7],[-11,1],[-6,-4],[-21,9],[-27,3],[-4,-17],[-11,-6],[-7,6],[-13,0],[-3,9],[-19,1],[-8,-7],[-6,5],[-19,-7],[-5,-4],[-16,0],[-33,17],[-30,-4],[-13,-3],[-5,-9],[-20,-11],[0,-4],[-15,-4],[-17,1],[-7,-9],[-14,-6],[3,11],[-20,-7],[-7,-10],[-27,-22],[-22,-4],[-10,3],[-25,-4],[-9,6],[-24,-3],[-5,8],[-18,4],[-6,-3]],[[6745,13142],[-10,5],[-2,11],[-14,-3]],[[4216,12460],[-8,1],[-28,9],[-14,-7],[2,-12],[-11,0],[-13,10],[-18,6],[-13,0],[-16,6],[-23,-2],[-18,2],[-17,-1],[-11,2],[-19,8],[-18,3],[-14,0],[-10,-3],[-7,7],[-32,-11],[-10,0],[-15,-10],[-7,-1],[-9,-7],[-16,6],[-13,-3],[-13,3],[-20,-4],[-2,-8],[-16,0],[-15,7],[-20,2]],[[3772,12463],[-8,8],[3,8],[7,7],[-11,10],[0,9],[6,11],[-13,8],[-3,6],[7,12],[-16,1],[-25,9],[-13,8],[-7,10],[17,17],[1,6],[-9,6],[-37,2],[-12,8],[-1,9],[3,11],[-11,11],[4,9],[12,0],[3,5],[-7,7],[-14,3],[0,5]],[[3648,12669],[4,11],[7,4],[17,4],[4,5],[-5,8],[-15,2],[-6,4],[4,9],[10,0],[13,-3],[5,2],[4,10],[-7,10],[-37,14],[-6,10],[3,6],[13,2],[23,-5],[11,5],[6,9],[-6,8],[-10,1],[-20,-8],[-14,2],[-6,5],[4,15],[14,9],[5,6],[-1,11],[8,0],[4,-9],[9,0],[4,6],[-2,11],[-14,11],[-25,9],[-8,11],[-13,1],[-19,-22],[-8,2],[-3,19],[0,9],[7,14],[-14,1],[-19,-7],[-10,13],[-7,29],[-4,8],[-21,13],[-17,-3],[-12,-11],[-8,1],[-13,12],[-6,9],[0,12],[12,17],[12,7],[25,-1],[9,1],[8,8],[-4,11],[-24,7],[-31,-6],[-21,2],[-9,10],[3,10],[18,12],[8,11],[-12,11],[-11,-2],[-14,-13],[-6,-13],[-5,-3],[-18,6],[-4,4],[-4,27],[-24,-3],[-15,6],[0,9],[16,4],[10,6],[10,13],[13,4],[-4,11],[-14,7],[-17,-2],[-7,6],[-3,9],[-10,10],[8,24],[-5,18],[12,14],[-3,5],[-20,4],[-2,6],[5,11],[15,4],[29,0],[10,-5],[10,2],[3,12],[16,23],[10,5]],[[3446,13273],[1,-4],[22,-11],[0,-6]],[[7284,13104],[-8,-3],[-16,1],[-9,3],[-8,-2],[-8,-10],[-14,-2],[-5,-8],[-10,-4],[-4,5],[-11,-1],[-6,12],[-9,-2],[-8,3],[-3,-16],[-12,-1],[-11,-5],[-6,-9],[-21,-4],[-2,5],[-10,2],[-3,7],[-11,12],[-5,0],[-23,-21],[-8,3],[-4,-8],[-7,-1],[-14,3],[-9,-4],[0,-14],[-28,-2],[-22,10],[-22,-7],[-9,2],[-11,-15],[-7,-5],[-28,-2],[-16,9],[-11,2],[-47,-9],[-33,-4],[-25,1],[-22,-3],[-5,6],[6,11],[-8,10],[-29,3],[-24,8],[7,9],[-3,5],[1,16],[-8,15],[24,10],[19,2],[4,9],[13,4],[10,12]],[[7836,13462],[60,40],[212,136],[162,105],[106,68]],[[8376,13811],[-3,-11],[-7,-11],[-5,-12],[1,-14],[7,-17],[-4,-13],[-2,-21]],[[8363,13712],[-2,-7],[-10,-10],[-13,-20],[1,-13],[9,-9],[3,-15],[-4,-32],[7,-11],[17,-13],[10,-11],[22,-14],[18,-16],[0,-13],[8,-31],[-1,-9],[4,-8],[0,-8],[-7,-13],[-20,-19],[-29,-20],[-14,-3],[-19,-14],[-22,-4],[-23,-9],[-18,-10],[-22,-8],[-17,-12],[-21,-7],[-10,-11],[-11,-16],[-26,-17],[-20,-9],[-21,-15],[-6,-8],[-18,-13],[-2,-17],[-8,-10],[-15,-15]],[[8083,13222],[-4,-8],[-22,-25]],[[8057,13189],[-8,-7],[-1,-6],[-29,-13],[-16,2],[-28,-25],[-14,-2],[-15,-11],[-26,-6],[-21,3],[-21,-6],[-21,-8],[-23,-20],[-10,-14],[-9,-9],[-17,-5],[-16,-9],[-12,-1],[-15,-5],[-31,-5],[-9,-6],[-4,-8],[-14,-14],[-6,-1],[-10,5],[-29,0],[-6,-2]],[[6727,18185],[1,11],[10,4],[21,5],[-8,5],[-1,9],[20,11],[17,-5],[13,10],[-4,11],[-11,6],[14,11],[5,-2],[9,8],[26,1],[13,-5],[5,2],[11,18],[8,12],[-21,-8],[-14,-3],[-17,2],[-3,-4],[-16,-1],[-4,5],[6,18],[-6,2]],[[6801,18308],[21,4],[23,8],[1,10],[-14,46],[4,0]],[[6836,18376],[6,-14],[4,-22],[4,-9],[9,-12],[18,-13],[40,-17],[16,-11],[13,-6],[23,-16],[12,-12],[8,-13],[5,-16],[-2,-30]],[[6992,18185],[-30,-3],[-11,-7],[-20,-8],[-8,-11],[-25,1],[-20,-10]],[[6878,18147],[-23,9],[-16,21],[-13,-3],[-19,3],[-13,7],[-24,1],[-1,6],[-12,-1],[-8,2],[-22,-7]],[[6684,18080],[12,-1],[8,-5],[11,4],[9,-7],[16,-7],[9,6],[9,-7],[9,11],[8,-3],[14,3],[15,0]],[[6804,18074],[0,-11],[8,-8],[-26,-29],[5,0]],[[6791,18026],[-8,-10],[6,-8],[-10,-17],[10,-3],[-6,-9],[2,-11],[-16,2],[-5,-13],[0,-12],[16,-21],[17,-3]],[[6797,17921],[-4,-4],[-12,-3],[-4,-6],[-14,6],[-14,-5],[-1,-11],[-13,-1],[-7,3],[-24,4]],[[6704,17904],[-16,4],[12,15],[-3,8],[9,6],[-7,6],[16,14],[-9,4],[0,9],[-5,6],[-27,10],[-10,8],[-7,-2],[-15,5],[-24,2]],[[6618,17999],[-15,5],[5,5],[-1,13],[-5,7]],[[6602,18029],[11,6],[8,-4],[24,4],[5,8],[-2,9],[13,9],[13,6],[10,13]],[[6911,17630],[-6,-9],[-3,-29]],[[6902,17592],[0,-10],[-10,-21],[-15,-17],[-14,-1],[-19,-8],[-18,-12],[-6,-8],[-7,-16],[4,-8]],[[6817,17491],[4,-15],[-12,-16]],[[6809,17460],[-16,5],[-17,8],[-25,2],[-1,-4],[-22,-7],[1,-7]],[[6729,17457],[-17,2],[-15,5],[5,6],[11,0],[11,11],[-10,5],[-14,-1],[-9,18],[-9,-1],[-28,9]],[[6654,17511],[14,2],[10,13],[2,7],[10,12],[13,0],[14,-9],[4,9],[9,1]],[[6730,17546],[23,5],[18,-9],[2,10],[13,1],[25,9],[8,8],[7,-5],[10,0],[10,34],[12,7],[23,26],[7,12]],[[6888,17644],[9,-1],[14,-13]],[[6730,17546],[-6,7],[4,12],[-12,14],[-9,3],[2,29],[13,-4],[8,1],[2,14],[-2,17],[4,20],[6,16],[-15,4],[2,6],[-7,7]],[[6720,17692],[-1,6],[9,10],[20,-1],[16,9],[24,1],[21,8],[6,5],[14,-2]],[[6829,17728],[17,-8],[9,-10],[8,-4],[-7,-13],[15,-22],[14,-9],[7,-10],[-4,-8]],[[6878,18147],[-3,-7],[-13,-9],[-4,-18]],[[6858,18113],[-10,-10],[4,-10],[-40,-10],[-8,-9]],[[6684,18080],[7,9],[18,16],[-6,13],[8,7],[6,47],[3,8],[7,5]],[[6618,17999],[-13,-7],[-2,7],[-13,0],[4,-8],[-6,-10],[-29,1],[-3,-9],[-26,2]],[[6530,17975],[-17,4],[-12,-7],[-9,0],[-26,6],[-18,13],[-18,5],[-17,1],[-12,2],[1,7],[-7,2],[-8,12],[-35,5],[-9,-9],[-6,2],[-46,-5],[-15,3],[-39,0]],[[6237,18016],[12,15],[27,2],[20,13],[27,0],[11,2],[12,6],[7,14],[5,5],[14,3],[23,11],[27,3],[5,8],[26,6],[6,10],[12,0]],[[6471,18114],[19,-10],[3,8],[18,-6],[3,-9],[9,-3],[28,-17],[12,0],[13,-3],[-1,-8],[6,-2],[-1,-12],[7,-5],[13,-2],[-5,-14],[7,-2]],[[6489,17872],[2,-13],[6,-2],[4,-9],[-10,-14],[-2,-9],[14,-11],[2,-17],[-11,-32]],[[6494,17765],[-17,9],[-21,6],[-10,-11],[-11,-7],[-16,1],[-17,12],[-12,-4],[-1,-5],[-9,-9],[-5,-10],[-13,6],[-6,-10],[-32,5],[-13,-13],[-91,-13]],[[6220,17722],[-12,-1],[-5,10],[4,9],[10,9],[5,26],[-6,13],[8,4],[1,16],[-7,8],[-1,8],[-22,12],[5,5],[-3,9],[-10,14],[7,7],[-1,8],[-8,7]],[[6185,17886],[5,-2],[17,8],[14,1],[21,-23],[8,-10],[9,1],[13,12],[29,2],[14,4],[23,-6],[69,8],[16,-1],[9,-6],[57,-2]],[[6858,18113],[27,7],[4,-3],[-8,-12],[18,-3],[10,5],[3,6],[11,-7],[6,2],[10,-5],[16,-1],[4,8],[13,-3],[-1,11],[27,-6],[19,-1],[7,-10]],[[7024,18101],[0,-18],[-6,-17],[1,-14]],[[7019,18052],[-20,0],[-3,-14],[-22,2],[-58,-15],[-7,0]],[[6909,18025],[-118,1]],[[6654,17511],[-12,2],[-4,12],[-34,0],[-20,-9],[2,-11],[-9,-2],[-18,2],[-7,-11],[-14,0]],[[6538,17494],[-17,7],[-17,10],[-24,24],[-9,7]],[[6471,17542],[16,4],[10,7],[21,57],[-3,4],[10,10],[10,4],[16,2],[4,3],[-7,43]],[[6548,17676],[27,0],[11,-4],[9,-1],[4,8],[9,-5],[18,5],[15,11],[18,1],[-1,12],[62,-11]],[[7041,17950],[3,-26]],[[7044,17924],[1,-47],[4,-14],[-2,-12],[-14,-5],[-23,-14]],[[7010,17832],[-21,2],[-8,-3],[-24,1],[-22,9],[-14,-2],[-18,0],[-6,3],[-12,12],[-16,5],[-9,-1],[0,16]],[[6860,17874],[23,19],[11,-2],[11,7],[15,-1],[9,13],[2,9],[10,10],[17,0],[4,4],[13,2],[5,8],[7,-2],[5,8],[19,-2],[11,4],[19,-1]],[[6530,17975],[-8,-2],[-5,-14],[24,-1],[0,-9],[3,-25],[-16,-7],[-5,-7],[1,-10],[-6,-7]],[[6518,17893],[-28,-8],[9,-6],[2,-7],[-12,0]],[[6185,17886],[-1,8],[7,17],[-8,7],[7,9],[6,20],[22,16],[1,14],[-13,7],[-14,0],[-12,-3],[-3,6],[-18,2],[-11,-4]],[[6148,17985],[10,11],[7,16],[20,-4],[29,-4],[16,3],[7,9]],[[6909,18025],[-15,-18],[0,-6],[13,3],[1,-18],[-6,-2]],[[6902,17984],[-12,-3],[-24,-38],[-3,-13],[-6,-2],[-5,-29],[-11,1]],[[6841,17900],[-15,1],[-19,10],[-10,10]],[[6829,17728],[16,29],[0,8],[9,7],[-57,149]],[[6841,17900],[8,-13],[0,-4],[11,-9]],[[7010,17832],[-1,-6],[12,-14],[16,-6],[8,-12],[1,-7],[-3,-15]],[[7043,17772],[-12,-10],[-8,-15],[4,-24],[0,-11],[-5,-10],[-9,-5],[-37,-12],[-25,-16],[-27,-23],[-13,-16]],[[6727,18185],[-8,8],[-10,3],[3,11],[13,10],[-22,5],[-7,-3],[-16,2],[-5,-6],[-10,6],[-3,6],[-25,-2],[-13,1]],[[6624,18226],[14,2],[15,5],[8,6],[10,20],[10,3],[7,8],[20,6],[13,8],[3,7],[-4,7],[3,7],[30,-3],[30,1],[18,5]],[[6494,17765],[15,-6],[18,-15],[13,-21],[9,-29],[-1,-18]],[[6471,17542],[-17,3],[-8,-1]],[[6446,17544],[-30,-8],[-21,-3],[-10,-4]],[[6385,17529],[-22,15],[-8,10],[-11,7],[-3,12],[-8,10],[-13,5],[-4,5],[-14,5],[-3,-4],[-23,-3]],[[6276,17591],[-7,2],[-14,8],[9,14],[-12,5],[-12,1],[-15,7],[-9,-6],[-7,4],[0,6],[-12,14],[-1,10]],[[6196,17656],[8,9],[-4,6],[7,17],[16,13],[-5,9],[8,4],[-6,8]],[[7019,18052],[5,-32],[6,-16],[11,-16],[4,-11]],[[7045,17977],[-22,-2],[-1,5],[-52,3],[-22,4],[-14,-4],[-21,-3],[-11,4]],[[6518,17893],[14,1],[8,12],[12,-8],[19,-2],[2,6],[9,0],[17,-7],[1,-4],[14,-2],[10,2],[18,-24],[10,14],[25,4],[20,-3],[-4,10],[11,12]],[[6729,17457],[-4,-15],[-16,-5],[-15,-21],[5,-14],[-3,-3]],[[6696,17399],[-46,44],[-9,4],[-17,14],[-13,6],[-28,17],[-30,4]],[[6553,17488],[-15,6]],[[7045,17977],[-4,-14],[0,-13]],[[6992,18185],[6,-11],[14,-8],[16,-11],[28,-13],[-5,-7],[-22,-13],[-5,-12],[0,-9]],[[6809,17460],[-19,-27],[-25,-27],[-13,-24],[-8,-26],[-4,0]],[[6740,17356],[-44,43]],[[6471,18114],[22,4],[16,7],[15,12],[18,30],[5,13],[0,10],[-12,0],[-8,-6],[-8,-1],[-8,-8],[-13,-1],[19,16],[13,2],[13,13],[35,18],[7,1],[39,2]],[[8221,10845],[9,-6],[-5,-5],[12,-7],[-8,-9],[-13,0],[-5,-12],[0,-15],[-5,-14],[14,-8],[6,-20],[-1,-16],[-9,-31],[2,-19],[14,-7],[2,-6],[-17,-14],[-20,0],[-8,-13],[1,-11],[12,0],[20,-5],[-1,-15],[17,1],[20,5]],[[8258,10618],[1,-5],[-14,-15],[-3,-10],[5,-6],[-15,-18],[0,-9],[-4,-22]],[[8228,10533],[-15,2],[-23,-4],[0,-9],[-5,-14],[-6,-4],[-11,-28],[-10,0]],[[8158,10476],[-13,-4],[-26,5],[-5,-33],[0,-20],[-2,-8],[-14,-7],[-12,3],[-25,-15],[-8,-16],[-1,-20],[-7,-15],[9,-22],[9,-7],[14,0],[5,-20],[-5,-9],[-1,-12],[-12,-11],[-1,-10],[-11,-3],[-3,-15],[-8,-3]],[[8041,10234],[-10,-13],[-6,-19],[-12,-13],[-16,-10],[-10,-10],[1,-7],[10,-7],[0,-6],[7,-9],[9,-5],[-4,-9],[4,-18],[17,-15],[-1,-7],[8,-9],[18,3]],[[8056,10080],[1,-16],[-5,-6],[-3,-10],[2,-11],[6,-16],[-16,-9],[-16,0],[-4,-26],[6,-4],[-8,-24],[11,-14],[1,-16],[-14,-25],[-21,-21],[-7,-15]],[[7989,9867],[-6,11],[-9,5],[-16,-3],[-9,3],[-14,-11],[-16,6],[-15,1]],[[7904,9879],[-7,0],[-17,-8],[-20,-16],[-7,-15],[1,-4],[-11,-11],[-7,-17],[-12,-9],[-14,0],[6,-18],[0,-6],[-15,1],[-14,-5],[-3,-14],[-10,-13],[-19,-18],[-7,-4],[-11,-1],[-10,7],[-12,-11],[8,-15],[14,-19],[-5,-13],[12,-1],[9,-8],[-1,-12],[-6,-6],[-13,2],[-17,-5],[-2,10],[-13,4],[-6,-6],[-9,0],[-2,-12],[-12,1],[-14,-9],[0,-6],[-17,-12],[-24,-8],[0,-7],[-27,-9],[11,-11],[0,-10],[-12,1],[-8,-2],[2,-8]],[[7583,9556],[-6,-9],[-7,0],[-17,4]],[[7553,9551],[-14,1],[-25,-13]],[[7514,9539],[-9,5],[-8,10],[-1,8],[6,6],[11,4],[11,8],[0,17],[5,6],[9,0],[16,12],[6,12],[27,24],[8,20],[2,10],[6,8],[-1,8],[8,11],[10,6],[17,26],[9,18],[8,37],[-3,3],[1,21],[-2,8],[-14,13],[-15,5],[21,32],[-2,12],[-4,14]],[[7636,9903],[8,17],[16,10],[1,21],[10,16],[3,16],[6,2],[14,21],[10,8],[11,-5],[18,-14],[18,-8],[26,-3],[11,-3],[12,-9],[10,-1],[11,10],[12,4],[-1,12],[5,22],[-2,8],[3,19],[-1,7],[6,14],[-3,11],[3,7]],[[7843,10085],[3,11]],[[7846,10096],[5,7],[5,18],[6,7],[13,4],[4,11],[17,10],[5,12],[-3,6],[1,13],[-19,5],[-8,11],[9,5],[5,24],[-4,42],[-2,5],[3,13],[-1,9],[4,12],[-1,8]],[[7885,10318],[6,6],[-3,9],[14,30],[9,10],[24,44],[2,19],[7,9],[-1,11],[-4,9],[11,4],[-11,8],[-3,11],[-6,6],[11,11],[10,4],[-5,8],[0,16],[-4,20],[-7,23],[-33,6],[-32,28],[1,6]],[[7871,10616],[9,6],[8,0],[9,13],[16,6],[6,6],[11,-5],[11,1],[13,6],[15,3],[3,9],[-14,2],[-8,10],[1,6],[10,7],[-7,10]],[[7954,10696],[4,3],[-4,15],[5,5],[14,5],[6,7]],[[7979,10731],[13,0],[19,6],[11,1],[1,18],[8,1],[0,8],[14,10],[4,11],[-1,17],[12,4],[4,10],[16,2],[4,-10],[10,7],[-2,8],[14,6],[-12,10],[1,6],[12,1],[-12,12],[7,3]],[[8102,10862],[9,3],[18,-2],[10,-8],[11,5],[35,-12],[36,-3]],[[4661,16331],[2,-7],[-4,-14],[-6,-4],[-17,8],[10,14],[15,3]],[[5193,16818],[7,-7],[31,-4],[0,-7],[-41,-1],[3,9],[-6,5],[6,5]],[[5295,17252],[10,-9],[-12,-3],[-9,11],[11,1]],[[5381,17272],[18,-7],[-14,-3],[-4,-4],[-17,0],[-1,11],[12,-1],[6,4]],[[5647,17509],[8,-10],[20,-9],[11,0],[17,-3],[2,-4],[-14,-4],[15,-12],[-12,-5],[-3,-7],[-13,7],[-22,-1],[-12,-7],[0,-13],[-9,-5],[-15,3],[-3,10],[4,10],[-3,9],[2,13],[9,8],[10,5],[8,15]],[[6031,17788],[1,-12],[-11,-4],[-3,-21],[-7,1],[-13,-5],[-11,-14],[3,-11],[-16,-8],[-17,-2],[-3,-8],[14,3],[14,-5]],[[5982,17702],[0,-12],[-14,0],[-17,3],[-8,-22],[-9,0],[-7,-9],[-13,-45],[3,-15],[-8,-24],[-14,-16],[-26,-13],[28,-15]],[[5897,17534],[-2,-8],[-16,-5],[-29,5],[1,-7],[-13,-12],[-28,-19],[22,-19],[-1,-25],[35,-14],[-1,-6]],[[5865,17424],[-23,5],[-11,5],[-17,2],[-15,-2],[1,-22],[6,-6],[1,-13],[-14,-1],[-6,-19],[-5,-4],[6,-12],[-19,-10],[29,-8],[-10,-30],[-46,-5],[23,-58],[-22,0],[-5,6],[-15,4],[-8,6]],[[5715,17262],[16,-2],[4,22],[-6,17],[1,18],[-8,7],[-14,4],[22,8],[-25,9],[-13,-5],[-14,-13],[-16,-3],[-20,-5],[-11,-6],[-11,-10],[-19,-12],[-30,-3],[-5,-7],[-12,-10],[-16,-2],[3,-8],[-12,-9],[-8,-13],[-30,-22],[-17,3],[-7,-10],[-9,-2],[-14,4],[-7,5],[-1,7],[12,2],[17,10],[7,8],[26,-2],[19,6],[7,10],[-8,7],[13,3],[13,10],[8,2],[9,10],[11,7],[6,12],[9,4],[12,14],[1,8],[29,-8],[-1,7],[-17,6],[-11,-2],[-10,7],[-17,5],[15,13],[20,-1],[15,6],[-8,19],[8,16],[7,6],[13,2],[0,-15],[-7,-4],[9,-12],[13,-6],[13,1],[9,6],[12,4],[15,-3],[14,6],[-5,8],[10,4],[1,5],[11,-1],[8,5],[21,4],[-1,8],[-10,21],[2,9],[-4,6],[7,4],[-6,27],[3,5],[-6,17],[-12,5],[-17,-2],[-5,6],[14,13],[-5,5],[-16,3],[-4,4],[-12,4],[-11,-20],[-8,-6],[-10,7],[14,7],[7,6],[1,8],[-5,10],[13,9],[22,8],[26,16],[26,20],[11,14],[6,11],[-8,8],[-8,2],[-2,15],[6,10],[7,19],[-15,20],[-19,11],[6,15],[16,4],[13,1],[29,5],[19,7],[10,11],[10,36],[21,11],[12,2],[18,8],[8,9],[29,14],[6,15],[-1,8],[49,6],[14,4],[26,0],[36,4],[34,7],[9,4]],[[6110,17894],[10,-14],[-3,-14],[2,-15],[-5,-8],[-15,-9],[-6,-15],[-8,-5],[-14,1],[-4,-4],[-16,-2],[-10,2],[-11,-3],[-7,-11],[8,-9]],[[7466,15642],[10,-3],[15,-9],[-5,-10],[-33,-7],[-11,-12],[13,-1],[95,0],[2,-6],[-8,-10],[19,-8],[14,1],[2,-7],[13,1],[7,-4],[0,-13],[15,-4],[6,2],[5,-11],[-5,-6],[-18,-11],[-4,-12],[13,-14],[9,-3],[10,-9],[-11,-6],[-2,-17],[3,-11]],[[7620,15452],[11,-28],[8,-4],[-2,-13],[11,-9],[9,3],[14,-2],[23,-13],[12,-3],[-9,-15],[-18,-12],[-13,-5],[0,-18],[10,-11],[-2,-8],[-10,-7],[-1,-9],[-26,-5],[-7,-7],[-14,7],[-22,-6],[1,-9],[-7,-6],[8,-6],[7,-9],[22,-4],[6,-4],[17,-1],[5,-6],[-12,-5],[-1,-5],[-15,-1],[-9,-7],[2,-10],[-8,-9],[-15,1],[-26,11],[-12,-1],[-5,-12],[-12,-10],[-8,-13],[-25,-5],[2,-6]],[[7509,15170],[-11,-3],[-1,-8],[-7,-3],[-3,-12],[-17,3],[-17,-7],[-20,8],[-11,-6],[-13,3],[-15,0],[-6,-15],[3,-9],[-5,-26]],[[7386,15095],[-15,8],[-7,9],[1,7],[-5,5],[14,15],[2,10],[-3,8],[-8,8],[-14,3]],[[7351,15168],[2,22],[7,7],[1,13],[-2,16],[-20,23],[-14,9],[-3,6],[-12,-3],[-9,5]],[[7301,15266],[4,9],[-12,15],[3,21],[14,2],[-1,13],[1,14],[-15,12],[-23,10],[-12,1],[-2,12],[13,12],[-4,7],[5,17],[-3,8],[-16,17],[2,9],[9,8],[0,8],[-9,6],[5,13],[-4,15],[-7,13],[-9,5],[-4,13],[1,4]],[[7237,15530],[13,12],[0,6],[-16,10],[6,11],[16,1],[12,-3],[3,8],[19,8],[1,13],[18,12],[23,7],[16,-2],[2,7],[-14,10],[-14,14],[-8,2],[-5,12]],[[7309,15658],[42,1],[20,-3],[12,-6],[61,-5],[14,-8],[8,5]],[[7946,15441],[-39,0],[-9,-7],[-9,0]],[[7889,15434],[-65,40],[-16,8],[-4,10],[-17,4],[-15,7],[3,9],[9,3],[-3,7],[-25,4],[4,10],[-6,6],[3,19],[4,8],[-7,11],[7,5],[-15,6],[-8,7],[-10,2],[-15,18],[4,13],[25,3]],[[7742,15634],[14,-11],[23,3],[16,-5],[29,-4],[19,-5],[23,5],[16,12],[6,3],[19,-2],[17,14],[19,2],[10,5],[17,3],[38,-11],[17,4],[6,5],[19,9],[10,-5],[0,-6],[7,-8],[12,-6],[11,4],[20,1],[-1,-8],[8,-5],[4,-7],[-9,-9],[-5,-11],[-6,-4],[5,-10],[-3,-5],[-11,-1],[-16,-14],[-11,-5],[-19,-17],[1,-11],[-5,-6],[-14,-4],[-27,-18],[-20,-3],[1,6],[-31,1],[0,-3],[-28,1],[-18,-2],[-9,-20],[1,-9],[17,-4],[14,-1],[34,8],[5,0],[1,-17],[-6,-15],[-16,-7]],[[8434,15220],[-3,-19],[-5,-10],[8,-15],[9,-9],[5,-17],[-8,-19],[-25,-1],[1,-9],[-5,-7],[-35,0],[0,-6],[-8,-8],[-18,5],[-7,8],[-9,-6],[-13,3],[-15,9],[-18,-2],[-15,-6],[-23,3],[-26,-9],[-19,3],[-4,-11],[-9,-7],[-20,3],[-17,-3],[-11,-4],[-6,-10],[-9,-6],[-40,-10],[-4,-8],[-19,3],[-3,-5],[-16,-9],[-15,3],[-14,-7],[-7,0],[-6,-15],[-20,4],[-12,-1],[-5,-5],[3,-11],[-10,-17],[-10,-4],[-4,-11],[-14,-5],[-10,4],[-12,-3],[-13,-17],[-8,-1],[-14,-13],[13,-5],[-5,-6],[-20,-13],[-27,-12],[7,-10],[-18,-15],[-11,-4],[-8,-8],[1,-5],[-8,-7],[3,-7],[-13,-7],[-12,3],[-9,-6]],[[7769,14840],[-13,2],[-14,6],[-9,-2],[-11,3],[-9,10],[-15,9],[-7,14]],[[7691,14882],[-3,10],[1,9],[18,13],[-2,12],[2,10],[18,14],[14,1],[14,6],[4,12],[11,7],[1,5],[16,7],[30,6],[23,26],[1,7],[18,10],[0,12],[42,8],[10,9],[11,-1],[27,8],[-1,12],[11,14],[17,-2],[13,8],[5,8],[22,8],[7,10],[13,-1],[13,7],[14,-10],[22,-2],[28,23],[11,0],[21,5],[-3,6],[5,11],[14,-1],[23,8],[20,0],[6,5],[15,-4],[8,10],[-4,5],[19,12],[0,4],[19,2],[15,11],[13,1],[5,5],[20,9],[15,2],[18,-2],[27,-11],[28,-2],[13,-5],[15,1]],[[6106,17452],[11,-1],[3,-5],[19,-1],[23,-7],[8,-5],[-1,-6],[9,-8],[-10,-11],[10,-11],[17,-9],[11,-4]],[[6206,17384],[-30,-24],[-21,-12],[-20,-6],[-2,-6],[9,-16],[10,1],[7,-5],[13,2],[13,-14],[-14,-23],[-26,-10],[-6,-8],[-2,-14],[-5,-4],[5,-7],[16,-5],[5,-11],[0,-7],[31,-2],[4,-3],[-4,-44],[-10,-6],[-28,2],[-7,-3],[-19,5]],[[6125,17164],[-82,-7],[-6,2],[-36,1],[-27,-21],[-6,-3],[-19,-1],[-12,-6],[-21,-18],[9,-6],[-11,-7],[-12,-13],[-13,1],[-13,-3],[5,-5],[-10,-5],[-7,3],[-8,9],[-1,6],[-10,5],[-14,1],[-22,5],[-17,-6]],[[5792,17096],[-8,2],[-16,-4],[-15,-12],[-16,1],[-17,8],[-4,7],[-15,0],[-4,9],[78,119]],[[5775,17226],[21,11],[16,-1],[15,6],[17,-1],[21,8],[10,9],[3,20],[-5,6],[-3,15],[6,3],[14,-1],[20,8],[23,4],[0,11],[13,8],[12,3],[-6,19],[10,23]],[[5962,17377],[-8,9],[-1,7],[8,8],[14,3],[4,5],[31,-3],[10,11],[15,1],[21,10],[6,7],[-2,8],[10,2],[7,-6],[12,-2],[11,20],[6,-5]],[[6483,17382],[-1,-7],[15,-1],[6,-4],[11,-2],[10,7],[6,9],[10,-4],[10,9],[15,7],[-12,6],[14,19],[-14,1],[-1,7],[14,1],[12,-2],[11,10],[26,9],[14,-6],[4,-8],[1,-11],[-8,-13],[4,-6],[9,-4],[17,0],[9,-24],[-17,-2],[1,-6],[11,-6],[2,-10],[-1,-16],[1,-13],[4,-4],[-7,-13],[-7,0],[-11,-7],[0,-5],[-24,6],[-9,0],[-39,-8],[-8,4],[-21,1],[-22,-18],[-13,2],[-9,-4],[1,-7],[-8,-7],[4,-5],[-2,-9],[-18,-3]],[[6473,17245],[-6,7],[-11,-3],[-12,6],[-11,-4],[-20,4],[4,6],[11,-1],[7,11],[-13,17],[18,7],[-4,9],[2,9],[11,0],[5,6],[9,1],[-3,9],[-15,-2],[-1,11],[-14,4],[6,11],[8,2],[-2,14],[12,12],[13,5],[16,-4]],[[7742,15634],[-10,11],[-7,15],[-16,21],[-5,4],[-35,15],[-24,0],[-1,9],[35,-1],[7,-6],[11,-5],[6,1],[17,9],[8,0],[1,-14],[6,-6],[14,-4],[12,6],[17,1],[8,-2],[4,6],[16,13],[19,9],[3,21],[8,3],[5,15],[-7,8],[3,8],[17,4],[13,15]],[[7867,15790],[19,-3],[13,-4],[7,9],[9,2],[21,-3],[19,0],[13,-7],[18,-3],[6,8],[10,3],[14,-8],[12,1],[11,8],[21,7],[15,-1],[11,-4],[21,2],[12,-6]],[[8119,15791],[-2,-10],[-7,-57],[11,-9],[0,-8],[-11,-11],[3,-14],[10,-32],[39,-23],[14,-19],[-7,-13],[-16,-9],[-5,-9],[8,-2],[0,-9],[-18,-7],[3,-8],[12,-9],[0,-6],[-16,-14],[-8,1],[-18,-15],[-13,-8],[-12,-5],[-6,-15],[-11,-8],[-9,-1],[-8,-7],[-25,-10],[-19,-13],[2,-2]],[[8010,15439],[-37,0],[-6,5],[-21,-3]],[[6740,17356],[-8,-19]],[[6732,17337],[-4,-8],[-12,-9],[-7,-16],[-4,-15],[1,-17],[-3,-9],[-9,-18],[-9,-12],[-4,-15],[2,-12]],[[6683,17206],[-8,-4],[-27,-6],[-10,-9],[-17,1],[-6,-5],[-15,-6],[-27,2],[-5,5],[-24,1]],[[6544,17185],[-15,5],[-5,6],[-19,1],[-39,-9],[-14,6]],[[6452,17194],[-2,12],[6,4],[3,13],[8,11],[9,4],[-3,7]],[[6483,17382],[7,8],[-1,13],[-6,0],[-13,-9],[-15,-5]],[[6455,17389],[-9,-1],[5,30],[18,2],[11,14],[2,16],[-4,14]],[[6478,17464],[36,0],[10,4],[2,5],[24,8],[3,7]],[[7770,13467],[-6,6],[-11,4],[3,6],[17,2],[7,3],[3,11],[-4,5],[8,8],[15,19],[5,9],[14,7],[8,11],[14,2],[8,16],[8,-1],[12,9],[-5,12],[-17,7],[-4,11],[3,13],[10,7],[3,9],[-6,7],[-12,3],[-2,8],[-16,7],[-28,4],[-21,10],[-11,16],[-2,10],[5,3],[-7,12],[-2,10],[13,20],[35,5],[9,-4],[20,17],[40,1],[9,5],[4,8],[29,3],[6,6],[25,12],[16,1],[15,-4],[12,1],[11,-3],[31,9],[-2,13],[-10,14],[-22,-2],[-7,9],[18,4],[4,13],[13,7],[8,-2],[5,9],[16,11],[4,7],[11,-1],[18,25],[13,1],[11,-4],[16,1],[24,-1],[9,-12],[6,4],[16,-3],[4,4],[20,2],[16,13],[9,4],[15,0],[2,4],[12,6],[18,18],[15,0],[4,7],[17,12],[92,-1]],[[8409,13972],[-1,-25],[-4,-7],[-4,-21],[-11,-5],[6,-16],[0,-11],[-10,-37],[-6,-12],[-1,-23],[-2,-4]],[[7167,16084],[-14,-16],[-6,-12],[-16,3],[-17,-4],[-22,7],[-11,2],[-6,-3],[-30,7]],[[7045,16068],[-2,15],[-17,13],[-29,2],[-7,2],[-3,12],[11,7],[8,0],[11,8],[2,15],[12,28],[17,10],[22,17],[31,8],[12,5],[9,10]],[[7122,16220],[0,-5],[9,-17],[6,2],[16,-6],[14,10],[45,-1],[-7,-10],[3,-13],[12,-12],[-20,-3],[-12,-20],[-11,-8],[3,-8],[-12,-7],[0,-6],[-15,-14],[11,-8],[3,-10]],[[6657,16669],[7,-5],[17,-3],[23,-10],[9,2],[12,-4],[20,3],[19,-2],[8,-9],[16,3],[15,0],[13,-10],[11,2],[95,-1],[15,0]],[[6937,16635],[8,-8],[15,-23],[8,-26],[-4,-25],[-11,-12],[-24,-16],[-16,-8],[-2,-10],[17,-11],[14,-12],[16,-22]],[[6958,16462],[2,-14],[-22,-21],[-15,-11],[-12,-5],[-4,-11],[5,-10],[8,-7]],[[6920,16383],[-48,-17],[-13,2],[-6,-6],[-15,-5],[-4,-9],[-10,-10],[-17,-2],[-9,-3],[-12,8],[-19,-5],[-16,-7],[-7,-8],[-17,1],[-6,-3]],[[6721,16319],[-4,4],[4,9],[10,10],[6,10],[43,11],[-22,9],[-16,0],[-8,9],[-18,4],[-6,4],[-11,1],[-17,-13],[-23,-4]],[[6659,16373],[-16,2],[-19,12],[-17,3],[-8,-1],[-29,12],[-6,7],[-6,-4],[-18,9],[-6,8]],[[6534,16421],[14,27],[-3,17],[13,9],[1,8],[14,4]],[[6573,16486],[11,4],[12,12],[3,11],[12,10],[-12,10],[-1,8],[9,3],[3,9],[11,6],[2,15],[6,10],[21,7],[10,14],[-7,8],[-15,4],[-7,6],[6,8],[16,11],[-9,5],[-8,9],[-10,7],[15,5],[16,1]],[[6031,17788],[12,-6],[15,11],[4,-8],[19,-10],[-5,-7],[13,-9],[8,-2],[8,6],[7,-14],[-1,-14],[-4,-9],[5,-9],[7,-1],[8,6],[13,0],[14,-8],[17,-4],[4,14],[12,-4],[17,-2],[-24,-27],[-7,-14],[7,-9],[10,-3],[-5,-8]],[[6185,17657],[-20,9],[1,9],[-15,4],[-5,5],[-11,-9],[-9,-3],[-21,1],[-20,4]],[[6085,17677],[-6,0],[2,15],[-6,1],[-3,-12],[-7,-4],[-10,4],[-23,-3],[-8,13],[-11,3],[-12,0],[-19,8]],[[6573,16486],[-5,3],[-20,-2],[-19,13],[-6,1],[-23,-9],[-21,3],[-13,-3],[-12,6],[-1,9],[-29,19],[-1,5],[-12,1],[-13,9],[-23,8],[-1,18],[-8,3],[-27,3],[-14,7],[-8,8],[-16,-12],[-6,-1],[-7,11],[5,5],[-9,11],[33,18],[4,7],[-24,-8],[-15,8],[-10,0],[-11,7],[-14,1],[-10,-3],[-22,2],[-14,4],[-15,7],[-11,0],[-26,11],[-2,9],[3,9],[-17,1],[-33,-19],[-1,-14],[-24,-6],[-3,-10],[-17,-30],[0,-4]],[[6055,16592],[-11,3],[6,14],[-12,4],[-12,12],[-28,3],[-1,-19],[-18,-1]],[[5979,16608],[-4,20],[-13,5],[4,8],[10,0],[0,11],[6,11],[-12,1],[11,16],[1,12],[-9,5],[8,9],[-8,5],[8,12],[8,0],[5,15],[7,-1],[5,17],[16,26],[3,15],[4,3],[12,28],[-9,12],[4,8]],[[6036,16846],[12,20],[-5,3],[5,13],[16,11],[3,12]],[[6067,16905],[5,2],[20,-1],[16,-8],[28,-3],[10,-3],[11,2],[6,6],[11,-4],[16,-2],[3,-9],[9,2],[7,-29],[-6,-6],[-4,-15],[-8,-18],[21,-11],[1,-9],[-5,-7],[14,-3],[11,4],[27,0],[20,-2],[10,-9],[10,5],[9,9],[9,0],[10,-5],[17,-2],[10,-3],[6,-9],[12,-2],[15,-7],[13,1],[10,-6],[15,1],[19,6],[15,-2],[4,9],[24,0],[5,8],[18,9],[5,-5],[16,-5],[10,6],[14,5],[22,-10],[18,-6],[2,-9],[8,-7],[15,5],[21,5],[20,-3],[11,2]],[[6673,16772],[-9,-11],[12,-10],[-22,-9],[-1,-14],[-5,-5],[8,-17],[13,-6],[-1,-15],[-11,-16]],[[6683,17206],[15,-18],[15,-7],[20,-2],[31,1],[35,-13],[25,-6],[32,-15],[24,-23]],[[6880,17123],[8,-16],[6,-7],[25,-14],[20,-18]],[[6939,17068],[3,-6],[-19,-22],[-23,-16],[-12,-11],[-29,-12],[-12,0],[-12,-4],[-16,-12]],[[6819,16985],[-15,0],[-5,12],[-5,4],[-6,13],[-13,6],[-7,-2],[-15,6],[-22,1],[-7,-9],[-17,-2],[-20,1],[-14,-5],[-3,-10],[-13,1],[-13,-8],[-14,14],[-9,3],[-29,13],[-12,-9],[-17,0],[-13,9],[13,9],[11,20],[3,9],[-13,5],[-19,0],[-6,12],[-6,2],[-10,-7],[-10,0],[-9,6],[-9,0],[-1,15],[8,12],[-4,3],[6,15],[8,5],[0,9],[6,12],[29,29],[-3,6]],[[8274,15834],[17,13],[16,1],[13,-3],[20,-10],[37,-9],[24,4],[11,-3],[18,-14],[19,-6],[9,-16],[-3,-14]],[[8455,15777],[-2,-17],[-8,-12],[6,-20],[6,-10],[16,-14],[12,-7],[51,-41]],[[8536,15656],[-9,-2],[-4,-9],[-10,-6],[-8,0],[-17,-4],[-15,-14],[-27,-16],[4,-7],[-3,-9],[14,-4],[7,-7],[3,-11],[-3,-5],[-13,-2],[-2,-8],[4,-7],[11,-6],[4,-6],[-5,-6],[-8,2],[-18,-7]],[[8441,15522],[-19,18],[-6,0],[-6,-14],[-13,5],[-10,1],[-12,-5],[-11,0],[-6,6],[-10,4],[2,16],[-11,0],[-2,19],[-8,19],[-1,10],[-10,10],[-8,-2],[-4,10],[-13,9],[6,8],[-7,8],[2,9],[13,-7],[3,15],[8,13],[-10,8],[-14,0],[-9,7],[-12,13],[0,13],[5,8],[14,5],[-6,13],[-7,4],[5,7],[-5,6],[5,6],[-20,5],[-7,8],[1,12],[9,4],[-7,7],[5,9],[2,15],[7,10]],[[7867,15790],[-3,1]],[[7864,15791],[7,11],[12,8],[9,10],[21,7],[5,11],[16,0],[8,6],[17,-5],[12,7],[7,-3],[18,-2],[23,7],[-2,8],[13,1],[28,-14],[4,14],[10,19]],[[8072,15876],[13,-5],[16,11],[13,2],[10,-5],[17,-3],[18,5],[7,21],[13,5],[1,-10],[11,-11],[15,-2],[12,7],[12,-1],[9,-12],[23,-12],[-8,-3],[-18,3],[-7,-9],[5,-9],[21,0],[19,-14]],[[8274,15834],[-10,-5],[-20,-2],[-11,-5],[-6,-6],[0,-12],[-4,-6],[-19,1],[-9,7],[-25,-5],[-13,-4],[-38,-6]],[[7804,15843],[-5,-6],[-14,-7],[-4,-10]],[[7781,15820],[-11,-5],[-14,0],[-25,6],[-3,8],[-35,-9],[-17,-2],[-15,5],[-8,-3],[-14,2],[-15,-9],[-9,2],[-6,20],[-19,1],[1,4],[-20,16],[-16,5],[-16,7],[-13,-3]],[[7526,15865],[22,10],[50,0],[62,-11],[24,-15],[3,-7],[23,-9],[29,1],[3,4],[12,1],[9,-5],[24,1],[17,8]],[[7309,15658],[-35,5],[6,8],[5,25],[-17,3],[-4,19],[-8,8],[3,9],[-6,2],[-16,20],[3,14],[-28,-1],[0,10],[-12,19],[-5,13],[-6,3],[-3,11],[-21,14],[-14,1],[-16,10],[2,8],[-16,3],[-10,5],[-9,-2],[-24,-2],[-19,3],[-16,6],[-17,0],[-10,11],[-8,4],[0,13],[-13,7],[-26,-9],[-7,1]],[[6962,15899],[-14,0],[-3,10],[-45,5],[-6,6],[-10,1],[-9,7],[0,13],[-6,7],[5,8],[-15,10],[0,8],[-9,8]],[[6850,15982],[-4,3],[-1,14],[-11,12],[-6,1],[-12,19],[-11,4],[-5,6],[-11,4],[-16,-2],[-20,6],[-6,13],[6,23],[-7,5],[-2,9]],[[6744,16099],[-3,6],[8,12],[-9,30],[-11,6],[-18,1],[-5,11],[12,10],[-3,13],[-7,5],[-2,10],[-16,1],[-3,13],[9,7],[7,23],[-17,8],[-10,9],[-2,7],[14,4],[3,9],[7,2],[10,12],[1,9],[12,12]],[[6920,16383],[16,12],[21,12],[24,2],[14,-3],[22,-18],[5,-8],[0,-16]],[[7022,16364],[-7,-12],[-17,-16],[-4,-8],[1,-13],[19,-23],[25,-12],[24,-7],[44,-17],[11,-13],[4,-23]],[[7045,16068],[-7,-12],[0,-28],[-3,-14],[3,-8],[17,-17],[38,-30],[15,-19],[7,-6],[33,-13],[30,-22],[10,-10],[7,-13],[8,2],[8,8],[20,-3],[9,-5]],[[7240,15878],[19,-21],[27,-5],[17,1],[23,-4],[24,1],[8,-3],[6,-13],[1,-20],[13,-13],[41,-20],[15,-12],[5,-11],[15,-18],[3,-20],[17,-7],[-1,-8],[-19,-10],[2,-6],[23,-24],[-1,-4],[-20,-2],[3,-14],[5,-3]],[[6206,17384],[15,13],[12,3],[10,-3],[18,15],[6,-1],[2,-14],[11,-8],[10,4],[18,2]],[[6308,17395],[18,2],[13,7],[13,-5],[16,-10],[8,0],[4,-10],[5,-3],[22,3],[12,-2],[18,4],[18,8]],[[6452,17194],[-16,-17],[-15,-9],[-17,5],[-5,11],[-6,4],[-21,-6],[-8,-14],[-12,-12],[-11,1],[0,-11],[-21,-12],[-9,7],[-12,5],[-6,-5],[9,-11],[-6,-13],[-10,-5],[-10,-14],[-15,-3],[-6,4]],[[6255,17099],[-17,5],[-7,5],[-15,6],[12,22],[0,9],[-22,-3],[-5,-9],[-10,-2],[-23,2],[-16,9],[-20,4],[-7,8],[0,9]],[[7804,15843],[-13,5],[-14,-7],[-12,10],[0,12],[11,12],[0,7],[11,7],[1,5],[14,9],[-7,9],[-8,6],[-12,1],[-6,7],[-1,13],[-8,5],[-23,8],[-6,-1],[-11,16],[-2,14],[-12,8],[-1,9],[8,9],[-7,7],[9,4],[14,-1],[6,-10],[8,3],[-8,8],[-1,7],[13,12],[-8,15],[9,13]],[[7748,16065],[-3,-18],[5,-3],[20,-2],[29,15],[22,-3],[8,-3],[14,-12],[6,-8],[27,-16],[-11,-4],[-3,-9],[8,-3],[15,-1],[9,-7],[11,-15],[21,-10],[22,-7]],[[7948,15959],[-3,-12],[11,-5],[14,-1],[9,-4],[-1,-14],[11,-2],[23,9],[15,-13],[17,-5],[-10,-7],[-22,0],[-9,-6],[2,-8],[16,-5],[12,3],[8,12],[11,1],[13,-22],[7,-4]],[[7864,15791],[-9,3],[-4,-6],[-16,0],[-6,9],[-10,-2],[-24,12],[-4,13],[-10,0]],[[6255,17099],[-15,-12],[4,-6],[-14,-13],[11,-4],[6,-9],[2,-10],[-14,-16],[-11,-4],[-5,-6],[0,-10],[-8,-4],[0,-10],[-20,-21],[-3,-15],[18,-4],[-7,-14],[8,-9]],[[6207,16932],[-18,-1],[-15,-7],[-5,8],[-8,-6],[-16,0],[-9,-4],[-34,0],[-16,-9],[-10,0],[-9,-8]],[[6036,16846],[-23,12],[-10,1],[-5,8],[-6,-1],[-19,5],[-3,13],[-6,2],[-6,10],[-9,5],[-3,8],[-26,5],[-13,0],[-3,6],[34,0],[0,5],[-38,-2],[-19,5],[4,15],[-21,6],[-17,-18],[0,-7],[-20,-2],[-5,7],[7,9],[-3,4],[-16,10],[4,7],[-7,15],[7,7],[4,10],[8,5],[4,9],[-9,8],[0,5],[-13,2],[-5,7],[6,5],[-1,11],[11,12],[-23,5],[4,7],[10,7],[-19,18],[1,4]],[[7227,14693],[7,23],[-11,39],[-15,7],[-4,6],[-14,9],[-4,10],[6,3],[-3,7],[-15,1],[-7,6],[-1,11],[-13,8],[-1,9],[-19,15],[-9,10],[-2,8],[-7,7],[-1,10],[11,18],[16,0],[4,5],[-8,7],[4,7],[10,8],[18,5],[18,-2],[30,15],[11,4],[13,7],[9,-1],[11,7],[15,1],[10,-3],[4,8],[16,0],[0,4],[16,2],[11,-9],[19,-3],[9,-4],[12,9],[1,19],[5,4],[18,3],[15,12],[-5,7],[0,13],[-28,13],[-8,6],[6,9],[-1,6],[7,10],[-2,11],[6,8],[-1,7]],[[7509,15170],[-2,-14],[3,-11],[-8,-10],[5,-16],[15,-19],[15,-6],[0,-6],[-7,-24],[7,-6],[22,-12],[5,-10],[14,-3],[13,2],[15,-2],[11,1],[8,-12],[10,-8],[27,0],[7,-2],[6,-13],[-1,-13]],[[7674,14986],[-3,-4],[-19,-9],[-21,-1],[3,-13],[-8,-15],[0,-16],[4,-8],[-8,-10],[2,-5],[18,-10],[12,-3],[24,-9],[13,-1]],[[7769,14840],[2,-18],[7,-7],[9,-4],[-3,-9],[6,-13],[18,-8]],[[7808,14781],[-11,-29],[-10,-7],[3,-6],[-9,-10],[2,-7],[-12,-13],[-13,-3],[-11,-12],[11,-11],[7,-1],[10,-10],[8,-15],[12,-1],[8,-22],[4,-4],[9,-18],[0,-18],[-6,-7],[-27,-16],[-16,-7],[-21,-5],[-4,6],[-17,4],[-7,0],[-5,-9],[-19,1],[-3,-4],[2,-14],[-24,-10],[-6,-10],[2,-10],[15,-6],[-9,-18],[-13,-6],[-30,-24],[21,-10],[-4,-10],[-8,-10],[-24,-19],[-16,-3],[-35,1],[-33,9],[-15,1],[-21,-19],[-3,-13],[6,-6],[1,-9],[-5,-8],[2,-12],[6,-4],[-1,-10],[-7,-10],[2,-8],[-7,-4],[-4,-24],[4,-6],[9,-1],[6,-7],[-7,-11],[-14,-6],[0,-7],[-10,-16],[2,-10],[6,-4],[-2,-17],[-11,-8],[-11,-5],[9,-10],[5,-12],[0,-19],[-11,-5],[3,-8],[-10,-11],[-14,-8],[-11,-3],[-9,-14],[10,-2],[3,-11],[-2,-8],[5,-11],[0,-19],[-5,-14],[-24,-6],[-2,13],[-8,3],[-10,-2],[-12,10],[-4,-6],[-13,-9],[-15,1],[2,-12],[-7,-8],[-9,2],[-2,-8],[-23,-7],[4,-10],[-2,-13],[6,-3],[2,-8]],[[7167,16084],[6,-1],[5,11],[13,0],[14,-9],[7,8],[15,-4],[17,11],[11,-1],[2,7],[16,7],[2,-7],[17,-2],[10,3],[8,11],[-11,2],[4,10],[12,3],[7,5],[20,6],[23,0]],[[7365,16144],[9,0],[18,-10],[9,1],[20,12],[16,6],[24,20],[14,6],[26,-3],[13,6],[14,-4],[-1,-10],[12,-21],[11,-11]],[[7550,16136],[20,-23],[12,-4],[11,2]],[[7593,16111],[11,-5],[17,-4],[11,-15],[14,-2],[9,-8],[-5,-6],[-4,-13],[2,-7],[9,-3],[1,-14],[-28,7],[-5,-11],[-10,6],[-7,-1],[-1,-10],[6,-6],[-6,-6],[-10,3],[-11,14],[-8,0],[-7,-10],[-18,3],[-14,-19],[-18,-9],[-8,-12],[2,-11],[-26,-20],[-12,7],[-11,-2],[-7,-7],[-11,-3]],[[7448,15947],[-14,-11],[1,-6],[-11,0],[-5,-5],[6,-11],[10,-11],[-21,-11],[-9,9],[-20,-9],[-24,8],[-12,-6],[-13,14],[-10,-2],[-10,-7],[-8,4],[-17,-6],[-8,7],[-10,-8],[8,-7],[11,-5],[-17,-10],[-18,8],[-17,-4]],[[8434,15220],[13,0],[14,-10],[9,4],[20,-5],[11,-13],[-20,-15],[18,-7],[24,2],[14,-8],[11,-13],[9,-7],[35,17],[25,-2],[4,-8],[-5,-5],[2,-13],[31,4]],[[8649,15141],[1,-18],[-2,-14],[2,-22],[-7,-12],[-6,-15],[1,-12],[15,-10],[0,-5],[-21,-14],[2,-15],[14,-20],[-1,-6],[-16,-8],[-7,-15],[0,-12],[-16,-17],[-8,-22],[7,-12],[-2,-12],[5,-12],[4,-19],[-1,-9]],[[8613,14840],[-6,-11]],[[8607,14829],[-8,-9],[-10,-4],[-26,-2],[-8,-3],[-10,-14],[-18,-15],[-11,-4],[-27,-17],[-15,-6],[-9,-6],[-8,-10],[-2,-8]],[[8455,14731],[-4,11],[-12,3],[-8,17],[12,9],[-1,7],[-11,13],[2,7],[-34,3],[-4,9],[-10,4],[-8,-2],[-13,18],[-9,-1],[-21,6],[-8,6],[-20,6],[1,12],[-8,5],[-12,0],[-26,-4],[-17,3],[-8,-3],[-10,1],[-10,7],[-17,-3]],[[8199,14865],[-8,4],[-8,-3],[-26,-18],[-11,0],[-7,-5],[-17,2],[-12,5],[-15,-4],[-8,5],[-24,-10],[-1,-6],[-13,-3],[-13,-14],[-11,0],[-20,-11],[-21,-6],[-30,-17],[-29,-3],[-21,6],[-14,-2],[-3,4],[-11,-4],[-18,-1],[-11,3],[-17,-2],[-3,-3],[-19,-1]],[[7814,15114],[14,4],[7,10],[10,6],[-3,9],[3,11],[10,12],[-2,5],[-20,0],[-9,6],[-9,0],[1,9],[9,4],[6,6],[18,6],[22,16],[24,9],[4,12],[4,6],[9,1],[16,10],[0,7],[13,1],[12,9],[8,-3],[17,9],[4,14],[-10,2],[1,15],[-8,4],[5,11],[4,3],[-11,13],[16,8],[3,11],[-3,6],[9,12]],[[7988,15378],[41,18],[23,1],[7,-5],[22,-5],[13,-7],[7,8],[77,-4],[7,-3],[12,0],[14,-9],[22,1],[8,-4],[-2,-13],[23,-14],[22,-9],[-3,-6],[-20,1],[-8,-6],[25,-16],[-6,-11],[-10,-6],[-16,-4],[-17,-10],[-7,-13],[-16,-6],[-26,-25],[-11,-3],[-11,-7],[-10,-3],[-2,-14],[-11,-12],[-28,11],[-13,10],[-12,-15],[-30,4],[5,-17],[-21,-10],[-5,4],[-16,-6],[-19,-11],[-3,-6],[-16,-16],[-24,-10],[-14,-7],[-13,-9],[8,-9],[-5,-3],[-15,3],[-9,5],[-10,0],[-5,-4],[-14,-2],[-12,-5],[-14,-1],[-7,-3],[-23,5],[-6,6],[0,8]],[[7448,15947],[7,-3],[-4,-14],[30,1],[11,-6],[9,-9],[4,-11],[14,-16],[-4,-5],[9,-6],[2,-13]],[[7889,15434],[-93,4],[-134,-1],[-17,11],[-18,-2],[-7,6]],[[8536,15656],[17,-4],[9,-12],[10,-4],[3,-21],[4,-13],[-4,-19],[0,-9],[9,-18]],[[8584,15556],[-8,-11],[-21,-8],[-8,-5],[-7,-14],[7,-11],[5,-15],[-2,-9],[-11,-14],[-6,-21]],[[8533,15448],[-11,-2],[-1,-26],[-6,-10],[0,-11],[-25,-6],[-5,10],[6,6],[-9,17],[-17,7],[-1,-14],[-16,-6],[-3,8],[4,13],[-6,12],[-10,0],[-38,-5],[3,-13],[-17,3],[-3,8],[-19,2],[-20,-4],[-17,3],[-13,11]],[[8309,15451],[28,18],[5,10],[-8,8],[3,11],[16,-6],[4,-9],[9,2],[8,-5],[53,29],[20,-3],[-6,16]],[[7674,14986],[14,39],[8,0],[33,12],[27,23],[3,7],[22,9],[2,5],[-8,12],[25,4],[9,15],[5,2]],[[7988,15378],[5,12],[6,5],[3,11],[15,14],[-5,9],[-2,10]],[[8010,15439],[31,-19],[8,6],[14,0],[25,-5],[5,6],[12,4],[3,7],[-4,6],[9,6],[18,1],[5,-2],[13,3],[25,-10],[15,-1],[21,4],[11,0],[20,17],[6,1],[12,-16],[10,-7],[9,9],[9,-3],[13,-9],[9,14]],[[8533,15448],[1,-12],[5,-25],[3,-6],[27,-21],[7,-22],[18,-28],[14,-9],[-6,-13],[0,-21],[-3,-23],[9,-17],[16,-16],[16,-9],[13,-13],[1,-20]],[[8654,15193],[-5,-8],[2,-15],[-2,-29]],[[6478,17464],[-4,4],[-14,-13],[-2,11],[-45,0],[0,36],[13,5],[24,20],[-4,17]],[[6385,17529],[-19,-5],[-7,-7],[-6,-25],[-6,-7],[3,-25],[-2,-18],[-19,-24],[-21,-23]],[[6106,17452],[18,7],[7,19],[0,8]],[[6131,17486],[10,5],[15,13],[0,6],[13,-3],[5,3],[17,4],[6,10],[-12,4],[-4,15],[2,14],[11,13],[13,1],[35,10],[6,-5],[8,8],[15,3],[5,4]],[[7593,16111],[13,6],[39,14],[19,2],[11,-3],[23,-14],[46,-18]],[[7744,16098],[7,-3],[8,-12],[-11,-18]],[[6207,16932],[8,8],[19,7],[8,10],[56,-10],[9,-7],[7,0],[8,7],[15,7],[24,-3],[13,-4],[10,1],[14,-13],[10,3],[8,-6],[3,-16],[11,-7],[7,2],[9,-3],[13,2],[14,-4],[37,13],[-2,-12],[-6,-7],[18,-5],[14,-2],[9,3],[10,-4],[27,0],[9,-4],[14,2],[15,-5],[13,12],[29,0],[13,-9],[9,4],[9,-4]],[[6691,16888],[-5,-2],[-12,-19],[19,-5],[13,-11],[-15,-18],[4,-4],[15,-5],[5,2],[10,-17],[-23,-13],[-2,-3],[-28,-12],[1,-9]],[[6871,14895],[-5,24],[13,12],[15,-7],[12,7],[8,14],[13,2],[0,11],[-15,5],[-5,11],[1,9],[22,-6],[23,11]],[[6953,14988],[16,2],[11,18],[28,5],[9,-6],[12,5],[0,-11],[6,-7],[11,5],[-3,11],[6,6],[16,3],[17,-6],[16,-2],[12,-5],[8,-1],[21,4],[11,-7],[3,-12],[10,-1],[6,8],[-4,16],[6,18],[28,16],[3,5],[23,19],[-4,13],[5,5],[7,16],[-9,12],[14,26],[16,-4],[7,-6],[7,-12],[5,-4],[15,0],[17,5],[10,0],[2,18],[9,10],[12,6],[13,12]],[[6819,16985],[-18,-10],[1,-13],[4,-14],[-2,-13],[-8,-7],[-6,-11],[-4,-18]],[[6786,16899],[2,-14],[-4,-3],[-31,1],[-17,-4],[-20,1],[-4,4],[-21,4]],[[7649,14023],[21,-2],[14,-8],[21,-1],[4,-4],[18,-8],[13,7],[19,7],[7,6],[13,4],[18,13],[4,6],[17,5],[5,7],[21,11],[3,4],[28,16],[17,-1],[2,13],[14,10],[0,5],[19,3],[15,7],[12,0],[18,9],[14,12]],[[7986,14144],[7,6],[10,4],[11,10],[6,14],[-5,16],[10,6],[5,14],[-5,10],[8,4],[26,7],[16,5],[5,-1],[25,12],[19,6],[8,-4],[16,9],[6,0],[37,13],[10,-2],[7,5],[13,-7],[19,0],[10,5],[4,-7],[21,1],[7,-3],[24,12],[7,-8],[10,-2],[4,-7],[16,2],[-12,7],[-13,13],[-13,0],[-9,9],[6,13],[16,-8],[9,0],[16,-5],[13,1],[15,8],[9,-2],[29,1],[-1,5],[12,6],[15,-1],[3,14],[40,-22],[25,-9],[3,-7],[18,-2],[11,4],[6,-3]],[[8541,14286],[10,-27],[18,-15],[1,-7],[-9,-8],[-15,3],[-10,-5],[0,-8],[12,-15],[1,-8],[-7,-8],[-20,-7],[-4,-4],[2,-9],[-4,-21],[-15,-10],[-4,-7],[-7,-24],[-5,-9],[-8,-2],[-18,1],[-8,-11],[-13,-9],[-3,-10],[-16,-6],[-24,-3],[-10,-4],[-6,-7],[-4,-12],[-1,-12],[9,-5],[5,-8],[-1,-9],[11,-9],[1,-6],[10,-13]],[[6196,17656],[-11,1]],[[6110,17894],[19,8],[11,7],[3,17],[13,9],[-4,22],[-6,3],[2,25]],[[6085,17677],[12,-11],[9,-20],[-7,-5],[5,-18],[7,-6],[-10,-14],[0,-14],[-17,-5],[4,-7],[-3,-6],[-32,-9],[-12,-14]],[[6041,17548],[-12,2],[-28,10],[0,-7],[-15,-8],[-23,-1],[-11,-5],[-28,-6],[-27,1]],[[8199,14865],[-7,-8],[-12,-6],[-8,-10],[5,-11],[8,-7],[1,-5],[-13,-8],[3,-16],[-21,-12],[0,-6],[9,-10],[-3,-8],[20,-3],[14,-10],[36,2],[2,-9],[-8,-5],[4,-7],[9,-1],[5,-5],[11,-3],[-2,-9],[20,-12],[-7,-4],[-9,1],[-7,-8],[0,-26],[3,-6],[-5,-15],[7,-33],[-6,-16],[-13,-17],[-3,-16],[-9,-10],[-4,2],[-18,-10],[-12,-11],[-16,-4],[-10,-5],[-5,-7],[1,-11],[-9,-22],[-21,-14],[-4,-5],[-13,-4],[-8,0],[-12,-5],[-9,-9],[-35,-5],[-33,2],[-2,-6],[0,-22],[-4,-17],[6,-9],[-13,-5],[-10,1],[-5,-13],[-12,1],[-10,-5],[-2,-5],[-18,-12],[18,1],[13,-5],[10,0],[21,6],[20,-1],[5,-3],[-19,-10],[-3,-14],[-15,-5],[-13,-1],[-7,-5],[-15,-4],[-10,2],[-25,-6],[-35,-3],[-9,-10],[-3,-12],[-5,-2],[-8,-14],[-1,-14],[-6,-7],[10,-18],[-5,-6],[-14,-10],[3,-9],[8,-7],[-2,-15],[9,-5],[-3,-7],[8,-4],[29,10],[10,1],[10,5],[36,-2],[23,-12],[6,-16]],[[8455,14731],[2,-12],[-6,-23],[-3,-18],[5,-36],[5,-15],[7,-6],[37,-25],[6,-7],[7,-15],[-4,-6],[2,-18],[-5,-11],[2,-22],[21,-24],[-2,-10],[4,-10],[-3,-27],[2,-6],[17,-14],[7,-21],[12,-16],[1,-7],[-33,-35],[-16,-5],[-6,-9],[2,-5],[16,-10],[16,-15],[-7,-17]],[[7022,16364],[4,-5],[12,-5],[15,0],[13,3],[22,8],[12,-9],[29,-7],[15,-26],[15,-10]],[[7159,16313],[11,-2],[32,-3],[14,-6],[9,-9],[3,-7],[-4,-23],[24,-15],[15,-7],[29,-5],[13,-5],[5,-5],[4,-20],[9,-7],[11,-14],[23,-15],[5,-10]],[[7362,16160],[3,-16]],[[6041,17548],[14,-4],[1,-5],[16,-8],[4,-10],[5,-2],[31,-33],[15,4],[4,-4]],[[5962,17377],[-13,6],[-11,1],[-23,10],[-1,15],[-19,7],[-16,-7],[-14,15]],[[5775,17226],[-125,-71]],[[5650,17155],[-12,36],[0,11],[8,2],[12,-5],[7,1],[13,13],[1,7],[14,7],[7,11],[15,6],[-2,6],[-9,1],[-8,11],[11,14],[8,-14]],[[6786,16899],[3,-10],[12,-19],[15,-4],[8,-8],[6,-13],[9,-8],[18,-13]],[[6857,16824],[30,-21],[9,-3],[1,-6],[12,-19],[4,-10],[-17,-32],[1,-3],[13,-10],[12,-16],[18,-13],[2,-7],[-8,-8],[-15,-4],[-7,-9],[4,-10],[21,-18]],[[9320,11760],[15,-10],[8,5]],[[9343,11755],[10,4],[24,-16]],[[9377,11743],[4,-8],[0,-12],[-6,-12]],[[9375,11711],[-19,0],[-1,-16],[-6,-5],[-17,-2],[-10,3],[-5,-10],[-23,-24],[9,-4],[3,-8],[-6,-8],[-12,-9]],[[9288,11628],[-8,-1],[-13,-8],[-34,-12],[-13,-2],[-22,-8]],[[9198,11597],[-25,3],[-11,7],[-6,8],[-10,7]],[[9146,11622],[17,12],[8,8]],[[9171,11642],[19,10],[7,12],[14,8],[-8,6],[-4,8],[-16,9],[4,12],[-7,17],[7,8]],[[9187,11732],[17,7]],[[9204,11739],[20,-9],[15,-2],[11,5],[9,-4],[28,1],[9,16],[17,5],[7,9]],[[9282,11077],[14,-13],[0,-11],[10,-15],[12,-6],[-14,-8],[-4,-10],[-1,-13],[-7,-8],[-16,-5],[-12,-14]],[[9264,10974],[-13,-3],[-6,-6],[-16,1],[-9,-4],[-4,-8],[-7,-7],[-9,1],[-24,-3],[-14,3]],[[9162,10948],[-3,1]],[[9159,10949],[2,14],[8,12],[8,6],[9,13],[30,16],[14,17],[9,10],[8,20],[6,2],[2,8],[6,3],[1,9]],[[9262,11079],[20,-2]],[[10353,11809],[8,-10],[-7,-9],[-12,-4],[-17,-15],[-2,-10],[-12,-13],[-9,-4],[-1,-7],[32,-8],[18,-1],[14,3],[11,-4],[16,4],[9,-16],[25,-12],[11,3],[10,-22],[1,-15],[-2,-9],[-30,-7],[-12,-6],[7,-13],[14,-15],[6,-9],[22,-12],[-24,-15]],[[10429,11583],[-3,9],[-17,9],[-11,-8],[-13,-5],[-16,5],[-8,15],[2,26],[-10,6],[-23,3],[-2,-8],[-15,-11],[-11,0],[-11,-5],[-12,-12],[-26,-11],[-19,-13],[-10,-15],[-9,-9],[-2,-7],[1,-17],[-12,-3],[-16,-16],[5,-3]],[[10191,11513],[-16,-10],[-33,-7],[-7,-12],[-6,-3],[-10,-11],[-18,-2],[0,15],[-14,5],[-13,7],[-6,-10],[11,-5],[-16,-23],[3,-18],[-8,-6],[-11,-14],[-2,-7],[14,-8],[0,-8],[-5,-10],[-3,-14],[-22,-18],[-13,-20],[-7,-6],[-1,-10],[-9,-9],[-14,-4]],[[9985,11305],[3,11],[-16,-4],[-8,4],[-13,-4],[-20,-10],[-9,-6],[-11,-1],[-18,15],[-28,7]],[[9865,11317],[7,15],[18,22],[-4,16],[-23,4],[-19,20],[-9,11],[0,14],[-19,11],[-3,4]],[[9813,11434],[-7,10],[9,6],[-7,19],[-3,15],[6,8]],[[9811,11492],[15,12],[6,1],[23,16],[10,2],[2,16],[11,18],[10,5],[7,12],[0,7],[9,9],[-9,19],[10,10],[21,4],[9,4],[9,17],[11,14],[21,16],[21,19],[10,11],[5,20],[-8,16]],[[10004,11740],[38,15],[7,7],[-3,15],[6,19]],[[10052,11796],[5,0],[17,-9],[16,-2],[15,-4],[29,-2],[1,-3],[16,-2],[6,-3],[34,-10],[9,13],[15,16],[15,24],[21,15],[7,2]],[[10258,11831],[13,2],[2,-8],[15,-1],[2,-8],[9,-5],[-2,-11],[7,-9],[5,-1],[12,8],[14,3],[13,8],[5,0]],[[9106,12045],[-3,-6],[23,-4],[16,-12],[17,-4],[13,-9],[-1,-11],[8,-10],[-7,-5],[7,-6],[16,3],[13,-7],[19,-5],[13,-9],[14,11]],[[9254,11971],[3,-17],[9,-3],[-6,-22],[4,-6],[13,-6],[4,-13],[15,0],[9,-8],[4,-15],[7,-11],[-5,-7],[-27,-7]],[[9284,11856],[-10,5],[-20,5]],[[9254,11866],[-3,18],[-4,7],[-19,11],[-5,14],[-17,-2],[-7,-6],[-14,0]],[[9185,11908],[-9,-4],[-5,5],[-16,6],[-13,8],[-3,7],[-15,1],[-10,-7],[-16,-5],[-2,7],[-16,0],[-26,-8],[-7,11]],[[9047,11929],[11,8],[8,14],[-5,7],[-14,5],[-2,5],[9,9],[5,16]],[[9059,11993],[0,9],[8,5],[15,16],[-18,10],[-2,5],[-26,19],[13,5],[-11,11],[21,-2],[15,-9],[-3,-6],[26,-4],[9,-7]],[[10190,12286],[15,-8],[9,0],[11,-12],[-8,-14],[-22,-9],[-5,-7],[-11,-5]],[[10179,12231],[-15,-3],[-7,-5],[-3,-9],[-18,-9],[-12,-1],[-3,-7],[-24,-10],[-17,6],[-20,-12],[-4,5],[-14,4],[-7,-1],[-12,3]],[[10023,12192],[-4,13],[-28,16],[4,3],[-27,13],[-8,14],[-22,16],[-7,15]],[[9931,12282],[-1,3],[14,7],[5,13],[-2,5],[12,8],[-3,6],[1,12],[11,7],[5,7],[14,3],[7,8],[15,3],[-1,12]],[[10008,12376],[4,-2],[6,-12],[-1,-8],[19,-18],[16,-10],[3,-5],[39,-16],[3,-9],[-2,-10],[13,-12],[28,-5],[11,7],[9,-5],[18,3],[10,5],[6,7]],[[9762,11262],[-1,-3],[-16,-7],[-10,1]],[[9735,11253],[-16,14],[-10,15],[3,7],[-10,8],[-16,6],[-7,6],[-10,1],[-31,24]],[[9638,11334],[4,9],[15,12],[16,9],[5,9],[12,11],[9,1],[5,7],[22,9],[21,7],[30,12]],[[9777,11420],[-6,-35],[-10,-14],[-16,-5],[-5,-6],[-26,-12],[1,-9],[-7,-12],[6,-15],[21,-10],[14,-1],[4,-6],[9,0],[5,-10],[5,-2],[-10,-21]],[[10179,12231],[6,-14],[34,-1],[26,-12]],[[10245,12204],[-7,-2],[-11,-13],[-5,-13],[-14,-2],[9,-12],[-3,-2],[0,-13],[-7,-9],[-23,-9],[-17,-16]],[[10167,12113],[-17,-4],[-9,4],[-14,-3],[-11,-12]],[[10116,12098],[-13,2],[-12,8]],[[10091,12108],[1,11],[-9,3],[-24,-1],[-9,10],[-11,7],[-4,7],[1,9],[-5,4],[-15,2],[-12,13]],[[10004,12173],[19,19]],[[10459,12781],[29,3],[13,2]],[[10501,12786],[-4,-21],[6,-11],[21,-6],[11,3],[9,-22],[0,-16],[9,-7],[6,-15],[19,-9],[1,-3]],[[10579,12679],[-1,-5],[10,-11],[10,-15],[-9,-11],[-2,-7],[-9,0],[-18,-7],[7,-7],[-4,-8],[10,-16],[-13,-15],[-18,8],[-7,-1],[-8,-13],[-5,-16],[-18,-28],[-23,-5]],[[10481,12522],[0,8],[-5,3],[-5,12],[2,7],[-4,7],[5,29],[-2,5]],[[10472,12593],[-3,10],[-6,8],[4,13],[-1,9],[-7,9],[-5,11],[0,15],[-9,20],[4,23]],[[10449,12711],[1,9],[-6,22],[0,11],[-11,15],[-2,10],[9,11]],[[10440,12789],[8,-1],[11,-7]],[[9288,11628],[17,2],[21,-10],[-1,-16],[6,-15]],[[9331,11589],[-23,-13],[-5,2]],[[9303,11578],[-5,-6],[-16,-9],[-5,-6],[-27,-12],[-7,17],[-16,2],[-19,-4],[-10,0],[-17,-11]],[[9181,11549],[-10,2],[-6,7],[-8,0]],[[9157,11558],[12,11],[13,15],[13,5],[3,8]],[[8434,11908],[-5,-16],[-5,-5]],[[8424,11887],[-7,-14],[-15,-1],[-3,-8],[10,-7],[1,-8],[19,-16],[13,0],[6,7],[14,2],[10,-1],[-12,-17]],[[8460,11824],[-22,-2],[-6,-5],[-27,-14]],[[8405,11803],[-6,2],[-5,10],[-29,11],[-15,-13],[-8,5],[-13,16],[1,13],[4,3],[-8,11],[3,5],[-9,17],[7,8]],[[8327,11891],[9,-5],[11,16],[12,11],[11,-3],[9,4],[10,13],[-1,8],[14,9]],[[8402,11944],[16,0],[10,-18],[11,0],[-1,-6],[-7,-8],[3,-4]],[[8384,11688],[2,-16],[5,-4],[-5,-9],[8,-9],[1,-12],[4,-8],[-1,-10]],[[8398,11620],[-5,-25],[-12,-17],[-21,9],[-8,0],[-20,-7],[-8,-12]],[[8324,11568],[-9,7],[-5,11],[9,13],[-19,6],[-12,1],[-20,-5],[-13,8],[-16,6],[-17,2],[-16,9],[7,6],[11,24],[11,8],[2,6],[10,5],[6,14]],[[8253,11689],[28,6],[4,-4],[13,16],[27,0],[26,7],[17,-3],[6,7],[9,1]],[[8383,11719],[3,-5],[-3,-12],[6,-6],[-5,-8]],[[10116,12098],[11,-11],[0,-5],[-12,-20],[-1,-12],[-14,-11],[-16,-1],[-16,2],[-16,-7]],[[10052,12033],[1,14],[-6,16],[10,10],[-2,11],[6,14],[12,3],[18,7]],[[8460,11824],[0,-6],[21,-11],[-6,-24],[15,-3],[3,-5],[-6,-11],[8,-7],[-2,-13],[3,-5],[-8,-13],[-1,-12]],[[8487,11714],[-15,-17],[-19,1],[-10,-7],[-16,-5],[-10,-12],[-12,13],[0,6],[-11,1],[-10,-6]],[[8383,11719],[-3,7],[-17,8],[-4,14]],[[8359,11748],[12,8],[25,30],[9,17]],[[9834,11051],[-10,-5],[-10,0],[-16,3],[-9,8],[-8,-11],[-16,-10],[-9,-1],[-6,-8],[-18,-7],[-26,-13],[-9,-1],[-6,-10],[-14,-11],[-13,-4],[-14,-14],[-3,-8],[-15,-2],[-17,-8],[-14,-13],[-6,-1]],[[9595,10935],[-20,8],[-9,9],[-11,4],[-7,-5],[-15,-3],[-10,10],[3,15],[9,5],[-3,13],[3,6],[-10,5],[-10,26]],[[9515,11028],[6,18],[12,9],[-1,11],[-6,5],[1,10],[-11,2],[-1,7],[-11,8],[5,8],[-5,4],[3,9],[-12,16],[-11,2],[-11,6]],[[9473,11143],[7,3],[25,7],[12,-6],[26,-3],[22,-8],[29,4],[12,9],[23,1],[19,9],[39,23],[9,12]],[[9696,11194],[20,-13],[25,0],[23,-6],[2,-10],[5,-6],[-7,-5],[-5,-11],[4,-4],[-14,-20],[-11,-8],[15,-10],[14,-3],[11,-9],[0,-7],[12,-4],[14,6],[8,0],[12,5],[13,1],[-1,-24],[3,-9],[-5,-6]],[[10004,12173],[-4,-5]],[[10000,12168],[-8,-2],[-8,7],[-15,-2],[-27,3],[-7,-4],[-21,2],[-22,7],[-14,6],[-4,6],[7,6],[-8,12],[-10,5]],[[9863,12214],[13,12],[11,14],[9,4],[3,9],[11,17],[9,2],[2,7],[10,3]],[[9340,11374],[15,-17],[-5,-10],[6,-10],[17,-4],[10,-13],[14,-8],[19,-4]],[[9416,11308],[-21,-10]],[[9395,11298],[19,-12],[7,-3],[16,-11],[20,-5],[3,-9],[-7,-10],[-12,-2]],[[9441,11246],[-29,8],[-21,-8],[-11,-1],[-47,-9],[-25,-8],[-18,0],[-7,-4]],[[9283,11224],[-9,9],[-4,13],[-7,0],[-13,13],[-2,20],[7,9],[0,8],[-7,6],[-12,18]],[[9236,11320],[-9,11],[-10,6],[5,14]],[[9222,11351],[38,24],[23,4],[8,5],[2,9],[17,6],[17,-5],[13,-20]],[[8424,11887],[11,0],[23,4],[7,5],[6,12],[14,2],[17,-8],[9,2],[3,-12],[-6,-14],[1,-19],[11,-5],[6,-8],[11,-5],[5,-6],[18,-7],[16,1],[23,-10],[9,4],[15,2],[21,10],[6,-5],[22,-1],[17,-10],[30,-2],[14,5],[4,-8],[16,0]],[[8753,11814],[-32,-28],[-19,-13],[2,-6]],[[8704,11767],[-2,-11],[-6,-5],[-14,6],[-10,-3],[-29,-3],[-25,19],[-18,3],[-4,-13],[-8,-11],[1,-9],[-6,-17]],[[8583,11723],[-17,12],[-8,10],[-22,-21],[-21,-1],[-13,-7],[-15,-2]],[[11033,13117],[-3,-9],[-1,-14],[-7,-12],[-22,-6],[-25,-13],[-10,-11],[-2,-18],[-7,-16],[-27,-16],[-19,-6],[-18,-1],[-1,-6],[12,-12],[8,-16],[13,-8],[11,-12],[5,-16],[-2,-4],[-23,-2],[-15,2],[-5,-29],[-8,-2],[-10,3],[-14,-18],[-9,4],[-21,2]],[[10833,12881],[-30,12],[-11,11],[-13,1],[-9,11],[-22,-1],[-12,2],[-16,-7],[-19,-6],[-8,-11],[-13,-9],[-7,-8],[-24,-15],[-2,-8]],[[10647,12853],[-17,10],[0,11],[-8,9],[15,19],[7,4],[-1,16],[-15,16],[5,8],[1,12]],[[10634,12958],[8,6],[17,3],[11,15],[1,16],[11,12],[11,5],[16,3],[-3,7],[11,6],[0,7],[11,8],[-3,22],[-6,7],[10,17],[-6,25],[-15,9],[-2,5]],[[10706,13131],[0,8],[11,3],[7,8],[-5,19],[-11,8],[3,20],[-5,18],[11,5],[16,11],[-2,12],[9,17],[2,8]],[[10742,13268],[7,4],[16,-2],[11,8],[17,0],[26,-7],[11,5],[22,-11],[18,3],[14,-4],[15,3],[12,-3],[17,3],[9,8],[12,2],[17,-5],[-1,-19],[5,-7],[8,0],[8,-8],[16,-2],[9,-12],[8,-16],[19,-9],[7,-27],[-13,-1],[-11,-3],[12,-11],[5,-15],[2,-13],[-7,-12]],[[10874,12585],[8,-10],[7,-4],[-17,-28],[-2,-23],[-6,-13],[-6,-5],[-10,-19],[11,3],[22,-4],[-1,-30],[10,0],[10,-8],[10,-6],[1,-9],[-5,-10],[-13,-2],[-7,-10],[9,-12],[13,-5],[18,-12],[-17,-9],[14,-19],[8,-2],[56,13],[11,3]],[[10998,12364],[0,-9],[5,-3],[-6,-12],[-14,-7],[-38,-23],[-14,1],[-6,-9],[6,-13],[9,-3],[22,-26]],[[10962,12260],[5,-5],[-3,-9],[4,-11],[-4,-2],[-1,-17],[7,-6],[-4,-7],[8,-12],[6,-1],[11,-9],[-5,-29],[1,-11],[-8,-12],[-12,-1],[-31,4],[-16,3],[-10,-2],[-15,6],[-14,2],[-24,-2],[-14,4]],[[10843,12143],[-8,10],[-6,12],[-20,19],[-8,1],[-10,6],[-6,17],[-27,5],[-26,14],[-10,12],[-12,8],[-4,7],[-14,0],[-5,11],[-28,5],[-19,28],[6,13],[8,9],[-15,10],[-5,12]],[[10634,12342],[11,11],[8,12],[3,21],[-3,6],[5,13],[18,5],[4,8],[-3,8],[0,10],[-10,4],[-13,17],[-21,3],[-16,10]],[[10617,12470],[19,27],[16,13],[11,21],[9,4],[-1,6],[14,14],[22,8],[-2,9],[4,4],[-2,9],[4,10],[-1,7]],[[10710,12602],[1,5],[12,6],[8,8],[18,4],[29,-3],[18,-20],[7,-5],[6,4],[18,-8],[8,-1],[12,-5],[27,-2]],[[9218,12325],[-4,-5],[11,-7],[17,-18],[2,-9],[16,-15],[11,-5],[0,-18],[-5,-4],[-3,-14],[3,-3],[-3,-13],[-8,-3],[0,-10],[-10,-6],[1,-13],[-13,-11],[-5,-7],[2,-7],[-9,-17],[-6,-2],[-11,-10],[-14,-2],[-22,11]],[[9168,12137],[1,1],[-45,40],[12,18],[-3,7],[-14,8],[-4,12],[-5,5],[-44,15]],[[9066,12243],[16,17]],[[9082,12260],[13,11],[11,15],[13,12],[12,6],[9,10],[6,22],[-4,11],[-7,6]],[[9135,12353],[11,-1],[15,-8],[14,-4],[13,4],[17,-14],[13,-5]],[[9377,11743],[7,3],[21,4],[13,5],[29,-5],[19,6],[6,8],[-2,12],[13,17],[10,2],[7,16]],[[9500,11811],[25,-2],[6,2]],[[9531,11811],[-10,-16],[-23,-21],[-15,-24],[-10,-7],[28,-7],[6,-12]],[[9507,11724],[-6,-15],[-11,-9],[-11,-2],[-14,9],[-10,-1],[-8,-8],[-13,-1],[-8,-9],[-13,0]],[[9413,11688],[-17,1],[-5,12],[-15,5],[-1,5]],[[9517,11548],[-35,-37],[-16,-10],[-11,-1],[-26,-15],[-17,-6]],[[9412,11479],[-8,11],[-13,4],[-6,9],[-12,6],[-13,15],[-9,6],[6,17],[-7,8],[-11,2],[12,14],[2,6],[10,14]],[[9363,11591],[2,8]],[[9365,11599],[13,-11],[-8,-9],[-12,-9],[27,-4],[8,-4],[16,-2],[8,2],[10,-2],[5,-6],[9,0],[18,-6],[9,1],[49,-1]],[[9320,11760],[-5,25],[-18,10],[-8,10],[-4,9],[-4,17],[5,2],[2,19],[-4,4]],[[9254,11971],[11,18],[2,9],[7,6]],[[9274,12004],[4,-5],[12,-7],[8,-19],[8,-1],[12,8],[11,-2],[1,-7],[8,-6],[6,-11],[17,-21],[8,-4],[4,-8],[9,-5],[9,-10],[14,-7],[30,10],[13,-6]],[[9448,11903],[-9,-12],[-3,-9],[16,-1],[-10,-25]],[[9442,11856],[-5,-7],[-14,-6],[-15,-10],[-21,-18],[-7,-3],[-20,-15],[-8,-21],[-7,-10],[-2,-11]],[[8324,11568],[0,-7],[-16,4],[-13,1],[-13,-3],[-14,-19],[-15,-34],[-14,-6],[0,-4]],[[8239,11500],[-18,1],[-17,-2],[-6,5],[0,13],[3,6],[-16,1],[-14,7],[-8,14],[-17,-4],[-11,5],[-10,-1],[-9,4],[-11,10],[-11,14],[-13,10]],[[8081,11583],[-4,4],[6,12],[-5,12],[3,8],[-3,5]],[[8078,11624],[5,10],[27,8],[20,16],[10,3],[11,-7],[9,6]],[[8160,11660],[5,-2],[20,2],[9,3],[7,7],[2,13],[12,8],[17,3],[21,-5]],[[10167,12113],[5,-1],[22,-22],[14,-9],[6,2]],[[10214,12083],[-6,-9],[-4,-16],[-8,-1],[-21,-13],[-7,-16],[-15,-2],[5,-10]],[[10158,12016],[-8,-12],[-12,-8],[-23,-7],[-16,-8],[-12,2]],[[10087,11983],[4,4],[-8,14],[1,10],[-32,2]],[[10052,12013],[0,20]],[[10304,12936],[0,-8],[22,-9],[14,3],[15,-13],[13,-4],[6,-14],[7,-2],[4,-15],[12,-6],[12,-23],[0,-8]],[[10409,12837],[-10,-2],[-18,-14],[-16,-17],[-13,-6],[-5,-10],[-13,1],[-7,-3],[-15,0]],[[10312,12786],[21,19],[-4,10],[-15,10],[-2,12],[4,9],[-20,5],[-13,-1],[-16,7],[-11,11],[-3,14],[-8,11],[-15,3],[-11,-3],[-27,15]],[[10192,12908],[9,5],[3,17],[14,10],[6,0],[14,6],[7,8],[15,-1]],[[10260,12953],[5,4],[12,-2],[27,-19]],[[10742,13268],[-17,12],[-7,17],[-11,1],[-6,9],[-1,9],[9,4],[1,13],[-11,14]],[[10699,13347],[10,9],[0,7],[15,3],[22,-14],[16,-13],[20,-7],[21,-6],[2,-5],[10,-5],[16,-1],[23,-9],[27,-2],[8,2],[14,12],[29,11],[14,-2],[5,9],[20,11],[20,17],[20,11],[9,14],[6,15],[3,15],[21,34]],[[11050,13453],[11,14],[10,5],[16,-4],[22,-2],[1,-8],[-4,-19],[17,-10],[22,7],[19,4],[0,5],[17,16],[15,4],[-6,6],[-2,14],[11,12],[-1,9],[14,8],[12,-11],[-7,-5],[8,-6],[17,6],[8,13],[10,2],[12,-15],[13,-1],[1,-6],[-4,-13],[12,-10],[23,-8],[4,3],[18,-10],[9,10],[3,10],[8,2],[12,9],[12,16],[2,7],[7,4],[12,-2],[10,3],[7,-4],[11,-1],[16,-4]],[[11448,13503],[11,-1],[18,-4],[15,2],[25,-5],[4,-3],[34,-7],[28,-10],[27,-5]],[[11610,13470],[-5,-5],[-14,-6],[-2,-15],[-15,-14],[-11,-15],[-5,-12],[-22,-34],[-4,-21],[-14,-22],[-5,-4],[-16,-24],[-1,-8],[-27,-37],[-7,-19],[3,-15],[-2,-9],[-10,-8],[-11,-23],[-15,-1],[-19,-11],[-11,-9],[-11,4],[-12,0],[-3,-6],[-10,-3]],[[11361,13153],[-9,2],[-12,-11],[-20,6],[-25,23],[-3,-7],[-15,-3],[-5,-5],[-14,-5],[-13,1],[-13,-7],[-12,-1],[-11,5],[-10,-1],[-12,-8],[-8,2],[-6,-13],[-20,-3],[-8,-25],[0,-8],[-10,2],[-6,5],[-10,-2],[-19,6],[-37,-14],[-11,0],[-1,12],[-5,9],[-13,4]],[[9171,11642],[-38,15],[4,5],[-8,17],[-12,-1],[-30,18],[-14,6],[2,16]],[[9075,11718],[15,-1],[8,3],[12,-1],[14,7],[32,2],[11,7],[9,2],[11,-5]],[[10004,11740],[-39,-16],[-20,7],[-27,14],[-12,13],[-4,-5],[-13,6],[-13,11]],[[9876,11770],[18,-3],[10,6],[25,-3],[5,3],[16,-1],[13,5],[2,11],[7,5],[28,4],[8,6]],[[10008,11803],[42,-4],[2,-3]],[[9254,11866],[-3,-20],[-11,-7],[0,-5],[-15,-9],[-11,-10],[1,-6],[-9,-10]],[[9206,11799],[-15,3],[-19,-9],[-4,1],[-15,-7],[-1,-8],[-14,-8],[-33,-4],[-16,-9],[-14,-11],[-14,-17]],[[9061,11730],[-6,22],[-15,7],[-2,8],[5,4],[-2,7],[-8,2]],[[9033,11780],[15,16],[12,8],[15,4],[12,14],[-10,8],[-1,6],[11,13],[2,13],[5,10],[29,6],[14,-5],[17,5],[10,11],[5,1],[16,18]],[[9264,10974],[9,-7],[13,-5],[13,-30],[22,1],[10,7],[20,6],[-3,8],[19,9],[5,0],[16,-13],[2,-6]],[[9390,10944],[-3,-5],[5,-20],[-21,-18],[-15,-16],[-14,-8],[-7,-7],[-12,-22],[15,-18],[-16,-14],[-1,-6]],[[9321,10810],[-19,5],[-9,-1],[-23,7]],[[9270,10821],[-1,13],[11,17],[-16,7],[2,10],[-15,10],[-13,1],[-3,20],[-5,2],[-9,15],[-20,1],[-12,-2],[-17,3],[-9,7],[-15,3]],[[9148,10928],[11,6],[3,14]],[[9830,12284],[-5,-15],[-12,-10],[2,-8],[-14,-19],[1,-6],[8,-4],[13,-12],[1,-20],[19,-13],[3,-7],[-8,-16],[6,-6],[11,-16],[-2,-5],[7,-7],[8,-18],[-7,-9],[1,-11],[-4,-6],[4,-21],[3,-7],[17,9],[12,-32]],[[9894,12025],[-3,3],[-33,0],[-3,-15],[-11,-13],[-9,-7],[-9,3],[-11,-7],[-2,-5],[-15,3]],[[9798,11987],[-9,3],[-34,-4],[-7,4],[5,15],[-3,7],[4,16],[-2,18],[-5,14],[-28,18],[-8,10],[-22,10],[-3,6],[15,1],[4,15],[-3,8],[-17,5],[-18,13],[6,15],[-8,10],[4,7],[-22,5],[-4,6],[-12,3],[-14,8],[1,8],[-4,10],[-8,4],[-6,13],[-1,11],[-6,6]],[[9593,12252],[21,-14],[12,-5],[2,-13],[19,-8],[20,-2],[9,3],[16,-2],[5,4],[17,-2],[9,4],[11,-1],[14,7],[-2,8]],[[9746,12231],[8,0],[16,7],[-1,7],[5,3],[5,24],[13,3],[12,7],[20,4],[6,-2]],[[10710,12602],[-4,7],[-3,16],[-17,6],[0,26],[-4,3],[-7,17]],[[10675,12677],[11,9],[5,11],[28,4],[21,6],[-5,3],[-7,17]],[[10728,12727],[18,2],[5,4],[8,14],[15,9],[1,8],[14,2],[2,4],[26,16]],[[10817,12786],[12,-19],[21,-8],[18,-5],[17,5],[9,-2],[2,-8],[11,-1],[6,-5],[16,-3],[48,3],[5,-13],[11,-20],[6,-7],[-1,-7],[10,-9]],[[11008,12687],[-3,-28],[-28,4],[-8,9]],[[10969,12672],[-22,-1],[-19,-22],[-13,-8],[-1,-10],[-11,-21],[-18,-13],[-11,-12]],[[10833,12881],[-22,-22],[-3,-8]],[[10808,12851],[-18,-6],[-15,0],[-10,-9],[-14,-4],[-7,-15],[-17,-2]],[[10727,12815],[-22,13],[-32,3],[-22,11],[-12,1]],[[10639,12843],[8,10]],[[9968,11916],[-27,-39],[-3,-11],[-9,-10],[6,-12],[7,-6]],[[9942,11838],[-6,-6],[-13,0],[-12,-5],[-12,5],[-6,-12],[-9,-6]],[[9884,11814],[-10,2],[1,10],[-9,5],[-13,-6],[-17,-13],[-23,5],[-23,0],[-12,17],[-12,-8],[-9,-13]],[[9757,11813],[-6,2],[-9,13],[-18,8],[-14,10],[3,4]],[[9713,11850],[27,13],[28,15],[16,5]],[[9784,11883],[25,11],[9,6],[0,9],[14,15],[10,4],[7,-3],[18,-3],[14,2],[22,0],[10,-2],[14,1],[12,-14],[20,7],[9,0]],[[10052,12013],[-9,7],[-18,-4],[-8,3],[-15,1],[-11,-3],[-16,10]],[[9975,12027],[-8,24],[-19,15],[-19,11],[-8,12],[26,22],[9,14],[8,4],[-2,7],[5,8],[13,9],[15,0],[0,11],[5,4]],[[9047,11929],[-11,-1],[-14,-4],[6,-13],[-4,-10],[-18,-17],[-16,-12],[-16,2],[-19,-3],[-5,2],[-4,10],[-8,6]],[[8938,11889],[15,22],[-6,12],[-8,6],[2,6],[-6,5],[5,9],[-11,4],[-3,33],[23,3],[-13,10],[-10,2],[-2,6]],[[8924,12007],[-1,5],[14,14],[10,-5],[7,-7],[14,-1],[21,-10],[25,2],[6,13],[7,-1],[14,-10],[13,-6],[5,-8]],[[10214,12083],[7,-1],[13,-10],[15,4],[11,-9],[28,-18],[6,-9],[33,9],[21,3],[24,10],[25,-5],[1,-12],[-4,-6],[30,-10],[9,0],[17,4],[3,3],[22,3],[1,6],[11,9]],[[10487,12054],[14,-15],[-2,-8],[-2,-40]],[[10497,11991],[-13,6],[-23,2],[-12,5],[-23,-8],[-12,3],[-13,0],[-28,-12],[-23,-1],[-7,-2],[-27,3],[-22,-2],[-10,-4],[-16,-2],[-17,4],[-12,-4],[-14,8],[-8,-1]],[[10217,11986],[-16,17],[-23,8],[-20,5]],[[9262,11079],[-19,-1]],[[9243,11078],[-5,15],[-5,9],[1,16]],[[9234,11118],[8,20],[-2,4],[10,20]],[[9250,11162],[16,16],[-3,5],[20,21],[-2,9],[2,11]],[[9441,11246],[26,-3],[11,-3],[4,-6],[20,-2],[-9,-6],[6,-8],[-10,-14],[-5,-14],[-13,-5],[-11,-9],[6,-10],[7,-23]],[[9473,11143],[-7,-13],[-5,-15],[-12,-6],[-8,-10],[-23,-17],[-7,6],[4,7],[-8,6],[-3,11],[-11,5],[-18,-6],[-6,1],[-24,-6],[-8,2],[-15,-6],[-4,-10],[-26,-4],[-7,-4],[-3,-7]],[[10727,12815],[24,-14],[-1,-7],[-16,-9],[-7,-12],[-3,-28],[-15,-6]],[[10709,12739],[-9,-4],[-15,6],[-10,9],[-10,1],[-13,11],[-19,6],[-8,1],[-7,17],[-7,6],[5,18],[0,11],[10,12],[-2,9]],[[10624,12842],[15,1]],[[9093,11134],[8,-5],[2,-7]],[[9103,11122],[-7,-3],[-9,-16],[19,-9],[8,-7],[6,-19],[6,-8],[16,1],[4,-7]],[[9146,11054],[-10,-4],[-21,-10]],[[9115,11040],[-14,0],[-5,4],[-17,-1],[-31,13]],[[9048,11056],[-14,9],[-11,16],[0,14]],[[9023,11095],[10,7],[22,6],[11,0],[16,13],[-2,10],[12,4]],[[9092,11135],[1,-1]],[[9148,10928],[-9,-8],[-30,11],[-4,-2],[-24,0],[-12,-8],[-14,-1],[-18,-5],[-11,0]],[[9026,10915],[-7,16],[-13,-1],[-10,6],[-6,21]],[[8990,10957],[-11,13],[8,24],[5,6],[12,5],[16,23],[9,7],[3,14],[16,7]],[[9115,11040],[-6,-3],[-3,-14],[10,-5],[6,-10],[-8,-15],[14,-4],[12,-7],[5,-16],[-3,-8],[4,-6],[13,-3]],[[11361,13153],[9,-20],[-9,-7],[2,-33],[7,-15],[-6,-6],[2,-9],[10,-28],[-6,-16],[-11,-7],[-4,-7],[-15,-13],[2,-25],[-10,-14],[-6,-28],[-3,-8],[-1,-11],[-8,-19]],[[11314,12887],[-8,-9],[-8,-3],[-24,-1],[-13,-7],[-9,-9],[-10,1],[-9,-5],[2,-13],[7,-7],[-6,-12],[3,-9],[-12,-4],[-35,11],[-16,-3],[-1,-9],[-6,-3],[3,-12],[-6,-9],[-23,-18],[-21,-4],[-4,11],[-13,7],[-7,8],[-9,1],[-9,-7],[-1,-11],[-17,-14],[0,-8],[-7,-16],[9,-3],[0,-12],[-5,-6],[-13,-2],[-17,-21],[-21,-2]],[[10817,12786],[-4,17],[-16,10],[4,19],[7,8],[0,11]],[[9876,11770],[3,8],[-4,16],[10,8],[5,11],[-6,1]],[[9942,11838],[2,-8],[35,-18],[14,4],[8,-1],[7,-12]],[[9303,11578],[5,-9],[2,-12],[-11,-13],[0,-5],[-9,-11],[-9,-21],[0,-10],[17,-7],[25,-6],[11,-6],[-8,-14],[8,-1],[14,-13],[-20,-13]],[[9328,11437],[-17,3],[-11,11],[-5,8],[-35,10],[3,5],[-9,13],[-13,4],[-7,-3],[-13,2],[-5,5],[-5,10],[-18,0]],[[9193,11505],[6,10],[-5,6],[-6,23],[-7,5]],[[10634,12342],[-6,10],[-9,8],[-15,4],[1,8],[-6,11],[3,9],[-6,9],[-24,-3],[-19,-10],[-9,4],[-7,-2],[-9,-8],[-18,-1],[-16,10],[-16,-3],[-3,5],[-28,5]],[[10447,12398],[3,4],[2,14],[7,13],[0,9],[11,14],[-1,5],[8,6],[4,12]],[[10481,12475],[4,28]],[[10485,12503],[29,2],[16,-6],[17,4],[32,-13],[19,-6],[8,0],[11,-14]],[[10353,11809],[21,16],[2,15],[6,14],[-6,14],[9,-1],[23,0],[11,-6],[21,-2],[6,-7],[11,-4],[23,-14],[4,-7],[8,-5],[-2,-6],[10,-2],[30,1],[6,-5],[11,18],[-5,9],[7,2],[17,13],[-2,6],[8,18],[10,6],[6,28]],[[10588,11910],[11,-9],[2,-7],[13,-5],[3,-8],[21,-9],[-4,-12],[-13,-14],[1,-12],[8,-10],[-1,-16],[25,-7],[18,-10],[8,-2]],[[10680,11789],[-6,-8],[2,-7],[15,-4],[12,0],[11,-9],[7,-11],[14,-4],[7,-5],[24,-3],[8,-10],[-11,-10],[1,-7],[13,-5],[18,-22]],[[10795,11684],[-5,-5],[-21,-9],[-17,-16],[-11,-4],[-21,-13],[-3,-16],[-16,-28],[-11,-9],[-12,-1],[-22,-11],[-13,-15],[-16,-8],[-11,-3],[-20,-10],[-10,-8],[-20,-10]],[[10566,11518],[-9,1],[-15,15],[7,16],[0,9],[5,8],[-12,6],[-6,-2],[-13,4],[-20,-10],[-35,5],[-18,8],[-21,5]],[[9092,11135],[-3,25],[-11,11],[-10,16],[6,17],[-1,11]],[[9073,11215],[11,16],[13,6]],[[9097,11237],[18,7],[7,-2],[24,8],[17,1]],[[9163,11251],[-4,-5],[1,-9],[12,-14],[19,-17]],[[9191,11206],[-7,-5],[2,-11],[-14,-18],[-4,-7],[-9,-1],[-11,-8],[-2,-5],[-10,-5],[-19,-2],[-16,-5],[-8,-5]],[[7883,11656],[-17,-8],[-11,-13],[-20,-4],[-16,15],[0,11],[14,29],[0,12],[9,8]],[[7842,11706],[21,7],[14,1],[10,11],[23,-2],[-12,-9],[1,-5],[11,-9],[-2,-8],[-6,-6],[-22,0],[-11,-8],[14,-22]],[[10579,12679],[15,-2],[32,2],[12,3],[13,-4],[24,-1]],[[10485,12503],[-4,6],[0,13]],[[9033,11780],[-5,5],[-10,2],[-12,-2],[-14,-8],[-5,0],[-14,7],[-19,17],[-3,17],[-19,-2],[-7,-3]],[[8925,11813],[-9,3],[-6,10],[1,10],[9,16],[12,11],[0,6]],[[8932,11869],[6,20]],[[9515,11028],[-8,-12],[-9,-7],[-20,-11],[-8,-9],[-21,-12],[-20,0],[-9,-3],[-7,-10],[-11,-7],[-12,-13]],[[8160,11660],[-7,3],[-6,22],[-11,5],[3,5],[-26,11],[1,5],[-7,11],[0,9],[-10,9],[-12,4],[1,8],[-5,6],[6,18],[4,7]],[[8091,11783],[11,13],[16,12],[12,12],[-1,8],[9,10]],[[8138,11838],[11,-2],[7,-14],[7,-3],[17,9],[12,-10],[1,-13],[-3,-12],[2,-10],[20,-3],[15,1],[12,12],[23,-10],[9,-9],[18,2],[21,-6],[1,-5],[14,-6],[-6,-4],[0,-14],[17,-2],[23,9]],[[9735,11253],[0,-14],[-12,-13],[-10,-7],[-17,-25]],[[9395,11298],[10,-1],[18,-7],[9,1],[16,-3],[10,-6],[10,4],[16,0],[11,5],[17,11],[1,4],[10,7],[3,7],[-2,7],[3,11],[14,5],[17,0],[9,5],[10,-3],[19,-1],[5,3],[16,-1],[21,-12]],[[10258,11831],[-33,19]],[[10225,11850],[-6,7],[7,10],[2,12],[-4,6],[-12,7],[6,12],[-3,8],[-15,3],[-19,12],[-7,0],[-2,13],[-3,3]],[[10169,11943],[9,18],[7,-2],[5,8],[27,19]],[[10497,11991],[6,-7],[21,1],[8,5],[34,-6]],[[10566,11984],[6,-20],[-4,-5],[3,-10],[7,-6],[-3,-20],[-4,-8],[4,-7],[13,2]],[[10225,11850],[-18,-10],[-26,-9],[-11,4],[1,9],[-17,2],[-29,23],[-2,12],[-11,-5],[-20,11],[1,5],[-7,14],[8,14],[-1,5],[-10,4],[8,9],[3,11]],[[10094,11949],[13,9],[17,3],[5,-13],[19,-1],[21,-4]],[[8924,12007],[-10,5],[-11,1],[-35,-16],[-16,-4]],[[8852,11993],[-5,13],[15,35],[2,10],[18,26],[13,25],[-19,21],[-31,9],[-2,13],[-7,7]],[[8836,12152],[14,5],[10,11],[10,1],[13,6],[23,35]],[[8906,12210],[14,-8],[16,5],[17,-2],[8,-4],[16,-2]],[[8977,12199],[20,-2],[14,-9],[3,-7],[-1,-14],[-16,-17],[19,-12],[7,-9],[16,3],[10,-8],[4,-15],[10,-5],[10,1],[21,-16],[20,-8],[5,-4]],[[9119,12077],[3,-7],[-9,-17],[-7,-8]],[[9204,11739],[6,8],[22,16],[-26,36]],[[8078,11624],[-32,4],[5,-8],[-11,-22],[-5,-24],[-10,1],[-13,16],[-11,6],[-12,-5],[-13,5],[-27,17]],[[7949,11614],[-1,10],[4,3],[27,6],[9,6],[13,20],[8,1],[8,8],[8,23],[-22,8],[-21,18],[-9,18],[-5,5],[2,8],[-3,11],[6,7],[-2,11]],[[7971,11777],[5,-3]],[[7976,11774],[16,2],[7,-2],[13,2],[33,14],[16,-3],[21,-7],[9,3]],[[10087,11983],[-11,-3]],[[10076,11980],[-4,-5],[-30,-3],[-17,-4],[-16,2],[-12,-3],[-6,-7],[-10,0],[-8,-6]],[[9973,11954],[-22,1],[-15,9],[-7,2],[-2,15],[-23,22]],[[9904,12003],[12,2],[-5,14],[11,4],[14,-2],[21,7],[18,-1]],[[9193,11505],[0,-19],[-18,-18],[-22,-15],[-6,0],[-2,-11],[-5,-7],[-1,-11]],[[9139,11424],[-11,-10],[-14,-4],[-8,2],[-10,-5]],[[9096,11407],[-5,6],[7,9],[4,10],[9,8],[-6,11],[6,7],[-7,18],[-14,9],[6,19]],[[9096,11504],[18,10],[10,-2],[10,10],[12,2],[9,13],[2,21]],[[9442,11856],[19,-9],[-2,-20],[6,-7],[14,-8],[6,2],[15,-3]],[[7971,11777],[-4,-3],[-12,3],[-13,-5],[-4,-7],[-19,-14],[-9,1],[-8,16],[2,9],[-6,11],[-24,2],[-4,11],[-20,7],[-18,1],[-17,16],[-19,-4],[-2,-6],[-22,2],[-28,8],[-10,0]],[[7734,11825],[-4,10],[24,16],[2,4],[12,0],[3,19],[9,11],[2,9],[-5,4],[-22,3],[-5,6],[-13,3],[5,7],[-2,11],[25,25],[-3,6],[-11,5],[-2,12]],[[7749,11976],[9,-1],[8,14],[24,20],[3,15],[8,4],[6,11],[-1,10],[-6,11]],[[7800,12060],[36,-1],[29,6],[8,10],[11,8],[21,-3],[11,5],[2,12],[-8,5],[2,10],[13,8],[0,6],[4,11],[12,15]],[[7941,12152],[11,-6],[12,-10],[20,-8],[10,-2],[12,-6],[12,-10],[34,-1],[10,4],[11,-8],[-1,-4],[15,-12],[4,-21],[12,-4],[4,-6]],[[8107,12058],[-4,-9],[4,-8]],[[8107,12041],[0,-5],[-14,-18],[-6,-21],[4,-4],[-6,-9],[3,-4],[-3,-10]],[[8085,11970],[-15,-4],[-11,-1],[-10,-4],[-10,1],[-4,-5],[-18,3],[-23,-3],[-3,-5],[-13,-5],[-6,-16],[-9,-2],[-7,-7],[-4,-17],[-1,-13],[5,-6],[-5,-14],[2,-10],[-4,-6],[4,-11],[-14,-20],[20,4],[0,-6],[9,-5],[-3,-17],[11,-27]],[[9250,11162],[-9,3],[-14,17],[-12,3],[-9,7],[-14,6],[-1,8]],[[9163,11251],[3,7],[12,11],[4,9],[15,9],[7,8],[9,3],[9,13],[14,9]],[[9985,11305],[-19,-17],[0,-10],[-9,-8],[-15,-23],[-13,-2],[-3,-10],[14,-16],[12,-2],[14,-10],[10,-3],[9,-7],[4,-10],[10,-8],[12,0],[20,5]],[[10031,11184],[5,-10],[0,-19],[4,-14]],[[10040,11141],[-41,-24],[-2,-11],[7,-7],[-7,-7],[-15,-4],[-23,-16],[-7,-9],[0,-7],[-15,-7],[-6,-6],[-1,-7],[-8,-6]],[[9922,11030],[-7,7],[-14,6],[-19,5],[-8,8],[-10,1],[-7,6],[-10,-9],[-4,-7],[-12,-8]],[[9831,11039],[3,12]],[[9762,11262],[14,-6],[12,-2],[17,5],[20,9],[9,15],[19,23],[12,11]],[[9798,11987],[-14,-15],[-13,-23],[0,-20],[8,-26],[9,-2],[-4,-18]],[[9713,11850],[-7,3],[-1,9],[-12,15],[-22,19],[-48,26],[2,10]],[[9625,11932],[2,10],[-23,11],[3,5],[-12,12],[-1,8],[15,29],[14,13],[20,12],[13,12],[8,16],[-3,15],[7,9],[-21,-3],[-12,1],[-15,-1],[-10,-5],[-14,4],[-17,-1]],[[9579,12079],[-23,27],[-9,4],[-10,17],[-19,0],[-1,8],[4,19],[17,10],[-14,18],[-10,8],[7,21],[4,2],[-6,13],[3,10],[14,8],[18,18],[39,-10]],[[10566,11518],[27,-11]],[[10593,11507],[-6,-11],[-11,-13],[-7,-3],[-11,5],[-13,-3],[-8,2],[-13,-6],[-16,3],[-12,-9],[-12,-2],[-7,-7],[2,-9],[-20,-8],[-7,-19],[-9,-5],[-12,-1],[-2,-8],[-24,-5],[-11,-10],[-21,-4],[1,-7]],[[10374,11387],[-14,8],[-10,1],[-8,10],[1,12],[-4,17],[-8,7],[-9,-1],[-17,5],[-7,7],[-14,3],[-9,6],[-24,25],[-5,11],[-33,18],[-21,2],[-1,-5]],[[10728,12727],[-19,12]],[[8138,11838],[7,15],[12,11],[4,10],[-7,4],[9,8],[9,1],[-2,11],[4,7],[-6,11],[-11,5],[-5,5],[-12,2],[-30,12],[-12,7],[-6,11],[-6,4],[-1,8]],[[8107,12041],[11,1],[13,-5],[8,6],[18,-4],[37,-12],[-3,-4],[12,-26],[7,-7],[9,-2],[-5,-11],[10,-3],[15,-16],[2,-10],[10,-9],[0,-5],[17,-10]],[[8268,11924],[21,-23],[30,-4],[8,-6]],[[10680,11789],[3,9],[20,13],[13,14],[1,9],[5,11],[1,11],[7,-1],[15,3],[-5,7],[12,8],[6,14],[10,13],[16,-8],[10,-10],[34,6],[12,-4],[12,4],[12,2],[13,-2],[13,-11],[28,1],[11,7],[10,11],[11,-10],[15,1],[20,-2],[8,2],[4,8],[8,5],[9,16],[13,18],[10,20],[0,10]],[[11037,11964],[12,-5],[15,-2],[7,-7],[-1,-12],[10,-5],[15,-16],[10,-14],[13,-9]],[[11118,11894],[-1,-13],[10,2],[18,-2],[16,-15],[-6,-6],[-30,-1],[-22,-5],[-19,1],[-7,-10],[12,-15],[5,-11],[-13,-14],[-28,-19],[-3,-13],[6,-10],[1,-14],[-16,-23],[-3,-10],[3,-20],[-1,-19],[-9,-11]],[[11031,11666],[-17,-4],[-10,-5],[-21,-1],[-14,5],[-12,6],[-2,7],[-16,7],[-9,12],[-21,11],[-1,9],[-11,11],[-2,7],[-21,12],[-12,0],[-28,-8],[-1,-7],[-7,-3],[-1,-9],[-15,-12],[-14,-16],[-1,-4]],[[10190,12286],[-1,17],[-3,4],[6,8],[1,11],[-6,31],[6,15]],[[10193,12372],[11,-5],[7,1],[8,10]],[[10219,12378],[12,-7],[7,-2],[7,-7],[13,-5],[21,0],[23,-7],[9,-6],[23,-4],[15,-7],[0,-18],[-4,-3],[-2,-20],[29,-12]],[[10372,12280],[-4,-11],[-22,-14],[-15,-5],[-18,-1],[-9,-5]],[[10304,12244],[-13,-7],[-7,0],[-12,-8],[-10,-12],[-15,-9],[-2,-4]],[[9876,11770],[-15,-3],[2,-17],[-24,-20],[-9,-10],[-21,-33],[1,-11],[-13,-22],[-12,-13],[-1,-10],[-7,-6],[5,-6],[-9,-9],[-4,-10],[1,-7],[-7,-10],[10,-2],[2,-10],[6,-4],[8,6],[27,5],[1,-5],[-19,-17],[-7,-11],[1,-12],[14,-12],[-6,-14]],[[9800,11507],[-20,-8],[-8,4],[-13,-1],[-26,-9],[-20,-12],[-14,-4],[-13,3],[-12,8]],[[9674,11488],[-10,13],[18,21],[-9,5],[-6,14],[-18,13],[6,15],[9,7],[14,31],[-9,3],[-3,7],[-15,12],[-10,4],[-2,5]],[[9639,11638],[11,2],[1,19],[9,7]],[[9660,11666],[9,11],[12,5],[11,8],[0,7],[11,16],[5,4],[3,13],[24,35],[8,23],[8,13]],[[9751,11801],[5,2],[1,10]],[[10566,11984],[14,5],[15,1],[28,15],[13,-5],[25,5],[34,11],[0,5],[31,19],[4,14],[7,4],[4,9],[8,4],[18,4]],[[10767,12075],[5,5],[39,-3],[9,-7],[12,1],[34,-8],[12,-12],[2,-8],[24,-5],[8,-5],[15,-2],[22,1],[4,-6],[29,-4],[4,-9],[7,-2],[13,3],[11,-3],[6,-8],[1,-9],[13,-10],[1,-6],[-7,-8],[6,-6]],[[7371,12586],[-3,-13],[6,-3],[7,-12],[-3,-8],[19,-16],[-4,-7],[13,-13],[10,0],[20,-10],[7,-6],[13,5],[9,-9],[-6,-3],[-2,-9],[3,-8],[-8,-28],[13,-3],[14,-13],[14,-9],[-5,-11],[10,-26],[-3,-7],[15,-8],[15,-2],[3,-4],[19,-1],[13,2],[18,-11],[0,-13],[5,-9],[14,-5],[8,-9],[2,-10],[7,-1],[17,8],[11,-8],[11,1],[13,-2],[6,9],[-1,7],[11,7],[0,5],[13,3],[17,7],[26,5],[2,8],[7,3],[16,-5],[2,3],[47,-20],[1,-6],[-9,-19],[-1,-17],[8,-16],[-3,-2],[24,-26],[13,-7],[20,-16],[7,-8],[-11,-13],[-5,-3],[-8,-11],[-2,-12],[5,-4],[13,-1],[4,-9],[-6,-8],[0,-6],[-18,-18],[-6,1],[-16,-7],[-9,-11],[-25,-13],[-2,-9],[8,-5],[-1,-7],[7,-24]],[[7749,11976],[-17,9],[-1,7],[-6,9],[17,8],[-3,10],[-12,-2],[-8,4],[-4,14],[-16,12],[-11,4],[-2,12],[-18,-8],[1,-8],[-14,-12],[-9,-2],[-21,-13],[-26,-23],[-10,3],[-17,-6],[-23,-11],[-7,-7],[-15,-7],[-14,8],[-12,-1],[-23,2],[-1,9],[-15,4],[-16,-1],[-7,-6]],[[7439,11984],[-8,11],[-17,-1],[-8,8],[-9,-3],[-10,9],[-11,-6],[-11,5],[-15,-6],[-3,-8],[-15,-7],[-1,-9],[-21,-9],[-5,1],[-19,-8],[-10,9],[-11,-5],[-2,-10],[-10,-4],[-5,5],[-16,5],[0,6],[-14,2],[-10,-2],[-3,6],[-18,-8],[-2,-17],[-7,-7],[-13,6],[2,11],[-5,5],[-12,-1]],[[7150,11962],[-6,19]],[[7842,11706],[-4,7],[-28,18],[-21,1],[-17,7],[-14,3],[-10,7],[-8,12],[-6,24],[-7,17],[-8,5],[9,6],[6,12]],[[7949,11614],[-4,-3]],[[7945,11611],[-8,5],[-7,12],[-12,15],[-13,13],[-22,0]],[[9331,11589],[5,-1],[19,11],[8,-8]],[[9412,11479],[-2,-11],[9,-12],[-2,-7],[15,0],[15,-5],[-18,-18],[4,-8]],[[9433,11418],[-11,-9],[-10,-5],[-4,-12],[5,-5],[0,-9],[12,-10],[-3,-14],[16,-7],[20,-3],[17,-8],[-11,-4],[-4,-9],[-32,-7],[-12,-8]],[[9340,11374],[29,11],[5,5],[-15,10],[-10,12],[-4,0],[-9,17],[-8,8]],[[8927,11767],[8,-8],[-2,-10],[7,-11],[-6,-7],[9,-6],[-2,-4],[14,-6],[12,-15],[1,-10],[9,-5]],[[8977,11685],[-14,-5],[6,-10],[30,-10],[-7,-7],[-14,-5],[-15,-15],[-16,0],[-11,-12],[-16,0],[-16,-2],[-7,-10],[-3,-11],[0,-22],[12,-10],[-12,-6],[-24,-8],[-5,-7]],[[8865,11545],[-14,10],[-23,6],[-11,-3],[-10,3],[-3,10],[-27,8],[-11,2],[6,9],[-7,14],[-18,-8],[-11,-1],[-17,11],[-21,4]],[[8698,11610],[4,8],[-1,13],[-17,3],[-11,-8],[-14,-2]],[[8659,11624],[9,6],[18,7],[4,6],[25,6],[21,14],[17,17],[-11,9]],[[8742,11689],[4,5],[20,15],[20,-4],[21,15],[14,2],[14,13],[20,8]],[[8855,11743],[19,3],[15,7],[12,10],[26,4]],[[9517,11548],[1,8],[5,3],[10,12],[-6,17]],[[9527,11588],[19,19],[17,3],[12,7],[19,3],[18,14],[16,0],[11,4]],[[9674,11488],[-11,-8],[-17,-5],[-5,4],[-19,1],[-20,-13],[-11,0],[-2,-6],[-17,-11],[-5,-10],[-15,-1],[-12,-8],[-20,-11],[-23,-18],[-15,3],[-29,0],[2,4],[-22,9]],[[8434,11908],[30,4],[9,8],[4,11],[19,12],[9,3],[23,1],[7,-3],[0,-27],[11,0],[14,11],[15,6],[8,13],[12,8],[29,30],[3,2]],[[8627,11987],[19,-6],[25,5],[17,-2],[25,7],[15,-9],[13,-14],[15,-8],[19,-3],[15,-24],[20,-17],[0,-2]],[[8810,11914],[-3,-12]],[[8807,11902],[-5,-13],[-22,-19],[-1,-11],[-11,-20],[-1,-8],[-5,-8]],[[8762,11823],[-9,-9]],[[9061,11730],[-22,-22],[-11,-8],[-14,-1],[-27,-7],[-10,-7]],[[8927,11767],[6,15],[-8,31]],[[9146,11622],[-12,-15],[-2,-7],[-16,-14],[-8,-3],[-13,-12],[-16,11],[-14,4],[-19,-12],[-8,1],[-16,-9],[-13,3],[-11,-7],[-7,2],[-20,-16],[-13,-3],[-23,3],[-28,-11]],[[8907,11537],[-3,3],[-28,6],[-11,-1]],[[9061,11730],[14,-12]],[[9777,11420],[9,9],[18,1],[9,4]],[[9066,12243],[-13,-11],[-16,-8],[-10,1],[-22,-14],[-19,-6],[-9,-6]],[[8906,12210],[4,7],[-2,18],[6,11],[0,10]],[[8914,12256],[4,10],[7,7],[15,3],[12,4],[10,13],[19,4],[13,6],[4,6]],[[8998,12309],[9,8]],[[9007,12317],[4,-9],[14,-10],[1,-5],[18,-4],[12,-7],[12,-13],[0,-4],[14,-5]],[[9831,11039],[2,-15],[-10,-10],[-11,-29],[-11,-18],[2,-25],[9,-13],[2,-14],[-7,-8],[-12,-5],[2,-7],[-17,-9],[2,-6],[-13,-14],[-5,-14],[-10,-17],[2,-6],[10,-6],[-2,-8],[11,-5],[8,-15],[9,-6],[16,-27],[-3,-8],[-10,-10]],[[9795,10744],[-16,-5],[-17,7],[-10,-14],[11,-8],[-14,-13],[2,-5],[-10,-8],[-10,-11],[3,-8],[-3,-7],[-14,-8],[-5,-10],[-16,0],[-13,12],[-11,-7],[-9,0],[-24,-12],[-11,2],[-9,6],[-36,7],[-20,5],[-23,10]],[[9540,10677],[2,13],[10,13],[14,11],[21,12],[15,13],[-12,5],[-8,8],[4,3],[-1,10],[-8,0],[-15,20],[-11,9],[-11,2],[-27,-3],[-14,1],[-13,6],[2,7],[18,9],[19,2],[9,4],[10,20],[-1,14],[-14,6],[-6,10],[-9,2],[-8,7],[12,6],[16,3],[8,5],[11,0],[17,10],[8,2],[16,24],[1,4]],[[10501,12786],[34,14],[1,7],[16,7],[4,7],[11,8],[13,3],[12,6],[19,4],[13,0]],[[8704,11767],[5,-6],[0,-9],[-14,-29],[3,-19],[17,-2],[8,-10],[19,-3]],[[8659,11624],[-6,23],[-20,-6],[-16,2],[-22,16],[-7,13]],[[8588,11672],[-8,25],[5,17],[-2,9]],[[9007,12317],[7,11],[0,11],[3,12],[5,0],[8,10],[7,2],[1,15],[15,7],[11,3]],[[9064,12388],[12,-8],[30,-8],[22,-12],[7,-7]],[[9540,10677],[-21,-4]],[[9519,10673],[-10,11],[-13,10],[10,19],[0,5],[14,12],[-5,10],[-22,5],[-20,-5],[-14,7],[-9,-2],[-11,4],[-20,-16],[-3,-6],[-13,2],[-7,5],[-18,4],[-4,10],[4,6],[-7,10],[1,8],[-6,13],[-18,11]],[[9348,10796],[-15,11],[-12,3]],[[9904,12003],[-10,22]],[[9830,12284],[7,-12],[-2,-18],[11,-6],[2,-16],[11,-15],[4,-3]],[[8932,11869],[-17,2],[-10,5],[-15,0],[-29,9],[-4,8],[-15,-2],[-7,6],[-12,0],[-16,5]],[[8810,11914],[8,1],[13,13],[5,16],[7,4],[3,8],[1,18],[5,7],[0,12]],[[10447,12398],[4,-23],[0,-16]],[[10451,12359],[-13,-2],[-17,-8],[-1,-6],[-10,-2],[-17,8],[-16,2],[1,12],[-5,1],[-2,10],[-17,7],[-22,-5],[-20,1],[-14,-1],[-7,7],[-6,-1],[-13,5],[-13,-6],[-17,3],[-23,-6]],[[10193,12372],[3,12],[-7,4],[-6,-2],[-17,10],[1,8],[-15,4],[-3,7],[5,8],[8,5],[2,14]],[[10164,12442],[5,6]],[[10169,12448],[7,-1],[12,4],[17,13],[15,7],[19,3],[9,-4],[17,0],[9,-5],[-12,-9],[2,-14],[13,1],[18,-2],[9,5],[31,3],[4,-3],[15,2],[7,5],[24,6],[10,14],[12,5],[14,0],[19,-4],[21,2],[20,-1]],[[10451,12359],[1,-9],[-7,-17]],[[10445,12333],[-4,-7],[-13,-1],[-7,-6],[-11,-2],[-4,-10],[-11,-4],[-3,-6],[-14,-8],[-6,-9]],[[9507,11724],[10,-2],[11,-9],[8,6],[9,-9],[12,1],[4,-7],[11,-4],[18,-10],[14,-3],[49,-17],[7,-4]],[[9527,11588],[-4,5],[-25,14],[-19,1],[-28,5],[0,6],[-8,9],[-15,1],[0,11],[-12,5],[-5,-3]],[[9411,11642],[-2,14],[15,11],[-4,10],[-6,3],[-1,8]],[[10472,12593],[-13,-7],[-2,-6],[-16,-8],[-1,11],[-10,-1],[-12,-12],[-22,-3],[-7,4],[-3,14],[-8,7],[-9,0],[-4,8],[-12,2],[-14,6],[-1,7],[-13,-1],[-16,-11],[-3,-10],[-6,-5]],[[10300,12588],[-15,7],[1,18],[-7,12],[1,13],[13,8],[-2,14],[4,15],[18,9],[10,2],[0,12],[10,6]],[[10333,12704],[6,-1],[9,6],[5,9],[8,-4],[7,4],[36,2],[10,-7],[14,-2],[21,0]],[[10843,12143],[-5,-5],[-14,-4],[-27,-17],[-12,-4],[-3,-9],[-15,-14],[0,-15]],[[10487,12054],[8,24],[-5,12],[2,4],[11,38],[10,12],[-7,10],[-10,-3],[-27,-5],[-13,1]],[[10456,12147],[-3,8],[3,6],[11,11],[1,12],[5,12],[1,19],[12,12],[-1,9],[-16,10],[-18,2],[-6,15],[8,17],[9,7],[9,13],[-7,13],[-1,10],[-7,7],[-11,3]],[[10456,12147],[-10,-18],[6,-2],[-4,-10],[-31,-17],[-14,-2],[-20,6],[-10,10],[-5,10],[-10,4],[-1,17],[-10,9],[-3,9],[-13,11],[8,7],[14,3],[-2,8],[-11,5],[-12,-3],[-8,6],[-5,14],[-9,16],[2,5],[-4,9]],[[9968,11916],[6,12],[-3,6],[2,20]],[[10076,11980],[7,-4],[1,-15],[10,-12]],[[9146,11054],[15,5],[1,4],[19,9],[5,-2],[18,1],[20,-3],[19,10]],[[9274,12004],[17,13],[3,8],[1,14],[9,7],[-4,10],[8,4],[5,9],[-8,12],[4,23],[9,-11],[11,-2],[10,-10],[18,0],[4,4],[23,-2],[21,-4],[10,4],[3,6],[21,-7],[9,-10],[-4,-9],[12,-7],[12,-15],[8,-3],[21,6],[8,5],[20,-1],[17,2],[9,8],[10,3],[8,10],[10,8]],[[9625,11932],[-32,-4],[-8,-10],[-14,8],[-4,7],[-20,10],[-26,-9],[-19,-18],[-34,-12],[-20,-1]],[[9411,11642],[-16,-12],[-13,-4],[-10,-8],[0,-4],[-7,-15]],[[10169,12448],[-2,9],[11,13],[0,5],[14,13],[2,12],[10,10],[0,6],[17,5],[23,-10],[8,0],[13,11],[8,-3],[12,2],[10,10],[7,9],[-7,4],[-2,17],[10,8],[-3,19]],[[8855,11743],[-8,18],[4,8],[2,14],[-5,1],[-7,12],[-14,2],[-24,-8],[-24,3],[-1,8],[-10,11],[-6,11]],[[9103,11122],[14,-3],[16,0],[10,-4],[1,-7],[20,-4],[14,2],[6,13],[9,9],[17,-8],[24,-2]],[[9222,11351],[0,5],[-8,9],[-17,0],[-28,-5],[-15,-8],[-11,4],[-2,8],[6,8],[1,12],[-3,10],[23,19],[0,8],[-13,-3],[-16,6]],[[10333,12704],[-7,14],[-5,3],[1,13],[-4,14],[-1,28],[-5,10]],[[10409,12837],[5,-12],[26,-36]],[[9531,11811],[2,4],[16,7],[27,17],[4,-9],[22,-17],[11,-5],[31,4],[16,3],[8,4],[22,-9],[15,2],[21,-8],[25,-3]],[[9168,12137],[-17,4],[-20,-15],[12,-12],[-3,-15],[-8,-7],[-5,-11],[-8,-4]],[[9811,11492],[-11,15]],[[8268,11924],[10,10],[22,12]],[[8300,11946],[13,0],[15,-4],[32,8],[7,-6],[9,-1],[18,4],[8,-3]],[[9096,11407],[-11,-11],[0,-6],[-12,-14],[-15,-14],[-9,-2],[-2,-7],[-12,-9],[0,-5]],[[9035,11339],[-15,5],[-6,9],[1,17],[-11,16],[3,7],[-8,9],[-11,4],[-8,13]],[[8980,11419],[-8,17],[7,13],[-1,10],[17,10],[22,1],[6,4],[15,-7],[14,16],[16,8],[16,11],[12,2]],[[10008,12376],[12,11],[14,0],[12,6],[10,14],[8,-2],[17,3],[9,0],[6,12],[-3,9],[5,3]],[[10098,12432],[17,-3],[5,3],[19,-1],[20,6],[5,5]],[[9097,11237],[-7,8],[-19,0],[-18,-3],[-13,13],[3,11],[-3,7],[6,9],[-3,3],[-20,5],[-2,10],[2,12],[-2,12],[14,15]],[[8980,11419],[-10,-3],[-21,9],[-17,-4],[-19,7],[-17,14],[9,12],[0,11],[5,7],[-4,4],[-5,21]],[[8901,11497],[-5,7],[1,9]],[[8897,11513],[14,14],[-4,10]],[[6054,11110],[-11,-4],[5,-7],[-1,-19],[-7,-5],[-28,-1],[-17,3],[-19,10],[-12,5],[-14,-3],[-16,1],[-3,4],[-15,-2],[-1,-6],[-12,-1],[-23,4],[-9,-2],[-23,4],[-37,2],[-14,14],[-9,4],[-18,-4],[-23,16],[-18,-8],[-1,-11],[-13,-6],[7,-7],[-1,-9],[-9,-4],[-1,-11],[-19,-4],[-12,5],[-1,-12],[-7,-6],[-10,3],[-11,-2],[-18,-10],[-7,0]],[[5626,11041],[-14,2],[-7,7],[6,5],[-1,10],[-6,6],[-2,7]],[[5602,11078],[-5,1],[2,13],[8,8],[-4,7],[8,9],[-14,6],[-9,12],[-14,-1],[-1,9],[-18,-1],[-6,-6],[-13,6],[-18,14],[-21,-2],[3,6],[-4,6],[-11,-1],[-2,8],[16,8],[5,7],[-20,5],[6,19],[-11,18]],[[5479,11229],[15,23],[10,7]],[[5504,11259],[22,-6],[5,-11],[18,4],[34,-7],[25,11],[38,-10],[21,7],[2,-8],[19,-4],[7,-19],[13,0],[20,-20],[17,6],[10,8],[3,10],[7,-1],[27,11],[14,-1],[6,-13],[15,-2],[12,-4],[6,5],[10,1],[6,-6],[17,-2],[4,9],[9,8],[15,5],[8,1],[5,5],[28,-1],[11,2],[12,-2],[15,3],[15,-4],[9,1],[8,-19],[-5,-15],[7,-10]],[[6019,11191],[-10,-2],[-4,-9],[-12,-10],[5,-8],[-4,-12],[-10,-13],[16,-5],[8,-11],[16,0],[13,-7]],[[6037,11114],[17,-4]],[[6073,11610],[1,-7],[-7,-11],[-16,-9],[-10,0],[-7,-8],[-13,-3],[-13,-6],[-14,-2],[-17,3],[-10,-4]],[[5967,11563],[0,11],[9,3],[4,6],[-6,15],[4,8],[-1,18],[6,9],[0,9],[-3,13],[-12,4],[-31,1],[-15,4],[-5,12],[-10,12],[-1,9],[6,13],[-10,7],[-13,1],[-4,8],[-14,-4],[-26,-3],[-20,3],[-8,11],[-20,6],[-11,9],[-3,9],[-8,-5],[-14,-3],[-5,5],[-13,3],[-17,-5],[-5,-13],[-23,-9],[-17,1],[-15,-13],[-13,-6]],[[5479,11229],[-11,-11],[-9,4],[-5,-9],[-7,-4],[-12,1],[0,-15]],[[5435,11195],[-9,10],[-4,-7],[-12,1],[-21,17],[-5,11],[-11,5],[-18,19],[11,6],[0,11],[-28,3],[-10,-2],[-5,-8],[-18,1],[-21,-7],[2,-15],[8,-6],[-20,-8],[-4,-10],[-7,-6],[-4,-10]],[[5259,11200],[-23,0],[-12,2],[-7,-4]],[[5217,11198],[1,16],[6,10],[-2,16],[10,5],[6,15],[16,17],[1,9],[8,0],[10,12],[-9,14],[8,17],[-3,13],[-10,2],[-15,8],[-4,15],[-4,4],[2,13]],[[5238,11384],[16,1],[18,12],[18,0],[9,4],[12,-9],[11,-4],[16,0],[14,11],[10,2]],[[5362,11401],[4,-11],[12,-6],[7,-7],[7,1],[19,-4],[7,1],[14,-3],[10,1],[10,-7]],[[5452,11366],[-6,-6],[10,-13],[-12,-4],[-7,-10],[7,-15],[-6,-8],[10,-5],[5,-26],[20,2],[27,-14],[4,-8]],[[5981,11326],[-12,6],[-20,-4],[-21,7],[-18,12],[-10,0],[-7,-10],[-8,-2],[-8,-13],[-29,-8],[-6,9],[-34,7],[-23,9],[-17,-6],[-9,1],[-10,-9],[-13,-5],[-23,-5],[-17,7],[-11,-9]],[[5685,11313],[-2,24],[-6,4],[7,5],[4,15],[7,7],[13,-2],[19,10],[12,12],[0,26],[2,9],[-13,7],[2,9],[-26,14]],[[5704,11453],[11,5],[8,-1],[18,6],[11,-3]],[[5752,11460],[16,1],[13,15],[13,-11],[1,-6],[-5,-10],[8,-8],[8,-3],[14,1],[11,-6],[19,-25],[14,-1],[14,-5],[4,2],[20,-5],[21,10],[5,-15],[18,-6],[3,-13],[13,-13],[-6,-10],[20,-18],[5,-8]],[[5320,11135],[12,-4],[22,1],[11,-2],[6,-9]],[[5371,11121],[-6,-5]],[[5365,11116],[-19,-11],[-2,-10],[-7,-7],[-14,-4],[-2,-8],[3,-8],[-9,0],[-11,-9],[-4,-18],[-11,-4],[2,-10],[-7,-7],[5,-14],[8,-7],[-8,-15],[-12,1],[-24,-22]],[[5253,10963],[-11,1],[-31,11],[-8,-1],[-25,8],[-11,-2]],[[5167,10980],[11,11]],[[5178,10991],[5,5],[-3,6],[8,4],[-8,14],[1,13],[-5,9],[4,3],[-8,11],[8,9]],[[5180,11065],[11,1],[13,14],[17,6],[13,14],[6,2],[11,10],[10,21],[12,7],[8,-7],[14,-2],[9,3],[16,1]],[[5626,11041],[-2,-12],[14,-11],[-5,-12],[0,-8],[-4,-10],[23,-4]],[[5652,10984],[-5,-4],[-25,-1],[-11,-4],[-22,6],[-11,4],[2,10],[-6,20],[-7,2],[0,9],[-21,0],[-14,-6],[-4,-7],[-11,-3],[3,-9],[-22,-10],[-20,4],[-7,-3],[-17,2],[-9,-1],[-16,12],[-11,4]],[[5418,11009],[0,23],[-9,7],[-5,21],[-5,2],[-6,14],[-7,4],[-4,13],[-7,4],[-10,19]],[[5371,11121],[33,22],[16,4],[5,6]],[[5425,11153],[-4,-16],[9,-12],[-5,-6],[1,-19],[12,-8],[11,-13],[6,1],[4,-11],[13,-5],[8,-7],[14,-4],[1,11],[17,-4],[15,1],[12,-13],[35,9],[22,9],[6,12]],[[5685,11313],[-4,-4],[-33,-5],[-15,4],[-13,10],[-20,3],[-10,10],[-8,-1],[-10,-7],[-17,5],[-7,-2],[-10,8],[-12,6],[-1,12],[-4,9],[-10,11],[2,10],[-4,5],[-13,3]],[[5496,11390],[6,6],[2,12],[13,11],[2,6],[8,3]],[[5527,11428],[13,-3],[8,10],[-2,23],[7,9],[11,1],[17,16],[3,20],[6,5]],[[5590,11509],[4,2]],[[5594,11511],[18,-11],[4,-16],[21,0],[13,-5],[36,10],[15,0],[6,-16],[-3,-20]],[[7150,11962],[5,-11],[-3,-10],[4,-14],[14,-18],[18,1],[13,-6],[4,-9],[-2,-10],[1,-12],[-12,-20],[-2,-13],[4,-10],[9,-7],[-1,-9],[-18,-6],[-7,-6],[0,-17],[-7,-14],[0,-9],[-7,-14],[3,-11],[10,-14],[6,-4],[1,-13],[-7,-7],[-18,-12],[-18,-3],[-12,-6],[1,-7],[6,-9],[8,-23],[0,-9],[10,-32],[16,-4],[0,-4]],[[7169,11590],[-8,-3],[-21,4],[-16,-8],[1,-6],[14,-13],[3,-13],[-2,-5],[-23,-3],[-7,-5],[4,-13],[9,-12],[-6,-8],[-12,-8],[-15,1],[-10,8],[-5,-3],[9,-16],[-1,-6],[-13,-13],[-4,-20],[-4,-10],[-21,-11],[-9,-12],[-2,-11]],[[7030,11404],[-12,-2],[-3,7],[-11,-7],[-26,3],[-12,12],[-19,-1],[-9,2]],[[6938,11418],[-12,21],[-18,-1],[20,12],[16,13],[9,3],[6,13],[13,9],[-8,5],[-13,-7],[-21,18],[2,6],[8,4],[5,9],[-15,14],[10,11],[34,9],[8,7],[0,9],[7,4],[2,12],[17,3],[9,15],[-13,12],[-14,7],[10,7],[43,20],[7,19],[7,-5],[6,8],[10,5],[-7,7],[1,16],[-10,6],[6,9],[-10,7],[-11,-1],[1,11],[6,4],[28,-1],[4,5],[-10,5],[-2,8],[-21,5],[-20,-5],[-13,-1],[-7,-4],[-22,7],[-24,-10],[-10,2],[-18,13],[-19,-1],[-18,7],[3,15]],[[6900,11784],[34,12],[11,12],[3,10],[-5,6],[4,8],[8,8],[14,-1],[5,10],[8,4],[21,6],[5,7],[-3,7],[12,2],[3,5],[-17,5],[1,6],[14,0],[4,7]],[[5594,11511],[12,13],[6,17],[0,8],[9,23],[9,13],[1,9]],[[5631,11594],[6,5],[-1,9]],[[5636,11608],[13,0],[13,-7],[3,-7],[23,-7],[14,3],[15,0]],[[5717,11590],[6,-14],[-2,-9],[13,-6],[4,-5],[-3,-9],[3,-8],[-4,-7],[-2,-18],[7,-3],[5,-9],[-8,-13],[16,-21],[0,-8]],[[6398,11431],[-11,-8],[2,-19],[13,2],[3,5],[13,-1],[21,-6],[15,1],[-1,-7],[14,-9],[20,-8],[7,3]],[[6494,11384],[-6,-11],[4,-6],[-8,-10],[-14,-4],[-17,-25],[-10,-4],[-1,-5],[-11,-6],[-14,-24],[2,-6],[-12,-5],[-4,-9],[-1,-17],[-14,1],[-11,-6],[-14,3],[-7,7],[-8,0]],[[6348,11257],[-9,8],[-21,-2]],[[6318,11263],[-8,8],[-16,3],[-13,-5],[-9,3],[-9,-7],[-15,6],[-4,6],[2,11],[-14,25],[-17,7],[-9,7],[0,7],[-13,11],[8,7],[-5,11],[10,8],[10,2],[6,14],[5,6],[21,10]],[[6248,11403],[4,-8],[9,-9],[12,-7],[20,1],[21,20],[12,3],[9,-3],[10,3],[8,8],[1,7],[9,1],[5,9],[30,3]],[[5642,11678],[-5,-10],[9,-24],[-5,-7],[-5,-29]],[[5631,11594],[-9,4],[-11,9],[-18,2],[-14,14],[6,8],[-9,6],[-7,10],[10,14],[-8,5],[-14,-1],[-2,10],[-12,8],[-3,12]],[[6398,11431],[6,10],[14,3],[13,-2],[8,3],[5,9],[9,4],[28,-3],[6,3],[17,2],[14,-1],[13,4],[5,10]],[[6536,11473],[10,-1],[14,3],[8,-8],[-4,-13],[3,-4],[15,-1],[29,24],[10,-3],[22,6],[11,-6]],[[6654,11470],[-2,-11],[-6,-6],[5,-5],[-16,-11],[0,-12],[11,-5]],[[6646,11420],[-7,-6],[-12,-1],[-12,-7],[-23,3]],[[6592,11409],[-13,1],[-28,-5],[-8,-4],[-9,-10],[-16,1],[-18,-2],[-6,-6]],[[6019,11191],[16,2],[10,-4],[9,4],[11,14],[0,15],[5,2],[-5,11],[-8,6],[0,15],[10,17],[-2,7],[-11,4],[-14,12],[-11,-6],[-13,2],[-16,7],[-8,17],[-11,10]],[[5981,11326],[8,10],[2,10],[8,2],[5,8],[0,16],[-4,21],[11,15],[-4,10],[3,12],[9,16],[1,9],[13,8],[21,3],[4,3],[12,-3],[9,-13],[6,6],[18,7],[11,-5],[16,6]],[[6130,11467],[1,2],[26,21],[20,11],[1,4],[17,7],[20,-10],[6,-10],[7,-1],[7,-9],[12,-2],[0,-17],[8,-9],[-5,-6],[-1,-11],[5,-4],[2,-9],[-4,-6],[2,-10],[-6,-5]],[[6318,11263],[-8,2],[-11,-8],[-26,-1],[-18,-11],[-2,-12],[-7,-7],[-13,-6],[-5,3],[-12,-4],[-10,-8],[-27,5],[-21,8],[-18,5],[-20,-3],[-28,-23],[-6,-10],[-17,-10],[-11,-3],[-2,-5],[-30,-18],[4,-5],[-11,-23],[10,-5],[8,-10]],[[5452,11366],[23,8],[19,5],[6,6],[-4,5]],[[6900,11784],[-11,2],[-9,-1],[-6,-7],[-11,-4],[0,-7],[-24,-15],[-25,-12],[-8,1],[-12,-7],[-20,-5]],[[6774,11729],[-11,1],[-8,8],[-18,-15],[1,-9],[-14,-12],[-15,-1],[-2,-5],[-20,3],[-6,6],[-16,4],[-24,3],[-2,5],[11,5],[0,10],[11,-1],[11,8],[21,6],[8,5],[1,6],[-7,23],[-1,23],[8,4],[13,-1],[18,10],[3,9],[15,-1],[-1,-21],[13,4],[17,0],[10,9],[-2,12],[3,11],[18,15],[10,13],[2,5],[-5,13],[-18,5],[0,15],[-9,15],[-13,2],[-1,9],[14,13],[0,10]],[[5967,11563],[-27,12],[-7,8],[-23,10],[-20,-2],[-23,11],[-18,1],[-6,2],[-28,-7],[-15,-7],[-19,1],[-17,16],[-17,3],[-10,8],[-9,-2],[0,-11],[-11,-16]],[[5425,11153],[4,5],[19,12],[-6,13],[-7,5],[0,7]],[[6375,11708],[16,2],[12,-3],[16,-8],[8,-11],[-8,-15],[-1,-8],[5,-7],[22,7],[10,1],[-1,-10],[5,-14],[-10,-7],[-3,-6],[5,-16],[0,-22],[6,-3],[-4,-15],[7,-4],[4,-16],[0,-10],[9,-7],[35,-2],[2,-9],[18,-6],[7,-7],[-15,-17],[8,-11],[0,-6],[8,-5]],[[6130,11467],[-19,17],[-15,1],[-18,12],[-6,17],[15,8],[4,7],[24,11],[16,13],[-1,12],[-10,9],[10,10],[-10,5],[-5,8],[-17,6],[-13,9],[-12,-2]],[[5435,11704],[-2,-14],[6,-11],[13,-3],[5,2],[17,-8],[7,-7],[-7,-12],[2,-24],[4,-6],[-5,-8],[4,-13],[-6,-8],[8,-7],[13,-28],[23,-12],[0,-11],[9,-8],[3,-10],[14,-3],[15,-1],[17,4],[15,-7]],[[5527,11428],[-5,9],[-13,4],[-4,16],[-8,9],[0,18],[-19,1],[-19,20],[-14,7],[4,7],[-5,6],[-23,-2],[-14,11],[-15,0],[-15,3],[-7,-7],[2,-10],[-14,3]],[[5358,11523],[-19,1],[-13,-6],[-14,-9],[-6,-2],[-15,-9],[-6,3],[-25,-7],[-25,3],[-12,-4]],[[5223,11493],[-7,8],[-17,2],[-17,9],[2,12],[7,17],[-2,4],[2,17],[-9,10],[0,13],[-9,5],[-3,39],[-4,18]],[[5320,11135],[0,6],[11,12],[-3,15],[10,7],[3,7],[-13,4],[-9,11],[-13,9],[-5,-1],[-21,5],[-2,-22],[-5,-2],[-30,2],[-2,-14],[-10,-8],[-2,-10],[-10,-4],[-9,2],[-5,7]],[[5205,11161],[4,16],[5,8],[32,8],[13,7]],[[6774,11729],[-19,-33],[1,-8],[-4,-13],[7,-7],[-15,-15],[-2,-13],[3,-9],[-15,-8],[-3,-7],[6,-21],[-5,-15],[1,-8],[10,-7],[-4,-23],[-14,-4],[-4,-6],[-20,-13],[-13,-16],[-6,-14],[0,-12],[-8,-9],[-16,2]],[[5180,11065],[-1,15],[11,37],[5,28],[10,16]],[[6938,11418],[-36,9],[-18,14],[-30,-1],[-17,-4],[-16,-9]],[[6821,11427],[-13,-2],[-3,-10],[-23,1],[-7,4],[-15,-2],[-17,12],[-10,2],[-10,-2],[-15,5],[-16,0],[-9,-7],[-7,0],[-9,-7],[-10,2],[-11,-3]],[[6054,11110],[13,-10],[3,-6],[-3,-8],[3,-9],[-12,-16],[0,-7],[-7,-12],[-8,-5],[-2,-7],[-9,-5],[-16,-3],[-4,-7],[3,-13],[-1,-16],[7,-9],[11,-26],[10,-11]],[[6042,10940],[26,-8]],[[6068,10932],[1,-7]],[[6069,10925],[-8,-26],[-14,-12],[-11,-4],[-11,-12],[-12,0],[-6,-11],[-1,-7],[-14,-11],[-17,-18]],[[5975,10824],[-12,-4],[-13,3],[-15,6],[-8,-4],[-10,6],[-26,9],[-6,9],[-1,15],[-11,3],[-3,9],[1,11],[-21,17],[-12,22],[-14,0],[-9,3],[-2,14],[-13,6],[-1,11],[-18,4],[-30,5],[-17,-2],[-12,-6],[-13,-1],[-7,4],[-3,10],[-13,-5],[-10,0],[-6,12],[-6,4],[-12,-1]],[[5178,10991],[-17,5],[-2,4],[-13,2],[-4,9],[-14,1],[-2,11],[-7,4],[-2,13],[-10,10],[0,15],[2,10],[-2,13],[-15,7],[-7,10],[-8,5]],[[5077,11110],[7,23],[5,3],[4,12],[-9,6],[4,9],[10,6],[17,19],[-6,5],[5,9],[18,-2],[-6,17],[14,-1]],[[5140,11216],[11,3],[19,-11],[6,-7],[11,-7],[18,-5],[12,9]],[[5805,6678],[-146,-26]],[[5659,6652],[-12,0],[-3,6],[-18,11],[3,5],[-3,11],[-14,7],[-8,22],[15,5],[1,19],[-9,2],[-8,17],[3,15],[-7,0],[-15,7],[-3,10],[-7,5],[-10,-2],[-14,18],[-11,4],[1,7],[-7,5],[-9,-3],[1,11],[-10,9],[-14,8],[-4,8],[-8,-2],[-14,2],[-26,-7],[-1,8],[-19,9],[-7,-3],[-30,-3],[-7,19],[-9,14],[4,11],[-17,9],[-13,3],[-6,18],[-8,-3],[-8,4],[2,7],[-4,14],[-6,6],[-8,0]],[[5312,6965],[-11,-2],[-4,6],[9,9],[-14,12],[-23,3],[5,11],[-1,8],[12,6],[0,8],[6,10],[17,8],[0,10],[10,5],[6,-1],[22,20],[1,10],[-12,7],[-6,10],[-1,11],[-6,7],[0,11],[-19,-1],[-4,4],[1,13],[-2,12],[3,19]],[[5301,7181],[10,-2],[11,1],[4,5],[12,2],[10,10],[20,3],[13,4],[4,5],[1,12],[4,4],[-3,10],[3,16],[10,10],[12,3],[17,9],[7,13],[1,15],[8,9],[10,4],[6,8]],[[5461,7322],[22,6],[15,6],[12,2],[11,10],[4,8],[9,7],[4,15],[-9,14],[9,14],[1,11],[17,9],[24,27],[0,10],[25,11],[11,1],[10,8]],[[5626,7481],[-3,10],[10,7],[-1,4],[8,8],[16,6],[-3,9],[16,16],[11,7],[-1,8],[7,8],[11,2],[7,7],[0,17],[8,6],[1,10],[17,6],[38,0],[14,7],[8,7],[20,1],[13,8],[25,5],[13,-2],[15,28],[1,6],[12,8],[3,19]],[[5892,7699],[18,-3],[3,-9],[13,-16],[-2,-10],[4,-10],[8,-8],[0,-13],[7,-3],[5,-11],[14,-4],[-16,-33],[1,-10],[14,-21],[11,-10],[-6,-9],[-10,-7],[2,-12],[-3,-15],[-5,-9],[1,-10],[-4,-6],[1,-11],[10,-12],[8,3],[29,-4],[3,4],[14,-1],[-5,-9],[12,-5],[12,-1],[-7,-11],[0,-10],[-11,-28],[9,-16],[-10,-11],[2,-17],[-4,-8],[-1,-12],[3,-7],[-3,-9],[-17,-14],[-16,-31],[-7,1],[-16,-14],[-14,-10],[-18,-1],[1,-14],[-3,-6],[4,-7],[-2,-16],[7,-4]],[[5928,7189],[-38,-15],[7,-11],[9,-8],[-2,-10],[-17,-13],[-7,-12],[13,1],[12,-13],[-5,-8],[-10,-2],[-23,-2],[-3,-7],[7,-4],[-14,-13],[-14,-10],[1,-11],[6,-6],[-4,-10],[-11,-9],[-13,0],[-7,-10],[3,-13],[-13,-11],[-3,-13],[-8,0],[3,-10],[7,-4],[-2,-8],[3,-8],[-10,-6],[6,-9],[6,-14],[-5,-7],[-1,-18],[6,-4],[5,-11],[6,-2],[-6,-9],[17,-4],[2,-12],[-5,-5],[11,-8],[1,-8],[-7,-10],[0,-6],[7,-16],[-2,-18],[-7,-7],[13,-8],[-18,-16],[-4,-7],[2,-9],[-6,-13],[-11,-10],[0,-11],[4,-18],[-4,-5]],[[5349,6493],[-16,-3],[-5,-7],[-9,0],[-7,-5],[5,-9],[-3,-4],[-15,2],[-1,6],[-14,5],[-23,-5],[-11,-23],[-1,-14],[-3,-3],[5,-10],[2,-23]],[[5253,6400],[-71,1],[-11,-4],[-10,-10],[-11,0],[-14,8],[-12,1],[-30,-16],[-10,0],[-2,9],[-5,6],[7,16],[-2,6],[7,9],[9,15],[-4,7],[-40,24]],[[5054,6472],[-6,4],[-10,1],[-16,8],[-4,19],[-16,15],[-22,16],[-1,6],[13,9],[-8,11],[2,4],[-6,8],[-16,0],[31,22],[5,2],[8,21],[6,2],[21,36],[67,41]],[[5102,6697],[17,8],[9,1],[11,-7],[2,-5],[11,-2],[24,-10],[14,-7],[-6,-6],[8,-7],[-5,-4],[11,-6],[1,-8],[16,-8],[0,-6],[15,-8],[-6,-8],[8,-4],[9,0],[3,-8],[-11,-8],[10,-7],[4,-12],[-5,-6],[24,-3],[12,-12],[-4,-8],[13,-4],[-3,-6],[6,-10],[8,-3],[1,-8],[13,7],[4,-9],[29,-8],[-3,-5],[7,-7]],[[5312,6965],[-49,-59],[8,3],[14,0],[3,-7],[17,-5],[13,-26],[7,-3],[-4,-10],[6,-23],[-16,-5],[4,-17],[15,-7],[8,-17],[7,-10],[27,-3],[9,-8],[-26,-85],[-7,-13],[15,-1],[10,-16]],[[5373,6653],[-9,2],[-10,-32],[7,-4],[6,-10],[-4,-9],[13,-3],[0,-11],[-8,-5],[15,-23],[30,-23],[-3,-4],[-1,-18],[-2,-7],[-19,-4],[-3,-7],[-12,0],[-14,4],[-10,-6]],[[5102,6697],[-13,-1],[-5,6],[-21,13],[-25,6],[-5,4],[-13,1],[-3,11],[-12,1],[-7,7],[-19,7],[1,7],[-19,8],[-5,5],[0,11],[-5,6],[8,10],[-9,9],[0,5],[-10,10],[-11,4],[-4,9],[19,21],[-8,12],[-9,4],[-4,14],[-15,8],[-5,6],[-13,-3],[-20,2],[-23,-17],[-21,-11],[-23,-1],[-15,8],[-8,10],[0,6],[9,14],[-1,15],[3,6],[-5,13]],[[4786,6943],[11,3],[11,13],[6,-1],[12,9],[15,2],[17,-7],[15,5],[10,-3],[9,1],[18,10],[20,22],[9,7],[17,-1],[21,9],[8,30],[-7,7],[3,6],[13,4],[15,-3],[14,5],[4,8],[12,5],[10,10],[9,13],[11,2],[9,6],[1,6],[14,9],[14,6],[20,0],[10,-4],[20,1],[18,6],[14,7],[11,-4],[9,8],[7,14]],[[5216,7154],[12,8],[22,8],[28,-5],[13,12],[10,4]],[[8775,5711],[12,-4],[11,-7],[17,-6],[6,-12],[2,-17],[14,3],[12,6],[11,2],[10,-3],[14,-7],[11,-3],[-10,-12],[15,-6],[4,13],[7,2],[11,-6],[4,-8],[-19,-19],[1,-5],[13,-1],[24,3],[-11,8],[-2,10],[11,6],[5,-2],[8,-11],[11,-4],[-2,-12],[-8,-8],[4,-3],[22,6],[8,-1],[5,-7],[-19,-4],[-5,-10],[19,-4],[-10,-9],[11,-11],[5,-7],[17,-3],[12,14],[1,-12],[-16,-12],[-16,1],[1,-10],[23,-8],[13,-2],[14,7],[4,-17],[10,-11],[-11,-8],[4,-14],[-9,-5],[14,-18],[26,-6],[11,1],[10,6],[4,9],[9,1],[2,-8],[9,-8],[13,-7],[0,-14],[-3,-8],[-8,-8],[2,-14],[38,-7],[-1,-13],[4,-7],[8,-5],[21,11],[14,0],[8,-5],[6,-9],[8,8],[5,10],[22,-18],[11,10],[13,0],[3,-12],[14,-6],[14,7],[-5,-16],[9,-8],[-15,-5],[-13,-1],[25,-18],[9,-2],[20,6],[-2,10],[14,4],[3,8],[17,-12],[13,0],[11,11],[6,-3],[-7,-16],[10,-3],[7,10],[7,0],[5,-16],[-5,-2],[-27,1],[-5,-11],[8,-6],[31,1],[-10,-12],[4,-5],[17,-1],[16,3],[-1,-12],[7,-3],[2,13],[10,3],[9,-4],[3,-8],[-5,-9],[7,-8],[14,-3],[13,0],[11,4],[8,-7],[-12,-11],[4,-7],[9,0],[18,5],[3,7],[15,3],[6,8],[12,-3],[-14,-12],[-9,-4],[9,-6],[15,9],[10,2],[20,-7],[13,-13],[-3,-12],[-9,-13],[1,-12],[-9,-8],[5,-8],[10,-7],[16,-1],[2,-4],[-9,-8],[-5,-25],[-13,-8],[-7,3],[-1,8],[-7,9],[-5,-11],[-11,-3],[-19,16],[-35,-10],[-20,1],[-2,-10],[8,-9],[-14,-1],[-16,12],[-14,-2],[-4,14],[-6,4],[-19,-2],[-1,-7],[-10,-6],[-3,-8],[-16,5],[-10,6],[-10,-6],[7,-17],[-11,-6],[-4,11],[-13,1],[0,8],[-8,5],[-9,-6],[-20,1],[-11,-8],[-7,5],[-17,1],[-18,4],[-1,9],[-16,-5],[-11,1],[-12,-9],[-9,9],[2,7],[-13,-1],[1,7],[-6,9],[-12,-3],[-26,5],[4,6],[-2,7],[4,12],[-8,6],[-9,-5],[-14,0],[-5,7],[-26,-6],[1,9],[-14,0],[4,12],[-9,8],[-8,-10],[-8,7],[-8,2],[-5,-11],[-13,0],[2,13],[-11,-3],[0,-8],[-11,2],[-14,-17],[-12,-6],[-7,2],[-22,-11],[-8,0],[-13,-10],[-8,5],[-14,-5],[-4,5],[-15,-6],[-34,1],[-21,-11],[-14,-1],[-12,8],[-12,3],[-9,-3],[-14,3],[-8,7],[1,9],[-12,18],[-9,0],[-10,-12],[-6,0],[-17,-11],[-16,4],[-5,6],[5,8],[-11,10],[-19,2],[-16,-15],[-7,-2],[-5,-9],[-14,-9],[-6,3],[-18,-2],[-19,1],[-17,7],[-8,10],[-22,3],[-10,12],[-13,1],[-5,8],[-11,6],[-7,-4],[-30,15],[0,5],[-8,14],[-1,12],[-6,7],[-24,2],[-3,10],[-150,0],[-207,0],[-198,0],[-228,0],[-286,0],[-13,17],[4,10],[-5,3],[-1,12],[-10,8],[7,15],[-10,18],[-20,12],[-1,11],[6,7],[-16,17],[2,11],[-9,11],[4,4],[-10,9],[-1,15],[-7,8],[8,6],[-34,13],[-11,3],[-17,9],[-1,13],[-5,6],[9,13],[1,23],[-7,14],[-10,4],[-10,13],[-17,12],[-7,13],[2,10],[-18,14],[-6,14],[5,10],[0,22],[-9,12],[-11,1],[-4,6],[8,10],[-87,83],[-13,9],[-11,18],[-13,6],[-16,-4],[-6,-4],[-23,2],[-18,10],[-3,10],[-8,0],[-8,9],[-9,4],[-2,-9],[-26,8],[-15,12],[-2,7],[-10,1],[4,11],[-19,-6],[-3,17],[3,9],[-11,6],[-8,7],[-9,1],[12,11],[2,9],[-10,7],[-3,11],[6,6],[14,2],[-24,12],[-24,31],[5,7],[-8,3],[-2,9],[7,7],[21,7],[5,9],[10,5],[-1,20],[10,5],[5,13],[6,4],[-1,17],[-4,7],[-14,0],[-9,11],[-6,2],[-9,14],[-22,12],[-16,14],[-3,12],[6,7],[-3,5],[-13,2],[-20,9],[-29,41]],[[6757,6238],[8,15],[-18,10],[-17,15],[-8,4],[3,12],[-20,4],[-2,16],[-21,20],[-11,4],[2,23],[-9,25],[-13,9],[-5,11],[-9,4],[1,5],[-21,11],[-4,7],[-11,-1],[-13,23],[-18,12],[8,3],[-8,8],[-12,-2],[-12,10],[1,9],[8,7],[-4,7],[10,17],[-8,11],[-12,-3],[-12,18],[-13,-2],[-11,8],[-18,0],[-12,3],[-4,9],[-12,6],[1,16],[-2,3]],[[6459,6595],[21,17],[-7,10],[-3,10],[3,9],[9,14],[1,5],[-7,11],[0,8],[5,11],[-5,12],[8,3],[-5,13],[2,14],[-13,11],[12,1],[12,-14],[9,1],[6,8],[19,7],[15,-4],[19,4],[19,9],[-2,8],[8,2],[21,13],[9,0],[16,16],[17,1],[4,3]],[[6652,6798],[2,-2],[22,-5],[13,-8],[12,1],[8,-7]],[[6709,6777],[8,-6],[27,-3],[-4,-11],[5,-8],[30,10],[24,1],[6,-8],[-7,-10],[10,-11],[26,9],[26,-8],[5,6],[9,-2],[9,6],[-4,12],[7,1],[7,-9],[7,-3],[6,5],[-6,10],[24,10],[-8,14],[-2,7],[16,4],[-3,9],[1,17],[-19,12],[-2,5],[11,3],[15,-1],[-15,10],[6,10],[-5,11],[9,10],[-2,15],[9,15],[-1,9],[-17,4],[2,8],[14,0],[9,17]],[[6942,6947],[177,-204],[119,-139],[16,2],[4,-10],[16,-13],[13,-5],[9,-14],[3,-12],[-3,-5],[17,-9],[10,-9],[22,-7],[14,-2],[11,-7],[3,-7],[21,-7],[21,1],[10,-4],[3,-6],[14,-6],[6,-11],[11,4],[11,-10],[2,-6],[9,-3],[8,-13],[8,-1],[10,-12],[-1,-10],[15,-4],[1,-6],[13,-7],[14,1],[4,-5],[19,-5],[6,-4],[16,-1],[5,-7],[8,1],[0,-12],[4,-19],[0,-11],[18,-2],[15,-19],[15,-7],[-2,-7],[14,-4],[5,-13],[9,0],[3,-7],[18,2],[3,-7],[18,-9],[9,-10],[26,-4],[12,-6],[-4,-10],[5,-3],[31,-7],[-8,-10],[6,-8],[12,4],[10,-1],[16,-9],[-10,-5],[10,-11],[4,-8],[15,9],[8,-2],[3,-10],[7,-3],[20,3],[-9,-10],[14,-14],[7,4],[9,-4],[-1,-6],[9,-2],[13,5],[-1,12],[7,4],[-4,-32],[6,-10],[11,-6],[1,-10],[8,-3],[7,12],[12,7],[8,-8],[0,-10],[28,-3],[-7,-12],[28,-4],[6,-8],[11,-6],[10,2],[5,9],[13,7],[4,-6],[-5,-6],[22,-6],[-1,-14],[-11,-9],[-1,-9],[17,-22],[-14,2],[-6,-5],[7,-9],[12,2],[-3,-9],[9,-8],[-6,-6],[10,-8],[-3,-5],[26,0],[4,-6],[-9,-8],[19,-11],[4,-9],[20,5],[2,-7],[12,-4],[-4,-9],[24,-6],[-14,-3],[-1,-10],[5,-6],[14,2],[-1,-9],[7,-6],[-9,-6],[9,-5],[-9,-5],[2,-8],[7,-6],[18,-4],[9,0],[5,-9],[-12,-8],[9,-7],[19,-3],[6,-12],[9,-1],[6,-8],[32,6],[19,-5],[10,8],[1,13],[16,5],[6,-6],[12,-2],[11,2],[4,-15],[17,-2],[2,-5],[-8,-9],[-10,-2],[4,-9],[29,-8],[1,-11],[8,-10],[15,2],[15,7],[12,0],[2,-6],[10,-2],[1,-14],[14,-2],[18,0],[13,4],[21,19],[6,-4],[10,4],[1,-12],[13,1],[0,16],[17,16],[21,-6],[-3,11],[6,20],[8,-5],[0,-8],[11,-4],[11,11],[-3,7],[-11,0],[5,9],[12,-7],[6,1],[13,-15],[10,0],[14,4],[4,-7],[-7,-4],[-17,0],[4,-8],[16,0],[13,-5],[4,-6],[-6,-10],[25,-11],[-2,-11],[-7,-7],[-10,6],[-6,-2],[9,-10],[17,-7],[10,1],[2,-9],[6,-2]],[[5253,6400],[-71,-16],[-5,-20],[6,-9],[8,1],[7,-5],[-8,-8],[0,-14],[-13,-6],[-1,-7],[-22,-17],[0,-11],[11,-6],[-1,-5],[10,-22],[-5,-12],[5,-9],[19,-13],[2,-8],[8,-8],[14,-8],[26,-9]],[[5243,6188],[2,-12],[-4,-14],[18,-3],[4,-18]],[[5263,6141],[-9,-3],[-17,-20],[-12,-3],[-19,4],[-22,10],[-9,12],[-5,14],[-1,15],[-7,7],[-15,6],[-12,1],[-14,5],[-10,10],[-3,8],[-2,19],[-8,8],[-19,6],[-16,0],[-25,4],[3,9],[19,6],[2,15],[14,15],[2,13],[-9,5],[-13,-5],[-16,0],[-12,5],[-39,33],[-18,11],[-14,3],[-9,-4],[3,-10],[16,-7],[5,-13],[-6,-14],[-8,-7],[-11,5],[0,20],[-8,9],[-14,-3],[-9,-6],[-31,6],[-14,-8],[-14,2],[-14,8],[-25,2],[-9,2]],[[4809,6336],[7,6],[-18,10],[-11,-4],[-6,2],[-2,11],[-18,8],[-16,3],[0,15],[-15,1]],[[4730,6388],[-4,10],[15,2],[12,5],[31,38],[10,-6],[19,-3],[7,-12],[12,-6],[16,0],[15,-6],[17,0],[20,-10],[14,2],[7,16],[-7,0],[-3,11],[-11,6],[3,5],[0,12],[3,5],[51,0],[97,15]],[[6652,6798],[-10,4],[-12,0],[-17,12],[-16,0],[-17,12],[-12,3],[-6,7],[-17,-1],[-7,3],[-11,29],[-9,5],[-8,-1],[-6,12],[-16,8],[4,13],[-17,3],[-3,9],[-17,12],[-9,1],[-18,5],[-18,-1],[-2,7],[-7,4],[-12,18],[-10,3],[-6,7],[-22,7],[-9,-3],[-28,-2],[-21,15],[-32,8],[-7,4],[-25,-3],[-12,11],[-9,-5],[-17,4],[-2,8],[-7,4],[-21,1],[-10,5],[-20,-8],[-19,2],[-16,10],[-13,10],[-21,12],[-13,4],[-2,10],[-15,28],[-15,10],[1,12],[9,10],[-4,4],[2,8],[-10,4],[-9,15],[-7,7],[6,5],[8,1],[0,11],[13,10],[12,17],[-6,6],[6,16],[8,6],[-12,10],[8,14],[1,10],[-6,13],[2,12],[-4,11],[14,7],[25,34],[2,10],[6,5],[2,11],[-4,11],[-12,5],[-5,5],[-3,14],[3,6],[-4,7],[7,8],[-30,112],[-46,175],[-32,126]],[[5958,7842],[16,5],[8,9],[10,0],[14,-7],[13,4]],[[6019,7853],[7,-6],[20,-9],[0,-17],[17,-4],[16,-8],[-4,-17],[12,-3],[6,3],[28,-2],[-1,-13],[8,-7],[-1,-10],[9,-9],[0,-12],[6,-12],[19,-7],[7,-15],[-1,-12],[-5,-5],[0,-8],[9,-19],[-9,-8],[6,-10],[2,-13],[-7,-6],[-12,-19],[2,-13],[-5,-15],[-7,-7],[-3,-11],[-21,-14],[-13,-15],[3,-11],[-3,-23],[2,-12],[14,-12],[-15,-16],[4,-16],[-3,-6],[-10,-5],[4,-7],[-7,-14],[2,-13],[7,-10],[-4,-25],[3,-3],[-5,-10],[-6,-21],[-1,-17],[-9,-4],[-3,-8],[-1,-17],[-14,-8],[8,-13],[-3,-15],[2,-13],[5,-4],[31,-6],[9,5],[16,-4],[4,-7],[18,3],[13,0],[11,-10],[6,-8],[21,-4],[25,-16],[5,-10],[8,-6],[10,-3],[7,-6],[13,-2],[2,-18],[14,-14],[13,-3],[18,7],[10,0],[6,-7],[17,-1],[5,4],[10,-3],[17,0],[17,9],[22,-4],[7,6],[16,0],[17,5],[11,-4],[15,7],[7,-2],[9,9],[14,-9],[16,-7],[10,-31],[3,-3],[-1,-12],[-4,-5],[11,-15],[-12,0],[-2,-8],[17,-12],[19,-1],[7,-13],[-12,-12],[10,-1],[24,6],[4,-7],[-4,-10],[3,-6],[12,4],[9,-3],[-7,-13],[5,-11],[-9,-3],[-1,-6],[25,3],[-13,-9],[6,-19],[4,-5],[16,-5],[4,-9],[1,-11],[6,-8],[12,-2],[6,7],[9,-1],[-5,-11],[5,-5],[-10,-10],[21,-1],[0,-10],[-9,-17],[2,-6],[9,-2],[-3,-8],[7,-7],[11,0],[2,-5],[-16,-2],[5,-10],[13,0],[1,-7],[-19,-3],[9,-7],[15,1],[-1,-10],[-4,-4],[-16,-6]],[[5892,7699],[-16,7],[-6,11],[0,12],[5,10],[9,6],[21,6],[13,8],[-5,6],[10,13],[8,18],[10,14],[10,7],[-7,10]],[[5944,7827],[14,15]],[[6459,6595],[-16,-50],[-44,130],[-157,5],[-23,4],[-3,6],[-11,2],[-2,7],[-8,1],[-17,5],[-12,7],[-11,16],[0,20],[10,8],[-4,18],[-14,16],[-11,5],[0,7],[-19,13],[-14,3],[-2,10],[-16,7],[-11,7],[-3,8],[-13,-6],[-6,2],[-3,13],[3,7],[-4,6],[-9,3],[-2,13],[-9,3],[-2,6],[-9,1],[-11,14],[-2,14],[-17,19],[-7,-1],[-12,10],[-15,-3],[-21,6],[18,14],[18,4],[13,7],[9,7],[10,3],[6,7],[4,12],[-3,11],[0,12],[15,6],[3,16],[9,3],[-106,130]],[[6757,6238],[-208,34],[-276,45]],[[6273,6317],[-6,14],[4,9],[15,15],[-12,6],[-6,7],[8,5],[-4,9],[2,14],[-40,19],[-9,2],[-19,10],[-18,24],[-26,4],[-10,5],[-3,9],[-18,3],[-2,7],[9,10],[-12,12],[-66,0],[15,14],[-8,14],[-7,5],[-10,12],[-4,12],[-8,12],[-12,10],[-7,20],[-1,13],[6,16],[-2,18],[-5,16],[-8,11],[9,8],[5,12],[-22,-7],[-8,4],[-20,-1],[-10,4],[-17,1],[-28,-5],[-20,3],[-19,-5],[-20,5],[-28,-1],[-13,-5],[-5,-9],[-8,0]],[[6273,6317],[-6,-7],[-15,-4],[-3,-9],[-10,-6],[2,-12],[-7,-5],[0,-13],[-8,-4],[-4,-7],[5,-9],[-6,-13],[0,-9],[6,-2],[3,-10],[10,-1],[10,-13],[-1,-7],[9,-3],[5,-8],[-3,-8],[-11,-9],[-15,1],[-7,-4],[1,-10],[-11,-1],[-13,-8],[-11,4],[-4,12],[0,20],[-7,15],[-10,5],[-28,-4],[-21,2],[-14,8],[-7,-2],[-5,-7],[-37,-13]],[[6060,6176],[-11,11],[-114,117],[-233,68],[-3,2],[6,13],[-14,12],[-1,15],[4,10],[0,8],[-36,95]],[[5658,6527],[1,125]],[[5658,6527],[-6,1],[-8,11],[-30,-6],[-11,4],[-10,-9],[-23,4],[5,6],[-14,4],[-12,-2],[-21,8],[4,17],[-4,6],[-11,3],[-8,8],[1,27],[-14,11],[-17,1],[-11,-4],[-10,3],[-24,0],[-3,13],[7,8],[1,11],[-12,1],[-11,-2],[-12,2],[-8,6],[-17,-1],[-6,-5]],[[6019,7853],[10,10],[16,33],[8,7],[21,-8],[9,3],[10,12],[5,10],[14,5],[10,15],[-1,16],[16,18],[11,-3],[4,10],[10,6],[4,7],[15,4],[-5,10],[27,22],[10,11],[9,26],[-3,11],[24,-1],[9,-3],[21,4],[17,-6],[5,1],[14,20],[-15,6],[18,20],[2,7],[12,6],[8,8],[5,12],[1,10],[18,7],[17,10],[-3,4]],[[6372,8183],[14,9],[9,0],[15,10],[12,13],[17,-2],[11,3],[20,-2],[9,3],[24,1],[9,-6],[2,-17],[12,-3],[7,-12],[13,-8],[15,2],[34,-6],[16,-9],[14,-17],[-12,-6],[5,-11],[-6,-6],[-13,-7],[-9,-16],[-11,-3],[4,-11],[-8,-6],[2,-14],[-10,-10],[10,-24],[-4,-4],[-1,-13],[5,-7],[11,3],[11,-4],[9,-9],[13,-7],[-10,-7],[-7,-20],[4,-7],[-7,-3],[-4,-13],[8,-8],[-5,-14],[3,-6],[-8,-4],[-6,-8],[-1,-9],[14,-6],[10,-1],[5,-5],[1,-11],[-17,-14],[0,-14],[10,-14],[-18,-10],[-3,-10],[4,-7],[-4,-5],[0,-10],[-8,-9],[10,-12],[-10,-17],[-2,-23],[7,-8],[-17,-7],[-7,-15],[-10,-7],[3,-7],[-6,-11],[3,-8],[-3,-12],[12,-5],[6,2],[18,-11],[-3,-16],[13,-17],[8,3],[20,-9],[21,1],[12,-25],[23,15],[14,-5],[2,-12],[-7,-5],[0,-7],[-9,-18],[1,-14],[-11,-5],[-5,-13],[13,0],[17,9],[25,-16],[-2,-7],[11,-17],[-3,-3],[0,-19],[-6,-18],[7,-10],[21,-9],[7,-5],[7,-17],[-4,-6],[16,-7],[19,-15],[-8,-6],[21,-26],[11,-15],[3,-9],[6,-6],[4,-12],[-6,-7],[5,-10],[-1,-29],[19,-21],[14,0],[6,-10],[-17,-6],[1,-7],[-12,-15],[6,-8],[4,-11],[7,-2],[18,-17],[18,-1],[8,-4],[-3,-12],[25,-16],[-7,-16],[15,-17],[-7,-24],[6,-12],[-11,-10],[1,-6],[-9,-12],[7,-9],[-3,-6],[-11,-2],[1,-11],[14,-8],[6,-13],[6,-3],[12,2],[8,-3],[1,-6],[-9,-11]],[[4730,6388],[-22,-1],[-10,10],[-34,2],[-12,-6],[-15,3],[-9,-1],[-14,10],[-15,2],[-11,-4],[-21,9],[-22,0],[-5,-3],[-42,16],[-11,7],[-6,13],[1,8],[-6,3],[3,14],[-14,11],[-1,7],[-9,9],[15,9],[2,12],[-5,7],[-11,7],[-6,9],[0,8],[14,6],[3,6],[13,6],[0,4],[15,13],[12,2],[25,17],[14,14],[-1,8],[11,8],[12,4],[3,7],[8,6],[18,1],[-5,12],[-10,9],[31,18],[2,18],[5,7],[-4,13],[5,6],[-2,16],[7,4],[-6,7],[-1,10],[13,0],[15,26],[12,10],[-7,11],[-9,5],[7,19],[-3,10],[22,26],[15,12],[1,6],[18,13],[-3,6],[3,10],[-9,2],[-2,8],[5,8],[-13,22],[-15,6]],[[4669,6971],[30,-7],[13,-9],[11,0],[21,-10],[6,-16],[36,14]],[[6372,8183],[1,7],[-26,19],[-1,15],[-9,15],[3,12],[20,13],[14,32],[-34,13],[2,5]],[[6342,8314],[12,18]],[[6354,8332],[8,3],[33,4],[10,-5],[11,8],[19,7],[12,-9],[6,2],[14,14],[11,2],[19,15],[5,8],[21,15],[2,7],[9,7],[15,5],[2,8],[7,5],[0,11],[11,14],[8,3],[7,9],[8,4],[7,10],[8,6],[4,8],[7,4],[15,2],[7,9],[12,3],[2,6],[12,3],[2,7],[16,13]],[[6684,8540],[7,8],[11,7]],[[6702,8555],[22,-8],[4,-13],[12,-10],[9,10],[8,1],[10,14],[38,14],[24,-1],[11,-2],[7,3],[14,-9],[7,2],[2,8],[12,7],[11,1],[22,14],[8,3],[17,-14],[-9,-14],[7,-9],[13,-2],[6,-17],[0,-6],[15,-16],[13,0],[11,6],[9,-2],[21,5],[18,-3],[1,7],[21,4],[6,4],[17,1],[10,2],[31,-5],[1,-14],[10,-8],[-2,-12],[5,-4],[5,-18],[-16,-12],[9,-10],[-2,-6],[4,-7],[-3,-9],[14,-1],[9,-26],[13,-13],[2,-19],[27,0],[16,-3],[-21,-23],[5,-15],[-9,-11],[-9,-5],[1,-9],[23,-1],[15,-7],[-2,-13],[15,-1],[27,-11],[7,-10],[-12,-10],[-11,-25]],[[7251,8227],[-15,-3],[-5,-12],[-15,4],[-6,-10],[-28,-12],[-12,-13],[5,-9],[-13,-11],[-14,-4],[-26,-21],[-6,-2],[11,-23],[-7,-7],[10,-16],[27,-9],[3,-8],[13,-14],[-3,-4],[-19,0],[-4,-3],[2,-15],[-11,-29],[-7,-6],[2,-15],[-2,-11],[-20,0],[-13,-6],[-19,-32],[-3,-14],[-21,-26],[-13,-1],[-10,-13],[-12,-26],[-1,-16],[-6,-23],[-7,-13],[1,-10],[11,-3],[8,2],[11,8],[5,-8],[-3,-5],[12,-5],[9,5],[11,17],[19,2],[-4,-18],[11,0],[15,-7],[0,-5],[11,-5],[10,0],[9,-5],[11,0],[14,-13],[0,-16],[-15,-1],[-6,-14],[2,-5],[16,-4],[14,4],[3,-10],[12,-5],[1,-4],[16,-3],[1,4],[14,4],[13,10],[6,-4],[11,1],[9,-4],[4,-11],[-4,-16],[4,-9],[-4,-9],[-16,-1],[-4,-7],[10,-12],[8,-5],[0,-11],[11,-2],[13,-10],[31,2],[11,-2],[11,6],[6,-17],[6,-6],[15,3],[13,11],[17,0],[3,12],[17,1],[14,5],[1,13],[11,0],[3,-22],[7,-10],[-3,-8],[-8,-5],[4,-7],[22,-12],[15,-3],[45,-1],[5,-10],[19,-5],[20,3],[7,4],[14,0],[3,-5],[11,1],[29,-24],[7,-2],[27,1],[20,2],[24,0],[23,-3],[47,-1],[38,0],[28,-4],[8,-7],[3,-10],[2,-16],[8,-10],[32,-28],[16,-4],[3,-6],[11,-4],[6,2],[15,-7],[14,4],[5,-5],[13,1],[7,10],[-6,11],[14,-1],[2,-5],[30,0],[5,-7],[14,-1],[9,-5],[5,-11],[20,6],[4,-3],[13,5],[12,-1],[14,1],[8,-5],[12,-4],[8,2],[15,-3],[130,-87],[177,-119],[157,-105],[167,-112]],[[8802,7007],[-6,-6],[4,-7],[-10,-13],[7,-7],[2,-17],[15,-10],[11,-13],[-1,-6],[9,-8],[18,-7],[22,-19],[4,-15],[7,-11],[6,-1],[16,-13],[13,-3],[6,-7],[5,-14],[18,-12],[21,-15],[3,-7],[11,-6],[2,-24],[-5,-11],[8,-8],[9,-2],[5,-11],[18,0],[4,-3],[23,-1],[8,-14],[-1,-6],[19,-3],[14,3],[-2,-8],[13,-2],[8,-5],[3,-7],[0,-13],[8,-10],[11,-6],[2,-5],[-4,-14],[9,-8],[0,-8],[12,-9],[30,6],[2,-9],[8,-10],[-8,-20],[-7,-6],[19,-4],[2,-8],[8,-3],[0,-17],[-11,-7],[-3,-9],[12,-8],[-2,-5],[6,-10],[-9,-1],[3,-17],[8,-4],[0,-7],[10,-5],[15,0],[7,-19],[-1,-9],[10,-1],[20,-6],[-4,-4],[6,-8],[25,-3],[6,-10],[7,2],[26,-14],[-12,-7],[14,-4],[-3,-9],[15,-4],[5,-12],[10,1],[9,-4],[16,-3],[-1,-6],[24,-7],[11,-6],[0,-10],[6,-6],[20,2],[13,-4],[9,-6],[6,0],[14,-8]],[[9488,6306],[-86,-24],[-11,1],[-5,5],[-12,-2],[-5,4],[-2,11],[-27,8],[1,5],[-39,8],[-18,-3],[-3,4],[-20,11],[-2,13],[-82,-14],[-21,-7],[-20,-2],[-4,-4],[-15,-1],[-11,-12],[-12,-1],[-13,-8],[-7,0],[-3,-18],[-16,-6],[-11,-10],[-1,-6],[-8,-10],[2,-14],[-7,-15],[3,-6],[-4,-13],[-11,-16],[-7,-27],[-14,-9],[-4,-9],[6,-5],[-6,-9],[3,-3],[1,-16],[3,-4],[-7,-9],[1,-10],[-8,-8],[-10,-3],[-4,-12],[-6,-6],[-1,-11],[-15,-5],[-4,-33],[-11,-8],[-4,3],[-10,-9],[7,-8],[-7,-7],[14,-15],[-3,-9],[-10,-10],[4,-7],[9,-5],[-9,-18],[8,-9],[-2,-12],[-6,0],[-7,-13],[-15,-3],[-12,-8],[-20,-18],[-13,0],[-4,-6],[4,-8],[-18,-7],[-16,-16],[3,-9],[-12,-29],[-13,0],[4,-8],[-3,-11],[-9,-4],[-3,-16],[2,-7],[-14,-6],[2,-5],[-7,-6]],[[9488,6306],[-7,-10],[-7,-3],[21,-16],[17,-3],[13,-11],[21,9],[8,-7],[21,5],[2,-4],[16,-4],[6,-5],[-6,-7],[4,-6],[-10,-4],[-5,-8],[11,-12],[-5,-6],[9,-4],[8,3],[9,-6],[-3,-6],[26,-5],[5,-8],[-9,-3],[17,-9],[2,-8],[16,-4],[12,9],[20,-4],[12,-7],[26,-3],[1,-6],[13,-12],[8,0],[13,11],[23,9],[11,-7],[7,6],[16,4],[11,8],[19,-11],[6,-1],[6,10],[-2,15],[17,-1],[2,-10],[14,12],[-16,21],[9,-1],[14,7],[14,1],[4,5],[15,4],[11,6],[5,12],[-1,6],[22,-4],[5,4],[13,22],[-6,8],[0,6],[8,3],[9,-4],[22,-5],[19,11],[4,-7],[17,14],[16,-3],[2,6],[11,-1],[-12,13],[15,7],[-23,7],[10,5],[16,-8],[10,-2],[-7,16],[3,3],[-2,15],[-22,3],[-15,-5],[-2,7],[10,3],[11,-2],[3,13],[-10,3],[-11,12],[13,0],[19,9],[7,-7],[13,0],[4,7],[-30,15],[-8,17],[3,13],[8,1],[16,-4],[10,3],[-2,15],[-14,4],[3,5],[12,-5],[10,0],[13,-7],[9,1],[10,-6],[3,12],[9,3],[2,5],[-11,13],[15,1],[14,4],[12,-8],[16,2],[6,-3],[13,7],[9,1],[3,-6],[-14,-15],[0,-20],[22,-18],[22,-5],[15,6],[5,7],[-6,8],[14,8],[15,-5],[-9,16],[6,7],[-4,12],[5,9]],[[10332,6489],[12,3],[32,-7],[8,-6],[1,-16],[38,0],[8,-5],[2,-8],[11,-1],[6,9],[5,14],[-4,9],[13,1],[4,-17],[11,-7],[3,-13],[26,-18],[18,-1],[30,-10],[5,-11],[21,-3],[28,-23],[12,-5],[25,-7],[23,-3],[21,-16],[12,6],[27,-2],[7,9],[12,1],[8,5],[18,-4],[3,-13],[16,-12],[5,-7],[16,-8],[10,-12],[4,-17],[17,-12],[18,-7],[6,-5],[-7,-13],[-12,-5],[16,-24],[9,-5],[15,-3],[11,1],[4,-5],[-13,-27],[-12,-14],[6,-7],[24,0],[32,21],[6,0],[18,-10],[-5,-16],[-6,-6],[2,-12],[21,-22],[-4,-6],[-13,-5],[3,-10],[16,-14],[4,-12],[17,4],[3,12],[-13,14],[1,11],[8,2],[17,-1],[14,7],[9,-1],[11,-9],[2,-13],[-8,-9],[-8,-1],[-8,-12],[2,-8],[20,-17],[-2,-8],[-23,1],[-10,-5],[-1,-5],[17,-16],[11,-16],[21,-15],[18,-8],[14,4],[-1,14],[-14,11],[6,9],[26,-6],[6,-6],[7,-13],[7,-7],[20,-13],[7,-12],[-4,-16],[-8,-10],[-2,-12],[16,-12],[18,-7],[15,2],[5,8],[6,16],[5,6],[21,-4],[16,-13],[10,2],[1,10],[-7,7],[11,6],[22,-17],[9,-1],[9,10],[1,9],[9,7],[16,-7],[-4,-15],[19,-20],[13,-5],[13,-2],[22,7],[15,-12],[7,-9],[1,-7],[-4,-12],[-5,-6],[-22,-4],[5,-7],[33,0],[23,-1],[25,9]],[[11471,5864],[11,0],[15,-11],[12,-1],[10,5],[13,-3],[4,-17],[0,-11],[17,1],[3,-5],[-14,-19],[-14,-11],[-21,-6],[8,-8],[23,-2],[6,-5],[-4,-12],[1,-13],[6,-6],[18,0],[20,-5],[8,-6],[6,-12],[9,-1],[11,12],[-2,21],[10,2],[5,-10],[10,-10],[1,-11],[17,-20],[9,-13],[-4,-7],[-11,-5],[-12,-11],[0,-10],[4,-8],[12,-5],[23,1],[7,-7],[-3,-6],[-30,-11],[7,-12],[21,-7],[26,7],[6,8],[-5,15],[11,-2],[25,-9],[15,-4],[16,-21],[3,-13],[-4,-9],[2,-7],[12,-7],[22,-2],[4,-3],[-21,-10],[2,-17],[4,-9],[-5,-9],[-17,-10],[-13,-1],[5,-8],[32,-14],[13,1],[21,6],[9,5],[6,12],[-6,7],[-15,2],[-1,9],[25,-6],[15,-5],[16,0],[17,6],[8,-3],[-11,-11],[-1,-11],[-4,-3],[-14,0],[-8,-12],[9,-5],[11,-1],[12,-4],[27,5],[-1,-17],[4,-25],[10,-9],[13,-4],[6,1],[4,18],[7,8],[25,7],[11,5],[10,-18],[-7,-9],[-23,-5],[-12,-4],[-3,-9],[6,-8],[17,-16],[24,-28],[22,-6],[28,-11],[19,-5],[9,-7],[11,-5],[12,2],[15,6],[5,-4],[-4,-11],[14,-8],[-4,-7],[-13,0],[-13,-5],[5,-5],[14,2],[20,-3],[11,2],[22,17],[26,13],[9,8],[15,2],[4,-5],[-5,-7],[-11,-2],[-13,-8],[0,-18],[-4,-7],[-17,-10],[11,-7],[12,3],[15,7],[18,-1],[10,3],[10,-1],[20,-9],[8,-6],[2,-8],[-14,-17],[-17,-7],[1,-6],[12,-8],[13,-2],[12,7],[6,7],[11,2],[13,-5],[13,7],[2,14],[14,2],[5,8],[-1,10],[10,11],[2,13],[11,2],[16,-8],[7,-9],[-3,-9],[-22,-7],[1,-8],[14,-1],[10,-10],[9,-3],[19,4],[12,-3],[18,4],[26,14],[4,10],[-4,8],[3,18],[4,1],[14,-9],[27,-6],[10,-13],[-3,-12],[6,-8],[11,-3],[14,1],[15,-7],[6,6],[-9,9],[15,5],[8,-12],[12,-5],[4,-13],[-4,-10],[-9,-5],[2,-6],[9,-2],[24,-11],[27,-5],[2,-12],[-12,-15],[7,-8],[21,-3],[20,5],[9,-1],[14,-11]],[[12753,5140],[-14,-9],[1,-9],[-16,-12],[-23,4],[-13,-6],[-17,-1],[-19,-14],[-21,-2],[-23,0],[-18,6],[-6,6],[-12,4],[-11,-1],[-25,-7],[0,-13],[-16,-4],[-8,-7],[-33,-2],[-18,4],[-10,-1]],[[12451,5076],[-18,-4],[-6,-17],[-6,-1],[-17,5],[-15,-5],[-17,4],[-25,12],[-23,5],[-58,20],[-29,-3],[-16,-5],[-8,-8],[6,-12],[-4,-5],[-21,-11],[-27,-11],[-26,-13],[-35,-5],[-40,-25],[-24,-5],[-20,0],[-11,-4],[0,-8],[7,-17],[0,-12],[-4,-5],[-18,-8],[-8,-13],[-11,-2],[-18,-40],[1,-11],[22,-22],[4,-13],[9,-13],[0,-8],[4,-6],[3,-20],[-6,-4],[-14,1],[-25,-9],[-3,-9],[-10,-4],[-17,0],[-27,-4],[-1,-9],[-15,-2],[-12,-6],[-14,6],[-22,2],[-3,-7],[-12,-6],[-26,-2],[-10,4],[-9,-4],[-15,5],[-21,-1],[-4,4],[-31,-2],[-11,-2],[-20,0],[-6,6],[-23,3],[-42,-2],[-13,-4],[-12,2],[-20,-6],[-10,-6],[-16,3]],[[11532,4737],[-21,8],[-6,5],[-11,2],[-37,-6],[-6,-7],[-1,-9],[-25,-17],[8,-16],[-2,-9],[-8,-9],[-16,-1],[-8,-11],[-9,-4],[-11,9],[-13,2],[-24,-5],[-14,-7],[-38,-10],[-1,-11],[-15,1],[-7,-9],[-2,-23],[3,-5],[15,-8],[-12,-15],[-13,-7],[-8,-28],[-25,-31],[-8,-6],[-12,-2],[-10,-8],[0,-6],[-10,-5],[-30,-8],[-8,-3],[1,-13],[-8,-10],[3,-14],[-7,-8],[-5,-38],[-8,-15],[-3,-13],[7,-24],[-11,-10],[-9,-2],[-14,-9],[-25,-5],[-11,-4],[-10,-15],[-12,-6],[-22,-6],[-9,1],[-30,11],[-25,4],[-11,4],[-19,14],[-18,6],[-12,2],[-15,7],[-19,15],[-2,5],[9,13],[-7,20],[-6,4],[-22,2],[-14,-5],[-34,-26],[-25,-16],[-10,-12],[-39,-27],[-24,-27],[-23,-10],[-17,-14],[-11,-15],[-19,-20],[-10,1],[-49,14],[-19,10],[-56,34],[-42,18],[-22,13],[0,16],[-29,9],[-13,7],[-20,19],[-11,1],[-11,5],[-14,0],[-12,9],[-2,19],[-8,6],[-7,0],[-15,-7],[-22,-20],[-21,3],[-12,-1],[-18,-11],[-6,-14],[-17,-3],[-15,2],[-9,-3],[-29,-14],[-16,-4],[-23,-3],[-21,2],[-44,1],[-21,5],[-12,6],[-8,11],[-5,15],[-18,26],[-20,13],[-35,18],[-12,3]],[[9887,4428],[-31,9],[-18,0],[-29,-10],[-15,-14],[-7,-11],[-6,-24],[-15,-20],[-4,-21],[1,-9],[-4,-4],[-17,-2],[-17,9],[-7,6],[-21,7],[-15,0],[-25,-3],[-29,-9],[-12,-7],[-14,-3],[-17,0],[-27,-5],[-20,3],[-10,9],[-9,13],[-18,11],[-13,12],[-22,5],[-8,7],[-3,14],[-14,14],[-19,9],[-33,5],[-26,13],[-16,12],[-6,14],[-11,4],[-15,-6],[-16,-3],[-20,-10],[-8,-14],[-12,-3],[-28,6],[-20,15],[-28,8],[-17,1],[-29,-5],[-19,-7],[-16,-1],[-11,-5],[-13,-3],[-30,4],[-17,5],[-8,7],[-11,16],[-1,11],[-11,6],[-5,-5],[-11,-21],[-6,-6],[-18,-4],[-17,2],[-2,5],[6,12],[-2,9],[-16,17],[1,22],[-2,8],[-22,16],[-11,4],[-15,-1],[-18,-5],[-8,-5],[-42,-12],[-4,7],[20,13],[8,13],[-1,8],[-9,8],[-16,0],[-21,-6],[-20,0],[-22,8],[-8,7],[-10,16],[-11,11],[-18,7],[-19,0],[-14,-4],[-23,-21],[-19,-7],[-40,-2],[-36,-3],[-12,0],[-21,7],[-18,9]],[[8498,4591],[-29,17],[-34,16],[-11,2],[-24,1],[-72,16],[-20,3],[-69,10],[-23,8],[-7,5],[-14,20],[-16,8],[-9,15],[1,18],[-7,9],[-16,3],[-26,-10],[-14,-1],[-9,4],[-16,23],[-25,27],[-22,5],[-20,-2],[-19,-8],[-17,-25],[-9,-5],[-23,-1],[-14,5],[-6,4],[0,12],[-4,26],[-7,14],[-9,7],[-13,2],[-16,-2],[-4,-19],[-5,-10],[-18,-4],[-31,12],[-13,6],[-30,19],[-12,3],[-6,8],[2,17],[3,7],[30,18],[8,8],[-2,13],[-6,5],[-15,1],[-34,-10],[-12,2],[-18,15],[-10,13],[-12,8],[-19,8],[-15,4],[-14,-1],[-19,-5],[-39,-2],[-27,-6],[-29,-17],[-26,-9],[-7,4],[3,9],[19,9],[15,10],[5,8],[0,10],[-7,12],[-19,15],[-20,6],[-10,-3],[-8,-11],[-1,-26],[-3,-9],[-17,-23],[-9,-7],[-9,-2],[-22,1],[-8,4],[-7,8],[0,12],[3,16],[-12,14],[-16,5],[-11,-1],[-7,-8],[0,-8],[14,-11],[4,-6],[-3,-9],[-8,-3],[-17,7],[-56,10],[-12,3],[-27,13],[-17,5],[-14,1],[-24,6],[-1,7],[18,7],[6,7],[2,18],[-8,7],[-14,7],[-25,7],[-31,-16],[-12,-10],[-9,-1],[-7,6],[3,11],[19,5],[10,5],[8,13],[1,19],[-2,4],[-31,22],[-22,11],[-10,7],[-13,15],[3,9],[30,-3],[12,3],[22,11],[8,7],[3,8],[-3,12],[-21,7],[-10,0],[-25,-5],[-19,5],[-13,8],[-3,8],[11,2],[17,-9],[13,-2],[14,5],[10,15],[2,15],[-5,16],[1,15],[-4,20],[-7,8],[-17,12],[-19,10],[-6,10],[-15,10],[-33,9],[-33,4],[-20,0],[-21,-5],[-33,5],[-22,5],[-16,-1],[-10,-4],[-22,2],[-16,4],[-19,9],[-5,6],[-20,13],[-20,10],[-34,4],[-25,-2],[-23,-9],[-19,-2],[-18,4],[-34,24],[-17,7],[-13,3],[-10,9],[-1,11],[7,7],[28,4],[9,4],[7,10],[-4,10],[-7,6],[-22,11],[-12,10],[-8,14],[-1,18],[-6,14],[1,7],[14,8],[30,4],[7,4],[2,16],[-7,10],[-29,20],[-13,31],[-9,11],[-11,8],[-14,6],[-19,-6],[-21,0],[-19,-4],[-27,0],[-24,-4],[-9,7],[16,10],[4,17],[-8,12],[-13,2],[-16,-2],[-13,-5],[-30,-24],[-13,-5],[-17,-3],[-24,7],[-19,-2],[-15,-6],[-22,3],[-12,5],[2,11],[24,4],[5,7],[-7,10],[-18,9],[-19,18],[-10,18],[-7,19],[0,8],[7,9],[30,9],[9,9],[0,7],[-7,6],[-6,11],[-8,20],[-5,6],[-13,10],[-45,15],[-21,4],[-8,7],[1,11],[19,14],[11,17],[-2,13],[-12,15]],[[6156,5938],[-6,2],[-26,2],[-17,-1],[-9,5],[-1,9],[-13,9],[-25,-1],[-11,7],[-4,11],[-8,8],[-15,-3],[-13,-15],[-7,-3],[-30,5],[-10,-1],[-31,-19],[-33,0],[-19,10],[-8,1],[-48,14],[-5,4],[-2,13],[-6,7],[-12,5]],[[5797,6007],[-6,5],[-21,1],[-14,11],[-18,3],[9,12],[8,8],[2,5],[-6,10],[5,8],[15,-4],[20,0],[3,4],[27,8]],[[5821,6078],[239,98]],[[5243,6188],[167,40],[5,7],[-2,9],[52,13],[4,7],[20,7],[12,-1],[10,10],[11,0],[19,3],[16,-8],[10,-10],[10,-7],[12,-3],[23,-10],[10,4],[35,-2],[4,-4],[12,3],[15,-3],[14,-6],[5,-5],[9,0],[11,-8],[15,-4],[2,-14],[5,-13],[-6,-10],[-41,-14],[-12,-8],[-15,-3],[-11,-7],[-2,-7],[20,0],[15,-5],[29,0],[41,-8],[23,-10],[15,-14],[3,-23],[13,-6]],[[5797,6007],[-9,-2],[-10,-10],[-14,-8],[-28,11],[-6,8],[-20,5],[-3,4],[2,17],[-2,16],[5,5],[-4,6],[-15,7],[-29,1],[-16,1],[-19,6],[-11,-2],[-20,-1],[-8,3],[-6,8],[0,14],[-9,12],[-15,8],[-14,3],[-23,-1],[-16,-3],[-24,-16],[-11,-4],[-19,1],[-29,6],[-16,-1],[-27,-6],[-9,-4],[-17,-15],[-8,-4],[-11,2],[-4,7],[3,10],[-21,23],[-11,5],[-13,11],[-8,10],[-19,1]],[[3982,8128],[12,-6],[13,-3],[16,-11],[14,-5],[16,-2],[1,-12],[32,-13],[8,0],[20,-5],[20,-14],[8,-1],[7,-10],[12,-11],[41,-19],[14,-1],[5,-3],[29,-2],[9,-8],[14,-6],[11,-12],[15,-9],[16,-2]],[[4315,7973],[-15,-4],[-13,-8],[-11,0],[-11,-8],[-11,0],[-11,5],[-9,-5],[-39,3],[-12,-7],[-7,1],[-10,6],[-51,6],[9,-8],[2,-11],[8,-9],[2,-13],[-5,-14],[-7,-12],[-12,-11],[-2,-6],[-19,-17],[-11,-6],[-6,-15]],[[4074,7840],[-17,4],[7,7],[5,11],[-8,10],[0,9],[-9,7],[4,6],[-5,11],[1,10],[-7,4],[-13,22],[-25,11],[-17,0],[-8,6],[-15,-5],[-11,1],[-11,8],[-14,1]],[[3931,7963],[-6,10],[-10,1],[-23,12],[-26,2],[-18,4],[-7,-4],[-11,5],[-4,10],[-19,6],[-4,7],[-14,11],[-12,-1],[-7,8],[-13,3]],[[3757,8037],[-52,34],[-17,15],[1,4],[-12,20],[9,16],[7,7],[-7,12]],[[3686,8145],[9,3],[9,-4],[24,8],[12,-7],[8,-8],[13,-3],[18,3],[24,-7],[15,2],[5,7],[12,-1],[6,4],[19,2],[10,-6],[13,-2],[5,-4],[12,-2],[14,9],[7,-9],[18,-7],[19,2],[13,4],[11,-1]],[[3757,7441],[2,-7],[-8,-19],[2,-6],[-4,-13],[-6,-5],[-20,-6],[-8,-15],[5,-7],[-4,-8],[4,-10],[-2,-7],[-32,-21],[-2,-12],[-17,-9],[-11,-3],[-13,-16],[-28,-8],[-9,1],[-3,6],[-11,4],[-12,-2],[-23,4],[-29,-3],[-7,2]],[[3521,7281],[-19,3],[-20,7],[-17,22],[0,10],[-11,16],[-12,4],[-10,8],[-9,12],[-13,8],[16,7],[11,9],[10,15],[34,23],[1,4],[16,8],[22,3],[4,4]],[[3524,7444],[23,-8],[25,11]],[[3572,7447],[15,2],[28,2],[24,-39],[9,-6],[9,-1],[19,3],[11,-4],[10,1],[15,-13],[13,6],[17,5],[8,28],[7,10]],[[2795,8074],[11,0],[19,-13],[9,-13],[28,-2],[30,-10],[11,5],[19,-8],[29,-14],[12,-10],[17,-7],[20,-4],[33,-3],[26,0],[21,-9],[-2,-5],[9,-15],[-3,-8],[-6,-3],[0,-16],[3,-3],[-3,-9],[1,-16],[-13,-2],[1,-10],[7,-11],[-13,-19],[15,-12],[3,-10],[5,-3]],[[3084,7844],[-12,-14],[-17,1],[-15,-3],[-8,-7],[2,-8],[-5,-14],[2,-20],[-10,-9],[2,-11],[-3,-18],[-5,-5],[-4,-16],[0,-13]],[[3011,7707],[-6,-8],[-1,-8],[-14,-11],[-15,-5],[-8,-18],[-12,-4],[-10,4],[-3,7],[-13,2],[-20,11],[-4,6],[-12,-2],[-10,-22],[4,-7],[-5,-6],[-16,0],[-10,-3],[-16,0],[-23,4],[-15,-8]],[[2802,7639],[-3,10],[-11,15],[-6,14],[8,17],[8,4],[-5,7],[-9,-1],[-3,10],[-8,8],[0,8],[-12,9],[-17,10],[-11,10],[-8,13],[-13,7],[-24,2]],[[2688,7782],[-3,6],[-9,6],[-10,1],[-6,9],[1,6],[11,1],[8,10],[-18,15],[-3,11],[9,8],[0,8],[-18,15],[5,12],[-14,5],[8,6],[-6,7],[2,11],[-3,5]],[[2642,7924],[2,7],[18,5],[12,8],[9,2],[16,9],[23,7],[16,21],[18,11],[19,8],[2,5],[-8,7],[-4,16],[5,7],[-8,13],[11,17],[15,8],[7,-1]],[[3011,7707],[7,-4],[22,-5],[13,-9],[10,-17],[-1,-9],[9,-12],[12,-10],[23,-14],[15,0],[15,-17],[16,-6],[8,1],[7,-26],[-9,-11],[8,-3],[-6,-9],[-22,-6],[-5,-14],[-17,-8],[-8,-7],[5,-4],[-6,-17],[-9,0],[-9,-10],[-8,2],[-6,-5],[-17,8],[-18,2],[-5,-8],[-11,-2],[-34,-39],[2,-22],[-14,-3],[0,-9],[-5,-4]],[[2973,7410],[-3,-2]],[[2970,7408],[-12,17],[2,5],[-9,8],[-10,13],[-11,3],[-14,0],[-9,3],[-8,-2],[-21,3],[-23,15],[-9,11],[-1,6],[-29,7],[-10,0],[-5,11],[-18,9],[-26,8],[-3,12],[25,14],[0,9],[6,10],[0,9],[8,2],[5,14],[-2,20]],[[2796,7615],[-4,6],[4,8],[-3,6],[9,4]],[[3521,7281],[-1,-6],[18,-17],[7,-18],[19,-18],[-6,-10],[2,-10],[12,-22],[0,-5],[9,-4],[8,-11],[6,-2],[5,-21],[4,-3],[3,-15],[13,-11]],[[3620,7108],[-4,-12],[-36,-10],[-15,-14],[-11,-4],[0,-11],[-4,-7],[3,-7],[-7,-14]],[[3546,7029],[-22,3],[-18,9],[-20,12],[-9,9],[-9,-2]],[[3468,7060],[-14,16],[-6,17],[-8,15],[-10,4],[-4,16],[-17,12],[-17,-2],[-10,-6],[-12,0],[-14,-12],[-23,1],[-8,2],[-11,-2],[-12,-7],[-13,3],[-11,6],[-18,-1]],[[3260,7122],[-31,22],[-10,10]],[[3219,7154],[15,-2],[-1,8],[12,12],[3,10],[12,8],[9,0],[9,12],[-3,11],[3,6],[-7,6],[3,20],[-18,5],[-12,-2],[-10,1],[-14,-5],[-34,5],[-12,5],[-7,18],[-7,9],[13,10],[1,6],[-7,17],[2,12],[-9,7],[-2,17],[-19,16],[-28,11],[-21,4],[-1,10]],[[3089,7391],[4,11],[6,8],[13,3],[5,8],[12,-8],[8,1],[4,7],[26,3],[2,3],[15,5],[5,13],[16,8],[13,15],[14,1],[8,-4],[7,3],[19,12],[15,14],[5,1],[14,17],[-1,8],[19,9],[-2,7],[18,12],[9,0],[2,7],[14,16],[9,5],[16,4]],[[3384,7580],[10,4],[5,7],[13,7],[14,-3],[2,-10],[-7,-6],[-9,1],[-15,-11],[1,-17],[-2,-12],[-11,-5],[-18,0],[-13,-16],[-8,2],[-15,-4],[3,-9],[9,-5],[-1,-7],[21,-20],[19,8],[17,-8],[21,9],[12,-10],[12,-3],[8,-6],[15,-4],[12,-10],[14,8],[19,-12],[12,-4]],[[4031,8786],[-5,-4],[-2,-18],[-18,-10],[-6,-12],[-1,-19],[1,-13],[-16,-12],[-3,-7],[6,-8],[-5,-12],[0,-10],[-9,0],[-3,-16],[-4,-1],[0,-16],[-6,0],[-3,-10],[7,-7],[19,-6],[12,-7],[13,-15],[-2,-6],[3,-8],[-10,-17],[-11,-2],[-7,-9],[-17,-4],[-4,-6],[-13,-6],[-3,-11]],[[3944,8514],[-21,3],[-11,-7]],[[3912,8510],[-15,-1],[-11,9],[2,12]],[[3888,8530],[-22,10],[-5,12],[-15,14],[-2,5],[-11,8],[-2,12],[9,4],[7,9],[-11,13],[-14,5],[-4,20],[7,20],[11,14],[1,20],[9,13],[-21,10],[-2,8],[-16,8],[-2,7],[-13,6],[-16,-10],[-18,2],[-6,-6],[3,-7],[-12,-13],[-5,-10],[-15,-3],[-9,-9],[-21,6],[-10,13],[-10,10],[-18,5],[-31,-2]],[[3624,8724],[-9,17],[1,13],[-3,32],[-8,14],[8,14],[13,4],[5,7],[12,3],[-4,15],[9,4],[14,26],[0,10],[-11,7],[-4,9],[4,10],[-2,9],[3,7]],[[3652,8925],[9,15]],[[3661,8940],[17,3],[6,-3],[8,-11],[19,-14],[-10,-9],[12,-4],[20,-16],[-4,-16],[2,-2],[-12,-17],[-3,-12],[9,-13],[15,-8],[3,-5],[17,-9],[38,3],[13,-10],[13,-4],[3,-7],[9,-3],[12,4],[5,-6],[24,4],[8,5],[8,15],[9,3],[11,9],[6,-5],[3,-27],[14,-5],[9,-7],[28,2],[2,5],[-12,8],[19,4],[-5,10],[21,3],[1,10],[8,3],[4,-11],[10,-4],[-3,-5],[13,-12]],[[3686,8145],[-11,8],[2,12],[-8,4],[-1,10],[-9,-1],[-29,5],[-7,7],[-11,0],[-7,10],[-14,6],[-12,1],[-6,9],[5,7],[-18,19],[-14,5],[-11,9],[-2,9],[-13,9],[-8,3],[-8,17],[9,7],[3,13],[-5,7],[8,10],[10,2],[3,10],[13,16],[5,17]],[[3550,8376],[7,7],[14,-3],[7,-7],[3,-12],[-2,-13],[24,-8],[7,-7],[13,-3],[14,-8],[9,2],[9,7],[13,-2],[3,7],[12,11],[6,2],[29,-6],[6,-6],[10,2],[7,-3],[17,0],[11,4],[8,8],[20,0],[13,-11],[39,-10]],[[3849,8327],[10,-1],[22,-7],[17,-10],[4,-7],[10,-3],[3,-8],[18,-16],[3,-16],[19,-5],[17,3],[6,-4],[23,-3],[12,-7],[21,-8],[22,-1],[16,-6],[12,-11],[13,-4],[8,-10],[19,-1]],[[4124,8202],[7,-11]],[[4131,8191],[-6,-9],[-10,3],[-3,-8],[14,-11],[10,-4],[2,-12],[-10,5],[-12,-2],[-10,3],[-5,6],[-11,1],[-9,7],[-9,-9],[-16,-7],[-13,-2],[0,-8],[-19,-14],[-29,1],[-13,-3]],[[3944,8514],[18,-11],[28,-4],[9,1],[8,7],[0,5],[10,10],[23,5],[9,-6],[8,0],[18,-4],[2,-5],[18,-7],[3,-6],[12,-7],[24,-2],[6,-4],[13,-2],[10,-7],[10,3],[9,6],[2,9],[29,20],[19,4],[17,1],[15,12],[23,0],[18,11],[8,9],[20,0],[5,7],[14,6]],[[4352,8565],[1,-19],[-10,-29],[1,-5],[-9,-13],[3,-19],[16,-19],[-3,-12],[3,-7],[3,-16],[-2,-14],[2,-18],[-9,-9]],[[4348,8385],[-6,-8],[-21,-9],[-9,-15],[-20,-8],[-6,-11],[-16,-5],[-17,4],[-16,8],[-22,4],[-12,0],[-6,6],[-20,4],[-15,0],[-12,8],[-5,-4],[4,-19],[-14,-12],[1,-11],[-7,-8],[-10,2]],[[4119,8311],[-9,11],[-16,7],[-14,11],[-12,18],[3,7],[-5,18],[-10,8],[-9,4],[-2,20],[-14,8],[0,3],[-24,30],[-11,2],[-3,9],[-18,9],[-5,6],[-20,3],[-6,5]],[[3944,8490],[-23,12],[-9,8]],[[4257,8912],[2,-8],[-11,4],[-6,-1],[-10,-12],[4,-16],[-3,-20],[29,-5],[-2,-18],[11,-2],[6,-5],[-11,-12],[-10,8],[-11,-8],[10,-10],[-8,-2],[16,-19],[9,0],[-2,-9],[-9,-3],[15,-10],[7,-9],[8,0],[8,8],[14,5],[12,-13],[9,-6],[7,1],[11,-5],[11,3],[-2,9],[4,10],[-5,7],[12,2],[-5,6],[-1,12],[-4,7],[-11,5],[2,9],[-6,10],[1,6],[11,17],[6,0]],[[4365,8848],[7,-16],[10,-10],[21,-1]],[[4403,8821],[14,4],[23,-4],[3,-8],[12,-16],[5,-13],[-3,-11],[11,-7],[9,-10],[18,-9]],[[4495,8747],[-17,-23],[-5,-14],[2,-12],[-3,-14],[-16,-1],[-3,-14],[-11,-6],[-10,-9]],[[4432,8654],[-14,-1],[-22,-10],[-8,-8],[-6,-11],[1,-5],[-19,-18],[-9,-5],[-8,-9],[4,-8],[-6,-11]],[[4345,8568],[-15,7],[-5,5],[-20,4],[-6,17],[-10,7],[-5,10],[-10,2],[-19,16],[-6,1],[-3,17],[-10,9],[-3,11],[-9,4],[5,8],[10,4],[1,8],[-20,9],[-11,10],[13,3],[12,7],[14,23],[12,9],[-5,10],[-10,8],[-5,11]],[[4240,8788],[0,13],[-4,9],[-23,16],[-17,22],[0,12],[16,-4],[9,-5],[8,10],[-1,43],[9,7],[5,8]],[[4242,8919],[7,-10],[8,3]],[[4403,8821],[22,31],[52,85]],[[4477,8937],[20,-3],[8,1],[23,-1],[23,2],[11,-4],[14,-16],[3,-10],[22,-12],[42,-11],[15,-6],[8,0],[15,7],[13,-14],[30,-9],[0,-4],[19,-6],[16,9],[23,4],[5,3],[13,-2],[11,-4],[-1,-9]],[[4810,8852],[0,-6],[10,-2],[9,-13],[-6,-9],[4,-12],[-18,-11],[-19,-1],[-15,-7],[4,-12]],[[4779,8779],[-5,-17],[-11,-8],[-7,0],[-12,-8],[-10,6],[-18,6],[-18,-7],[-15,-2],[-16,-7],[-11,3],[-6,-3],[-21,2],[-25,-10],[-8,0],[-26,19],[-14,4],[-19,1],[-16,-10],[-26,-1]],[[3757,8037],[-1,-12],[-7,-9],[11,-6],[9,-1],[13,-14],[1,-6],[-13,-6],[1,-5],[-7,-9],[-3,-12],[-10,4],[-17,-6],[4,-9],[8,-3],[-4,-12],[-13,-8],[-15,1],[-5,-9],[-17,7],[-16,-6],[-6,7],[-10,3],[-12,-7],[-11,-2],[-21,9],[-10,2],[-20,-14],[6,-8],[22,-10],[18,-2],[19,-12],[18,-14],[19,-5],[37,-4],[-26,-27]],[[3699,7832],[-10,4],[-24,-1],[-24,13],[-8,-17],[0,-8],[-13,-15],[-18,11],[-12,3],[-17,-4],[11,-10],[-2,-4],[-20,-7],[15,-20],[-6,-23],[-8,-5],[11,-5],[-7,-8]],[[3567,7736],[-20,-2],[-20,4],[-15,-3],[-14,7],[-9,-2],[-11,3],[-3,8],[-12,15],[3,6],[-14,11],[-21,-1],[-5,-10],[-10,2]],[[3416,7774],[-11,7],[-17,-10],[3,-9],[-15,-10],[-20,-19],[-15,-3],[0,-5],[-12,-9],[-14,-4],[-7,3],[-12,-2],[-11,4],[11,8],[1,12],[-14,11],[-19,7],[-1,7],[6,5],[10,16],[2,10],[-5,19],[1,10],[-10,8],[-10,15],[-10,4],[-6,-10],[-14,2],[-18,-6],[-19,10],[-13,4],[-25,-5],[-7,11],[-13,5],[-13,-3],[-10,3],[-9,-10],[-16,-6]],[[2795,8074],[8,11],[-2,6],[2,22],[-7,5],[-3,15],[10,8],[8,1],[23,14],[-3,15],[6,5],[14,6],[9,6],[15,0],[8,15],[-11,25],[24,6],[44,-1],[24,6],[8,8],[2,10],[-6,10],[-10,0],[8,15],[0,7],[-15,11],[-15,4],[-14,1],[-24,3],[-7,-1]],[[2891,8307],[1,7],[-21,20],[-12,-1],[-8,5],[8,14],[-3,4],[2,12],[12,14],[-1,14],[4,10],[-4,9],[7,23],[19,-4],[8,-5],[33,-16],[10,-11],[-3,-8],[2,-7],[25,-2],[21,-4],[30,-3],[19,4],[18,16],[11,13],[22,6],[11,-1],[16,3],[12,-5],[32,5],[19,-1],[9,5],[-1,15],[-3,8],[4,10],[10,-1],[31,-9],[18,-4],[10,3],[16,-2],[15,3],[14,-5],[2,-7],[11,-7],[15,-1],[8,-12],[17,-10],[13,-12],[19,-5],[15,4],[8,12],[0,9],[22,5],[6,5],[-2,12],[3,8]],[[3441,8442],[10,-6],[21,-2],[13,6],[17,-2],[1,-6],[10,-4],[8,-10],[-9,-7],[9,-10],[12,-6],[11,-17],[6,-2]],[[3260,7122],[-4,-4],[-17,-4],[-10,-11],[-15,3],[-7,-7],[-5,-10],[-13,-15]],[[3189,7074],[-4,-6],[-12,-3],[-12,0],[-13,-6],[-15,-1],[-10,1],[-48,-5],[-8,9],[3,10],[-2,6]],[[3068,7079],[7,3],[8,-4],[13,12],[1,9],[11,8],[11,4],[3,8],[20,-2],[7,3],[3,8],[23,6],[6,5],[14,3],[17,10],[7,2]],[[4257,8912],[39,14],[15,-9],[-4,-4],[21,-5]],[[4328,8908],[6,-15],[9,-11],[15,1],[4,-10],[8,-6],[-5,-8],[0,-11]],[[2688,7782],[-11,-10],[-9,0],[-25,9],[-11,9],[-13,2],[-14,7],[-29,8],[-27,1],[-15,-13],[-15,-1],[-4,-10],[10,-5],[3,-25],[-11,-7],[0,-7],[-15,-16],[5,-7],[0,-10],[-5,-8],[-23,-2],[-9,4],[-20,3],[-17,-5],[-24,1],[-16,8],[-16,-9],[-17,-18],[-12,-1],[-22,-8],[-7,-6]],[[2319,7666],[-7,-4],[-26,1],[-43,4],[-7,-1],[-22,-11],[-27,-1],[-10,-4],[-21,-1],[-11,-5],[-18,-6],[-29,-12],[-17,1],[-12,7],[-15,2],[-33,7],[-5,6],[-25,12],[-4,8],[-10,4],[-24,6],[-23,-2],[-9,4],[-12,13],[-8,17],[1,11],[9,21],[-5,11],[4,23],[-21,9],[-8,11],[-1,8],[-9,8],[-5,13],[-5,3],[-2,11],[-8,8],[6,18],[-6,17],[1,5],[-12,8],[-6,7],[-2,12],[-6,9],[-1,10],[-5,6],[-16,8],[-9,10],[-2,13],[2,11],[-2,6],[2,23],[-5,6],[-7,26],[-1,34],[3,9],[8,6],[7,25],[-1,59],[-3,15],[-11,15],[-7,26]],[[1778,8232],[20,0],[16,7],[-4,12],[-9,8],[12,22],[13,5],[19,1],[23,14],[20,0],[9,-7],[17,0],[-1,8],[6,6],[13,0],[6,-6],[10,-1],[12,-7],[10,-1],[4,-7],[34,7]],[[2008,8293],[15,-3],[15,15],[16,-2],[16,7],[7,-5],[-10,-10],[0,-8],[7,-3],[19,9],[10,-4],[12,1],[23,-9],[24,-13],[20,-7],[7,0],[10,6],[14,0],[21,-17],[7,-1],[9,-14],[26,-1],[18,-8],[0,-19],[13,0],[17,-6],[8,-5],[8,-33],[11,-26],[2,-10],[17,-13],[22,-15],[22,-10],[22,-1],[19,-9],[13,-2],[16,-7],[27,-11],[8,7],[15,8],[7,-3],[5,-15],[15,-2],[-1,-15],[-4,-5],[12,-15],[-8,-17],[4,-7],[-10,-17],[-1,-7],[7,-5],[23,-2],[23,-7],[-10,-13],[7,-17],[23,-5],[16,2]],[[5010,8062],[-21,7],[-7,-1],[-9,-12],[-7,-15],[-9,-4],[-24,-25],[-17,-11],[-2,-16],[-6,-12],[-5,-3],[-2,-9],[-7,-14],[-13,-2],[-8,5],[-15,1],[-10,5],[-31,7],[-15,0],[-16,-12],[-8,0],[-9,-11],[-18,-7],[-4,-9],[-6,-4]],[[4741,7920],[-27,-7],[-17,-6],[-20,-12],[-18,-2],[-9,-10],[0,-9],[-11,-7],[-18,-5],[-18,-12],[-16,-3],[-16,6],[-16,10],[0,7],[-19,4],[-1,9],[-10,5],[-23,-4],[-6,-4],[-34,8],[-9,7],[6,17],[-6,4],[7,12],[11,9],[-1,4],[-30,-2],[-17,0],[-7,-3]],[[4416,7936],[-7,12],[5,8],[-5,10],[0,8],[14,10],[8,-4],[8,3],[7,14],[6,4],[20,-8],[7,11],[-13,10],[9,8],[31,0],[26,10],[22,3],[21,6],[10,14],[9,4],[-3,21],[9,3],[11,10],[-13,10],[5,6],[-16,12],[-9,1]],[[4578,8122],[-7,11],[17,12],[-15,24],[-7,5],[2,19],[15,23],[18,6]],[[4601,8222],[14,2],[4,-6],[12,-1],[9,-4],[8,2],[7,7],[7,24],[11,10],[4,9],[6,0],[12,-11],[8,-4],[26,-2],[7,6],[18,9],[8,0],[9,-13],[10,-7],[11,11],[24,10],[10,-1],[18,15],[10,-13],[21,3],[11,-1],[-1,-17],[4,-9],[11,-7],[-3,-6],[7,-6],[14,4],[14,-1],[-3,-6],[-11,-6],[-21,-6],[-8,-11],[9,-7],[9,-21],[24,-12],[5,-4],[30,-14],[26,-2],[-2,-10],[10,-2],[3,-5],[9,-1],[5,-6],[-6,-10],[0,-8],[5,-15],[-10,-6],[4,-11]],[[4352,8565],[-7,3]],[[4432,8654],[5,-9],[10,-9],[-7,-26],[-5,-12],[-10,-14],[18,-8],[6,-5],[0,-23],[5,-8],[0,-9],[-7,-18],[22,-9],[8,-7],[31,-16],[22,1],[9,-4],[7,4],[7,16],[10,3],[13,-1],[4,-11]],[[4580,8489],[4,-8],[-2,-9],[9,-27],[-5,-8],[-18,-4],[-13,-16],[-1,-7],[-8,-8]],[[4546,8402],[-3,-11],[-17,-3],[-16,-5],[-4,10],[-15,11],[-13,-7],[1,-8],[-7,-8],[-9,-3],[-23,-1],[-34,14],[-9,-16],[-2,-14],[-11,3],[-10,-2],[-16,19],[-10,4]],[[3567,7736],[32,-9],[13,-16],[18,-2],[5,6],[28,5],[20,9],[25,4],[13,-2],[31,8],[14,-8],[20,-6],[17,-11],[6,-7],[18,-11],[3,-6],[9,-3],[8,3],[23,2],[10,-1]],[[3880,7691],[9,-10],[-6,-18],[1,-8],[-4,-5],[2,-8],[13,-12],[-1,-5],[-31,11],[-11,-2],[-9,-5],[-12,1],[-10,-2],[-13,1],[-13,7],[-13,0]],[[3782,7636],[-33,9],[-16,1],[-5,-6],[-22,7],[-13,-3],[-8,4],[-21,0],[-11,4],[-32,-1],[-9,2],[-17,9],[-25,3],[-17,-3],[-18,-12],[-9,5],[-17,-2],[-13,2],[-7,5]],[[3489,7660],[-8,4]],[[3481,7664],[-4,13],[-9,8],[-7,12],[0,25],[-7,7],[-7,20],[-13,12],[-8,0],[-14,5],[4,8]],[[3572,7447],[-3,13],[-9,8],[-12,16],[-20,1],[-37,11],[10,12],[4,9],[-12,16],[5,8],[-3,32],[-20,6],[3,6],[16,4],[-7,7],[5,11],[-1,7],[12,11],[1,12],[-5,12],[-7,3],[-3,8]],[[3782,7636],[7,-7],[19,-9],[3,-9],[10,-12],[4,-19],[7,-12],[-1,-7],[5,-8],[-4,-9],[16,-16],[6,-10],[19,-6],[19,6],[14,-4],[13,-6],[13,0],[8,-8],[15,8],[33,-9],[6,1]],[[3994,7500],[12,0],[1,-12],[-11,-12],[1,-8],[-14,-3],[-9,6],[-12,-9],[-18,-3],[-16,-22],[-4,-2]],[[3924,7435],[-17,-4],[-5,-3],[-28,3],[-17,-10],[-6,2],[-14,-3],[-4,10],[-10,1],[-25,-11],[-14,-1],[-10,3],[-4,16],[-13,3]],[[3624,8724],[-3,-10],[-10,-11],[-18,-11],[-1,-17],[-9,-6],[-9,-11],[-19,-7],[-18,-16]],[[3537,8635],[-12,-15],[-22,-31],[2,-11],[-4,-15],[-5,-7],[5,-10],[-2,-11],[-9,-7],[-3,-9],[-17,-8],[-5,-5],[1,-7],[15,-14],[-9,-12],[-8,2],[-15,-7],[0,-21],[-8,-5]],[[2891,8307],[-7,-16],[-16,-11],[-19,-7],[-8,-6],[-22,5],[0,17],[-7,12],[-23,23],[-6,18],[10,17],[-7,33],[-13,18],[3,10],[14,15],[2,9],[5,6],[-3,6],[-10,3],[-6,6],[-3,15],[-12,-2],[-6,-6],[-12,10],[-20,2],[1,19],[-6,3],[-15,0],[-25,16],[-2,5],[-11,1],[-2,7],[-7,1],[-7,-5],[-10,-2],[-43,12],[-14,-1],[-9,6],[-14,3],[-14,-3],[-15,1],[-27,5],[-24,11],[-24,-1],[-9,6],[-17,-1],[-31,-8],[-15,9],[-14,1],[-7,4],[-16,-5],[-20,2],[-7,-8],[-11,-2],[-4,-9],[-18,3],[-5,-7],[-21,4],[-9,7],[-7,8],[-3,12],[-17,12],[-24,11]],[[2202,8601],[5,14],[-6,7],[6,9],[1,13],[-10,4],[-10,-2],[-5,7],[-12,-6],[-9,-11],[-12,-5],[10,18],[10,7],[-2,8],[35,45],[6,9],[15,9],[6,14],[16,5],[28,13],[10,7],[35,34],[5,2],[21,21],[4,7],[13,6],[17,22],[12,24],[5,19],[14,18],[15,-7],[6,-9],[6,0],[17,-10],[3,-5],[17,0],[13,4],[3,12],[-6,2],[-5,10],[7,7]],[[2486,8923],[12,0],[16,-9],[11,2],[12,7],[-5,8],[10,8],[-13,4],[4,6],[11,-1],[12,-5],[4,11],[14,7],[6,-2],[17,9],[20,-12],[7,-16],[12,-8],[4,-13],[18,1],[17,-12],[0,-34],[10,-5],[13,-2],[7,-8],[-4,-9],[2,-11],[21,-3],[12,-4],[8,11],[10,1],[14,13],[10,5],[-3,7],[9,3],[17,-7],[8,-7],[20,-7],[15,3],[3,-12],[-14,-1],[-7,-7],[11,-6],[23,3],[2,-7],[12,1],[14,-17],[8,5],[5,-9],[18,-11],[12,4],[12,10],[0,7],[6,6],[-2,6],[22,-2],[10,8],[9,1],[3,10],[8,-1],[12,9],[33,16],[26,3],[11,-3],[2,-7],[10,-3],[18,9],[28,20],[34,-7],[18,-10],[8,-3],[17,1],[28,-7],[10,3],[19,-11],[12,-5],[23,2],[12,-8],[3,-11],[14,-3],[1,-9],[12,-12],[20,-1],[10,-3],[26,-2],[14,10],[7,10],[-4,11],[15,11],[5,0],[4,10],[-3,7],[6,9],[-3,7],[7,20],[0,9],[22,4],[6,-2],[20,9],[13,-1],[21,4],[13,-6],[13,3],[13,-1],[7,3],[22,-1],[11,-4],[23,10],[6,4],[8,-1]],[[2973,7410],[9,-4],[7,-13],[7,1],[12,-5],[19,5],[19,1],[14,-7],[25,7],[4,-4]],[[3068,7079],[-23,5],[-7,-7],[-17,2],[-12,-4],[-11,4],[-15,-3],[-45,-12],[-24,-9]],[[2914,7055],[-13,0],[-6,7],[-12,9],[-11,-2],[-11,-8]],[[2861,7061],[-16,1],[-5,12],[-9,-7],[-15,6],[-17,2],[-10,5],[-10,-1],[-18,4]],[[2761,7083],[9,19],[5,5],[9,17],[14,15],[5,16],[6,3],[5,12],[-4,4],[9,10],[-11,19],[-10,9],[7,11],[-9,3],[8,9],[5,9],[9,3],[1,16]],[[2819,7263],[13,18],[8,4],[3,13],[40,10],[6,10],[8,3],[7,9],[-4,23],[0,6],[8,5],[16,1],[10,5],[11,-5],[4,9],[-6,12],[15,2],[12,20]],[[4477,8937],[-15,2],[-14,-8],[-16,6],[-15,3],[-12,8],[-17,-3],[-7,8],[-10,0],[-13,-3],[-17,1]],[[4341,8951],[-2,5],[15,16],[-8,8],[25,26]],[[4371,9006],[13,-5]],[[4384,9001],[22,1],[7,-2],[23,-1],[7,5],[25,3],[10,-5],[8,0],[7,-6],[30,2],[13,0],[21,-5],[15,2],[37,-22],[6,-19],[18,-18],[40,5],[7,4],[11,1],[9,-5],[1,-7],[7,-4],[15,3],[33,-3],[8,5],[40,-9],[33,-10],[11,3],[9,12]],[[4857,8931],[5,-5],[-13,-20],[-16,-8],[-8,7],[-15,2],[-12,-6]],[[4798,8901],[2,-7],[-4,-15],[2,-5],[14,-4],[8,-9],[-10,-9]],[[3944,8490],[-1,-5],[24,-22],[3,-9],[-5,-12],[-7,-9],[1,-6],[10,-8],[4,-30],[13,-11],[-1,-10],[3,-7],[11,-6],[3,-11],[-13,-11],[8,-7],[-15,-5],[-10,-8],[-34,12],[-17,8],[-12,1],[-21,5],[-8,-3],[-23,-2],[-8,-7]],[[3537,8635],[21,3],[29,-9],[26,-12],[11,-1],[12,-14],[4,-9],[-2,-8],[-9,-2],[7,-12],[-12,-19],[6,-6],[-21,-15],[-24,-9],[-8,-13],[4,-3],[7,-19],[12,-2],[14,-5],[15,-2],[16,-13],[21,-11],[11,1],[13,-7],[23,-6],[7,4],[15,-4],[12,-8],[19,-3],[11,11],[8,-3],[5,7],[11,6],[0,7],[7,3],[12,15],[-3,3],[5,10],[-5,7],[5,12],[6,5],[17,2],[11,-1],[22,8],[10,7]],[[4328,8908],[9,8],[2,21],[-2,9],[4,5]],[[4601,8222],[-20,14],[-25,4],[-19,6],[-6,11],[7,10],[-2,11],[6,8],[10,8],[2,7],[9,9],[9,16],[-3,19],[8,12],[2,16],[5,4],[3,11],[7,6],[22,0],[16,-6],[18,1],[8,6],[0,5],[-23,4],[-11,6],[-16,-2],[-14,3],[-21,0],[-12,-7],[-15,-2]],[[4580,8489],[18,1],[11,4],[2,12],[10,7],[13,6],[13,-3],[23,2],[21,11],[8,1],[-3,17],[13,3],[3,12],[29,-1],[15,12],[0,9],[8,17],[-5,6],[6,6],[-15,9],[8,8],[15,4],[6,23],[11,15],[8,-3],[10,11],[1,13],[4,9],[11,2],[-3,11],[6,5],[11,0]],[[4838,8718],[4,1],[19,-4],[11,1],[4,-15],[8,-9],[-3,-10],[11,-7],[21,-6],[2,-11],[-10,-10],[-4,-18],[5,-5],[1,-11],[-6,-5],[0,-17]],[[4901,8592],[219,-102],[28,-26],[21,2],[19,8],[14,1],[39,-9],[8,-12],[6,-5],[11,0],[2,-17],[-8,-24]],[[5260,8408],[-2,-9],[10,-13],[24,-8],[18,0],[5,-9],[22,-2],[21,-13],[-5,-6],[10,-21],[-10,-9],[2,-5],[-7,-15],[0,-15],[-7,-3]],[[5341,8280],[-18,-4],[-4,-11],[-13,-12],[-10,1],[-5,-21],[4,-6],[-9,-12],[-9,-3],[-13,-19],[-3,-9],[-9,-6],[-14,-4],[-5,-19],[-14,-6],[-7,-15],[10,-8],[0,-8],[-6,-5],[21,-14],[2,-9],[7,-3],[0,-8],[-5,-10],[1,-15],[12,-9]],[[5254,8045],[-15,-1],[-9,-4],[-1,-7],[-22,-9],[3,-9]],[[5210,8015],[-7,-8],[-24,-12],[6,-4],[-1,-7],[-12,-8],[-14,6],[-12,-2],[-13,1],[-2,5],[-26,9],[-8,4],[-4,11],[-9,3],[0,20],[-7,1],[-5,8],[-11,-4],[-18,12],[-8,-2],[-17,4],[-8,10]],[[3481,7664],[-3,-8],[-17,-9],[-16,-13],[-20,-13],[-9,-2],[-12,-10],[-14,-16],[-6,-13]],[[4809,6336],[-14,-4],[2,-7],[18,-4],[10,-13],[0,-7],[-9,-9],[-19,-3],[-21,7],[-12,-14],[-22,-7],[-10,1],[-22,12],[-13,2],[-22,12],[-8,1],[-21,-5],[1,-16],[-17,-3],[-12,9],[-6,-1],[-7,-13],[8,-7],[9,7],[15,-4],[-3,-12],[-9,-3],[-9,-11],[-18,-3],[-27,2],[-7,3],[-7,-3],[6,-9],[1,-9],[-9,-1],[-22,19],[-6,-7],[-17,-6],[-5,2],[-3,10],[-14,2],[-6,-13],[-23,-12],[-24,7],[-30,-9],[4,12],[-8,5],[-4,10],[-6,0],[-9,-7],[-8,6],[-38,4],[-10,-7],[-15,-3],[-22,6],[-14,-17],[-21,-7],[-8,1],[-15,9],[-15,1],[0,13],[-9,3],[-4,6],[-23,14],[-17,2],[-13,8]],[[4150,6276],[0,9],[-15,16],[-11,3],[-8,-2],[-28,1],[-11,6],[-11,-1],[-13,3],[-5,14],[-12,12],[-1,13],[-14,6],[6,10],[-12,-1]],[[4015,6365],[5,6],[19,1],[11,-9],[17,-1],[20,-4],[17,-1],[9,10],[22,4],[10,5],[32,6],[3,8],[6,9],[13,8],[1,8],[8,5],[-1,7],[13,9],[-2,12],[-10,7],[12,4],[21,10],[11,18],[7,4],[31,3],[13,-7],[6,5],[6,12],[18,19],[2,17],[-6,9],[13,7],[3,6],[19,15],[11,2],[1,8],[7,3],[12,10],[10,4],[13,10],[-8,25],[4,10],[9,7],[18,2],[19,10],[24,10],[6,5],[3,11],[13,15],[22,13],[14,7],[6,10],[0,20],[8,14],[-8,12],[-24,10],[0,9],[7,13],[15,9],[4,10],[24,7],[20,18],[10,4],[-14,8],[5,18],[6,9],[-9,30],[0,5],[13,12],[16,9]],[[4621,6956],[13,-4],[13,2],[15,10],[7,7]],[[4119,8311],[1,-9],[-13,3],[-7,-4],[12,-19],[7,-20],[9,-7],[8,-10],[-2,-10],[-12,-10],[6,-8],[-4,-15]],[[4242,8919],[7,7],[2,11],[-11,4],[-13,0],[-2,6],[-15,6],[-9,18],[-10,3]],[[4191,8974],[0,8],[-17,5],[-4,12],[-17,-2],[-8,12],[-7,1]],[[4138,9010],[4,10],[22,-4],[0,8],[6,4],[-4,12],[13,5],[11,-2],[1,15]],[[4191,9058],[21,-15],[25,-5],[19,0],[24,-17],[29,-8],[26,-4],[15,-1],[7,2],[14,-4]],[[4315,7973],[11,-5],[3,-6],[18,-4],[14,-14],[9,4],[17,0],[10,-19],[8,0],[11,7]],[[4741,7920],[-33,-103],[41,-83],[-24,-4],[-6,-13],[-15,-11],[-17,-4],[-33,0],[-30,-3],[-18,3]],[[4606,7702],[-8,10],[-10,2],[-9,12],[-13,10],[-10,2],[-18,19],[-27,21],[-8,2],[-7,9],[-16,5],[-6,0],[-24,11],[-8,-3],[-25,0],[-16,-4],[-18,-7],[-27,-2]],[[4356,7789],[-5,8],[-17,2],[-19,-12],[-5,-10],[-5,-17],[4,-5],[-14,-13],[-9,-33],[-10,-8],[-17,-6]],[[4259,7695],[-24,-5],[-5,-12],[8,-8],[-8,-6],[-1,-6],[11,-24],[8,-8],[2,-7],[-14,-11],[-15,0],[-20,-8],[-15,-13],[-15,1],[-3,8],[-10,2],[-6,17],[-5,5],[-28,-3],[-5,7],[-10,3],[-18,1],[-28,-2],[-21,6]],[[4037,7632],[-3,14],[4,11],[-4,12],[5,9],[-7,9],[3,12],[9,5],[2,17],[11,4],[17,10],[-17,8],[2,8],[-5,21],[-1,17],[4,11],[13,15],[11,3],[2,10],[-9,12]],[[3699,7832],[22,-5],[13,-7],[15,-5],[10,1],[13,-8]],[[3772,7808],[11,-7],[-2,-10],[17,-7],[12,-8],[23,-10],[14,0],[14,-6],[9,-8],[3,-6],[2,-23],[-2,-7],[2,-11],[7,-7],[-2,-7]],[[3924,7435],[-3,-4],[5,-16],[19,-14],[-15,-24],[13,-1],[14,-6],[13,-1],[5,-8],[10,-5],[5,-10],[-2,-17],[-13,-7],[3,-15]],[[3978,7307],[-11,-11],[-3,-13],[-19,-5],[-20,-12],[-8,-12],[0,-14],[-29,-13],[-14,-3],[-20,13],[-25,11],[-33,-5],[-9,-5],[-21,-6],[-13,-10],[-11,-12],[1,-7],[-19,-5],[-4,-6],[-10,-4],[-17,11],[-10,-4],[-2,-6],[6,-12],[-2,-10],[-8,-3],[-19,-19],[-8,-5],[-5,-10],[-13,-6],[-12,-16]],[[4031,8786],[12,6],[8,-2],[6,6],[11,3],[-2,4],[11,9],[5,-10],[8,9],[-1,9],[-7,4],[16,5],[-5,4],[3,10],[21,-1],[4,-6]],[[4121,8836],[11,-12],[21,-5],[6,-8],[20,-7],[4,4],[16,-2],[17,-9],[21,-5],[3,-4]],[[3978,7307],[34,-15],[1,-7],[13,-6],[8,-8],[12,3],[8,-2],[18,-12],[4,-6],[10,1],[18,10],[11,-5],[14,-4],[16,0],[23,-11],[12,-3],[23,-12],[7,-8],[24,-8],[11,-17],[4,-12],[7,-12],[-4,-12],[-11,-6],[6,-17],[11,-11],[9,-1],[11,15],[21,11],[20,10],[18,-6],[-3,-9],[6,-3],[-8,-20],[2,-9],[-6,-9],[3,-7],[-1,-11],[-6,-7],[3,-5],[-6,-10],[11,-4],[19,7],[15,-4],[12,-5],[9,3],[27,-1],[3,9],[12,16]],[[4429,7087],[14,6],[10,1],[23,-6],[10,-11],[15,-2],[13,3],[18,-4],[13,10],[22,-19],[9,-2]],[[4576,7063],[2,-11],[17,-12],[6,-6],[-6,-6],[11,-11],[0,-15],[-6,-7],[4,-9],[15,-10],[1,-6],[-4,-10],[5,-4]],[[4015,6365],[-1,8],[11,9],[-10,8],[23,11],[0,9],[8,4],[3,11],[-6,11],[2,12],[9,11],[7,53],[4,7],[-9,14],[-32,14],[-6,8],[4,8],[-10,4],[-7,10],[3,4],[-4,17],[1,7],[-18,19],[-2,8],[18,17],[5,14],[-17,8],[-3,10],[11,4],[-1,8],[2,13],[-4,9],[9,11],[-4,5],[-26,6],[1,6],[-17,9],[1,10],[-22,12],[-17,0],[-2,6],[-12,2],[-4,6],[2,7],[-7,3],[-6,9],[-19,9],[-12,1],[-5,8],[-20,0],[-10,-10],[-12,-3],[-13,-13],[-15,-1],[-19,-5],[-16,-9],[-21,-3],[-16,-11],[-26,-3],[-4,-4],[-17,-5],[-18,3],[-17,-5],[-10,-8],[-18,-2],[-13,-8],[-41,-10],[-12,-5],[-6,-7],[-11,0],[-17,-5],[-11,2],[-9,-4],[-15,-15],[-6,-2],[-18,-15],[-10,4]],[[3435,6681],[1,5],[-9,8],[-3,12],[1,11],[-9,12],[0,16],[7,3],[7,10],[9,24],[-9,14],[2,12],[-6,21],[2,5],[-6,12],[3,10],[-4,10]],[[3421,6866],[27,0],[9,12],[32,15],[7,1],[17,-4],[24,3],[12,14],[-9,11],[-1,26],[8,5],[19,21],[1,13],[10,12],[0,8],[-11,7],[-6,8],[-9,2],[-5,9]],[[4578,8122],[-10,-1],[-17,-7],[-15,-4],[-3,3],[-38,5],[-10,-2],[-102,-31],[0,5],[-18,6],[13,7],[-2,6],[-9,3],[-12,-4],[-14,-11],[-10,-4],[-23,-2],[-5,-2],[-13,4],[-4,9],[-14,12],[-16,7],[-9,-2],[-10,2],[-6,15],[-6,5],[0,16],[-5,4],[1,13],[-18,5],[-13,7],[-27,3],[-26,-2],[-6,4]],[[4037,7632],[-9,-7],[-16,-8],[-9,-10],[-24,-12],[-1,-16],[13,-10],[-3,-5],[5,-11],[6,-21],[-10,-10],[-4,-16],[9,-6]],[[3772,7808],[14,4],[7,5],[3,14],[10,-1],[7,5],[11,-6],[14,0],[3,-7],[16,-2],[9,10],[10,1],[5,6],[-2,10],[-8,8],[5,12],[-9,19],[-5,16],[24,9],[-8,17],[-4,3],[7,17],[2,10],[11,0],[5,7],[32,-2]],[[2008,8293],[0,6],[-8,4],[-4,11],[6,9],[2,17],[-10,-5],[-6,6],[5,19],[6,12],[8,5],[16,-4],[24,9],[14,-6],[9,5],[4,10],[10,5],[10,12],[-18,5],[-15,2],[-8,-2],[-5,6],[8,9],[36,23],[27,2],[18,26],[5,20],[7,0],[13,29],[-7,4],[1,9],[13,9],[-3,10],[21,24],[12,3],[3,14]],[[4779,8779],[18,0],[14,-6],[11,-13],[11,-16],[-4,-21],[9,-5]],[[4121,8836],[5,5],[-12,9],[9,6],[0,7],[16,11],[-1,9],[4,5],[-1,10],[-13,2],[3,8],[7,3],[2,11],[10,-3],[26,17],[-12,5],[9,8],[10,3],[-6,14],[0,7],[14,1]],[[9746,17804],[-6,-5],[-1,-27],[3,-7],[-2,-9],[-12,-13],[-11,1],[-2,-8],[3,-11],[6,-6],[-5,-5]],[[9719,17714],[-15,-16],[-9,1],[-7,-8],[-9,-2],[-7,-7],[-8,7],[-11,-8],[-1,-14],[-13,-11],[-2,-6],[-14,-6],[-9,-6]],[[9614,17638],[-6,-6],[-15,-4],[7,-11],[-13,-6],[2,-12]],[[9589,17599],[-19,-12],[5,-4],[-1,-13],[-13,-2],[1,-9],[-17,-11],[-5,-6],[-20,-11],[3,-10],[-14,1],[-5,-7],[1,-6],[-5,-9],[15,0],[-5,-13],[-14,1],[-4,-10]],[[9492,17478],[-13,-12],[-10,-3],[4,-6],[-6,-6],[6,-5],[-1,-13],[-6,-5],[11,-11],[-8,-1],[-15,-12],[1,-20],[-12,1],[-5,-7],[-13,-5],[5,-4],[16,-5],[-10,-10],[-9,0],[-1,-11],[-22,-11],[-3,-10],[-6,-3],[-6,-10],[-16,1],[-6,-6],[-15,-1],[-12,-5],[-4,-9],[-10,0],[-6,-10],[-19,-4],[-12,-19],[-6,-4],[-16,-1],[-18,-15],[-5,-8],[-10,-9],[1,-8],[-29,-25],[-24,-25],[-18,-5],[-18,-2],[-14,-6],[-5,2],[-12,-12],[-18,-4],[-9,-5],[-4,-24],[-14,-2],[-5,-13],[-5,-3],[2,-8],[-17,-5],[-6,4],[-8,-8],[-15,3],[-14,-4],[-3,-9],[-15,-13],[-10,-20],[-6,-3],[-7,-19],[-12,-5],[2,-16],[-2,-6],[-10,-6],[-4,-7],[-21,-1],[-3,-9],[6,-7],[-12,-23],[2,-10],[9,-8],[-5,-6],[3,-9]],[[8914,16892],[-6,-7],[-15,0],[-4,-7],[-17,-14],[-6,-9],[7,-7],[-8,-14]],[[8865,16834],[-22,7],[-14,8],[2,18],[-19,11],[0,-29],[-50,4],[-19,2],[-51,-9],[-2,8],[-12,1],[-16,15],[2,4],[-1,21],[9,18]],[[8672,16913],[-12,32],[18,-4],[-13,16],[0,9],[-11,25],[-12,11],[-3,18],[-1,23],[-13,15],[-22,8],[-8,6],[-11,20],[1,10],[-14,0],[1,11],[-7,-1],[-12,-9],[-18,-2],[-8,5],[-8,-4],[-18,5],[10,21],[21,11],[13,2]],[[8545,17141],[16,7],[-9,9],[-2,11],[2,8],[7,6],[3,9],[10,8],[18,19],[20,5],[9,6],[1,5],[-7,5],[-16,-4],[-11,2],[-8,10],[-12,4],[5,14],[9,1],[-9,15],[7,13],[0,17],[-9,6],[-2,18],[-19,10],[-4,11],[8,12],[8,6],[14,2],[23,18],[13,7],[-4,7],[10,13],[13,6],[21,-2],[12,19],[9,3],[3,26]],[[8674,17473],[8,-9],[5,-10],[11,-7],[14,7],[14,-1],[14,2],[5,6],[9,-1],[-1,-8],[8,-7],[18,-1],[11,-6],[15,-4],[11,2],[5,7],[-3,5],[18,3],[13,3],[6,-3],[13,2],[16,-4],[32,9],[28,-3],[23,-6],[44,3],[8,-4],[18,1],[-1,8],[9,0],[16,7],[12,-4],[13,1],[8,8],[10,1],[14,-3],[0,7],[11,5],[8,0],[8,-10],[10,7],[-7,7],[-6,0],[-8,16],[27,14],[1,8],[-11,10],[-7,14],[-14,9],[-15,2],[-9,8],[-9,14],[2,9],[-12,17],[-19,15],[4,10],[-2,9],[12,4],[26,5],[-5,11],[-14,11],[-20,9],[-11,2],[-31,85],[1,153],[-71,22]],[[8957,17940],[7,1],[12,9],[11,1],[4,5],[-10,5],[-24,1],[-10,8],[-18,5],[-15,13],[-26,3],[-7,5],[-17,-2],[-15,3],[-17,0],[7,11],[-8,5],[6,7],[24,17],[36,17]],[[8897,18054],[23,7],[18,0],[14,5],[22,-1],[22,0],[8,3],[22,0],[20,6],[12,8],[11,-3],[24,12],[21,-1]],[[9114,18090],[15,1],[25,-2],[16,1],[28,1],[26,-2],[12,2],[14,-8],[10,1],[7,-4],[15,3],[33,0],[12,2],[9,-5],[12,0],[20,-14],[11,3],[24,16],[12,-7],[10,-9],[22,-7],[-4,-4],[4,-11],[15,-4],[5,-17],[-6,-5],[7,-5],[-7,-10],[-4,-11],[3,-11],[7,-9],[-9,-11],[-10,-5],[-10,-15],[-9,-4],[2,-6],[-6,-12],[10,1],[12,6],[26,-1],[19,11],[15,-11],[10,3],[11,-4],[0,-5],[8,-18],[23,-4],[7,2],[29,3],[20,5],[11,-19],[27,-17],[22,-5],[30,-5],[11,-11],[-1,-5],[8,-6],[-3,-10],[11,-6],[15,-22]],[[8613,14840],[38,0],[-3,6],[-1,15],[-3,18],[25,-4],[16,4],[72,1],[-9,17],[-9,26],[-7,8],[9,3],[-2,21],[4,7],[21,82],[1,11],[22,2],[0,4],[34,28],[-1,15],[-11,14],[3,4],[16,1],[9,3],[15,1],[18,-5],[-32,98],[-5,19]],[[8833,15239],[19,-6],[20,1],[21,5],[16,0],[25,22]],[[8934,15261],[12,-10],[-13,-2],[5,-6],[22,-1],[2,-12],[11,1],[2,-9],[6,-2],[16,6],[14,2],[10,6],[49,-7],[11,-8],[8,2],[12,-9],[4,-20],[-26,-14],[-8,-17]],[[9071,15161],[-10,-15],[-15,-10],[-14,-7],[3,-13],[29,-1],[15,0],[23,-12],[5,-9],[24,-6]],[[9131,15088],[-10,-3],[-9,-10],[-17,-13],[-4,-10],[-8,-8],[-17,-8],[-19,-13],[-5,-11],[-12,-7],[-17,-2],[-2,-6],[-11,-6],[1,-12],[-10,-23],[-16,-7],[-5,-10],[2,-18],[-6,-7],[-2,-13],[-9,-4],[-20,-3],[-17,-10],[-8,-1],[-8,-9],[-14,-5],[7,-13],[52,-72],[-29,9],[-11,-7],[-11,0],[-14,-7],[-13,2],[-60,3],[-4,2],[26,-52]],[[8831,14734],[15,-28],[23,-39],[-15,-6],[-15,0],[-4,-10],[-8,-3],[-24,-2],[-19,5],[-14,-2],[-4,3],[-22,-3],[-11,-4],[-15,-1],[-5,5],[-10,2],[-7,15]],[[8696,14666],[-13,12],[-14,7],[8,7],[-4,6],[-10,1],[-5,5],[0,14],[-8,0],[-3,9],[-9,0],[-13,4],[-7,14],[-3,11],[-8,3],[3,6],[-20,5],[-10,8],[5,6],[19,-6],[3,10],[9,7],[-6,8],[1,6],[-4,8],[0,12]],[[9884,16957],[-5,-5],[-13,0],[-7,-7],[-19,-7],[-6,-14],[-21,-6],[-15,-7],[-16,-1],[-1,-10],[-6,-3],[-17,-2],[-7,-9],[-17,-2],[-15,-12],[-16,-16],[-25,-7],[-5,-11],[-20,-6],[-23,-2],[-12,-8],[-5,-9],[-13,-9],[-6,0],[-27,11],[-18,13],[-16,2],[-7,5],[-17,-1],[-10,-5],[-28,-1],[-28,5],[-10,-3],[-23,-14],[-2,-9],[-9,-5],[-16,-4],[-19,-1],[-20,-15],[-15,-1],[-4,6],[-10,2],[-16,-1],[-14,4],[-16,2],[-9,-3],[-8,2],[-17,-7],[-10,2],[-9,-6],[-28,-1],[-4,-5],[-17,1],[-13,-7],[-23,6],[-9,-2],[-14,4],[0,-11],[-28,-15],[-6,-1],[-6,-10],[-10,0],[-14,7],[-8,10],[-9,1],[-17,-7],[-7,3],[-13,-1],[-18,2],[-25,-1],[-10,-4],[-20,3],[-5,-8],[-32,-14],[-10,-2],[-7,-10]],[[8863,16720],[-14,2],[8,9],[-9,13],[1,17],[11,0]],[[8860,16761],[6,0],[9,6],[6,17],[11,1],[8,-4],[24,13],[9,15],[23,11],[11,-2],[11,6],[1,12],[25,7],[0,6],[22,7],[-3,9],[13,8],[2,7],[12,7],[9,23],[14,-3],[14,8],[4,11],[13,0],[11,9],[8,-2],[15,9],[9,11],[1,10],[8,0],[8,5],[-2,7],[-29,16],[-16,6],[9,9],[12,4],[4,9],[8,-1],[8,5],[1,8],[18,18],[8,-2],[7,8],[26,8],[1,12],[27,15],[13,12],[13,3],[5,8],[25,7],[6,5],[31,-5],[11,9],[27,-4],[16,1],[9,-12],[14,-2],[4,-6],[8,1],[3,7],[17,2],[42,14],[11,-3],[11,3],[10,-8],[4,-8],[17,-12],[24,1],[7,6],[15,4],[8,9],[18,12],[5,10],[13,1],[-2,14],[-6,5],[4,6],[11,7],[9,11],[8,1],[5,-7],[10,-1],[6,-6],[19,-4],[9,4],[17,-1],[24,13],[10,-2],[2,8],[16,10],[25,9],[6,9],[16,13],[14,6],[6,-2],[42,11],[10,10],[13,1],[13,8],[14,15],[23,14],[5,1],[9,14],[7,5],[21,8],[12,7],[8,12],[10,7],[-3,15],[9,7]],[[10035,17373],[10,-24],[-5,-12],[1,-12],[9,-11],[-3,-12],[-16,-5],[3,-19],[-1,-16],[-15,-17],[0,-6],[-8,-22],[17,-28],[-16,-7],[-5,-8],[-2,-11],[-23,-12],[-8,-14],[-17,-7],[1,-6],[-8,-8],[7,-9],[3,-23],[-16,-11],[3,-12],[-10,-14],[-14,-4],[-1,-6],[-14,-17],[7,-12],[-1,-6],[-9,-4],[-4,-16],[-9,-7],[-7,-18]],[[8590,16481],[-9,-4],[7,-6],[-2,-4],[4,-8],[-8,-13],[4,-2]],[[8586,16444],[-13,-2],[-6,-4],[12,-24],[-60,-2],[-5,-9],[-9,-4],[-8,4],[-19,-2],[-5,3],[-20,-3],[-9,-4],[-9,-8],[-18,-3],[-12,-8],[-13,-11],[-7,-9],[0,-32],[-25,-1],[-3,-10],[-34,-8],[-15,7],[-6,0],[-7,7],[-22,-1]],[[8273,16320],[-8,2],[-8,7],[-11,2],[-9,-4],[-39,27],[-14,3],[-3,4],[-16,-2],[-9,3],[-15,10],[-16,13],[-9,12],[-30,14],[-9,14],[-12,-2],[-10,5],[-17,1],[-3,6],[-15,1],[-12,9]],[[8008,16445],[4,3],[28,9],[5,9],[9,7],[10,1],[8,5],[5,13],[11,9],[18,10],[4,8],[22,16],[14,-2],[10,8],[6,9],[15,12],[37,1],[6,4],[13,-1],[13,-5],[-4,-9],[13,-4],[8,8],[48,4],[26,10],[20,2],[8,5],[11,2],[9,-5],[15,8],[13,10],[18,-3],[-2,-7],[12,-10],[13,2],[107,42]],[[8561,16616],[16,-12],[5,-11],[14,-6],[-2,-12],[13,-7],[-1,-11],[-13,0],[-4,-5],[-18,-8],[4,-6],[-8,-18],[3,-8],[12,-10],[-6,-2],[14,-19]],[[9884,16957],[20,-11],[5,-6],[-8,-10],[16,-14],[-17,-5],[-7,-6],[3,-4],[12,-2],[21,-7],[0,-14],[8,0],[13,-5],[13,-2],[11,-7],[-10,-14],[-11,-5],[-1,-8],[-15,-4],[-6,-5],[-7,-12],[-11,-7],[-11,-4],[-11,-13],[-12,-21],[2,-9],[-7,-7],[-2,-13],[-14,-7],[-8,-10],[-15,-10],[1,-5],[-11,-6],[-2,-11],[-7,-2],[-9,-12],[-11,-6],[-5,-7],[-5,-17],[-5,-5],[1,-11],[-9,-16],[-7,-6]],[[9766,16611],[-29,0],[-19,-4],[-36,11],[-10,-7],[-31,-16],[-14,2],[-37,7],[-14,6],[-14,-2],[-8,-6],[-27,-5],[-28,-18],[-4,-6],[-10,-4],[-17,-1],[-16,5],[-13,1],[-13,-5],[-4,7],[-9,-7],[-23,-5],[-8,-7],[-12,-1],[-7,3],[-12,-1],[-41,19],[-11,3],[-13,0],[2,11],[-14,3],[-6,9],[-9,4],[11,7],[-10,15],[-8,-2],[-16,5],[-4,9],[-15,-1],[-11,2],[-4,8],[-10,4],[-2,8],[-15,3],[-18,8],[-10,-2],[-16,6],[-6,0],[-20,7],[-10,-8],[-6,-12],[-13,-3]],[[9076,16661],[-10,-9],[-9,1],[-26,-7],[-12,3],[-3,6],[-11,-1],[-2,-7],[-34,1],[-25,-10],[-8,4],[-12,-5],[-5,1],[-14,-7],[-24,4],[-9,-7],[-10,-1],[-18,-5],[-18,12],[8,7],[-3,6],[-9,0],[5,9],[-4,27],[16,5],[0,7],[10,3],[2,7],[15,9],[-3,6]],[[8672,16913],[-112,-77],[-16,-6],[-7,0],[-24,-20],[0,-13],[-8,-8]],[[8505,16789],[-8,14],[0,6],[-15,2],[-4,8],[-33,9],[-8,5],[-4,9],[-10,10],[-8,-3],[-10,8],[-1,8],[-13,16],[-2,5],[-14,12],[1,4],[-9,8],[-9,13],[-7,1],[-2,8],[-15,11],[-16,7],[-1,11],[-12,9],[-7,-2],[-16,6],[-33,1],[-16,8],[1,5],[-11,21],[-5,14],[-18,6],[-5,7],[-9,5],[-6,9]],[[8180,17050],[-2,7]],[[8178,17057],[8,1],[22,24],[13,-3],[39,11],[13,0],[13,5],[18,-4],[64,25],[37,6],[9,0],[42,7],[20,7],[39,3],[9,5],[21,-3]],[[8586,16444],[-2,-6],[12,-1],[4,-7],[25,2],[11,-6],[5,-8],[0,-15],[-12,-8],[15,-20],[-2,-15],[12,-3],[-2,-13],[2,-8],[6,-4],[0,-7],[-7,-4],[-1,-10],[17,-11],[0,-13],[9,-4],[-2,-8],[10,-2],[8,5],[8,0],[8,-8],[0,-10],[15,-14],[8,1],[8,-11],[-10,-11],[-9,-3],[3,-6],[-6,-26],[12,-15],[16,-6],[-5,-9],[8,-4],[-4,-7],[9,-9]],[[8755,16140],[-9,-7],[-8,-19],[9,-5],[2,-6],[12,-14],[17,-13],[4,-16],[9,-17],[5,-4],[5,-15],[-8,-10],[-7,-15],[10,-10],[7,-1],[3,-24],[14,-12],[5,-12],[17,-4],[21,8],[5,8],[15,2],[12,10],[21,2],[7,-4],[23,14],[8,1],[15,11],[23,-5],[11,10],[6,9],[9,0],[17,7],[49,3],[6,2],[20,-3],[8,4],[17,3],[27,-12],[21,-6]],[[9183,16000],[-8,-24],[14,-9],[8,-13],[2,-16],[-2,-15],[7,-6],[-7,-6],[-4,-10],[4,-9],[-10,-4],[1,-15],[-3,-5],[-21,-15]],[[9164,15853],[-15,0],[-5,-4],[-27,-2],[-2,-5],[-14,0],[-19,-6],[-8,-4],[-29,9],[-10,7],[-24,0],[-16,4],[-5,5],[-13,4],[-10,23],[1,19],[-16,12],[6,14],[-33,9],[-17,-15],[-25,-11],[-6,-9],[-14,-1],[-19,4],[-33,-16],[-29,4],[-9,-1],[-20,7],[-9,-1]],[[8744,15899],[-6,1],[-13,-5],[-18,7],[-15,1],[-5,4],[-19,6],[-28,4],[-72,7]],[[8568,15924],[-17,14],[-23,10],[-10,7],[-57,33],[-19,22],[0,17],[19,22],[3,9],[-3,12],[-9,5],[-16,1],[-11,-6],[-9,-9],[-11,4],[-18,2],[-87,11],[10,11],[-14,12],[-1,18],[22,14],[5,12],[-4,16],[10,9],[2,9],[-4,11],[5,10],[-19,11],[-5,6],[-29,1],[-23,15],[-4,11],[6,7],[-3,23]],[[8254,16274],[9,17],[0,20],[4,6]],[[8267,16317],[6,3]],[[8590,16481],[32,0],[214,0],[1,18],[-20,7],[3,12],[-1,16],[19,9],[10,9],[18,-1],[12,6],[9,8],[22,10],[9,1],[8,-6],[24,2],[16,7],[4,5],[38,-8],[35,-13],[14,-7],[26,-5]],[[9083,16551],[-11,-6],[-8,-8],[-3,-11],[-12,-5],[-9,-13],[-11,-1],[-7,-10],[-15,-7],[-11,3],[-27,-1],[-4,-6],[-16,-2],[-17,0],[7,-17],[22,5],[12,-8],[15,1],[16,-8],[7,-10],[20,-4],[26,-16],[10,7],[20,-1],[21,-6],[13,2],[11,8],[16,0],[30,-9],[6,-6],[18,0],[14,-9],[10,-1],[4,5],[21,-7],[-1,-5],[7,-13],[14,-3],[11,5],[13,13],[7,-2],[14,5],[16,0],[21,-13],[5,2],[16,-2],[11,-7],[24,-2],[12,4],[10,12],[15,6],[21,3],[18,-7],[17,-1],[15,-7],[11,-8],[6,-1],[5,-10],[-3,-10],[5,-8]],[[9541,16361],[-24,-3],[-3,-4],[-29,-18],[0,-13],[-14,-17],[-18,-8],[-4,-14],[4,-19],[-3,-12],[-5,-8],[-8,-4]],[[9437,16241],[-19,15],[-24,9],[-20,2],[-6,7],[-15,-3],[-13,1],[-19,7],[-15,-5],[-18,9],[-12,3],[-3,14],[-7,4],[11,9],[-1,9],[-5,5],[-15,-1],[2,10],[-9,6],[-7,-2],[-21,2],[-8,-3],[-19,6],[-35,-4],[-22,-12],[-8,0],[-2,-13],[-13,-11],[-11,-6],[0,-7],[-16,-20],[-6,1],[-17,-24],[-8,3],[-5,-11],[-23,-2],[-12,-4],[-16,-1],[-14,-21],[-13,-6],[0,-8],[-16,-4],[-17,-1],[-8,-8],[-15,-2],[-16,3],[-30,2],[-9,-7],[-7,1],[-19,10],[-7,2],[-11,-5],[-9,-1],[-18,-8],[0,-4],[-12,-3],[-1,-10],[-13,1],[-6,-5],[1,-8],[-5,-12]],[[9437,16241],[-3,-3],[-17,3],[-10,-10],[1,-7],[-7,-14],[0,-9],[-7,-4],[2,-11],[-6,-8],[-12,-9],[-8,-13],[-9,-6],[-1,-6],[-7,-12],[-8,-4],[-14,-20],[-27,6],[-7,-2],[-5,-11],[-10,-15],[4,-5],[-5,-5],[-5,-19]],[[9276,16057],[-6,-14],[-17,-7],[-19,5],[-15,8],[-14,-11],[-6,-11],[0,-15],[-16,-12]],[[8178,17057],[-10,6],[-20,8],[-8,22],[-5,9],[-19,12]],[[8116,17114],[-5,9],[-12,13],[0,5],[24,24],[4,13],[-2,9],[-7,4],[-1,10],[17,5],[3,11],[0,14],[-8,21],[12,11],[1,8],[11,2],[7,13],[10,3],[5,8],[0,11],[-8,3],[19,14],[9,-1],[14,10],[11,1],[4,6],[-7,12],[9,5],[12,13],[12,1],[8,7],[15,5]],[[8273,17384],[14,10],[8,3],[5,17],[-2,8],[9,1],[-6,13],[9,6],[-9,12],[12,4],[3,7],[12,8],[21,6],[-1,10],[16,7],[9,9],[12,2],[6,4],[11,-2],[11,11],[14,-3],[7,2],[12,-1],[9,7],[11,-3],[4,-5],[12,5],[16,10],[13,-1],[5,3],[22,-17],[6,0],[10,9],[13,-4],[13,0]],[[8580,17522],[18,-30],[5,-19],[20,-6],[24,-2],[14,2],[13,6]],[[8865,16834],[-7,-8],[-3,-9],[10,-1],[9,-7],[-12,-12],[6,-2],[-2,-14],[-5,-5],[6,-11],[-7,-4]],[[9076,16661],[1,-6],[-4,-18],[-10,-16],[7,-4],[13,-1],[16,-5],[32,-3],[16,2],[17,-8],[-11,-5],[-2,-10],[6,-4],[-74,-32]],[[8561,16616],[-2,9],[-8,12],[-2,9],[7,7],[-7,8]],[[8549,16661],[1,19],[-8,17],[-16,7],[-7,7],[5,5],[-12,3],[-5,6],[0,9],[-6,2]],[[8501,16736],[9,11],[11,9],[-7,11],[-9,22]],[[8654,15193],[18,9],[17,-3],[15,7],[13,-2],[23,4],[31,0],[5,7],[-4,6],[20,12],[-1,4],[15,4],[13,1],[14,-3]],[[9309,15125],[0,-10],[-8,-24],[1,-21],[3,-14],[-15,-8]],[[9290,15048],[-17,18],[-10,7],[-3,9],[3,4],[-16,10],[-19,-3],[-14,-5],[-7,9]],[[9207,15097],[15,8],[11,4],[2,4],[-7,7],[1,7],[-11,14],[7,15],[-4,6],[-9,1],[-6,8]],[[9206,15171],[-4,6],[-4,23],[2,5]],[[9200,15205],[24,-4],[8,4],[38,1],[22,-10],[28,-21],[-3,-6],[5,-10],[-5,-9],[-11,-8],[-1,-11],[4,-6]],[[8584,15556],[14,-14],[15,-6],[21,6]],[[8634,15542],[6,-6],[-18,-3],[1,-7],[-16,-4],[-9,-9],[-11,-1],[-17,-9],[-12,1],[-1,-6],[5,-7],[-2,-19],[7,-6],[-10,-3],[-5,-6],[9,-6],[27,-2],[9,2],[8,-3],[16,2],[14,-4],[6,7],[10,-3],[7,-7],[21,1],[10,-5],[28,3],[23,-2],[28,-10],[50,9],[6,5],[-9,4],[0,10],[23,2],[1,8],[10,7],[11,2],[9,8],[-4,7],[6,20],[-8,8],[2,8],[8,11],[-1,5],[15,8],[5,9],[15,10],[1,8],[9,3],[20,-2],[42,11],[27,4],[13,-11],[7,8],[6,1],[7,11],[26,4],[12,-3],[14,3],[9,-2],[19,5],[13,-1],[9,7],[8,3],[6,7],[6,0],[12,8],[4,7]],[[9177,15642],[0,-13],[6,-7],[0,-6],[6,-11],[16,-14],[-7,-8],[-1,-14],[-14,0],[-25,-2],[-8,-7],[-29,-12],[-14,-22],[-5,-14],[2,-11],[-9,-4],[-19,-6],[-7,-9],[-18,-2],[-3,-10],[-12,-12],[-2,-10],[-10,-4],[2,-16],[-2,-8],[-8,-8],[-14,-8],[-12,-1],[-11,-12],[-5,-9],[3,-13],[13,-9],[-8,-7],[2,-13],[-2,-9],[14,-4],[3,-8],[13,-6],[23,-24],[-4,-3],[-24,2],[-11,-8],[-13,-5],[-2,-6],[-10,-5],[-37,-3]],[[9766,16611],[-10,-11],[-2,-15],[13,-3],[-7,-8],[-19,-39],[1,-15],[-25,1],[-19,-4],[-25,2],[-17,-7],[-13,-9],[-9,-9],[-13,-18],[-10,-3],[-4,-8],[-16,-11],[6,-13],[0,-10],[-4,-5],[-16,-2],[-19,1],[-10,-9],[5,-10],[10,-3],[10,-14],[-24,-13],[-1,-6],[-7,-9]],[[10035,17475],[-13,8],[-13,3],[-10,-3],[-24,5],[-8,5],[-14,-1],[-13,4],[-19,-10],[-17,5],[-26,-7],[-5,-8],[-28,0],[-18,-3],[-17,4],[-6,-1],[-14,10],[-18,6],[-25,19],[-12,7],[-10,2],[-8,6],[-11,0],[-14,-5],[-12,3],[-9,6]],[[9671,17530],[8,6],[10,1],[13,9],[35,15],[11,1],[16,-2],[11,-8],[18,-3],[26,-13],[14,6],[25,3],[5,-8],[19,-1],[10,-4],[11,0],[21,5],[2,5],[25,5],[28,17],[8,-1],[15,6],[15,3],[27,0],[1,2]],[[10045,17574],[7,-7],[-1,-11],[5,-11],[-8,-5],[-1,-10],[19,-6],[3,-12],[-11,-12],[-3,-13],[-8,0],[-12,-12]],[[9164,15853],[-5,-13],[4,-3],[-4,-14],[8,-19],[1,-14],[5,-12],[-1,-11],[2,-11],[-10,-6],[0,-6],[18,-11],[-8,-26],[-7,-9],[-21,1]],[[9146,15699],[-8,0],[-13,-16],[-12,-8],[-53,-1],[-12,-4],[-4,-6],[-15,-3],[-6,-5],[-14,0],[-4,-7],[-15,0],[-5,3],[-27,1],[-13,3],[0,14],[-11,16],[-25,13],[-2,4],[-19,10],[-6,10],[-9,-1],[-11,-15],[-7,-3],[-6,-9],[-11,-5],[-21,-6],[-3,-8],[-19,-2],[-7,-2],[-13,-10]],[[8775,15662],[-13,-3],[-6,14],[-2,13],[-21,-3],[-1,12],[7,21],[-3,49],[5,21],[-1,72],[4,41]],[[8634,15542],[44,5],[27,5],[21,1],[19,-11],[-4,39],[15,7],[6,19],[3,17],[10,38]],[[9146,15699],[-1,-11],[4,-9],[6,-3],[20,-22],[2,-12]],[[8580,17522],[3,5],[17,-1],[6,10],[8,0],[10,9],[15,5],[23,23],[17,1],[26,-4],[9,-4],[11,3],[6,9],[-8,4],[9,11],[-6,6],[-1,8],[11,-1],[10,3],[13,-5],[38,-6],[12,10],[11,4],[-11,12],[12,9],[-5,7],[13,12],[14,-7],[27,7],[14,0],[16,-6],[8,0],[13,7],[16,-3],[19,5],[4,7],[-10,8],[2,17],[-11,15],[-27,7],[-12,6],[-3,11],[-18,2],[15,14],[6,13],[-1,13],[4,3],[-9,9],[-2,13],[6,7],[2,11],[-5,7],[-13,2],[-17,4]],[[8867,17824],[8,12],[-1,14],[2,8],[14,3],[10,13],[5,23],[14,5],[4,9],[13,-6],[20,5],[-3,12],[10,6],[-6,12]],[[9131,15088],[-8,-8],[8,-11],[24,-6],[7,15],[3,12],[8,4],[10,-6],[4,6],[20,3]],[[9290,15048],[2,-7],[-20,-4],[-7,-9],[-4,-10],[2,-11],[6,-3],[-2,-8],[4,-11],[-9,-13],[-14,2],[-8,4],[-17,-10],[-6,-6],[-8,6],[-15,5],[-15,-1],[-15,-8],[-7,-1],[-2,-9],[18,-2],[3,-18],[-4,-5],[-2,-17],[-6,-13],[-13,-8],[17,-19],[7,-3],[2,-16],[-6,-12],[-9,-5],[4,-8],[13,-11],[-5,-9],[25,-16],[9,3],[23,-2],[-1,-10]],[[9230,14783],[-7,1],[-26,-12],[-1,-12],[-15,-7],[-6,5],[-9,-1],[-7,-6],[-13,1],[-38,7],[-21,-1],[-12,-5],[-13,-1],[-16,-9],[-5,-6],[-14,-3],[-7,5],[-16,1],[-15,-4],[-15,4],[-19,-2],[-21,1],[-1,-5],[-24,-7],[-9,7],[-24,1],[-38,2],[-7,-3]],[[9589,17599],[4,5],[13,0],[8,-6],[12,-4],[4,-7],[18,-14],[-5,-16],[2,-11],[-3,-15],[6,-4],[23,3]],[[10035,17475],[-2,-11],[5,-13],[-3,-9],[5,-9],[12,-7],[-7,-12],[0,-9],[-9,-12],[4,-5],[-5,-15]],[[8914,16892],[5,-1],[17,7],[4,8],[-4,5],[6,12],[11,15],[11,3],[12,-2],[6,5],[6,12],[23,37],[51,79],[10,-6],[12,3],[14,5],[17,3],[65,0],[3,12],[9,15],[9,7],[4,9],[12,7],[5,10],[12,7],[4,5],[11,3],[16,7],[16,-4],[10,3],[16,-1],[4,-5],[16,4],[12,0],[5,4],[23,5],[12,1],[6,-5],[0,23],[17,2],[8,-6],[34,6],[27,-1],[19,3],[15,7],[9,-1],[12,-10],[84,0],[0,109],[76,-1],[0,168],[-28,-3],[-17,-7],[-11,4],[-21,4],[-12,5],[-19,-3],[-30,9],[-7,6],[-17,1],[-13,5],[-19,-3]],[[9308,14450],[1,-7],[8,-13],[-9,-2],[-5,-19],[-23,-15],[-2,-5],[-13,-4],[-12,-12],[-5,-9],[-9,-2],[0,-8],[-13,-14],[-19,-15],[-3,-10],[-23,-11],[-23,-13],[-37,-5],[-7,-9],[-23,-10],[-17,-2],[-4,5],[-20,4],[-20,13],[-6,17],[-13,-3],[-12,1],[-10,7],[-15,1],[-15,18],[-32,14],[-12,3],[-11,-1],[-16,3],[-16,-1],[-25,4],[-6,4]],[[8841,14354],[-20,4],[-14,18],[-15,32],[-10,7],[0,11],[5,16],[20,2],[11,-4],[13,-19],[22,-3],[6,7],[11,-2],[19,4],[4,-7],[17,-7],[9,1],[20,-6],[13,2],[23,-1],[13,-4],[9,4],[6,16],[6,4],[-1,11],[22,-6],[17,0],[17,4],[18,9],[10,3],[-2,5],[5,10],[6,1],[0,9],[6,15],[14,11],[2,13],[6,4],[6,20],[14,30],[3,14],[23,7],[21,-4],[10,-6],[5,-22],[5,0],[176,80]],[[9392,14637],[15,9],[11,1],[6,-9],[5,-34],[-6,-25],[-15,-5],[-1,-5],[-22,-6],[-4,-15],[-18,-3],[-19,-1],[-7,-4],[-12,0],[-13,-5],[-9,-9],[3,-8],[0,-16],[-5,-4],[0,-15],[7,-3],[4,-10],[1,-13],[-5,-7]],[[9230,14783],[19,6],[12,-7],[6,-15],[-1,-11],[5,-3],[-1,-12],[5,-3],[-10,-21],[6,-10],[0,-9],[9,-16],[0,-12],[18,6],[19,0],[16,5],[7,-1],[10,-8],[23,2]],[[9373,14674],[9,-8],[4,-9],[-3,-5],[7,-4],[2,-11]],[[8841,14354],[-197,2]],[[8644,14356],[-9,2],[3,15],[-9,7],[11,5],[7,-2],[11,7],[6,-2],[4,11],[-8,4],[2,8],[-8,7],[-7,2],[-3,8],[3,11],[12,14],[21,3],[10,4],[0,8],[13,13],[8,3],[3,7],[15,3],[13,13],[5,9],[9,4],[15,2],[8,6],[-6,10],[4,6],[-10,7],[0,8],[9,9],[-6,11],[0,7],[-13,-2],[-4,12],[-14,-1],[-4,8],[-10,4],[0,7],[-10,5],[-12,-4],[-12,2],[7,18],[-12,11],[11,6],[-1,14]],[[8455,15777],[7,12],[22,11],[-1,11],[15,2],[14,15],[-6,6],[7,5],[3,11],[7,4],[3,12],[-2,15],[10,6],[10,-2],[6,21],[20,7],[-2,11]],[[4536,15388],[15,10],[7,-1],[6,13],[18,2],[16,-6],[9,11],[-5,7],[5,4],[12,-5],[6,-10],[13,-11],[7,5],[4,19],[17,4],[10,6],[-3,8],[3,8],[2,19],[5,7],[12,4],[5,-3],[2,-11],[8,0],[3,12],[8,3],[5,7],[-8,10],[5,15],[-10,7],[8,15],[17,-1],[-3,-13],[16,-2],[6,15],[-5,6],[-4,15],[10,2],[-8,15],[-20,27],[-19,11]],[[4711,15612],[6,5],[-8,12],[0,6],[13,11],[-12,10],[2,5],[2,20],[9,2],[1,9],[17,3],[7,-9],[7,2],[0,15],[8,6],[-10,6],[1,5],[-16,5],[-13,-2],[-2,6],[-40,-5],[-17,3],[-13,5]],[[4653,15732],[-2,7],[5,6],[0,15],[12,4],[25,14],[7,-5],[6,7],[-3,6],[16,0],[0,7],[24,-6],[45,-2],[1,-6],[16,4]],[[4805,15783],[13,-3],[19,12],[11,-7],[16,6]],[[4864,15791],[7,-3],[14,7],[18,-4],[2,-9],[17,-6],[2,-13],[-2,-7],[8,-7],[-3,-6],[18,-6],[14,-2],[-3,-8],[16,-3],[9,-4],[8,3],[23,-3],[20,3],[2,-7],[19,-7],[4,10],[22,-9],[6,-6],[10,1],[9,-8],[11,2],[10,-10],[21,-3],[2,17],[16,-12],[24,-9],[-5,-14],[3,-11],[18,-12],[19,9],[16,-13],[4,4],[17,-4],[15,-9],[7,-11],[11,0],[-4,-9]],[[5289,15612],[-8,-6],[2,-7],[11,5],[4,-10],[-10,-11],[-11,-7],[7,-6],[8,-16],[11,-1],[10,-7],[4,-7],[-12,-9],[19,-8],[7,-5],[11,-1],[-2,-8],[-6,-4],[7,-8],[-2,-16],[-8,-8],[-11,-19],[3,-11],[10,-10],[13,2],[3,-5],[12,-3],[-6,-8],[0,-9],[19,-5],[2,-6],[13,-2],[3,-5],[21,1],[16,-3],[9,-16],[-6,0],[-5,-8],[9,-2],[13,-9],[23,0],[6,-10],[-9,-3],[-6,-16],[-10,-5],[8,-6],[-3,-5],[13,-11],[5,-15],[-7,-8],[-9,1],[3,-12],[15,7]],[[5478,15271],[0,-13],[19,-3],[0,-9],[-9,-6],[6,-10],[-8,-12],[1,-8],[-5,-10],[4,-4],[-13,-11],[0,-7],[-8,-4],[12,-9],[-2,-11],[15,0],[12,4],[2,-18],[21,5],[0,-8],[7,-6],[-5,-8],[-11,-3],[-5,-11],[-11,-1],[-8,-11],[8,-1],[5,-19],[-19,-1],[-7,-7],[21,-15],[4,-7],[-11,-7],[-19,-5],[-10,-1],[-3,-12],[-16,-3],[-2,9],[-9,4],[-6,-7],[-2,-20],[-32,3],[-10,-2],[-8,-7],[-11,8],[-11,-11],[-9,3],[-1,11],[-12,2]],[[5332,15012],[-13,7],[-4,6],[-26,-7],[-5,12],[-23,8],[-10,-3],[-8,-7],[-15,-21],[5,-8],[-4,-8],[-11,-9],[-5,3],[-23,-4],[-20,1],[-9,4],[-3,19],[3,18],[-2,12],[-10,-1],[-16,9],[-5,5],[-18,-2],[-33,1],[-79,2],[0,9],[-11,0],[2,-9],[-55,1],[-90,3]],[[4844,15053],[6,9],[-2,4],[12,9],[-6,2],[-39,-8],[-12,11],[-4,7],[7,12],[-9,8],[-7,-1],[-28,18],[-16,3],[-29,-16],[-12,1],[-28,-1],[-6,17],[-7,5],[-13,1]],[[6316,14718],[-1,17],[-7,27],[1,16],[-2,5],[-12,-2],[-9,8],[1,6],[-4,9],[-16,-3],[-23,6],[-1,-16],[-18,-11],[-21,7],[-7,10],[0,9],[-10,1],[-1,6],[-7,4],[-13,-5],[-7,10],[-6,-5],[-11,-3],[-18,4],[-9,4],[-15,3],[-19,-5],[-22,4]],[[6059,14824],[-9,4],[-4,10],[11,15],[-10,2],[1,16],[-13,4],[12,12],[5,15],[16,9],[7,-9],[11,20],[2,12],[13,-6],[2,5],[-7,5],[9,10],[-6,8],[14,-1],[0,13],[11,2],[6,7],[-2,13],[8,1],[19,9],[4,9],[16,1],[7,10],[7,1],[9,10],[-3,7],[-13,4],[6,6]],[[6188,15048],[4,5],[15,-1],[-1,23],[-5,5],[14,5],[9,10],[14,7],[5,14],[19,7],[25,2],[1,5]],[[6288,15130],[13,4],[14,10],[6,9],[14,4],[0,17],[20,-3],[8,4],[16,20],[-8,11],[11,10],[71,-3],[37,-15],[7,5],[4,11],[24,-10],[14,15],[-4,23],[3,11],[15,-2],[6,6],[21,10],[-1,10],[9,4]],[[6588,15281],[15,-15],[112,-12],[-2,-19],[-1,-37],[44,2],[3,-10]],[[6759,15190],[6,-1],[15,-16],[5,-10],[9,-11],[6,-14],[26,-8],[-2,-4],[12,-10],[4,8],[15,3]],[[6855,15127],[2,-11],[15,7],[5,-6],[31,1],[8,-21],[-16,-5],[-4,8],[-20,-14],[13,-10],[13,-3],[3,-8],[15,-5],[6,-14],[-5,-8],[17,-2],[2,-6],[-15,-6],[-4,-14],[9,-6],[0,-10],[7,1],[16,-7]],[[6059,14824],[-5,-3],[0,-12],[11,-4],[-8,-6],[6,-7],[1,-11],[-6,-7],[-16,-4],[-8,2],[-8,-10],[-19,-3],[-5,-10],[4,-15],[12,-6],[-6,-4],[-16,-3],[-12,2],[-5,-5],[-13,3],[-4,-7],[-12,-8],[12,-6],[-8,-10],[-6,-2],[5,-10]],[[5953,14678],[-4,-5],[5,-11],[-16,-2],[-8,2],[-11,9],[-24,-4],[-8,9],[0,7],[-27,8],[-22,1],[0,4],[-33,27],[-5,10],[-14,2],[-4,10],[-15,3],[-17,6],[-16,0],[-14,9],[-26,2],[-36,-4],[-9,13]],[[5649,14774],[-5,4],[-12,21],[7,9],[4,16],[-5,12],[-8,4],[3,7],[16,17],[-6,15],[-13,11],[2,10],[7,4],[-6,9],[0,14],[-6,9],[2,8],[-2,16],[9,11],[13,11],[19,4],[12,6],[15,-5],[18,0],[26,3],[24,11],[8,-1],[11,8],[1,7],[11,7],[5,8],[7,4],[11,0],[13,-10],[21,7],[15,8],[14,-5],[19,3],[7,6],[11,-4],[13,7],[10,1],[9,14],[13,5],[7,10],[9,6],[11,11],[21,12]],[[6010,15105],[11,-23],[-16,-3],[-13,-11],[4,-9],[10,-9],[16,-4],[8,-6],[20,8],[13,-3],[8,4],[13,-4],[5,-16],[17,-1],[1,-5],[21,-4],[1,11],[22,0],[12,13],[13,12],[12,-7]],[[4351,15505],[6,7],[-8,5],[18,14],[10,1],[8,-3],[8,14],[18,4],[5,7],[16,9],[-6,6],[11,7],[1,11],[11,12],[6,17],[17,2],[5,11],[8,2],[8,-6],[2,16],[11,4],[6,-4],[9,4],[20,-1],[8,-10],[11,6],[31,-5],[10,-6],[11,7],[11,0],[-2,12],[15,-1],[-4,-6],[5,-9],[13,0],[0,-10],[28,2],[1,-3],[25,-3],[7,-6]],[[4864,15791],[14,9],[17,-2],[16,7],[2,-15],[11,6],[12,1],[11,9],[24,-4],[-3,-7],[30,-3],[4,-6],[12,0],[2,-14],[14,1],[11,-6],[0,-7],[17,-3],[8,-6],[2,-7],[16,-1],[5,4],[16,1],[10,4],[17,3],[9,-7],[4,6],[30,-2],[24,1],[8,-12],[8,2],[17,-4],[7,4],[5,17],[9,0],[12,10],[-9,16],[11,-2],[49,-2],[14,5],[7,8],[-3,23],[13,9],[19,-4],[19,3],[27,-3]],[[5412,15823],[5,-7],[-23,-8],[-8,-8],[23,-11],[24,3],[0,-5],[-6,-11],[-6,-1],[-17,-24],[-14,1],[-22,-29],[2,-5],[29,-3],[-3,-19],[16,-9]],[[5412,15687],[-14,-5],[-4,-8],[-11,1],[-15,-5],[7,-8],[-4,-13],[-12,-14],[7,-12],[-29,-9],[-8,-10],[-7,0],[-6,-7],[-18,8],[-9,7]],[[5424,15834],[-6,4],[-11,-1],[-11,9],[11,4],[-4,23],[3,20],[-6,6],[6,17],[-9,2],[7,14],[-8,3]],[[5396,15935],[6,7],[-2,9],[-17,18],[-2,14],[-5,6]],[[5376,15989],[-14,14],[0,9],[29,11],[32,20],[12,1],[7,-9],[19,13]],[[5461,16048],[33,43],[34,13],[31,-1],[9,5],[1,7],[10,16],[16,1],[10,8]],[[5605,16140],[7,-2],[4,-27],[9,-4],[3,-17],[29,-10],[-3,-17],[7,-12],[9,-3]],[[5670,16048],[-13,-8],[-5,-14],[6,-10],[-14,-8],[0,-8],[7,-12],[-8,-2],[0,-18],[-12,-10],[-18,-13],[1,-8],[12,-7],[-9,-4],[-3,-11],[13,-9],[-5,-8]],[[5622,15898],[-16,7],[-16,-1],[-14,-5],[-12,-11],[-18,-9],[-12,0],[-11,-7],[-6,5],[-26,-13],[-9,3],[-14,1],[-1,-13],[-4,-3],[-15,-4],[-6,3],[-13,-18],[-5,1]],[[5855,16021],[22,1],[8,10],[12,2],[11,-7],[10,0],[13,6],[7,8],[10,4],[22,-14],[-8,-9],[7,-5],[24,3],[15,-3],[0,-9],[15,-6],[18,8],[12,1],[0,-6],[12,-13],[17,2],[-2,-12],[9,-5],[-8,-8],[14,-7],[9,7],[6,0],[-3,-12],[4,-7],[10,0],[10,-9],[16,4],[23,-6],[13,1],[15,-2],[7,-4],[19,7]],[[6224,15941],[13,-12],[1,-6],[11,-10],[-5,-17],[6,-1]],[[6250,15895],[-2,-13],[3,-10],[7,-1],[-6,-10],[8,-8],[19,-9],[7,-7],[1,-11],[-3,-12],[12,0],[20,-18],[17,-7],[-16,-2],[-6,-19],[-27,18],[-7,-9],[19,-8],[-10,-18]],[[6286,15751],[-10,7],[-7,0],[-11,-6]],[[6258,15752],[-12,3],[-10,-3],[-14,-9],[-3,-8],[-9,-8],[-7,-2],[-12,-13],[-23,16]],[[6168,15728],[11,4],[0,7],[-15,19],[0,7],[-16,1],[13,17],[-19,7],[1,-10],[-14,-8],[-12,4],[-25,1],[-13,9],[1,4],[-22,8],[-8,0],[-3,-8],[-11,-3],[-11,1],[-21,14],[-9,-3],[-5,13],[-15,5],[-20,10],[-32,2],[3,5],[-30,6],[3,11],[-10,0],[-49,16],[-2,-7],[-13,-5],[-18,-2],[10,-8],[-6,-5],[-19,9],[-14,-9],[-19,-5],[-6,6],[-9,-9],[-10,-2],[2,-13],[-61,9],[1,-8]],[[5676,15818],[-13,-2],[-10,7],[-22,8],[-4,13],[-7,2],[10,11],[13,-5],[5,16],[-19,5],[5,6],[24,0]],[[5658,15879],[16,1],[22,-2],[9,3],[-1,13],[13,-1],[16,4],[14,-4],[16,11],[5,12],[-7,7],[2,13],[13,-2],[-3,9],[4,8],[11,1],[-2,7],[9,4],[4,8],[-5,3],[8,17],[5,5],[23,-1],[3,7],[10,4],[12,15]],[[5412,15823],[24,-5],[7,12],[-19,4]],[[5622,15898],[6,-5],[9,0],[11,-4],[10,-10]],[[5676,15818],[16,-8],[11,-1],[-8,-19],[13,-2],[-10,-10],[1,-4],[14,-13],[13,-15],[-15,-14],[2,-8],[-10,-2],[-6,-5],[10,-9],[-1,-21],[7,-2],[-1,-12],[-10,-5],[3,-6],[-4,-17],[8,-10],[-3,-18],[10,-16],[8,-6],[-5,-13],[3,-30],[-8,-5],[-30,-1],[-3,-4],[-2,-13],[-10,2],[-14,-15],[4,-4],[11,1],[4,-9],[11,12],[9,0],[7,-8],[21,0],[3,-6],[9,-1],[1,-11],[12,-11],[15,6],[9,-5],[-17,-9],[3,-9],[-8,-17],[5,-4],[5,-15],[7,-3],[-4,-9],[3,-8],[8,1],[-3,-12]],[[5770,15395],[-6,-4],[-21,-4],[-16,2],[-13,-4],[-2,-12],[17,-8],[5,8],[13,-4],[6,-9],[-26,-10],[-10,0],[-5,8],[-10,-1],[-11,2],[-7,6],[-6,10],[-21,12],[-13,2],[-3,11],[-13,0],[6,16],[-9,5],[-24,1]],[[5601,15422],[-22,13],[-2,12],[-4,9],[13,11],[-13,7],[3,7],[9,5],[1,6],[16,5],[0,9],[11,3],[-6,11],[-17,8],[12,5],[11,12],[-13,3],[-17,9],[-15,3],[6,11],[-17,12],[-15,0],[5,10],[7,1],[-8,21],[-4,-3],[-26,11],[-9,-1],[-6,11],[-10,3],[-5,11],[-18,8],[-22,3],[-5,-8],[-7,0],[-10,6],[14,10],[-22,21],[-4,0]],[[5396,15935],[-21,-13],[-5,-24],[-2,-16],[-6,1],[-18,8],[-3,-13],[-7,-7],[-24,4],[-5,-18],[-13,4],[-14,-4],[-10,11],[-9,-2],[-16,-10],[-12,2],[-3,7],[3,26],[-7,3],[2,7],[-19,7]],[[5207,15908],[-3,7],[12,18],[10,1],[7,-9],[16,-4],[-2,-10],[7,-2],[16,3],[21,1],[10,9],[-12,16],[1,8],[-6,7],[-9,-2],[-4,5],[14,12],[12,6],[24,8],[2,6],[12,4],[23,-1],[13,-5],[5,3]],[[6039,14593],[-13,6],[6,13],[-13,0],[-6,14],[-8,13],[-15,10],[-14,3],[-9,14],[-14,8],[0,4]],[[5207,15908],[-10,-1],[-8,-6],[-19,4],[-3,-3],[-19,6],[-7,5],[-11,3],[-24,0],[-5,7],[-22,8],[-12,-2],[2,12],[-14,-1],[4,-9],[-6,-6],[-16,-5],[-7,-7],[-15,-9],[-15,-10],[-6,-11],[-24,6],[-3,9],[-8,-2],[-3,-8],[-15,1],[-15,-7],[-10,3],[-8,6],[-7,-4],[-16,0],[-9,7],[16,10],[-15,3],[-18,9],[1,10],[-21,-1],[-15,-3],[-10,5],[-16,-8],[-8,-1],[-18,6],[-5,5]],[[4767,15929],[4,3],[-23,7],[0,8],[-13,6],[-25,-1],[-15,2]],[[4695,15954],[12,7],[16,5],[12,-4],[7,3],[21,28],[-4,11],[7,7],[-8,9],[3,13],[16,3],[19,10],[7,-3],[13,8],[10,-6],[16,-2],[4,2],[20,-3],[10,23],[-12,12],[-16,4],[-11,-6],[-11,4],[7,8],[-1,5]],[[4832,16092],[18,4],[13,0],[69,18],[1,13],[18,-1],[-4,14],[8,6],[7,0],[7,11],[17,-1],[9,10],[18,4],[14,19],[1,11],[25,15],[3,8],[20,4],[-3,13],[13,3],[3,-5],[17,1],[2,20],[20,7],[19,-7],[25,-1]],[[5172,16258],[8,-9],[3,-9],[-1,-22],[7,-6],[15,4],[19,8],[30,5],[23,-15],[2,-9],[16,-10],[9,5],[12,-6]],[[5315,16194],[6,-8],[5,-14],[-7,-9],[9,-6],[-13,-10],[7,-19],[-14,-9],[8,-7],[18,-5],[13,-5],[7,1],[3,8],[8,-3],[-4,-7],[13,0],[9,9],[11,0],[7,5],[14,-5],[13,3]],[[5428,16113],[-2,-13],[13,-1],[-5,-6],[0,-10],[11,-4],[-1,-9],[7,-6],[6,3],[5,-9],[-1,-10]],[[4268,15702],[-4,18],[7,3],[32,9],[45,11],[27,7],[15,6],[14,8],[11,13]],[[4415,15777],[13,-7],[1,-5],[33,-17],[11,-14],[9,5],[11,1],[12,-5],[6,-28],[18,-1],[57,6],[14,-3],[0,7],[12,-4],[5,8],[10,-1],[6,-6],[8,10],[12,9]],[[5428,16113],[10,10],[11,28],[-9,27],[2,10],[10,8],[-7,7],[11,15],[-4,8],[22,12],[18,16],[18,1],[17,-6],[9,6],[8,13],[16,8]],[[5560,16276],[14,-15],[8,-3],[2,-8],[10,-5],[13,-2],[7,-18],[13,-9],[-11,-8],[-7,8],[-8,-4],[-1,-8],[-9,-14],[33,-3],[8,-7]],[[5632,16180],[-8,-9],[-5,-12],[-14,-19]],[[5839,14456],[-11,15],[7,5],[18,2],[-1,8],[9,10],[-5,30],[12,9],[-7,14],[-17,2],[-10,-9],[-17,10],[-2,5],[-11,4],[-7,-5],[-2,-7],[-18,-4],[-12,5],[-16,-3],[-1,-12],[-22,5],[-19,-10],[-20,-1],[-23,-4],[3,6],[-3,7],[0,11],[15,6],[-3,6],[8,10],[17,6],[15,-4],[30,11],[8,6]],[[5754,14590],[-15,15],[-13,-3],[-11,7],[-6,11],[-9,-7],[-21,14],[8,2],[-7,19],[-13,-4],[-26,19],[-9,0],[-2,9],[-12,1],[5,-14],[-11,-4],[-26,7],[-9,-7],[-8,5],[-10,-6],[-10,5],[-9,0],[-9,5],[-25,9],[-19,2],[-3,10],[-10,2],[-9,-13],[-16,2],[6,15],[-13,5],[-11,-3],[-18,-2],[-1,-7],[-14,-1],[-17,-14],[0,-8],[-11,-4],[-5,-8],[-6,0],[2,-14],[-6,-9],[-11,1],[-1,-8],[-6,-4],[-8,10],[-11,-3],[-18,-1],[-10,-4],[10,-6],[-4,-9],[6,-8],[-21,-1],[-6,-8],[7,-7],[-7,-5],[-14,1],[-7,-9],[12,-6],[-17,-3],[-20,6],[-12,-21],[-7,-3],[-2,-11],[-6,1],[-13,-13],[8,-10],[3,-11],[-11,-6],[-6,-12],[7,-7],[11,-2],[11,5],[5,-5],[-1,-7],[16,-3],[12,2],[2,-6],[-4,-8],[-11,-4],[-12,-8],[6,-4],[-5,-15],[-22,-9],[1,-9],[-6,-4],[5,-6],[-6,-8],[11,-9],[-14,-7],[-1,-13],[-5,-10],[-7,-3],[8,-8],[-13,-8],[19,-8],[-6,-5],[-2,-13],[-14,-7],[-4,-18],[-9,-14],[-22,-9],[-12,-20],[-3,-11],[-8,-8],[4,-5],[-12,-21],[3,-7],[-21,-14],[-3,-13],[-5,-5],[2,-9],[-18,-19],[-9,-4],[-26,-22],[-3,-23],[-7,-5],[-26,-5],[-12,-7],[-13,-4],[-9,-13],[2,-27],[11,-8],[2,-7],[9,-8],[7,-11],[-7,-22],[13,-16],[0,-7],[13,-25],[-1,-15]],[[4858,13894],[-4,11],[4,19],[6,13],[4,3],[-4,11],[11,8],[-4,7],[6,5],[11,15],[0,9],[6,7],[-1,11],[4,20],[4,5],[15,1],[7,4],[15,4],[18,9],[8,9],[2,16],[15,10],[2,12],[18,10],[3,7],[16,4],[6,7],[0,11],[-7,7],[5,12],[-3,6],[9,11],[1,19],[10,5],[-18,6],[-7,10],[-4,15],[0,13],[-4,8],[-15,5],[-2,9],[0,14],[3,8],[19,10],[11,15],[2,45],[-4,3],[-7,17],[3,8],[-3,12],[1,8],[-6,10],[-10,5],[-4,20],[5,19],[-4,5],[-15,3],[-6,6],[-30,7],[-5,9],[4,14],[0,21],[-2,7],[-12,21],[2,8],[15,6],[18,15],[13,8],[2,7],[1,24],[-1,6],[17,22],[7,18],[5,7],[2,17],[5,8],[11,2],[13,-7],[16,-5],[12,3],[18,9],[8,9],[10,1],[14,20],[4,11],[14,0],[3,-10],[5,-5],[13,11],[12,2],[1,6],[16,9],[8,-3],[10,5],[1,18],[10,1],[5,6],[-2,8],[2,10],[-9,2],[5,8],[4,20],[22,7],[6,8],[11,6],[6,-2],[11,5]],[[5277,14856],[6,-2],[-7,-16],[9,-1],[-3,-9],[9,-4],[2,-11],[6,-14],[11,-4],[5,7],[11,0],[28,13],[11,-9],[9,-4],[2,-8],[-8,-10],[-4,-23],[-7,-18],[5,-15],[-5,-1],[4,-12],[-1,-8],[13,-2],[10,4],[-2,6],[21,17],[16,-8],[8,3],[18,-3],[19,3],[1,10],[15,-4],[0,-13],[9,-2],[13,-9],[14,19],[7,1],[9,-6],[14,-2],[12,1],[1,-7],[16,0],[2,7],[18,-4],[6,10],[-10,3],[3,7],[18,3],[6,12],[-6,7],[5,9],[7,-1],[26,6]],[[4695,15954],[-18,15],[-10,14],[-12,1],[-10,-4],[-14,7]],[[4631,15987],[10,9],[0,8],[8,11],[-1,8],[8,12],[-1,17],[5,9],[-9,9],[11,13],[1,7],[-4,11],[11,9],[2,8],[-3,11],[6,3],[34,9],[18,6],[29,14],[14,10],[12,13],[1,10],[-6,9],[-12,4],[5,14],[15,8]],[[4785,16229],[15,-8],[11,-11],[6,-12],[7,-2],[0,-15],[8,-1],[5,-8],[11,2],[-4,-19],[7,-2],[-7,-11],[18,1],[15,-2],[8,-13],[-22,-11],[-21,-2],[-6,-6],[-4,-17]],[[5478,15271],[9,9],[4,20],[11,0],[20,3],[2,24],[13,1]],[[5537,15328],[4,-10],[6,-3],[16,-1],[8,4],[13,-3],[6,-5],[18,-8],[6,5],[8,-6],[12,-2],[-11,-21],[-8,-6],[0,-7],[8,-7],[0,-5],[12,-15],[-7,-6],[4,-5],[11,0],[2,14],[6,-1],[-1,-15],[13,-6],[4,-8],[10,6],[8,-3],[0,-8],[11,-11],[-5,-14],[6,-4],[10,7],[7,-1],[16,13],[33,-5],[13,-14],[8,-3],[16,-2],[20,-11],[27,-5],[13,0],[24,-3],[7,2],[19,-15],[10,2],[11,7],[9,1],[22,-7],[18,-10],[23,6],[2,-22],[5,-12]],[[5277,14856],[8,12],[3,9],[10,7],[2,9],[17,13],[3,8],[12,13],[7,-5],[17,18],[-4,3],[2,16],[-5,5],[4,6],[-18,5],[-9,16],[9,12],[-3,9]],[[5537,15328],[-6,10],[7,20],[9,-3],[5,20],[7,15],[1,13],[5,8],[26,-7],[-2,14],[12,4]],[[5770,15395],[8,-5],[4,-13],[6,2],[19,-18],[18,2],[7,-6],[11,7],[12,-4],[16,2],[21,-10],[51,5],[12,-7],[16,4],[6,-3],[25,6],[12,-5],[13,0],[16,6],[6,-5],[16,2],[5,5]],[[6070,15360],[0,-17],[-7,-10],[-10,-4],[-3,-12],[13,-6],[-4,-12],[16,-1],[3,-10],[11,-4],[3,-9],[-12,-10],[-4,-8],[12,-7],[14,4],[16,0],[16,-5],[-1,-5],[20,-5],[11,2],[32,-2],[9,-4],[0,-7],[-9,-8],[17,0],[11,12],[13,5],[5,-14],[19,-25],[15,-12],[-11,-7],[-16,-6],[-4,-8],[5,-4],[20,-1],[1,-15],[11,-7],[6,-8]],[[4415,15777],[3,5],[3,16],[-3,4],[33,13],[27,15],[1,3],[33,17],[3,3],[-2,16],[7,18],[-4,9],[5,2],[8,18],[7,7],[16,10],[14,7],[5,8],[23,10],[5,7],[22,12],[10,10]],[[4767,15929],[6,-12],[22,-11],[4,-7],[20,-4],[-6,-19],[12,1],[1,10],[8,2],[-5,-14],[12,-1],[-2,-10],[-6,-7],[-8,2],[-11,-14],[-16,-3],[-5,-21],[14,-12],[22,3],[-1,-10],[-17,-2],[4,-5],[-10,-12]],[[5754,14590],[-17,-2],[-25,-10],[-20,3],[-12,-1],[2,-6],[-12,-13],[6,-3],[-24,-11],[-2,-5],[-12,-2],[-8,-5],[6,-8],[-7,-10],[7,-4],[-8,-7],[0,-13],[-5,-15],[-8,0],[-4,-7],[4,-11],[-2,-11],[16,-9],[-4,-13],[10,-14],[1,-7],[-11,-8],[-11,-4],[-9,-7],[3,-8],[-6,-5],[2,-6],[-33,-3],[-16,0],[-6,-3],[-17,5],[-15,-1],[-11,-12],[1,-6],[-9,-9],[8,-6],[-4,-13],[-11,-19],[-1,-6],[-18,-6],[-7,-11],[-8,-3],[4,-13],[-4,-10],[1,-11],[7,-4],[-9,-13],[-6,-3],[3,-13],[9,-11],[23,-10],[-2,-9],[4,-5]],[[5315,16194],[5,6],[-3,6],[17,1],[7,13],[18,-1],[2,-13],[10,7],[13,1],[-7,10],[15,-1],[25,12],[4,24],[14,10],[-13,5],[-4,16],[11,13],[6,-4]],[[5435,16299],[9,0],[16,-9],[2,-10],[9,0],[0,-7],[18,-8],[17,17],[14,2],[6,4]],[[5526,16288],[5,-11],[8,-6],[10,5],[11,0]],[[6168,15728],[-11,0],[-3,11],[-7,9],[-6,-1],[-5,-9],[-9,3],[-10,-11],[4,-8],[-15,-22],[-9,-9],[-4,-9],[-8,3],[-17,-2],[-20,9],[-7,-14],[-25,-4],[4,-9],[-8,-2],[-7,-9],[-10,-6],[-13,-2],[1,-15],[6,-5],[-3,-22],[10,-8],[31,-10],[10,-13],[9,-3],[-1,-7],[15,-3],[1,-9],[-13,-2],[6,-11],[-3,-13],[-18,-7],[-4,-8],[12,-3]],[[6041,15507],[-9,-19],[-13,7],[-6,-7],[7,-5],[-9,-24],[4,-15],[10,0],[-1,-10],[12,-5],[-4,-9],[18,-29],[0,-4],[10,-9],[10,-18]],[[5670,16048],[6,-9],[18,-3],[11,6],[10,9],[-3,5],[11,11],[5,9],[9,8],[8,21],[18,0],[5,-6],[21,15],[0,12],[3,8],[15,16]],[[5807,16150],[14,-2],[9,-7],[11,-3]],[[5841,16138],[-4,-15],[-4,-1],[-7,-13],[2,-10],[10,-15],[1,-21],[-3,-10],[-11,-2],[1,-8],[14,-4],[5,-8],[12,-5],[-2,-5]],[[5172,16258],[14,19],[-1,2],[-30,7],[1,5],[16,26],[-5,5],[9,4],[0,36]],[[5176,16362],[24,2],[27,4],[6,-5],[12,-3],[5,10],[28,2],[9,-4],[5,-14],[-11,-8],[-14,7],[-12,2],[-22,-5],[-12,-11],[-1,-6],[17,-8],[4,7],[9,-3],[19,4],[4,-5],[30,-4],[21,10],[16,5],[10,9],[20,9],[8,-2],[17,2],[7,-7],[16,-2],[6,2],[18,-3]],[[5442,16347],[-8,-8],[-2,-7],[7,-4],[-4,-29]],[[4785,16229],[13,13],[5,2],[11,13],[77,14],[29,8],[38,14],[27,11],[26,19],[9,17],[-10,14],[-9,-6],[5,-7],[-8,-5],[3,20],[9,7],[18,13],[6,7],[15,4],[22,3],[10,-2],[8,-13],[21,-7],[25,-6],[18,-1],[23,1]],[[4272,14664],[0,6],[11,14],[22,8],[9,7],[5,11],[10,5],[21,-2],[6,-5],[14,-5],[12,1],[18,-3],[15,6],[5,-2],[24,11],[2,4],[18,2],[15,7],[10,1],[12,10],[13,-2],[14,10],[19,2],[1,7],[14,6],[13,11],[16,7],[1,13],[11,8],[14,7],[9,9],[8,2],[8,16],[13,0],[9,-4],[17,0],[7,3],[23,-5],[19,2],[16,-7],[7,15],[8,-11],[13,0],[-3,15],[15,1],[5,5],[1,11],[20,5],[15,-3],[7,9],[13,-2],[-3,12],[11,18],[-3,14],[12,-3],[9,5],[-8,15],[2,13],[-27,11],[6,10],[-6,7],[-8,2],[2,7],[16,1],[7,-8],[10,-1],[3,9],[-12,9],[5,12],[-8,3],[-10,14],[3,7],[-4,6],[5,14],[-5,6]],[[5632,16180],[25,9],[18,-10],[3,-8],[13,-6],[42,1],[10,3],[12,-4],[3,16],[18,13]],[[5776,16194],[-2,-7],[7,-7],[-4,-13],[15,-7],[10,-1],[5,-9]],[[7257,10292],[-6,-3],[-17,-1],[-12,1],[-23,-16],[-8,6],[-17,7],[-7,0],[-14,-9],[-9,-9]],[[7144,10268],[-5,3],[-16,-3],[-9,-13],[-16,7],[-9,7],[-7,-7],[-22,11],[-8,6],[-11,2],[6,9],[-7,5],[-12,23]],[[7028,10318],[8,4],[8,11],[17,-2],[11,8],[17,3],[8,13],[13,0],[15,5],[5,-3],[13,3],[11,-17],[31,-2],[9,-7],[18,-1],[5,-8],[9,0],[10,-5],[17,-13],[-2,-4],[6,-11]],[[7575,10917],[-10,1],[-17,-6],[-1,-12],[15,-9],[-5,-21],[-12,-3]],[[7545,10867],[-8,10],[-8,1],[-21,-9],[-7,-7],[-18,-2]],[[7483,10860],[-1,12],[8,7],[9,-5],[15,9],[-8,5],[-9,9],[-7,16],[2,6],[-7,21],[-6,-8],[-23,-3],[0,13],[-4,9],[6,6],[-8,4],[6,11],[-13,14]],[[7443,10986],[-1,10],[6,7]],[[7448,11003],[4,-10],[14,-12],[2,-8],[13,3],[7,5],[16,4],[10,-16],[24,-6],[3,-6],[9,-3],[3,-7],[3,-19],[19,-11]],[[7452,10551],[-19,-8],[6,-11],[-8,-17],[-12,-5],[17,-8],[13,-3],[15,2],[10,-6],[-4,-16],[2,-17],[-7,-5]],[[7465,10457],[-2,-3],[-15,2],[-18,-2],[-6,-7],[-12,-5]],[[7412,10442],[-14,8],[-17,5],[-19,0],[-5,9],[-19,-1],[-4,-5],[-13,5],[20,14],[6,8],[-8,10],[-14,0],[-5,-4],[-11,8],[15,7],[4,6],[3,12],[-17,13],[-3,6],[-10,4],[-1,11],[-10,15],[-4,21],[-7,14],[-8,4],[-16,1]],[[7255,10613],[12,9]],[[7267,10622],[19,-6],[6,-6],[11,0],[1,10],[10,5],[6,13]],[[7320,10638],[10,0],[16,-20],[3,-10],[36,-13],[6,-3],[1,-10],[8,-2],[5,-6],[16,-6],[11,-1],[20,-16]],[[7545,10867],[5,-5],[11,6],[7,-5],[10,-16],[8,-7],[2,-15]],[[7588,10825],[-15,-6],[8,-10],[-12,-6],[1,-4]],[[7570,10799],[-7,-10],[-18,-6],[-9,-8],[-16,-4],[-12,2],[-9,-2],[-3,-9],[1,-8],[-4,-6],[-28,-11],[-23,-3],[-11,8],[-7,-8],[-27,0]],[[7397,10734],[-3,2],[1,19],[10,21],[-25,18],[-5,19]],[[7375,10813],[27,1],[1,15],[-20,23],[1,8],[23,-1]],[[7407,10859],[13,-7],[19,-2],[30,5],[14,5]],[[7843,10085],[-9,-3],[-11,3],[-16,-6],[-18,0],[-19,-4],[-23,-2],[-21,5],[-8,-1],[-10,6],[-17,4],[-27,-6],[-11,12],[-5,-2],[-32,8],[-5,2],[-22,3],[-10,-6],[-19,3],[-8,3],[-9,20],[-19,9],[-24,0],[-29,-11]],[[7471,10122],[-18,19],[-9,7],[-17,4],[-20,2],[-23,-4]],[[7384,10150],[-12,4],[-14,2],[-11,7]],[[7347,10163],[6,3],[17,-1],[9,-3],[19,-1],[15,4],[4,4],[14,1],[18,18],[18,3],[17,2],[16,8],[20,4],[9,7],[29,-6],[16,-8],[12,-8],[11,-4],[31,-5],[6,-4],[1,-12],[7,-10],[23,-9],[10,-8],[10,-3]],[[7685,10135],[17,-3],[4,-20],[17,-15],[14,2],[17,-3],[18,2],[13,-5],[21,0],[3,4],[23,3],[14,-4]],[[7111,10770],[-16,-9],[-10,6],[-14,2],[-9,-14],[-16,3],[-17,8],[-7,-11],[-5,-2],[-10,-14],[-1,-7],[8,-7],[-4,-9],[-12,-5],[-8,-10],[-8,-21],[14,-14],[-8,-8],[7,-9],[-5,-6],[16,-7],[4,-18],[6,-8],[16,-4]],[[7032,10606],[-6,-18],[-16,-7],[-2,-9],[-7,-6]],[[7001,10566],[-27,7],[-10,-1],[-14,4],[-18,-5]],[[6932,10571],[-10,10],[-23,7],[-4,6]],[[6895,10594],[2,6],[21,12],[6,6],[5,14],[15,5],[-3,13],[-10,7],[-11,2],[-10,5],[-1,11],[7,10],[4,15],[-5,8],[-19,9]],[[6896,10717],[-6,15],[8,11],[18,7],[15,8],[18,0],[11,5],[-1,9],[6,11],[8,7],[16,7],[22,7],[4,5],[-4,26],[2,13],[-8,8],[-12,2],[-15,5],[-6,8]],[[6972,10871],[17,-3],[11,2],[6,-5],[11,5],[21,-6],[18,2],[17,-5],[10,2],[13,-3],[3,-4],[18,0],[2,-9],[-7,-9],[-9,-5],[-4,-15],[3,-19],[-11,-13],[1,-6],[11,-8],[8,-2]],[[7375,10813],[-10,5],[-3,-11],[-14,-3],[-10,4],[-19,1],[-2,7]],[[7317,10816],[6,14],[7,48],[-3,10],[13,17],[0,15],[9,3],[7,10],[-5,7],[26,-1],[10,13],[0,8],[8,23],[-7,10]],[[7388,10993],[20,0]],[[7408,10993],[1,-12],[-13,-11],[3,-11],[-6,-9],[0,-7],[14,-8],[-7,-13],[7,-12],[10,-9],[-11,-8],[2,-16],[-1,-18]],[[7745,10721],[-3,-6],[23,-42],[-6,-10],[10,-8],[-2,-15],[5,-8],[-1,-9],[10,-18],[8,-2]],[[7789,10603],[-2,-6],[-9,-4],[-21,3],[-3,3],[-20,6]],[[7734,10605],[-3,11],[-8,4],[-7,9],[-7,-1],[-28,8],[-10,9]],[[7671,10645],[5,14],[-7,7],[0,7],[-9,7],[-12,-1],[-7,3],[-7,11],[-31,2],[-13,5]],[[7590,10700],[4,9],[-2,6],[-10,6]],[[7582,10721],[27,8],[16,3],[5,6],[15,8],[1,8],[9,8],[6,10],[6,4]],[[7667,10776],[31,2]],[[7698,10778],[7,-23],[13,-8],[21,-22],[6,-4]],[[7514,9539],[-21,0],[-13,7],[-5,7],[10,16],[-3,11],[2,9],[13,27],[8,7],[-8,22],[-20,0],[-28,5],[-11,-7],[-15,2],[-20,6],[-4,10],[-41,13]],[[7358,9674],[-8,2]],[[7350,9676],[4,14],[11,17],[3,9],[9,10],[-4,10],[5,26],[12,12],[6,24],[-2,8],[-10,7],[-14,4],[-6,6],[-1,9]],[[7363,9832],[-3,22],[6,7],[8,17],[2,10]],[[7376,9888],[7,-4],[13,5],[18,1],[4,7],[9,5],[10,-6],[11,0],[12,9],[16,1],[6,-7],[9,-5],[27,-3],[20,3],[6,-3],[36,3],[27,-8],[4,2],[3,17]],[[7614,9905],[22,-2]],[[7570,10799],[2,-15],[-6,-14],[-5,-20],[-15,-18],[-29,-16]],[[7517,10716],[-24,-9],[-7,-9],[-20,-16],[-7,2],[-16,-2],[-24,-8],[-13,-1],[-6,3]],[[7400,10676],[4,13],[13,18],[-7,8],[-11,6],[-2,13]],[[8242,11029],[3,-4],[-7,-8],[6,-4],[-11,-7],[1,-10],[-11,-7],[6,-13],[-10,-9],[8,-5]],[[8227,10962],[-2,-9],[7,-4],[-16,-13],[-7,-2],[-7,-12],[-10,1],[-30,9],[1,2],[-19,10],[-2,-3],[-21,12],[-10,1]],[[8111,10954],[1,5],[13,6],[7,9],[15,7],[4,9],[13,16],[11,9],[8,1]],[[8183,11016],[30,14],[5,11],[12,3],[10,-4],[2,-11]],[[7542,11592],[-14,-13],[-13,0],[13,-15],[-10,-22],[-23,-17],[-7,-7],[31,-13],[-2,-14],[-10,-10],[-16,-9],[0,-5],[-11,-14],[4,-16],[-10,-3],[10,-8],[6,-8],[-13,-6],[-12,0],[-5,-3],[1,-10],[-12,-9],[-5,-16],[-10,-2],[-6,-5]],[[7428,11367],[-13,-9],[1,-22],[-6,-7],[2,-7],[-6,-13],[2,-4],[-16,-12]],[[7392,11293],[-8,0],[-10,-6],[-9,-1],[-37,5],[-36,-1],[-23,9],[-4,4],[-20,3],[-2,4],[-16,8],[7,13],[-6,12],[6,3],[8,10],[4,15],[-9,15],[4,10],[10,14],[4,12],[-3,15],[6,9],[5,17],[5,22],[-11,11],[-11,-1],[-12,12],[3,7],[-11,11]],[[7226,11525],[7,6],[0,9],[29,31],[-5,10],[4,15],[-2,11],[3,17],[-2,4],[7,10],[16,15],[30,16],[7,17],[11,12],[14,7],[4,20]],[[7349,11725],[6,-4],[17,0],[5,-6],[13,0],[9,-4],[20,4],[11,8],[17,3],[14,-6],[14,2],[6,-3],[12,5],[15,-9],[0,-10],[17,-10],[7,-21],[6,-3],[7,-12],[7,-3],[10,-24],[-3,-12],[-10,-6],[-1,-12],[-6,-10]],[[8396,10390],[-3,-7],[4,-10],[-2,-10],[5,-9],[19,-15],[2,-7],[11,-1],[10,-7]],[[8442,10324],[-12,-3],[-13,0],[-15,-7],[7,-19],[22,-10],[9,-12],[-21,2],[-11,5]],[[8408,10280],[-29,14],[-8,9],[-18,4],[-3,-4],[-25,-8],[-11,3],[-6,-7],[-25,-4],[-20,2],[-13,-2]],[[8250,10287],[-4,3],[2,15],[-7,9],[-1,18],[-9,15],[7,8],[11,2],[3,6]],[[8252,10363],[10,16],[-2,9],[9,7],[1,9],[11,6]],[[8281,10410],[13,3],[11,-1],[14,-7],[27,5],[20,-4],[7,-17],[23,1]],[[8398,11620],[0,-9],[8,-2],[7,6],[19,8],[21,-3],[3,-6]],[[8456,11614],[-25,-5],[-8,-10],[-1,-16],[20,-4],[11,-12],[13,-5],[0,-11],[8,-7],[-14,-12],[10,-8],[1,-6],[25,-12],[5,-5]],[[8501,11501],[-11,-14],[-7,-5],[3,-8],[-2,-21],[-19,-2],[-16,-5],[-13,-9],[-12,3],[-6,-11],[2,-6],[15,-11],[9,-5],[11,-10]],[[8455,11397],[-23,-11],[-16,-3],[-5,-10],[-8,-4],[3,-7]],[[8406,11362],[-7,0],[-11,-8],[-18,-5],[-11,-7],[0,-8],[-12,-3],[-14,-18],[-18,-7],[-18,6],[-4,9],[-8,6],[-13,3],[5,11],[7,5],[-28,9],[-11,15]],[[8245,11370],[14,9],[0,17],[10,12],[1,7],[12,8],[2,13],[-5,7],[-12,5],[-7,8],[-19,9],[-12,9],[-4,8],[14,18]],[[7330,11018],[-10,-13],[0,-6],[-10,-11],[9,-17],[-12,-13],[1,-14],[-12,-16],[-7,-1]],[[7289,10927],[-23,2],[-20,6],[-21,-4],[-7,-6],[-11,7],[-10,-1],[-18,5],[-22,14],[-10,15],[-8,3],[-5,9],[-3,12],[-31,12],[-33,5],[-13,-6],[-8,2],[-2,13],[-6,3],[3,15]],[[7041,11033],[21,-6],[7,2],[7,11],[-12,8],[-13,6],[-16,2]],[[7035,11056],[7,12],[9,3],[13,1],[14,3],[8,-5],[15,-1],[13,-3],[16,-11],[22,-3],[26,7],[15,7],[9,-7],[18,8],[16,-6],[31,-4],[4,-3],[17,3],[14,-4],[12,3],[-1,-17],[7,-14],[10,-7]],[[8102,10862],[7,7],[-15,8],[-12,2]],[[8082,10879],[9,10],[9,16],[3,20],[-1,7]],[[8102,10932],[4,16],[5,6]],[[8227,10962],[9,-6],[-2,-4],[21,-8],[13,-1],[-6,-10],[-1,-16],[-6,-9],[-9,-28],[-6,-2],[-9,-16],[-5,-14]],[[8226,10848],[-5,-3]],[[8158,10476],[2,-5],[19,-10],[5,-10],[12,-6],[24,-3],[37,-9],[6,-3],[1,-13],[7,-7],[10,0]],[[8252,10363],[-18,9],[-5,5],[-19,0],[-14,-4],[-16,0],[-25,-12],[-13,-11],[0,-17],[-4,-4],[13,-33],[-34,-19],[-12,7],[-3,-12],[-5,-7],[6,-8],[0,-12],[-6,-11],[-12,-2],[-11,-7],[-15,0],[-18,9]],[[8258,10618],[34,13],[8,13],[10,2],[10,-6],[8,-9],[19,-1],[-8,-7],[-6,-15],[17,-6],[16,-22],[15,-10],[6,2],[12,22],[14,10],[4,12],[8,6],[19,7],[12,0],[18,-4],[21,1],[10,-2],[10,4],[34,2],[13,-5],[16,1]],[[8578,10626],[0,-9],[-9,-1],[-6,-12],[-22,-24],[-9,-4],[-10,-14],[-10,-7],[-15,-5],[-6,-8],[-17,-11],[-2,-5],[-18,-13],[-27,-3],[-10,-10],[-14,-3],[-11,-6],[-1,-13],[5,-8],[-2,-8]],[[8394,10462],[-22,7],[-12,-1],[-14,5],[-16,-7],[-13,1],[-12,5],[-12,29],[-11,7],[-14,0],[-5,14],[-19,6],[-6,5],[-10,0]],[[8999,11218],[-2,-11]],[[8997,11207],[-8,-12],[-13,-5],[-9,4],[1,17],[-7,5],[-5,9],[-14,5],[-15,9],[-22,-1],[-11,-7],[-27,-13],[2,-13],[-15,-9],[-5,1],[-16,-27],[-10,-14],[-7,-5],[-25,-32],[-14,-9],[2,-10],[-8,-11],[-15,-9],[-7,-15],[8,-14],[-8,-5],[2,-6]],[[8751,11040],[-20,9],[-13,14],[-33,6],[-6,-2],[-10,9],[-14,5],[4,10],[-6,2],[-15,0],[-18,4],[-9,6],[20,18]],[[8631,11121],[17,10],[13,13],[-13,10],[-1,7],[19,6],[1,9],[-10,5],[-11,12],[1,5],[-17,23],[-13,5],[-1,4],[21,31],[5,-7],[10,-7],[11,-1],[12,2],[18,22],[11,-2],[5,16],[7,2],[7,14],[24,19],[9,15]],[[8756,11334],[19,5],[16,8],[2,4]],[[8793,11351],[14,-3],[-2,-17],[6,-1],[12,-11],[9,-18],[18,-16],[9,2],[9,-7],[13,-4],[10,-8],[4,-8],[17,2],[12,-10],[11,-2],[5,7],[36,-12],[11,-16],[12,-11]],[[8391,11219],[-3,-3],[-2,-23],[-9,-9],[-28,-22],[4,-13],[-3,-14],[11,-9],[-18,-14]],[[8343,11112],[-22,-8],[-4,9],[-20,-5],[-12,4],[-23,-1],[-18,6],[-30,1],[-21,-4],[-2,7],[8,5],[4,9],[2,16],[16,13],[6,17],[-16,9],[16,16],[-1,6],[-15,2],[-15,6],[-23,4],[2,11],[-13,15]],[[8162,11250],[0,13]],[[8162,11263],[20,10],[13,3],[5,-14],[8,-10],[26,5],[18,-6],[14,-11],[10,-1],[20,-9],[5,-4],[30,-12],[5,9],[0,7],[15,12],[18,-12],[11,-14],[11,3]],[[7979,10731],[11,5],[1,14],[-13,4],[-9,6]],[[7969,10760],[17,16],[-14,16],[8,11],[16,19],[22,15],[24,2],[12,19],[20,13],[8,8]],[[8756,11334],[-20,5],[-28,-1],[-8,-4],[-3,-7],[-13,-5],[-7,2],[-10,-7],[-18,6],[-5,4],[-9,-8],[-2,-7],[-10,-9],[-13,-8],[-5,-7],[-15,-7],[-14,-3],[-20,-17],[-26,9],[-18,-5],[-9,-8]],[[8503,11257],[-4,15],[3,9],[-13,12]],[[8489,11293],[0,21],[20,1],[2,8],[14,4],[2,7],[-6,6],[23,8],[18,18],[-4,5]],[[8558,11371],[19,9],[3,15],[43,22]],[[8623,11417],[5,-5],[26,-12],[12,-9],[2,-8],[15,-11],[-7,-10],[13,-1],[6,-7],[13,4],[26,-8],[2,-7],[20,-9]],[[7452,10551],[10,12],[10,2],[33,13]],[[7505,10578],[15,2],[21,13],[6,10],[10,5],[17,3],[15,-3]],[[7589,10608],[-2,-9],[4,-17],[5,-5],[1,-13],[7,-8],[20,-8],[15,-19]],[[7639,10529],[-16,-12],[6,-12],[-4,-6],[-9,-4],[-10,-20],[-17,-14]],[[7589,10461],[-4,3],[-4,17],[-9,6],[-14,1],[-25,-13],[-3,-12],[-18,1],[-12,5],[-17,-7],[-5,-4],[-13,-1]],[[7827,11392],[-1,-4],[5,-13],[-5,-16],[2,-12],[-13,-13],[-26,1],[-4,-3],[-16,11],[-8,-5],[7,-5],[-4,-11],[4,-6],[-8,-14],[-9,-10],[-8,-1]],[[7743,11291],[-17,11],[-16,-8],[-13,3],[-11,-1],[-8,4]],[[7678,11300],[-5,5],[-12,-4],[-15,4],[-17,-5]],[[7629,11300],[14,26],[1,14],[-3,5],[12,5],[0,17]],[[7653,11367],[14,0],[10,-3],[2,12],[-1,16],[5,4],[2,13],[-16,15],[-14,3],[-10,8],[-5,11],[9,11]],[[7649,11457],[16,-3],[19,6],[13,7],[9,-6],[10,-15],[8,-3],[4,-10],[9,-7],[18,-3],[6,8],[13,0],[11,9],[20,-2],[10,-6],[-6,-4],[1,-7],[7,-9],[2,-16],[8,-4]],[[7770,10911],[8,6],[0,10],[5,9],[16,8],[-2,9],[3,8],[9,9],[11,1],[7,11],[11,10],[13,7],[7,-5]],[[7858,10994],[10,-7],[5,-7],[-1,-9],[4,-12],[17,-11],[4,-7],[13,-7],[3,-7],[18,-10],[-7,-10],[-1,-9],[-17,-10]],[[7906,10888],[-23,-16],[-2,-5],[-9,-5],[-11,-9],[-7,1],[-10,-8],[-18,2],[-7,-4],[-10,4]],[[7809,10848],[-7,9],[-6,21],[-8,13],[-18,20]],[[7575,10917],[16,-4],[12,-7],[20,0],[14,18],[16,2],[-3,7]],[[7650,10933],[12,2],[25,-1],[9,-3],[11,-8]],[[7707,10923],[-4,-3],[16,-12],[7,3],[17,-8],[14,6],[13,2]],[[7809,10848],[-11,-9],[3,-13],[-9,-8],[-3,-9],[-14,-5],[-23,8],[-12,10],[-9,-15],[-14,-7],[-18,-17],[-1,-5]],[[7667,10776],[8,15],[-7,6],[-20,3],[-9,7],[-27,8],[0,4],[-24,6]],[[8396,10390],[-2,20],[7,3],[-2,10],[-10,7],[-7,17],[2,7],[10,8]],[[8578,10626],[0,19],[-3,11],[5,7],[-2,15]],[[8578,10678],[21,8],[21,1],[21,-13],[15,3],[4,-5],[-4,-7],[12,-10],[34,-22],[5,-1],[8,-14],[7,-2],[8,-7],[-2,-7],[6,-6],[3,-12],[-5,-17],[-1,-22],[6,-11],[17,-10],[15,-6],[13,-9]],[[8782,10509],[-10,-8],[-18,-4],[-9,-15],[-19,0],[-18,-3],[-14,-15],[-9,0],[-9,-17],[-1,-21],[-7,-12],[-12,-7]],[[8656,10407],[-16,8],[-15,-14],[-9,2],[-22,-4],[-16,-9],[-10,-12],[-13,-10],[-8,-25],[5,-7]],[[8552,10336],[-16,5],[-9,-1],[-35,9],[-14,-5],[-4,-6],[-15,-9],[-12,-9],[-5,4]],[[8408,10280],[12,-11],[-24,-22],[-2,-15],[-5,-4],[-6,-15],[8,-8],[4,-16],[5,-3]],[[8400,10186],[-11,-4],[-19,-3]],[[8370,10179],[-26,7],[-18,-4],[-7,10],[-30,-8],[-8,3],[-9,18],[-12,-2],[-11,9],[-10,2],[-14,-3],[-12,-8],[-15,10],[-13,5],[-18,-1]],[[8167,10217],[-3,8],[41,6],[18,6],[10,14],[-2,6],[8,7],[16,10],[-8,5],[3,8]],[[7954,10696],[-6,-2],[-12,6],[-29,-2],[-1,4],[-14,0],[-11,9],[0,5],[-26,29]],[[7855,10745],[9,6],[-21,12],[-10,3],[2,16],[21,17],[12,18],[10,-4]],[[7878,10813],[4,-12],[-1,-8],[26,18],[9,-8],[-1,-9],[7,-10],[18,5],[14,0],[4,-14],[11,-15]],[[8698,11610],[-9,-10],[-19,-12],[-16,0],[5,-7],[2,-14],[-2,-15],[-9,-8],[-13,-24],[-18,-20],[-11,-6],[1,-13]],[[8609,11481],[-4,-12],[-7,-3],[-19,24],[-8,5],[-6,9],[-14,-1],[-14,7],[-12,-1]],[[8525,11509],[17,19],[-1,7],[24,16],[15,18],[-5,13],[10,13],[6,5],[7,10],[8,4],[9,12],[44,-2]],[[7347,10163],[-4,9],[-9,2]],[[7334,10174],[9,1],[7,7],[11,7],[11,0],[19,4],[18,7],[15,2],[20,6],[27,11],[25,16],[16,14],[9,16],[20,12],[5,14]],[[7546,10291],[9,10],[17,4],[16,17],[1,14],[11,3],[52,2],[20,-12],[37,0],[7,12],[-3,9],[13,7],[7,12],[11,4]],[[7744,10373],[8,-9],[-3,-7],[6,-7],[-8,-3],[-1,-11],[27,-3],[11,-3],[-11,-14]],[[7773,10316],[-11,-12],[-20,-2],[-9,1],[-13,19],[-8,3],[-11,-19],[-7,-17],[-1,-12],[-5,-11],[-15,-14],[-9,-27],[-6,-9],[5,-7],[15,-6],[5,-10],[15,-12],[-13,-18],[-1,-9],[9,-4],[-8,-15]],[[9348,10796],[-1,-5],[-33,-10],[-15,-2],[-24,8],[-12,-6],[-13,-10],[-5,-19],[-6,-9],[9,-6],[6,-15],[-4,-16],[-21,-12],[-8,-10],[-3,-9]],[[9218,10675],[-14,-15],[-20,-8],[-32,-18],[-13,-1],[-15,-6],[-14,-9],[-19,-29],[-6,-12],[-19,0],[-15,-7],[-11,-18],[-9,-6],[-4,-8],[-24,-21],[-14,2],[-21,-3],[-12,-11],[-9,-14]],[[8947,10491],[-21,22],[-20,2],[-15,5],[-8,8],[-11,-1],[-13,9],[-16,-5],[-6,-7],[-11,-7]],[[8826,10517],[-10,13],[8,11],[-3,7],[2,18],[4,3],[0,13],[-5,5],[3,9],[7,6],[3,9],[16,20],[7,4],[-2,17],[10,4],[2,6]],[[8868,10662],[24,-6],[17,2],[23,-6],[15,2],[11,22],[6,6],[-8,9],[4,15],[17,3],[14,9],[11,1]],[[9002,10719],[21,-2],[6,3],[30,2],[8,6],[15,4],[12,0],[17,13],[32,2],[21,11],[14,-4],[21,8],[7,13],[-4,8],[16,4],[11,7],[4,8],[11,8],[9,10],[8,3],[9,-2]],[[8450,11117],[20,-14],[5,0]],[[8475,11103],[-2,-6],[6,-8],[24,-11],[-8,-7],[-8,-12],[-14,-13]],[[8473,11046],[-6,-2],[-12,-9],[-1,-7],[-10,-12]],[[8444,11016],[-18,4],[-12,8],[-10,3],[13,12],[-28,37],[3,5],[-11,9]],[[8381,11094],[29,17],[10,3],[30,3]],[[9026,10915],[-1,-17],[-10,0],[-18,-18],[2,-12],[-2,-10],[-13,-22],[3,-20],[-5,-4],[-12,-2],[-25,3],[-9,3],[-25,-1],[-6,-10],[5,-9]],[[8910,10796],[-13,3],[-3,5],[-21,2],[-17,9]],[[8856,10815],[-6,4],[-13,15],[-8,3],[-7,8],[-14,-3],[-9,2],[-3,8],[-8,4],[-11,-6],[-9,-2],[-8,-6],[-22,1],[-21,13],[-13,5],[-14,-1],[4,11]],[[8694,10871],[12,10],[1,7],[29,-5],[5,9],[-6,17],[-5,6],[4,6],[-9,8],[20,11],[-6,8],[1,7],[-12,8],[27,18]],[[8755,10981],[13,-3],[11,4],[9,8],[17,6],[20,1],[11,11],[17,-1],[14,6]],[[8867,11013],[-3,-5],[7,-8],[3,-16],[4,-10],[11,-5],[4,-7],[13,0],[8,-3],[36,-1],[21,-2],[19,1]],[[8868,10662],[-12,24],[-10,6],[-8,19],[-6,3],[-16,-1],[-6,2],[-3,10],[4,17],[6,12],[9,4],[4,20],[13,14],[-1,4],[10,9],[4,10]],[[8910,10796],[14,-10],[11,-11],[3,-10],[9,-8],[-2,-6],[9,-13],[10,-2],[18,-9],[18,-3],[2,-5]],[[6998,10382],[4,-2],[9,-46],[5,-16]],[[7016,10318],[-9,-3],[-20,3],[-3,-6],[-11,-8],[-2,-6],[5,-5],[-9,-15],[7,-4],[-5,-8],[0,-11],[16,-9],[0,-7],[-22,-11],[-4,2],[-14,-5],[-6,6],[-8,-5],[2,-14],[-6,-5]],[[6927,10207],[-18,-2],[-9,9],[-21,-12],[-13,-10],[-34,-9],[-15,1],[-11,-4],[-14,0],[-9,18],[-10,10]],[[6773,10208],[12,13],[15,6],[0,6],[-14,-1],[0,10],[8,2],[5,6],[16,10],[15,3]],[[6830,10263],[15,0],[10,8],[17,17],[20,14],[4,7],[13,8],[6,9],[15,16],[17,13],[5,7],[14,12],[10,4],[10,0],[12,4]],[[7639,10529],[4,3],[31,-10],[15,1],[14,-3],[7,4],[8,-3],[16,-1],[4,7]],[[7738,10527],[9,-1],[2,-6],[11,-1],[-4,-28],[17,1],[-5,-14],[3,-2]],[[7771,10476],[-5,-10],[-10,-5],[-2,9],[-11,4],[-4,-9]],[[7739,10465],[-9,-3],[-24,0],[-5,-5],[-29,0],[-29,-3],[-22,3],[-16,-4],[-7,1],[-16,-4]],[[7582,10450],[7,11]],[[8897,11513],[-18,-6],[-13,-10],[-17,-7],[-13,7],[-29,-14],[-28,-14],[-10,-7],[-20,-1],[-9,-7],[-22,1],[0,4],[-10,7],[-15,0],[-8,7],[-15,-2],[-9,-8],[-10,-3],[-13,-11],[-13,0]],[[8625,11449],[-13,20],[-3,12]],[[7169,11590],[1,-14],[21,-6],[17,-10],[-14,-14],[-7,-4],[-4,-17],[8,-5],[25,5],[10,0]],[[7392,11293],[-4,-8],[3,-19],[-6,-12],[4,-8],[-3,-17],[-12,-8]],[[7374,11221],[-11,-2],[-12,-10],[-4,-20],[2,-13],[-4,-8],[4,-4],[-5,-8],[4,-18]],[[7348,11138],[-6,-7],[6,-24],[2,-17],[6,-12],[-1,-21],[-6,-6],[9,-15],[-2,-16]],[[7356,11020],[-26,-2]],[[7035,11056],[-16,7],[-4,7],[8,19],[14,15],[7,26],[-7,12]],[[7037,11142],[0,7],[9,12],[13,10],[0,10],[-5,22],[-20,26],[1,10],[20,17],[7,18],[0,9],[-8,15],[-7,3],[-16,2],[-2,5],[8,7],[-3,11],[2,12],[12,9],[-7,16],[4,14],[-15,27]],[[8628,10849],[6,-2],[4,-10],[20,-19],[10,-18],[2,-33],[-12,-10],[5,-10],[-12,-13],[-23,-4],[-14,6],[-25,3],[-26,-17],[-5,-18],[6,-10],[4,-13]],[[8568,10681],[-14,-3],[-10,6],[-61,1],[-3,19],[2,2],[-10,15],[-13,-4],[-4,-4],[-9,19],[4,7],[-4,5],[1,9],[-24,1],[-5,7],[-19,8],[-8,10],[-9,4],[-20,18],[-29,4],[-4,4],[-16,4],[-14,6],[5,5],[0,11]],[[8304,10835],[4,19],[-4,1],[3,13],[11,-4],[16,-1],[17,5],[-1,4],[11,21],[-2,16],[8,3],[3,9],[-9,15],[15,21]],[[8376,10957],[5,8],[7,3]],[[8388,10968],[28,-9],[23,-10],[4,-5],[53,-17],[5,-6],[9,4],[26,-16],[19,-16],[11,-8],[5,5],[11,-6],[3,-9],[13,9],[1,-13],[8,-11],[5,-10],[16,-1]],[[7001,10566],[-8,-4],[5,-11],[-13,-18],[-3,-21],[8,-10],[10,-5],[-4,-13],[2,-6],[10,-5],[-7,-14],[-8,-5],[13,-12],[2,-8],[7,-2]],[[7015,10432],[-3,-4],[-17,-1],[-1,-5],[-20,-14],[-2,-7],[-11,-12],[-18,-8],[-10,-11],[-10,-6],[-14,-2],[3,9],[-23,12],[-3,12]],[[6886,10395],[12,2],[8,5],[8,10],[6,30],[11,19]],[[6931,10461],[11,4],[1,7],[-8,7],[-10,14],[-12,11],[6,9],[-1,6],[-11,8],[0,5],[6,9],[0,7],[-8,2],[-8,14],[15,5],[17,-3],[3,5]],[[8473,11046],[27,-11],[42,-6],[8,1],[8,-9],[17,-6],[16,11],[28,-1],[13,6],[10,-10],[-1,-5],[10,-10],[15,-2],[11,-6],[28,1],[3,4]],[[8708,11003],[19,-11],[9,3],[18,-9],[1,-5]],[[8694,10871],[-21,-2],[-5,-16],[-12,0],[-28,-4]],[[8388,10968],[8,15],[16,13],[28,16],[4,4]],[[7408,10993],[2,9],[22,-8],[11,-8]],[[8400,10186],[13,-1],[7,-9],[36,-9],[12,9],[-3,7],[11,17],[39,-4],[6,6],[-1,11],[6,13],[10,9],[20,8],[7,17],[0,9],[4,10],[11,5]],[[8578,10284],[10,-13],[7,-23],[-3,-17],[1,-9],[15,-3],[6,-4],[11,-16]],[[8625,10199],[18,-12],[15,-6],[-12,-9],[-11,-15],[-4,-12],[9,-10],[1,-18],[7,-12],[13,-5]],[[8661,10100],[-18,-7],[-16,2],[-24,2],[-18,5],[-10,0],[-13,-4],[-19,5],[-8,-26],[-11,-12],[-8,1],[-12,7],[-15,0],[-8,-5],[-14,0],[-9,-5],[-9,0],[-18,-19],[-16,-4],[-8,-7],[-28,7],[-11,-6],[-12,1],[-9,5]],[[8347,10040],[-1,8],[-6,10],[5,9],[14,16],[15,4],[6,5],[13,-2],[11,19],[-1,14],[-9,5],[-8,16],[4,12],[-2,9],[-18,14]],[[8056,10080],[27,6],[17,0],[11,2],[15,-4],[6,2],[2,12],[5,11],[2,8],[-20,7],[-6,-1],[-9,15],[19,10],[11,23],[19,11],[-11,15],[-33,11],[14,8],[22,-3],[20,4]],[[8347,10040],[-6,-8],[-6,-15],[-7,-2],[0,-11],[-10,-7],[-8,-16],[-20,-11],[-10,4],[1,9],[-15,10],[-14,-8],[-17,0],[-6,9],[-18,-15],[-15,0],[-2,-8],[-6,-8],[-10,-3],[-1,-14],[5,-3]],[[8182,9943],[-2,-8],[-32,1],[-11,-7],[-5,6],[-11,-4],[-14,-18],[-4,-9],[-18,-11],[-13,-16],[-14,0],[-24,-4],[0,-10],[-23,-1],[-22,5]],[[7255,10613],[-5,-10]],[[7250,10603],[-27,-31],[-7,-5],[-1,-9],[-5,-4],[-12,-20],[-11,-10],[-13,-5],[-8,-10],[-14,-10],[-5,-6],[-12,-5],[-31,-22],[-5,-5],[-19,-13],[-26,-32],[-10,-3]],[[7044,10413],[-12,2],[-17,17]],[[7032,10606],[10,4],[8,12],[18,5],[32,-4],[17,2],[-1,16],[22,-5],[3,-8],[17,-3],[21,8],[11,2],[19,7],[4,5],[16,-2],[7,-3]],[[7236,10642],[10,-8],[23,0],[-2,-12]],[[8578,10678],[-10,3]],[[8826,10517],[-12,-2],[-20,2],[-12,-8]],[[8226,10848],[12,-8],[0,-4],[25,1],[41,-2]],[[7320,10638],[0,15],[14,6],[3,11],[6,1],[11,8],[-1,5],[17,0],[2,-8],[9,-5],[19,5]],[[7517,10716],[9,-3],[11,-8],[26,8],[14,1],[5,7]],[[7590,10700],[-1,-11],[7,-6],[-14,-14],[-21,-15],[-9,-13],[-8,2],[-6,-7],[0,-13],[-10,-4],[4,-11],[-27,7],[0,-37]],[[7542,11592],[5,-9],[12,-4],[10,0],[2,-6],[-3,-10],[2,-11],[15,1],[15,5],[15,12],[9,0],[13,-9]],[[7637,11561],[-14,-17],[-5,-11],[9,-4],[14,-15],[7,-2],[-2,-18],[6,-15],[-6,-9],[3,-13]],[[7653,11367],[-5,12],[-8,3],[-12,7],[-17,1],[-16,11],[-12,2],[-18,-6],[-5,-12],[-6,-1],[-4,-12],[-18,-9],[-10,0],[-6,5],[-20,-7],[-9,1]],[[7487,11362],[-12,9],[-22,-9],[-25,5]],[[7629,11300],[-1,-5],[-12,-9],[-10,-1],[-10,-30],[-4,-20],[-6,-9],[-10,-10],[-1,-7],[-8,-5],[-17,-3],[-5,5],[-33,5],[-10,-1]],[[7502,11210],[-11,15],[7,21],[-2,29],[-4,9],[3,7],[14,4],[5,19],[14,7],[5,8],[-4,6],[-17,7],[-6,5],[-13,0],[-6,15]],[[7650,10933],[-8,25],[-13,11],[-20,12],[-6,17],[5,17],[-10,9],[-2,8],[4,10],[13,15],[-26,29]],[[7587,11086],[4,13],[13,10],[0,9],[12,0],[5,-8],[16,3],[16,0],[11,8],[12,1]],[[7676,11122],[30,-3],[3,6],[11,8],[6,9],[12,7]],[[7738,11149],[9,-12],[1,-12],[7,-7],[8,0],[2,-9],[15,-14]],[[7780,11095],[-19,-5],[-15,-12],[-21,-3],[-6,1],[-7,-10],[6,-12],[-1,-7],[13,2],[1,-11],[-12,-15],[15,-14],[-6,-11],[12,-6],[8,2],[5,-9],[11,1],[1,-17],[-8,-14],[-28,-14],[-22,-18]],[[8901,11497],[-3,-4],[3,-17],[-3,-9],[-15,-16],[-4,-10],[-14,-9],[-1,-14],[-15,-8],[-18,-3],[-29,-23],[-11,-5],[12,-18],[-10,-10]],[[8623,11417],[-6,31],[8,1]],[[8997,11207],[-1,-7],[4,-5],[-1,-10],[-12,-6],[0,-8],[-8,-5],[-4,-11],[6,-7],[10,-2]],[[8991,11146],[3,-23],[-3,-10],[-7,-4],[-13,-17],[-16,-1],[-21,-7],[-12,-10],[-6,-11],[-13,-14],[-19,-9],[-14,-18],[-3,-9]],[[8708,11003],[1,3],[13,6],[12,12],[7,3],[10,13]],[[7906,10888],[8,2],[19,-2],[12,2]],[[7945,10890],[4,-4],[-5,-13],[-15,-6],[-15,-27],[-4,-2],[-6,-16],[-12,-1],[-14,-8]],[[7855,10745],[-28,-19],[-7,-15],[4,-8],[-6,-6],[2,-10],[-4,-4],[-21,13],[-29,14],[-5,7],[-16,4]],[[8991,11146],[24,-12],[-2,-31],[10,-8]],[[9218,10675],[7,-3],[7,-10],[15,-7],[5,-9],[19,5],[11,-5],[17,-1],[12,-5],[16,0],[5,-12],[18,-7],[8,2],[25,-14],[14,7],[7,6],[16,-6],[12,1],[12,-7],[15,-3],[15,2]],[[9474,10609],[2,-14],[9,0],[11,-5],[26,0],[11,5],[5,-6],[-19,-18],[-3,-10],[6,-10],[2,-14],[36,-4],[3,-7],[-6,-10],[9,-9],[2,-7],[-13,-16],[-12,-19],[5,-9],[-1,-7],[-14,-4],[-25,-13],[-1,-17],[-9,-15],[-16,0],[-3,-9],[-8,-4],[-1,-8],[-7,-10],[-25,-2],[-13,-8],[-16,-5],[-5,-5],[-27,-17],[-26,-14],[-28,-10],[-44,4],[-14,-7],[-19,-13],[-3,-4],[-44,-23],[-2,-15],[-13,-12],[-6,-9]],[[9178,10229],[-4,0],[-13,-14],[-14,-8],[-13,0],[-13,-11],[-16,-3],[-19,11],[-16,1],[-5,-3],[-33,10],[-7,0],[-17,5],[-32,14],[-4,15],[6,10],[-7,7],[1,14],[-5,9],[-25,23]],[[8942,10309],[-1,18],[-8,9],[4,9],[-3,5],[6,14],[-4,5],[-21,12],[-6,14],[-18,11],[0,9]],[[8891,10415],[8,17],[2,13],[18,10],[16,4],[-3,12],[3,10],[12,10]],[[7871,10616],[-11,3],[-20,0],[-11,-12],[-11,8],[-14,-10],[-15,-2]],[[6830,10263],[0,9],[6,20],[-4,9],[18,10],[7,9],[2,16],[9,11],[-4,8],[7,14],[-5,13],[1,11],[9,4],[10,-2]],[[7044,10413],[-9,-2],[-11,1],[-12,-6],[-3,-12],[-11,-12]],[[8391,11219],[11,9],[11,2],[2,11],[-4,4],[10,6],[14,-10],[13,4],[8,-6],[17,3],[0,9],[18,-6]],[[8491,11245],[-1,-11],[18,-2],[-9,-11],[-21,-8],[0,-10],[31,-21],[7,-7],[-11,-9],[-18,-19],[-13,-8],[4,-12],[-27,-6],[-1,-4]],[[8381,11094],[-2,3],[-29,10],[-7,5]],[[7257,10292],[13,5],[8,6],[37,7],[15,-4],[5,-8]],[[7335,10298],[32,5],[13,-6],[16,1],[10,-5],[9,2],[3,-8]],[[7418,10287],[-12,-11],[-3,-12],[-16,-12],[-38,-22],[-9,-9],[-9,-14],[-5,-16],[4,-12]],[[7330,10179],[-6,3]],[[7324,10182],[-12,6],[-29,-7],[-14,1],[-20,-6],[-6,-6],[-25,-7],[-2,-10],[4,-6],[-13,-18],[-9,1],[-13,-10],[-1,-6],[-10,-4],[-9,-9],[-5,4],[-2,14],[-10,-4],[-24,-6],[-20,2],[-3,4],[-18,1],[2,7],[-17,17],[-11,3],[-7,-4],[-14,16]],[[7036,10155],[17,5],[5,6],[18,6],[19,3],[6,10],[27,18],[-2,4],[12,8],[12,13],[1,6],[-7,14],[3,16],[-3,4]],[[7678,11300],[-2,-12],[-20,-9],[-5,-11],[-1,-18],[-9,-7],[-5,-11],[-12,-8],[3,-10],[7,-7],[2,-10],[-4,-8],[-11,-3]],[[7621,11186],[-11,-2],[-17,8],[-17,-9],[-9,1],[-5,-7],[-15,3],[-11,-13],[-4,-23],[2,-6]],[[7534,11138],[-14,4],[-6,-2],[-15,7]],[[7499,11147],[-2,12],[-8,8],[6,9],[8,24],[-7,8]],[[7496,11208],[6,2]],[[7587,11086],[-9,-9],[-19,7]],[[7559,11084],[-18,7],[2,7],[-2,11],[-21,5],[1,10],[13,14]],[[7621,11186],[16,-9],[13,-14],[12,-4],[11,9],[9,-6],[-1,-16],[1,-12],[-7,-6],[1,-6]],[[7376,9888],[-5,2],[-8,12],[6,8],[-3,5],[7,9],[13,7],[-2,5],[17,19],[37,22],[4,13],[12,5],[0,11]],[[7454,10006],[11,-2],[35,3],[6,-13]],[[7506,9994],[8,-12],[13,5],[41,-12],[7,0],[9,-11],[8,-4],[9,-12],[3,-12],[1,-27],[9,-4]],[[8162,11250],[-17,-14],[-18,8],[-12,-13],[7,-18],[-12,-10],[-1,-31],[2,-8],[-10,-20],[-12,-6],[-6,2]],[[8083,11140],[-7,5],[-18,-1],[-8,3],[-7,-3],[-14,-1],[-8,-9],[-10,-6],[0,-8],[-7,-3],[0,-8],[-6,-4],[-12,2],[-8,5]],[[7978,11112],[-1,10],[-26,16],[0,6],[-7,12],[-12,9],[-3,11],[-13,7],[-13,2],[-19,-3],[-20,20]],[[7864,11202],[2,12],[-2,9],[3,8],[-2,10],[-10,-6],[-17,5],[-6,-1],[-16,11],[-9,8],[-14,-4],[-10,6],[-25,3],[-4,12],[-9,6],[-2,10]],[[7827,11392],[11,19],[36,-4],[12,7]],[[7886,11414],[10,-9],[-3,-13],[2,-14],[7,-4],[2,-12],[-3,-13],[4,-3],[0,-12],[-5,-5],[2,-17],[4,-4],[-2,-13],[7,-4],[11,22],[20,4],[10,7],[-1,11],[11,5],[22,-3],[5,4],[22,0]],[[8011,11341],[14,4],[30,4],[12,6],[10,0],[17,-16],[15,-3]],[[8109,11336],[0,-4],[16,-7],[13,-3],[7,-5],[9,-1],[15,-5],[3,-4],[-17,-5],[1,-15],[6,-24]],[[8081,11583],[-11,-19],[0,-13],[-14,-13],[3,-9],[-8,-11],[8,-7],[3,-18],[-7,-7],[-17,4],[-8,-9],[-9,-3],[2,-18],[-13,1],[-15,-3],[-1,-9],[-16,-4],[-2,-8],[-16,-18],[-9,-2]],[[7951,11417],[-15,4],[-7,12],[-18,10],[3,3],[-10,8],[-1,9],[-6,6],[-11,-2],[-12,3]],[[7874,11470],[-6,13],[3,9],[-14,12],[-1,10],[-6,5],[2,17]],[[7852,11536],[24,23],[13,1],[10,11],[10,5],[8,10],[6,1],[22,24]],[[7471,10122],[12,-14],[12,-6],[12,-10],[2,-9],[6,-4],[-1,-9],[7,-5],[14,-22],[-1,-6],[-12,-7],[-7,-21],[-9,-15]],[[7454,10006],[2,10],[-7,8],[-7,14],[-2,12],[2,23],[-6,7],[-8,0],[-15,7],[1,7],[-9,3],[-10,18],[1,8],[-8,14],[-4,13]],[[9795,10744],[-23,-114],[-41,-199]],[[9731,10431],[-29,-141],[-25,-117],[-1,-3]],[[9676,10170],[-19,-52],[-20,16],[-6,-1],[-29,14],[1,7],[-7,5],[-7,-5],[-6,10],[-9,7],[-7,0],[-2,7],[-10,3],[-8,8],[-14,1],[-19,9],[-18,6],[-18,1],[-16,3],[-10,5],[-7,-4],[-13,3],[-15,6],[-22,1],[-50,9],[-37,16],[-8,2],[-45,-4],[-9,1],[-18,-6],[-7,2],[-22,-5],[-12,-7],[-9,1]],[[9474,10609],[5,24],[8,23],[10,9],[7,0],[15,8]],[[7773,10316],[24,8],[24,18],[13,1],[15,-2]],[[7849,10341],[12,-1],[19,-13],[5,-9]],[[7439,11984],[4,-5],[-1,-9],[22,-6],[1,-7],[-16,-3],[-3,-5],[16,-9],[5,-1],[-6,-18],[-7,-3],[4,-11],[-15,-5],[-4,-8],[2,-7],[-8,-4],[5,-9],[4,-14],[-11,-13],[6,-7],[-2,-4],[-20,-9],[-10,2],[-3,-8],[-11,-6],[1,-7],[-11,-15],[-10,-7],[-15,-16],[-2,-18],[4,-14],[-9,-13]],[[7111,10770],[11,-13],[8,-1],[32,-19],[19,-4],[22,3],[11,6],[19,3],[7,3],[26,4]],[[7266,10752],[-6,-11],[-2,-25],[3,-15],[13,0],[-8,-17],[-7,-6],[-4,-9],[-10,-12],[1,-4],[-10,-11]],[[7374,11221],[10,-3],[19,-2],[10,3],[11,10],[11,-4],[22,19],[18,-8],[-4,-10],[1,-14],[24,-4]],[[7499,11147],[-14,-14],[-11,3],[-41,-2],[-3,3],[-37,1],[-39,-2],[-6,2]],[[8552,10336],[6,-1],[6,-13],[14,-4],[-5,-14],[1,-8],[6,-5],[-2,-7]],[[7266,10752],[3,16],[8,0],[28,13],[-1,17],[6,18]],[[7310,10816],[7,0]],[[7412,10442],[-14,-6],[-13,-16],[-16,-3],[-10,-8],[-16,15],[6,18],[-31,-4],[-6,-41]],[[7312,10397],[-17,-2],[-8,4],[-9,-2],[-29,8],[-12,2],[5,9],[-7,16],[-8,2],[-2,16],[-9,17],[6,13],[-2,7],[6,15],[4,42],[5,4],[6,21],[6,10],[3,24]],[[7036,10155],[-6,4],[-18,-14]],[[7012,10145],[1,14]],[[7013,10159],[-12,13],[-23,-2],[-9,4],[-3,7],[-14,-2]],[[6952,10179],[7,9],[1,12],[-33,7]],[[7016,10318],[12,0]],[[7734,10605],[2,-5],[-4,-11],[10,-9],[-4,-5],[5,-12],[1,-18],[-10,-12],[4,-6]],[[7589,10608],[9,6],[8,10],[6,12],[12,-12],[24,13],[23,8]],[[8245,11370],[-8,1],[-25,-19],[-24,-2],[-23,3],[-8,4],[-31,3],[-15,-12],[-2,-12]],[[8011,11341],[-1,7],[-7,9],[-32,15],[-1,8],[-12,11],[-12,6],[5,6],[-7,5],[7,9]],[[7780,11095],[9,6],[12,2],[6,-7],[14,-8],[28,-3],[6,-9],[13,-6],[4,-7],[13,-7]],[[7885,11056],[-2,-8],[-7,-2],[0,-9],[-10,-6],[9,-17],[0,-8],[-7,-3],[-10,-9]],[[6972,10871],[4,6],[12,6],[13,16],[0,10],[-5,14],[7,4],[18,-7],[4,1],[9,12],[-4,7],[-9,3],[0,10],[12,19],[-2,10],[-25,20]],[[7006,11002],[0,7],[8,11],[20,13],[7,0]],[[7289,10927],[-10,-8],[1,-22],[-7,-17],[1,-10],[13,-12],[9,-28],[9,-14],[5,0]],[[7448,11003],[14,8],[7,0],[11,9],[-1,11],[4,7],[8,0],[6,8],[24,21],[12,5],[4,-5],[15,-9],[7,26]],[[8475,11103],[10,2],[6,6],[9,-4],[9,4],[5,7],[0,8],[9,14],[11,2],[3,6],[12,12],[16,-7],[27,-5],[17,-7],[17,-17],[5,-3]],[[7744,10373],[-9,4],[-1,13],[6,4],[3,21],[-8,16],[8,14],[-4,7],[0,13]],[[7771,10476],[12,5],[-4,17],[1,11],[15,5],[35,0],[1,-5],[11,-11],[22,-3],[13,-7],[2,-8],[-8,-18],[5,-21],[-15,-19],[0,-7],[-7,-11],[1,-11],[-4,-11],[5,-18],[-7,-16],[0,-7]],[[7546,10291],[-4,6],[-18,5],[-10,0],[-6,9],[-13,13]],[[7495,10324],[9,9],[20,39],[6,7],[9,21],[17,14],[1,5],[13,20],[12,11]],[[8588,11672],[-9,-14],[-15,-15],[-16,-5],[-24,3],[-5,-2],[-4,-13],[-7,2],[-16,-3],[-7,3],[-8,-5],[-18,-6],[-3,-3]],[[8242,11029],[10,-2]],[[8252,11027],[27,-12],[3,-9],[8,-12],[15,0],[18,-8],[14,-10],[11,-4],[12,-11],[16,-4]],[[7885,11056],[9,4],[-2,7],[4,6],[16,1],[45,18],[14,10],[7,10]],[[8083,11140],[-2,-6],[9,-14],[16,-12],[-11,-16],[-2,-19]],[[8093,11073],[-6,-5],[-18,2],[-5,-10],[0,-14],[-4,-13],[-1,-16],[-8,-16],[-1,-12],[-7,-21],[-6,-2],[-14,-11],[2,-9]],[[8025,10946],[-6,-1],[-10,-10],[-12,-6],[-15,-3],[-20,-10],[-4,-10],[-13,-7],[0,-9]],[[8491,11245],[6,12],[6,0]],[[7738,11149],[1,11],[14,2],[-5,7],[31,21],[12,6],[20,-3],[20,-8],[22,9],[11,8]],[[8525,11509],[-8,-8],[-16,0]],[[8455,11397],[8,7],[16,5],[2,-10],[9,-7],[17,-7],[19,1],[32,-15]],[[8489,11293],[-11,-4],[-12,-8],[-3,16],[-14,3],[-8,16],[-10,1],[-16,11],[-4,8],[1,18],[-6,8]],[[8102,10932],[-16,-1],[-15,8],[-17,-1],[-11,6],[-18,2]],[[8093,11073],[13,-5],[25,-1],[-3,-14],[4,-6],[22,-7],[4,-6],[14,-4],[11,-14]],[[7334,10174],[-4,5]],[[7418,10287],[13,2],[9,3],[22,5],[15,-3],[1,8],[17,22]],[[8999,11218],[15,1],[9,3],[9,-10],[27,-1],[14,4]],[[7312,10397],[8,-5],[-18,-4],[15,-11],[2,-9],[-16,-2],[7,-14],[10,2],[10,-6],[-1,-13],[5,-2],[5,-25],[-4,-10]],[[8252,11027],[3,8],[7,2],[-3,11],[13,7],[12,-1],[10,-5],[6,-14],[-4,-6],[9,-7],[17,4],[5,8],[11,4],[3,11],[-5,1],[-9,18],[4,7],[10,-3],[9,5],[27,10],[4,7]],[[7637,11561],[7,6],[10,-1],[6,-5],[-1,-7],[6,-14],[23,-4],[15,-6],[4,-7],[26,2],[13,17],[12,4],[20,-10],[4,-6],[15,1],[3,14],[11,3],[25,-6],[3,-4],[13,-2]],[[7874,11470],[-5,-1],[-9,-14],[1,-13],[-5,-8],[9,-10],[21,-10]],[[7356,11020],[0,-8],[6,-22],[26,3]],[[4685,12263],[-11,-8],[3,-18],[-15,-13],[3,-8],[-7,-19],[8,-11],[-4,-8],[-13,-6],[-17,-19],[-14,0],[-18,-6],[-21,-3],[-12,1],[-8,-2],[-7,-10],[-5,-14],[-7,-3],[0,-19],[-7,-8],[-14,2],[-6,6],[-10,-3],[-21,7],[-8,-10],[-9,-3],[-16,-11],[-9,1],[-13,-14],[-12,-9],[-23,-2],[-25,-14],[-11,-12],[2,-6],[-9,-5],[-8,-9],[-6,-11],[12,-2],[0,-16],[-19,-9],[-3,-9],[4,-11],[-6,-10],[16,-4],[-10,-8]],[[4329,11927],[-10,8],[-10,11],[-11,3],[-8,-6],[-6,-10],[4,-12],[-6,-5],[-13,0],[-13,-6],[-13,0],[-12,-4],[0,-9],[-5,-11],[-18,-5],[-16,12],[-12,-7],[-13,-2]],[[4167,11884],[-25,-6],[-9,0],[-18,7],[-4,7],[-21,0],[-20,-11],[-25,-29],[-16,3],[-10,-8],[-7,1],[-6,-7],[-8,3],[-15,-5],[-3,4],[-19,9],[-6,-6],[-8,-14],[-11,3],[-10,-1],[-7,-8],[0,-11],[-17,1],[-9,-6],[-18,-6],[1,9],[-17,14],[-2,8],[-25,6]],[[3832,11841],[14,25],[12,11],[-21,7],[-16,0],[-13,-6],[3,-12],[-8,0],[-35,15],[-28,-5],[-8,6],[-14,-2],[-19,1],[-13,5],[-10,0],[-11,-7],[-25,4],[-14,-1],[-4,-7],[-11,1],[-10,-3],[1,-6],[-7,-6],[0,-7],[-11,-3],[-20,0],[-10,7],[-3,8],[-16,3],[-7,5],[-10,-2],[-6,4],[-14,0],[-9,-4],[-10,5],[-12,-2],[-20,-16],[-15,2],[-9,-3],[-4,-6],[-12,1],[-19,7]],[[3388,11860],[-5,4],[-1,24],[-2,12],[5,3],[-14,12],[-7,3],[-3,7],[-13,-1],[-7,6],[-15,3],[-6,6],[-8,-2],[-5,14],[-11,5],[-4,15],[5,13],[-12,10],[2,16],[-4,14],[8,8],[-2,8],[-9,3],[-5,22],[5,5],[-11,21],[-10,15],[-2,13],[-5,8],[3,10],[-1,13],[-10,9],[3,10],[-4,17],[-8,0],[-16,12],[-10,-3],[-21,19],[-11,0],[-11,-6],[-10,-2],[1,11],[-19,12],[-2,22],[-10,15],[-16,6],[-6,23],[-6,3],[-24,5]],[[3074,12303],[6,2],[18,19],[-6,24],[0,7],[9,19],[32,7],[2,16],[4,14],[16,6],[16,-2],[7,8],[9,1],[11,13],[9,4],[4,9],[-4,5],[7,15],[5,5],[-6,10],[8,19],[-8,16],[-16,-3],[-5,3],[-15,-1],[5,20],[14,9],[0,7],[34,36],[8,10],[0,4],[10,7],[15,-1],[15,-5],[7,-6],[12,-4],[13,-16],[11,-8],[10,1],[14,-3],[12,-12],[13,1],[17,-20],[33,6],[19,-5],[8,3],[19,2],[6,-4],[11,13],[16,7],[15,14],[9,1],[9,10],[9,0],[15,12],[18,7],[4,11],[-3,14],[4,4],[-5,9],[13,9],[-2,5],[19,14],[12,-6],[10,9],[10,-7],[12,2]],[[3772,12463],[0,-12],[-25,-7],[-18,-2],[-1,-6],[-11,-4],[-3,-10],[-6,-6],[-15,3],[-3,-5],[-14,-7],[-25,-5],[-17,0],[-4,-4],[-13,1],[-22,10],[-17,11],[-9,0],[-10,-7],[-6,6],[-12,-4],[-10,-10],[-17,-5],[-15,7],[-17,1],[-5,8],[-35,10],[-15,0],[-11,11],[-13,-10],[-15,-22],[-20,-16],[-15,-15],[6,-5],[-2,-13],[-9,-17],[-16,-13],[3,-10],[-4,-14],[-5,-11],[15,2],[3,9],[24,-2],[11,-7],[18,4],[2,-12],[11,1],[20,-13],[-6,-5],[7,-9],[10,-6],[6,4],[17,-5],[-5,-13],[8,-5],[-16,-4],[-11,5],[-10,-2],[4,-6],[-12,-18],[6,-16],[-13,-8],[9,-9],[1,-39],[2,-9],[15,-7],[11,-12],[16,-8],[13,-3],[10,-11],[9,-15],[13,0],[13,-7],[9,0],[-5,-17],[10,-1],[11,-9],[19,-5],[15,9],[14,-4],[5,7],[17,-1],[23,8],[17,-1],[5,-4],[18,0],[0,4],[31,14],[13,4],[13,-2],[16,-7],[6,11],[9,6],[6,16],[10,2],[-7,10],[-10,8],[16,3],[24,-8],[12,1],[6,-4],[8,6],[37,12],[24,-1],[12,13],[28,6],[14,5],[30,3],[4,16],[-8,10],[6,5],[13,0],[25,8],[8,7],[5,8],[8,5],[9,1],[26,8],[2,6],[-11,1],[8,11],[11,4],[9,10],[-8,18],[8,2],[7,-5],[9,0],[15,-5],[30,8],[20,-1],[15,4],[7,5],[1,6],[7,5],[11,14],[14,4],[23,-2],[27,23],[13,7],[21,4],[13,15],[11,4],[27,16],[15,14],[8,4],[4,11],[7,4],[16,4],[6,4],[16,4],[6,9],[10,3],[11,8],[14,3],[11,13],[-2,12],[6,9],[12,9],[20,9],[10,1],[5,11]],[[3176,15036],[-9,-10],[-10,-4],[-12,7],[-2,11],[-10,4],[-34,30],[-51,-73],[-1,-4],[-51,3],[-10,-2],[-5,6],[-11,2],[-13,-3],[-13,-6],[-4,10],[-15,-8],[-12,-12],[-16,-8],[-24,2],[-13,-2],[-10,6],[-7,-3],[-19,0],[-10,5]],[[2814,14987],[-3,5],[-10,3],[-12,-16],[-11,5],[-23,-1],[3,9],[-8,3],[-6,8],[-15,7],[-9,26],[8,23],[4,24],[-17,11],[-5,13],[10,12],[-6,17],[-18,8],[-13,17],[-13,12],[-1,10],[-14,13],[-5,12],[-10,5],[3,13],[-19,2],[-19,-2],[-21,-7],[-16,2],[2,10],[-5,24],[-9,6],[-1,6],[17,4],[8,10],[5,20],[-5,21],[6,8],[14,-6],[17,10],[10,0],[1,11],[-6,16],[17,-5],[23,3],[-5,10],[-8,3],[-10,15],[8,8],[-9,17],[-6,4],[0,11],[12,7],[15,1],[12,-10],[8,1],[14,-8],[7,9],[-4,20],[10,11],[7,3],[0,-18],[21,-11],[3,-6],[-3,-11],[15,-14],[16,-3],[7,-9],[5,-14],[18,-7],[4,-10],[7,0],[13,-10],[1,-6],[12,-1],[3,-10],[10,-6],[6,-13],[-3,-12],[7,-11],[6,-3],[-10,-23],[6,-6],[29,-13],[11,-24],[17,-7],[52,-23],[26,-10],[30,-6],[10,1],[18,-17],[27,-6],[15,-6],[2,-15],[13,-11],[9,-1],[2,-5],[-9,-9],[8,-11],[8,-3],[3,-7],[21,-13],[1,-8],[11,-13],[18,-5],[-3,-9]],[[3388,11860],[-7,-5],[-4,-13],[-2,-17],[3,-3],[-8,-16],[4,-13],[0,-11],[-8,-5],[-1,-10],[-5,-21],[-2,-35],[-2,-21],[2,-7],[-2,-21],[0,-14],[15,-2],[10,-6],[-1,-14],[9,-8],[-3,-12],[6,-1],[20,18],[8,14],[1,9],[7,6],[1,9],[9,7],[5,26],[5,6],[-3,6],[8,6],[8,14],[16,6],[20,-8],[12,-22],[0,-26]],[[3509,11676],[-10,-31],[3,-4],[-7,-6],[-7,-23],[-6,-10],[-5,-14],[12,-4],[15,-11],[9,-1],[7,-10],[1,-7],[14,-7],[-1,-4],[6,-11],[-8,-8]],[[3532,11525],[-25,-22],[-2,-7],[-8,-10],[-6,-19],[-19,-12],[6,-8],[-5,-11],[-7,-2],[-3,-14],[-8,-6],[0,-14],[-8,-4],[-9,5],[-13,0],[-9,3]],[[3416,11404],[1,9],[-9,8],[-4,14],[-17,-1],[-23,11],[-8,-17],[-15,-6],[-5,7],[-12,-3],[4,-8],[-5,-4],[4,-9],[-10,1],[4,15],[-9,3],[-4,-11],[-6,-4],[-10,13],[-6,1],[-9,15],[-10,0],[-6,12],[-16,4],[1,8],[9,4],[-5,15],[8,7],[-7,6],[-7,-9],[-17,14],[-12,0],[-6,-7],[-7,4],[-6,-7],[-8,16],[0,16],[-12,-2],[-4,-5],[-10,3],[-1,5],[-20,12],[-16,1],[-4,5],[-10,-4],[-9,7],[-19,-16],[-11,5],[-5,-12],[-14,0],[-17,4],[-11,11],[-17,-6],[-2,-10],[-17,-3],[-21,10],[-10,2],[-4,10],[-12,11],[-19,0],[-3,5],[-12,0],[-1,11],[-6,4],[-24,5],[-11,13],[-5,11],[1,14],[16,6],[12,2],[4,15],[-11,10],[-2,7],[-11,6],[-8,9]],[[2862,11667],[-1,12],[11,2],[14,-1],[11,-5],[10,1],[10,11],[8,-3],[10,8],[19,-1],[13,10],[-3,10],[10,20],[-2,9],[-11,11],[-3,10],[7,14],[28,22],[-8,18],[5,15],[-18,11],[0,5],[-12,10],[2,4],[-5,9],[-13,3],[-2,6],[3,11],[-2,7],[-9,4],[6,20],[9,17],[14,6],[10,-3],[12,4],[32,1],[3,4],[-6,37],[-10,-1],[-4,11],[2,9],[-4,14],[6,4],[8,12],[12,5],[7,9],[15,4],[8,8],[17,0],[6,16],[-4,6],[-8,4],[-7,11],[-10,5],[-17,-2],[-18,5],[-4,5],[-16,2],[-16,12],[-7,-1],[-4,-8],[-12,-4],[-10,1],[-9,10],[-12,2],[-6,-3],[-17,3],[-4,7],[12,4],[10,8],[-7,11],[-10,8],[1,13],[-5,10],[-9,1],[-8,8],[-12,1],[-45,18],[-1,9],[6,3],[1,14],[5,3],[1,11],[-7,11]],[[2828,12265],[8,11],[3,11],[11,6]],[[2850,12293],[14,-6],[20,-2],[23,-1],[11,-2],[16,1],[7,-4],[20,4],[19,24],[12,7],[18,2],[10,-6],[5,-9],[6,-1],[14,6],[14,0],[15,-3]],[[4167,11884],[0,-6],[-13,-18],[1,-9],[8,-18],[-6,-9],[-27,-10],[-8,-13],[-15,-13],[5,-19],[8,-6],[-3,-19],[4,-10],[9,-8],[-9,-5],[-19,8],[-14,-1],[-15,-4],[-8,2],[-8,-8],[-21,3],[-12,-6],[-20,6],[-11,-6],[-8,2],[-15,-16],[-9,-2],[-15,0],[-7,-3],[1,-10],[6,-9],[21,-2],[8,-16],[13,-12],[-2,-9],[2,-7],[-3,-14],[0,-9],[12,-1],[15,-7]],[[4012,11600],[-14,-11],[-11,-29],[-14,-2],[-7,-8],[-14,-1],[-7,-6],[-16,2],[-9,8],[-12,0],[-3,4],[5,13],[-12,5],[-20,1],[-9,2],[-27,0],[-15,2]],[[3827,11580],[-4,20],[-18,31],[1,8],[33,13],[8,7],[-16,2],[-24,12],[-16,14],[16,2],[-1,19],[-16,5],[3,15],[-8,7],[8,8],[-6,10],[3,13],[11,30],[16,8],[9,10],[-3,6],[9,21]],[[4934,11740],[-15,-4],[-12,-1],[-19,5],[-15,-12],[-12,-6],[-31,-5],[-22,-17],[2,-6],[8,-5],[6,-30],[-6,-8],[-2,-10],[5,-16],[-11,-15],[-2,-11],[-4,-4]],[[4804,11595],[-17,3],[-19,-8],[-7,-15],[-7,-9],[-13,-1],[-21,-5],[-8,0],[-16,-11],[-5,4],[-19,-1],[-13,-10],[-4,0],[-11,16],[-10,-1]],[[4634,11557],[-8,-1],[-6,-9],[-17,-4],[-3,-12],[-8,-3],[-16,-19],[-17,-5],[-4,-13],[-15,6],[-9,-3],[-10,3],[-16,-2],[-7,-3],[-15,1],[-15,-5],[-16,-17],[-26,-7],[-14,-1],[-9,4],[-22,7],[-8,15],[-3,13],[-3,3],[-19,-2],[-13,-9],[-10,1],[-10,-15],[-19,-1],[-13,11]],[[4283,11490],[-11,9],[-2,19],[7,10],[-10,2],[-9,6],[-19,5],[10,14],[9,5],[7,9],[15,11],[14,-17],[30,-7],[23,-1],[3,7],[9,1],[9,8],[16,3],[12,-1]],[[4396,11573],[3,3],[-6,13],[-8,6],[6,6],[3,22],[16,4],[8,15],[1,12],[7,8],[2,30],[20,6],[8,-2],[13,9],[9,14],[15,2],[11,6],[11,17],[1,6],[41,11],[10,-3],[20,-1],[9,7],[9,1],[12,6],[7,20],[-1,9],[24,4],[13,12],[26,6],[9,10],[24,13]],[[4719,11845],[10,5],[9,-2],[11,7],[15,4],[7,5],[-4,7],[2,6],[10,4],[22,2],[5,2]],[[2828,12265],[-27,-17],[-9,-1],[-9,5],[-20,-10],[-7,4]],[[2756,12246],[-4,14],[-10,6],[-5,9],[-7,2],[3,15],[-1,12],[-8,10],[-15,3],[12,-24],[1,-25],[1,-6],[-9,-3],[-8,15],[-5,4],[5,6],[-8,8],[-8,13],[1,6],[-25,22],[-25,17],[-22,13],[-27,21],[1,4],[-14,14],[-6,1],[-4,10],[-13,5],[-2,11],[-9,5],[-7,9],[-1,7],[-9,7],[-7,22],[-9,1],[-2,9],[7,23],[8,9],[1,13],[8,21],[0,28],[3,3],[-6,22],[18,-17],[3,-7],[19,-3],[15,3],[13,-11],[6,-15],[26,-27],[17,2],[6,7],[1,13],[-10,5],[28,27],[5,6],[-8,10],[4,13],[6,11],[4,28],[-2,6],[8,3],[7,11],[-1,11],[-16,16],[-22,-1],[-4,8],[-11,8],[-14,0],[0,9],[12,6],[6,-4],[17,-4],[14,9],[14,-9],[8,1],[13,6],[6,7],[-7,7],[-13,20],[-13,4],[4,7],[10,-3],[6,3],[6,14],[-7,7],[3,9],[16,2],[2,17],[-14,10],[1,10],[18,8],[5,10],[10,3],[4,21],[7,10],[5,12],[6,2],[1,8],[-9,17],[-24,19],[-10,2],[-9,-4],[-9,6],[-10,-2],[-8,7],[6,13],[-19,15],[-14,5],[-13,7],[0,19],[-8,4],[-4,10],[14,4],[2,7],[-5,9],[-12,1],[3,9],[7,7],[-7,8],[-14,6],[-9,1],[-15,-8],[-5,3],[3,10],[-14,7],[-20,6],[-16,0],[-16,-3],[-25,-7]],[[2509,13095],[12,9],[8,9],[15,6],[1,14],[10,2],[5,7],[24,9],[6,4],[-6,7],[8,13],[8,8],[10,0],[13,6],[17,14],[15,5],[18,2],[11,7],[9,10]],[[2693,13227],[15,0]],[[2708,13227],[14,-6],[7,-9],[15,-12],[9,-3],[18,-13],[12,-6],[7,-1]],[[2790,13177],[-14,-11],[-20,2],[-23,7],[-9,-7],[-11,-22],[-19,-13],[-20,-1],[-15,-5],[-7,-12],[7,-11],[12,1],[17,-5],[-5,-14],[10,-5],[-1,-10],[-7,-6],[7,-12],[-9,-10],[-9,-2],[-2,-19],[2,-13],[39,-3],[14,-8],[2,-18],[5,-6],[10,-2],[6,4],[11,-3],[-6,-17],[15,2],[7,-8],[2,-10],[6,-6],[0,-8],[11,-7],[-5,-15],[-13,-25],[-7,0],[-5,-8],[4,-5],[-6,-12],[12,-7],[-7,-4],[4,-9],[17,-10],[-4,-11],[-16,-2],[1,-6],[11,-5],[10,-18],[-3,-4],[-23,3],[-12,-6],[-4,-7],[17,-16],[13,-5],[-2,-13],[14,-9],[15,-12],[13,-4],[-7,-5],[1,-10],[-5,-4],[9,-13],[-18,-3],[-12,-5],[0,-11],[-4,-7],[4,-11],[10,-9],[-10,-6],[-6,-9],[-17,-4],[-3,-9],[25,-16],[2,-13],[11,-2],[14,7],[8,-1],[18,1],[8,-5],[15,0],[21,-3],[17,-17],[10,-7],[14,-3],[-15,-9],[-6,-9],[-7,-18],[19,-5],[5,-12],[-3,-10],[6,-11],[1,-6],[12,-10],[11,-3],[-1,-17],[-8,-12],[-34,-6],[-9,-4],[-17,-16],[-12,-19],[-11,-7],[-9,-1],[-7,-9],[-11,-3],[-4,-6],[7,-10],[-8,-18],[8,-3],[8,3],[18,-4],[4,-7],[-4,-17],[-8,-2]],[[3416,11404],[-12,9],[-17,1],[-12,-1],[-22,4],[-15,-7],[-1,-7],[-7,-7],[-18,3],[-7,-8],[-15,-3],[-3,-4],[6,-9],[-1,-9],[3,-9],[-9,-11],[-32,-1],[-13,-10],[0,-18],[-11,-5],[-9,2],[-18,0],[-2,-8],[-12,-4],[2,-20],[-9,-2],[-12,5],[-14,1],[-9,6],[-1,6],[-11,10],[-4,11],[-13,0],[-2,-10],[-10,-6],[-7,3],[-9,14],[-9,-5],[0,-5],[-6,-14],[-9,-6],[-22,-7],[-6,-15],[11,-6],[-6,-9],[-14,-3],[-12,1],[-6,-14],[4,-19],[-9,-9],[2,-7],[-8,-17],[-3,1],[-24,-7],[-29,-1],[-6,13],[-14,-3],[-2,-6],[-9,-9],[-14,-6],[0,-9],[9,-7],[5,-14],[8,-16],[-1,-12],[4,-10],[-18,-8],[0,-14],[7,-8],[9,-1],[4,-8],[-14,-2],[-12,-4],[-28,4],[-10,-4],[-9,4],[-5,-3],[-10,-13],[7,-19],[7,-2],[13,6],[3,8],[23,-3],[8,-10],[10,-3],[13,5],[11,7],[7,14],[8,8],[-2,9],[23,4],[41,-3],[16,2],[5,13],[9,3],[14,18],[8,3],[12,-2],[18,-14],[7,-8],[23,-2],[19,-9],[4,-8],[9,-2],[14,-7],[-5,-6],[-4,-13],[-14,0],[-22,-12],[-15,-11],[-18,-8],[4,-6],[-3,-11],[-9,-8],[22,-11],[5,4],[20,-9],[2,-9],[14,2],[14,10],[11,0],[1,6],[-8,18],[4,10],[14,8],[18,1],[15,-11],[7,5],[9,-2],[6,-8],[18,7],[27,-18],[14,2],[6,-5],[26,-4],[15,-9]],[[3342,10962],[11,-17],[-7,-7],[6,-5],[-7,-5],[-11,-21],[-19,0],[-9,-17],[19,-11],[20,-8],[24,-2],[12,1],[16,-14],[9,-3],[2,-9],[-20,-18],[11,-14],[1,-6],[9,-8],[0,-7],[-31,-12],[-9,-6],[-16,11],[-13,-1],[-9,-6],[-19,-28],[-16,-5],[-28,0],[-5,-5],[6,-8],[-5,-6],[-19,-7],[-12,-9],[-14,0],[2,-7],[-10,-1],[-5,-7],[4,-10],[13,-9],[-16,-5],[-6,-10],[0,-9],[-12,-15],[-10,5],[-21,-3],[-1,-8],[-8,-17],[-8,-10],[0,-6],[-16,-3],[-16,-7],[-10,-2],[-4,-15],[-12,-10],[3,-4],[-1,-15],[-15,-10],[-1,-7],[-12,-8],[2,-15],[-16,-9],[-1,-5],[9,-8],[5,-10],[34,-5],[10,4],[10,-1],[11,-7],[24,-2],[17,7],[14,3],[2,7],[22,2],[4,5],[31,-8],[6,-9],[-11,-12],[-9,1],[-7,-4],[1,-15],[-11,-7]],[[3204,10428],[-13,1],[-13,9],[-14,5],[-19,-2],[-7,2],[-9,-4],[-2,-9],[4,-19],[-4,-4],[3,-14],[-12,-1],[-15,12],[-21,-9],[-9,1],[-15,-5],[-16,-3],[-7,2],[-5,9],[-7,3],[-8,-5],[-17,0],[-7,-4],[-16,9],[-4,20],[-7,-2],[-9,11],[-21,12],[-6,8],[-9,-2],[-13,5],[-4,8],[5,9],[-8,8],[-8,-1],[-1,19],[-15,5],[-10,0],[-15,7],[-2,6],[7,8],[-5,8],[-20,7],[-16,-3],[-9,9],[-15,4],[-10,-5],[-12,1]],[[2768,10544],[2,55],[-1,19],[1,40],[6,13],[0,17],[-15,4],[7,11],[-4,39],[1,9],[9,8],[30,-10],[7,8],[-6,3],[-3,10],[-12,19],[7,6],[-19,3],[-11,-7],[-14,2],[-10,-5],[-10,10],[29,19],[-16,10],[-6,-2],[-9,8],[-8,30],[-11,36],[-1,9],[13,8],[-3,8],[-13,6],[4,14],[-7,26],[-12,20],[7,5],[-1,7],[-11,8],[-3,17],[3,10],[-6,54],[-5,63],[2,11],[-6,34],[-4,38],[4,5],[-7,7],[-7,-1],[-8,15],[8,40],[2,32],[-2,42],[4,6],[0,16],[3,6],[-8,37],[-17,8],[2,13],[9,4],[-1,12],[-8,6],[-4,9],[-8,34],[-6,15],[5,10],[11,-10],[12,7],[-1,12],[11,3],[-5,7],[5,8],[0,12],[-16,-4],[-7,2],[-1,12],[-5,2],[-19,-10],[-1,-11],[-7,-1],[-10,6],[2,27],[-5,9],[-30,18],[-22,5],[-14,0],[-26,-14],[-4,-8],[-14,9],[-19,5],[-23,-4],[-13,2],[-11,-1],[-1,9],[12,9],[8,2],[7,9]],[[2444,11665],[13,-5],[9,4],[10,-12],[22,0],[5,8],[-3,9],[18,5],[13,-1],[8,6],[9,-2],[12,6],[6,15],[37,7],[8,-2],[3,15],[15,5],[3,-9],[6,-2],[19,10],[3,11],[7,3],[12,-10],[4,-13],[24,5],[17,1],[8,7],[3,-11],[12,7],[16,1],[16,3],[-4,-15],[11,-2],[8,-17],[11,0],[1,-6],[15,-8],[7,2],[4,-15],[-5,-23],[14,3],[10,10],[7,1],[4,11]],[[2790,13177],[28,7],[16,-1],[5,4],[12,2],[5,9],[14,4],[10,-2],[14,-5],[38,-3],[12,2],[20,-8],[12,2],[8,21],[-2,17],[-3,6],[0,17],[9,8],[9,2],[19,-6],[15,-2],[16,-6],[31,-6],[10,-13],[-2,-13],[10,-4],[14,-11],[-1,-6],[12,-5],[4,6],[9,2],[2,15],[13,1],[11,23],[16,5],[15,1],[23,6],[32,-8],[26,15],[13,4],[12,0],[21,-5],[12,12],[11,6],[12,-1],[13,6],[11,-3],[17,0],[36,16],[26,6],[11,-4],[-4,-6],[-17,-11]],[[3509,11676],[16,-7],[16,-15],[-3,-7],[9,-9],[13,-9],[20,-3],[3,4],[26,-14],[5,-12],[-3,-5],[6,-10],[-2,-5],[26,-8],[19,3],[5,3],[13,-3],[31,-12],[21,-11],[8,-2],[25,11]],[[3763,11565],[6,0],[12,-13],[16,2],[3,-7],[12,1],[9,-9]],[[3821,11539],[-8,-5],[14,-5],[3,-10],[19,-14],[0,-7],[19,-21],[3,-18],[-77,2],[-8,-4],[-8,4],[-22,-7],[9,-6],[18,-5],[10,-6],[2,-6],[12,-12],[22,-3],[3,-4],[11,0],[9,-12],[2,-8],[14,-10],[9,3],[-39,-38],[-48,7]],[[3790,11354],[-77,4],[19,31],[0,10],[-19,0],[-35,-4],[-20,-8],[-16,-4],[-10,0],[-17,-6],[-28,4],[-5,-3],[-17,4]],[[3565,11382],[6,6],[2,15],[11,9],[-10,13],[6,13],[-3,6],[10,4],[4,29],[-6,5],[-10,2],[-11,13],[-5,10],[-21,10],[-6,8]],[[2708,13227],[1,13],[-3,4],[3,13],[11,8],[3,6],[-23,15],[-5,11],[-11,0],[-27,8],[-6,-5],[-11,2],[-8,11],[1,11],[12,21],[-6,9],[-20,11],[31,10],[10,6],[2,22],[20,-1],[21,12],[6,7],[24,11],[0,6],[16,2],[18,14],[16,6],[25,13],[3,4],[-8,8],[4,11],[6,10],[26,4],[24,15],[4,15],[6,3],[4,12],[15,0],[44,21],[22,-1],[16,4],[6,5],[7,0],[2,-11],[13,-14],[11,3],[-2,12],[10,9],[7,2],[24,14],[3,5],[14,8],[23,-2],[13,2],[17,7],[10,7],[11,2],[16,12],[10,11],[-5,9],[-14,5],[-6,9],[-10,2],[-11,10],[54,14],[130,57],[4,13],[-5,7],[-14,6],[-6,7],[6,8],[12,1],[21,7],[12,-4],[13,5],[7,-1],[15,4],[25,0],[15,1]],[[3412,13811],[1,-3],[20,-2],[4,3],[15,0],[10,7],[22,0],[13,6],[2,7],[12,2],[14,-14],[13,5],[19,-2],[-1,10],[8,5],[14,3],[11,-4],[11,7],[8,0],[2,-8],[17,2],[12,-8],[17,2],[8,10],[13,0],[8,11],[11,5],[17,-9],[10,-2],[16,12],[12,-9],[2,-9],[29,10],[17,-7],[11,-6],[7,0],[7,6],[9,2],[2,-12],[8,-12],[-8,-13],[-7,0],[-9,-16],[0,-11],[-12,-10],[-9,-16],[7,-4],[13,6],[6,9],[9,3],[18,1],[-1,10],[8,12],[-3,12],[4,9],[18,7],[12,-6],[16,5],[24,-7],[9,3],[18,-9],[26,2],[7,-14],[10,-13],[4,-54],[-29,7],[-20,3],[5,18],[11,5],[6,10],[-9,9],[-26,4],[-5,-5],[-15,7],[-23,0],[-10,-4],[-21,-5],[10,-14],[-4,-2],[12,-13],[-5,-7],[-13,-7],[1,-12],[-9,-6],[8,-7],[16,-4],[12,2],[9,-7],[0,-8],[30,-9],[26,-5],[10,-5],[4,-10],[13,0],[20,8],[25,2],[4,7],[20,5],[2,-11],[5,-6],[14,-10],[2,-5],[-4,-18],[24,-5],[12,-9]],[[4012,11600],[16,-3],[15,6],[3,10],[24,3],[9,-3],[15,1],[7,8],[13,-4],[10,7],[14,0],[12,3],[9,-8],[18,0],[3,5],[11,7],[1,15],[3,6],[13,7],[-1,-10],[13,-1],[21,-11],[-8,-9],[21,-7],[5,4],[10,-7],[11,2],[7,-6],[11,-3],[0,-11],[4,-8],[20,5],[14,-3],[23,-11],[12,2],[9,-6],[16,-7]],[[4283,11490],[-9,-5],[-3,-10],[-19,2],[-8,-4],[-21,9],[-13,-1],[-7,-4],[-25,-2],[-29,-11],[-12,1],[-8,-11],[-3,-13],[-9,-1],[-13,-14],[-11,-7],[-7,1],[-10,-15],[-11,2],[-3,-7],[-34,-10],[-23,-9],[-40,7]],[[3965,11388],[3,8],[-9,26],[-7,3],[-4,14],[9,6],[-2,8],[-13,6],[3,9],[-6,21],[-22,-9],[5,12],[-7,12],[-19,14],[-11,3],[2,9],[-13,0],[-18,5],[-21,10],[-14,-6]],[[3763,11565],[12,6],[44,8],[8,1]],[[4471,11212],[-15,3],[-13,-2],[-25,3],[-18,-7],[-21,-16],[-27,2],[-20,-1],[-25,-9],[-8,-6],[-15,2],[-29,8],[-1,-7],[-13,-8],[6,-21],[4,-6],[2,-21],[-17,-20],[-13,-6],[-3,-8]],[[4220,11092],[-7,-6],[-13,1],[-26,-6],[-7,-6],[1,-10],[-8,-3],[-5,-9],[-12,-1],[-12,-8],[-20,1],[-9,5],[-13,1],[-5,5],[-17,8],[-9,0],[-15,5],[-11,0],[-16,-5],[-10,-6],[-29,1],[-25,8],[-12,-1],[-7,-12],[-29,-8],[-12,4],[-1,9],[-6,5],[-35,-11],[-10,1],[-19,-3],[-17,1],[-18,-3]],[[3786,11049],[-16,5],[0,7],[-11,-1],[3,10],[-6,5],[11,5],[15,17],[20,14],[-1,7],[-16,5],[17,4],[-1,4],[12,12],[-3,5],[6,10],[11,4],[1,22],[8,7]],[[3836,11191],[9,-6],[10,-1],[22,4],[15,-5],[10,0],[15,-5],[17,3],[10,-7],[30,0],[5,9],[14,1],[6,6],[20,3],[11,7],[15,0],[14,3],[6,9],[13,-2],[-7,12],[-3,15],[10,-1],[19,10],[6,-2],[32,0],[8,-13],[14,-6],[21,-3],[3,10],[11,13],[22,5],[13,-21],[15,-6],[1,-14],[-7,-5],[18,-6],[7,7],[20,2],[14,4],[25,-8],[19,1],[17,10],[12,15],[3,15],[20,4],[10,7],[-2,16],[-5,6],[-12,3],[0,5],[-26,12]],[[4356,11297],[27,5],[6,8],[9,3],[15,-1],[13,-7],[11,-16],[15,-5],[7,-10],[4,-16],[11,-21],[1,-15],[-4,-10]],[[4719,11845],[-13,11],[-14,-1],[-23,6],[-9,5],[-8,10],[-11,1],[-13,-8],[-7,-7],[-16,0],[-6,5],[-15,-2],[-7,3],[-29,-2],[-9,7],[-4,8],[2,7],[-9,12],[-28,2],[-7,5],[-11,0],[-18,6],[-21,-2],[-10,-9],[-20,2],[-13,-6],[-19,-3],[-5,4],[-15,-2],[-2,8],[-11,-3],[-19,13],[0,12]],[[3204,10428],[16,-4],[7,-9],[-16,-7],[0,-5],[25,-14],[11,-3],[6,10],[16,2],[13,-2],[4,-8],[7,2],[7,-6],[25,-6],[5,2],[-1,10],[16,-5],[9,4],[17,-4],[7,-9],[16,0],[5,-11],[14,10],[6,-6],[7,5],[7,-4],[13,4],[6,11],[6,-4],[-7,-9],[9,-3],[13,2],[0,7],[12,-3],[7,12],[7,-9],[10,0],[2,-14],[29,1],[18,5],[6,-10],[7,6],[14,6],[0,-9],[11,4],[15,0],[17,5],[6,-8],[-8,-3],[-2,-10],[8,0],[1,-13],[30,-4],[3,8],[-3,12],[30,0],[5,-7],[18,4],[22,-5],[19,-8],[4,-12],[10,-7],[20,-2],[2,6],[20,-2],[9,13],[13,3],[2,-10],[19,1],[10,-7],[13,-3],[21,0]],[[3900,10318],[12,-9],[9,-22],[17,-16],[0,-7],[17,2],[20,-2],[4,-3],[27,3],[12,3],[13,-2],[14,1]],[[4045,10266],[21,-8],[12,-7],[7,-16],[-7,-12],[5,-15],[9,-8],[9,-14],[11,-3],[5,-19],[24,-10],[6,-10],[16,-2],[11,-4],[8,3],[18,-4]],[[4200,10137],[6,-24],[8,-6],[4,-17],[-1,-18],[-6,-17]],[[4211,10055],[-7,-20],[-16,-16],[-8,-12],[-9,-21],[-10,-8],[-19,-19],[-6,-14],[-8,-7]],[[4128,9938],[-17,-1],[-7,3],[-18,2],[-1,-6],[-9,-3],[-8,-7],[-3,-10],[-7,-2],[2,-17],[-2,-7],[6,-10],[-9,-5],[-10,1],[-17,-7],[3,-12],[-9,-10],[-14,-2],[-24,-16],[-12,0],[10,9],[-2,15],[-13,12],[-9,-3],[-13,8],[-23,9],[-15,-8],[-27,-13],[-10,-14],[-11,-9],[-21,-7],[-10,-8],[-18,4],[-13,11],[-20,4],[-38,1],[-19,4],[-5,8],[-15,2],[-16,-5],[-10,9],[-19,7],[-12,10],[-12,-5],[-13,-2],[-18,7],[-9,13],[3,12],[-8,4],[-35,2],[-7,-6],[-9,-3]],[[3535,9897],[-13,3],[-9,9],[1,7],[-18,12],[1,7],[-15,15],[-15,-1],[0,11],[-9,3],[-10,-4],[-4,10],[1,8],[-18,6],[-6,6],[-9,-1],[-12,8],[-12,2],[-8,8],[-26,-1],[-10,3],[-14,-9],[-17,7],[-16,-22],[-7,-7],[-18,6],[-11,-8],[-17,-4],[-3,7],[-17,-2],[-19,8],[-9,-7],[-10,4],[-2,8],[-16,6],[-6,13],[-16,-6],[-13,-11],[-26,10],[-5,10],[11,10],[-21,14],[-8,15],[-15,4],[-15,19],[-10,8],[-15,1],[-35,-14],[-27,1],[-7,-13],[-9,-7],[-12,0],[-12,10],[-18,12],[-13,12],[-4,18],[4,24],[-2,12],[-7,5],[-16,0],[-18,-8],[-10,-8],[-11,-18],[3,-19],[-7,-13],[-28,-15],[-20,8],[-19,19],[-20,9],[-17,1],[-17,-6],[-19,-15],[-3,-10],[-21,-11],[2,-13],[-7,-4],[-17,-1],[-30,-5],[-24,3],[-11,-11],[-2,-10],[4,-9],[15,-14],[5,-9],[-1,-12],[-11,-21],[-14,-21],[-8,-21]],[[2565,9908],[-12,10],[-15,20],[-32,37],[-10,6],[-27,7],[-5,9],[-24,16],[-2,21],[4,25],[-3,28],[3,4],[-12,11],[10,40],[1,28],[17,26],[26,17],[25,0],[3,-7],[-13,-19],[-17,-9],[24,-7],[15,9],[13,3],[26,11],[4,7],[21,3],[11,-3],[12,4],[6,7],[9,1],[1,7],[-8,4],[-42,11],[-12,-1],[-1,6],[27,-2],[13,5],[14,13],[12,18],[11,11],[19,13],[14,16],[15,14],[5,-4],[-8,-9],[-2,-8],[17,4],[-2,11],[7,11],[0,6],[12,10],[6,11],[9,2],[10,13],[-2,4],[-15,-4],[6,13],[2,15],[8,37],[3,26],[4,11],[7,0],[20,11],[-3,12],[-16,1],[-3,3],[7,28],[10,12]],[[3342,10962],[25,9],[2,4],[14,7],[8,0],[16,10],[2,8],[17,8],[7,10],[34,-6],[16,-17],[18,-1],[-2,7],[7,5],[-2,8],[11,15],[-3,16],[4,6],[13,7],[26,18],[-1,10],[-17,7],[8,6],[44,15],[9,7],[1,5],[-12,7],[28,22],[21,9],[-5,7],[-16,3],[-6,11],[3,9],[7,4],[2,7],[18,6],[2,4],[-8,11],[6,3],[-1,11],[12,10],[-2,10],[-19,1],[-8,5],[-7,-6],[-8,4],[-16,2],[-8,5],[-6,-3],[-7,8],[5,6],[-10,6],[-15,15],[0,14],[-4,4],[8,13],[-2,9],[-5,2],[3,9],[-2,17],[18,11]],[[3790,11354],[-7,-9],[8,-14],[8,-7],[26,-3],[4,-3],[0,-11],[-7,-14],[16,-4],[3,-6],[11,2],[14,8],[30,8],[7,10],[12,7]],[[3915,11318],[8,-9],[10,-4],[-4,-7],[10,-7],[8,5],[8,-6],[13,5],[7,6],[16,4],[12,5],[14,11],[21,5],[2,5],[12,6],[8,8],[7,2],[4,-13],[-3,-13]],[[4068,11321],[17,-5],[0,-12],[-11,-5],[-4,-14],[-15,-7],[-9,-1],[-8,-9],[-11,-4],[-32,2],[-13,-4],[-9,6],[-6,-3],[-19,3],[-27,-19],[-25,-30],[-6,-4],[-11,11],[-17,2],[-17,-3],[-18,-13]],[[3827,11212],[-9,-10],[-19,10],[-7,-4],[-10,2],[-25,-11],[-22,-17],[-14,-18],[-15,-8],[-4,-10],[14,-9],[1,-17],[-2,-7],[-17,-10],[-12,-18],[3,-13],[14,0],[9,11],[27,-13],[-10,-13],[-7,-5],[-17,-6],[-11,0],[-12,5],[-14,-2],[-13,-10],[-16,-7],[-16,5],[-14,12],[-12,-3],[6,-16],[-13,-12],[-12,-5],[-7,-11],[-41,-11],[1,-11],[4,-4],[-4,-7],[-9,1],[-10,-7],[2,-8],[-6,-11],[-9,-8],[-1,-7],[17,-16],[11,1],[-9,-18],[-4,-13],[-1,-22],[-10,-15],[-2,-15],[21,-19],[0,-11],[-8,-9],[0,-12],[18,-9],[5,-10],[-14,-4],[-7,-6],[6,-9],[-3,-8],[7,-10],[1,-12],[-6,-6],[-18,-4],[-7,4],[-7,13],[-8,4],[-10,1],[5,-14],[-6,-6],[-17,-4],[-10,-6],[-15,6],[-6,-1],[-10,9],[-18,2],[-9,-11],[-20,-5],[-1,-3],[9,-24],[-8,-8],[13,-3],[6,-7],[-7,-6],[5,-12],[10,-8],[14,-5],[13,-17],[16,-15],[25,0],[17,-2],[5,14],[21,6],[5,-8],[12,-1],[10,-8],[10,9],[15,-6],[10,8],[10,0],[3,-7],[11,-2],[4,-7],[13,4],[9,-6],[19,0],[4,-7],[16,-1],[14,-9],[10,-9],[-1,-6],[13,-17],[38,-2],[3,4],[16,-5],[16,-3],[17,-9],[-3,-3],[28,-5],[5,-8],[8,-3],[-1,-9],[7,-5],[-3,-7],[9,-3],[2,-9],[13,-11],[16,-5],[15,3]],[[3875,10451],[-23,-8],[1,-10],[-12,-3],[-9,-6],[1,-5],[-6,-10],[16,-5],[8,-9],[0,-7],[8,-10],[3,-8],[12,-8],[-2,-9],[11,-8],[2,-13],[10,-2],[5,-12]],[[2509,13095],[-20,-7],[-16,-10],[-1,-13],[-7,-6],[6,-18],[-15,4],[-3,5],[-13,-5],[-19,15],[4,12],[-6,10],[9,14],[-9,18],[-8,4],[-7,10],[4,8],[-8,10],[2,5],[-17,18],[-6,3],[3,11],[-7,2],[-4,9],[4,5],[-8,12],[-17,10],[-1,7],[-9,10],[-17,8],[-6,7],[-28,15],[-30,13],[-13,1],[-16,5],[-9,0],[-7,19],[-17,2],[-19,-6],[-7,-29],[1,-10],[-10,-3],[-10,16],[-10,31],[-7,5],[0,8],[5,6],[1,17],[6,9],[12,2],[2,15],[-5,5],[4,10],[11,2],[12,7],[5,9],[15,-7],[14,7],[9,16],[-2,18],[-9,20],[-18,21],[-11,10],[-2,10],[-15,2],[-38,29],[-49,30],[-1,5],[-14,4],[-34,25],[-4,9],[-11,15],[-15,13],[-23,7],[-26,-2],[-25,22],[-2,16],[-11,7],[-14,-3],[0,11],[-14,1],[-7,5],[-3,11],[-11,1],[-10,6],[-5,8],[96,188],[53,102],[8,4],[22,-4],[13,1],[3,-4],[22,11],[16,-3],[3,8],[13,2],[16,17],[18,14]],[[2135,14055],[6,-7],[4,-14],[-4,-12],[11,-8],[-5,-11],[-14,-7],[0,-12],[-23,-7],[-8,5],[-12,-5],[1,-7],[7,-11],[9,-1],[2,-14],[-9,-12],[0,-7],[-7,-6],[5,-9],[-1,-8],[11,-5],[4,-13],[5,-6],[-2,-19],[11,-3],[0,-10],[11,-15],[11,-5],[-1,-16],[5,-11],[8,-4],[22,-5],[2,-11],[-3,-14],[4,-4],[0,-13],[14,-8],[7,-18],[21,1],[10,-3],[17,2],[17,-17],[26,-5],[8,5],[10,-2],[16,-18],[10,-20],[1,-8],[-11,-11],[-19,-6],[5,-13],[-3,-19],[4,-5],[-5,-16],[4,-8],[-3,-5],[6,-13],[30,-22],[2,-12],[-2,-14],[5,-5],[-9,-7],[-3,-10],[5,-9],[17,-8],[6,-9],[6,-2],[5,-13],[-6,-13],[1,-8],[-5,-9],[-2,-14],[-14,-3],[-16,-17],[0,-6],[-8,-5],[3,-7],[14,-1],[11,-21],[4,-14],[11,-4],[0,-10],[11,-11],[9,1],[11,-7],[-1,-12],[13,-6],[4,-11],[-13,-13],[-2,-6],[11,-12],[1,-9],[17,-9],[-3,-4],[-10,-29],[-15,-1],[3,-9],[1,-21],[10,-9],[-10,-10],[4,-9],[34,4],[-1,7],[6,7],[17,8],[18,3],[17,0],[2,10],[-5,9],[11,8],[-3,10],[16,10],[-1,6],[11,13],[2,12],[11,7],[27,-5],[6,-5],[12,5],[6,-5],[14,-2],[6,3],[17,1],[5,5],[12,-3],[17,-11],[20,-1]],[[3786,11049],[7,-13],[8,1],[-1,-9],[4,-8],[10,-7],[-1,-14],[-5,-4],[12,-16],[-9,-16],[3,-5],[-10,-9],[-9,6],[-16,-9],[-13,1],[-12,-25],[-8,-6],[-14,-4],[-16,6],[-13,-2],[-15,-12],[0,-5],[-14,-12],[-8,-2],[-11,-9],[10,-16],[0,-13],[-9,-1],[-10,-9],[-1,-18],[-14,0],[-11,-3],[-7,-6],[9,-4],[4,-17],[-10,-8],[-13,1],[-14,8],[-12,3],[-7,-4],[-8,-10],[6,-4],[-6,-13]],[[3562,10762],[7,-16],[-1,-13],[11,-12],[14,-4],[0,-20],[2,-15],[18,-23],[-2,-17],[15,-12],[16,3],[4,-11],[10,-8],[18,1],[15,-8],[19,-17],[23,-3],[22,-6],[21,-5],[15,-11],[8,-10],[1,-18],[12,-7],[3,-7],[13,-4],[9,-8],[-2,-8],[5,-7],[14,-5],[-1,-9],[17,-9],[-4,-9],[11,-13]],[[3827,11212],[4,-5],[-1,-9],[6,-7]],[[4220,11092],[12,-4],[7,-10],[3,-12],[8,-5],[-16,-16],[15,-18],[0,-8],[10,-14],[-2,-6],[-15,-11],[-19,-3],[-7,1],[-21,-7],[-20,-2],[-5,-9],[-1,-9],[7,-11],[-7,-9],[-1,-17],[-4,-6],[-13,-6],[-9,-1],[-16,-9],[1,-15],[-11,-23],[2,-19],[-9,-10],[2,-17]],[[4111,10816],[-30,-5],[-6,-5],[-15,-24],[-1,-5],[-18,-16],[-2,-9],[-18,-19],[-10,-6],[-14,-12],[-3,-19],[-6,-6],[5,-11],[6,-6],[-10,-4],[-6,3],[-13,-1],[-22,-14],[-14,2],[-24,-10],[-9,3],[-14,11],[-5,10],[-13,8],[-8,8],[-14,3],[-6,11],[-19,8],[-8,13],[-16,5],[-14,-1],[-10,-4],[-21,-2],[-17,6],[-23,-2],[1,11],[-7,10],[-15,3],[1,9],[-15,10],[-22,-1],[-17,7],[-39,-4],[-10,9],[-13,1],[-15,-19]],[[3412,13811],[7,5],[5,21],[-3,6],[12,26],[0,5],[14,5],[30,2],[8,5],[9,1],[1,10],[-8,4],[-18,5],[-11,0],[-16,14],[-21,9],[-1,4],[-35,3],[-15,-1],[-23,3],[-10,8],[-3,15],[-7,3],[-10,-2],[-4,5],[-25,11],[-7,11],[1,14],[8,3],[51,3],[14,-1],[34,9],[14,11],[29,0],[12,6],[15,16],[15,7],[4,-3],[14,13],[-5,5],[8,9],[-15,5],[3,7],[-10,2],[-1,6],[-11,2],[-13,-2],[-14,-5],[-7,1],[-10,7],[-3,9],[-8,2],[-22,-1],[-12,11],[-12,3],[-12,18],[-10,5],[-5,5],[-24,9],[-16,-1],[-3,-9],[-12,-6],[-12,5],[-12,-3],[-12,0],[-6,-4],[-20,2],[-37,-7],[-19,-7],[-33,12],[-5,8],[-22,13],[-1,18],[6,21],[-1,9],[-6,13],[-10,10],[-4,10],[2,21],[-8,22],[0,14],[-5,20],[6,13],[11,13],[0,11],[-7,10],[0,16],[9,1],[17,-4],[9,7]],[[2444,11665],[2,10],[9,4],[15,15],[-4,11],[7,20],[-1,11],[7,13],[-3,12],[12,12],[-1,4],[13,12],[7,-3],[1,-7],[25,-6],[22,4],[28,13],[16,13],[13,7],[27,5],[2,-3],[27,0],[1,-7],[15,-13],[11,-3],[22,2],[31,12],[14,14],[5,11],[-4,6],[3,5],[10,0],[7,5],[0,8],[8,4],[19,6],[26,25],[10,14],[18,11],[6,6],[13,23],[2,14],[-1,17],[-4,23],[18,-8],[9,8],[-5,4],[-4,14],[-9,-5],[-7,4],[-5,12],[-10,14],[-16,13],[0,13],[-5,9],[-18,0],[0,13],[-11,6],[5,6],[-2,8],[-14,7],[-3,16],[-7,7],[-5,14],[8,4],[-3,13],[-13,15],[-6,2],[2,11],[-17,27],[-6,24]],[[4068,11321],[5,0],[10,12],[7,-7],[17,6],[18,-2],[15,-10],[7,3],[2,12],[9,15],[-2,6],[-11,7],[0,8],[16,-5],[13,2],[9,-4],[7,2],[13,-7],[5,13],[8,1],[7,6],[21,-3],[22,1],[6,-1],[14,5],[8,-2],[2,-14],[-1,-12],[-3,-6],[4,-12],[8,-5],[7,-17],[24,-2],[9,-8],[12,-6]],[[2135,14055],[14,12],[-2,14],[-11,8],[-1,8],[-7,4],[-5,12],[-8,11],[-4,9],[-10,4],[-3,10],[-7,13],[3,18],[-18,4],[-3,12],[6,11],[6,4],[0,14],[-9,9],[8,28],[-1,10],[11,8],[13,2],[-2,10],[13,1],[18,-5],[21,1],[10,-10],[8,-3],[10,1],[9,-6],[5,-11],[13,-6],[14,-3],[6,-8],[8,-2],[4,-21],[9,-13],[7,-18],[7,-5],[0,-12],[9,-11],[2,-8],[23,-21],[-1,-14],[6,-11],[27,-12],[1,-11],[10,-9],[13,1],[12,-9],[11,6],[10,9],[13,5],[1,8],[14,11],[8,3],[14,23],[-4,5],[6,7],[15,4],[17,-8],[20,-1],[6,2],[3,10],[-9,7],[5,12],[12,13],[6,14],[9,9],[8,2],[5,11],[0,9],[-8,9],[5,7],[25,2],[9,-2],[10,15],[9,23],[16,11],[9,2],[4,7],[-1,17],[10,7],[6,-2],[14,3],[4,8],[4,20],[6,14],[12,-2],[13,6],[-5,7],[11,1],[20,-2],[25,-7],[9,5],[0,10],[5,6],[-9,13],[-11,7],[-2,10],[-11,3],[-4,14],[-8,8],[-1,11],[11,0],[7,9],[8,-1],[6,10],[14,11],[-8,5],[1,6],[9,10],[20,11],[-3,12],[21,2],[22,8],[5,8],[9,-3],[24,0],[10,7],[27,7],[22,-2],[3,3],[18,-1],[8,-4],[12,0],[11,7],[19,-4],[10,4],[18,-6],[18,5],[5,6],[11,7],[-11,6],[-8,-1],[0,9],[-15,15]],[[3009,14603],[8,-7],[23,-4],[13,-6],[8,1],[14,-4],[16,-17],[18,-6],[8,10],[25,-8],[8,-8],[5,-11],[13,-9],[-19,-25],[32,-37]],[[4471,11212],[14,0],[4,-3],[20,0],[17,-5],[3,12],[14,4],[7,16],[16,13],[36,1],[0,6],[11,11],[16,2],[8,-3],[39,1],[14,15],[23,-4],[18,2]],[[4731,11280],[13,-13],[10,-5],[11,1],[13,-7],[12,2],[18,-6],[3,-6],[11,-3],[0,-8],[15,-8],[7,0],[5,-9]],[[4849,11218],[3,-18],[-5,-5],[0,-13],[-13,-8],[-2,-12],[3,-12],[-6,-6],[0,-10],[-7,-9],[0,-8]],[[4822,11117],[-24,-6],[-9,-14],[4,-25],[-6,-12],[3,-8],[10,-16],[1,-21],[-3,-4],[5,-15],[-10,-6],[0,-14],[-13,-18],[-16,0],[-13,-3],[-15,1],[-1,-7],[26,-16],[-5,-15],[-14,-12],[-9,-10],[2,-9],[-12,-7],[-1,-7]],[[4722,10873],[-3,-3]],[[4719,10870],[-9,-4],[-26,-2],[-25,-5],[-13,0],[-13,-4],[-32,1],[-15,-10],[-6,-13],[-11,-10],[-27,-10],[-22,1],[-6,-8],[-20,-20],[-17,-5],[-16,-10],[-26,-11]],[[4435,10760],[-19,3],[-17,-1],[-21,8],[-9,-1],[-8,-8],[-29,1],[-11,-4],[-9,4],[-15,2],[-10,-5],[-12,-1],[-20,6],[-12,-2],[-24,-2],[-16,4],[-17,-4],[-10,6],[-6,8],[-13,0],[-20,16],[-21,18],[-5,8]],[[4435,10760],[8,-3],[4,-9],[11,-6],[15,-16],[6,-11],[-5,-11],[-15,-5]],[[4459,10699],[0,-15],[-6,-11],[4,-3],[-7,-9],[4,-15]],[[4454,10646],[-20,-30],[-12,-12],[3,-8],[-5,-10],[-11,-6],[-10,-16],[-16,-5],[0,-14],[5,-3],[-6,-7],[-21,-4],[-39,1],[-5,-2],[-1,-12],[-31,-15],[15,-8],[6,-8],[18,-9],[-1,-3],[13,-18],[13,-5]],[[4349,10452],[-6,-4],[-23,4],[-7,-4],[0,-10],[-15,-9],[-10,1],[-14,-10],[3,-7],[-17,-9],[-1,-6],[-19,1],[-6,-8],[-23,-2],[-8,-8],[-13,-4],[-21,-9],[-12,-9],[-34,-2],[-22,-12],[-18,1],[-15,-4],[-7,-5],[-21,6],[-9,-18],[-2,-13],[-5,-6],[8,-11],[8,-5],[8,-10],[-3,-14]],[[4634,11557],[1,-21],[-6,-5],[-2,-12],[-6,-9],[3,-7],[-11,-5],[5,-7],[-9,-13],[8,-13],[0,-19],[14,-10],[4,-12],[22,-18],[1,-17],[6,-4],[-1,-13],[16,-7],[2,-8],[11,-7],[9,0],[13,-9],[3,-15],[-3,-19],[7,-4],[10,-23]],[[3915,11318],[7,-6],[23,-4],[8,7],[10,-1],[21,9],[4,6],[-18,14],[14,12],[-1,15],[-6,10],[-12,8]],[[3009,14603],[12,5],[13,12],[-2,4],[-25,10],[-10,8],[-9,0],[-13,13],[-5,0],[-15,10],[-7,9],[3,5],[-11,7],[-10,-4],[-8,3],[14,10],[-1,6],[-9,19],[7,12],[-1,8],[11,3],[3,19],[-12,14],[0,4],[-13,19],[-3,10],[13,10],[-9,6],[-24,9],[-8,1],[-4,12],[9,2],[2,16],[-8,17],[-13,5],[2,13],[-4,9],[-13,0],[-19,8],[2,10],[-12,11],[-5,10],[6,15],[-11,4],[-10,10],[2,10]],[[3176,15036],[5,-8],[1,-8],[15,-9],[1,-6],[15,-6],[1,-5],[18,-13],[6,-18],[7,-5],[28,-3],[45,3],[19,3]],[[6354,8332],[1,9],[10,6],[5,15],[-7,10],[-23,3],[-12,0],[-10,8],[14,6],[-10,15],[-11,6],[3,10],[14,3],[3,7],[-11,8],[-24,5],[-2,7],[-7,1],[-25,11],[-12,15],[1,6],[-14,14],[-26,-1],[-11,-4],[-12,2],[-8,-3],[-16,2],[-16,6],[-28,3],[-4,4]],[[6116,8506],[0,21],[-6,6],[1,9],[-6,2],[7,9],[-7,4],[0,12],[-13,4],[1,12],[-8,5],[3,18],[11,10],[0,11],[-10,-5],[-15,2],[-22,46],[-8,6],[-4,7],[6,15],[-10,13],[-29,3],[-3,-4],[-25,5],[-6,-1],[-26,11],[-11,-1],[2,25],[-26,15],[-17,5],[-9,7],[-11,-30],[1,-7],[-5,-20],[-23,-14],[-1,-7],[-7,-2],[-9,-9],[-12,2],[-7,6],[-24,-3],[-1,12],[-15,1],[-6,-3],[-17,5],[-18,-2],[-12,1],[8,16],[-4,6],[9,8],[0,8],[-24,4],[-2,10],[-20,12],[0,7],[-11,7],[-7,1],[-22,-8],[-16,-10],[-15,-15],[-1,-9],[-8,-18],[0,-6]],[[5606,8721],[-9,12],[-20,5],[-7,16],[12,15],[17,18],[3,12],[9,4],[14,1],[10,8],[1,16],[9,7],[-14,8]],[[5631,8843],[14,11],[9,15],[-1,6],[9,20],[9,13],[5,0],[11,10],[12,6],[22,18],[30,-2],[14,-3],[30,2],[13,22],[14,1],[8,-9],[22,10],[9,-6],[13,-2],[19,4],[15,6],[9,-4],[19,5],[2,5],[18,7],[0,5],[13,9],[13,1],[5,-10],[21,21],[24,-7],[6,-8],[-10,-11],[-17,-11],[-23,-24],[-5,1],[-21,-22],[-11,-16],[-14,-32],[-18,-32],[1,-6],[-6,-8],[12,-4],[2,-9],[-8,-13],[31,2],[3,-4],[12,0],[10,-5],[8,4],[10,-10],[-2,-10],[7,-5],[9,4],[19,2],[-3,-10],[9,2],[-2,-17],[9,-7],[12,-1],[15,2],[9,-3],[2,-8],[8,-3],[14,2],[27,14],[8,37],[15,9],[4,22]],[[6154,8819],[18,-6],[-9,-7],[3,-5],[-1,-14],[-4,-2],[2,-12],[20,-18],[15,-1],[8,-4],[2,-11],[-7,-14],[-19,-11],[9,-8],[7,3],[24,-3],[17,-11],[11,-4],[6,-13],[17,-6],[3,-5],[10,-3],[7,-7],[10,-1],[10,4],[9,-3],[13,8],[26,-2],[16,3],[27,-7],[2,-18],[8,-21],[13,-26],[7,-2],[24,2],[13,8],[14,4],[9,-7],[16,-2],[1,5],[10,3],[16,-13],[7,2],[12,-6],[21,-4],[13,3],[7,-5],[7,3],[20,-6],[13,5],[5,-4],[-4,-10],[5,-3],[-10,-12],[8,-13],[9,-2],[8,3],[16,-5],[10,2]],[[4669,6971],[22,12],[13,4],[8,-2],[9,15],[22,7],[5,5],[5,11],[18,5],[11,7],[-19,9],[8,25],[7,7],[-13,5],[-7,12],[2,6],[9,2],[1,8],[15,16],[22,4],[39,11],[8,11]],[[4854,7151],[11,-1],[14,7],[22,-2],[9,12],[13,7],[13,14],[-10,18],[12,12],[16,8],[4,5],[-1,12],[4,4],[14,2],[5,10],[-1,12],[5,6],[9,-1],[16,7],[1,7]],[[5010,7290],[19,3]],[[5029,7293],[4,-7],[21,-6],[17,8],[25,3],[27,-5],[19,1],[11,-14],[8,-6],[1,-7],[-5,-9],[8,-5],[11,-15],[7,-3],[2,-18],[12,-12],[4,-18],[4,-11],[9,-7],[2,-8]],[[5498,7891],[1,-8],[6,-8],[16,-5],[7,3],[12,-6],[2,-5],[-12,-6],[10,-13],[-10,-5]],[[5530,7838],[-7,-12],[14,-8],[-5,-7],[14,-9],[-18,-7],[-7,-11],[13,-6],[-8,-6],[-1,-15],[3,-21],[-17,-5],[-6,-9],[-11,3],[-2,-9],[-11,-8],[0,-5],[14,-2],[9,2],[3,-10],[-9,-13],[-10,2],[-6,-8],[-18,-8]],[[5464,7666],[-9,3],[-12,-9],[-10,3],[-30,0],[-10,-2]],[[5393,7661],[-5,3],[-10,19],[-10,7],[-18,6],[-1,5],[-14,4],[-7,13],[-6,5],[-22,4],[-5,8],[9,4],[12,-4],[22,0],[13,3],[12,-5],[19,6],[6,5],[-5,5],[-22,3],[-50,-5],[-5,11],[2,9],[-2,14],[4,12],[-1,10],[-9,19],[-13,9],[-7,9],[27,16]],[[5307,7856],[-10,17],[5,8],[-3,17],[10,3],[14,-1],[7,-6],[8,-1],[9,7],[40,-8],[15,5],[34,-23],[16,-13],[9,0],[7,-6],[6,5],[-3,10],[2,10],[25,11]],[[5631,8843],[-5,6],[3,10],[6,7],[-4,8],[14,15],[-3,7],[9,8],[-4,6],[4,15],[-8,4]],[[5643,8929],[3,8],[6,4],[6,12],[16,9],[7,8],[7,1],[13,23],[20,13],[-2,5],[16,13],[-2,13],[-8,6],[14,9],[14,4],[24,-8],[9,5],[8,7],[-1,17],[9,9],[4,9],[8,-4],[11,0],[6,-4],[21,0],[9,3],[9,-11],[22,6],[6,10],[16,13],[10,-3],[17,10],[27,-3],[6,9],[8,5],[-3,11],[11,13],[10,3],[7,-8],[24,3],[4,-7],[16,3],[9,7],[5,13],[14,-5],[8,-11],[10,-2],[0,-5],[27,-12],[13,-8],[15,-1]],[[6152,9121],[2,-4],[12,-2],[4,-8],[11,-4],[9,24],[-3,5],[10,12],[-1,4],[23,14],[10,-5],[16,1],[18,-4],[2,-4],[-1,-26],[26,-6],[19,-1]],[[6309,9117],[-1,-3],[-27,-15],[-15,-14],[-5,-8],[-22,10],[-2,-9],[17,-8],[3,-11],[-27,-2],[-8,-13],[-19,-6],[-4,-6],[4,-12],[-4,-6],[10,-12],[2,-25],[9,-6],[3,-9],[2,-23],[-4,-6],[-8,-1],[-1,-17],[4,-10],[-21,-6],[-26,-12],[-13,-14],[-2,-8],[-11,-5],[-3,-6],[15,-23]],[[6155,8831],[-1,-12]],[[5958,7842],[-11,14],[-3,8],[-9,5],[-3,13],[-11,5],[-19,0],[-12,3],[-5,15],[-10,6],[-14,17],[-1,8],[7,8],[4,20],[12,16],[-4,14],[7,5],[2,7]],[[5888,8006],[19,4],[9,8],[2,9],[12,8],[9,3],[6,10],[18,17],[7,10]],[[5970,8075],[25,8],[6,14],[11,3],[7,13],[8,6],[-3,6],[18,5],[16,-2],[15,10],[18,7],[12,2],[-4,10],[13,10],[8,3],[10,14],[15,7],[11,1],[7,6],[1,7],[27,6],[3,10],[13,0],[28,15],[6,9],[16,1],[7,13],[20,6],[5,5],[17,7],[5,7],[-4,5],[5,8],[-2,11]],[[6310,8308],[12,3],[8,-3],[12,6]],[[5464,7666],[-1,-12],[31,-19],[-10,-12],[-9,-7],[-6,1],[-8,-7],[-17,-2],[-3,-15],[-10,-12],[-3,-9]],[[5428,7572],[-3,-14],[-19,-15],[-19,-9],[-11,-12],[-11,-7],[-1,-7],[-20,-12],[-15,-4],[-3,7],[-11,-5],[-5,-14],[-7,-6],[-7,-19]],[[5296,7455],[-10,-4],[-13,5],[-21,1],[-9,5]],[[5243,7462],[-13,2],[1,20],[-18,20],[-10,0],[-23,16]],[[5180,7520],[20,15],[3,12],[-1,8],[7,6],[3,8],[12,8],[8,0],[47,17],[-1,10],[10,6],[17,1],[13,-2],[1,-7],[12,-9],[8,4],[26,5],[10,16],[-4,19],[16,21]],[[5387,7658],[6,3]],[[6742,9011],[4,-13],[7,-5],[1,-15],[14,-18],[28,-13],[0,-4],[16,-9],[15,-20],[0,-9],[9,-18],[13,-6],[-12,-26],[-7,-4],[12,-16],[12,-4],[3,-8],[7,-4],[13,-1],[9,3],[9,-4],[6,-11],[8,-9],[14,-7],[16,-1],[9,-8],[16,2],[14,-4]],[[6978,8779],[-14,-8],[-9,-9],[-17,-10],[4,-16],[-7,-5],[-15,0],[-4,-3],[-19,0],[-8,-7],[-1,-10],[-9,-3],[-24,-30],[-11,-16],[-9,-7],[-16,1],[-9,-12],[3,-3],[-5,-9],[-8,-5],[-14,2],[-5,-7],[-18,0],[-13,-9]],[[6750,8613],[-12,-1],[-11,12],[-13,8],[-20,2],[-1,29],[4,7],[-5,8],[9,15],[-4,9],[4,8],[-14,9],[-10,-1],[-13,3],[-3,5],[-13,-1],[-22,8],[-4,10],[-11,4],[-21,0],[-14,6],[-10,-1],[-9,4],[-9,-5],[-12,2],[-3,7],[-15,9],[-23,10],[-5,1],[-12,-9],[-8,-17],[-8,2],[-5,-6],[-9,2],[-12,7],[-8,-14],[-17,10],[-6,18],[-7,0],[-14,7],[-17,12],[-16,5],[-23,17],[3,4],[-6,7]],[[6325,8825],[8,17],[9,9],[4,11],[7,5],[11,26],[6,8],[8,1],[51,-10],[11,-7],[7,4],[19,2],[27,12],[14,3],[11,-5],[5,3],[-7,8],[-7,17],[4,13],[14,14],[11,7],[13,19],[13,13],[16,4]],[[6580,8999],[6,-3],[14,-1],[9,8],[17,2],[21,-2],[13,-8],[10,6],[6,-2],[25,7],[8,-4],[15,4],[4,5],[14,0]],[[5970,8075],[-11,9],[1,7],[-4,16],[3,17],[-15,15],[-71,75],[-1,15],[9,6],[3,9],[-5,4],[0,10],[-7,2],[4,10],[-1,7]],[[5875,8277],[-5,16],[4,11],[8,4],[3,7],[-11,10],[19,4],[4,15]],[[5897,8344],[16,1],[11,10],[6,0],[13,-21],[14,3],[15,16],[-1,9],[17,8],[8,15],[18,-1],[29,16]],[[6043,8400],[3,-2],[-1,-14],[11,-11],[12,-21],[17,10],[15,-2],[27,7],[13,1],[16,-7],[15,-1],[6,-3],[14,-17],[19,-10],[7,-2],[15,-12],[15,-9],[-6,-14],[13,3],[20,0],[22,6],[6,-2],[8,8]],[[7553,9551],[-1,-11],[6,-6],[-9,-6],[-10,-16],[-22,1],[0,-11],[-9,-8],[-12,-1],[-6,-6],[-11,-24],[-7,-4],[-15,-1],[-10,6],[-8,-4],[-7,-10],[-10,-8],[-11,-3],[-9,-12],[-8,-19],[-4,-26],[-13,-3],[-7,-11],[5,-9],[-21,-25],[-22,-16],[-22,-24],[-29,-3],[-1,6],[-14,-2],[-2,-6],[-18,-10],[-2,-7],[-18,-20],[-10,-7],[-16,-17],[0,-3],[24,-10],[7,-13],[-1,-7],[-9,-14],[7,-15],[12,-5],[-4,-11],[-25,-16],[-2,-8],[6,-8],[-4,-4],[-16,-4],[-10,-5],[4,-6],[17,-15],[0,-7],[15,-18],[2,-11],[-15,-25],[14,-10],[2,-5],[-17,-4],[-15,-7],[-2,-7],[-8,-4],[-13,-16],[-11,-10],[-2,-9],[-15,-12],[-3,-15],[3,-7],[-1,-9],[-10,-21],[-14,-4],[-24,-12],[-17,-4],[-8,1],[-18,-16],[-8,-23],[-15,-7],[-20,-12],[1,-4],[-5,-13],[-22,-4],[-2,-10]],[[6742,9011],[10,3],[16,13],[10,5],[4,6],[17,10],[0,7],[13,1],[3,4],[28,14],[-3,6],[7,10],[23,16],[7,8],[3,15],[6,1],[11,8],[-5,7],[12,10]],[[6904,9155],[21,9],[11,7],[12,3],[12,11],[20,6],[5,17],[-5,6],[-12,5],[-15,18],[2,6],[-5,11],[13,37],[9,8],[19,2],[18,-5],[14,10],[16,18],[3,13],[-11,5],[-3,16],[-7,7],[5,8],[12,6],[7,14],[13,7],[8,-5],[18,6],[4,13],[-1,10],[5,9],[7,1],[5,11],[21,17],[1,6],[19,2],[10,10],[4,0],[25,7],[21,13],[5,1],[16,16],[16,10],[12,2],[16,12],[3,8],[27,18],[21,17],[7,20],[11,10],[-1,11],[8,13],[10,5],[-1,12],[9,11],[-6,8]],[[5175,7517],[-4,-10],[-26,-15],[-1,-5],[-12,-4],[-3,-9],[-27,-6],[-23,-16],[-9,-3],[-6,7],[-14,5],[-7,-1],[-12,-9],[-22,-6],[-10,-4],[-2,-18],[-27,-12]],[[4970,7411],[-1,6],[-38,-4],[-12,4],[-12,15],[1,5]],[[4908,7437],[15,7],[-1,5],[16,4],[3,8],[-2,5]],[[4939,7466],[14,1],[1,10],[13,1],[11,6],[5,9],[27,13],[0,8]],[[5010,7514],[6,8],[10,3],[20,-2],[10,-12],[8,0],[18,-6],[18,3],[14,-3],[5,10],[6,0],[9,-8],[9,5],[12,11],[20,-6]],[[5626,7481],[-18,5],[-18,-11],[-9,1],[-18,16],[-12,6],[-2,10],[-20,0],[-13,3],[-3,5],[-11,1],[-20,9],[-11,14],[-1,7],[-15,-2],[-7,6],[4,6],[-7,4],[-1,8],[-10,-3],[-6,6]],[[5530,7838],[20,-2],[14,6],[17,4],[21,-6],[21,-7],[17,-11],[11,-18],[14,-3],[13,-8],[19,-4],[10,1],[10,-17],[10,-6],[9,0],[14,5],[12,10],[7,1],[20,-13],[9,0],[10,8],[9,-4],[5,5],[15,-1],[17,12],[12,6],[16,3],[21,9],[9,1],[30,11],[2,7]],[[5498,7891],[13,13],[18,4],[2,8],[13,5],[16,-1],[21,-7],[11,9],[-4,12],[3,11],[8,6],[7,13],[11,5],[11,17],[30,10],[8,6],[-3,7],[-10,6],[5,4]],[[5658,8019],[12,3],[5,5],[-7,14],[-10,9]],[[5658,8050],[18,8],[7,9],[11,-6],[8,5],[-6,8],[0,10],[15,18],[14,3]],[[5725,8105],[-2,-9],[3,-13],[7,-4],[11,3],[8,-5],[10,-2],[10,-10],[-2,-6],[6,-6],[-2,-5],[11,-5],[16,-3],[13,1],[12,-5],[16,3],[17,-8],[8,0],[10,-4],[2,-12],[9,-9]],[[5461,7322],[-14,6],[-8,13],[-7,4],[-2,15],[-26,8],[-2,5],[0,18],[-20,4],[-23,-4],[-7,9],[-18,2],[-14,16],[-3,17],[-9,3],[2,10],[-12,2],[-2,5]],[[5725,8105],[7,3],[-11,7],[4,5],[14,-4],[19,14],[10,-6],[11,5],[-2,7],[-8,4],[8,10],[4,10],[31,1],[-10,12],[-1,11],[15,9],[7,-1],[4,11],[-3,11],[2,8],[9,3],[14,-1],[11,3],[4,6],[-4,9],[2,7],[-5,10],[6,9],[-3,9],[15,0]],[[5260,8408],[134,10],[84,4],[16,-2],[29,-1],[5,-6],[14,-2],[8,-17],[8,-9],[-2,-8],[2,-12],[9,-4],[7,-11],[7,-19],[-5,-13],[4,-21],[21,-7],[9,-6],[17,0]],[[5627,8284],[-6,-16],[-6,-11],[11,-20],[2,-20],[-6,-1],[2,-22],[-4,-4],[-1,-11],[7,-7],[1,-8],[-5,-10],[5,-6],[-1,-15],[6,-10]],[[5632,8123],[-9,-9],[-22,-9],[-19,5],[-19,-2],[-16,4],[-7,6],[0,13],[-9,6],[2,7],[-8,5],[-2,13],[-4,9],[5,5],[2,10],[-2,9],[1,12],[6,19],[-9,0],[-7,12],[-18,-4],[-19,-9],[-14,-4],[-17,-9],[-12,6],[-28,5],[-4,6],[4,6],[2,15],[-5,10],[-13,3]],[[5391,8263],[-23,9],[-6,-2],[-8,6],[-13,4]],[[4356,7789],[-17,-19],[-2,-17],[-7,-13],[2,-14],[-4,-5],[-10,1],[-1,-8],[9,-12],[0,-14],[22,-20],[0,-6],[-17,-17],[6,-5],[10,-2],[4,-10],[-9,-19],[6,-7],[14,-5],[8,-9],[2,-10],[8,-11],[15,-5],[8,-5],[10,3],[14,1],[16,-10],[22,-4],[10,-11],[11,-6],[12,-2],[16,3],[9,-4],[13,-1],[14,-7],[7,-10],[13,-5],[9,2],[14,-6],[15,-4],[20,1],[11,-4],[10,2],[22,-14],[12,-4],[13,-13],[22,1],[13,-4]],[[4731,7461],[-28,-20],[-11,1],[3,-12],[-12,-7],[23,-10],[11,3],[33,-12],[14,2],[10,-4],[2,-14],[-13,-1],[-23,-15],[-15,-1],[-7,-5],[-18,-1],[-5,-10],[5,-7],[-2,-8],[-15,-3],[-5,-15],[3,-3],[-5,-10],[-44,-7],[-3,-2]],[[4629,7300],[-10,2],[-17,-2],[-8,-6],[-14,-4],[-1,7],[-7,4],[-3,12],[-13,2],[-2,6],[-10,-2],[-7,10],[-16,5],[-2,7],[-14,14],[0,8],[-11,3],[-4,10],[-6,7],[1,15],[-3,32],[8,4],[5,10],[12,6],[-1,16],[-6,3],[-3,9],[-17,6],[-8,6],[-19,9],[-5,5],[-13,1],[-8,-4],[-8,6],[-12,3],[-19,11],[-11,9],[1,8],[-4,5],[-20,3],[-21,10],[-4,10],[-14,11],[-1,8],[8,5],[-4,12],[-11,6],[-9,10],[-10,21],[-11,8],[-1,9],[-13,3],[-14,13],[1,17],[9,6]],[[4606,7702],[9,-6],[0,-13],[13,-4],[11,-14],[12,0],[-3,-7],[8,-6],[17,0],[6,-4],[28,0],[17,18],[12,5],[8,10],[12,1],[7,-5],[19,4],[7,4],[12,-1],[3,8],[12,0],[19,5],[8,-2],[22,3],[5,-1],[27,4],[13,-8],[10,-1],[20,13],[21,2],[8,17],[12,12],[-1,4],[15,8],[9,-5],[-4,-7],[4,-10],[12,-2],[9,9],[3,9],[6,6],[31,17],[30,7],[11,0],[7,4],[18,1]],[[5131,7777],[-13,-13],[-2,-8],[-18,-19],[-16,-10],[-2,-6],[11,-9]],[[5091,7712],[-20,-12],[-1,-3],[-20,-11],[-18,-7],[-23,-3],[-14,-7],[-9,-19],[6,-5],[1,-7],[-11,-5],[-10,-10],[-22,-11],[-12,-10]],[[4938,7602],[-7,-6],[-28,-16],[-8,2],[-15,-5],[-15,0],[-11,-4],[-6,4],[-20,1],[-15,9],[-22,-5],[-13,-1],[-16,12],[-3,15],[-6,6],[-16,6],[-11,0],[-25,-14]],[[4701,7606],[-2,-9],[-13,-1],[-14,2],[-6,7],[0,12],[-7,4],[-20,0],[-19,6],[-6,19],[-10,9],[-25,14],[-15,4],[-51,7],[-10,6],[-29,11],[-2,6],[-22,11],[-15,3],[-15,10],[-11,13],[-13,4],[-11,7],[-7,17],[-9,5],[-3,8],[-10,8]],[[5210,8015],[-2,-14],[19,-11],[1,-6],[13,-10],[9,-1],[0,-15],[-7,-25],[-15,-15],[2,-10],[-4,-18],[5,-2]],[[5231,7888],[-6,-7],[-8,-1],[-5,-9],[-3,-14],[-19,-2],[-18,-7],[-10,-12],[-10,-2],[-16,2],[-12,8],[-5,-3],[-12,-13],[12,-3],[5,-8],[-5,-11],[-17,-5],[-3,-10],[12,-5],[9,3],[8,-1],[3,-11]],[[5391,8263],[-4,-7],[-10,-6],[-1,-9],[-21,-13],[-3,-8],[-8,-5],[-1,-10],[7,-5],[9,-1],[20,-10],[3,-20],[-38,-2],[1,-3],[-16,-18],[4,-2],[-3,-14],[3,-9],[0,-34],[-5,-12],[-11,-10],[-1,-9],[-11,-4],[-15,-11],[-4,-6]],[[5286,8035],[-14,0],[1,5],[-19,5]],[[4939,7466],[-23,7],[-27,5],[-13,0],[-22,10],[-5,4],[-19,6],[-16,-9],[-7,-2],[-18,1],[-9,9],[-10,2],[-4,8],[6,7],[-12,12],[0,15],[8,5],[-1,15],[2,11],[-22,16],[-5,8],[-18,-1],[-4,5],[-19,6]],[[4938,7602],[21,-3],[14,2],[5,-4],[15,0],[2,-19],[7,-3],[-8,-15],[-12,-16],[9,-10],[7,-14],[12,-6]],[[5286,8035],[17,-10],[34,-8],[17,-8],[10,-3],[8,6],[11,-10],[14,4],[5,-7],[15,3],[2,6],[14,-8],[7,10],[9,7],[17,1],[4,-5],[10,-2],[3,5],[12,-8],[-4,-9],[5,-3],[12,4],[3,-17],[11,1],[17,12],[6,-7],[-12,-2],[-1,-8],[20,-1],[17,6],[10,-4],[13,5],[16,13],[0,9],[11,7],[3,-6],[12,0],[5,-6],[8,2],[5,14],[6,1]],[[5307,7856],[-11,5],[-19,-3],[-16,11],[-2,10],[-9,5],[-19,4]],[[6116,8506],[-13,-15],[0,-14],[-5,-6],[-18,-6],[-13,-28],[-9,-8],[-5,-11],[-11,-7],[1,-11]],[[5897,8344],[-9,-1],[-11,15],[5,13],[-1,6],[-12,17],[-21,1],[-13,-13],[-45,-2],[-16,4]],[[5774,8384],[5,6],[7,19],[-6,7],[-1,13],[-7,1],[-18,-7],[-11,2],[-7,8],[-4,17],[-17,-6],[-4,7],[-17,10],[-37,-13],[-11,-8],[-6,25],[-15,13],[-13,-1],[-9,4],[-10,-1],[-17,4]],[[5576,8484],[-7,4],[-2,18],[4,11],[36,14],[15,0],[8,3],[13,-5],[14,-1],[8,-5],[23,-4],[5,1],[18,12],[5,12],[12,13],[11,22],[14,16],[14,10],[12,7],[-6,14],[-10,4],[-12,-3],[-28,6],[-14,2],[-13,7],[-17,-4],[-3,4],[-16,-1],[-9,-5],[-8,3],[-2,12],[-6,5],[-4,11],[-20,16],[-14,9],[-13,-1]],[[5584,8691],[6,10],[14,9],[2,11]],[[4576,7063],[39,18],[17,4],[13,11],[9,11],[0,6],[18,14],[14,27],[10,5],[19,15],[4,11],[23,-1],[10,11],[20,-1],[4,-5],[11,-2],[21,8],[16,-7],[14,-1],[6,-14],[4,-16],[6,-6]],[[5387,7658],[-14,2],[-19,15],[-12,7],[-1,6],[-12,6],[-14,-1],[-16,12],[-19,-2],[-16,1],[-5,-4],[-18,-2],[-11,4],[-6,11],[-17,10],[-21,-7],[-29,13],[-18,-5],[-8,-6],[-7,-11],[-23,-2],[-10,7]],[[4429,7087],[-5,3],[-5,13],[3,4],[-1,14],[18,4],[14,10],[6,10],[19,2],[12,4],[17,-2],[27,12],[22,26],[-5,14],[5,9],[11,8],[14,5],[11,16],[7,3],[3,10],[12,5],[-3,5],[8,8],[3,17],[-3,8],[10,5]],[[4731,7461],[7,1],[18,-13],[55,-9],[8,-7],[12,0],[8,-4],[14,-1],[10,-11],[20,7],[15,1],[2,12],[8,0]],[[4970,7411],[1,-8],[-5,-15],[3,-7],[-8,-11],[0,-11],[-7,-8],[11,-23],[13,-1],[6,-9],[-5,-9],[17,-17],[14,-2]],[[5576,8484],[-10,-4],[-9,-8],[-4,-9],[-11,-10],[-28,-5],[-9,4],[-24,5],[-16,5],[-13,12],[3,14],[-7,11],[-25,7],[-7,10],[-1,7],[-8,9],[-10,4],[-1,8],[-10,1],[-16,16],[-5,2],[-15,-9],[-9,6],[-10,2]],[[5331,8562],[7,2],[-7,8],[2,8],[10,16],[17,3],[9,8],[26,1],[13,9],[16,3],[14,8],[6,6],[10,21],[13,-4],[41,-4],[21,12],[19,-3],[14,10],[0,8],[10,3],[12,14]],[[5029,7293],[14,15],[8,3],[5,9],[12,7],[-2,9],[14,9],[28,12],[8,0],[8,9],[0,7],[7,6],[4,11],[11,2],[3,5],[11,1],[10,11],[12,3],[15,10],[19,-4],[-8,16],[11,17],[24,11]],[[5180,7520],[-5,-3]],[[5632,8123],[26,-73]],[[6155,8831],[15,-4],[4,-5],[13,3],[20,-4],[7,5],[-4,26],[5,13],[17,14],[3,-10],[12,-5],[10,1],[26,-7],[14,-13],[9,-13],[9,-6],[10,-1]],[[6750,8613],[3,-8],[-14,-24],[-21,-14],[-5,-7],[-11,-5]],[[4901,8592],[62,50],[6,0],[8,-12],[-2,-7],[4,-12],[10,-10],[16,-4],[2,-8],[10,-4],[6,-18],[9,-3],[11,6],[9,-2],[16,1],[1,-10],[12,1],[19,-6],[2,-11],[14,-7],[8,5],[16,-1],[2,-9],[8,-3],[13,-9],[10,-2],[6,-6],[22,-2],[24,4],[18,10],[11,3],[18,0],[11,9],[16,7],[10,16],[22,4]],[[5774,8384],[-6,-9],[-12,-5],[-5,-5],[-17,-6],[-21,-16],[-15,-17],[-15,-28],[-12,-10],[2,-5],[-18,-2],[-6,3],[-22,0]],[[6309,9117],[0,11],[-4,13],[2,12],[14,7],[13,0],[13,8],[-5,4],[5,13],[10,0],[19,-6],[17,3],[92,-2],[32,0],[20,-4]],[[6537,9176],[-14,-13],[1,-12],[12,-4],[11,-8],[0,-7],[-7,-6],[-17,-1],[-24,-9],[3,-12],[-8,-4],[9,-5],[-8,-10],[6,-11],[-2,-9],[3,-4],[-8,-12],[3,-11],[-9,-2],[-11,-11],[6,-10],[18,-3],[20,-1],[14,-4],[23,2],[17,-3],[5,-7]],[[10461,18763],[9,-4],[8,-10],[-1,-7],[9,-12],[4,-15],[-3,-4],[19,-20],[6,-20],[6,-11],[-5,-12],[3,-11]],[[10516,18637],[-7,-4],[8,-6],[7,-13],[-9,-16],[10,-16],[-5,-4],[11,-12],[0,-14],[5,-9],[-4,-9],[-8,-5],[-15,-3],[-2,-7],[7,-10],[-10,-8],[-36,9],[-7,-7],[2,-8],[-2,-16],[9,-9],[-6,-6],[0,-13],[-4,-4]],[[10460,18447],[-20,5],[-12,-7],[-8,-1],[-20,6],[-11,0],[-40,-8],[-27,-14],[-32,-1],[-15,-3],[-26,-10],[-10,1],[-10,-3],[-8,-9],[-17,-6],[-8,-8],[-21,-9],[-37,-9],[-12,-5],[-9,0]],[[10117,18366],[-18,-1],[-3,-23],[-25,-8],[-16,-14],[3,-5],[-32,-24]],[[10026,18291],[-4,-3]],[[10022,18288],[-14,-1],[-12,-10],[-2,-6],[-11,0],[-5,8],[-18,7],[-10,-4],[-29,0],[-16,4],[-11,-6],[-11,-1],[-26,-19],[-6,-1]],[[9851,18259],[-13,7],[-35,-8],[-3,-5],[-15,-5],[-12,-10],[-15,1],[-7,-3],[-4,-15],[-19,0],[-37,13],[-5,-7],[-18,-12],[-20,-5],[-14,-13],[-11,-6],[-31,-3],[-28,-6],[-12,-12],[-9,6],[-26,-6],[-41,0],[-24,-4],[-25,12],[-24,-3],[-11,-14],[-19,2],[-27,-7],[-13,-9],[-19,-4],[-16,9],[-21,-1],[-19,-4],[-11,3]],[[9247,18150],[-2,6],[6,9],[7,1],[24,16],[0,15],[7,14],[23,6],[25,1],[9,4],[-3,5],[14,12],[-5,6],[12,9],[-1,11],[-21,18],[8,8],[0,9],[25,11],[3,9],[30,11],[14,1],[23,8],[6,9],[16,2],[2,8],[23,7],[17,16],[8,14],[7,2],[10,13],[-4,12],[6,15],[26,2],[20,4],[8,11],[21,19],[-4,13],[11,14],[-1,16],[-4,6],[11,11],[5,13],[7,5],[-14,11],[-13,7],[-17,15],[-5,0],[-20,18],[-10,14],[-19,4],[-8,8],[1,10],[-6,6]],[[9525,18645],[20,9],[15,10],[7,9],[4,16],[5,3],[32,14],[13,7],[14,12],[2,6],[9,8],[42,7],[23,8],[17,7],[20,14],[36,27],[18,16],[26,18],[14,7],[53,22],[14,2],[30,8],[29,15],[14,4],[49,21],[31,7]],[[10062,18922],[1,-6],[11,-2],[5,-8],[-7,-5],[7,-6],[3,-12],[20,-4],[0,-9],[23,-5],[21,3],[12,-5],[8,1],[12,-5],[8,4],[17,-9],[23,4],[9,-2],[-5,-9],[5,-13],[13,-1],[6,6],[11,0],[3,-8],[12,-6],[24,1],[14,5],[6,-3],[21,-2],[13,-10],[2,-7],[20,-10],[-5,-11],[8,-2],[10,-8],[6,2],[27,-6],[12,-2],[10,2],[13,-11]],[[10516,18637],[11,-6],[10,0],[18,16],[5,12],[17,-6],[10,26],[-14,-1],[23,17],[-1,9],[-18,0],[-12,3],[-1,7],[19,14],[18,-3],[12,1],[24,-2],[10,8],[20,1],[-3,-9],[8,-10],[0,-11],[13,-9],[0,-9],[8,-16],[13,-4],[18,-10],[3,-12],[-5,-8],[12,-12],[33,-9],[16,-3],[13,-16],[8,-5],[6,-13],[8,-10],[-3,-6],[5,-15],[-1,-7],[11,-7],[6,0],[7,-26],[6,-5],[1,-12],[4,-14],[-4,-10],[11,-6],[1,-7],[-6,-4],[-38,-5],[-11,0],[1,-11],[-14,-2],[-35,3],[-13,2],[-21,-2],[-9,-9],[-5,6],[-25,15],[-11,1],[-18,-5],[6,-8],[9,-4],[9,-9],[6,1],[17,-8],[15,-2],[17,2],[14,-11],[8,0],[13,-13]],[[10771,18389],[-9,-3],[-22,-14],[-11,-3],[-8,-11],[-12,-4],[1,-7]],[[10710,18347],[-4,1],[-6,11],[-13,7],[-21,-1],[-12,2],[-10,-2],[-11,3],[-10,10],[-19,5],[-13,-5],[-13,0],[-9,8],[-17,-1],[-9,8],[0,6],[17,20],[-11,2],[-9,-4],[-7,-7],[-23,-4],[2,-8],[-21,-7]],[[10491,18391],[-13,6]],[[10478,18397],[-7,3],[4,15],[-30,16],[-2,5],[11,10],[6,1]],[[10117,18366],[6,-14],[5,-5],[15,-6],[5,-5],[17,-6],[12,1],[19,-8],[7,3],[22,-12],[10,-2],[17,-14],[34,-11],[8,-4],[24,4],[14,-9],[4,6],[18,7],[13,2],[-3,9],[13,9],[1,10],[12,3],[7,8],[-11,8],[17,7],[35,25],[5,2],[33,23],[2,0]],[[10491,18391],[10,-5],[14,9],[-2,7],[11,4],[10,-1],[4,-12],[10,-10],[17,-1],[12,-7],[17,0],[9,4],[17,-6],[9,-7],[12,-4],[13,2],[13,-3],[17,2],[13,-7],[7,-11],[12,1]],[[10716,18346],[13,-22],[5,-3],[-13,-9],[-15,-12],[-15,-9],[-2,-14],[-14,-4],[-2,-6],[-12,-3],[1,-5],[10,-5],[-6,-9],[-6,1],[-14,-11],[-5,-8],[2,-7],[-22,-27],[-5,-14],[-12,-9],[-4,-6],[-15,-8],[-4,-7],[-9,-6],[-22,-7],[-20,-11],[-3,-8],[-8,-7],[-10,4],[-19,-2],[-13,0],[-14,-4],[-5,-5],[-1,-13],[-13,-17],[-8,-16],[2,-8],[-12,-11],[-12,-4]],[[10414,18034],[-18,12],[-1,5],[-20,15],[-23,12],[-7,1],[-4,10],[-10,-3],[-10,8],[-18,-3],[-19,10],[-26,4],[-19,-2],[-20,16],[-4,8],[4,7],[-21,23],[-11,2],[-14,9],[-24,3],[-6,22],[-9,7],[-5,11],[-6,5],[-1,8],[-22,16],[-20,5],[-6,8],[-25,16],[-12,11],[-1,6],[-10,5]],[[8897,18054],[-20,29],[-7,26],[-16,7],[-14,15],[-5,11],[2,7],[-8,16],[5,11],[0,10],[-11,12],[3,8],[-11,12],[-21,9],[-6,11],[11,19],[16,12],[1,4],[-9,11],[15,9],[13,6],[0,5],[-7,11],[-14,7],[13,20],[-10,4],[-2,7],[5,6],[-5,7],[16,8],[2,6],[-9,9],[2,6],[-16,8],[-3,12],[15,0],[-1,7],[10,0],[12,3],[5,-5],[17,11],[-2,11],[8,2],[4,9],[15,4],[9,9],[10,-2],[6,15],[8,1],[-1,16],[3,14],[11,6],[5,12],[6,1],[0,19],[5,8],[-16,5]],[[8936,18561],[52,-8],[19,-2],[9,4],[18,-1],[15,6],[28,1],[12,4],[61,-6],[17,0],[16,2],[12,4],[34,-1],[56,0],[25,2],[15,7],[38,5],[23,4],[42,11],[15,6],[4,5],[19,9],[2,6],[53,22],[4,4]],[[9247,18150],[-9,-7],[-15,-6],[-11,-11],[-14,0],[-17,-12],[-2,-5],[-16,-8],[-9,0],[-18,-5],[-11,0],[-11,-6]],[[10022,18288],[-2,-15],[-8,-14],[-4,-20],[13,-24],[-10,-24],[12,-9],[4,7],[13,-9],[3,-15],[8,-1],[10,-8],[20,-11],[2,-12],[-7,-23],[0,-10],[6,-15],[-2,-5],[12,-2],[0,-19],[-14,-8],[-20,-4],[-7,-11],[6,-11],[13,-11],[7,-10],[-29,-5]],[[10048,17999],[-8,11],[-31,22],[-18,1],[-17,7],[-3,14],[3,6],[-11,10],[3,6],[-3,9],[6,9],[7,1],[2,8],[-9,9],[-16,9],[-10,3],[-26,-1],[-27,-7],[-13,-7],[3,20],[7,5],[-31,8],[-1,16],[-5,5],[3,8],[17,11],[13,12],[-12,15],[6,5],[-8,16],[-10,1],[-8,9],[4,12],[-4,7]],[[10241,17786],[-14,-10],[-1,-12],[-4,-7],[-11,-7],[-33,-15],[-6,-6],[-1,-16],[-21,-16],[-9,1]],[[10141,17698],[-4,5],[-20,5],[-1,11],[-29,8],[-14,13],[-12,14],[-7,-1],[-12,11],[-22,12],[-15,1],[-24,7],[-24,11],[-5,8],[1,10],[-12,7],[-5,8],[-34,13],[1,13],[-11,0],[-11,-3],[-21,1]],[[9860,17852],[0,4],[28,30],[10,4],[0,6],[12,1],[7,9],[8,4],[22,0],[13,-6],[7,0],[30,-13],[22,-4],[21,-5],[9,-5],[28,-2],[22,2],[9,-12],[7,2],[27,0],[22,-2],[11,3],[12,-19],[11,-12],[10,-8],[4,-9],[17,-17],[5,-11],[7,-6]],[[10414,18034],[3,-8],[-3,-11],[-10,-11],[6,-13],[-7,-16],[5,-8],[-15,-8],[-27,2],[-10,-8],[-5,-21],[-8,-17],[6,-16],[-5,-4],[-17,-8],[-10,-26],[-7,-6],[-1,-12],[3,-7],[-16,-3]],[[10296,17833],[-8,7],[-11,23],[-10,9],[4,3],[-8,10],[-38,18],[-25,-1],[-12,-9],[-14,3],[-5,10],[-6,32],[-5,36],[-11,9],[-6,-12],[-54,3],[-25,8],[-14,17]],[[10710,18347],[6,-1]],[[9614,17638],[14,-5],[14,10],[9,-1],[8,6],[28,-4],[13,1],[40,48],[12,-3],[10,-5],[0,-14],[75,0],[0,-119],[75,0],[0,11],[30,0],[0,11],[45,-1],[0,11],[30,0],[0,11],[51,0]],[[10068,17595],[-8,-2],[-1,-7],[-14,-12]],[[10461,18763],[11,0],[19,-5],[10,6],[9,0],[11,18],[1,7],[9,11],[112,-19],[8,3],[3,10],[66,0],[8,15],[10,1],[47,14],[86,27],[27,29],[42,-1],[27,1],[128,0],[1,2]],[[11096,18882],[29,1],[16,-1],[6,-4],[23,2],[18,0],[42,5],[27,1],[6,5],[15,2],[14,-8],[29,4],[56,65],[85,100],[8,6],[17,16],[7,4],[25,2],[17,-5],[11,-15],[13,-5],[6,-5],[-8,-15],[5,-8],[-4,-9],[3,-5],[-2,-9]],[[11560,19006],[-76,-102],[-16,-20],[-103,-136],[-76,-100],[-84,-113],[-83,-111],[-7,-6],[-37,-2],[-23,6],[-16,1],[-32,0],[-13,3],[-8,-3],[-9,5],[-25,3],[-15,-5],[-3,-5],[-23,-7],[-22,-4],[-34,-8],[-25,-1],[-24,-13],[-8,10],[-10,2],[-17,-11]],[[10062,18922],[18,8],[16,21],[15,14],[23,15],[10,10],[8,11],[15,11],[36,14],[10,7],[17,8],[18,17],[20,8],[16,4],[44,14],[9,5],[25,3],[21,1],[20,3],[5,3],[31,10],[27,1],[33,4],[9,4],[16,12],[22,13],[20,3],[23,-5],[19,4],[19,9],[24,18],[28,9],[28,-2],[20,4],[46,-1],[24,3],[6,7],[45,8],[46,25],[6,6],[42,11]],[[10942,19242],[8,-16],[9,-4],[-1,-7],[5,-11],[11,-7],[-1,-9],[9,-12],[-9,-10],[-17,-6],[4,-12],[-4,-10],[-9,-9],[1,-9],[-5,-4],[-10,3],[-3,-10],[-9,-8],[-6,-15],[5,-6],[1,-11],[8,-4],[-2,-12],[-14,0],[-4,-12],[-8,-6],[3,-24],[10,-14],[16,-8],[18,-1],[18,-6],[19,-10],[4,-9],[11,-11],[0,-38],[16,1],[24,-4],[14,-6],[33,-22],[9,-1]],[[10296,17833],[-1,-14],[-5,-9],[-22,-12],[-4,0],[-23,-12]],[[9860,17852],[-37,-8],[-7,-8],[-9,-2],[-10,-7],[-13,-1],[-9,-4],[-11,-9],[-13,-1],[-5,-8]],[[10942,19242],[18,4],[9,9],[20,4],[6,6],[23,8],[25,6],[19,13],[22,11],[37,16],[-5,-10],[10,-5],[10,7],[12,3],[7,8],[-7,4],[-7,-6],[-11,4],[5,6],[21,15],[7,10],[10,10],[11,20],[4,14],[10,22],[24,23],[11,28],[7,11],[17,19],[21,38],[11,14],[9,20],[-5,19],[1,22],[-5,11],[4,11],[-3,20],[-4,7],[-4,23],[-6,7],[-18,2],[-19,-2],[-10,3],[6,12],[20,4],[1,5],[15,9],[18,2],[2,6],[23,0],[27,-6],[61,-1],[19,4],[17,1],[37,7],[17,-2],[16,1],[41,9],[24,8],[11,0],[13,-10],[-8,-11],[-5,-14],[-8,-9],[-19,-5],[-12,-7],[1,-14],[-14,-2],[2,-12],[12,-4],[15,-13],[-12,-22],[1,-6],[11,1],[23,18],[4,-7],[-3,-10],[16,3],[11,-1],[17,5],[11,-7],[5,10],[15,11],[-6,9],[1,6],[11,2],[8,6],[15,3],[7,6],[22,-4],[7,3],[12,-5],[13,8],[-4,6],[8,5],[2,6],[-18,20],[-11,5],[6,15],[6,4],[-11,5],[-22,1],[-2,12],[6,11],[-5,4],[-14,3],[-36,-4],[-21,-1],[-9,3],[-7,-4],[-1,-7],[-10,-1],[-1,13],[16,5],[22,20],[45,20],[7,8],[11,5],[25,17],[24,20],[13,0],[13,-6],[13,7],[16,6],[7,12],[16,1],[10,-8],[-13,-8],[-19,-7],[-11,-9],[-9,-1],[-2,-7],[6,-13],[9,-10],[15,-11],[26,-7],[10,3],[0,13],[10,12],[11,3],[21,-2],[15,0],[19,8],[16,11],[10,16],[-1,14],[-7,8],[-24,4],[16,8],[21,8],[7,7],[3,13],[17,2],[3,-11],[6,-11],[-22,-8],[2,-12],[29,-5],[7,5],[18,-14],[8,8],[-5,7],[-17,5],[22,11],[20,-2],[18,9],[10,1],[14,11],[15,-6],[21,7],[-2,6],[-10,4],[-6,-4],[-31,-1],[-3,-8],[-11,1],[-10,-5],[-5,8],[9,4],[20,15],[8,11],[-20,-2],[-4,-6],[-11,2],[-16,-7],[-28,-6],[-3,4],[14,8],[17,12],[-5,6],[-9,-7],[-12,-1],[-10,-8],[-3,-9],[-8,-5],[-38,-11],[-1,7],[11,16],[15,11],[49,13],[8,7],[14,2],[9,5],[11,0],[33,-7],[21,-11],[12,-5],[10,1],[12,-5],[13,2],[20,0],[23,-3],[6,8],[27,-9],[8,5],[15,1],[20,-6],[11,1],[22,-9],[54,-13],[16,-11],[18,-5],[8,-12],[15,-11],[16,-6],[8,7],[18,-5],[24,3],[7,-5],[17,-3],[9,1],[44,-13],[5,1],[25,-15],[19,-8],[16,-1],[11,7],[13,-1],[32,-12],[23,-12],[16,-9],[1,-6],[20,-6],[19,-16],[10,-2],[9,-11],[-5,-5],[3,-11],[-1,-7],[8,-15],[29,-32],[17,-25],[27,-31],[4,-2],[16,-26],[14,-17],[9,-9],[23,-27],[17,-17],[16,-24],[-3,-20],[6,-21],[-5,-19],[-8,-12],[-25,-26],[-14,-5],[-14,0],[-17,-8],[-4,-5],[-14,2],[-8,-10],[-20,-1],[-38,-19],[-9,-2],[-18,-13],[-7,0],[-26,-18],[-25,-18],[-2,-10],[-24,-9],[-10,4],[-1,7],[-8,3],[-11,0],[-5,6],[-16,7],[1,-9],[-5,-5],[-18,5],[0,-10],[-6,-11],[7,-3],[18,2],[3,4],[12,3],[9,9],[17,-3],[-10,-5],[-8,-13],[-3,-14],[-10,-4],[-11,-14],[-2,-7],[-10,-13],[-2,-22],[-5,1],[-9,14],[-14,0],[-9,-8],[3,-6],[-15,0],[-19,-9],[-19,1],[-18,-4],[-1,-12],[5,-5],[12,-2],[-129,-30],[-43,-9],[-60,-10],[-150,-30],[-61,-16],[-110,-27],[-144,-36],[-64,-7],[-98,-17],[-50,-9],[-66,-7],[-13,-19]],[[9719,17714],[8,3],[14,-4],[13,2],[10,6],[30,6],[29,0],[19,-2],[8,2],[13,11],[7,-12],[1,-7],[25,-7],[23,-8],[12,-7],[10,0],[10,-4],[6,-10],[35,-11],[19,-4],[14,2],[0,-10],[17,-5],[18,1],[35,13],[17,-5],[13,0],[14,-4]],[[10139,17660],[2,-11],[-7,-6],[3,-9],[-15,-6],[-10,-17],[-12,-8],[-32,-8]],[[10141,17698],[7,-10],[6,-15],[-7,-11],[-8,-2]],[[8897,18054],[-15,-5],[-19,0],[-28,-7],[-12,1],[-11,-4],[-20,5],[-31,13],[-15,-5],[-8,5],[-20,2],[-7,17],[-5,6],[-11,4],[-33,4],[-11,14],[-10,1],[-18,-4]],[[8623,18101],[-10,6],[-34,-14],[-22,-8],[-16,1],[-5,4],[-12,-3],[-12,2],[-16,0],[-5,4],[-16,-5],[-12,5],[-1,8],[-13,11],[-11,-1],[-5,11],[4,18],[11,3],[8,7],[-2,9],[6,6],[-5,6],[3,6],[0,13],[5,4],[1,10],[-9,7],[-2,6],[8,13],[-12,9],[-38,-1],[-8,6],[-15,-1],[-5,16],[-13,2],[-27,-4],[-36,6],[-11,-1],[-9,7],[-25,2],[-16,15],[-12,7],[-24,-1],[-3,-8],[-11,5],[-27,5],[-9,7],[4,7],[1,14],[-6,6],[-21,-5],[-9,1],[-19,-5],[-13,6],[-6,15],[-8,2],[-21,0],[-6,4],[0,12],[-9,9],[4,4],[-16,6],[-15,-3],[-17,-6],[-10,4],[-26,-2],[-6,-3],[-15,2],[-24,-7],[-5,-5],[-17,-7],[-8,1],[-8,-11]],[[7884,18340],[-11,29],[-12,11],[-8,11],[11,27],[1,10],[-7,22],[-14,18],[13,13],[5,12],[-8,8],[-7,15],[8,7],[13,3],[11,10],[6,11],[-5,9],[12,0],[16,5],[15,7],[-10,7],[-14,0],[-1,4],[13,7],[12,14],[-3,15],[12,-7],[15,9],[15,-1],[-2,-12],[13,4],[14,-3],[8,4],[-4,8],[-7,2],[-4,20],[9,2],[8,11],[12,-3],[-5,-9],[11,1],[1,-13],[10,4],[4,10],[-1,8],[16,-3],[1,-8],[20,-1],[-11,26],[10,-6],[8,-1],[3,-7],[-3,-14],[5,-3],[13,1],[7,-5],[12,2],[0,12],[-5,6],[9,11],[16,-1],[13,-16],[13,4],[-8,8],[8,10],[13,2],[-1,-7],[9,-3],[17,8],[22,-3],[5,-6],[10,4],[17,-1],[9,-5],[14,3],[6,-6],[14,-4],[20,-11],[6,-6],[23,-6],[6,1],[14,-6],[10,0],[19,-8],[16,-1],[11,-4],[29,-18],[14,-3],[13,-7],[14,-1],[31,-7],[64,-13],[24,2],[8,5],[20,4],[40,-9],[33,-5],[10,1],[15,8],[38,-7],[26,-4],[20,4],[38,4],[20,0],[14,3],[21,2],[28,-4]],[[8116,17114],[-17,9],[-1,7],[-10,11],[-1,10],[-10,-2],[-7,5],[-2,25],[-7,5],[-13,23],[5,15],[-7,27],[4,3],[-18,14],[-3,14],[-1,19],[-9,3],[-25,-8],[-20,-9],[-12,2],[-15,-1],[-8,4],[-5,-7],[-18,-7],[-25,6],[-4,5],[7,20],[6,2],[-1,10],[6,4],[0,7],[9,7],[2,9],[7,7],[-1,11],[6,7],[-4,21],[0,12],[5,2],[1,12],[9,16],[18,7],[5,20],[7,3],[9,15]],[[7978,17479],[11,12],[2,5],[15,2],[5,4],[20,-1],[13,7],[13,14],[14,-9],[13,-17],[17,-10],[42,-45],[3,5],[16,11],[0,9],[21,-8],[11,-9],[-3,-3],[13,-10],[0,-4],[26,-35],[0,-11],[15,-6],[17,0],[11,4]],[[8867,17824],[-25,-1],[-11,-6],[-23,2],[-8,-9],[11,-15],[-2,-6],[-18,-11],[-17,-2],[-13,-14],[-22,-7],[-12,-9],[-19,-4],[-1,-11],[-32,6],[-4,-6],[-10,0],[-1,-7],[-16,2],[-10,-5],[-5,-10],[-7,-3],[-24,0],[-6,-8],[-15,-6],[-14,-13],[-7,6],[-12,-8],[-11,2],[-10,-9],[-14,-3],[-8,-8],[-25,6],[-7,0],[-9,-13],[-5,7],[-31,3],[-11,-3],[-10,8],[-11,0],[-9,-3],[-3,-13],[-9,-4],[-4,-8],[-21,-4],[-3,-5],[-21,1],[-9,8],[-13,-6],[-7,2],[-5,-15],[-9,-3],[-7,-15],[-1,-10],[-12,-8],[-10,-1],[-20,-6],[-25,-6],[-18,-10],[-16,2],[-7,-2],[-11,8],[-26,3],[0,5],[-19,-4],[-4,11],[-6,5],[-7,12],[2,9],[-14,4],[-21,2],[-10,9],[-23,6],[-2,15],[-34,9],[-9,10],[-29,1],[-19,13],[-14,0],[-26,7],[-8,6]],[[7883,17694],[2,13],[8,6],[27,1],[8,2],[-11,23],[4,15],[-12,6],[-3,12],[-11,-1],[-12,5],[-13,0],[-40,39],[-10,7],[-1,11],[4,4],[-9,12]],[[7814,17849],[18,-3],[20,0],[16,-6],[8,6]],[[7876,17846],[18,2],[4,-5],[28,-6],[3,-9],[9,-8],[9,1],[5,-5],[24,-4],[12,3]],[[7988,17815],[6,-3],[14,2],[-1,-9],[34,4],[2,-15],[17,-7],[7,-6],[8,9],[17,4],[-1,26],[2,10],[12,2],[16,8],[10,-2],[12,6],[15,4],[3,9],[9,7],[17,0],[53,27],[21,14],[10,-4],[5,5],[10,-2],[19,7],[8,13],[16,3],[10,8],[14,6],[20,2],[32,11],[14,9],[7,9],[15,5],[8,0],[8,6],[-4,5],[19,14],[45,17],[8,14],[11,12],[2,14],[14,15],[23,9],[24,1],[17,10],[7,7]],[[8501,16736],[-9,3],[-16,-1],[-8,-13],[-30,-2],[-8,5],[-18,-1],[-2,4],[-13,2],[-7,9],[-9,-2],[-12,3],[-11,-3],[-17,0],[-25,4],[-12,7],[-12,3],[-9,-7],[-23,1],[-15,-6],[-8,2],[-20,-5],[-17,2],[-35,-16],[-3,-4],[-25,-9],[-7,-6],[-16,-3],[-17,1],[-6,-6],[-9,-2],[0,-11],[-16,-16],[-12,-8],[-9,-2],[-13,-8],[-18,-2],[-9,-8],[-21,-6],[-11,-11],[1,-16],[-13,-10],[-12,1],[-4,-4]],[[7945,16595],[3,13],[-1,23],[15,22],[-5,12],[-14,4],[-9,12],[-10,4],[-7,12],[3,20],[-8,10],[-27,14],[-24,9],[-6,15],[-11,4],[-22,0],[-5,4],[-19,6],[-6,10],[1,14],[-13,18],[8,13],[12,14],[2,11],[-10,18],[-4,3],[8,28]],[[7796,16908],[7,17],[5,7],[-2,5],[9,5],[-7,16],[3,7],[-3,10],[10,12],[3,18],[9,13],[29,14],[20,2],[28,7],[6,-4],[18,5],[3,-13],[28,1],[10,-7],[13,-4],[-5,-9],[12,0],[4,-9],[20,-15],[15,8],[-13,11],[9,7],[37,0],[10,12],[1,6],[11,5],[24,1],[12,2],[13,-10],[10,7],[3,8],[32,7]],[[6817,17491],[12,-2],[9,3],[19,-9],[17,0],[12,-5],[11,1],[24,-12],[12,-10],[22,-6],[16,-12],[5,5],[10,0],[19,-9],[4,-9],[9,-9],[10,-3],[9,-10],[12,-6],[5,-8],[13,-5],[17,-4]],[[7084,17381],[-7,-9],[-1,-9],[-16,-13]],[[7060,17350],[-26,-5],[0,9],[-23,1],[-1,8],[-7,5],[-20,-7],[-12,-1],[-11,3],[-40,19],[-18,-1],[0,7],[-24,0],[-14,-4],[-14,-7],[-11,-12],[-7,-17],[-18,-12],[-11,-4],[3,-5],[-8,-10],[-2,-9]],[[6796,17308],[-19,6],[-10,15],[-35,8]],[[7326,16989],[-13,8],[-30,25],[-14,4],[-11,7],[-23,6],[-6,-1],[-10,8],[-9,-1],[-24,6],[-7,4],[-12,0],[-17,11]],[[7150,17066],[-12,7],[-7,13],[7,10],[-3,8],[2,9],[13,-13],[12,-4],[11,1],[9,18],[-7,9],[-2,7],[19,4],[9,4],[14,10],[3,6],[-7,17],[4,6],[-16,19],[0,18],[-3,9],[30,2],[-1,5],[8,13],[-4,5],[15,2],[18,8],[-1,18],[8,5],[9,12],[-7,14],[1,6]],[[7272,17314],[20,-14],[29,3],[7,-4],[6,6],[11,-1],[21,4],[14,9],[9,2],[15,9],[19,2]],[[7423,17330],[19,-12],[1,-6],[16,-5],[4,-7],[9,-5]],[[7472,17295],[7,0],[12,-12],[22,-6],[-1,-5],[13,-8],[5,-6],[19,-15],[0,-3],[15,-7],[9,-2],[17,-14],[0,-10],[7,-4],[-9,-9],[-16,-21],[10,-21],[-12,-17],[-4,-20],[-10,-11],[20,-11],[-20,-8],[-16,-13],[-23,-2],[-6,2]],[[7511,17072],[-34,11],[-40,9],[-33,-15],[-18,0],[-23,7],[-17,3],[-11,-5],[1,-7],[-4,-11],[-7,-6],[-4,-18],[4,-7],[15,-4],[1,-9],[-8,-2],[-1,-10],[-5,-6],[-1,-13]],[[7988,17815],[8,25],[17,15],[-2,7],[16,7],[9,0],[-13,20],[2,10],[10,18],[6,4],[16,1],[0,10],[15,2],[4,7],[7,3],[12,14],[-1,7],[-15,27],[4,3],[-4,14],[2,7],[-12,9],[3,11],[-19,4],[8,13],[-4,9],[9,11],[-12,4],[11,12],[-4,6],[-14,2],[-5,-4],[-21,-5],[-6,-8],[-17,19],[-3,24],[-6,7],[12,10],[-7,4],[-4,12],[-18,9],[5,9],[-15,24],[-17,3],[-9,-4],[-17,5],[-11,-2],[-13,-5],[0,-5],[-18,-4],[-1,-15],[-12,-8],[-2,-10],[6,-10],[-1,-7],[-21,1],[-1,-10],[29,-2],[-2,-26],[9,-4],[-3,-6],[-53,-2],[-5,3],[-29,6]],[[7791,18096],[-5,-2],[-9,10],[6,13],[-5,7],[7,9],[22,9],[0,114],[-6,2]],[[7801,18258],[28,16],[6,5],[4,15],[20,15],[2,5],[18,14],[5,12]],[[7060,17350],[20,-4],[14,-15],[4,-10]],[[7098,17321],[-18,-4],[-4,-12],[-8,-10],[-12,-4],[-11,-15],[-8,4],[-14,-7],[-25,-5],[-9,1],[-5,7],[-11,1],[-26,16],[-7,15],[-17,9],[-12,-1],[-18,12],[-17,5],[-38,-12],[0,-4],[-15,-2],[-4,-4],[-23,-3]],[[7948,15959],[17,10],[43,22],[6,7],[26,15],[13,5],[20,13],[-1,7],[9,7],[3,15],[-1,16],[6,13],[7,2],[-4,14],[2,7],[11,6],[8,-3],[8,5],[13,1],[9,15],[18,10],[3,15],[-4,7],[9,22],[9,16],[12,10],[13,4],[4,5],[17,5],[2,7],[10,6],[10,14],[8,17]],[[6902,17592],[12,6],[29,4],[24,-2],[7,1],[17,-3],[12,1],[12,-2],[15,-7],[6,6],[42,-3],[18,11],[15,12]],[[7111,17616],[10,-4],[34,-20],[18,-11],[27,-13],[4,-17],[4,-6],[-4,-15],[5,-9],[-1,-5],[6,-15],[0,-23],[10,-5],[9,7],[8,3],[17,-5],[13,7],[21,3],[16,-8],[2,-8],[-2,-29],[27,-25],[-2,-8],[32,-24],[17,-7],[6,-9],[18,-8],[1,-9],[11,-14],[5,-9]],[[7272,17314],[-14,5],[-1,11],[-10,-5],[-7,5],[-18,4],[-25,-5],[-3,6],[-13,13],[-23,-4],[-18,-5],[-15,8],[-17,12],[-9,0],[-15,22]],[[7883,17694],[-8,0],[-10,5],[-10,9],[-20,12]],[[7835,17720],[-3,5],[4,9],[-23,10],[-6,11],[-9,8],[-7,12],[-10,-2],[-17,8],[-4,12],[-9,0],[-22,7],[-5,-4],[-18,4],[-16,-3],[-16,4],[-8,-9],[-11,3],[-14,-2],[-19,3],[-25,12],[-9,9],[-29,16],[-12,3],[-1,11],[-10,7],[-21,9],[-12,-1],[-4,-5]],[[7499,17857],[-4,14],[16,8],[9,10],[5,17],[7,4],[2,8]],[[7534,17918],[2,6],[12,4],[21,1],[23,6],[29,10],[1,15],[9,9],[6,2],[25,-9],[8,-7],[4,-16],[25,-21],[15,-17],[10,-9],[18,4],[18,0],[20,-10],[12,-14],[14,-3],[-2,-13],[10,-7]],[[7978,17479],[-20,12],[-17,20]],[[7941,17511],[-8,1],[-4,10],[3,9],[12,5],[-2,8],[-7,5],[4,9],[-3,5],[2,13],[-5,10],[-12,6],[-7,20],[4,8],[-4,8],[-23,6],[-10,7],[-4,21],[-4,8],[-9,7],[-14,21],[-9,3],[-8,10],[2,9]],[[7744,16098],[9,5],[30,9],[5,8],[11,1],[18,10],[15,12],[16,9],[3,10],[24,18],[0,11],[28,14],[-1,8],[-8,5],[-10,1],[1,16],[12,-2],[12,4],[5,6],[17,9],[15,5],[26,2],[7,7],[13,-2],[18,-13],[23,1],[1,8],[9,7],[31,13],[6,10],[12,4],[12,14],[6,16],[10,1],[13,12],[11,0],[6,-3],[22,-1],[16,-2],[14,-5],[18,1],[19,-12],[4,-4],[15,0],[9,6]],[[7945,16595],[-17,-10],[-15,-14],[0,-8],[-14,-2],[-19,-10],[-11,4],[-9,-6],[-20,0],[-12,-6],[-17,3],[-17,-14],[-5,2],[-1,9],[-8,4],[-11,12],[-17,7],[-10,0],[-19,-5],[-17,-3],[-45,-22],[-17,2],[1,13],[-11,8],[-22,3],[-15,14],[-17,-5],[-18,-12],[-17,1],[-4,7],[-11,3],[-18,12],[-15,1]],[[7497,16583],[3,13],[-11,12],[51,18],[-4,17],[-12,14],[-14,5],[12,21],[10,10],[-13,17],[5,4],[14,0],[5,6],[-1,11],[9,6],[3,13],[6,9],[-2,6],[2,12],[-14,-3],[-20,14],[-6,8],[-1,14],[5,10],[7,6],[-13,5],[-10,7],[-20,0],[-14,6],[-9,0],[-18,8],[12,12],[13,1],[8,8],[11,6],[1,7],[11,16],[41,16],[19,16],[-6,10],[-1,15],[4,4],[2,15],[17,17]],[[7579,16995],[16,-14],[11,-1],[3,-6],[20,-12],[-1,-7],[17,-11],[8,16],[8,3],[2,11],[35,-5],[7,-8],[11,0],[25,-18],[2,-10],[25,-19],[11,3],[17,-9]],[[7098,17321],[6,-2],[12,-10],[0,-7],[-16,-12],[-7,-2],[-9,-14],[-12,-2],[-11,-8],[-37,-6],[-12,-9],[-8,-29],[4,-21],[-4,-18],[-6,-5],[-18,-5],[-15,-2],[-9,-10],[-12,-8],[-17,-3],[-20,-15],[-9,-2],[-18,-8]],[[8008,16445],[-20,-3],[-30,-2],[-6,-7],[-13,-2],[-8,2]],[[7931,16433],[-16,-6],[-3,-5],[-10,-2],[-17,-12],[-17,-4],[-8,1],[-7,-12],[-19,-11],[-1,-6],[-13,-4],[-22,-21],[-14,-7],[-22,-39],[-18,-10],[-12,-1],[-32,-10],[-18,-7],[-4,-8],[-28,-2],[-17,-4],[-8,-5],[-9,4],[-29,-2],[-11,-8],[-13,-5],[-10,4],[-13,-3],[-16,-1],[-23,-4],[-18,0],[-11,-2],[-16,-8],[-3,-14],[-5,-2]],[[7448,16217],[1,76],[4,2],[2,39],[28,2],[5,-8],[33,3],[9,-4],[7,4],[26,8],[12,7],[19,29],[47,1],[17,-8],[12,0],[19,-15],[20,6],[5,4],[19,8],[8,-1],[15,8],[14,-2],[-2,19],[13,2],[1,16],[5,11],[8,7],[-5,6],[0,20],[-9,7],[-3,10],[15,5],[9,7],[9,-6],[16,-5],[13,11],[12,7],[15,14],[19,9],[10,8],[9,1],[7,9],[23,-3],[18,-12],[2,11],[9,10],[9,3],[19,-3],[-2,6],[8,7],[6,-4],[19,-4],[1,3],[31,15],[-8,9],[1,7],[17,5],[11,10],[11,2],[8,15],[23,3],[13,4],[-2,18],[3,14],[6,4],[32,5],[13,4],[24,-7],[11,-7],[17,2],[-7,5],[13,8],[3,7],[10,-1],[9,4],[2,11],[-4,20],[0,12],[10,0],[1,-8],[24,7],[8,-2],[-1,17],[25,0],[0,-17],[13,0],[-17,-14],[24,-3],[-3,-14],[8,-5],[4,-30],[23,-1],[16,10],[23,-4],[9,-9],[11,6],[-4,4],[25,5],[9,-2],[14,3],[15,-3],[16,2],[-1,10],[9,6],[9,-1],[5,-8],[13,-5]],[[7111,17616],[11,14],[25,20],[7,9],[-1,15],[5,20],[-2,6],[-18,27]],[[7138,17727],[9,-1],[5,-7],[10,-2],[8,4],[19,2],[6,-2],[8,-9],[7,-1],[-1,-8],[5,-5],[58,1],[28,1],[15,-2],[22,-12],[30,21],[-13,5],[-2,5],[6,11],[29,-2],[7,-9],[16,5],[10,7],[10,-2],[12,3],[4,6],[18,8],[1,14],[8,4],[16,1],[4,8],[14,12],[4,10],[12,12],[-10,14],[5,9],[-7,11],[-7,1],[-5,17]],[[7941,17511],[-15,-4],[-7,-12],[-20,-8],[-5,-5],[-30,-16],[-1,-10],[-6,-17],[-16,-12],[-7,-1],[-1,-7],[-9,-12],[-9,-6],[-9,7],[-14,5],[-27,2],[-5,-15],[13,-1],[15,-9],[7,-15],[-9,-3],[-12,5],[-18,0],[1,-13],[-21,8],[-6,-1],[2,-22],[-34,1],[-19,7],[-4,9],[-14,-2],[-8,-4],[24,-17],[-6,-3],[-1,-8],[-10,-5],[5,-15],[-12,0],[-10,-4],[-19,-1],[-4,3],[4,13],[-22,7],[-16,19],[-17,-6],[-10,9],[-8,16],[-25,1],[-2,-14],[-9,1],[-6,-6],[-14,2],[-6,-3],[10,-40],[-12,2],[-5,-13],[-10,-3]],[[6857,16824],[20,7],[14,2],[8,6],[15,-3],[16,11],[11,-1],[43,18],[4,7],[23,-6],[17,7],[4,7],[-1,13],[16,1],[32,11],[18,15],[12,-5],[27,-5],[16,0],[38,15],[24,-8],[16,12],[14,3],[9,-5],[16,-1],[4,-6],[12,-3],[12,4],[-4,12],[7,10],[1,11],[6,7],[13,8],[6,8],[0,13]],[[7511,17072],[1,-23],[2,-18],[-3,-8],[18,-8],[32,-9],[13,-6],[5,-5]],[[7497,16583],[-10,0],[-16,7],[-22,4],[-18,-8],[-18,-3],[-6,-11],[1,-10],[-6,-13],[-8,-3],[-14,-15]],[[7380,16531],[-26,13],[-5,8],[3,17],[6,8],[-19,9],[-7,8],[-9,2],[-3,14],[-7,2],[-1,10],[-12,7],[-27,10],[0,6],[-7,9],[-14,-1],[4,-6],[-12,-5],[-16,-4],[-4,-3],[-15,-4],[-12,-7],[-11,0],[-9,6],[-23,-2],[-11,-2],[-24,-12],[-12,-12],[19,-5],[5,-7],[13,-3],[10,-6],[1,-20],[-6,-15],[-14,-6],[-36,-9],[-14,-10],[-15,-2],[-8,-7],[-8,-2],[-20,4],[-15,-1],[-9,6],[-7,-9],[-21,-10],[0,-5],[-11,-8],[-2,-13],[-8,-3],[-3,-9]],[[7534,17918],[-7,7],[-30,-4],[-13,4],[3,8],[-10,30],[2,12],[1,23],[-2,14],[-7,11],[-22,17],[-2,16],[-4,4],[3,19],[-1,8],[-5,140]],[[7440,18227],[18,-2],[46,-4],[41,-1],[38,1],[24,-1],[45,1],[60,7],[27,4],[22,10],[40,16]],[[7791,18096],[8,-5],[-10,-9],[6,-8],[-5,-4],[1,-14],[12,-6],[8,-1],[-3,-24],[-10,-7],[-1,-9],[19,-11],[10,-2],[6,-10],[-6,-13],[2,-7],[-1,-17],[1,-16],[10,-18],[13,-7],[-6,-17],[18,-13],[13,4],[0,-36]],[[7044,17924],[42,-3],[15,3],[8,-3],[9,1],[28,0],[15,4],[24,3],[7,-14],[13,7],[40,-3],[12,17],[5,3],[10,-5],[10,3],[27,4],[47,12],[62,1],[31,-8],[12,-1],[10,-7],[-8,-11],[-4,-13],[75,4]],[[7138,17727],[0,15],[-7,10],[5,12],[-21,3],[-11,-7],[-18,2],[-6,3],[-11,-3],[-15,0],[-2,6],[-9,4]],[[7550,16136],[12,3],[13,-14],[11,5],[9,7],[3,7],[18,11],[3,6],[22,12],[23,11],[21,14],[28,15],[42,26],[15,7],[49,18],[17,8],[4,16],[-4,8],[1,10],[15,11],[7,15],[8,6],[22,12],[13,22],[11,9],[10,15],[0,14],[10,15],[-2,8]],[[7362,16160],[19,10],[-11,8],[4,10],[8,3],[10,0],[5,15],[49,0],[2,11]],[[7159,16313],[7,9],[13,-1],[17,4],[5,-3],[21,18],[12,8],[0,14],[24,17],[-6,24],[8,10],[21,12],[3,9],[6,6],[11,-1],[8,3],[12,-3],[9,15],[-14,9],[6,3],[24,-1],[25,26],[-5,30],[14,10]],[[6836,18376],[9,0],[17,-8],[7,1],[12,-6],[30,-10],[23,-2],[32,-7],[48,-16],[20,-6],[11,-4],[66,-20],[53,-15],[10,-1],[48,-14],[31,-8],[90,-18],[61,-10],[36,-5]],[[6939,17068],[5,2],[7,-11],[11,2],[7,9],[13,4],[12,-10],[23,-12],[17,10],[22,1],[17,7],[56,-9],[21,5]],[[8625,10199],[24,4],[22,-6],[8,3],[10,-4],[19,7],[14,-9],[2,6],[13,7],[15,-10],[17,2],[28,-4],[5,10],[8,2],[12,-4],[27,2]],[[8849,10205],[-3,-11],[7,-6],[9,-2],[6,-8],[9,-4],[4,-15],[-6,-9],[-11,-3],[-5,-18],[3,-11],[16,1],[7,-6],[15,-6],[13,-14],[19,4],[8,-10],[27,-1],[17,-12],[77,-20],[3,4],[18,0],[20,-1],[18,-9],[10,-8],[28,-4],[40,-8],[27,-9],[29,1],[10,5],[20,0],[20,-7],[17,1],[11,4],[15,-2],[13,1],[18,8],[10,-2],[14,4],[10,0],[13,-6],[8,3],[4,-10],[12,2],[5,-4]],[[9454,10017],[140,-107],[0,-126]],[[9594,9784],[-8,9],[-11,-7],[-20,14],[-14,-2],[-16,1],[-8,4],[-5,8],[-11,-3],[-7,3],[8,9],[-18,6],[-19,-9],[-24,-1],[-12,-8],[-12,0],[-13,-7],[-12,11],[-12,-5],[-7,5],[-23,-4],[-2,11],[-6,5],[-15,-1],[-8,4],[-17,-3],[-22,2],[-4,-4],[-23,3],[-13,6],[-14,2],[-11,6],[-19,4]],[[9196,9843],[-34,4],[-19,0],[-24,8],[-32,5],[-11,-3],[-9,3],[-27,2],[-87,15],[-20,6],[-22,0],[-7,-2],[-18,2],[-16,3],[-17,-2],[-11,2],[-17,0],[-22,7],[-22,4],[-21,-3],[-26,4],[-17,-1],[-21,4],[-13,-4],[-35,4],[-11,11],[-12,5],[-6,13],[0,7],[10,11],[-4,10],[3,21],[-5,11],[-1,13],[33,10],[34,14],[16,16],[9,14],[-4,26],[-20,15],[-12,7],[-17,-5]],[[9196,9843],[-1,-10],[-7,-7],[-12,-19],[-5,-3],[2,-13],[-13,-22],[-7,-20],[-5,-25],[7,-12],[-13,1],[-4,-7],[-10,-1],[1,-17]],[[9129,9688],[-18,-10],[-9,1],[-9,-4],[-15,-1],[-20,0],[-8,5],[-15,0],[-4,6],[-11,4],[-8,9],[-6,-3],[-13,3],[-1,4],[-12,10],[-11,-3],[-6,3],[-9,-4],[-13,-1],[-11,5],[-16,-1],[3,-8],[-3,-6],[-26,5],[-9,-4],[-33,7],[-14,0],[-10,4],[-12,2],[-17,12],[-23,5],[-9,7],[-23,8],[-12,13],[-20,6],[-6,-1],[-16,6]],[[8684,9767],[-11,5],[-17,-2],[-9,6],[-39,3],[-20,-6],[-15,3],[-9,-3],[-13,6],[-11,13],[-12,3],[-13,10],[-18,3],[-9,-3],[-18,1],[-17,23],[-15,12],[-8,-1],[-25,3],[-5,7],[-19,5],[-15,-6],[-16,3],[-10,-5],[-13,-2],[-11,8],[-11,-1],[-14,10],[7,5],[4,25],[-10,5],[-11,11],[-11,3],[-32,24],[-8,0],[-14,8],[-9,10],[-17,1],[-8,-6],[0,-5]],[[9795,10744],[8,-10],[-7,-10],[-4,-20],[7,-13],[17,-18]],[[9816,10673],[6,-13],[15,-16],[17,-7],[0,-14],[9,-1],[12,-8],[12,-13],[8,0],[14,-6],[10,-2],[15,-13],[5,-24],[5,-10],[16,-9],[4,-5],[-5,-10],[9,-4],[14,-17],[0,-11],[9,-4],[16,-1],[14,-14],[22,-17],[0,-11],[8,-13],[32,-13],[8,-7],[3,-7],[20,2],[12,-5],[14,-19]],[[10140,10381],[-143,-1],[11,-10],[-8,-14],[1,-6],[11,-5],[4,-9],[-3,-7],[10,-12],[8,-15],[-6,-7],[-13,0],[7,9],[-8,9],[-13,-6],[-9,19],[-13,2],[-8,5],[-21,3],[-5,4],[-16,1],[-9,7],[8,16],[-5,6],[-12,6],[-16,11],[-14,-1],[-17,7],[-9,0],[-8,7],[-22,6],[-7,7],[-6,-4],[-13,6],[-12,-1],[-14,6],[-13,-11],[-25,11],[-1,11]],[[10140,10381],[6,-3],[12,2],[15,-5],[7,4],[11,-8],[-6,-5],[-10,0],[-2,-8],[17,-4],[9,-6],[1,-10],[7,-2],[14,4],[9,-8],[-8,-7],[-9,-3],[-2,-9],[19,-3],[11,-5],[15,0],[9,-9],[0,-6],[-7,-4],[-9,2],[-5,-5],[10,-7],[13,5],[5,-4],[-10,-8],[-1,-8],[10,-3],[28,-3],[10,-5],[0,-17]],[[10309,10233],[-9,-5],[-3,-12],[-15,-32],[-6,-5],[-12,-4],[-14,2],[-11,11],[-20,10],[-12,-6],[5,-13],[1,-10],[-4,-7],[-13,-2],[-14,13],[-14,5],[-18,-2],[-2,-5],[6,-13],[-9,-5],[-11,9],[3,8],[-3,5],[-20,11],[-12,-6],[6,-13],[9,0],[1,-8],[-9,-13],[-14,-4],[-6,2],[-2,11],[-14,0],[4,-16],[12,-27],[-1,-9],[-7,-4],[-11,6],[-25,-3],[-11,-3],[-13,-26],[-11,-6],[-5,-8],[-1,-12],[-12,6],[-11,-1],[-9,-9],[-10,-1],[-14,3],[-12,7],[-19,0],[-13,4],[-15,9],[-17,20],[-8,5],[-7,-6],[7,-15],[-5,-11],[-11,-5],[-10,1],[5,10],[0,10],[-7,4],[-20,-10],[-6,5]],[[9810,10073],[9,6],[0,5],[-13,3],[-7,9],[9,15],[-7,10],[-6,-2],[-7,-11],[-15,4],[-1,5],[14,9],[1,7],[-13,4],[-10,-1],[-9,7],[13,8],[11,0],[-2,9],[-18,5],[-13,-1],[-14,-7],[-6,-7],[-28,8],[-1,7],[-21,5]],[[9129,9688],[12,-2],[7,-4],[20,0],[6,-5],[12,-3],[6,8],[20,7],[9,-2],[15,6],[6,8],[52,-186]],[[9294,9515],[-26,-5],[-11,0],[-7,4],[-10,-5],[-11,7],[-10,1],[-17,8],[-8,-3],[-8,3],[-23,1],[-13,10],[-10,-6],[-5,6],[-13,-4],[-17,1],[-18,-3],[-10,8],[-18,0],[-17,-6],[-11,0],[-11,4],[-27,5],[-8,11],[-14,7],[-8,-1],[-10,6],[-5,11],[-18,0],[-5,-3],[-16,5],[-21,2],[-6,7],[-13,3],[-13,-1],[-9,-3],[-5,5],[-15,5],[-23,1],[-15,10],[-19,3],[-12,-1],[-12,5],[-13,1],[-26,7],[-8,7]],[[8699,9628],[-6,18],[-7,9],[-11,7],[-2,12],[-12,6],[27,29],[21,12],[-8,18],[-10,-1],[-12,8],[-2,13],[7,8]],[[7904,9879],[4,-24],[18,-19],[0,-5],[10,-6],[15,-12],[15,-18],[2,-8],[8,-4],[10,0],[11,-4],[13,0],[14,-6],[33,-2],[26,-5],[18,0],[65,-10],[41,-5],[57,-9],[40,-4],[28,-4],[97,-12],[18,6],[17,0],[9,3],[12,-3],[12,-7],[3,-7],[17,-10],[19,0],[13,-20],[21,-14],[35,-12],[10,-9],[22,-10],[12,-3]],[[8649,9636],[0,-3],[12,-12],[8,-4],[19,-31],[-2,-8],[-18,-3],[-23,2],[-14,4],[-10,-10],[2,-12],[-17,-6],[-20,-22]],[[8586,9531],[-11,17],[-22,11],[-28,9],[-27,15],[-8,-5],[-19,0],[-6,-7],[-16,-3],[-5,-7],[-2,-10],[-22,-11]],[[8420,9540],[-11,1],[-8,9],[-17,1],[-12,9],[-25,4],[-11,-3],[-19,0],[-9,-3],[-12,0],[-15,-6],[2,-27],[-26,-8],[-9,-5],[-17,-5],[-15,4],[-18,2],[-23,6],[-9,0]],[[8166,9519],[2,4],[-10,12],[3,16],[-11,4],[-12,10],[-14,4],[-3,3],[-16,1],[-13,22],[-4,3],[-26,-2],[-6,-7],[-31,-2],[-17,7],[-17,11],[-33,0],[-36,-13],[-18,19],[0,8],[-22,3],[-5,7],[-25,1],[-10,-15],[9,-9]],[[7851,9606],[1,-12],[-2,-20],[-15,-12],[-25,-10],[-36,-21],[-23,-9],[-6,6],[-13,-2],[-39,0],[-6,-4],[-21,-3],[-8,5],[-14,1],[-19,-2],[-1,11],[-14,6],[-3,8],[-12,7],[-12,1]],[[9810,10073],[-8,4],[-9,-3],[-23,4],[-5,8],[-12,-3],[4,-10],[-16,-10],[-16,-5],[-12,3],[-14,-2]],[[9699,10059],[-9,5],[-10,-1],[-1,11],[-20,-2],[-16,2],[1,3],[-20,5],[-9,-4],[-23,-5],[-10,4],[-19,-5],[-20,7],[-4,-4],[-40,6],[-12,-3],[1,-6],[-20,-9],[-14,-2],[-13,2],[-18,-10],[-3,2],[-16,-7],[-11,0],[-19,3],[-25,-5],[-19,1],[-17,-7],[-18,1],[-10,3],[-13,-1],[-19,-5],[-23,3],[-13,7],[-14,3],[-9,-3],[-12,0],[-4,8],[-10,3],[-4,6],[-12,4],[4,5],[-14,17],[-12,3],[-22,17],[-9,4],[-13,15],[-9,4],[-8,11],[-7,6],[-16,18],[-9,7],[-12,13],[-4,1],[-35,-9],[-9,19],[-14,14],[-14,4],[4,15],[-16,12],[5,64]],[[8656,10407],[-2,-4],[6,-19],[-1,-12],[12,-15],[4,-13],[15,-14],[6,-1],[13,7],[19,2],[13,5],[4,7],[8,-3],[-2,-11],[4,-12],[-2,-6],[29,-26],[7,13],[9,5],[1,7],[11,11],[17,1],[15,8]],[[8842,10337],[10,-17],[7,-3],[10,-11],[4,-7],[12,-8],[10,-22],[-14,-15],[-10,-4],[-10,-10],[0,-12],[-9,-11],[-3,-12]],[[8420,9540],[1,-10],[-6,-9],[-14,-3],[2,-17],[4,-7],[19,-7],[8,-7],[11,-1],[8,-6],[19,2],[19,-1],[16,-6],[13,-11],[12,-14],[15,8],[52,-1],[25,3]],[[8624,9453],[8,-6],[8,-17],[11,-17],[2,-8]],[[8653,9405],[-1,-23],[7,-31],[-1,-15],[-5,-24],[6,-9],[-1,-14],[-5,-6],[-17,2],[-14,-2],[-10,-5],[-15,-4],[-9,2],[-8,-5],[-8,1],[-8,-5],[-24,-1],[-3,2],[-14,-2],[-50,7],[-41,-1]],[[8432,9272],[-8,0],[-13,8],[-15,5],[-18,3],[-18,5],[-4,-2],[-15,11],[-7,2],[-5,-9],[-8,2],[-12,-3],[-3,5],[9,15],[-4,13],[-9,8],[-22,15],[-6,12],[-27,8],[-11,12],[-1,8],[-6,6],[-10,2],[-8,10],[-18,-4],[-3,9],[7,10],[-4,7],[0,13],[-9,12],[-9,7],[1,8],[11,8],[-7,10],[-18,18],[4,13]],[[8586,9531],[14,-16],[0,-8],[12,-20],[7,-6],[5,-28]],[[9185,9077],[-15,-43],[-20,-3],[-5,-7],[-14,1],[-7,3],[-8,12],[-11,8],[-27,-2],[-16,7],[-10,-11],[4,-4],[-22,-4],[-18,-18],[-11,-2],[-9,6],[-28,-1],[-9,5],[-11,-2],[-38,4],[-12,-2],[-3,-6],[2,-7],[9,-6],[16,-1],[15,-6],[5,-6],[14,0],[13,-6],[13,-19],[-4,-9],[5,-9],[-2,-9]],[[8981,8940],[-19,8],[-9,-6],[-26,1],[-6,8],[1,12],[-9,10],[-34,11],[-26,15],[2,10],[-28,8],[-1,6],[-17,12],[-35,3],[-8,7],[-9,0],[-12,6],[-11,-1],[-16,11],[-30,14],[-16,12],[-10,2],[-8,7]],[[8654,9096],[4,9],[15,16],[-2,12],[16,26],[-5,8],[12,3],[16,14],[14,2],[-4,10],[19,9],[3,6],[12,7],[2,9],[-4,8],[8,4],[1,10],[17,17],[9,5],[0,5],[26,0],[-1,6],[13,7],[2,14],[-7,3],[8,7],[-9,3],[5,8]],[[8824,9324],[14,-6],[14,-3],[12,-13],[3,-8],[15,-12],[9,-3],[13,-12],[13,-27],[11,-6],[-1,-5],[9,-6],[5,-12],[-3,-8],[28,-2],[8,-10],[13,-9],[14,-7],[0,-5],[11,-5],[-3,-6],[12,-3],[11,-7],[13,1],[16,6],[18,1],[11,3],[17,-8],[5,2],[17,-17],[5,-12],[13,1],[21,-8],[11,-19],[-1,-12],[7,-10]],[[8653,9405],[5,3],[27,13],[26,17],[13,-8],[7,2],[10,-15],[-1,-7],[23,-24],[-3,-5],[10,-7],[6,-9],[12,2],[3,-5],[12,-5],[3,-12],[7,-6],[8,-1],[3,-14]],[[8654,9096],[-8,3],[-10,-1],[-13,8],[-26,20],[-23,13],[-2,7],[10,0],[6,6],[-17,11],[-34,3],[-16,4],[-12,-3],[-28,5],[-7,4],[2,16],[-20,6]],[[8456,9198],[6,13],[0,9],[8,-1],[-1,9],[-14,0],[2,19],[-3,14],[-22,11]],[[8699,9628],[-15,0],[-6,6],[-19,-2],[-10,4]],[[13043,9089],[0,-191],[0,-172],[0,-204]],[[13043,8522],[-17,1],[-14,-9],[-11,-3],[-21,3],[-32,33],[-9,-1],[3,-23],[-6,-7],[-15,-6],[-8,2],[-13,10],[-8,8],[-6,11],[-7,6],[-10,2],[-8,-14],[-10,-3],[-22,0],[-9,-5],[-8,-21],[-6,-4],[-31,-4],[-15,4],[0,14],[-9,9],[-12,1],[-26,-21],[-9,0],[-18,4],[-9,8],[0,28],[-6,18],[-7,7],[-10,3],[-20,-1],[-8,-4],[-3,-12],[7,-12],[0,-9],[-16,-27],[-13,-13],[-14,-2],[-7,7],[4,16],[-3,11],[-13,8],[-9,-1],[-17,-5],[-2,-8],[7,-10],[-6,-21],[-11,-13],[-15,4],[-15,11],[-20,13],[-26,7],[-24,13],[-23,17],[-7,-6],[2,-14],[6,-14],[-3,-16],[-13,-6],[-11,1],[-13,11],[-6,10],[-33,8],[-27,3],[-23,-23],[-6,-2],[-23,9],[-24,7],[-17,0],[0,-7],[13,-8],[8,-10],[-6,-9],[-10,-1],[-26,5],[-17,0],[-27,-7],[-11,-9],[-4,-10],[-13,-5],[-18,-1],[-30,4],[-5,10],[17,18],[8,17],[1,7],[-7,7],[-15,2],[-17,-3],[-3,-6],[1,-17],[-5,-8],[-14,-10],[-13,3],[-23,13],[-22,11],[-20,29],[-23,15],[-10,0],[-10,-5],[3,-13],[10,-12],[4,-12],[-2,-13],[-11,-12],[-6,-12],[-18,-16],[-10,0],[-5,5],[0,16],[6,10],[2,17],[-10,16],[-12,5],[-33,5],[-11,-1],[-43,-7],[1,-5],[22,4],[14,1],[11,-8],[4,-10],[-9,-19],[-8,-6],[-34,7],[-14,0],[-35,-7],[-15,-5],[-38,-6],[-21,1],[-26,6],[-21,-2],[-10,-3],[-13,-9],[-23,-25],[-8,8],[-10,19],[-25,7],[-15,1],[-16,-3],[-34,-12],[-21,-1],[-34,9],[-26,14],[-8,7],[0,7],[-19,33],[-8,8],[-16,8],[-13,0],[-6,-6],[-2,-14],[-3,-7],[-9,-2],[-19,2],[-25,9],[-15,2],[-11,-1],[-15,-6],[-9,-13],[-6,-27],[4,-10],[-1,-13],[3,-5],[28,-17],[5,-10],[-1,-8],[-7,-10],[-15,-6],[-14,2],[-14,4],[-18,11],[-12,11],[-8,14],[-9,6],[-5,10],[-8,5],[-13,2],[-8,-2],[-11,-8],[-1,-10],[11,-14],[-2,-10],[-11,-10],[-24,-8],[-11,1],[-12,11],[-5,11],[-7,6],[-12,3],[-32,-3],[-20,-13],[-17,-6],[-24,-28],[-28,-25],[-28,-13],[-8,0],[-15,8],[-25,9]],[[10809,8352],[-18,17],[-9,2],[-18,-2],[-5,-6],[-16,-3],[-11,-8],[-34,2],[-24,10],[-12,15],[-14,5],[-10,1],[-3,10],[-17,2],[-3,12],[-11,6],[-9,-3],[-10,4],[5,6],[-11,10],[-12,-2],[-5,8],[-7,-1],[-15,14],[-1,5],[-12,2],[-10,-2],[-11,10],[-16,-8],[-15,8],[-2,14],[-12,5],[-16,-2],[-11,6],[-2,15],[6,6],[0,7],[-10,0],[-5,7],[-15,6],[-14,11],[-7,12],[-8,2],[-5,14],[-11,9],[-6,-3],[-8,10],[-28,12],[-11,15],[-6,0],[-8,9],[-25,12],[-10,12],[-6,-1],[-12,6],[-19,4],[-10,-1],[-4,5],[3,7],[-3,7],[2,8],[-18,4],[-4,-19],[4,-6],[-6,-10],[6,-7],[-25,-17],[-11,-13],[0,-9],[-8,-6],[0,-11],[8,-5],[0,-13],[-21,-2],[3,-5],[-4,-8],[-9,-2],[-14,-10],[-6,4],[-22,-6],[-12,-1],[-11,-9]],[[10062,8529],[-13,15],[-2,5],[-13,5],[-10,14],[4,9],[12,3],[0,8],[-6,12],[-13,8],[10,7],[-4,7],[11,1],[7,5]],[[10045,8628],[7,7],[1,13],[-10,7],[12,7],[-21,16],[-2,7],[6,9],[-5,10],[10,19],[-8,11],[10,17],[-5,8],[7,7],[6,12],[-11,7],[2,8],[-6,16],[-8,-2],[-8,7],[5,4],[0,9],[30,17],[8,9],[-2,20],[-5,7],[0,24],[-1,12],[-10,13],[7,14],[8,5],[9,13],[11,4],[0,14]],[[10082,8979],[5,3],[11,-2],[9,-6],[10,5],[6,6],[14,-5],[9,3],[5,-7],[10,-2],[11,4],[-1,5],[16,-3],[32,-5],[2,12],[8,-3],[20,11],[17,3],[12,-7],[-1,-12],[14,4],[12,-8],[8,7],[10,0],[-2,11],[8,0],[9,9],[9,-9],[9,4],[17,2],[3,6],[-8,4],[3,12],[13,5],[13,-16],[19,1],[12,6],[-7,4],[7,8],[11,-1],[12,-9],[9,14],[18,4],[-12,12],[13,6],[10,-3],[20,4],[23,-2],[3,2],[1,12],[6,1],[11,11],[10,0],[4,-15],[-3,-9],[13,-7],[16,1],[11,9],[10,-7],[10,-1],[5,8],[11,-5],[4,-9],[19,-1],[-12,19],[8,5],[13,-5],[29,-3],[11,19],[12,2],[14,8],[9,10],[12,-3],[2,5],[22,5],[9,3],[2,9],[13,-2],[10,3],[4,6],[-7,16],[7,4],[1,11],[8,4],[22,-1],[8,26]],[[10858,9185],[0,-5],[12,-12],[5,-9],[13,-2],[10,-13],[9,-7],[1,-9],[20,-6],[9,-16],[26,-1],[11,2],[31,-4],[6,-4],[19,5],[15,-5],[15,5],[10,-3],[9,2],[6,-6],[24,5],[18,-2],[4,6],[25,-17],[9,-1],[18,-12],[7,-9],[-3,-11],[9,-14],[-2,-8],[4,-11],[10,-7],[-6,-8],[5,-13],[10,-3],[16,-1],[24,10],[11,-3],[10,4],[22,15],[7,1],[13,10],[7,-4],[13,8],[22,3],[3,6],[15,-4],[9,-6],[10,1],[8,7],[-2,7],[11,11],[20,0],[2,11],[7,5],[19,6],[5,-4],[15,5],[13,11],[10,-2],[20,5],[10,8],[9,0],[7,5],[3,8],[22,-4],[14,5],[0,10],[21,1],[12,8],[13,-3],[7,2],[10,-6],[10,3],[7,8],[21,5],[6,6],[19,-8],[11,6],[15,-5],[14,0],[1,5],[12,4],[22,1],[-5,-6],[18,-8],[8,-8],[15,6],[9,0],[23,8],[-2,4],[14,7],[9,8],[11,1],[4,9],[24,-8],[7,5],[22,9],[3,-3],[13,6],[-3,7],[14,6],[15,9],[3,-6],[14,-3],[13,5],[2,14],[9,9],[9,-4],[5,4],[13,0],[18,8],[7,9],[11,1],[5,4],[17,-1],[17,-11],[27,-2],[18,1],[9,11],[9,-7],[10,3],[32,-11],[12,-8],[16,0],[12,-9],[10,0],[21,-7],[11,4],[20,-6],[5,6],[23,6],[11,5],[9,-2],[22,2],[11,10],[14,8],[10,-4],[9,7],[15,-4],[8,7],[15,1],[7,-11],[25,4],[21,-4],[10,7],[11,0],[17,-6],[13,6],[4,-4],[11,-1],[9,-7],[11,-1],[9,5],[11,-6],[0,-14],[11,1],[27,-19],[22,1],[5,-3],[17,7],[-5,10],[14,0],[8,-3],[11,14],[21,-7],[12,5],[16,-11],[8,4],[8,-3],[21,3],[14,-5],[5,2],[9,-10],[-3,-6],[15,-8],[13,2],[2,-8],[-5,-9],[4,-15],[25,-9],[-2,-5],[19,-12],[9,-10],[17,6],[4,4],[16,-5],[17,5],[16,-27],[12,-11],[7,-2]],[[8153,9209],[23,-5],[11,-6],[14,-13],[6,-3],[15,-29],[2,-11],[-8,-18],[10,-15],[9,-7],[0,-6],[7,-10],[11,-1],[32,-7],[7,-6],[10,-4],[-7,-13],[-11,-10],[-2,-6],[-13,-10],[-3,-9],[7,-7],[-3,-15],[7,-8],[-7,-15],[-12,-13],[0,-7],[12,-2],[-4,-7],[4,-5],[-21,-19],[-9,-4],[-13,0],[-5,4],[1,9],[-9,6],[1,16],[-11,4],[-34,-1],[-16,-18],[-10,-17],[48,-98]],[[8192,8823],[53,-108],[-8,-11],[4,-7],[-9,-10],[-7,-4],[2,-10],[8,-15],[-9,-14],[16,-8],[8,-8],[-6,-9],[-7,-5],[-2,-8],[-16,-3],[-4,-13],[10,-11],[-13,-12],[-6,-20],[-12,1],[-9,-8],[-5,-12],[-7,-5],[-1,-13],[-17,-5],[-3,-7],[-10,-1],[5,-11],[-2,-18],[9,-11],[14,4],[24,-7],[-1,-4],[16,-6],[13,-3],[14,-19],[24,-5],[8,1],[8,-7],[-15,-16],[5,-6],[14,-2],[-2,-8],[5,-7],[-4,-12],[10,-9],[-3,-7],[-12,1],[-3,-4],[-14,-4],[-4,-5],[-20,-13],[9,-5],[7,1],[29,-1],[8,-4],[5,-10],[12,-7],[-8,-5],[8,-12],[2,-10],[8,-7],[7,-10],[-3,-12],[-20,-1],[6,-16],[5,-6],[0,-7],[-11,-3],[-4,-11],[6,-11],[0,-10],[-13,-10],[-1,-14]],[[8283,8148],[-18,4],[-4,11],[-17,5],[5,6],[-3,11],[-5,5],[-11,-9],[-4,5],[-10,-1],[-10,3],[1,9],[-9,2],[1,8],[-7,7],[-20,1],[-12,3],[-3,7],[9,9],[-5,5],[-2,9],[11,2],[-21,15],[-1,22],[-22,4],[-2,12],[10,5],[-8,10],[7,9],[-7,5],[-10,0],[-9,5],[0,11],[-16,10],[-13,4],[-2,11],[-7,10],[-26,13],[-6,1],[-6,19],[-11,5],[-11,15],[1,7],[-12,4],[-2,9],[-13,5],[-18,16],[-20,2],[-9,10],[2,10],[-5,15],[11,14],[7,13],[-5,11],[1,14],[-21,14],[4,9],[-10,7],[0,11],[-9,7],[0,6],[-9,10],[-6,19],[-6,10],[-15,17],[-5,14],[5,16],[-1,10],[-11,24],[3,3],[-3,15],[-17,12],[-9,12],[-6,17],[3,38],[-10,15],[-13,12],[-12,27],[1,10],[11,9],[-7,14],[-7,5],[-1,9],[6,12],[-3,14],[-7,13],[3,9],[-7,2],[-2,13],[-24,17],[-3,16],[-9,26],[-6,7],[6,19],[17,10],[-4,10],[4,18],[-7,12],[1,6],[10,14],[2,9],[-16,11],[-6,12],[-1,10],[-5,7],[5,11],[5,2],[14,19],[7,4],[2,19],[4,5],[-5,13],[8,13],[12,3],[-2,5],[12,22],[6,2],[8,11],[-6,2],[-10,16],[-17,17],[-3,9],[6,11],[2,11],[9,6],[-1,9],[5,7],[9,0],[8,14]],[[7823,9436],[12,0],[15,-4],[5,-7],[-5,-9],[5,-5],[-7,-6],[0,-8],[-10,-18],[4,-10],[10,-10],[5,-10],[10,-7],[-4,-6],[3,-11],[-4,-4],[1,-13],[-4,-7],[15,-5],[17,3],[11,7],[29,11],[-3,4],[2,10],[13,9],[16,-10],[14,5],[12,-2],[21,3],[9,-4],[0,-12],[-4,-11],[4,-13],[11,-11],[-2,-10],[10,-9],[2,-6],[-17,-20],[13,-10],[32,0],[20,4],[11,-3],[24,1],[8,-7],[-2,-5],[22,-12],[6,1]],[[7251,8227],[8,2],[17,-7],[12,-13],[15,-5],[0,-14],[14,-14],[17,-6],[7,-6],[23,0],[12,-26],[4,-17],[9,-15],[1,-15],[15,-1],[6,-14],[10,-3],[10,1],[-2,9],[26,5],[2,9],[18,9],[14,-2],[11,-5],[12,8],[13,0],[31,10],[7,0],[12,8],[9,0],[8,5],[13,0],[4,-6],[20,-5],[35,1],[11,8],[23,0],[17,-4],[18,1],[6,4],[34,7],[4,5],[12,-1],[21,-19],[11,3],[14,-5],[10,18],[16,-3],[18,7],[15,-9],[16,8],[1,8],[10,-3],[10,2],[12,-10],[15,-1],[7,5],[15,2],[22,-4],[9,-7],[9,-1],[18,10],[15,1],[10,-8],[8,-1],[6,-8],[21,12],[13,-2],[12,-9],[3,-8],[22,4],[-7,15],[4,5],[11,0],[9,-7],[16,8],[9,-2],[8,4],[11,-6],[6,-15],[7,3],[12,-7],[12,4],[18,-14],[-1,-9],[5,-4],[11,3],[3,-8],[22,9],[21,-1],[2,7],[12,-2],[7,6]],[[8346,8111],[21,2],[143,27],[279,55],[108,19],[13,2],[17,8],[23,4],[12,4],[8,-11],[8,-5],[5,-15],[7,-13],[10,-9],[14,-7],[8,1],[3,-10],[20,0],[1,-7],[-7,-10],[6,-7],[6,0],[8,-15],[-4,-4],[8,-11],[-12,-5],[7,-9],[-6,-4],[-17,-4],[0,-4],[16,-9],[5,-11],[17,-5],[9,9],[12,-1],[19,-4],[23,-20],[-3,-4],[5,-25],[15,-1],[-1,-11],[-9,-6],[0,-6],[-9,-10],[5,-5],[-2,-16],[-8,-7],[12,-2],[8,-16],[-1,-6]],[[9148,7927],[-16,-4],[7,-21],[8,-13],[0,-12],[-8,-6],[-12,-1],[-6,6],[-1,12],[-8,9],[-10,1],[-19,-5],[-22,1],[-13,-3],[-3,-7],[5,-8],[-1,-9],[-9,-3],[-11,5],[7,15],[-1,6],[-13,16],[-2,18],[-8,6],[-8,-2],[-13,-12],[-27,-9],[-10,-11],[-16,-6],[-16,3],[-7,11],[9,11],[-3,14],[-8,3],[-17,-11],[-31,-5],[-23,-16],[1,-11],[7,-5],[15,-4],[7,-6],[-8,-10],[-19,-3],[-8,-11],[5,-21],[5,-5],[-7,-14],[-11,-5],[-10,1],[-9,9],[-9,3],[0,-135],[1,-142]],[[8802,7541],[0,-242],[0,-162],[0,-130]],[[7851,9606],[7,1],[7,-21],[6,-3],[-5,-9],[4,-11],[12,-8],[-1,-7],[-8,-13],[-12,-10],[5,-11],[-12,-5],[-11,1],[6,-22],[-13,-4],[-2,-13],[-7,-12],[-8,-2],[-1,-7],[8,-9],[-3,-5]],[[8283,8148],[6,1],[15,-19],[9,-6],[13,0],[6,-9],[14,-4]],[[8456,9198],[-27,-1],[-10,4],[-24,0],[-24,6],[-6,7],[-8,0],[-10,8],[-28,8],[-4,4],[-23,6],[-11,4],[-26,18],[-23,-7],[-12,2],[-14,-1],[-7,6],[-13,3],[-8,-16],[4,-6],[-4,-13],[-11,-5],[-14,-16]],[[10809,8352],[-12,-6],[-43,-1],[-4,-6],[9,-7],[4,-8],[0,-17],[-2,-7],[-12,-9],[-21,-4],[-40,6],[-16,9],[-18,6],[-12,-2],[-2,-4],[5,-16],[-6,-5],[-15,-2],[-23,4],[-15,-10],[1,-10],[6,-3],[13,-1],[9,-6],[-1,-8],[-12,-5],[-26,0],[-15,-9],[-1,-10],[10,-27],[1,-20],[-4,-8],[-12,-2],[-12,1],[-3,10],[3,11],[-3,15],[-11,10],[-24,6],[-6,-1],[-21,-20],[-12,-7],[-3,-9],[6,-19],[-4,-6],[-13,-5],[-13,1],[-4,4],[1,15],[-7,27],[-9,9],[-16,5],[-11,1],[-17,-4],[-11,-8],[-22,-34],[-28,-17],[-18,-1],[-23,4],[-17,8],[-28,11],[-5,4],[-7,19],[-11,7],[-23,1],[-22,-11],[-30,-11],[-15,-12],[-17,-10],[-19,-1],[-22,-8],[-9,-9],[-21,5],[-10,-2],[-8,-6],[-1,-9],[6,-10],[0,-6],[-10,-12],[-13,-6],[-15,0]],[[9977,8094],[121,212],[70,123],[-13,4],[-11,-2],[-14,14],[-28,-5],[6,15],[-1,14],[-19,25],[-23,6],[-5,7],[-9,4],[13,6],[-4,5],[2,7]],[[10858,9185],[17,15],[5,8],[10,2],[11,-3],[-1,13],[11,8],[-7,6],[0,8],[4,7],[-11,4],[-2,5],[6,8],[9,0],[11,12],[12,-5],[18,14],[0,6],[-11,1],[-1,12],[-5,7],[5,16],[-15,5],[-3,5],[13,6],[15,2],[17,13],[14,-1],[12,-5],[4,12],[-9,5],[4,7],[-6,6],[10,14],[10,-5],[19,6],[1,13],[-11,2],[-2,6],[8,5],[19,-4],[10,6],[-10,6],[-17,1],[-4,12],[16,7],[-1,20],[-10,2],[8,8],[-5,9],[8,4],[8,-6],[16,-2],[0,5],[-11,9],[18,3],[-3,7],[-9,4],[-5,-5],[-8,4],[-3,14],[7,7],[-6,5],[6,7],[8,-2],[8,16],[-19,8]],[[11041,9570],[0,10],[21,-7],[4,5],[-10,21],[-11,-8],[-3,10],[17,2],[19,5],[1,5],[-22,8],[-13,7],[-1,8],[8,4],[15,1],[9,7],[-12,7],[1,5],[8,5],[19,0],[4,9],[-7,7],[0,11],[6,6],[21,2],[19,-4],[-5,16],[10,4],[-6,10],[-18,3],[-17,-1],[-6,9],[16,3],[27,2],[11,-4],[10,2],[13,8],[6,-2],[-10,-26],[15,-2],[4,8],[-4,15],[8,17],[5,3],[14,2],[5,10],[-19,19],[2,12],[8,6],[14,2],[19,-3],[10,0],[2,8],[-14,8],[-4,6],[7,18],[5,5],[25,7],[-1,6],[-15,4],[-16,1],[1,8],[18,2],[23,-3],[15,1],[9,19],[-7,15],[-14,6],[-14,0],[-5,4],[5,10],[9,1],[18,-9],[28,-12],[9,6],[0,10],[-5,13],[7,11],[0,8],[16,4],[3,14],[-6,8],[9,13],[-14,1],[-8,-8],[-9,0],[-17,-7],[-11,-1],[-16,-10],[-19,2],[-14,9],[-10,-1],[-22,4],[-4,5],[-10,0],[4,15],[-9,8],[-11,1],[-21,12],[-6,16],[12,8],[18,1],[9,4],[9,17],[10,7],[-2,7],[5,5],[3,13],[-4,4],[12,10],[-11,9],[12,5],[-3,7],[10,21],[8,1],[-1,18],[7,9],[-7,11],[7,19],[2,16],[9,15],[-1,18],[11,-1],[7,6],[-5,9],[14,10],[-4,5],[19,9],[3,10],[13,3],[2,10],[20,3],[21,2],[20,7],[13,-4],[11,-10]],[[11406,10331],[6,-10],[14,-10],[7,-1],[20,6],[16,7],[17,2],[43,-5],[13,1],[25,13],[7,16],[23,5],[1,12],[26,15],[16,17],[19,5],[23,18],[6,19],[5,7],[13,9],[27,6],[10,4],[22,26],[8,7],[37,19],[13,11],[10,21],[7,8],[11,4],[25,1],[16,-8],[23,2],[12,-4],[34,-4],[40,18],[23,8],[27,7],[18,9]],[[12069,10592],[11,3],[28,4],[19,9],[10,9],[16,8],[21,4],[13,6],[32,34],[20,6],[11,1],[60,3],[6,3],[14,15],[30,6],[15,6],[16,2],[40,8],[39,12],[39,23],[13,11],[13,4],[17,-7],[12,3],[37,5],[9,6],[16,5],[18,2],[15,16],[17,12],[15,6],[2,5],[11,2],[7,-4],[11,0],[25,9],[15,8],[15,5],[30,-2],[15,1],[26,9],[28,16],[17,5],[30,23],[19,7],[42,9],[11,11],[21,10],[19,3],[7,5]],[[13042,10939],[1,-207]],[[13043,10732],[0,-141],[0,-136],[0,-200],[0,-183],[0,-243],[0,-183],[0,-205],[0,-148],[0,-204]],[[9454,10017],[32,5],[7,4],[10,-1],[15,6],[18,2],[3,3],[25,-2],[8,-4],[13,9],[9,-6],[11,7],[14,-5],[13,-2],[10,4],[11,0],[-2,11],[22,-2],[4,8],[12,4],[10,1]],[[10309,10233],[14,-1],[9,-4],[13,-13],[6,-3],[19,-1],[14,-5],[12,6],[-1,23],[9,6],[11,1],[29,-1],[26,-16],[7,3],[19,-2],[16,7]],[[10512,10233],[17,7],[16,-4],[19,-11],[9,-3],[10,2],[7,6],[-9,16],[1,4],[12,10],[20,5],[2,15],[4,6],[11,0],[7,-4],[5,-9],[7,-4],[28,-1],[27,-9],[10,-5],[20,-1],[22,-11],[10,9],[11,2],[6,9],[12,6],[11,13],[17,4],[15,-6],[5,-12],[-6,-17],[3,-4],[19,-3],[8,2],[18,14],[33,6],[21,6],[15,12],[10,13],[-4,8],[11,4],[21,-4],[6,2],[16,13],[6,12],[1,12],[5,7],[11,3],[17,9],[35,-2],[12,2]],[[11102,10362],[5,2],[10,13],[9,5],[14,2],[14,-4],[26,1],[19,-6],[31,3],[10,8],[25,5],[26,-2],[18,-6],[23,-2],[37,-13],[26,-12],[15,-6],[3,-10],[-7,-9]],[[11041,9570],[-20,-2],[-6,-7],[-17,0],[-26,-6],[-3,-6],[-13,-4],[-21,3],[-30,-8],[0,-13],[-7,-7],[-17,-5],[-11,-6],[0,-7],[-24,-7],[-3,4],[-13,-2],[-5,6],[-19,1],[-11,8],[-3,4],[-25,10],[-11,1],[-16,4],[-6,-2],[-15,2],[-5,8],[-19,-9],[-18,3],[-4,6],[-18,0],[-28,8],[-17,-13],[-26,0],[-9,5],[-3,-10],[-16,6],[-12,13],[-11,6],[-5,6],[-18,-6],[-8,6],[-13,-5],[-23,-2],[-10,-7],[-14,4],[-24,-6],[-13,7],[-12,-5],[-9,-12],[-12,5],[-8,-1],[-16,-13],[-24,-3],[-9,4],[-14,-9],[-7,-2],[-5,-11],[-16,0],[-5,-8],[-21,-12],[-15,-3],[-9,-10],[-24,-4],[-20,-1],[-14,-8],[-20,0],[-39,4],[-13,5],[-10,-11],[-29,-9],[-126,3],[-11,-5],[-28,-18],[-6,2],[-18,0],[-27,17],[-4,20],[1,6],[-9,8],[-15,0],[-9,-4],[-12,2],[-11,5],[-20,1],[-6,7],[-9,0],[-7,6],[3,10],[-2,6],[-16,8],[1,7],[-8,6],[-4,15],[-9,-3],[-4,7],[7,9],[-5,9],[-13,-5],[-22,2],[-13,-17],[-12,-3],[-8,-9],[-10,-5],[-7,5]],[[9615,9539],[-12,5],[-9,-1],[-6,5],[6,5],[-11,5],[7,7],[-1,7],[-27,3],[-4,4],[14,14],[3,20],[20,7],[2,7],[12,6],[11,0],[21,6],[11,12],[0,11],[15,10],[11,-5],[12,11],[6,24],[9,11],[-2,21],[10,0],[8,-9],[7,7],[-9,13],[7,6],[13,-3],[11,13],[-12,3],[-10,-2],[-8,4],[2,7],[-5,5],[-14,-1],[-20,1],[-3,4],[-20,0],[-3,6],[-27,-3],[-11,2],[-25,-3]],[[9185,9077],[3,11],[12,19],[0,7],[8,3],[4,11],[-2,28],[9,12],[18,15],[11,4],[7,6],[0,10],[-5,6],[5,16],[10,16],[20,6],[0,5],[13,6],[18,-1],[14,-2],[2,-9],[15,-2],[5,-4],[11,2],[20,-10],[23,-6],[16,-1],[7,-13],[10,-12],[9,-4],[7,-8],[10,4],[-5,-14],[10,-6],[16,-1],[13,3],[-2,-8],[13,-8],[6,2],[10,-7],[-2,-5],[-12,-1],[-6,-7],[12,-3],[0,-12],[11,-2],[13,-6],[-5,-11],[6,-10],[9,-3],[23,6],[9,-2],[12,-13],[7,3],[9,-4],[20,-6],[8,-6],[23,-2],[13,6],[5,-4],[8,-17],[-3,-10],[14,-4],[8,-5],[17,0],[6,-6],[4,-29],[18,-2],[10,7],[7,-9],[10,7],[0,-13],[13,1],[7,-8],[2,-8],[19,8],[8,-4],[17,5],[9,-2],[15,-11],[7,-2],[3,10],[9,-8],[11,-1],[-2,-12],[7,-7],[9,7],[16,0],[-5,9],[4,3],[19,-2],[5,-4],[19,5],[29,5],[1,-8],[11,2],[11,7],[7,-4],[24,5],[6,12],[8,1],[13,-10]],[[10045,8628],[2,8],[-13,2],[-15,14],[-16,-4],[-4,-9],[-13,5],[-20,12],[-7,-2],[-10,10],[-1,18],[-14,5],[-26,-4],[-54,2],[-26,-1],[-30,1],[-19,4],[-43,20],[-60,42],[-21,20],[-1,3],[-193,-79],[-171,-91],[-12,-12],[-6,0],[-10,-13],[0,-5],[-11,-3],[-9,6],[-35,1],[-19,-2]],[[9188,8576],[-1,5],[-11,2],[-4,7],[-11,6],[1,9],[5,11],[-6,6],[5,12],[13,17],[3,24],[-7,3],[-12,26],[-23,6],[-5,7],[-10,4],[-17,14],[-14,2],[-5,7],[-16,4],[-17,10],[-2,5],[-23,11],[69,37]],[[9100,8811],[7,5],[5,20],[3,8],[8,1],[0,7],[-42,26],[-4,4],[-18,2],[-1,5],[-15,6],[-26,-2],[-18,9],[-5,15],[-2,15],[-11,8]],[[9977,8094],[-10,-1],[-13,-11],[-4,-8],[0,-10],[13,-5],[11,10],[12,-2],[10,-13],[5,-19],[-4,-8],[-14,-5],[-19,12],[-5,5],[-12,2],[-13,-6],[-4,-5],[-1,-12],[13,-11],[-4,-5],[-16,6],[-18,-2],[-11,-9],[-31,-13],[-20,-14],[-10,-9],[-8,-1],[-5,24],[-8,6],[-21,-14],[-18,1],[-5,-3]],[[9767,7974],[-19,-12],[-17,1],[-8,12],[-23,11],[-11,-5],[-5,-5],[-13,2],[-10,-6],[-5,14],[-13,6],[-4,-4],[-13,2],[-13,10],[-17,4],[-9,6],[-14,3],[-11,25],[-12,6],[-7,9],[-7,4],[-10,10],[-21,-17],[-8,-1],[-26,10],[-7,5],[-12,1],[-7,4],[-8,-3],[-8,11],[-14,-2],[-13,8],[-26,-5],[-3,6],[-11,1],[-17,12],[-1,10],[-13,0],[-7,5],[4,7],[-7,15],[0,10],[-7,3],[2,21],[-6,13],[1,6],[-11,8],[9,6],[-1,5],[11,14],[-5,5],[8,22],[2,16],[-20,13],[5,4],[-8,11],[6,17],[12,5],[-8,8],[-3,17],[-7,-1],[3,16],[-12,-2],[-29,12],[-9,-6],[-14,10],[-19,1],[-10,7],[5,10],[-11,2],[-17,10],[-13,2],[-4,8],[-23,6],[-5,8],[-8,-1],[-10,7],[-1,8],[-7,7],[-20,-1],[-6,8],[2,11],[-6,3],[-8,12],[-10,1],[-15,-4],[6,10],[-1,8],[-11,2],[-3,-4],[-15,-1],[-2,7],[4,14],[6,11],[7,6],[-1,5],[21,10],[0,6],[22,17],[-1,9],[5,6],[12,4],[15,-4],[8,4],[10,-3],[11,4],[8,-5],[13,5],[13,-2],[7,-5]],[[8842,10337],[0,7],[8,8],[10,4],[-2,8],[3,9],[6,8],[-2,12],[8,4],[7,14],[11,4]],[[9615,9539],[-3,-8],[7,-18],[-12,-5],[-13,3],[-18,-13],[-21,-7],[-11,4],[-8,-4],[-8,7],[-9,2],[-7,6],[-11,0],[-6,4],[-18,-2],[-10,4],[-8,-6],[-21,-1],[-13,5],[-5,-2],[-11,7],[-28,-3],[-14,0],[-43,-5],[-14,4],[-9,-1],[-7,5]],[[9100,8811],[-27,0],[-8,6],[-20,4],[-6,7],[-32,11],[-17,2],[-6,5],[-12,1],[-14,-5],[8,-5],[-23,-5],[-3,6],[-10,-1],[-10,5],[-14,15],[-18,4],[-36,0],[-10,6],[-29,0],[-6,8],[-20,-6],[-13,0],[-6,7],[-15,-7],[-10,-1],[-9,4],[-27,7],[-6,6],[-18,7],[-5,-1],[-22,12],[-27,4],[-10,-3],[-10,8],[-5,9],[-12,9],[-20,18],[-9,2],[-13,10],[-71,-47],[-2,7],[-15,-1],[-16,-7],[-11,1],[-16,-4],[-12,-9],[-7,-15],[-12,-9],[-8,-2],[-23,3],[-11,-3],[-9,-9],[-38,-4],[-9,0],[-6,-8],[-1,-10],[-23,-10],[-12,4],[-11,-1],[-8,-5],[-18,-6],[-19,-2]],[[9767,7974],[-7,-11],[-13,-6],[-24,-21],[-28,-14],[-7,31],[-9,5],[-19,-5],[-10,-7],[0,-8],[23,-8],[6,-7],[-11,-7],[-20,1],[-23,-14],[-12,0],[-7,5],[1,16],[5,16],[-4,4],[-13,1],[-14,-5],[-5,-9],[-23,-7],[-28,3],[-1,6],[10,10],[-11,7],[-11,-18],[-9,-2],[-16,1],[-22,-9],[-23,0],[-1,-6],[8,-5],[20,2],[12,-1],[8,-8],[1,-15],[-7,-8],[-8,1],[-14,9],[-14,4],[-10,-1],[-16,-6],[-7,-6],[-24,-14],[-16,8],[-18,19],[-9,2],[-16,-3],[-2,-5],[10,-12],[-5,-12],[-8,-6],[-30,-6],[-5,4],[1,11],[16,7],[5,8],[1,10],[-6,8],[-12,6],[-29,-7],[1,-19],[-3,-21],[-9,-6],[-11,-1],[-15,6],[1,7],[13,9],[-5,11],[-11,4],[-23,3],[-14,-4],[-8,-9],[3,-9],[-2,-11],[-10,-6],[-8,1],[-10,11],[3,10],[9,8],[5,9],[-1,7],[-11,24],[-13,3]],[[2710,6509],[8,9],[-4,14]],[[2714,6532],[3,9],[-2,12],[7,13],[-1,7],[8,14],[19,8],[13,13],[-4,7],[7,12],[-10,10],[-21,5],[-33,-9],[-14,1]],[[2686,6634],[-9,12],[11,0],[31,17],[20,18],[46,5],[10,4]],[[2795,6690],[-3,-10],[4,-9],[-2,-15],[20,-16],[15,-16],[10,-2],[9,11],[22,-9],[14,-3],[10,-8]],[[2894,6613],[18,-23],[5,-12],[20,-10],[22,0],[19,3],[8,-14],[1,-11],[14,-1],[4,-8],[8,0],[15,-9],[24,-7],[17,-8],[13,0],[6,6],[18,3],[1,-13],[7,-8],[12,-7],[10,-1],[21,-8]],[[3157,6485],[5,-9],[-18,-14],[0,-8],[-7,-17],[2,-8],[8,-7],[6,-14],[0,-9],[-8,-9],[5,-4],[1,-12],[-3,-9],[3,-8],[15,-16],[4,2],[15,-6],[7,1],[6,-10],[-3,-11],[7,-1],[4,-7],[8,-2],[30,16],[-5,-9],[8,-14],[9,-8],[4,-9],[-4,-11],[2,-11],[-18,-3],[-12,-17]],[[3228,6241],[-32,-5],[-11,-4],[-10,-11],[0,-6],[8,-6],[2,-11]],[[3185,6198],[-12,-3],[-8,-14],[-6,-6],[-5,-11],[-15,-2],[-13,-10],[-15,-5],[-6,-9],[-3,-14],[11,-5],[-2,-22],[5,-11],[12,-8],[8,-11],[-25,-8],[-23,-5],[-13,-1]],[[3075,6053],[-12,8],[3,7],[-9,9],[-14,9],[-9,-1],[-10,20],[-5,3],[-16,-4],[-12,14],[-14,6],[-6,19],[-7,5],[-22,0],[-8,4],[-10,10],[-11,5],[-14,11],[-11,-4],[-13,11],[-27,-2],[-8,1],[-2,9],[-12,5],[-8,6],[-14,3],[-1,4],[-21,9]],[[2782,6220],[2,6],[18,12],[15,17],[3,15],[-5,9],[10,19],[-7,12],[3,10],[14,8],[-15,13],[-11,2],[-7,5],[-4,13],[-14,10],[2,8],[12,3],[3,11],[-1,10],[6,2],[-5,10],[-7,4],[0,7],[-14,11],[-16,0],[-7,3],[-17,26],[-10,5],[-7,12],[-8,8],[-6,12],[1,6]],[[3272,6861],[-8,-9],[-22,-17],[-13,-7],[-13,-15],[-19,-13],[-7,-11],[-19,0],[-14,-4],[-25,5]],[[3132,6790],[-9,7]],[[3123,6797],[10,7],[12,20],[11,8],[3,9],[11,9]],[[3170,6850],[10,16],[6,18]],[[3186,6884],[13,1],[5,-4],[-7,-8],[3,-13],[8,3],[7,-7],[20,-4],[15,8],[12,11],[10,-10]],[[2192,6224],[12,-9],[0,-8],[-11,-11],[5,-4],[-19,-20],[-4,-9],[12,-16],[-12,-2],[-3,-5],[7,-14],[0,-19],[10,-5],[9,4]],[[2198,6106],[8,-6],[-4,-8],[-11,-2],[2,-12],[-14,-6]],[[2179,6072],[-3,11],[-10,19],[-14,10],[-11,0],[-12,12],[4,19],[-7,8],[-14,8]],[[2112,6159],[-2,9],[14,17],[-1,5],[8,8],[0,10],[18,-1],[3,16],[13,6],[4,9],[15,-13],[8,-1]],[[2475,6647],[-16,-29],[5,-20],[5,-4],[3,-11]],[[2472,6583],[2,-5],[-6,-8],[0,-12],[11,-19],[1,-10]],[[2480,6529],[-8,-9],[-5,-12],[-15,-3],[-12,-14],[-17,-1],[-6,-3],[-33,16],[-14,13]],[[2370,6516],[7,6],[-5,14],[10,5],[0,8],[8,8],[2,8],[5,6],[9,22],[-1,13],[5,16],[9,10]],[[2419,6632],[9,11],[8,-1],[26,6],[13,-1]],[[3123,6797],[-18,1],[-13,-3],[-10,-5],[-13,16],[-25,-3],[-14,-5],[-28,5]],[[3002,6803],[5,6],[17,1],[16,8],[3,10],[-1,9],[5,9],[-5,14],[0,20],[16,18],[7,1]],[[3065,6899],[16,1],[8,-2],[7,-10],[12,-4],[-4,-7],[5,-11],[20,-3],[4,7],[22,-5],[15,-15]],[[1881,7007],[-2,-7],[9,-3],[2,-12],[7,-6],[21,1]],[[1918,6980],[-14,-10],[6,-11],[-11,-13],[1,-9],[25,-2],[-18,-11],[-9,-11],[9,-5],[-6,-9],[-5,-16],[-15,0],[-11,-8],[-14,-4],[-9,-13],[19,-5]],[[1866,6853],[-18,-25],[10,-23],[-6,-12],[2,-3],[-7,-20],[-18,-14],[-18,-6],[-21,-3],[-1,11],[-11,5],[-24,-2],[-20,11],[-25,3],[-21,1],[-10,-6],[-12,5],[-21,2],[-2,-14],[-13,5],[-13,-6],[-8,-8],[-7,-3],[-2,-7],[-22,-24],[10,-7],[5,-10],[-3,-22],[2,-12],[-3,-13],[-9,-15],[2,-7],[13,-9],[9,-14],[-2,-7],[8,-9],[13,-7],[0,-10],[-11,-11],[-24,3],[-2,-4],[-13,-3],[-13,4],[-11,0],[-11,-9],[-19,-4],[-9,-5],[-10,1],[-8,-24],[-9,0],[1,-12],[-303,-82]],[[1181,6432],[-12,22],[4,1],[2,15],[-17,4],[0,7],[-10,6],[-5,8],[-9,4],[-10,1],[-2,-11],[-15,-3],[-12,0],[-19,-3],[-9,-7],[-13,2],[-20,-6],[-3,-14],[-7,-1],[-14,-8],[-12,1],[-8,8],[-17,0],[-12,-7],[13,-6],[1,-12],[-19,0],[-9,6],[0,8],[-7,8],[9,12],[9,5],[-5,18],[-13,5],[-8,-2],[-5,-8],[-9,2],[-5,-8],[-14,-1],[-11,5],[-1,10],[-16,4],[-17,-8],[-7,9],[-20,4],[-5,-9]],[[822,6493],[37,181],[7,6],[-6,11],[17,8],[1,9],[-3,9],[4,5],[11,-2],[4,7],[31,0],[6,3],[20,1],[13,8],[10,-2],[3,6],[14,6],[10,-1],[19,5],[13,-4],[4,8],[15,4],[9,11],[8,-10],[11,-1],[9,-4],[9,7],[22,0],[9,-3],[-11,-8],[10,-2],[6,-14],[15,-6],[11,-9],[18,-3],[-3,-7],[12,-4],[3,-6],[18,-1],[5,6],[11,4],[-4,17],[9,7],[-10,44],[6,24],[-7,25],[0,14],[4,20],[7,6],[1,10],[-3,22],[-9,16],[1,8],[19,32],[-4,21],[6,7],[-1,14],[-6,8],[7,9],[-2,4]],[[1238,7019],[2,7],[10,3],[5,15],[13,0],[17,31],[-8,17],[-13,12],[8,9],[3,9],[11,14],[1,6],[-11,1]],[[1276,7143],[-3,4],[14,5],[3,6],[14,11],[5,-7],[3,-16],[-5,-6],[2,-15],[12,-3],[1,-15],[20,-3],[14,2],[8,10],[28,1],[10,14],[23,10],[15,-7],[14,0],[15,6],[18,4],[18,-1],[36,4],[23,13],[41,-12],[29,-12],[13,1],[21,11],[13,5],[7,8],[17,7],[2,8],[13,12],[11,5],[8,8],[14,4],[18,1],[9,-3],[11,1],[14,-4],[18,14],[7,11],[23,5],[4,9],[13,3],[23,9],[14,-1],[9,-3],[19,10],[4,6],[14,9],[13,4],[5,7],[23,7]],[[1994,7290],[8,-13],[-20,-4],[-4,-8],[-10,-1],[-11,-7],[-9,2],[-3,-7],[8,-5],[-4,-14],[-11,-2],[-10,4],[-20,-1],[-22,-7],[-19,1],[-17,-6],[-11,-6],[-1,-6],[7,-6],[7,-18],[-7,-17],[-18,-3],[0,-7],[-11,-16],[-9,-2],[-7,-8],[-9,-3],[-4,-25],[-10,-5],[-9,1],[-7,11],[-12,5],[-11,0],[-12,-6],[-5,-10],[4,-12],[10,-3],[18,-18],[10,-3],[14,4],[8,-2],[12,-14],[11,-9],[16,-8],[8,-10],[4,-17],[11,-1],[9,-5],[11,3],[14,1]],[[3280,7006],[14,-1],[11,-10],[-11,-16],[-2,-19],[-7,-7]],[[3285,6953],[-14,3],[-11,-5],[-7,-7],[-16,2],[-19,-13],[-17,-2]],[[3201,6931],[-27,18],[1,8],[-5,9],[4,12]],[[3174,6978],[15,0],[28,-9],[7,10],[-10,8],[-16,0],[-3,19],[-8,7],[-14,5],[10,10],[12,-5],[4,-8],[15,-7],[27,0],[7,-12],[21,2],[11,8]],[[2894,6613],[24,24],[4,11],[0,7],[6,7],[3,10],[11,3],[0,35],[-15,14],[-13,16],[-21,8],[-6,14],[2,20],[3,8],[19,3],[6,16]],[[2917,6809],[47,-5],[11,2],[27,-3]],[[3132,6790],[5,-8],[-1,-10],[20,-5],[9,-7],[14,3],[19,-18],[23,-6],[5,-8],[20,-15],[-2,-5],[4,-14],[16,-16],[4,-13],[6,-1],[18,-13],[5,-7],[4,-16],[6,-6],[30,5],[1,15],[22,0],[1,-5],[14,-3],[7,-10],[3,-8],[8,-6],[21,-4]],[[3414,6609],[-1,-9],[-10,-7],[-19,4],[-21,2],[5,8],[-13,3],[-5,8],[-12,-8],[2,-9],[-10,-9],[2,-5],[12,-9],[7,-9],[-3,-10],[-9,-13],[-4,-12],[-23,-9],[-14,-3],[-3,-8],[-12,0],[-13,-12]],[[3270,6502],[-32,6],[-5,-3],[-26,-6],[-17,-11],[-33,-3]],[[3174,6978],[-5,17],[-8,8],[-10,6],[-7,12],[-8,8],[2,5],[12,7],[2,7],[12,-1],[4,4],[12,2],[11,11]],[[3191,7064],[14,4],[9,-1],[6,4],[15,1],[14,-5],[3,-7],[12,-3],[39,1],[26,-4]],[[3329,7054],[-11,-20],[-8,-2],[-16,-10],[-14,-16]],[[2710,6509],[-16,-8],[-13,-4]],[[2681,6497],[-17,-3],[-7,-11],[-30,-17],[-15,-3],[-3,-5],[-16,-2],[-14,-6],[-26,8],[-37,-4]],[[2516,6454],[-2,5],[8,10],[-1,13],[-10,10],[-4,10],[-10,14],[-8,3],[-9,10]],[[2472,6583],[24,-7],[11,1],[23,-4],[9,1],[27,-4],[4,3],[20,-9],[15,-13],[13,-1],[12,-6],[18,-1],[19,-5],[20,5]],[[2687,6543],[27,-11]],[[2531,6205],[0,-9],[-12,-8],[-5,-8]],[[2514,6180],[-9,-5],[-18,4],[-17,-8],[-15,-2],[-11,-15],[-13,-4],[-3,-6],[-9,-2]],[[2419,6142],[-22,9]],[[2397,6151],[-17,18],[-1,20],[-18,15],[-4,10]],[[2357,6214],[16,3],[3,-2],[19,3],[27,-7],[6,-5],[21,1],[6,-7],[20,6],[18,-3],[7,8],[12,0],[19,-6]],[[2414,6138],[7,-7],[25,-1],[5,-11],[15,-3],[0,-7],[11,-15],[12,-2],[15,-14],[39,3],[16,-1],[8,-5],[16,-4],[13,12],[29,-2],[11,5],[11,-3],[6,-5],[16,-2],[4,-15],[23,-2],[14,-8],[17,-2],[17,-14],[17,-4],[12,-9],[7,6],[23,2],[10,-4],[12,-15],[1,-12],[5,-4],[1,-14],[8,-8],[16,1],[19,-7],[11,-7],[1,-5],[24,-3],[18,-11],[5,-11],[10,-10],[13,-7],[4,-5],[17,-9],[27,-16],[8,-10]],[[3013,5873],[-16,-49]],[[2997,5824],[-25,12],[-16,2],[-5,11],[-20,9],[-2,11],[-19,17],[-13,4],[-6,5],[-20,7],[-38,1],[-22,4],[-23,2],[-22,-5],[-14,4],[-19,23],[-14,-3],[-12,1],[-4,12],[1,10],[-10,8],[2,8],[-8,3],[-10,-3],[-7,2],[-9,9],[-11,4],[-22,12],[-8,2],[-6,8],[-20,5],[-23,13],[-24,-4],[-25,-1],[-3,9],[6,7],[-8,4],[-18,16],[-14,8],[-24,-1],[-6,-4],[-21,-3],[-13,5],[-3,-3],[-16,2],[-10,8],[-5,11]],[[2388,6076],[-2,9],[3,10],[-4,20],[18,12],[11,11]],[[2179,6072],[0,-11]],[[2179,6061],[-14,6],[-5,9],[-13,1],[-15,11],[-14,-2],[-25,-15],[-17,-5],[-19,7]],[[2057,6073],[6,3],[3,8],[-13,11],[0,12],[-21,11],[-8,9],[-1,9],[19,1],[1,4],[-14,19],[2,8]],[[2031,6168],[13,2],[10,-6],[11,-2],[18,11],[2,-9],[7,-4],[20,-1]],[[2057,6073],[-10,4],[-14,-2],[-18,-7],[-8,2],[-26,-6],[-25,-27],[-44,-7],[-7,1],[-26,-2],[-12,4],[-28,6],[-25,2],[-8,-1],[-17,4],[-13,6],[-13,-3],[-6,4],[-23,5],[-16,0],[-4,8],[-13,4],[-17,12],[-9,9],[-12,7],[-10,2],[-27,14],[-2,5],[-19,6],[-20,2],[-14,8],[-19,2],[-10,9],[-29,-1],[-6,6],[-19,11],[-5,22],[-22,8],[-19,-1],[-15,-5],[-4,-6],[-16,-2],[-38,15],[-14,2],[-19,12],[-1,7],[11,7],[-2,11],[-5,7],[1,11],[-13,9],[0,6],[-11,9]],[[1316,6272],[138,31],[142,24],[201,34]],[[1797,6361],[-1,-7],[12,-8],[9,-10],[8,0],[20,-10],[34,0],[19,-3],[12,-20],[12,-7],[25,4],[8,-7],[1,-10],[10,-2],[11,-9],[14,-7]],[[1991,6265],[-6,-13],[-12,-3],[-7,-7],[-10,-3],[-15,-8],[-3,-8],[14,-9],[27,-8],[22,-20],[4,-8],[14,-7],[12,-3]],[[2303,7312],[4,-21],[-18,-23],[-8,-5],[-3,-9],[5,-8],[8,-7],[-5,-5],[23,-11],[4,-5],[19,-7],[-1,-5],[-11,-7],[12,-7],[-8,-14],[17,-10],[15,-5],[29,6],[14,-1],[-4,-6],[8,-7],[12,-2],[19,1],[3,-7],[-3,-6],[16,-7],[11,-14],[-1,-7],[7,-3],[0,-7],[-8,-5],[-17,-5],[15,-5],[-5,-6],[9,-5],[12,-3],[11,9],[24,-11],[6,-11],[-7,-3],[1,-11],[9,-8],[-11,-16],[11,-6],[6,-9],[1,-18],[-9,-2]],[[2515,6988],[-1,3],[-35,8],[-31,-4],[-5,-2],[-32,-3],[-12,-7],[-24,-22],[-12,-4],[-20,5],[-17,11],[-10,13],[14,23],[-2,12],[-10,9],[-2,10],[-10,12],[-7,14],[-9,6],[-22,5],[-9,8],[-10,2],[-7,8],[-14,5],[-8,6],[2,8],[-5,6],[2,9],[11,16],[12,5],[-1,22],[4,14],[6,3],[5,10],[-18,4],[-4,6],[-3,17],[-7,4],[-6,9],[-24,-5],[-8,3],[-1,6],[-17,10],[-6,-1],[-11,-8],[-18,0]],[[2133,7244],[1,14],[10,14],[-1,8],[3,18],[7,-3],[19,3],[4,-3],[22,9],[-7,10],[-16,11],[1,9],[7,6]],[[2183,7340],[4,4],[13,5]],[[2200,7349],[17,3],[11,-9],[17,-10],[11,0],[4,-5],[16,-6],[13,-1],[14,-9]],[[2795,6690],[10,0],[2,6],[14,6],[5,8],[-13,15],[-1,9],[2,19],[-4,3],[3,17]],[[2813,6773],[3,5],[-7,8],[9,9],[5,13],[-10,16],[10,12],[-13,16],[-14,2],[-7,6],[-15,6]],[[2774,6866],[17,15],[4,8],[12,-2]],[[2807,6887],[9,-22],[11,-8],[15,1],[9,-2],[-2,-11],[9,-6],[13,-14],[7,-3],[15,7],[6,-5],[1,-11],[17,-4]],[[2796,7615],[-16,-19],[-11,1],[-6,-11],[-9,-6],[-2,-15],[-5,-11],[-16,-14],[-6,-11],[4,-10],[18,-12],[18,-6],[26,-14],[4,-10],[-2,-12],[-5,-12],[5,-26],[-9,-5],[-22,-1],[-12,5],[-19,-8],[-19,2],[-10,6],[-2,15],[-8,12],[-10,5],[-17,-7],[-12,-7]],[[2653,7444],[-23,0],[-16,6],[-11,1],[-20,-7],[-7,-6],[-12,-5],[-6,-5],[-19,-5],[-33,-2],[-14,-6],[-1,-11],[-13,-13],[1,-16],[-10,-19],[-8,-3],[-25,5],[-16,6],[-26,17],[-20,8],[-59,4],[-19,-8],[-25,-2],[-2,-10],[-18,-14],[-9,-1],[-10,3],[-16,-2],[-16,-10]],[[2183,7340],[-21,10],[-8,14],[-10,6],[-15,3],[-10,-6],[-11,6],[-5,7],[-20,2],[-15,-7],[-9,6],[-10,-5],[-16,1],[-7,-2],[-30,-1],[-10,-5],[-16,-5],[-13,1],[-13,9],[-6,-1],[-13,12],[-36,20],[4,10],[-11,4],[-7,13],[-5,3],[10,20],[-12,6],[1,16],[-12,8],[-24,32],[-10,4],[11,11],[1,10],[6,6],[-14,2],[-2,10],[-7,6],[-23,4],[-22,-6],[-36,1],[-7,5],[9,7],[-11,3],[1,13],[-23,-4],[-3,-7],[-14,-6],[-1,-12],[-13,-8],[-4,-5],[-23,8],[-6,6],[-14,4],[-10,7],[-18,-14],[-6,5],[-14,-5],[-6,9],[-9,4],[-12,-1],[-16,-7],[-14,0],[10,-9],[-6,-5],[-7,6],[-10,-2],[-3,11],[-10,-3],[-9,6],[-28,-4],[-9,7],[-10,3],[2,9],[-7,4],[-18,-2],[-16,8],[-23,-3],[-20,4]],[[1359,7597],[11,137],[23,95],[5,111],[-3,14],[3,21],[-6,39],[-10,24],[1,11],[6,13],[-6,6],[0,14],[-12,7],[3,11],[-2,5],[-18,3],[-8,7],[1,8],[9,12],[4,14],[0,10],[-7,18],[-6,8],[-14,14],[-15,23],[-23,26],[-6,16]],[[1289,8264],[27,3],[21,1],[19,2],[16,4],[19,1],[7,8],[14,2],[13,-5],[5,-6],[-5,-4],[14,-13],[-7,-5],[2,-15],[19,-5],[21,4]],[[1474,8236],[-6,-23],[3,-9],[15,-10],[14,-12],[8,-28],[-1,-21],[2,-10],[11,-9],[2,-15],[14,-12],[-1,-6],[-9,-7],[-12,-4],[1,-11],[-8,-6],[1,-5],[10,-8],[13,4],[15,-1],[17,-6],[0,-14],[14,-6],[5,-10],[-7,-22],[9,-7],[12,-1],[9,-7],[-2,-8],[20,-17],[0,-4],[16,-6],[13,-16],[2,-11],[7,-12],[9,0],[1,-13],[6,-5],[7,-15],[21,-7],[19,-22],[20,-12],[-3,-15],[7,-17],[17,-16],[14,-11],[7,-9],[5,-13],[8,-5],[0,-20],[-3,-4],[-15,-2],[2,-11],[-5,-5],[2,-11],[-14,-5],[-8,-20],[11,-16],[10,-7],[4,-11],[12,-14],[43,-9],[37,-12],[14,-9],[24,-18],[13,-17],[1,-12],[7,-11],[8,-4],[11,1],[20,-6],[11,1],[16,-10],[35,-13],[38,-23],[22,-8],[18,-5],[40,-1],[19,-5],[16,1],[9,3],[11,10],[4,15],[7,4],[9,12],[21,-2],[13,2],[8,9],[11,3],[13,-6],[19,0],[17,-5],[16,0],[3,6],[-7,7],[-6,24],[3,10],[-6,7],[1,28],[-13,13],[5,8],[-1,16],[11,5],[-2,9],[-10,7],[0,20],[-5,11]],[[2670,6900],[-7,-3],[-7,-16],[4,-18],[6,-4],[3,-9],[-9,-16],[-21,-14],[-14,-5],[-9,1],[-6,-8],[2,-9],[-10,1],[-9,-3],[-9,4],[-17,2],[-12,-7],[-10,4],[-13,2],[-23,8]],[[2509,6810],[0,8],[-9,5],[12,9],[0,15],[6,9],[6,17]],[[2524,6873],[33,30],[12,5],[14,16],[-2,9],[5,7],[-6,13],[-9,14],[0,4]],[[2571,6971],[14,8],[17,0],[8,-3],[4,7],[23,4],[16,5]],[[2653,6992],[9,-8],[-1,-5],[-16,-12],[-2,-11],[9,-9],[3,-12],[-8,-3],[1,-8],[15,-21],[7,-3]],[[2761,7083],[-15,-14],[-13,-4],[-12,3]],[[2721,7068],[11,13],[-7,9],[-13,4],[-5,7],[-24,2],[-25,-15],[-19,-1],[-5,3],[-8,20],[16,11],[3,8],[10,11],[3,15],[-4,8],[-11,7],[2,10],[-6,18],[-18,17],[0,14],[-3,12],[-7,13],[-33,-17],[-14,-1],[-54,3],[-9,3],[-20,-2],[-18,6],[-8,-2],[-10,4],[-10,12],[3,11],[-2,11],[-9,6],[-24,8],[-25,5],[-13,8],[-6,-1],[-10,16],[-12,0],[-11,-7],[-15,-5],[-8,0]],[[2653,7444],[1,-9],[-7,-18],[-15,-21],[0,-15],[-11,-15],[-8,-6],[-1,-7],[5,-9],[9,-6],[3,-7],[15,-7],[14,-1],[14,-10],[19,-1],[17,7],[9,0],[2,-12],[15,-8],[24,-6],[12,-6],[4,-9],[15,-7],[9,-8],[21,0]],[[3435,6681],[-2,-9],[19,-12],[10,-9]],[[3462,6651],[-14,-7],[-1,-5],[-19,-10],[-9,-8],[-5,-12]],[[3272,6861],[13,10],[11,5],[18,11],[17,-2],[12,2],[35,-4],[7,1],[22,-15],[10,-2]],[[3417,6867],[4,-1]],[[2813,6773],[-8,-8],[-16,-8],[-5,-9],[-10,-6],[-4,-7],[-15,-10],[-3,-6],[-9,-2],[-9,4],[-18,-4],[-13,-9],[-13,-15],[-31,-18],[0,-4],[-14,-7],[-10,2],[-8,6],[3,20],[-3,4],[0,17],[-20,14],[-9,1],[-9,6],[-16,1],[-12,-4],[-17,-23],[-8,-6]],[[2536,6702],[-21,7]],[[2515,6709],[-7,1],[6,11],[-9,9],[-1,14],[7,7],[2,13],[-8,3],[-5,14],[2,11],[5,8],[2,10]],[[2670,6900],[25,-10],[30,-6],[6,-8],[21,5],[22,-15]],[[3075,6053],[-33,-93]],[[3042,5960],[-12,3],[-15,-1],[-16,8],[-13,15],[-15,10],[-3,7],[-11,10],[-12,28],[3,12],[-3,16],[5,10],[-9,7],[-3,8],[-9,7],[-5,14],[7,12],[-4,4],[-27,-6],[-31,-8],[-22,1],[-19,4],[-18,2],[-7,5],[-15,-2],[-10,3],[-17,1],[-12,4],[-25,1],[-21,-5],[-12,-7],[-15,-2],[-20,7],[-7,10],[-12,0],[-6,-5],[-17,0],[-13,-3],[-13,0],[-16,6],[-4,12],[-17,6],[-6,6],[-18,5],[-3,8],[-9,2],[-1,5]],[[2531,6205],[14,14],[-1,15],[-7,7],[-6,18],[-4,2],[-2,14],[-8,12],[7,6]],[[2524,6293],[15,2],[3,13],[8,12],[11,2],[7,11]],[[2568,6333],[19,-5],[13,4]],[[2600,6332],[13,-9],[2,-12],[18,-12],[25,-1],[16,-3],[11,4],[10,-4],[2,-10],[-2,-12],[9,-13],[15,-12],[1,-20],[11,6],[2,-15],[15,-5],[-2,-9],[13,0],[16,4],[7,11]],[[1991,6265],[13,13],[16,20],[13,10],[15,6]],[[2048,6314],[17,-6],[6,-8],[26,-14],[9,-18],[10,-3],[28,-16],[7,9],[11,1],[4,5],[-1,9],[5,7],[24,8],[19,-9],[2,-5],[23,-3],[12,5],[22,3],[7,0],[16,-19]],[[2295,6260],[-2,-9],[-7,-1],[-18,-10],[-13,3],[-19,-3],[-11,1],[-12,-5],[-6,-7],[-15,-5]],[[2516,6454],[8,-4],[2,-9],[0,-19],[-9,-7],[1,-8]],[[2518,6407],[-22,-9],[-11,-2],[-24,11],[-17,-6],[-17,3],[-8,-11],[-9,-1],[-4,-6],[-17,-1],[-22,-7]],[[2367,6378],[-10,13],[-16,11],[-2,16],[-6,11],[9,4],[7,14],[3,25]],[[2352,6472],[3,7],[8,6],[-2,9]],[[2361,6494],[9,22]],[[2397,6151],[-15,-4],[-3,-5],[-12,0]],[[2367,6142],[-9,-2],[-22,6],[-5,6],[-9,2],[6,8],[-10,12],[-18,14],[-1,10],[12,12],[14,4],[9,6],[0,17]],[[2334,6237],[19,-13],[4,-10]],[[2334,6237],[-9,21]],[[2325,6258],[11,-6],[25,1],[10,9],[16,6],[12,-2],[7,5],[16,-3],[21,9],[9,-2],[5,6],[9,-1],[3,6],[18,10]],[[2487,6296],[19,2],[18,-5]],[[2487,6296],[-15,7],[-8,7],[-7,11],[6,8],[-2,13],[-7,3],[-16,-5],[-14,0],[-27,5],[-13,8]],[[2384,6353],[-2,10],[-14,7],[-1,8]],[[2518,6407],[6,-8],[-2,-22],[32,-10],[8,-11],[0,-13],[6,-10]],[[2198,6106],[2,3],[20,-2],[20,1],[10,-11],[16,-4],[26,1],[10,-5],[8,-10],[12,1],[3,14],[8,5],[3,7],[-4,5],[-1,15],[11,6],[17,-3],[11,5],[-3,8]],[[2419,6142],[-5,-4]],[[2388,6076],[-16,-13],[-6,-3],[-5,-8],[3,-9],[-12,-8],[-15,1],[-30,-9],[-11,-11],[16,-8],[-28,-26],[-14,-17],[-15,-10],[-7,-13],[9,-4],[14,1],[6,6],[9,0],[12,-5],[7,1],[24,-4],[27,3],[16,4],[22,7],[21,9],[41,14],[17,3],[35,-1],[15,-4],[23,-13],[41,-39],[3,-15],[10,-5],[1,-14],[-4,-9],[3,-7],[34,-6],[8,-6],[-1,-8],[18,-5],[21,-15],[-11,-10],[328,4]],[[2997,5824],[18,-16],[33,-14],[32,-3],[6,-9],[8,7],[17,-14],[0,-8],[-5,-9],[3,-11],[5,-3],[-17,-9],[-7,-1],[2,-10],[-4,-9],[2,-17],[3,-8],[8,-4],[5,-9],[-7,-2],[9,-10],[6,-18],[18,-7],[5,-15],[-11,-18],[5,-20],[7,-7],[7,5],[13,-8],[-2,-5]],[[3156,5572],[-7,-8],[9,-24],[-12,2],[-2,-15],[-26,-2],[1,-10]],[[3119,5515],[-22,8],[-17,-6],[-23,2],[-18,8],[-4,6],[-25,2],[-12,-3],[-3,-8],[-19,-7],[-3,-7],[-20,-6],[-18,2],[-14,-4],[-11,5],[-8,-6],[-16,3],[-11,7],[-13,-1],[-5,-6],[-10,2],[-17,-2],[-15,2],[-4,3],[-18,7],[-4,8],[-20,8],[-13,1],[-27,3],[-13,7],[-18,3],[-24,-4],[8,-8],[-5,-4],[-14,4],[-3,7],[-11,8],[-15,4],[-28,-15],[-19,1],[-3,3],[-24,1],[-16,3],[-48,6],[-20,0],[-17,2],[-22,-6],[-5,11],[12,7],[5,9],[-4,7],[5,9],[-6,9],[7,12],[-7,14],[-5,3],[1,11],[10,20],[4,1],[-2,18],[-9,13],[5,6],[-3,7],[17,23],[4,11],[-2,7],[11,2],[2,10],[8,6],[15,5],[2,17],[9,8],[2,29],[2,13],[-6,5],[-4,14],[-10,7],[-10,-4],[-48,-4],[-7,-4],[-27,-4],[-27,3],[-7,7],[-13,3],[-7,7],[-12,5],[-2,4],[-20,2],[-10,13],[-29,12],[-7,0],[-16,8],[-21,4],[-11,-2],[-12,1],[-7,7],[-7,13],[1,13],[-2,6],[-37,5],[3,10],[-3,5],[9,6],[3,8],[13,12],[18,6],[16,11],[-24,1],[3,13],[10,3],[7,8],[-3,9],[-11,6],[-11,-1],[-8,7]],[[3417,6867],[-9,7],[0,5],[-20,12],[-6,6],[-19,1],[-15,5],[-10,16],[-12,-5],[-10,-1],[-2,8],[-8,10],[-11,3],[1,8],[-11,11]],[[3329,7054],[9,3],[9,-4],[5,-9],[7,-3],[6,-12],[2,-9],[12,1],[8,5],[16,1],[38,17],[10,9],[17,7]],[[2686,6634],[13,-17],[-4,-4],[0,-11],[5,-9],[-3,-28],[2,-9],[7,-7],[0,-6],[8,-11]],[[2687,6543],[-10,8],[-1,12],[-14,9],[-7,8],[-16,11],[1,9],[-16,7],[-5,8],[-42,11],[-17,8],[-6,22],[2,7],[-20,39]],[[1881,7007],[10,9],[11,-3],[4,6],[9,6],[25,34],[16,2],[10,4],[17,-5],[3,-6],[9,-2],[11,-7],[5,4],[14,-6],[4,-17],[-12,-15],[15,-8],[-5,-8],[10,-2],[7,6],[17,-2],[5,-6],[14,-3],[4,-8],[-7,-7],[8,-3],[9,-10],[14,0],[10,-10],[15,2],[17,-13],[11,-4],[10,-12],[26,-3],[8,3],[7,12],[10,-1],[18,12],[23,11],[15,0],[18,5],[16,1],[9,-3],[6,-11],[10,0],[-2,-8],[6,-3],[13,-1],[-5,-11],[3,-9],[-8,-8],[-10,-15],[-3,-12],[10,-8],[16,-9],[12,-15],[18,-8],[6,-6],[2,-8],[5,-4],[11,0],[12,-13],[2,-7]],[[2425,6804],[-21,-8],[-4,-10]],[[2400,6786],[-11,3],[-7,-5],[-16,-2],[-14,0],[-8,14],[-13,8],[-16,13],[-9,13],[2,7],[-10,12],[2,20],[-12,4],[-25,12],[-19,15],[-29,5],[-20,-7],[-32,3],[3,-9],[-11,-7],[-11,-1],[-1,-7],[-11,1],[-13,-2],[-4,-6],[-23,8],[3,6],[-9,3],[-1,14],[-11,0],[-7,-4],[-10,8],[10,4],[-4,10],[-18,0],[-3,-10],[-9,-5],[-12,0],[-5,9],[-12,5],[2,4],[-13,9],[-11,3],[13,12],[-12,19],[-15,12],[-12,2],[-15,-3],[-10,-4],[-13,8]],[[1359,7597],[-3,-3],[7,-12],[16,-1],[-5,-7],[-11,-1],[-14,-16],[1,-8],[9,-10],[4,-14],[-8,-6],[-6,-11],[-14,-3],[-17,2]],[[1318,7507],[-8,11],[-4,17],[4,2],[4,11],[-4,9],[2,10],[10,10],[-4,3],[4,21],[-3,6],[-11,11],[2,17],[-10,9],[6,2],[4,30],[9,21],[-4,7],[-3,53],[-8,31],[2,10],[-5,6],[3,14],[17,7],[3,7],[-15,14],[-2,8],[10,6],[4,11],[-8,8],[-11,26],[3,10],[-4,7],[8,7],[3,19],[5,9],[15,17],[-3,10],[-8,10],[5,9],[8,0],[-17,14],[-17,-2],[-10,-5],[-10,3],[-13,-2],[-5,4],[1,35],[5,17],[-2,14],[-22,23],[-20,14],[-9,26],[-1,9],[-7,13],[-19,16],[-34,46],[-6,26]],[[1148,8254],[13,0],[17,-3],[26,1],[9,-1],[19,7],[20,1],[37,5]],[[3189,7074],[7,-3],[-5,-7]],[[3201,6931],[-12,2],[-17,-6],[-17,-3],[-4,14],[-7,6],[3,5],[-3,11],[-7,7],[-11,5],[-14,2],[1,-6],[-4,-22],[-19,-6],[-9,-5],[-6,-8],[-2,-11],[-12,-14]],[[3061,6902],[-9,10],[-1,11],[-5,14],[-6,9],[-2,10],[-13,7],[-13,24],[0,12],[-19,13],[-12,1],[-8,8],[-7,-3],[-14,5],[-4,11],[8,3],[1,11],[-17,6],[-13,-2],[-13,3]],[[2419,6632],[-11,13],[-11,5],[-14,14],[9,5],[9,13],[-14,6],[-22,6],[-4,10],[9,12],[-7,4],[1,9],[7,4],[-2,13],[6,6],[0,8],[19,15],[6,11]],[[2425,6804],[6,-1],[12,10],[6,0],[17,15],[2,8],[12,13],[-1,7],[8,6],[22,9],[15,2]],[[2515,6709],[-7,-5],[3,-12],[-5,-6],[-17,-7],[-13,-13],[-1,-19]],[[1994,7290],[20,5],[17,7],[9,-4],[19,-3],[11,3],[16,10],[11,-3],[7,-15],[7,-5],[-2,-7],[7,-14],[1,-15],[16,-5]],[[2515,6988],[2,-7],[15,-2],[0,-4],[14,-6],[20,-2],[5,4]],[[1276,7143],[-9,3],[-24,20],[-5,11],[-7,7],[6,13],[-1,10],[-13,17],[-3,7],[4,11],[-7,7],[0,6],[8,5],[-2,6],[10,4],[-1,7],[-20,-1],[2,9],[-7,4],[2,7],[-1,29],[-3,17],[-11,14],[3,8],[9,6],[-7,11],[-1,7],[11,4],[11,40],[-12,5],[-6,11],[10,18],[14,10],[-11,10]],[[1215,7486],[11,12],[8,1],[26,-4],[21,9],[17,-2],[11,5],[9,0]],[[1797,6361],[0,8],[-23,10],[-4,6],[-12,2],[-10,-2],[-9,7],[11,9],[6,10],[-13,11],[-9,18],[5,14],[-12,5],[-6,6],[-7,17],[-9,6],[-8,17],[14,15],[34,6],[11,17],[12,5],[11,8],[13,4],[15,2],[31,13],[-3,9],[-14,14],[-3,8],[-12,0],[2,26],[-9,8],[8,7],[6,-4],[14,-1],[7,5],[10,12],[12,2],[6,9],[12,8],[2,9],[9,7],[17,6],[10,21]],[[1912,6721],[1,-21],[6,-5],[-6,-14],[-5,-4],[3,-9],[-11,-31],[1,-10],[-16,-2],[0,-11],[11,-9],[21,-1],[15,1],[0,-11],[-5,-8],[1,-19],[-10,-11],[3,-5],[10,0],[12,3],[19,1],[36,-15],[4,-7],[12,-3],[9,-7],[20,-20],[-1,-9],[9,-12],[1,-14],[9,-6],[24,0],[10,7],[21,-3],[-2,-8],[7,-9],[-3,-16],[4,-18],[5,-3],[-3,-12],[-9,-3],[2,-13]],[[2117,6384],[-11,-9],[4,-14],[-10,-8],[-30,-11],[-9,2],[-11,-3],[13,-12],[0,-9],[-15,-6]],[[1027,7697],[-7,-4],[-6,8],[-8,3],[-9,-2],[-8,7],[-6,-1],[-9,15],[-11,9],[11,7],[-1,8],[-7,9],[-22,-5],[-14,8],[-5,-1],[-38,6]],[[887,7764],[-11,8],[-10,21],[-15,6],[-15,-2]],[[836,7797],[0,13],[-27,3],[-14,7],[-1,11],[-7,7],[-19,3],[-12,6],[-15,0],[-7,18],[10,6],[9,29],[-2,4],[-14,-3],[-2,4],[11,9],[-5,5],[-15,-3],[-3,10],[11,8],[-4,10],[6,10],[9,4],[-5,5],[-12,-2],[-2,7],[9,6],[-3,10]],[[732,7984],[11,5],[0,9],[9,3],[6,9],[-13,0],[0,11],[10,34],[13,4],[25,13],[11,-6],[7,6],[14,2],[-1,15],[10,12],[11,7],[13,13],[18,9],[12,0],[15,23],[10,2],[5,8],[-10,7],[10,3],[-6,6],[29,3],[30,5],[38,1],[7,6],[17,22],[16,13],[33,13],[29,9],[12,1]],[[1123,8252],[6,-71],[5,-12],[1,-11],[9,-13],[12,-10],[5,-10],[-3,-14],[-25,-13],[-11,0],[-12,-6],[-13,-3],[3,-28],[-7,-22],[15,-14],[-2,-17],[-8,-15],[-5,-19],[-8,-4],[-6,-14],[-9,-11],[-22,-21],[-15,-19],[-9,-18],[-7,-6],[-4,-13],[-30,-45],[-7,-22],[-10,2],[-8,-3],[1,-8],[68,-95]],[[1215,7486],[-20,5],[-24,3],[-2,11],[6,5],[-2,9],[-11,2],[-15,-7],[-15,6],[-2,6],[4,11],[-13,1],[-4,-4],[-13,8],[8,12],[-10,9],[-17,0],[-3,8],[12,5],[-7,8],[9,9],[-6,5],[-6,18],[-11,4],[-11,9],[-15,2],[-5,9],[4,10],[-17,10],[6,8],[-12,14],[11,11],[-7,4]],[[1123,8252],[25,2]],[[2325,6258],[-6,3],[22,61],[8,11]],[[2349,6333],[16,15],[19,5]],[[887,7764],[-7,-6],[-14,-5],[-19,-12],[0,-12],[-5,-6],[2,-18],[-8,-11],[0,-7],[15,-5],[1,-4],[-14,-8],[-10,-10],[2,-20],[-13,-8],[-19,-3],[-8,-7],[1,-16],[11,-29],[14,-4],[5,-4],[-10,-11],[-5,-10],[-8,-4],[-2,-9],[10,-10],[-5,-6],[0,-7],[7,-6]],[[808,7506],[-14,-4],[-3,-11],[-12,-18],[-1,-16],[-9,-6],[-4,-14],[8,-10],[-1,-12],[11,-26],[1,-16],[5,-9],[-9,-3],[6,-10],[-12,-11],[-12,5],[-9,-2]],[[753,7343],[-8,2],[-24,1],[-33,-9],[-10,1],[-3,7],[-1,23],[-4,32],[14,11],[8,3],[-1,11],[4,7],[-16,10],[-4,8],[-12,11],[-18,-1],[-11,4],[-9,13],[-7,-3],[-3,-10],[-20,-14],[1,-9],[-5,-4],[-14,2],[-3,-4],[-13,-3],[-9,13],[8,9],[0,20],[-4,28],[-8,22],[10,4],[8,-8],[18,-2],[7,7],[-25,-1],[-12,8],[-9,1],[-6,8],[-7,28],[-5,9],[-3,18],[-21,11],[-10,32],[-5,23],[2,14],[8,14],[10,32]],[[508,7722],[7,-6],[3,-10],[23,9],[13,-5],[1,-9],[-3,-15],[6,-5],[19,-4],[21,-15],[21,-11],[9,1],[4,9],[-12,6],[-3,13],[14,9],[9,0],[8,-5],[7,-11],[9,0],[9,8],[11,5],[25,0],[35,11],[12,1],[7,7],[-5,5],[-14,1],[-4,4],[5,9],[25,7],[6,5],[8,15],[18,1],[22,22],[4,18],[8,5]],[[2721,7068],[-9,-7],[-7,-14],[-15,-24],[-12,-9],[-13,-5],[-12,-17]],[[2352,6472],[-4,6],[-49,29],[-7,12],[-5,2],[-6,11],[0,16],[8,2],[14,27],[-4,20],[4,10],[-11,7]],[[2292,6614],[2,9]],[[2294,6623],[9,12],[8,-4],[3,-11],[7,-6],[-2,-7],[8,-8],[11,-17],[1,-23],[14,-22],[-4,-11],[3,-5],[-4,-12],[13,-15]],[[3042,5960],[-29,-87]],[[2295,6260],[30,-2]],[[1866,6853],[11,-7],[2,-10],[7,-3],[24,-19],[4,7],[9,0]],[[1923,6821],[6,-13],[-15,-5],[2,-8],[8,0],[6,-11],[-7,-2],[0,-12],[11,2],[12,-1],[-1,-8],[-19,-4],[6,-8],[-21,-5],[3,-8],[-3,-5],[1,-12]],[[1316,6272],[-7,0],[-10,6],[-25,7],[-6,4],[0,7],[-7,5],[-14,0],[-4,9],[-7,5],[-21,8],[-18,13],[8,4],[-5,8],[4,6],[11,3],[15,8],[16,-3],[-1,17],[-3,5],[-11,-1],[-9,5],[1,12],[-11,3],[-6,-6],[-24,29],[-1,6]],[[1238,7019],[-50,-20],[-11,2],[0,-10],[11,-8],[-4,-8],[-10,-1],[-1,-5],[-15,-3],[1,-8],[-10,2],[-8,10],[-15,-7],[-15,1],[2,-11],[7,-9],[-7,-5],[2,-9],[-7,-12],[-23,-21],[-3,-16],[-18,-7],[-17,-4],[-5,-6],[-13,-12],[-9,0],[-16,4],[-20,30],[0,14],[4,13],[12,18],[55,39],[-7,13],[-43,32],[-3,7],[3,10],[22,7],[18,1],[12,8],[-1,9],[-6,11],[-20,15],[-16,21],[-7,23],[-1,12],[-11,12],[-6,10],[-16,7],[-7,8],[-17,5],[-13,2],[-33,13],[-18,11],[12,12],[11,1],[14,8],[1,7],[-2,18],[-15,22],[-24,10],[-4,8],[14,5],[10,21],[-6,5],[3,12],[-7,18],[-13,14],[-19,13],[-17,10],[-16,3],[-16,6],[-9,11],[-20,18],[-2,11],[3,16],[12,14],[15,29],[-2,7]],[[2294,6623],[-35,9],[-10,6],[-4,11],[1,10],[-5,4],[1,7],[-23,14],[-18,4],[-15,-3],[-6,-5],[-20,11],[-22,5],[-2,6],[-9,5],[-3,8],[-15,8],[0,9],[-13,10],[-42,-3],[-23,22],[-12,7],[-6,-2],[-15,7],[1,9],[-4,8],[-8,3],[-4,8],[-13,9],[-7,-3],[-15,4],[-5,6],[-20,4]],[[3186,6884],[9,17],[15,13],[-3,6],[2,9],[-8,2]],[[3061,6902],[4,-3]],[[2807,6887],[8,6],[8,-1],[10,4],[11,11],[10,-1],[17,7],[7,6],[-11,13],[1,7],[10,17],[3,24],[-6,9],[2,10],[5,10],[-1,14],[-7,6],[5,10],[-2,14],[-11,2],[-5,6]],[[1474,8236],[16,5],[10,0],[23,-13],[3,-10],[7,-4],[8,-17],[14,1],[10,6],[21,24],[15,13],[26,-5],[16,10],[10,-1],[51,12],[12,-17],[2,-8],[17,-7],[14,-10],[19,1],[-1,13],[11,3]],[[2292,6614],[-9,-5],[-3,-13],[-5,-3],[-30,-15],[-13,-14],[-1,-17],[-12,-8],[-5,-9],[8,-5],[-5,-12],[6,-7],[-3,-13],[3,-7],[-6,-17],[-1,-17],[-10,-8],[-1,-7],[-33,-23],[1,-8],[-19,-27]],[[2154,6379],[-25,-3],[-12,8]],[[2154,6379],[6,-4],[-2,-8],[2,-14],[18,-9],[12,-9],[34,-15],[9,-5],[13,-4],[10,6],[21,8],[15,-3],[11,9],[27,-2],[19,4]],[[2600,6332],[4,6],[-3,15],[7,10],[29,23],[2,7],[11,9],[25,7],[6,7],[16,3],[8,10],[-5,22],[-5,9],[2,13],[-16,13],[0,11]],[[822,6493],[-13,2],[8,7],[1,8],[-7,2],[3,9],[-13,3],[-1,8],[-31,9],[-5,18],[-10,-1],[-61,0],[-5,-4],[-23,8],[-15,1],[-13,4],[-8,12],[-13,9],[-11,0],[-12,11],[4,14],[-11,4],[-1,7],[-14,17],[2,9],[-14,0],[-21,14],[-21,3],[-13,7],[-2,12],[-9,11],[-14,6],[-4,6],[-18,-1],[-16,11],[-9,1],[-9,12],[-13,8],[-23,-5],[-8,2],[4,15],[-5,5],[-19,-1],[-11,22],[-28,8],[-6,15],[12,9],[-7,7],[-7,-11],[-22,0],[-2,8],[19,10],[13,3],[19,16],[-14,-2],[-12,-7],[-32,6],[-18,-3],[-11,6],[-23,21],[-7,17],[2,12],[11,4],[-6,14],[-8,4],[1,9],[14,-4],[4,7],[-13,5],[-11,0],[-11,-3],[-14,-11],[-15,-1],[-19,22],[-10,-6],[-19,9],[-16,18],[-21,19],[-18,5],[-1,4],[-18,-3],[-8,-7],[-23,20],[-14,22],[-9,7],[15,2],[3,10],[-10,0],[-7,6],[3,10],[26,13],[26,8],[13,7],[9,8],[6,-7],[6,3],[0,11],[2,7],[23,27],[24,23],[17,12],[42,26],[25,25],[21,16],[13,0],[43,20],[28,6],[24,-2],[17,1],[9,-4],[-9,-7],[-14,0],[-10,-4],[-13,-15],[-5,-15],[24,19],[12,-6],[7,6],[14,1],[10,4],[-8,8],[10,6],[23,-4],[14,4],[12,7],[13,3],[11,-8],[-20,-11],[-3,-7],[-13,-3],[-15,0],[2,13],[-10,3],[-9,-19],[-25,-1],[8,-17],[27,0],[6,11],[8,3],[13,-5],[8,1],[5,-18],[7,-6],[6,-13],[1,-16],[-9,-5],[13,-7],[8,6],[4,26],[-5,18],[2,10],[6,0],[13,-17],[10,-4],[11,1],[-3,10],[6,2],[3,-13],[18,-20],[-14,-12],[13,0],[6,7],[3,8],[-13,11],[-8,13],[13,9],[32,-4],[8,2],[7,8],[24,-3],[32,1],[25,3],[12,-6],[-9,-9],[1,-10],[8,-3],[15,8],[14,-5],[14,-28],[11,2],[13,7],[-14,3],[3,29],[-5,9],[10,5],[12,1],[13,6],[-12,4],[1,12],[-3,24],[10,6],[-1,6],[7,5],[3,9],[-8,5],[-6,29],[-6,15]],[[508,7722],[12,9],[-6,10],[14,4],[10,14],[15,-6],[19,25],[-6,11],[2,12],[6,8],[13,9],[22,21],[8,1],[10,9],[5,12],[-9,4],[5,13],[2,22],[3,11],[11,11],[29,26],[43,49],[6,-1],[10,-12]],[[10559,14558],[6,9],[-3,16],[-11,6],[4,10],[-12,17],[5,8],[1,15],[-3,13],[11,10],[-1,12],[4,9],[-8,10],[0,24],[8,4],[1,13],[-3,6],[5,9],[-3,4],[6,15],[-4,9],[14,9],[26,3],[8,6],[16,5],[4,8],[12,6],[-4,9],[9,14],[0,10],[10,4],[-1,15],[-15,3],[-1,7],[14,-1],[6,17],[-8,28],[-7,2],[-24,-15],[-14,3],[-2,11],[1,10],[-3,14],[3,12],[11,18],[9,23],[-21,-1],[-17,-6],[-25,5],[-35,-2]],[[10528,14994],[5,6],[-4,9],[7,3],[-1,29]],[[10535,15041],[4,10],[19,4],[-5,9],[12,11],[2,13],[-4,5],[9,6],[10,-1],[9,-17],[-2,-4],[21,-17],[15,2],[1,-19],[9,-12],[14,-4],[4,8],[2,12],[-3,17],[4,10],[0,12],[3,8],[10,5],[2,17],[-5,17],[13,8],[7,-6],[22,12],[1,5],[11,1],[8,12],[11,7],[9,-1]],[[10748,15171],[75,-59]],[[10823,15112],[0,-15],[-3,-3],[-23,4],[-3,-10],[18,0],[-10,-11],[-2,-10],[5,-6],[-2,-7],[-9,-7],[21,-2],[1,-8],[24,-7],[4,-12],[-2,-15],[14,-4],[-1,-12],[9,-7],[16,2],[10,7]],[[10890,14989],[-7,-30],[5,-1],[7,-25],[14,-19],[-2,-8],[5,-15],[25,-27],[6,-10],[2,-11],[-20,-11],[3,-20],[8,-13],[-13,-3],[-11,-15],[5,-14],[28,-7],[2,-14],[7,-27],[2,-19],[-12,-7],[-1,-6],[12,-12],[-7,-15],[-18,8],[-5,8],[-20,12],[-9,8],[-8,1],[-17,-3],[-9,3],[-16,-1],[3,-15],[-5,-2],[-11,-13],[5,-15],[-9,-8],[-22,2],[-9,-11],[4,-4],[-14,-13],[-37,-9],[-18,-12],[-7,-7],[-5,-17],[9,-5],[7,4],[12,-15],[6,3],[10,-4],[4,-18]],[[10769,14537],[0,-14],[-6,-8],[0,-8],[-23,-1],[-13,-8],[-3,-14]],[[10724,14484],[-13,13],[-8,0],[-16,-22],[-7,-4],[-10,-14],[-2,-26],[-6,-19],[4,-11],[-10,-18],[-5,-14],[0,-8],[-16,-6],[-9,-7],[-23,-7],[-22,-14],[-2,-6]],[[10579,14321],[-8,8],[-18,21],[11,8],[7,11]],[[10571,14369],[5,8],[8,5],[15,18],[-3,14],[-15,4],[-6,10],[-8,6],[1,12],[-5,8],[5,12],[7,1],[13,9],[7,-4],[11,8],[-3,4],[11,7],[6,9],[8,3],[4,10],[-4,10],[-20,1],[-12,-3],[-10,8],[-8,-10],[-16,1],[-7,6],[8,12],[-4,20]],[[9373,14674],[2,12],[-7,18],[7,13],[-7,15],[-7,5],[-4,14],[-10,13],[-2,12],[12,9],[16,-6],[41,24],[7,11],[1,13],[-8,9],[-13,1],[-1,29],[11,3],[10,7],[4,9],[7,-1]],[[9432,14884],[5,-6],[16,-5],[6,-9],[11,-7],[17,1],[13,6],[13,2],[15,8],[18,0],[3,5],[-3,9],[15,17],[17,0],[13,7],[15,0],[9,-6],[7,8],[8,-1],[4,11],[24,-1],[19,4],[23,-6],[31,-16],[5,-10],[10,-6],[9,9],[-2,4],[8,9],[29,12],[2,5],[10,3],[-5,10],[6,8],[-10,16],[-3,12],[-6,6],[3,12],[5,2]],[[9792,14997],[18,-9],[7,3],[14,-4],[15,6],[1,4],[20,1],[9,-2],[21,1]],[[9897,14997],[1,-9],[-10,-9],[14,-22],[27,-18],[-2,-8],[-6,-5],[20,-18],[12,-24],[-10,-4]],[[9943,14880],[-5,-8],[-11,-3],[-20,0],[-12,-3],[-9,-9],[-10,-1],[-1,-7],[-15,-7],[-3,-9],[9,-26],[-3,-6],[4,-8],[12,-2],[-1,-16]],[[9878,14775],[-16,-10],[-2,-24],[-5,-10],[1,-7],[-8,-10],[-12,-8],[-30,-4],[-10,3],[-9,-2],[-11,-15],[-11,-2],[-18,2],[-6,-10],[-2,-28],[10,-22],[18,-14],[1,-28],[23,1],[6,-8],[13,-6],[3,-8],[-1,-14],[6,-14],[-11,-17],[2,-14],[-2,-9]],[[9807,14497],[3,-12],[-6,-11],[-14,-17],[-20,-8],[6,-8],[-5,-8],[3,-18],[-9,-16],[-11,-4],[-4,-6],[-17,-5],[-9,11],[-22,-1],[-2,-6],[-11,-1],[-8,10],[-7,5],[-15,-3],[-14,12],[-12,4],[2,8],[-5,4]],[[9630,14427],[-24,-8],[-17,-16],[-7,-16],[-7,-4],[-6,7],[-14,7],[-8,1],[14,12],[-1,7],[-10,4],[-5,8],[-24,8],[-19,10],[-11,-5],[-21,-3],[-25,9],[-7,9],[-7,-2],[-14,4],[-24,0],[-4,-7],[-9,-3],[-6,6],[-15,-11],[-8,-2],[-10,6],[-2,5],[-17,4],[-14,-7]],[[10381,14216],[-6,0],[-8,-9],[-15,-1],[-13,-4],[-11,5],[-8,10],[-16,-13]],[[10304,14204],[-40,-10],[-6,10],[-20,7],[-13,12],[-13,1],[-19,-12],[-18,-5],[2,-13],[-18,-22],[-15,-7],[-6,-6],[6,-7],[5,-13],[-4,-11],[7,-26],[-11,-14],[-8,-4],[-4,-9],[-12,-4],[-4,-12],[1,-8],[-17,-5],[-5,-15],[-8,-4],[-15,-13],[-7,-2],[-9,5]],[[10053,14017],[4,8],[-6,7],[-8,-4],[-15,15],[-28,7],[-6,11],[-8,2],[-5,8],[-24,5],[-8,5],[-14,1],[-18,9],[2,12],[-13,12],[2,9],[-10,37],[-3,12],[7,4],[13,15],[-4,8]],[[9911,14200],[-1,11],[12,10],[12,18],[9,9],[16,-3],[0,10]],[[9959,14255],[10,5],[9,-4],[16,0],[14,13],[30,14],[8,-8],[35,-7],[13,-9],[15,8],[13,15],[7,5],[-1,7],[16,12],[14,-6],[11,4],[7,6],[13,0],[17,-9],[14,3],[11,7],[10,15],[7,-4],[15,-2],[14,1],[20,-5],[20,14],[18,21]],[[10335,14351],[-2,-14],[-9,-12],[-2,-20],[7,-11],[16,-6],[10,-1],[19,-9],[9,1],[-3,-14],[9,-19],[-3,-6],[0,-15],[-5,-9]],[[10579,14321],[-9,-11],[-2,-10],[-7,-2]],[[10561,14298],[-22,-13],[-6,0],[-9,-15],[1,-7],[-7,-8],[2,-11],[-6,-10],[-17,-1],[-6,-7],[-3,-19],[4,-14],[-5,-12],[2,-8],[-13,-31],[3,-6]],[[10479,14136],[-5,-4],[-17,-6],[-16,-7],[-9,2],[-17,-5],[-7,-10],[-10,-6],[-1,-5],[-17,-3],[-17,-6]],[[10363,14086],[1,10],[-5,10],[-9,3],[-6,25],[-9,6],[-6,10],[-1,15],[-5,8],[3,4],[-6,14],[-16,7],[0,6]],[[10381,14216],[25,9],[7,10],[10,4],[20,15],[4,7],[16,12],[9,11],[5,17],[15,17],[-1,12],[-6,12],[21,9],[2,8]],[[10508,14359],[11,6],[15,1],[7,-6],[11,7],[19,2]],[[9943,14880],[15,-6],[13,-11],[16,-3],[25,-15],[14,-15],[16,-3],[12,-10],[15,-2],[7,-6],[11,-1],[0,-9],[17,-25],[-2,-7],[6,-8],[7,-1],[11,5],[6,-3],[-2,-7],[16,-5],[-2,-17],[3,-17],[-13,-16],[-15,-11]],[[10119,14687],[-6,-11],[-20,-18],[-4,-6]],[[10089,14652],[-40,-9],[-24,1],[-16,-4],[-12,3],[-13,7],[-27,-11],[-19,1],[-11,-10],[-6,3],[-8,11],[-3,10],[4,13],[12,2],[6,13],[-4,8],[2,15],[-10,-3],[-7,8],[1,10],[-7,2],[-3,11],[-7,5],[19,16],[-3,4],[10,9],[-8,6],[-11,4],[-12,1],[-14,-3]],[[10573,13773],[-6,-4],[-2,-10],[-17,0],[-16,-12],[-13,-4],[-13,-9],[-11,-18],[-15,-12],[-4,-11],[-14,-2],[-7,-6],[-20,24],[-12,6],[-5,10],[6,12],[-6,8],[-9,6],[-8,11],[-17,-12],[-8,1]],[[10376,13751],[-17,4],[-24,-1],[-4,10]],[[10331,13764],[-5,7],[-1,9],[8,11],[20,6],[0,6],[10,8],[2,27],[5,6]],[[10370,13844],[7,-11],[6,-2],[1,-9],[18,-3],[-1,8],[9,14],[34,0],[30,7],[13,0],[10,4],[16,0],[10,-12],[1,-6],[10,-11],[14,-12],[6,-21],[19,-17]],[[9807,14497],[36,-20],[-15,-22],[11,-16],[28,-34],[-10,-6],[-5,-7],[8,-4],[12,-15],[12,0]],[[9884,14373],[6,-9],[-8,-13],[-2,-17],[4,-5],[-3,-8],[3,-8],[11,-7],[0,-7],[12,1],[10,-5],[5,-7],[12,-2],[3,-7],[13,-6],[-3,-7],[4,-7],[8,-4]],[[9911,14200],[-15,-3],[-20,1],[-14,4],[-18,-2],[-19,3],[-7,-3],[-4,-8],[-12,-9]],[[9802,14183],[-20,5],[-14,-2],[-12,3],[-23,-1],[-17,11],[-13,-7],[-19,-6],[-10,1],[-8,5],[-27,4],[-20,4],[-11,6],[-17,-7],[-21,2],[-11,6],[-14,3],[-12,-2],[-10,6],[-17,-7],[-13,-9],[-12,-23],[-13,-8],[-12,-6],[0,-10],[8,-5],[11,-20],[-7,-11],[-2,-13],[-6,-8],[-11,-1],[-12,10],[-12,1],[-7,10]],[[9418,14114],[-27,0],[-19,-3],[-17,3],[-23,-3],[-22,1],[-12,-3],[-15,4],[0,7],[-9,12]],[[9274,14132],[16,2],[12,-2],[4,-9],[12,-2],[19,4],[17,14],[5,28],[-2,9],[19,9],[12,18],[13,8],[7,2],[2,8],[19,21],[-4,7],[9,3],[6,17],[-1,14],[-3,2],[7,10],[10,0],[35,10],[17,9],[-4,8],[39,5],[15,-2],[20,8],[15,8],[4,10],[11,6],[0,7],[7,11],[-3,17],[-6,12],[6,7],[20,10],[1,6]],[[10561,14298],[3,-13],[-5,-13],[10,-14],[28,12],[1,-15],[15,-17],[11,-6],[18,1],[15,-6],[1,-6]],[[10658,14221],[-26,-8],[-9,-5],[1,-8],[-3,-19],[-12,-14],[-8,-1],[7,-18],[0,-10],[17,-22]],[[10625,14116],[0,-4],[-11,-8],[-1,-19],[10,-5],[10,-15],[-2,-3],[12,-10],[3,-9]],[[10646,14043],[-13,-3],[-7,-7],[-5,-19],[-8,-3],[-21,-2],[-16,-8]],[[10576,14001],[7,14],[0,9],[-12,7],[-3,7],[-7,2],[6,9],[-9,9],[-16,7],[1,7],[-5,11],[-8,0],[-7,19],[2,14],[-14,5],[-1,8],[-15,13],[-11,-9],[-5,3]],[[10699,13347],[-15,-6],[-3,-5],[0,-14],[-12,3],[-7,-4],[-13,-1],[-13,4],[-10,-4]],[[10626,13320],[-4,11],[3,9],[-9,8],[4,7],[-3,8],[17,18],[-2,18],[-18,21],[3,19],[-16,17],[-20,3],[-6,-3],[-19,-2],[-3,-6],[-13,-4],[-5,3],[-19,2],[-11,-7],[-17,-1],[-13,4],[-15,9],[-15,-8],[1,-7],[-13,-9],[1,-7],[-11,0],[-4,18],[-7,10],[-1,9],[-10,8],[-14,-2],[-11,-8],[-16,5],[-22,-1],[-7,-15],[-12,-6]],[[10319,13441],[-12,11],[0,7],[-7,18],[-10,10],[1,12],[-9,6],[-1,10],[14,14],[-1,9],[7,7],[2,19],[10,33],[12,16],[-3,24],[4,9],[11,12],[11,6],[18,3],[14,9],[6,18],[-3,9],[5,10],[-3,10],[-10,6],[-2,8],[3,14]],[[10573,13773],[4,-1]],[[10577,13772],[8,-16],[9,-3],[13,-27],[-17,-33],[-2,-8],[-11,-17],[-18,-1],[-8,-8],[1,-9],[7,-4],[19,8],[17,-1],[11,-7],[15,-3],[17,1],[20,7],[9,0],[7,6],[26,2],[11,-6],[24,-7]],[[10735,13646],[18,-10],[17,-1],[19,5],[8,0],[8,-7],[10,-21],[14,-4],[11,-11],[15,-7],[9,3],[9,-4],[8,-9],[12,4],[9,-1],[9,6],[14,-14],[18,-12],[17,-17],[9,0],[17,-7],[8,-10],[7,-2],[8,-14],[5,0],[7,-20],[13,-15],[2,-12],[14,-13]],[[9200,15205],[-2,14],[9,3],[-3,16],[6,17],[10,9],[-5,6],[1,11],[-6,9],[4,13],[-2,6],[19,12],[8,0],[22,16],[5,7],[10,5],[9,13],[-9,10],[-1,7],[6,4],[15,14],[22,16],[2,28],[20,8],[16,14],[18,12],[4,5],[-1,20],[-10,7],[4,10],[-4,6],[10,13],[11,-1],[33,9],[-4,11],[-7,1],[-11,11],[-8,12],[5,9],[-4,14],[3,7],[-7,8],[0,7],[8,5],[-1,7],[16,4],[8,10],[25,6],[12,6],[9,-3],[9,11],[8,0],[7,9],[1,23],[-9,17],[2,8],[-8,14],[2,9],[-21,9],[11,9],[-8,10],[10,12],[3,9],[14,26],[-10,14],[-9,20],[7,3],[10,14],[6,4],[-4,6],[19,15],[15,1],[4,6],[-1,7],[8,9],[14,2],[21,8],[3,7],[13,3],[6,13],[21,7],[11,14],[14,5],[7,6],[9,2],[31,3],[-1,5],[12,10],[13,-5],[15,7],[12,-3],[15,9],[9,-3],[6,5],[14,-2],[15,15],[-7,4],[-1,11],[-19,9],[-8,13],[8,5],[-5,12],[2,16],[4,1],[0,16],[20,2],[21,17],[12,-2],[14,1],[8,7],[-3,6],[10,5],[-6,10],[14,9],[20,8]],[[9875,16182],[15,-2],[2,-6],[-3,-11],[6,-6],[12,-2],[-5,-9],[-2,-20],[-11,-2],[1,-7],[15,3],[10,-7],[15,-4],[10,-16],[3,-17],[12,-8],[-11,-8],[-3,-18],[-11,-3],[-25,-12]],[[9905,16027],[-9,2],[-11,-4],[-17,5],[2,-20],[-15,-11],[15,-14],[6,-14],[-4,-13],[8,-9],[-2,-6],[-12,-7],[1,-7],[-20,-11],[-8,6],[-9,-1],[-14,21],[-10,5],[-12,-9],[-19,-6],[-6,-13],[-24,-5],[-19,0],[-14,-3],[-14,-12],[-9,-3],[-6,-16],[-14,-9],[-10,-14],[2,-5],[-8,-19],[-14,-14],[5,-7],[10,-6],[3,-7],[-7,-6],[0,-7],[37,-11],[22,-4],[-6,-10],[-10,-8],[-16,-3],[-17,-12],[-1,-9],[-24,-7],[-1,-6],[7,-10],[-13,0],[-5,-6],[1,-7],[-5,-12],[-28,-16],[-12,-3],[-1,-8],[-8,-3],[-8,-13],[-27,-13],[-6,-8],[3,-5],[-6,-17],[-12,-4],[-20,-29],[6,-10],[-4,-12],[-18,-9],[-3,-7],[2,-37],[5,-8],[0,-12],[4,-12],[-23,-7],[-7,-4],[-3,-8],[-18,-9],[-25,-24],[-19,0],[-11,-31],[2,-14],[-12,-8],[-8,-19],[5,-15],[21,-8],[7,-6],[-1,-11],[-5,-9],[11,-8],[-5,-10],[17,-24],[-16,-2],[-19,-13],[-10,0],[-15,-27],[-7,-4],[-1,-13],[-9,-10],[13,-11],[-2,-12],[3,-8]],[[9349,15142],[-13,-11],[-17,-6],[-10,0]],[[10363,14086],[14,-15],[7,-15],[3,-26],[4,-8]],[[10391,14022],[-16,-3],[-26,1],[-9,-3],[-29,-3],[2,-8],[-13,-3],[-11,-5],[-12,-11],[-11,-6],[-16,-3],[-7,-6],[-22,-9],[-10,-9],[-12,-5],[0,-5],[-8,-8],[0,-6],[-8,-10],[-2,-17]],[[10181,13903],[-6,-5],[-3,-10],[-24,-1]],[[10148,13887],[-4,3],[-15,-1],[-11,2],[10,13],[-21,12]],[[10107,13916],[-15,5],[-7,14],[-1,8],[-24,17],[-3,8],[-12,8],[-1,15],[9,26]],[[10335,14351],[8,6],[2,14],[10,6],[-2,5],[11,9],[-6,26]],[[10358,14417],[5,10],[10,1],[20,13],[5,8],[12,4],[22,0],[9,2]],[[10441,14455],[24,7],[11,-1],[8,-7],[2,-16],[10,-14],[-2,-6],[27,-18],[-17,-21],[5,-7],[-1,-13]],[[9276,16057],[15,-3],[20,7],[14,1],[20,-6],[42,3],[34,-11],[8,3],[30,-3],[9,-5],[18,8],[9,10],[16,2],[6,5],[12,2],[26,-3],[9,-4],[27,2],[25,18],[5,-1],[14,12],[-4,8],[14,7],[18,7],[7,11],[11,-2],[8,5],[7,-2],[13,2],[10,-4],[14,-2],[15,17],[7,-1],[1,18],[11,12],[21,-2],[11,-5],[15,13],[6,13],[11,6],[10,-5],[4,7],[23,5],[9,-6],[-2,-14]],[[9206,15171],[-6,-8],[-20,0],[-23,-3],[-11,1],[-12,-10],[-9,-2],[-4,-9],[-10,-3],[-14,9],[3,16],[-16,1],[-13,-2]],[[9855,15309],[-31,1],[-36,-12],[5,-9],[3,-25],[-19,-9],[-13,3],[-18,0],[-12,-4],[-3,14],[-8,-2],[-29,17],[-8,7],[-23,2],[-22,20],[2,7],[-14,3],[-7,6],[-1,13]],[[9621,15341],[-1,22],[3,11],[-14,7],[6,8],[-9,5],[15,11],[8,22],[-2,8],[8,8],[-2,4],[5,18],[10,3],[10,11],[13,8],[13,3],[12,10],[7,8],[16,8],[-2,7],[2,23],[10,16],[19,2],[9,-4],[11,0],[-2,7],[10,6],[13,-1],[7,13],[-4,11],[3,17],[5,6],[0,13],[-6,5],[-2,20],[-15,6],[-6,11],[0,7],[6,10],[6,3]],[[9783,15694],[9,-4],[18,2],[11,6],[40,9],[16,9],[15,-8],[20,2],[10,4],[16,-18],[-3,-7],[6,-12],[19,-2],[8,-15],[-15,-20],[-16,-14],[20,-9],[3,-9],[14,-6],[0,-9],[-12,2],[-11,-6],[-4,-18],[10,-12],[21,4],[-2,-11],[2,-15],[23,-9],[17,-23],[-13,-25],[2,-11],[8,-12],[12,-3],[-11,-6],[1,-16],[6,0],[0,-23],[11,-16],[3,-16],[-11,-17],[-11,-8],[-30,-8],[-16,5],[-8,7],[-13,4],[-16,-2],[-39,-11],[-12,-9],[-24,-12],[-4,-6],[2,-11]],[[10559,14558],[-19,2],[-7,-3],[-6,-8],[-35,2],[-8,-5],[-37,-3]],[[10447,14543],[-5,13],[-21,0],[3,11],[-17,7],[-3,4],[-17,0],[-13,-8],[-15,4],[-6,9],[19,11],[15,4],[8,13],[-5,13],[-29,6],[-16,-3],[-16,-10],[-35,4],[-18,-3]],[[10276,14618],[0,16],[10,5],[10,11],[-10,26]],[[10286,14676],[11,4],[14,19],[-4,6],[24,4],[7,3],[19,1],[12,11],[2,8],[17,17],[5,10],[-8,18],[6,13],[3,22],[5,9],[21,2],[17,3],[5,5],[12,2],[11,19],[0,13],[-4,4],[-15,2],[4,9],[1,23],[9,17],[22,-2],[28,9],[18,-1],[0,8],[11,6],[6,8],[-1,8],[-9,8],[-15,3],[-9,7],[12,10],[5,10]],[[10276,14618],[-5,-10],[-13,-5],[-6,-17],[2,-18],[8,-8],[13,-8],[0,-19],[1,-15],[7,-7],[3,-13],[-5,-7],[2,-9],[-7,-9]],[[10276,14473],[-9,0],[-15,4],[-25,-13],[-13,1],[-22,-6],[-16,-7],[-20,-3],[-3,9],[1,19],[-15,8],[-10,0],[-6,4],[-14,16],[-10,-3],[-12,3],[-13,10],[-14,8],[-10,3],[-6,11]],[[10044,14537],[9,3]],[[10053,14540],[11,-1],[18,1],[10,9],[26,15],[32,-1],[10,-2],[21,3],[3,8],[12,13],[12,15],[-2,16],[5,9],[9,37]],[[10220,14662],[20,-5],[23,-2],[6,17],[17,4]],[[9792,14997],[-29,-4],[-26,-5],[-4,-11],[0,-10],[-5,-15],[-13,-4],[-18,-2],[-11,4],[-9,0],[-13,3],[-12,12],[-11,-1],[-7,8],[-8,1],[-2,12],[3,8],[-1,17],[-9,5],[-5,-6],[-19,3],[-13,16],[23,6],[-23,16],[6,5],[-2,20],[-3,3],[-4,21]],[[9577,15099],[3,5],[14,10],[-5,20],[0,13],[15,21],[12,9],[40,0],[16,-9],[12,-4],[30,-5],[10,3],[1,7],[10,12],[-1,5],[8,16],[14,5],[2,6],[23,13],[0,4],[18,10],[12,2],[4,-5],[15,-3],[23,-12],[7,-8],[3,-17],[14,-9],[23,-8],[6,-7],[19,-9],[9,10]],[[9934,15174],[2,-10],[-16,-16],[-17,1],[-8,-8],[3,-6],[-8,-11],[5,-19],[16,-13],[-5,-13],[13,-20],[5,-1],[3,-11],[-4,-4],[-10,-3],[-4,-12],[11,-12],[-22,-15],[-1,-4]],[[10625,14116],[5,-6],[12,-1],[4,12],[6,3],[13,-3],[16,3],[42,-3],[17,3],[6,-5],[26,-1],[5,2]],[[10777,14120],[0,-7],[-9,-11],[-6,-1],[-11,-13],[-4,-15],[-1,-13],[-6,-6],[5,-13],[5,-5],[16,-1],[11,-15],[14,-10],[10,-36],[-3,-11],[9,-12],[11,-11],[23,-3]],[[10841,13937],[-6,-7],[-7,0],[-17,9],[-11,1],[-14,-7],[-6,11],[-15,12],[-10,11],[-11,6],[-9,10],[-11,6],[-9,23],[-23,0],[-12,14],[-15,-4],[-9,18],[-10,3]],[[10577,13772],[28,10],[29,2],[7,2],[0,9],[6,11],[-16,-1],[-13,14],[-9,5],[-34,33],[-5,7],[1,12],[-5,10],[6,17],[6,8],[-1,12]],[[10577,13923],[13,5]],[[10590,13928],[15,4],[30,-3],[14,3],[9,6],[12,-2],[17,-10],[6,-10],[-1,-11],[4,-4],[-1,-8],[8,-12],[-3,-12],[9,-11],[-3,-8],[0,-11],[12,-14],[5,-13],[-3,-7],[10,-14],[13,-4],[12,-10],[3,-7],[11,-10],[-1,-5],[6,-11],[20,-12],[-17,-26],[1,-6],[-7,-13],[8,-10],[-6,-8],[-12,-3],[-8,-11],[-18,-9]],[[9274,14132],[-8,3],[-21,19],[-7,1],[-13,-7],[6,-11],[-19,-3],[-28,7],[-7,-2],[-18,6],[-9,-3],[-22,5],[-7,-2],[-24,13],[-19,4],[-1,6],[-26,2],[-8,12],[2,7],[-19,16],[6,7],[0,8],[-8,9],[-9,0],[-17,22],[-9,-1],[-8,7],[-11,2],[-11,9],[6,13],[-7,6],[-18,7],[-15,-4],[-25,7],[-4,11],[-6,3],[7,13],[-13,7],[-12,2],[-11,10],[-18,2],[-2,9]],[[9432,14884],[5,16],[7,4],[12,21],[-2,11],[-16,3],[-12,18],[29,9],[6,11],[-1,6],[6,7],[-6,8],[5,10],[0,11],[5,8],[-17,7],[-12,-7],[-4,5],[-10,-4],[-1,14],[12,1]],[[9438,15043],[29,15],[9,8],[17,-5],[19,-2],[14,-4],[25,-13],[2,12],[-8,15],[2,11],[9,7],[4,11],[17,1]],[[10724,14484],[8,-8],[2,-12],[-4,-13],[0,-11],[5,-5],[0,-26],[-8,-13],[-10,-4],[-22,-5],[5,-6],[9,-1],[12,-6],[2,-11],[-14,-17],[-12,-5],[-7,-41],[-8,-7],[4,-13],[-4,-6],[-10,-4],[-4,-13],[2,-10],[-3,-3],[2,-10]],[[10669,14234],[-3,-11],[-8,-2]],[[10119,14687],[11,-10],[11,-3],[8,-12],[9,4],[11,-10],[4,-8],[18,6],[20,3],[9,5]],[[10053,14540],[10,9],[5,13],[5,5],[14,33],[-18,-2],[-11,4],[-14,-2],[13,20],[15,11],[8,2],[1,6],[9,7],[-1,6]],[[10331,13764],[-19,-2],[-14,-4],[-9,7],[-12,-4],[-23,6],[-11,-2],[2,-5],[-10,-5],[-16,1],[-12,23],[-16,10],[-12,13],[3,14],[-14,4],[-14,1]],[[10154,13821],[-15,14],[6,7],[0,25],[-3,2],[8,14],[-2,4]],[[10181,13903],[8,0],[4,-7],[9,-1],[9,-7],[12,-4],[15,1],[25,6],[17,13],[7,0],[16,8],[17,-5],[23,0],[10,-9],[0,-8],[10,-9],[10,-15],[-3,-13],[0,-9]],[[9349,15142],[7,-6],[3,-18],[-4,-4],[16,-16],[14,11],[5,0],[14,12],[15,8],[11,-7]],[[9430,15122],[-14,-2],[-8,-5],[-12,-25],[-11,-10],[5,-6],[0,-8],[7,-7],[-2,-5],[6,-8],[25,5],[12,-8]],[[10391,14022],[-5,-14],[7,-4],[15,0],[19,-15],[4,-10],[12,1],[3,-7],[0,-13],[7,-11],[10,-11],[22,6],[3,4],[17,7],[18,1],[10,4],[21,3],[15,-4],[6,-5],[0,-8],[-8,-5],[4,-5],[0,-12],[6,-1]],[[10576,14001],[-29,1],[22,-20],[15,-6],[16,-10],[3,-6],[-13,-14],[0,-18]],[[10823,15112],[12,2],[18,-9],[9,-22],[6,3],[11,-1],[0,-9],[8,-3],[-11,-21],[4,-13],[8,-1],[10,-9],[1,-9],[-8,-1],[1,-11],[-5,-9],[3,-10]],[[10669,14234],[25,2],[15,-8],[19,2],[10,7],[8,9]],[[10746,14246],[2,-7],[-6,-8],[5,-7],[-4,-8],[8,-12],[9,-26],[1,-12],[9,-4],[9,-15],[3,-13],[-5,-14]],[[9884,14373],[3,12],[27,14],[1,6],[9,10],[12,8],[-3,10],[13,7],[3,6],[14,10],[20,9],[10,17],[5,3],[-8,8],[-7,0],[-3,14],[13,0],[19,11],[19,5],[4,11],[9,3]],[[10276,14473],[10,-1],[5,-5],[-6,-14],[0,-7],[8,-17],[-10,-4],[-2,-7],[22,0],[11,-6],[21,1],[15,-3],[8,7]],[[9855,15309],[4,-7],[9,-6],[15,-17],[7,-12],[0,-20],[36,-17],[7,-18]],[[9933,15212],[0,-9],[8,-19],[-7,-10]],[[9430,15122],[1,10],[-8,6],[12,10],[-1,8],[9,12],[6,-1],[3,14],[-9,5],[-8,13],[10,8],[11,-1],[18,-12],[2,11],[-2,11],[16,9],[8,1],[0,12],[24,7],[1,15],[-9,11],[-2,7],[5,9],[20,0],[-2,9],[18,11],[4,12],[18,2],[26,-1],[7,11],[13,10]],[[10441,14455],[2,11],[-3,7],[-10,1],[-11,9],[-7,14],[7,11],[11,9],[5,13],[12,13]],[[9933,15212],[25,3],[15,11],[6,18],[8,10],[-13,13],[24,7],[19,1],[3,4],[21,4],[9,-1],[23,-22],[5,-3],[-8,-15],[-8,-9],[-3,-11],[-6,-7],[-1,-11],[9,-2],[3,-10],[-7,-6],[5,-9],[22,1],[14,4],[23,-5],[8,-5],[5,-10],[13,-8],[13,-2],[4,6],[12,0],[6,5],[12,4],[11,-4],[20,2],[11,8],[11,-1],[17,-8],[11,1],[13,-8],[14,1],[34,9],[18,8],[8,-5],[10,2],[10,8],[25,-15],[12,2],[15,-14],[9,-4],[9,4],[9,-1],[15,15],[0,6],[21,6],[8,11],[10,-8],[2,-5],[22,-27],[1,-8],[7,-5],[-25,-24],[4,-5],[-16,-12],[1,-8],[-11,1],[-12,7],[-12,-4],[-2,-6],[-12,0],[-2,-8],[-24,-11],[-11,3],[-3,-5],[-14,-1],[-10,4],[-9,-6],[-24,-3],[-9,-4],[-6,-8],[-4,-18],[16,-2],[-7,-7],[-2,-6],[-12,-4],[-17,4],[-13,-3],[-14,-23],[-2,-8],[4,-6],[14,-4],[19,-13],[2,8],[9,8],[14,6],[0,8],[5,4],[16,-8],[10,3],[2,13],[14,-1],[10,7],[4,10],[13,5],[22,-11],[13,8],[-3,8],[8,4],[10,-5],[11,0],[24,10],[8,0],[11,7]],[[10319,13441],[-9,-3],[-11,6],[0,7],[-8,11],[-11,10],[-11,4],[-35,9],[2,10],[-9,7],[-13,1],[-19,-1],[-3,3],[-21,1],[-6,7],[-15,-4],[-12,4]],[[10138,13513],[-6,1],[-12,9],[-37,1],[-3,8],[-7,7],[1,11]],[[10074,13550],[2,6],[22,31],[20,10],[16,22],[-5,9],[-9,4],[-6,9],[14,10],[11,4],[3,11],[-2,14],[3,10],[10,5],[4,10],[-16,-1],[-12,9],[-10,3],[-2,11],[-14,10],[1,12],[-6,10],[1,6],[-14,7]],[[10085,13772],[9,11],[1,7],[11,6],[12,1],[17,13],[10,4],[9,7]],[[9905,16027],[1,-4],[21,-6],[4,-9],[8,-4],[9,-16],[20,-13],[-6,-6],[6,-5]],[[9968,15964],[-8,0],[-12,-7],[-4,-7],[3,-14],[24,-11],[16,-5],[8,-13],[-11,-6],[-26,-18],[-30,-5],[-12,7],[-10,1],[-14,15],[-117,-68],[0,-8],[-4,-11],[4,-8],[-7,-6],[-1,-10],[4,-9],[-5,-27],[12,-12],[-1,-10],[16,-14],[3,-13],[-9,-5],[-4,-6]],[[9968,15964],[12,-1],[12,-10],[20,7],[22,10],[13,0],[9,8],[12,0],[4,8],[-5,4],[7,20],[14,1],[8,-2],[42,0],[17,-9],[19,1],[-3,14],[8,7],[14,-8],[5,-7],[-6,-7],[19,-2],[5,-8],[-4,-7],[5,-6],[8,3],[9,11],[12,0],[3,-11],[17,-6],[5,-10],[-16,-5],[1,-4],[14,1],[1,-11],[27,-74],[44,-89],[36,-161],[42,-133],[27,-87],[2,-8],[28,-11],[15,0],[3,-11],[16,-3],[34,-27],[34,-38],[169,-132]],[[10841,13937],[61,-3],[36,-5],[14,1],[18,-9],[22,-14],[19,6],[14,11],[6,1],[23,-3],[6,-3],[23,-5],[4,3],[18,-7],[9,3],[4,6],[11,6],[14,-1],[22,6],[23,-10],[11,0],[8,-9],[10,-5],[12,-22],[15,-14],[22,-13],[7,-7],[-9,-12],[1,-5],[-20,-29],[5,-21],[-11,-18],[7,-6],[118,-150],[84,-106]],[[10769,14537],[4,-7],[1,-17],[7,-2],[9,-11],[-2,-6],[7,-7],[-9,-9],[3,-9],[-5,-6],[2,-11],[5,-4],[-14,-19],[-5,-10],[-13,-5],[-4,-6],[1,-23],[-3,-14],[-6,-5],[0,-12],[4,-6],[1,-10],[-2,-30],[3,-4],[-7,-11],[1,-9],[-3,-11],[5,-14],[-3,-13]],[[5319,10337],[-7,3],[-7,12],[4,4],[22,7],[11,12],[4,27],[-14,-7],[-2,11],[5,16],[-9,5],[4,6],[24,3],[14,10],[-2,2],[-21,-4],[-18,-1],[-10,-6],[-15,2],[-20,-4]],[[5282,10435],[21,10],[-4,8],[17,28],[12,5],[1,15],[7,6],[14,0],[9,3],[16,-2]],[[5375,10508],[36,5],[11,5],[13,-1],[11,7],[27,-4],[20,7],[9,12],[7,13],[26,6],[1,9]],[[5536,10567],[2,-11],[15,-10]],[[5553,10546],[-16,-13],[-4,-10],[-25,-18],[-6,-7],[-13,-7],[-18,-2],[-5,-11],[1,-7],[-8,-16],[-10,-4],[-19,-20],[-1,-7],[-8,-4],[-1,-8],[-9,-12],[-8,-3],[-21,-16],[-13,-1],[-8,-15],[-14,-14],[0,-7],[-12,-8],[-16,0]],[[5319,10336],[0,1]],[[5396,10348],[9,-7],[4,-21],[6,-7]],[[5415,10313],[1,-14],[-3,-7],[2,-17],[-8,-4],[-28,-2],[-16,-7],[-25,4],[-8,7],[-7,1],[-5,9],[-14,-5]],[[5304,10278],[5,21],[13,3],[11,8],[17,4],[-2,21],[20,10],[28,3]],[[5553,10546],[26,-3],[9,-3],[3,-7],[-5,-20],[17,-1],[7,-11],[14,-9],[2,-7],[18,-8],[0,-4],[14,-8],[6,-9],[-1,-10],[-5,-5],[10,-8],[11,-5]],[[5679,10428],[-8,-2],[-10,-8],[-6,-9],[-12,-5],[3,-11],[-4,-12],[-8,-6],[1,-5]],[[5635,10370],[-11,-5],[-19,14],[-17,0],[-17,-5],[-10,-1],[-5,-6],[-8,3],[-7,-5],[-20,-1],[-10,3],[-25,-2],[-5,3],[-16,4],[-16,-2],[-18,4],[-17,-19],[-18,-7]],[[5304,10278],[-14,-13]],[[5290,10265],[-2,6],[6,14],[-14,14],[-8,4],[-2,20],[6,6],[-4,7]],[[5272,10336],[19,-3],[28,3]],[[5375,10508],[5,5],[16,3],[15,6],[-10,6],[4,18],[-14,3],[-7,10]],[[5384,10559],[7,5],[12,1],[6,7],[10,1],[20,15]],[[5439,10588],[6,2],[14,12],[13,5],[17,16],[11,13],[11,8],[9,1],[14,9],[16,-3],[26,7],[15,10],[17,3]],[[5608,10671],[5,-8],[0,-12],[-10,-4],[-2,-8],[-10,-6],[-16,-21],[-11,-6],[-8,-12],[-17,-18],[-3,-9]],[[5635,10370],[4,-3],[2,-15],[-6,-18],[-1,-9],[-12,-11],[4,-5],[-4,-12],[-5,-2]],[[5617,10295],[-11,4],[-10,11],[-12,7],[-21,0],[-9,1],[-18,-14],[-6,-8],[-67,-6],[-13,14],[-17,-4],[-7,8],[-11,5]],[[5439,10588],[3,11],[-13,0],[4,11],[-11,-2],[-7,-7],[-19,-7],[-12,-1],[-19,9],[2,7],[14,10],[-6,27]],[[5375,10646],[26,-3],[16,1],[13,5],[-4,27]],[[5426,10676],[-7,41]],[[5419,10717],[5,4],[21,5],[24,-8],[18,-8],[7,-6],[14,-4],[11,8],[10,3],[12,-3],[29,-5],[13,-1],[12,10],[21,-8],[19,6],[17,-6],[13,-2]],[[5665,10702],[-7,0],[-10,-8],[-13,-5],[-11,-2],[-16,-16]],[[5510,10128],[-3,-6],[10,-4],[1,-7],[-4,-9],[-17,-8],[-5,-11],[-14,-8],[-3,-4],[-14,-9],[-5,-8],[-2,-10],[2,-16],[-8,-8],[-12,-1],[-6,-5],[-12,0],[-6,-6],[-2,-11],[-23,1],[2,-12],[-6,-4],[-18,-6],[-7,-11],[-2,-11]],[[5356,9954],[-5,-2],[-32,1],[-22,14],[-11,1],[-12,6],[-11,0],[-11,4],[-20,3],[-14,-1],[-6,3],[10,10],[-12,15],[0,25],[-3,7],[2,9],[6,3],[8,18],[10,10],[12,24],[-8,15]],[[5237,10119],[3,17],[21,22],[3,9],[16,11],[3,6],[6,20],[9,11],[-3,6],[-9,5],[0,8]],[[5286,10234],[8,-2],[18,-12],[15,-8],[10,0],[12,-7],[18,-3],[0,-12],[-9,-11],[-10,-20],[39,-17],[6,-6],[27,4],[15,9],[11,3],[17,-5],[8,2],[19,-3],[5,-9],[11,0],[4,-9]],[[5272,10336],[-11,3],[-3,7],[-12,-3],[-16,7],[-10,-9],[-9,2],[-15,7],[-7,0],[-4,9],[-19,-5]],[[5166,10354],[-17,-1]],[[5149,10353],[-11,1],[-18,18]],[[5120,10372],[11,2],[2,14],[6,2],[5,9],[10,1],[10,7]],[[5164,10407],[5,8],[8,1],[14,-7],[27,-7],[16,0],[13,3],[21,13],[1,8],[13,9]],[[5164,10407],[-16,7],[-4,10],[13,3],[2,10],[-11,6],[7,15],[3,2],[3,16],[-1,13],[-10,2],[-5,8]],[[5145,10499],[2,9],[12,3],[3,7],[-9,4],[0,5],[10,4],[9,18],[-6,2]],[[5166,10551],[12,5],[13,0],[9,-6],[11,1],[28,-8],[17,4],[16,-2],[21,-8],[14,-1],[24,7],[30,2],[23,14]],[[5617,10295],[1,-16],[-6,-12],[-6,-5],[12,-19],[-9,-9],[4,-7],[-7,-3],[-7,-16],[14,-8],[-2,-4]],[[5611,10196],[-15,-8],[-17,0],[-6,-4],[-5,-14],[-16,-5],[-17,-8],[-1,-9],[-6,-10],[2,-5],[-20,-5]],[[5286,10234],[-3,13],[8,15],[-1,3]],[[5166,10551],[-8,5],[3,8],[18,10],[-1,7],[-11,9],[3,6]],[[5170,10596],[9,4],[18,16],[2,11],[18,6],[8,8],[7,12]],[[5232,10653],[4,4],[19,-6],[12,-1],[28,3],[9,-2],[2,-7],[18,2],[14,-1],[9,-4],[28,5]],[[5665,10702],[13,1],[18,-1],[10,-5],[22,-5],[18,1],[3,-7],[9,0],[11,-14],[15,-11],[12,-1],[9,-4],[24,20],[16,1],[9,-2],[13,3],[5,12],[8,7],[17,-4],[19,7],[6,10],[9,2],[11,7],[12,0]],[[5954,10719],[8,-8]],[[5962,10711],[-4,-10]],[[5958,10701],[-24,-12],[-12,-14],[-13,-9],[-1,-7],[-8,-8],[-1,-18],[10,-11],[1,-14],[-9,-14],[-12,-4],[-7,-8],[-6,2],[-37,-1],[-17,-4],[-5,-12],[-8,-6],[-13,-2]],[[5796,10559],[-9,-15],[-12,-4],[-14,-9],[-15,-4],[-6,-11],[-9,-8],[4,-15],[-10,-16],[5,-18],[-18,-5],[-15,-16],[-18,-10]],[[5419,10717],[-19,-3],[-12,-4],[-11,4],[-34,0],[-7,5],[-8,-1],[-9,6],[-14,1],[-14,-3],[-13,4],[-5,8],[-13,-1],[-11,6],[-23,7],[-21,-12],[-13,4],[-7,-4]],[[5185,10734],[0,5],[13,8],[3,11],[2,22],[-5,13],[-7,2],[-19,-7],[-16,-2],[-7,-3],[-1,-7],[-17,-10],[-13,5],[-20,-8],[-13,5],[-12,8],[3,9],[-11,-2],[5,24],[8,0],[6,6],[-9,10],[-12,-1],[-9,7]],[[5054,10829],[25,12],[6,-4],[11,4],[1,14],[12,10],[-5,14],[7,5],[-17,10],[-4,14]],[[5090,10908],[-3,6],[9,8],[11,-10],[22,17],[7,3]],[[5136,10932],[20,-6],[7,-5],[14,-3],[30,-14],[12,17],[11,23],[8,-2],[14,5]],[[5252,10947],[11,-5],[6,-16],[31,0],[4,-7],[12,-9],[4,-6],[13,1],[10,7],[16,5],[2,4],[19,8],[13,-1],[11,-7],[7,1],[7,-8],[10,-6]],[[5428,10908],[-6,-8],[-3,-19],[-8,-25],[6,-12],[10,3],[27,-1],[39,-16],[10,-7],[9,-1],[19,-11]],[[5531,10811],[-5,-7],[11,-10],[21,-5],[7,-9],[32,-8],[3,-6],[0,-12],[16,-2],[9,-10],[26,-7],[37,-22],[22,-6],[3,-6],[11,-3],[11,2],[11,10],[23,-4],[21,9],[4,5],[28,5],[2,13],[11,6],[10,-3],[10,7],[3,12],[17,15],[31,16],[14,21],[6,0],[17,-8],[15,12],[17,8]],[[5975,10824],[-1,-18],[-6,-14],[4,-9],[-11,-15],[-6,-12],[7,-13],[9,-6],[-15,-13],[-2,-5]],[[5077,11110],[-9,0],[-9,9],[-10,0],[-18,7],[-3,6],[7,7],[3,14],[5,3],[-7,10],[-14,-3],[-22,10],[-10,2],[-1,7],[-10,5],[-8,9],[-23,16],[-16,2],[-15,-1],[-23,0],[-18,-3],[-12,6],[-15,2]],[[4849,11218],[25,15],[14,3],[34,2],[13,8],[32,5],[20,23],[-1,19],[-10,5],[-3,8],[10,5],[8,8],[10,5],[9,15],[8,3],[6,-7],[21,-7],[21,4]],[[5066,11332],[2,-21],[-6,-4],[-2,-14],[2,-22],[9,-4],[15,-16],[20,-14],[6,-11],[14,2],[8,-2],[6,-10]],[[5090,10908],[-20,-8],[-3,-5],[-18,-2],[-7,-5],[-12,7],[-13,3],[-15,-6],[-13,2],[-20,15],[-2,9]],[[4967,10918],[0,13],[5,15],[-7,10]],[[4965,10956],[-3,8],[11,19],[-1,10],[-10,3],[-4,7],[11,2],[13,13],[24,-4],[3,7],[-3,7],[3,15],[29,5]],[[5038,11048],[13,-2],[3,-4],[1,-12],[25,-14],[5,-8],[12,-11],[21,-9],[3,-7],[10,-7],[13,-3],[-1,-15]],[[5143,10956],[-6,-5],[-7,-12],[6,-7]],[[5066,11332],[2,14],[5,9]],[[5073,11355],[-2,7],[7,6],[18,2],[16,-2],[17,4],[1,8],[10,4],[24,5],[8,-4],[21,2]],[[5193,11387],[45,-3]],[[5428,10908],[13,2],[4,7],[13,5],[2,5]],[[5460,10927],[4,-7],[13,-6],[7,0],[8,7],[25,0],[14,-7],[4,-13],[12,-17],[14,-12],[-9,-19],[16,-3],[-3,-7],[-10,-9],[-1,-13],[-4,-4],[-19,-6]],[[5193,11387],[0,10],[5,8],[-3,6],[3,7],[-14,10],[-4,16],[8,20],[11,0],[10,7],[10,12],[4,10]],[[5358,11523],[-10,-14],[0,-9],[-9,-9],[0,-8],[-9,-9],[-3,-6],[-12,-13],[-3,-6],[16,-4],[4,-6],[15,-11],[15,-27]],[[4965,10956],[-31,13],[-20,15],[-11,2],[-10,22],[2,7],[-13,21],[-9,8],[3,7],[-6,7],[-2,11],[-14,7],[-11,2],[-3,9],[-8,5],[-15,17],[5,8]],[[4822,11117],[5,-2],[27,-19],[28,-1],[28,-6],[22,16],[33,-1],[-2,-12],[7,-8],[13,-4],[13,5],[14,-2],[4,-5],[5,-20],[19,-10]],[[5253,10963],[-3,-5],[2,-11]],[[5143,10956],[16,2],[2,9],[9,6],[-3,7]],[[5418,11009],[-5,-16],[0,-8],[10,-16],[8,-4],[11,-13],[9,-1],[14,-11],[-5,-13]],[[5073,11355],[-7,4],[-29,8],[1,8],[-11,9],[5,5],[-8,11],[-12,8],[5,16],[0,13],[7,6],[3,12],[-3,14],[-26,9],[-12,-2],[-14,5],[-12,2],[-17,8],[-28,1],[-29,9],[-20,3],[-19,-4],[-11,27],[0,7],[-9,12],[-18,32],[-5,17]],[[9765,13696],[-5,-10],[19,-3],[9,-4]],[[9788,13679],[-13,-17],[-3,-14],[7,-6],[-5,-10],[13,2],[13,-5],[5,-5]],[[9805,13624],[-12,-8],[-10,-20],[-12,0],[-6,5],[-15,-3],[-7,-14],[-6,-1],[-9,-9],[-19,-5],[-10,-17],[-21,-11],[-2,-6]],[[9676,13535],[-4,7],[6,11],[-11,1],[-11,-3],[-6,-6],[-13,0],[-12,3],[-3,5],[10,4],[-21,4],[-3,12],[-9,6],[10,5],[2,13],[15,23],[2,11],[15,11],[2,15],[-6,0],[-8,15],[0,24],[-9,20]],[[9622,13716],[22,-4],[12,-5],[4,5],[18,6],[3,9],[8,6],[10,3],[7,15],[24,14],[12,3],[5,8]],[[9747,13776],[0,-27],[-4,-17],[-10,-16],[9,-7],[21,-7],[2,-6]],[[9091,12481],[-5,-13],[3,-14]],[[9089,12454],[-15,1],[-6,-6],[-19,-13],[-9,-3],[-11,3],[-14,-10],[5,-14],[-12,-4],[-5,-12],[-14,-5]],[[8989,12391],[-18,21],[0,16],[-2,11],[-10,8],[5,6],[6,18],[6,8],[-11,2],[-5,13],[11,3],[-5,11],[1,16],[-13,8],[-14,2],[-1,8],[-9,6],[3,14]],[[8933,12562],[5,-5],[19,-11],[9,1],[5,-7],[12,3],[0,5],[9,3],[14,-5],[7,-7],[0,-15],[13,-12],[15,-6],[8,1],[23,-6],[9,-15],[10,-5]],[[8300,11946],[14,10],[15,3],[11,11],[7,2],[6,14],[15,6],[7,8],[1,9],[26,1],[7,-11],[21,-3],[20,3],[9,-7],[6,4],[-3,15],[12,0],[12,-10],[15,3],[9,-1],[13,4]],[[8523,12007],[9,9],[-2,11],[12,14],[15,1],[10,14],[0,13],[23,6],[12,7],[14,1],[11,4],[4,9],[12,-1],[6,6],[9,2]],[[8658,12103],[12,2],[1,-9],[-8,-6],[0,-7],[7,-6],[-1,-9],[-11,-7],[-11,-10],[-3,-17],[-5,-10],[2,-14],[4,-5],[-10,-15],[-8,-3]],[[9983,13086],[-24,-14],[-14,-16],[-9,-5],[-25,-6],[-9,-7],[-21,-5],[-10,0],[-41,4],[-17,-1],[-12,7],[-6,16],[-22,1],[-17,6],[-9,5],[2,10]],[[9749,13081],[-5,6],[-23,8],[-10,5],[5,6],[11,1],[14,-3],[16,4],[38,1],[6,-4],[16,-5],[6,9],[-2,6],[-25,14],[-19,7],[-7,6]],[[9770,13142],[6,8],[11,6],[9,11],[12,2],[14,14],[18,10],[3,19],[13,10],[1,5],[18,19]],[[9875,13246],[8,-8],[22,-8],[1,-13],[5,-10]],[[9911,13207],[-8,-10],[3,-7],[14,-10],[-7,-8],[-2,-12],[16,-3],[6,-6],[-4,-7],[-3,-14],[12,-7],[12,-5],[9,0],[19,-10],[10,-8],[-5,-14]],[[8836,12152],[-7,6],[-21,10],[-17,3]],[[8791,12171],[0,6],[14,20],[4,3],[12,25],[24,17],[17,8]],[[8862,12250],[17,0],[5,4],[30,2]],[[9628,12977],[-15,-3],[-23,-2],[-8,-4],[0,-11],[-16,-7],[-17,-12],[-16,-9]],[[9533,12929],[-19,0],[0,5],[-17,21],[-7,7],[-1,7],[4,24],[-1,8],[-31,2],[-15,9]],[[9446,13012],[6,16],[0,13],[-8,5],[0,15],[18,7],[-11,20],[5,3]],[[9456,13091],[1,7],[9,14],[27,7],[21,19]],[[9514,13138],[21,-10],[36,-11],[16,-10],[-7,-11],[5,-6],[-2,-10],[-15,-9],[-9,-14],[12,-10],[-4,-3],[-3,-11],[29,-13],[15,4],[0,-12],[6,-7],[17,-7],[0,-6],[-10,-15],[7,0]],[[8363,13712],[13,-7],[14,-17],[9,-3],[17,3],[9,-4],[11,8],[18,7],[10,8],[14,8],[7,0],[17,7],[7,6],[28,10],[17,-1],[-1,-6],[-14,-6],[-4,-11],[6,-3],[19,6],[16,15],[3,14],[24,4],[19,0],[9,-3],[16,-12],[7,-1],[23,9],[10,7],[12,11],[29,0],[8,4],[11,-7],[23,-6],[4,-5],[14,0],[-4,-7],[2,-10],[15,0],[12,-4],[10,-7],[13,0],[5,-8],[8,-3],[13,2],[3,-12],[9,-12]],[[8874,13686],[18,-2],[12,-9],[7,-2],[19,7],[5,-4],[12,1],[-1,-14],[8,-6],[14,0],[7,-4]],[[8975,13653],[12,-4],[6,-8]],[[8993,13641],[-144,-134],[-124,-116],[7,-4],[107,-60],[11,-6],[-16,-5],[-1,-8],[-10,3],[-7,7],[-11,5],[4,7],[-9,4],[-12,-1],[1,-7],[-11,0],[-19,5],[-12,-13],[-4,4],[-12,2],[-11,10],[-16,-2],[-5,6],[-18,-2],[-11,-4],[-12,-11],[7,-11],[-2,-11],[-10,-4],[-3,-6]],[[8650,13289],[-8,-3],[-15,1],[-8,-4],[-11,6],[-19,18],[-11,-3],[-8,7],[-14,5],[2,6],[-11,2],[-28,-1],[-21,-4],[0,9],[5,7],[-7,19],[-15,-10],[-6,-12],[0,-11],[-9,-10],[-6,-12],[-9,-1],[-4,20],[-12,-1],[-115,7]],[[8320,13324],[-101,-47],[-20,1],[-10,-18],[-8,0],[-7,6],[-20,-9],[5,-12],[6,-5],[-20,-12],[-6,1],[-10,-7],[-8,5],[-8,-1],[-18,-7],[-12,3]],[[9525,13368],[-13,-11],[-10,-13],[-14,-4],[-5,-8],[-19,-19],[-14,-26],[-12,-11],[-8,11],[-21,12],[-15,-1],[-13,16],[-23,0],[0,18],[-9,5],[-1,14],[-12,4],[-2,11],[-8,11],[-28,4],[6,18],[5,2],[10,14],[-4,6],[10,12],[-5,8],[-16,7],[-15,2],[-4,3],[-15,3],[-8,-3],[-11,2],[-23,-11],[-2,-5],[-13,-1],[-10,4],[-34,-4],[-5,-9],[-11,-13],[-12,-2],[-3,-5]],[[9138,13409],[-22,5],[-28,18],[-17,2],[-9,7],[-5,15],[3,22],[11,15],[-2,16],[2,15],[-12,1],[-4,-7],[-21,-9],[-16,-1],[1,9],[-5,23],[3,8],[-3,11],[9,32],[-6,27],[-13,15],[-11,8]],[[8993,13641],[18,-1],[16,-10],[10,-2],[18,7],[15,2],[24,-3],[28,-8],[18,-3],[7,-6],[16,-5],[6,-15],[21,-8],[15,-9],[16,-4],[13,-7],[-2,-6],[13,-16],[15,-10],[24,-2],[15,-4],[12,3],[5,-8],[-6,-9],[7,-11],[17,-9],[16,-3],[15,-5],[28,-8],[9,-9],[7,-3],[7,-9],[11,-22],[13,-9],[13,-12],[35,-10],[16,-13],[6,-11],[15,-15]],[[7401,12601],[37,-32],[7,-11],[11,-4],[18,0],[14,-3],[17,-11],[28,-12],[20,1],[10,-9],[-10,-18],[1,-4],[-10,-12],[12,-6],[1,-9],[-4,-11],[3,-11],[9,-18],[-1,-11],[5,-8],[12,0],[16,-10],[17,3],[11,-9],[21,-2],[10,6],[24,-2],[3,-3],[20,-3],[3,-4],[16,5],[19,-1],[5,8],[7,2],[12,10],[10,-8],[10,2],[23,-12],[12,-14],[8,-13],[9,-3],[9,5],[15,-11],[5,-16],[11,-3],[14,4],[25,21],[1,9],[7,6],[-2,13],[7,5],[1,11],[5,6],[0,14],[-20,3],[-9,7],[-8,14],[-7,7],[1,7],[7,6],[14,5],[-9,8],[9,16],[12,-7],[30,0],[0,10],[15,6],[0,8],[15,5],[11,12],[10,0],[4,8],[18,3],[8,-2],[2,-13],[8,-4],[12,6],[8,-2],[5,-7]],[[8071,12524],[6,-18],[15,-15],[12,-4],[9,5],[10,-9],[13,-3],[19,18],[28,5],[9,4],[15,-7],[14,-2],[13,4],[16,12],[26,12],[16,2],[10,-6],[14,-2],[28,15],[12,-4],[18,5],[15,-7],[2,-17],[10,-17],[14,-5],[10,-6],[15,-1],[9,-5],[2,-14],[15,-4],[1,7],[14,6],[10,0],[24,16],[6,9],[6,0],[18,8],[18,6],[19,2],[32,-7],[4,-15]],[[8618,12492],[-5,-14],[5,-6],[22,-14],[7,-14],[23,-1],[13,-10],[-6,-26],[-23,-18],[-6,-22],[11,-6],[-4,-5],[9,-10],[-2,-6],[4,-18],[7,-18],[9,-5],[10,2],[9,-7],[-5,-4],[-7,-11],[-8,-5],[-13,-2],[-9,-7],[-13,-5]],[[8646,12260],[-11,0],[0,-16],[-4,-12],[6,-16],[7,-6],[-13,-18],[-12,-8]],[[8619,12184],[-13,2],[-19,0],[-22,8],[-13,1],[-14,9],[-8,10],[-10,-3],[-31,18],[-10,9],[-9,2],[10,16],[2,20]],[[8482,12276],[8,-2],[22,1],[25,7],[13,6],[13,3],[7,-2],[8,-9],[6,1],[20,15],[22,13],[-13,11],[-5,11],[-20,3],[3,10],[-14,3],[-7,10],[7,14],[-4,6],[9,11],[-7,7],[5,8],[-14,5],[-3,5],[-24,3],[-13,5],[-8,-2],[-29,7],[-15,-11],[-17,-5],[-8,7],[3,5],[-9,15],[-10,-5],[-18,1],[-18,-4],[-11,-7],[-15,-4],[-11,0],[-5,17],[-14,2],[-10,9],[-13,-3],[-1,12],[-6,9],[-17,8],[4,9],[-6,6],[-16,0],[-13,4],[-10,-4],[-25,-5],[-9,1],[-18,-4],[-24,-8],[-4,-6],[-9,0],[-19,-8],[-14,-10],[-12,4],[-9,-7]],[[8110,12444],[-14,0],[-3,8],[-16,11],[-11,-6],[7,-5],[-4,-21],[10,-5],[7,-8],[-4,-10],[-18,4],[-12,-8],[-1,-12],[13,-4],[-1,-7],[-15,-11],[-4,-6],[3,-11],[12,-11],[-3,-6],[4,-22],[-10,-9],[-11,2],[-11,-8]],[[8028,12299],[-8,-7],[8,-15],[-22,-14],[-11,-1],[-4,-5],[-9,-4],[-4,-13],[-8,-1],[-2,-10],[-20,-11],[12,-6],[-3,-15],[-6,-11],[-15,-7],[-1,-7],[10,0],[7,-6],[-18,-4],[7,-10]],[[9533,12929],[4,-10],[9,-11]],[[9546,12908],[-11,-11],[-14,-3],[-11,-5]],[[9510,12889],[-12,-6],[-13,-3],[-13,-10],[-7,2],[-31,-2]],[[9434,12870],[-4,12],[3,7],[-3,15],[-13,18],[0,14]],[[9417,12936],[8,22],[11,16],[-5,11],[13,16],[2,11]],[[10102,13909],[-36,-2],[6,-7],[-10,-3],[-19,-12],[-10,-1],[-25,-11],[-3,-9],[-8,-1],[-5,-14],[2,-14],[23,-11],[-3,-12],[-5,-5]],[[10009,13807],[-6,7],[-20,9],[-15,11],[-9,0],[-16,15],[-10,3],[-17,15],[1,11],[13,1],[12,-4],[21,-1],[7,6],[5,9],[12,5],[3,9],[13,5],[7,10],[7,-1],[6,8],[16,3],[17,8],[13,0],[7,-11],[9,-3],[0,-6],[17,-7]],[[10304,12936],[14,-3],[10,7],[9,12]],[[10337,12952],[14,10],[20,9]],[[10371,12971],[19,-15],[7,-11],[8,2],[31,-15],[-2,-9],[11,-9],[1,-15],[16,-8],[2,-6],[-9,-12],[22,-6]],[[10477,12867],[18,-9],[4,-18],[-4,-20],[-13,-10],[-8,0],[-2,-16],[-10,-6],[-3,-7]],[[10634,12958],[-18,7],[-11,0],[-19,-15],[-11,-3],[-3,-8],[-19,-2],[-14,-9]],[[10539,12928],[-6,11],[-1,10],[5,7],[-5,12],[-13,-1],[-8,-6],[-30,11],[-6,10],[2,6],[-6,8],[-14,3],[-21,-7],[-8,5]],[[10428,12997],[8,10],[0,11],[7,8],[2,9],[14,7],[33,40],[3,14],[5,3]],[[10500,13099],[-4,10],[11,6],[-1,9],[21,-1],[12,5],[12,1],[9,7],[-4,16],[8,10],[16,-12],[18,1],[13,-2],[15,4],[14,-2],[6,-4],[9,-15],[13,0],[20,-8],[18,7]],[[9911,13207],[26,-2],[16,4],[2,10],[9,0],[10,7],[10,-1]],[[9984,13225],[13,0],[15,-3],[12,-9],[27,16],[13,9],[7,-4]],[[10071,13234],[-4,-12],[-2,-21],[1,-12],[-3,-10],[-9,-8],[0,-10],[13,-23],[10,-11],[2,-9],[-9,-7],[-6,1],[-25,-6],[-8,-14],[0,-15]],[[10031,13077],[2,-9]],[[10033,13068],[-8,0],[-25,12],[-17,6]],[[10626,13320],[-11,-12],[-1,-14],[6,-4],[-7,-7],[1,-7],[-5,-8],[-2,-11],[3,-7],[-5,-6],[-15,-6],[-7,-11],[-16,-12],[-12,3],[-21,0],[-19,4],[-8,-7],[-8,3],[-8,13],[-7,8],[-11,-7],[-19,13],[-11,2],[-18,-1],[-14,2],[-10,-6],[3,-9],[-14,-7],[-5,-7],[-18,4],[-21,6],[-16,19],[-5,11],[-10,2],[-11,-6],[-24,-5]],[[10280,13250],[1,4],[13,15],[9,5],[5,10],[-6,16],[9,6],[3,10],[-7,33],[3,10],[10,10],[4,16],[-12,6],[-3,8],[-11,7]],[[10298,13406],[3,22],[18,13]],[[9593,12252],[-16,21],[-14,8],[-17,4],[-13,18],[-15,11],[-32,9]],[[9486,12323],[8,13],[0,20],[10,19],[4,23],[-9,9],[-7,4]],[[9492,12411],[8,0],[3,19],[-13,17],[11,3],[11,8],[7,13],[-1,7],[9,11],[10,7],[4,21],[0,34],[11,17],[0,21],[-15,18],[1,8],[-13,11],[-21,1]],[[9504,12627],[3,12],[19,1],[18,5],[1,8]],[[9545,12653],[7,10],[9,-4],[26,14],[11,-1],[21,13]],[[9619,12685],[5,-12],[23,-13],[4,-19],[-5,-5],[0,-15],[-3,-11],[9,-4],[16,3],[11,-6],[7,1],[-3,15],[5,22],[13,-5],[14,1],[1,9],[11,8],[13,20],[6,17],[20,26]],[[9766,12717],[12,9],[15,0],[10,-7],[13,7],[20,-4],[7,8],[9,1],[15,-5],[-1,-11],[14,-27]],[[9880,12688],[-8,-3],[-16,5],[-7,-1],[-23,6],[0,-11],[-13,-24],[-11,-11],[-11,1],[-8,-13],[-6,-14],[-8,-2],[-18,-13],[2,-6],[8,-6],[-2,-10],[-21,-8],[-17,0],[-7,3],[-12,-3],[2,-11],[10,-10],[7,-4],[-5,-8],[2,-8],[-18,-21],[-12,-6],[-21,-7],[-9,3]],[[9658,12506],[-17,-17],[-10,-12],[2,-5],[-11,-8],[-10,-2],[2,-10],[2,-23],[-8,-9],[-11,-17],[-3,-10],[4,-16],[5,-3],[21,-1],[18,-8],[-5,-8],[10,-17],[-5,-14],[14,-8],[-13,-13],[2,-6],[-5,-12],[6,-13],[5,-6],[0,-11],[18,-12],[16,1],[14,-7],[11,-9],[15,2],[21,-1]],[[9765,13696],[7,2],[8,14],[8,4],[1,18],[5,12],[-7,4],[-6,8],[4,4],[2,15],[10,12],[8,2],[22,-2],[8,4],[14,0],[8,10],[9,6],[18,0],[21,21],[12,4]],[[9917,13834],[15,4],[24,-13],[14,-1],[3,-5],[16,-10],[20,-2]],[[10009,13807],[12,-3],[18,-19],[37,-21]],[[10076,13764],[-10,-4],[-9,0],[-5,-9],[-14,-1],[-11,5],[-42,-6],[-21,-9],[-26,1],[-13,15],[-10,3],[-22,-8],[-5,-6],[-15,1],[-10,-12],[-12,-7],[0,-9],[-7,-14],[-10,-9],[-12,-3],[-8,-9],[-17,2],[-9,-6]],[[9354,12738],[-4,-6],[-11,-7],[2,-9],[-4,-14]],[[9337,12702],[-25,-19],[-9,-2],[-9,-10],[-1,-4],[-9,-12],[4,-7],[-2,-13],[-10,-4],[-16,0]],[[9260,12631],[-9,5],[-12,-3],[-22,8],[-6,-10]],[[9211,12631],[-9,5],[-12,2],[-6,-4],[-15,-2],[-13,-11],[-14,4],[-23,12],[-3,6],[2,20],[-3,7],[-14,3],[-2,18],[-7,9],[6,8]],[[9098,12708],[-6,35],[7,7],[-4,11],[12,19],[3,13],[7,11]],[[9117,12804],[4,12],[8,-2],[9,5],[16,-8],[4,-6],[-2,-18],[1,-16],[3,-6],[1,-13],[15,2],[10,-8],[31,-5],[22,11],[15,-2],[10,-4],[20,-2],[17,1],[15,-3],[10,3],[17,-1],[11,-6]],[[8929,12362],[1,-7]],[[8930,12355],[-8,-5],[-5,-16],[-15,-17],[2,-10],[5,-2],[4,-12],[-5,-8],[-7,-3]],[[8901,12282],[-15,16],[-17,-5],[-16,-9],[-20,-3],[-34,12],[-19,-1],[-11,9],[-18,1],[-11,5],[6,13],[19,25],[9,9],[27,19],[11,20],[7,1],[12,11],[4,10]],[[8835,12415],[21,-12],[9,3],[19,-9],[7,-12],[20,-5],[0,-6],[7,-8],[11,-4]],[[8057,13189],[6,-5],[-1,-27],[-14,-4],[2,-6],[17,6],[12,-6],[7,-7],[-22,1],[-11,-11],[16,-4],[2,-13],[14,-1],[3,-7],[-13,-5],[4,-7],[10,-3],[-7,-13],[10,-13],[-11,-10],[-3,-9],[-13,1],[4,-8],[14,-3],[3,8],[12,-4],[15,8],[10,-1],[0,-7],[6,-6],[3,-13],[-3,-6],[1,-13],[-19,1],[1,-7],[12,-1],[9,-17],[17,4],[19,-7],[15,0],[22,4],[10,-5],[16,0],[10,-6],[15,-6],[8,2],[24,-10],[20,-3],[9,-15],[13,0],[5,-7],[-2,-8],[12,-9],[18,6],[17,2],[14,9],[26,-7],[8,-4],[16,-1],[0,-22],[3,-5],[-4,-12],[6,-4]],[[8450,12873],[105,-62],[-63,-100],[-21,-56],[-209,-129],[-14,-7],[-14,-2],[-14,4],[-7,-5],[-17,3],[-18,-3],[-9,4],[-6,-4],[-45,2],[-16,6],[-31,0]],[[10500,13099],[-19,-4],[-21,2],[-11,-3],[-26,0],[-12,-3],[-2,6],[-13,9],[-14,4],[1,7],[-10,6],[-10,-5]],[[10363,13118],[0,11],[5,12],[-17,13],[-26,15],[-10,4],[-23,13],[-5,11]],[[10287,13197],[-4,16],[2,8],[-8,25],[3,4]],[[9504,12627],[-12,1],[-8,5],[-10,0],[-17,8],[1,3],[-33,15]],[[9425,12659],[-9,0],[-27,10],[-9,7]],[[9380,12676],[13,9],[1,14],[35,4],[5,-2],[31,-1],[19,5],[12,15],[1,7],[10,14],[2,8]],[[9509,12749],[5,7],[24,-6],[-1,-4]],[[9537,12746],[13,-7],[5,-7],[1,-10],[5,-13],[-10,-7],[-5,-12],[3,-17],[-8,-12],[4,-8]],[[9211,12631],[-8,-2],[-9,-11],[-9,-2],[-15,-14],[-12,-15],[-13,-29],[8,-15],[-13,-7]],[[9140,12536],[-6,8],[-15,-2],[-10,9],[6,15],[-18,7],[-29,7],[-14,-1],[-19,3],[-15,0],[-16,-4],[-18,-1],[-8,-4],[-4,-7],[-9,0],[-14,7],[-4,6],[4,25],[-34,7],[-1,3],[-15,8],[-4,5],[-1,15]],[[8896,12642],[4,-2],[28,7],[14,-7],[9,-2],[0,-6],[23,-6],[18,10],[15,12],[13,20],[-1,3],[10,14],[2,12],[13,9],[16,3],[23,-5],[15,4]],[[10008,12376],[-10,6],[-8,14],[-13,-2],[-17,8],[-10,12],[-15,0],[-14,-5],[-9,5],[-13,1],[-7,-3],[-17,0],[-19,7],[-12,10],[-17,-6],[-19,2],[-6,6],[-23,2],[-22,5],[-1,10],[-8,7],[-16,6],[-12,14],[-13,3],[-14,-5],[-4,8],[-8,4],[-18,-3],[-3,3],[-2,21]],[[9880,12688],[35,-1],[22,12],[24,6],[22,2],[21,10],[22,-5]],[[10026,12712],[4,-6]],[[10030,12706],[-6,-10],[-15,-15],[3,-10],[10,-9],[-3,-6],[7,-6],[4,-14],[6,-7],[17,-1],[14,-8],[5,-9],[5,-14],[7,-13],[-4,-5],[-10,4],[-7,-5],[3,-8],[-2,-14],[-5,-5],[36,-11],[5,-17],[-12,-8],[-4,-14],[9,-1],[-6,-14],[-4,-13],[19,-1],[7,-9],[-4,-9],[-1,-11],[-6,-4],[0,-7]],[[10033,13068],[17,-4],[4,-6],[17,-11],[3,-10],[8,-7],[1,-7],[8,-9]],[[10091,13014],[-17,-3],[-21,4],[-1,12],[-7,4],[-7,-2],[-19,7],[1,-18],[-4,-10],[-9,-8],[1,-8],[-11,-1],[-5,-7],[-9,-4],[-17,3],[-2,10],[-8,3],[-9,-7],[-27,-2],[-12,-12],[4,-16],[0,-13],[-12,-8],[-9,-9],[-5,-9],[5,-3],[2,-12],[-24,-7],[-12,5],[-24,0]],[[9833,12903],[-17,1],[-12,6],[-10,1],[-21,13],[-9,-4],[-21,9],[-9,10],[-23,-7],[-6,0],[-8,27],[5,17],[7,6],[-5,7],[9,13],[5,12],[-7,15],[-11,7]],[[9700,13036],[-13,6],[-3,11],[6,7],[-6,9],[3,12]],[[9687,13081],[19,1],[8,5],[27,-3],[8,-3]],[[9252,13099],[6,-5],[-5,-10],[0,-10],[3,-16],[-4,-11],[-7,-9],[-12,-6],[-8,-12]],[[9225,13020],[-10,-9],[-7,-15],[-9,-7],[-4,-7],[-1,-13],[-11,-5],[-8,-9],[1,-25],[-16,-14],[-4,-9],[4,-7],[1,-12]],[[9161,12888],[-23,-3],[-17,1],[-33,12],[-5,-9],[-22,-8],[-20,-2],[-7,2],[-20,0],[-5,-8],[-18,-4],[-12,0],[-7,4],[4,12],[-11,19],[-12,-3],[-14,7],[-17,2],[-12,6],[-26,1],[-16,3],[-12,-6],[-10,0],[-11,5],[-21,-3],[-28,5],[-10,-4],[-8,3],[-3,8],[-7,5],[16,23],[-34,9],[-3,14],[-13,-6],[-9,3],[-14,0],[-1,9],[-14,3],[-13,10],[3,8],[-4,13],[8,7],[12,4],[-11,7],[8,6],[-18,3],[2,20],[-13,26],[4,13],[-5,8],[5,8],[12,-3],[6,11],[-11,27],[-4,4],[13,13]],[[8680,13173],[13,0],[10,-9],[21,-10],[23,-2],[14,-4],[16,13],[3,7],[0,23],[9,2],[13,-10],[20,-4],[15,4],[-6,73],[15,-4],[23,5],[7,-10],[27,-10],[14,-10],[12,-1],[55,3],[-5,-12],[15,-5],[-5,-13],[4,-4],[11,6],[6,9],[17,5],[10,-1],[23,-11],[9,-10],[15,-7],[36,5],[2,-13],[-8,-4],[6,-30],[0,-10],[5,-2],[18,8],[12,0],[17,-8],[4,-12],[5,-8],[46,-1],[9,-2],[16,-10]],[[8933,12562],[-17,8],[-18,5],[-17,8],[-3,5],[-19,11],[-20,9],[-4,-2]],[[8835,12606],[-4,8],[6,7],[-3,5],[31,11],[13,-1],[11,8],[7,-2]],[[9140,12536],[-10,-8],[-1,-7],[-13,-11],[-3,-6],[-12,-10],[-10,-13]],[[8482,12276],[-13,-2],[-23,-14],[-10,-1],[-26,9],[-9,1],[-11,9],[1,9],[-8,14],[2,7],[-26,9],[-4,4],[-4,35],[-6,5],[-20,0],[-4,-6],[5,-12],[-20,0],[-8,2],[-14,-6],[-7,1],[-10,-9],[-9,-5],[-12,0],[-10,3],[-6,-7],[-25,-5],[-11,2],[-14,-1],[-20,10],[-7,5],[-22,10],[-5,6],[-6,16],[3,10],[11,9],[5,11],[-11,9],[0,7],[6,6],[-8,10],[-10,3],[-9,9],[3,5]],[[9802,14183],[-2,-8],[-6,-8],[-5,-11],[-9,-13],[-13,0],[-4,-12],[-8,0],[-14,-7],[-7,-17],[-13,-12],[15,-5],[11,-11],[14,-7],[10,1],[-2,-8],[-8,-10],[-25,-9],[26,-6],[15,2],[16,-5],[14,-30]],[[9807,14007],[-33,-1],[-21,-1]],[[9753,14005],[-2,6],[2,12],[-24,0],[-7,2],[-15,-11],[-8,-1],[-19,-22],[-11,-2],[-2,-6],[-11,1],[-16,-6],[-21,-1],[-17,-7],[-2,-12],[-29,-3],[-9,28],[-3,5],[-13,7],[-8,1],[-12,-9],[-16,4],[-6,6],[2,9],[-16,-6],[1,-6],[-11,-6],[-6,-10],[-39,3],[-21,-8],[-9,5],[-9,-2],[-9,9],[-10,0],[1,16],[21,5],[-12,17],[-11,7],[-11,11],[-11,4],[-8,8],[14,11],[-5,3],[5,8],[18,13],[21,3],[0,7],[19,16]],[[10337,12952],[4,14],[15,21],[6,6],[3,11],[-4,16],[-3,35],[4,11]],[[10362,13066],[-2,6],[4,15],[-4,8],[2,5],[-4,8],[5,10]],[[10428,12997],[-21,-10],[-9,-10],[-19,-1],[-8,-5]],[[8107,12058],[7,-1],[11,5],[5,11],[7,-4],[9,-1],[20,6],[16,-8],[6,1],[11,-10],[4,2],[22,-6],[8,-8],[10,1],[7,10],[1,7],[14,7],[15,1],[6,3],[14,-2],[13,1],[19,-5],[6,2],[16,-2],[24,1]],[[8378,12069],[22,6],[6,-1],[25,9],[6,-3],[-3,-11],[4,-5],[-1,-11],[6,-12],[10,1],[14,5],[2,-12],[10,1],[8,-5],[14,0],[-2,-10],[18,-6],[6,-8]],[[9805,13624],[10,8],[13,2],[13,-7],[6,-10],[2,-11],[9,-5],[9,0],[12,-16],[-5,-9]],[[9874,13576],[-14,3],[-22,-10],[0,-8],[-3,-12],[-1,-11],[-12,-19],[-12,-7],[-6,2],[-13,-8],[-36,-7],[-3,-14],[-12,5],[-12,7],[-7,-10],[2,-3],[-25,-6],[-10,2]],[[9688,13480],[-9,19],[11,7],[-3,4],[-18,6],[-7,13],[14,6]],[[9417,12936],[-29,2],[-6,-1]],[[9382,12937],[5,4],[6,13],[-2,13],[-31,13],[-34,6],[-9,5],[-20,4],[-7,4],[-17,2],[-19,13],[-14,0],[-15,6]],[[9252,13099],[11,7],[17,26],[-10,9],[7,7],[-5,12],[3,19],[15,12],[0,6]],[[9290,13197],[14,-1],[15,-5],[10,-7],[-7,-6],[2,-12],[19,-8],[17,-1],[21,-8],[7,-14],[-2,-6],[16,-17],[7,-2],[2,-8],[20,-7],[3,-3],[22,-1]],[[9218,12325],[10,-9],[11,0],[16,11],[22,2],[12,-4],[37,-4],[13,16],[0,14],[4,4],[13,1],[16,-2],[29,-7],[11,3],[10,-4],[26,-19],[23,-8],[15,4]],[[9688,13480],[-6,-4],[9,-10],[4,-14],[-14,-5],[13,-11],[-4,-6],[1,-10],[17,-3],[-5,-4],[10,-21],[12,-2],[7,-5],[-13,-6],[-6,-12],[6,-8],[-11,-10]],[[9708,13349],[-13,-1],[-28,-12],[-4,2],[-16,-6],[-13,-2],[-18,-7],[-24,-5]],[[9592,13318],[-1,5],[-9,7],[-6,9],[-12,0],[-13,4],[-26,25]],[[8975,13653],[6,1],[15,-5],[15,-1],[6,7],[12,5],[15,-3],[24,-1],[10,-6],[3,5],[12,4],[12,-2],[9,-7],[14,-3],[5,13],[12,-5],[7,6],[0,10],[11,3]],[[9163,13674],[13,-11],[9,-13],[-1,-9],[12,-4],[9,13],[14,-12],[22,7],[6,-10],[16,-2],[23,-7],[18,-2],[-1,-6],[8,-11],[19,-9],[18,-3],[12,-5],[2,9],[17,3],[14,-8],[33,-24],[24,-15],[4,-9],[-1,-25],[38,-4],[13,-11],[19,2],[19,0],[11,2],[-2,6],[6,5],[2,20],[-2,11],[5,11],[17,19],[6,9],[2,12],[-6,9],[-1,10],[12,3],[2,5],[17,9],[10,13],[-5,8],[0,10],[9,11],[-7,11],[3,9],[-8,8]],[[9613,13709],[9,7]],[[10298,13406],[-2,-5],[8,-13],[2,-11],[-12,-14],[-7,-3],[-3,-9],[-9,-9],[-10,-3],[-19,-1],[-38,-4],[-40,-22],[-1,-11],[-7,-5],[2,-13],[-6,-6],[-4,-11],[-7,-6],[-10,-1],[-4,-9],[-15,7],[-33,6],[-14,1],[-5,-9],[7,-21]],[[9984,13225],[7,12],[2,11],[12,10],[11,16]],[[10016,13274],[12,8],[9,11],[-5,15],[11,10],[19,9],[11,9],[4,8],[-5,11],[12,7],[10,10],[3,21],[-7,8],[4,11],[15,12],[9,11],[8,21],[-12,8],[-1,6],[21,20],[-1,18],[5,5]],[[9260,12631],[1,-6],[-10,-12],[27,-9],[6,-11],[7,-4]],[[9291,12589],[-3,-11],[-10,-12],[2,-8],[25,-11],[10,-7],[-6,-18],[-7,-2],[-4,-11],[5,-4],[2,-11],[-13,-12],[-4,-11]],[[9288,12471],[-7,6],[-16,3],[-18,13],[-7,9],[-16,-11],[-7,-12],[-12,-7],[-33,-3],[-18,2],[-17,-7],[-10,0],[-10,-16],[-14,-3]],[[9103,12445],[-14,9]],[[9337,12702],[11,-8],[16,-1],[10,-6],[6,-11]],[[9425,12659],[-4,-15],[-8,-13],[-16,-10],[-7,5],[-22,-18],[-22,7],[-1,-11],[-4,-7],[3,-5],[-41,-6],[-12,3]],[[8646,12260],[3,-3],[20,-3],[16,-7],[16,-2],[0,-9],[18,-2],[7,-3],[18,0],[6,-3],[2,-8],[27,-24],[5,-9],[-5,-10],[12,-6]],[[8791,12171],[-13,-11],[-20,-2],[-12,-3],[-7,-11],[-10,-5],[-17,1],[-8,14],[-7,2],[-7,-7],[-8,-2],[-8,4],[-4,-10],[-10,-8],[-13,-3]],[[8647,12130],[-8,7],[-3,7]],[[8636,12144],[0,12],[-8,7],[-9,21]],[[8862,12250],[1,9],[27,15],[11,8]],[[8930,12355],[9,-9],[4,-15],[12,-4],[7,-6],[16,-7],[20,-5]],[[9382,12937],[6,-2],[3,-25],[17,-38],[-11,-6],[-26,-5],[7,-14]],[[9378,12847],[-34,-5],[-12,7],[-10,-1],[-4,6],[-12,4],[-9,8],[-19,5],[-13,7],[-6,9],[-8,-2],[-13,5],[-15,8],[-21,-3],[-10,-4],[-10,-11],[-3,-6],[-12,-4],[0,10],[-6,8]],[[8378,12069],[-7,10],[-19,6],[-10,-1],[-2,6],[17,12],[5,-1]],[[8362,12101],[5,-5],[19,-4],[12,3],[6,6],[12,2],[8,-5],[12,2],[18,-12],[7,2],[13,-7],[13,-3],[9,-5],[12,1],[25,12],[10,15],[19,6],[-13,17],[14,2],[15,11],[8,2],[7,9],[12,2],[12,-5],[19,-3]],[[8647,12130],[13,-16],[-7,-5],[5,-6]],[[9687,13081],[-12,11],[-17,-6],[-12,11],[-10,16],[7,14],[0,6]],[[9643,13133],[8,1],[22,-2],[22,1],[10,-6],[17,11],[35,-2],[13,6]],[[8028,12299],[12,-5],[16,-13],[-3,-5],[4,-13],[8,-8],[8,-3],[1,-10],[5,-5],[-1,-9],[-8,-5],[-3,-10],[-8,-13],[-7,-3],[37,-23],[16,2],[19,-2],[18,2],[7,12],[22,18],[3,12],[12,16],[3,7],[15,-9],[13,-2],[12,-6],[14,-2],[11,-5],[7,-9],[0,-13],[-4,-9],[2,-11],[30,-10],[6,5],[24,4],[5,-2],[15,3],[13,-2],[3,-5],[14,-6],[-2,-11],[5,-4],[3,-11],[13,-6],[-6,-12],[-8,-4],[1,-7],[-13,-6]],[[8450,12873],[7,7],[10,3],[26,-10],[24,23],[13,7],[15,13],[4,12],[21,4],[13,-3],[14,-9]],[[8597,12920],[3,-17],[-8,-25],[2,-7],[-3,-9],[6,-17],[7,0],[13,7],[12,2],[3,-17],[8,2],[2,-8],[8,-9],[3,-10],[23,-12],[11,-11],[11,-2],[11,-6],[16,-12],[19,-5],[13,-14],[-2,-12],[-14,-4],[-13,-14],[-5,-8],[-7,-4],[0,-6],[-6,-11],[-11,-7],[-6,-10],[-18,-15],[-13,-18],[-3,-2],[-7,-22],[-7,-6],[17,-8],[11,2],[13,-3],[-24,-17],[-1,-12],[11,0],[7,-9],[-1,-10],[10,-8],[-6,-13],[-9,-6],[-10,-16],[-11,-2],[-26,-11],[-8,-6]],[[8989,12391],[-17,-7],[-17,-11],[0,-8],[-13,-4],[-13,1]],[[8835,12415],[13,12],[-6,4],[-19,-6],[-10,6],[-11,1],[-24,14],[-11,10],[-13,9],[-2,7],[3,10],[-3,11],[6,17],[7,10],[0,23],[-4,7],[-1,11],[-13,3],[-5,11],[-1,14],[-9,-1],[-11,6],[-10,11],[-13,7],[7,10],[-4,9],[22,30],[2,8],[11,8],[2,8],[9,3],[2,7],[11,3],[15,13],[7,8]],[[8782,12719],[5,0],[8,-19],[-7,-18],[11,-10],[0,-8],[-18,-22],[-1,-11],[18,-7],[6,-5],[-5,-15],[32,-1],[4,3]],[[9163,13674],[8,11],[21,7],[18,9],[15,2],[18,23],[10,17],[13,12],[4,8],[14,12],[1,5],[12,18],[-9,4],[-9,9],[1,15],[-8,5],[2,10],[-5,7],[8,4],[2,10],[-5,11],[1,10],[-6,6],[0,13],[-8,-1],[-8,7],[5,11],[12,13],[-14,4],[-6,5],[-21,-1]],[[9229,13940],[5,7],[10,-5],[6,3],[2,10],[12,-10],[9,7],[-2,9],[9,4],[11,-3],[6,3],[13,-8],[-3,-9],[3,-13],[9,-3],[-2,-19],[-9,-9],[4,-5],[1,-14],[9,-5],[-11,-12],[1,-6],[29,-4],[7,9],[18,10],[25,3],[19,-2],[2,-9],[-4,-10],[14,-7],[8,-21],[1,-15],[17,-10],[3,-7],[9,-3],[7,-15],[4,-19],[0,-18],[17,-3],[22,-17],[15,-4],[23,0],[12,-3],[13,-8],[17,-3],[13,6],[10,-3]],[[9643,13133],[-41,8],[-8,10],[-4,12],[-9,2],[-13,7],[-10,2],[-3,5]],[[9555,13179],[-4,23],[5,14],[7,2],[15,12],[4,14],[10,6],[1,7],[10,10],[4,10],[-6,20],[-1,15],[-8,6]],[[9708,13349],[5,-5],[15,-7],[8,-11],[34,-10],[15,-9],[5,0],[15,-10],[6,-10],[19,-11],[19,-7],[10,-8],[12,-5],[4,-10]],[[10477,12867],[17,10],[28,11],[4,4],[4,16],[4,4],[0,10],[5,6]],[[10362,13066],[-27,1],[-13,5],[3,8],[-4,7],[-14,-5],[-18,-1],[-29,-5]],[[10260,13076],[-3,13],[-1,18],[3,11],[-8,9]],[[10251,13127],[10,9],[8,4],[10,10],[6,10],[-5,15],[2,12],[5,10]],[[9747,13776],[3,7],[-18,19],[-20,2],[-9,-1],[-7,5],[7,5],[-6,10],[6,14],[-17,10],[12,21],[6,3],[2,11],[17,16],[-11,4],[-12,13],[2,12],[13,7],[15,23],[7,5],[9,17],[1,10],[-13,8],[1,8],[18,0]],[[9807,14007],[27,-9],[8,-5],[2,-9],[20,-9],[1,-10],[19,-8],[-6,-10],[0,-19],[-13,-30],[-15,-10],[22,-11],[6,-8],[1,-8],[13,4],[21,-10],[4,-21]],[[9766,12717],[-2,9]],[[9764,12726],[-19,12],[12,14],[11,31],[5,3],[0,10],[-4,21],[-4,2],[-7,17]],[[9758,12836],[5,2],[9,17],[9,8],[14,3],[11,9],[7,12],[11,5],[9,1],[0,10]],[[10091,13014],[2,-7],[7,-5],[3,-14],[24,-12],[11,-2],[9,-8],[1,-9],[8,-11],[-1,-7]],[[10155,12939],[-25,-3],[-9,-5],[-2,-12],[-9,-7],[-9,-12],[-5,-23],[-24,-4],[-10,-4],[8,-12],[11,-2],[-4,-10],[1,-8],[12,-3],[-5,-31],[-21,-17],[-4,-9],[-26,-16],[-11,-18],[3,-7],[-2,-20],[2,-4]],[[10192,12908],[-13,2]],[[10179,12910],[-11,3],[-7,8],[-6,18]],[[10031,13077],[18,4],[20,11],[21,-7],[8,-6],[14,0],[16,5],[14,-1],[11,2],[0,11],[9,13],[10,1],[23,10],[12,8],[22,5],[7,-4],[15,-2]],[[10260,13076],[7,-15],[3,-14],[-8,-17],[2,-7],[-5,-6],[5,-10],[-1,-14],[5,-6],[0,-9],[-10,-12],[2,-13]],[[9619,12685],[-6,8],[-1,25],[7,15],[-3,8]],[[9616,12741],[16,-4],[11,5],[15,-1],[18,-18],[10,-4],[7,1],[31,13],[8,0],[10,-8],[22,1]],[[9492,12411],[-22,4],[-21,0],[-11,11],[-22,4],[-5,-6],[-22,-4],[-31,9],[-6,10],[4,10],[-4,10],[-8,5],[-13,-6],[-10,-16],[-5,-1],[-10,-15],[-17,5],[-17,4],[-1,3],[11,18],[6,15]],[[10030,12706],[11,0],[9,-3],[7,8],[15,7],[4,4],[11,2],[36,-5],[7,-2],[16,5],[17,15],[17,2],[-1,7],[6,4],[-3,13],[3,13],[1,22],[-5,21],[1,22],[3,9],[7,5],[-5,6],[1,10],[-6,5],[-4,19],[-5,6],[6,9]],[[9434,12870],[-6,-4],[-13,-17],[-14,-10]],[[9401,12839],[-9,1],[-14,7]],[[9354,12738],[7,11],[0,9]],[[9361,12758],[35,9],[18,-1],[20,-5],[4,3],[21,-4],[17,-7],[28,-6],[5,2]],[[9537,12746],[5,0],[6,11],[-2,5],[4,9],[16,9],[-5,10],[9,10],[9,4],[8,-1],[6,13]],[[9593,12816],[23,2],[14,13],[7,9],[0,11]],[[9637,12851],[16,0],[24,5],[6,-4],[9,-17]],[[9692,12835],[-4,-5],[-13,-8],[-14,-4],[-14,-11],[-1,-3],[-17,-14],[-13,-49]],[[9874,13576],[17,11],[16,0],[12,3],[16,-5],[12,1],[11,-7],[4,-15],[-12,-13],[1,-8],[14,4],[2,14],[12,14],[27,-13],[23,-7]],[[10029,13555],[-1,-6],[6,-9],[-3,-9],[-10,-11],[-2,-7],[6,-9],[-3,-19],[-13,-21],[3,-13],[-15,-19],[-11,-11],[-10,-16],[-11,-3],[-16,-9],[-19,5],[-24,-2],[-3,-9],[-6,-6],[0,-7],[14,-4],[17,-7],[8,-17],[16,1],[4,-7],[-6,-10],[1,-12],[28,-12],[3,-3],[19,-1],[16,4],[5,-16],[-1,-10],[-5,-6]],[[9546,12908],[22,-1],[3,5],[31,6],[10,8],[16,3],[1,-15],[13,-4],[10,-20],[-9,-6],[4,-13],[-10,-20]],[[9593,12816],[-4,10],[-6,7],[-24,7],[-6,15],[2,3],[-20,14],[-8,1],[-17,16]],[[8320,13324],[11,-12],[9,-18],[-2,-20],[-7,-3],[-4,-22],[-16,-10],[7,-9],[-14,-7],[12,-12],[1,-8],[9,-9],[6,-1],[10,-9],[31,-8],[2,-6],[13,-7],[0,-6],[15,-6],[8,-13],[25,6],[-4,-11],[2,-5],[12,-3],[1,-10],[12,-4],[3,-10],[11,1],[1,-7],[12,-3],[-7,-8],[5,-5],[-6,-11],[4,-5],[19,-3],[9,-14],[-8,-8],[9,-8],[-2,-9],[16,-4],[7,-8],[14,3],[1,6],[13,0],[6,2],[13,-4],[5,-13],[12,2],[2,-10],[-7,-12],[-27,-9],[9,-7],[6,-16],[23,-7],[8,3],[18,-3],[8,-6],[7,-2],[-13,-15]],[[8630,12921],[-7,1],[-9,-5],[-17,3]],[[8644,14356],[-8,-5],[6,-7],[0,-9],[-10,-8],[6,-6],[-7,-5],[9,-8],[-10,-10],[2,-8]],[[8632,14290],[-4,-2],[1,-13],[-9,-13],[15,-11],[-10,-20],[-1,-9],[21,-6],[11,-12],[2,-21],[9,-6],[9,-10],[14,-7],[-82,-69],[6,-15],[-4,-15],[1,-17],[-6,-12],[0,-10],[8,-24],[-2,-10],[-7,-13],[2,-12],[29,-4],[5,-7],[9,-1],[-1,-8],[9,-7],[11,-1],[19,0],[17,-7],[8,-8],[11,0],[5,-7],[1,-9],[10,-14],[14,0],[8,4],[20,-3],[2,-8],[24,-14],[10,-2],[-8,-11],[8,-3],[-7,-14],[14,-13],[10,1],[6,-9],[14,-5],[15,-1],[10,3],[8,-8],[14,-3],[12,-10],[11,0],[1,-7],[9,-3],[-60,-98]],[[9229,13940],[-15,4],[-2,10],[-7,-1],[-4,-8],[-12,-1],[-14,16],[-8,6],[-6,10],[-10,7],[-1,5],[9,7],[-4,6],[-13,-3],[-7,4],[4,13],[-21,2],[0,6],[9,5],[-5,7],[-13,-3],[-6,4],[7,9],[-14,7],[0,6],[-16,5],[-10,0],[-18,5],[-7,-6],[-10,7],[-7,2],[-13,8],[-7,18],[-10,0],[-6,6],[3,10],[-15,0],[-8,5],[1,23],[-6,1],[-17,21],[-26,2],[-16,4],[-12,1],[-5,5],[-12,0],[-7,6],[-13,3],[-7,-6],[-7,6],[-11,-6],[-5,9],[-6,0],[-6,-6],[-7,1],[0,11],[-10,4],[8,8],[0,13],[-12,-2],[-3,8],[5,8],[-9,2],[-25,-6],[-9,18],[-10,-2],[-7,19],[-18,-3],[-5,-6],[-16,-6],[-12,4],[-2,9],[-11,7],[-14,-2],[-6,6],[-13,0],[-1,7],[-8,11]],[[9103,12445],[-8,-17],[-10,-10],[-11,-7],[3,-5],[-11,-10],[-2,-8]],[[9628,12977],[8,12],[12,4],[14,11],[18,-2],[8,15],[-4,11],[4,10],[12,-2]],[[9758,12836],[-23,2],[-28,-4],[-15,1]],[[9138,13409],[27,-6],[11,1],[23,6],[15,-7],[11,-1],[26,6],[4,-9],[7,-6],[29,-3],[-7,-8],[13,-3],[-9,-14],[2,-6],[27,1],[6,-5],[1,-8],[8,-11],[1,-13],[-7,-15],[0,-6],[-8,-18],[2,-14],[-11,-6],[-1,-7],[-7,-12],[-3,-13],[-1,-13],[-12,-17],[5,-5]],[[8680,13173],[-2,15],[-7,10],[-8,6],[-19,7],[4,6],[-4,10],[-18,-3],[-2,14],[8,11],[2,9],[-3,15],[12,4],[1,7],[6,5]],[[10029,13555],[14,-5],[17,2],[14,-2]],[[8782,12719],[-6,4],[14,8],[-4,5],[5,7],[-4,6],[3,15],[13,12],[7,2],[14,17],[-6,7],[4,6],[-11,5],[-1,7],[-11,10],[-10,0],[-19,4]],[[8770,12834],[1,5],[13,8],[4,-6],[15,2],[13,-3],[3,8],[9,7],[0,7],[8,5],[5,10],[7,3],[7,7],[28,-13],[9,9],[9,3],[20,-2],[11,-5],[7,0],[23,-13],[-4,-10],[6,-14],[13,-9],[8,2],[18,-1],[18,-5],[1,-3],[18,-5],[9,-9],[15,-4],[19,-8],[12,0],[12,4],[10,0]],[[9401,12839],[-8,-3],[-12,-20],[1,-9],[-10,-19],[-3,-13],[-10,-9],[2,-8]],[[8770,12834],[-11,-4],[4,14],[-10,5],[4,10],[-10,5],[-21,3],[-15,9],[-7,9],[-31,-5],[-2,8],[-8,1],[-9,7],[-10,1],[-21,-3],[7,27]],[[10107,13916],[-5,-7]],[[10076,13764],[9,8]],[[9514,13138],[8,8],[2,13],[12,21],[19,-1]],[[5776,16194],[0,10],[-7,13],[14,8],[5,8],[-4,26],[-10,10],[-10,3],[-10,7],[-16,3],[10,17],[-18,2],[-6,14],[-11,8],[-10,2]],[[5703,16325],[-7,7],[-2,11],[-8,2],[-2,7],[18,4],[24,9]],[[5726,16365],[8,4],[11,-8],[9,-11],[1,-7],[16,-5],[-6,-15],[9,1],[15,-5],[4,7],[11,-4],[12,5],[10,-2],[2,-11],[5,-7],[17,-1],[11,1],[12,6],[7,-1],[-1,-9],[21,0],[-3,7],[10,2],[3,5],[9,3],[9,8],[9,-1]],[[5937,16327],[6,-10],[15,8],[12,-19],[-1,-11],[6,-4],[6,-10],[-2,-14],[14,-1],[-4,-16],[12,-1],[6,-9],[-3,-17],[8,-3],[17,9],[9,1]],[[6038,16230],[4,-12],[8,-8],[-16,-4],[2,-21],[-5,-6],[12,-5],[2,-8],[-11,-18],[-10,-4],[-6,-9],[1,-11]],[[6019,16124],[-36,12],[-13,11],[-15,0],[-11,-3],[-3,-10],[-23,2],[-9,-7],[-8,6],[-31,3],[-24,7],[-5,-7]],[[6744,16099],[-47,6]],[[6697,16105],[-10,8],[-30,13],[-8,-3],[0,17],[5,6],[-13,5],[-5,8],[-16,4],[-2,15],[-15,-1],[0,-5],[-10,-2],[-8,10],[7,21],[-13,1],[-4,8],[22,5],[-1,12],[-15,15]],[[6581,16242],[14,2],[0,9],[14,-1],[-8,21],[21,2],[-2,15],[1,12],[13,-4],[-8,-8],[22,-5],[16,9],[4,18],[-5,17],[-6,2],[10,16],[-12,15],[4,11]],[[6286,15751],[19,-12],[37,0],[13,-6],[7,-10],[10,-2],[15,-10],[29,-3],[11,-3],[9,-9],[34,-23],[9,-9],[2,-18],[7,-1],[6,-8],[9,3],[6,-6],[12,-2],[3,-4],[11,3],[14,-4],[-4,-10],[12,-1],[14,3],[8,-4],[-12,-6],[-5,-18],[13,1],[2,-13],[-2,-8],[-9,-6],[-10,-19],[-19,-2],[-4,-5],[13,-6],[-10,-6],[4,-7],[1,-12],[-8,-8],[14,-25],[-6,-17],[9,-6],[-9,-8],[0,-5]],[[6541,15439],[-13,5],[1,4],[-37,7],[-3,11],[8,18],[10,2],[-33,23],[-26,-6],[-17,2],[-9,-3],[-8,9],[-22,-3],[-11,9],[-4,-8],[-18,-2],[-29,7],[-27,10],[-2,-2],[-26,3],[-16,4],[-18,0],[-6,5]],[[6235,15534],[2,5],[-20,11],[-9,0],[-12,6],[-24,3],[-5,8],[32,23],[17,4],[-4,11],[19,13],[-25,17],[23,6],[11,4],[-25,11],[-6,10],[-15,-3],[-5,10],[0,10],[4,5],[13,0],[15,5],[4,10],[23,-3],[16,11],[5,9],[-1,21],[-10,11]],[[5979,16608],[3,-13],[9,-9],[11,-1],[6,-6],[10,2],[6,-12],[-6,-4],[-1,-9],[-7,-2],[-2,-13],[-5,-10],[14,-9],[0,-26],[33,-10],[-3,-8],[21,-6],[-5,-4],[13,-11],[-3,-8],[14,4],[10,-2],[19,7],[7,-1]],[[6123,16457],[-1,-4]],[[6122,16453],[-21,-5],[-4,-7],[5,-10],[-3,-11]],[[6099,16420],[-15,3],[-25,-12],[-13,2],[-10,-11],[-9,-6],[-9,2],[-12,-2],[1,-6],[-12,-4]],[[5995,16386],[-28,10],[-22,1],[13,10],[-7,8],[-13,2],[-16,8],[21,16],[12,5],[-28,11],[17,15],[0,12],[-17,8],[2,6],[20,1],[2,7],[-2,15],[-4,7],[-11,5],[3,15],[-9,2],[4,10],[1,21],[-11,5],[11,9],[1,12]],[[5934,16607],[8,11],[13,2],[10,-2],[1,-6],[13,-4]],[[6038,16230],[11,5],[11,-1],[12,5],[17,4],[14,5],[11,12],[12,1],[-2,15]],[[6124,16276],[18,-3],[21,-7],[30,-1],[11,-4]],[[6204,16261],[-18,-14],[4,-10],[-5,-11],[14,-10],[-17,-5],[-19,7],[-11,-3],[5,-13],[-12,-27],[5,-6],[-2,-15],[-6,-10],[10,-9],[-5,-17],[0,-13],[10,-2],[2,-8],[14,-2],[15,9],[4,-5],[-13,-5],[11,-7],[6,4],[18,5],[34,7],[8,5]],[[6256,16106],[8,-24],[7,0],[6,9],[18,-7],[12,1],[12,-8],[18,1],[6,-4],[12,-17],[4,-12]],[[6359,16045],[-27,-9],[6,-16],[-14,-10],[13,-8],[12,13],[26,-20],[2,-6],[14,-11],[3,-6],[-28,-8],[18,-12],[-29,-16],[-4,-11],[-16,6],[-6,6],[-17,3],[13,10],[2,25],[-18,0],[-10,2],[-7,9],[-19,2],[-18,5],[0,-9],[-14,-4],[-17,0],[-4,10],[-9,-1],[-5,9],[-14,9],[-13,16],[-11,-4],[-8,3],[-15,-3]],[[6145,16019],[-18,16],[-2,9],[-15,4],[-15,12],[-1,5],[-23,10],[-13,-1],[-2,6],[-18,2],[1,13],[-6,9],[-12,-2],[-14,6],[4,7],[11,1],[-3,8]],[[5442,16347],[17,-1],[3,-4],[19,-5],[17,6],[22,14],[10,-1],[17,10],[29,28],[18,21]],[[5594,16415],[2,-7],[-13,-12],[7,-3],[-9,-23],[1,-15],[-4,-15]],[[5578,16340],[-8,-15],[-11,-3],[-4,-16],[-18,1],[-3,-11],[-8,-8]],[[6055,16592],[3,-16],[15,-1],[13,1],[6,-9],[14,-3],[1,-8],[10,0],[0,-9],[8,-3],[5,-16],[-17,-16],[10,-12],[-6,-19],[2,-8],[-9,-5],[16,-6],[-3,-5]],[[6224,15941],[-11,13],[8,12],[-14,6],[-21,0],[-7,12],[3,3],[-27,11],[-10,11],[0,10]],[[6359,16045],[11,-2],[0,-18],[11,-6],[13,-4],[9,-11],[7,-4],[13,-24],[10,-2],[5,5],[18,6]],[[6456,15985],[16,2],[6,-4],[11,0],[5,-10],[7,-2],[-12,-16],[6,-10],[19,-2],[21,12],[13,-6],[9,-2],[5,-9],[-10,-2],[-8,-11],[2,-15]],[[6546,15910],[-13,-5],[-17,0],[-1,-7],[-22,0],[7,-10],[0,-11],[-10,2],[-24,-2],[-18,-4],[-10,18],[-8,5],[-15,-1],[0,-8],[-14,2],[-1,-16],[-7,2],[-10,-9],[-13,2],[-14,-2],[-11,3],[-24,2],[-15,-7],[-6,2],[-14,-8],[-15,9],[23,13],[-9,7],[-18,7],[-17,1]],[[6850,15982],[-31,-6],[-8,-8],[-15,-3],[-13,4],[-7,9],[-13,-3],[-7,6],[-17,3],[-13,-10],[-1,-7],[-11,-3],[-7,-11],[-11,4],[-9,-1],[-19,-14],[-7,-2],[-1,-8],[-18,2],[7,6],[-1,7],[-19,-3],[-6,-7],[-10,-19],[16,-28],[-10,-3],[-14,5],[-10,-3],[-27,5],[-11,-6],[-11,22]],[[6456,15985],[-2,10],[16,4],[-2,12],[-22,0],[-9,2],[-7,-10],[-7,6],[14,5],[2,8],[-6,8],[15,5],[-3,22],[4,10],[-5,7],[9,4],[7,-4],[12,9],[-6,5],[4,6],[18,-2],[12,0],[29,-4],[10,0],[20,10],[12,0],[13,-3],[12,6],[21,-4],[0,-12],[7,0],[1,15],[10,0],[10,5],[8,-2],[3,8],[41,-6]],[[6855,15127],[27,6],[7,7],[0,11],[13,11],[24,3],[8,-4],[23,3],[2,8],[8,0],[7,-13],[-16,-5],[12,-12],[6,-1],[11,-23],[6,-5],[6,-19],[11,3],[13,10],[121,6],[-12,27],[8,11],[-6,6],[12,7],[-9,9],[27,10],[11,3],[-14,8],[-1,9],[13,8],[21,7],[10,-7],[15,4],[14,-5],[9,7],[-4,18],[-6,6],[18,15],[14,6],[37,4]],[[6235,15534],[-2,-3],[-30,-11],[0,-6],[-16,5],[-17,0],[-16,6],[-20,15],[1,-12],[7,-22],[-8,0],[-15,9],[-1,13],[-19,15],[-19,-7],[-9,-6],[-8,-1],[-6,-8],[-16,-14]],[[6122,16453],[8,-12],[5,2],[13,-15],[-10,-8],[7,-5],[12,10],[8,-7],[-8,-6],[11,-3],[29,18],[18,15],[17,-10],[7,-11],[10,6],[16,-14],[6,4],[17,6],[11,-1],[3,-12],[13,0],[6,5],[11,-14],[7,-1],[20,6],[2,-9],[8,-3],[4,-9],[7,-1],[4,8],[6,1],[21,-12]],[[6411,16381],[17,-17],[-16,-18],[-9,0],[4,-12]],[[6407,16334],[-13,4],[-6,-5],[-18,3],[-20,-3]],[[6350,16333],[-4,8],[-10,-3],[-10,-10],[-22,-8],[-8,-11],[-10,-1],[-11,-9],[-15,-6],[-6,-11],[-17,0],[-21,-9],[-12,-12]],[[6124,16276],[4,5],[15,0],[4,4],[-15,8],[11,19],[5,1],[10,21],[8,12],[-2,9],[-10,6],[-7,0],[-18,26],[-13,-1],[-15,12],[-2,22]],[[6759,15190],[9,3],[-5,8],[14,1],[0,5],[16,1],[12,9],[17,23],[14,7],[11,1],[-2,10],[6,7],[4,11],[-10,11],[2,4]],[[6847,15291],[8,-6],[20,-6],[5,28],[-1,7],[-14,0],[2,8],[20,1],[6,8],[10,-1],[2,14],[23,2],[8,-2],[22,7],[-1,6],[-16,6],[-6,14],[8,14],[-5,16],[12,5],[9,-18],[20,0],[15,1],[12,5],[4,19],[-2,4],[14,7],[-13,9],[10,6],[-12,10],[6,11],[5,4],[16,0],[1,13],[8,11],[-7,9],[-14,2],[-10,11],[0,13],[-6,9],[5,5],[17,0],[13,-12],[2,-13],[12,-1],[26,11],[12,-2],[17,6],[27,13],[9,-8],[8,9],[14,-2],[20,3],[6,-9],[-8,-6],[1,-9],[21,8],[29,-1]],[[5937,16327],[4,7],[15,2],[-8,8],[-4,9],[3,8],[21,-1],[7,3],[-2,7],[7,10],[17,-2],[-2,8]],[[6534,16421],[-12,2],[-20,-2],[-19,-5],[-9,-8],[1,-8],[-21,5],[1,-6],[10,-14],[-8,-9],[-6,17],[-31,4],[-6,-4],[-3,-12]],[[5578,16340],[5,2],[18,-1],[23,-8],[24,-5],[15,-1],[11,3],[29,-5]],[[6962,15899],[-15,-10],[-24,-4],[1,-5],[-10,-12],[-19,-15],[-5,-19],[-10,-10],[-19,-2],[-8,-4],[-10,-11],[10,-3],[-2,-6],[5,-10],[-17,-8],[-8,-7],[2,-6],[-8,-16],[-1,-17],[-17,0],[5,-17],[-7,-8],[8,-3],[0,-7],[7,-14],[-5,-14],[8,-2],[12,-11],[-9,-6],[-4,-13],[13,-6],[-3,-10],[6,-4],[-4,-10],[-28,-11],[-8,0],[-1,-22],[8,-7],[5,-15],[-5,-12],[-14,-3],[2,-16],[9,-11],[20,4],[21,-11],[-5,-29],[2,-11],[-22,-6],[1,-26],[20,-1],[-3,-15],[-12,-3],[-9,6],[-14,-5],[-18,5],[-18,3],[-12,15],[-18,-11],[4,-9],[-10,-8],[23,-14],[-11,-3],[0,-8],[12,1],[10,-8],[-5,-14],[10,-1],[27,-19],[4,4],[12,-5],[9,-11],[-1,-7],[8,-7],[1,-15],[19,-12]],[[6588,15281],[3,13],[8,6],[7,13],[-3,13],[17,16],[-4,6],[7,7],[-5,12],[6,5],[-32,23],[-9,0],[-10,10],[-15,-9],[-14,6],[-14,27],[11,10]],[[6350,16333],[2,-8],[6,-2],[3,-10],[12,-5],[-4,-8],[-13,-1],[-9,-14],[-3,-8],[-13,-12],[2,-12],[-20,1],[-1,8],[-21,-2],[1,-9],[12,-12],[0,-14],[-19,-10],[11,-3],[12,8],[4,-6],[-5,-7],[-8,5],[-3,-14],[-14,-7],[4,-7],[-17,-5],[1,-7],[7,-4],[6,-23],[-2,-14],[5,-13],[-3,-4],[-27,-8]],[[5934,16607],[-13,3],[-10,-5],[-14,3],[6,7],[-7,13],[-8,-1],[6,-10],[-14,-1],[-15,4],[-1,-13],[-22,8]],[[5842,16615],[-27,39],[-11,-7],[-18,-4],[-10,3],[-20,-9],[-35,-6],[-3,-11],[-34,-8],[-4,6],[-11,4],[-27,-4]],[[5642,16618],[-9,10],[-20,15],[-12,24],[-10,13],[-14,7],[-22,-4],[-13,7],[-11,8],[-16,3],[-17,-2],[-26,-1],[-30,1],[13,6],[7,10],[0,6],[14,4],[2,8],[10,3],[14,9],[23,10],[14,14],[-7,13],[22,15],[4,12],[9,9],[1,7],[6,11],[-4,8],[4,13],[10,16],[-10,16],[-2,15],[6,2],[6,10],[13,6],[12,17],[9,20],[-5,15],[24,20],[9,22],[2,15],[-5,11],[-10,7],[4,7],[11,5],[6,18],[-5,26],[-4,11],[10,20],[0,8],[-5,11]],[[6581,16242],[-10,-2],[-3,6],[-8,1],[1,-11],[-16,0],[-5,15],[-16,0],[-2,5],[-18,0],[-15,3],[-14,-1],[-15,4],[-14,0],[-11,-7],[2,-11],[-11,1],[-9,-8],[-16,-8],[13,22],[14,8],[-6,11],[2,10],[10,6],[-1,5],[-16,4],[0,17],[-6,6],[0,13],[-4,3]],[[5594,16415],[17,26],[23,49],[12,29],[4,15],[3,21],[2,39],[-6,5],[-7,19]],[[5842,16615],[-29,-1],[8,-17],[15,-6],[6,5],[8,-4],[-1,-12],[-17,1],[-7,-3],[1,-12],[4,-6],[23,-14],[6,-19],[-45,-1],[-11,-11],[-9,-2],[20,-17],[-10,-19],[-16,-10],[-8,-9],[-6,-17],[-12,3],[-8,-10],[8,-5],[-20,-20],[1,-13],[-21,-14],[4,-17]],[[5958,10701],[5,-14],[20,-7],[7,-8],[33,-9],[14,-9],[19,-4],[28,-14],[16,-11],[6,-14],[8,0],[5,-12],[8,-2],[-5,-26],[2,-4],[-8,-7],[1,-12],[17,-3],[11,-5],[11,-9],[9,-1],[20,7],[19,-5],[17,-2],[8,-7],[2,-15],[6,-6],[10,1],[13,-4],[19,6],[11,7],[21,-2],[14,-5],[15,0],[8,6],[28,-1],[6,8],[31,16],[18,3],[5,-3],[20,0],[15,8]],[[6471,10542],[18,-16],[8,-4],[9,-11],[-3,-7],[1,-16],[-17,-18],[5,-12],[-5,-4],[6,-21],[14,-6],[11,-13],[-5,-4],[9,-9]],[[6522,10401],[-31,-17],[-13,0],[6,-19],[0,-17],[8,-4],[21,1],[33,-9],[9,3],[28,-2],[11,-3],[10,-6],[-3,-11],[2,-16],[-3,-13],[18,-5],[3,4],[28,7]],[[6649,10294],[-7,-18],[-10,-5],[-10,-9],[-7,-25],[-22,-15],[0,9],[-10,19],[-9,3],[-12,-3],[-13,1],[1,-6],[-8,-25],[-5,-4],[-1,-13],[9,-6]],[[6545,10197],[-21,4],[-12,-2],[-42,3],[-18,8],[-5,12],[-25,7],[-2,6],[-17,10],[-17,-3],[-12,8],[-11,1],[-14,-4]],[[6349,10247],[-8,1],[-17,-5],[-12,0],[-14,-4],[-15,-17],[-13,-5],[-13,2],[-35,-6],[-5,10],[-11,13],[5,7],[-9,6],[-4,12],[-8,3],[-8,14],[-9,-3],[-43,3],[-2,-4],[-15,1],[0,-4],[-15,-2],[-21,8],[-23,-3],[0,-7],[-20,-10],[-12,-14],[-16,-13],[-16,6],[-16,-1],[-8,-6],[-22,-8],[-16,-10],[-25,3],[-13,-6],[-26,6],[-11,-1],[-25,-12],[-13,-2],[-14,4],[-7,-3],[-22,-1],[-9,-13],[-14,-14],[-11,-3]],[[5738,10169],[-4,7],[6,7],[13,26],[11,11],[-2,5],[9,13],[13,9],[13,19],[21,5],[15,11],[25,1],[11,3],[17,13],[25,2],[11,9],[23,7],[7,12],[9,3],[2,6],[10,5],[4,11],[-3,8],[3,5],[13,1],[-4,12],[-1,15],[-6,5],[-16,3],[-9,4],[-11,15],[-8,3],[-6,14],[-8,6],[-1,9],[4,16],[-8,19],[-12,6],[-21,0],[-37,-7],[-24,10],[-4,12],[-21,16],[6,17],[-3,15],[-4,1]],[[6537,9176],[11,8],[1,6],[12,13],[24,9],[-2,13],[22,7],[-7,8],[7,15],[-18,7],[13,15]],[[6600,9277],[7,-9],[29,-4],[11,-16],[19,-8],[6,-4],[13,-2],[12,4],[6,9],[0,8],[45,0],[6,-5],[11,5],[5,7],[13,1],[7,7],[23,1],[12,5],[22,-2],[11,-9],[14,-7],[3,-11],[-20,-20],[-13,-11],[-5,-8],[20,-11],[13,-12],[7,-4],[6,-14],[6,-7],[15,-5]],[[6471,10542],[5,7],[14,11],[14,1],[-5,14],[6,11],[11,9],[-1,4],[15,8],[2,8],[18,16],[-16,0],[-12,-3],[-12,9],[12,7],[-10,11],[7,7],[16,3],[28,12],[2,10]],[[6565,10687],[4,6],[39,6],[17,6],[13,-1],[23,-12],[6,-22],[16,-4],[4,-12],[9,-5],[5,-8],[8,-1],[0,-7],[7,-4],[27,-7],[27,3],[6,-9],[22,-4],[14,2],[7,-3]],[[6819,10611],[-13,-9],[-7,-12],[-6,1],[-20,-26],[-9,-14],[-13,-8],[-15,-14],[-11,-2],[-6,-9],[-7,0],[-2,-8],[-10,-7],[-8,2],[-23,-14],[-11,-16],[-6,0],[-9,-16],[-16,-14],[-10,-3],[-3,-6],[-13,-6],[-20,-2],[-2,-6],[-11,-8],[-23,-13],[-21,-2],[-2,2]],[[6896,10717],[-15,7],[-3,9],[-8,1],[-22,-5],[-14,-6],[-9,1],[-10,-8],[-10,1],[-22,7],[-6,5],[8,7],[-2,6],[21,12],[-9,13],[5,11],[9,9],[-5,2]],[[6804,10789],[-13,14],[10,5],[2,20],[6,7],[-1,8],[24,6],[4,7],[34,13],[-15,2],[-19,0],[2,9],[10,4],[11,-1],[33,17],[21,5],[-11,19]],[[6902,10924],[8,15],[-4,18],[-15,0],[-13,-8],[-5,3],[4,14],[-3,9],[14,6],[34,-6],[21,2],[8,10],[12,-2],[12,7],[21,-6],[9,7],[1,9]],[[5962,10711],[8,0],[9,-5],[16,4],[15,-8],[21,0],[17,3],[10,-2],[17,6],[7,-1],[12,5],[20,1],[9,-2],[16,8],[18,-2],[8,-9],[9,-1],[19,4],[3,3],[30,0],[0,3],[23,-1],[3,3],[14,-4],[18,-1],[11,-10],[9,-3],[5,-7],[25,-15],[15,-13],[12,-2],[17,-8],[11,0],[6,5],[12,0],[19,-6],[9,-7],[15,1],[8,3],[9,11],[-2,11],[7,7],[34,9],[4,5]],[[6510,10696],[9,4],[19,2],[27,-15]],[[6902,10924],[-12,6],[-9,-4],[-14,2],[-17,-2],[-5,4],[-29,0],[-10,-5],[-13,10],[-5,12],[-26,36],[-13,13],[-2,7],[-18,13],[-7,1],[-40,-7],[-27,5],[-19,6]],[[6636,11021],[-16,9],[-16,5],[-9,0],[-11,8],[-10,13],[-8,0]],[[6566,11056],[0,9],[13,6]],[[6579,11071],[14,-1],[19,10],[8,9],[16,-6],[3,-8],[15,2],[12,7],[12,-2],[4,5],[26,5],[8,-4],[16,9],[6,-2],[14,6],[8,-7],[5,9],[7,3],[-6,13],[5,8],[-9,9],[15,10],[-3,16],[-12,5],[-9,9],[-3,11],[1,13],[4,7],[-5,14],[7,10]],[[6757,11231],[26,5]],[[6783,11236],[14,-3],[1,-7],[11,-9],[7,0],[22,-14],[-2,-7],[7,-7],[3,-7],[50,-10],[25,-1],[26,10],[13,11],[11,-1],[-3,-12],[1,-20],[-4,-7],[3,-18],[11,-14],[5,-12],[17,10],[27,5],[1,11],[8,8]],[[5643,8929],[-13,-10],[-16,-7],[-7,8],[-13,8],[4,9],[0,15],[3,6],[-2,15],[-5,9],[-9,1],[4,10],[-3,5],[2,23],[-23,-3],[-7,-5],[-34,-1],[-4,-5],[-12,-8],[-15,-1],[-4,4],[-28,-3],[-16,7],[-4,15],[-4,20],[-33,3],[-10,7],[-17,-1]],[[5377,9050],[16,10],[-7,6],[16,15],[2,14],[10,20],[11,6],[4,14],[17,33],[15,10],[5,17],[6,6],[13,5],[0,12],[13,3],[22,1],[22,-8],[12,0],[18,-4],[10,1],[21,-6],[23,3],[15,-1],[0,12]],[[5641,9219],[15,3],[13,-4],[30,0],[21,7],[6,0],[16,7],[21,4],[15,0],[16,8],[23,0],[11,-5],[8,-8],[7,2],[4,11],[18,12],[20,20],[1,9],[6,12],[15,9],[-5,13],[-1,15],[10,7],[3,8],[13,10],[17,17],[11,2],[12,7],[6,0],[19,10],[-1,18],[5,12],[7,4],[1,12],[6,3],[3,12],[20,-3],[28,6]],[[6061,9459],[-6,-7],[-5,-14],[7,-3],[13,-28],[13,-11],[29,-1],[8,-9],[12,-3],[16,1],[12,-11],[5,-1],[14,6],[0,6],[8,8],[16,-9]],[[6203,9383],[-8,-11],[-10,-1],[4,-13],[-2,-13],[-9,-1],[-24,7],[-18,-6],[-10,3],[-9,-11],[-1,-21],[9,-9],[16,-8],[10,-11],[3,-8],[14,-4],[4,-5],[-1,-17],[-18,-8],[0,-9],[-17,-2],[-3,-7],[-37,-25],[7,-4],[1,-8],[10,2],[8,-6],[4,-12],[11,-7],[1,-27],[14,-20]],[[5738,10169],[-26,-10],[-2,-3],[-25,-10],[-8,4],[-15,1],[-7,-3]],[[5655,10148],[-12,8],[1,12],[-12,4],[-7,13],[-12,3],[-2,8]],[[7012,10145],[4,-9],[-3,-10],[-9,-3],[6,-18],[11,-4],[1,-7],[12,0],[7,-7],[13,3],[13,-20],[21,0],[13,-5],[32,-23],[-17,-10],[5,-7],[-10,-6],[-7,-10],[2,-13],[-7,-13],[13,-7]],[[7112,9976],[-14,-10],[-19,-1],[-17,-14],[-34,-13],[-10,-8],[-4,-13],[-22,-16],[-22,-9],[-16,-14]],[[6954,9878],[-21,6],[-9,9],[3,18],[-3,18],[8,23],[-6,14],[2,15],[10,21],[8,24],[1,19],[-8,18],[-1,9],[12,18],[9,11],[6,18],[11,17],[12,9],[25,14]],[[6042,10940],[-7,26],[-4,6],[-1,10],[-8,4],[7,12],[13,5],[17,18],[23,5],[9,5],[15,0],[16,3],[26,13],[5,0],[22,8],[26,3],[11,-3],[21,2],[9,4],[2,7],[14,7],[8,12],[11,3],[2,6],[12,6],[17,13],[2,9],[18,3],[24,12],[-4,3],[10,23],[8,-3],[15,10]],[[6381,11172],[12,2],[14,9],[2,10],[8,1],[8,8],[26,1],[15,5],[14,-1],[13,-7],[27,6]],[[6520,11206],[2,-11],[-6,-8],[4,-5],[-20,-13],[-14,-18],[12,-6],[14,-5],[6,-16]],[[6518,11124],[-3,-7],[-7,0],[-13,-8],[-11,-11]],[[6484,11098],[-10,11],[0,8],[-19,-2],[-11,1],[-22,20],[-14,5],[-15,-9],[0,-8],[-10,-2],[-13,3],[-9,-3],[-3,-9],[0,-15],[-9,-11],[0,-6],[-12,-7],[-10,1],[-1,-8],[-9,-9],[-18,0],[-6,-5],[-8,1],[-31,-15],[-15,-2],[-2,-6],[-13,-4],[-19,3],[-11,-2],[-15,-14],[-11,-14],[-10,-2],[-9,-11],[-10,-7],[-9,1],[-9,-8],[-21,-10],[-4,-9],[-19,-7],[-9,-15]],[[5641,9219],[-6,6],[4,22],[-7,17],[7,12],[1,9],[-3,5],[0,10],[-6,25],[3,17],[-10,3],[2,14],[-7,0],[-6,-10],[-16,-4],[-15,2],[-4,6],[-10,3],[-9,15],[-6,5],[-6,21],[-22,12],[-11,1],[-5,-5],[-37,30],[-9,5],[-19,5],[-42,-12],[-25,7],[-12,-1],[-4,13],[-11,8],[3,11],[-13,7],[-9,8],[-18,-6],[-8,-6],[-12,4],[-7,7],[-6,14],[-13,9],[-19,9],[-10,14],[-1,20],[3,4],[-4,9],[3,10],[-8,8],[-2,9],[-11,-3],[-9,7],[-14,-4],[-4,-8],[-10,-1],[-17,-16],[-22,-1],[-20,-11],[-17,4],[-8,-6],[-12,8]],[[5085,9560],[2,13],[7,4],[0,7],[8,16],[9,4],[-3,14],[15,6],[2,14],[15,1],[19,12],[12,15],[6,15],[13,6],[-13,10],[-1,14],[8,10],[12,8]],[[5196,9729],[12,9],[6,10],[8,5],[5,-6],[12,0]],[[5239,9747],[26,32],[-2,7],[6,12],[-1,7],[13,9],[10,13],[-3,7],[1,11],[-6,4],[4,8],[-2,11],[6,3],[13,1],[11,-6],[6,5],[0,8],[7,8],[12,4],[15,13],[2,6],[10,3]],[[5367,9913],[7,-9],[16,-12],[-8,-14],[9,-13],[9,-5],[14,-21],[38,-10],[2,-6],[9,-7],[24,4],[30,-11],[8,-7],[-2,-15],[-8,-9],[26,-2],[13,5]],[[5554,9781],[15,-1],[7,-5],[16,-1],[9,-17],[-2,-8],[5,-9],[17,-2],[12,-4],[7,-12],[0,-10],[17,-11],[5,-9],[20,0],[9,3],[9,-7],[16,-2],[11,-7],[15,-2],[16,-5],[21,4],[17,-2],[6,3],[21,-9],[7,-11],[8,2],[16,19],[1,13],[6,11],[9,8]],[[5870,9710],[15,-1],[11,-11],[19,-3],[9,-6],[8,1],[16,-9],[14,-17],[0,-6],[11,-4],[9,6],[15,-7],[12,-9],[9,-14],[30,-4],[12,5],[12,-7],[13,4],[4,-4],[-3,-34],[-4,-6],[1,-13],[23,-2],[22,9],[8,-4],[2,-12],[6,-4]],[[6144,9558],[-9,-14],[-6,-4],[-3,-16],[-7,-19],[-7,-16],[-16,6],[0,-10],[-5,-13],[-11,-9],[-15,-1],[-4,-3]],[[6773,10208],[-9,0],[-3,-19],[-6,-11],[2,-7],[-8,-3],[-4,-7]],[[6745,10161],[-11,-3],[7,-12],[-16,-3],[-4,-12],[-22,-14],[-20,-6],[-13,1],[-10,8],[-9,-1],[-11,-4],[-14,33],[-9,6],[-17,5]],[[6596,10159],[-3,17],[-14,-3],[-12,13],[-9,4],[-3,7],[-10,0]],[[6649,10294],[9,9],[11,0],[5,-5],[12,8],[7,11],[7,-8],[-7,-13],[14,-3],[12,13],[-4,6],[2,9],[9,1],[6,13],[9,6],[0,15],[11,27],[6,7],[-2,11],[13,14],[-6,17],[-14,5],[-20,-11],[-4,9],[15,8],[38,12],[16,3],[14,9],[19,-3],[10,7],[5,-10],[19,11],[5,-4],[3,-11],[18,-4],[14,4],[11,-3],[19,7]],[[6144,9558],[5,7],[16,12],[11,0],[16,6],[-9,9],[8,5],[17,0],[1,-7],[15,-10],[14,5],[5,14],[17,9],[-4,7],[5,7],[10,5],[-2,8],[8,11],[-3,26],[9,10],[18,11],[11,0],[13,13],[-1,8],[19,6],[18,2],[19,5],[11,-4],[5,10],[10,6],[2,12],[16,2]],[[6424,9753],[0,-27],[9,1],[18,-10],[38,-16],[-28,-22],[25,-5],[9,-9],[14,-1],[19,-8],[10,-10]],[[6538,9646],[-1,-5],[17,-13],[22,-14],[0,-5],[7,-9],[43,-41],[8,-2]],[[6634,9557],[3,-14],[9,-2],[7,-10],[-24,-4],[0,-12],[-8,-5],[-19,-2],[-19,-9],[-5,-8],[-10,-5]],[[6568,9486],[-6,-2],[-22,0],[-5,-6],[-1,-14],[-12,-4],[-1,-10],[-18,5],[-24,0],[-5,10],[-8,-1],[-7,-9],[-16,6],[-5,8],[1,11],[-6,5],[-22,6],[-12,6],[-27,-1],[0,-7],[-7,-4],[-4,-21],[-10,1],[-17,-11],[-4,-10],[-13,-8],[-14,-18],[-14,-8],[-10,1],[-8,6],[-16,6],[-8,-2],[-12,2],[-13,-3],[-3,-11],[-10,-10],[18,-13],[-12,-9],[-12,6]],[[7112,9976],[9,1],[17,7],[31,18],[29,11],[8,-6],[-2,-9],[6,-16]],[[7210,9982],[26,-7],[16,-12],[33,-2],[30,-18],[1,-9],[-4,-6],[8,-12],[15,-11],[8,-16],[1,-30],[2,-9],[-7,-3],[6,-13],[18,-2]],[[7363,9832],[-12,-2],[-26,5],[-43,2],[-18,3],[-32,16],[-10,-2],[-5,-10],[-11,-9],[-15,-4],[-4,-5],[-12,-4],[-11,-8],[-12,-5],[-14,-8],[11,-5],[2,-13],[7,-6],[4,-12],[-8,-3],[-6,-20],[-9,1],[-1,-13],[-12,-6],[-9,-1],[-2,-5],[-24,-3],[-9,-7],[7,-8],[3,-9],[-6,-8],[12,-10],[-7,-17],[0,-9],[10,-13],[-26,-9]],[[7075,9625],[-18,3],[-11,18],[2,11],[-4,8],[-11,9],[-16,5],[-9,8],[-6,1],[-14,13],[1,14],[5,3],[-10,7],[-3,9],[-12,2],[3,10],[-10,3],[-9,-7],[-2,-10],[-10,-5],[-7,-15],[-29,8],[-9,-4],[0,10],[-15,10]],[[6881,9736],[11,16],[13,22],[8,28],[-4,20],[1,10],[20,16],[16,18],[8,12]],[[6600,9277],[-2,11],[4,6],[-1,10],[16,12],[5,9],[6,0],[13,13],[11,1],[6,8],[21,2],[6,3],[5,10],[-1,14],[15,16],[4,12]],[[6708,9404],[12,8],[8,9],[0,8],[-9,6],[1,7],[25,21],[11,-1],[8,-6],[2,-7],[22,3],[13,4],[5,-6],[17,-4],[10,9],[32,-5],[9,3],[12,0],[22,4],[12,10],[7,2],[14,-5],[13,5],[11,11],[1,5],[13,1],[-1,8],[7,9],[5,13],[14,4],[1,9],[14,6],[13,0],[7,4],[0,7],[19,27]],[[7058,9573],[18,15],[-1,-14],[-6,-4],[9,-31],[9,-14],[0,-12],[5,-7],[14,-4],[25,-4],[17,6],[29,15],[45,28],[24,28],[0,6],[33,35],[8,2],[19,17],[10,6],[10,12],[4,13],[12,1],[8,9]],[[6745,10161],[7,-12],[8,-7],[7,1],[6,6],[10,4],[11,-5],[9,-12],[22,-3],[-7,-25],[-8,-16],[8,-4],[6,9],[18,-12],[38,11],[5,-6],[18,1]],[[6903,10091],[-12,-7],[-1,-8],[16,-14],[8,-16],[-2,-8],[-14,-19],[5,-13],[-1,-14],[-17,-9],[-9,-13]],[[6876,9970],[-30,5],[-22,-7],[-17,10],[-5,-2],[-21,2],[-11,6],[-18,3],[-13,11],[-14,2],[-28,8],[-13,14],[-4,12],[-13,11],[-15,16],[-18,9],[-18,21],[-10,21],[-13,15],[1,9],[-12,9]],[[6582,10145],[14,14]],[[6579,11071],[-15,5],[-14,-1],[-13,5],[-15,-1],[-9,9],[0,5],[-26,2],[-3,3]],[[6518,11124],[11,-6],[20,-1],[3,7],[29,6],[20,0],[13,-3],[-6,14],[14,12],[-6,13],[3,43],[-17,10],[0,16]],[[6602,11235],[27,7],[8,-4],[3,14],[11,2],[-3,10]],[[6648,11264],[12,-1],[11,7],[6,-1],[-3,-15],[15,-8],[9,1],[12,-7],[21,0],[24,7],[7,-5],[-5,-11]],[[6952,10179],[-7,-12],[-14,-10],[-3,-30],[-8,-6],[0,-16],[-6,-10],[-11,-4]],[[6592,11409],[-3,-10],[8,-5],[-1,-6],[-14,-3],[2,-5],[-4,-9],[1,-10],[-3,-17],[8,-5],[2,-7],[10,-5],[10,4],[13,-7],[2,-15],[13,-7],[-5,-13],[7,-18],[10,-7]],[[6602,11235],[-11,-4],[-6,4],[-23,-6],[-18,-13],[-9,1],[-15,-11]],[[6381,11172],[4,6],[-4,20],[-11,11],[-5,16],[-9,-1],[-1,8],[-27,-3],[3,15],[17,13]],[[6876,9970],[-12,-20],[-5,-13],[7,-20],[-2,-7],[-9,-7],[-19,-1],[-9,-6],[-13,-23]],[[6814,9873],[-13,-16],[-15,-6],[-17,4],[-8,-3],[-23,-16],[-15,-2],[-11,-12],[13,-13]],[[6725,9809],[-5,-5],[-14,-3],[-35,-1],[-20,-7],[-16,2],[-9,9],[-16,4],[-6,13],[-18,15],[-6,12],[-2,9],[-30,10],[-28,-8],[-28,-14]],[[6492,9845],[-2,10],[-7,9],[-30,26],[8,24],[1,21],[10,11],[12,-1],[-2,10],[-6,4],[15,17],[11,6],[-10,11],[-13,3],[-15,-2],[0,13],[6,3],[-5,11],[-8,6],[16,18],[21,35],[3,10],[11,19],[2,12],[12,16],[1,20],[7,14],[6,-6],[1,-9],[8,-11],[9,-7],[28,7]],[[6783,11236],[7,8],[13,7],[-1,4],[14,6],[-6,8],[16,7],[14,1],[23,8],[7,11],[6,0],[17,14],[14,4],[8,9],[15,6],[-7,9],[-8,2],[-8,8],[0,5],[-14,11],[-9,18],[-6,3],[6,8],[8,3],[-6,14],[-19,2],[-22,11],[-4,5],[-20,-1]],[[7210,9982],[10,3],[-2,8],[13,18],[13,8],[12,3],[28,20],[15,15],[15,20],[5,16],[-5,18],[2,11],[-1,9],[-10,21],[4,15],[6,9],[9,6]],[[6804,10789],[-12,2],[-7,-6],[-6,9],[-16,-5],[-33,11],[-12,9],[-29,1],[-8,-11],[-16,1],[-13,13],[-10,-1],[-15,3],[-8,-4],[-14,9],[-13,-1],[-3,10],[-9,5]],[[6580,10834],[-8,4],[-8,21],[2,3],[21,0],[12,3],[4,13],[17,-2],[10,4],[10,19],[8,2],[-1,12],[4,4],[-5,7],[-1,11],[-12,0],[-7,5],[-9,-2],[-3,10],[-12,10],[-16,4],[6,4],[-3,11],[5,11],[21,9],[10,2],[-6,13],[17,9]],[[6580,10834],[-8,0]],[[6572,10834],[-5,-1],[-27,-14],[-8,-3],[-16,-11],[5,-17],[-11,-14],[-33,-10]],[[6477,10764],[-14,4],[-2,4],[-13,9],[-16,-6],[-13,2],[-6,5],[4,10],[-12,14],[5,10],[-5,3],[7,12],[-2,19],[-4,7],[4,15],[10,2],[4,16],[-1,9],[-16,10],[-5,7],[23,13],[-12,9]],[[6413,10938],[-6,15],[15,-1],[0,7],[8,9],[-7,2],[-4,6],[7,7],[10,0],[10,6],[9,1],[15,8],[9,9],[5,12],[9,6],[4,11],[14,11],[6,8],[24,1],[6,2],[19,-2]],[[6069,10925],[30,0],[32,5],[33,-1],[20,2],[20,11],[4,7],[14,6],[16,-2],[3,3],[26,6],[17,-7],[18,9],[20,-4],[12,-9],[16,-1],[13,2],[15,-3],[3,-11],[14,-5],[18,5]],[[6477,10764],[-4,-5],[-19,4],[-19,-2],[-5,-8],[-18,-7],[-24,3],[-3,5],[-13,-1],[-14,-9],[-13,5],[-19,2],[-7,-2],[-13,8],[-9,9],[-17,5],[-11,9],[-18,4],[-14,8],[-7,-4],[-17,2],[-9,-5],[-13,5],[-18,-8],[-21,-2],[-9,1],[-14,-10],[-20,5],[-39,-11],[-6,2],[-7,8],[-20,5],[-8,-1],[-8,8],[-11,5],[-3,8],[-28,22],[-4,2]],[[6568,9486],[28,-4],[18,-14],[-4,-11],[14,-11],[6,3],[22,-9],[-7,-9],[7,-7],[20,-1],[20,-5],[6,-6],[2,-10],[8,2]],[[5870,9710],[-7,2],[8,23],[6,6],[3,13],[-5,7],[2,7],[-4,7],[9,14],[8,7],[1,16],[-10,15],[-9,6],[-4,11],[11,9],[10,15],[14,7],[10,16],[-2,7],[-10,5],[-2,10],[-7,8],[14,6],[15,1]],[[5921,9928],[12,-1],[14,3],[6,-6],[-4,-8],[16,-7],[21,2],[11,7],[5,7],[23,8],[7,7],[4,9],[16,14],[28,16],[7,2],[9,8],[10,-1],[13,4],[7,11],[13,2],[24,-6],[13,-10],[15,1]],[[6191,9990],[14,-2],[20,0],[12,-6],[9,0],[13,7],[22,3]],[[6281,9992],[-4,-3],[-13,-22],[-17,-9],[-6,-18],[-6,-4],[-1,-10],[6,-8],[1,-17],[30,-11],[10,-13],[16,-9],[33,-11],[15,9],[21,5],[10,-24],[18,-10],[15,-1],[7,-5],[22,-4],[2,-13],[17,-9],[2,-4],[14,-14]],[[6473,9787],[-13,-8],[-8,-14],[-18,-4],[-10,-8]],[[6819,10611],[6,5],[8,-1],[-2,-11],[7,-4],[10,4],[6,-7],[24,-6],[8,4],[9,-1]],[[4798,8901],[16,-11],[8,-11],[11,-6],[20,-6],[10,0],[22,6],[9,0],[13,-7],[10,1],[36,14],[26,5],[26,-3],[16,0],[7,-4],[9,5],[12,2],[23,8],[17,2],[15,14],[12,3],[11,13],[22,4],[0,8],[9,5],[7,-2],[20,11],[8,9],[16,5],[21,19],[18,7],[-1,10],[11,7],[26,4],[16,21],[17,4],[6,-3],[14,1],[6,8],[12,-1],[22,7]],[[6634,9557],[-5,7],[2,10],[8,9],[5,15],[25,15],[3,15],[7,0],[8,7],[-1,9],[13,3],[11,-5],[18,3],[6,-3],[7,6],[22,6],[17,-1],[27,7],[-3,-13],[10,1],[13,-4],[-1,-15],[-10,-17],[12,-1],[21,-5],[0,8],[8,20],[6,7],[11,-6],[-2,-6],[10,-8],[16,-16],[17,0],[8,3],[14,-7],[19,-7],[21,-3],[18,1],[15,-5],[6,3],[18,1],[25,6],[15,13]],[[7074,9610],[1,-12],[-24,-22],[7,-3]],[[6538,9646],[10,-1],[8,4],[0,9],[9,6],[10,-3],[10,11],[4,12],[7,0],[5,8],[-8,11],[6,9],[-11,11],[5,8],[50,8],[31,-4],[4,12],[24,14],[10,-2],[10,2],[22,18],[-17,9],[12,10],[-14,11]],[[6814,9873],[6,-12],[-12,-9],[7,-8],[-1,-7],[-16,-3],[-4,-4],[3,-13],[12,-18],[1,-6],[-8,-12],[-2,-8],[6,-14],[28,-8],[12,0],[11,-4],[7,-9],[17,-2]],[[7075,9625],[-1,-15]],[[4857,8931],[-6,9],[7,7],[25,13],[-2,14],[-11,7],[1,6],[-6,14],[13,8],[0,10],[8,5],[-6,7],[-5,15],[-19,11],[7,9],[-5,14],[-10,3],[0,5]],[[4848,9088],[23,13],[0,11],[26,9],[4,10],[-22,6],[0,17],[6,9],[-5,15],[1,11],[7,7],[0,10]],[[4888,9206],[13,0],[3,16],[7,8],[2,8],[-10,9],[2,5],[15,13],[4,7],[22,15],[-3,9],[9,6],[6,16],[17,16],[-9,19],[5,4],[3,12],[-12,13],[-3,12],[8,5],[4,12],[-12,14],[8,8],[19,2],[3,17],[16,8],[13,-1],[13,16],[-18,23],[2,9]],[[5015,9507],[7,12]],[[5022,9519],[16,2],[1,13],[10,4],[3,6],[12,5],[13,-1],[8,12]],[[5655,10148],[19,-2],[5,-21],[19,-13],[15,0],[8,-5],[11,-1],[17,-6],[11,-16],[18,-5],[4,-3],[22,-5],[3,-5],[28,-5],[13,-12],[17,-11],[13,-12],[11,7],[21,9],[12,-2],[12,-7],[16,-6],[5,-10],[-2,-11]],[[5953,10006],[-7,-1],[-12,-9],[-11,11],[-10,-4],[-8,2],[-25,-5],[-27,-16],[-11,-13],[-3,-15],[8,-11],[23,-11],[-4,-6],[-27,10],[-14,-15],[1,-5],[-11,-4],[-3,-5],[1,-12],[5,-11],[-23,-4],[-12,-4],[-17,0],[-14,-4],[-17,3],[-14,-6],[-12,2],[-1,-12],[-10,-12],[-13,-9],[-16,2],[-19,6],[-12,0],[-5,-7],[-16,-10],[-25,-9],[-16,2],[-12,-8],[-11,-12],[4,-15],[-3,-8]],[[5367,9913],[13,15],[-16,10],[-8,9],[0,7]],[[6349,10247],[4,-13],[-12,-3],[-25,-12],[-2,-11],[-12,-7],[-4,-5]],[[6298,10196],[-5,-2],[-9,-13],[-8,-8],[0,-15],[5,-5],[-8,-6],[-9,-14],[-16,6],[1,-15],[-11,-6],[-8,-9],[-3,-7],[-13,-12],[-12,-29],[-1,-16],[-14,-23],[1,-8],[8,-12],[-5,-12]],[[5921,9928],[0,3],[17,12],[10,24],[4,22],[5,11],[-4,6]],[[6473,9787],[12,1],[23,-8],[12,-7],[19,5],[1,6],[-14,5],[-8,8],[-3,12],[5,6],[-15,13],[-6,12],[-7,5]],[[6281,9992],[8,3],[8,-7],[14,9],[19,8],[17,13],[5,7],[16,5],[19,13],[25,20],[21,33],[11,26],[9,14],[-6,4],[-21,-2],[0,5],[10,10],[-2,6],[-20,5],[-21,-17],[-1,-12],[-11,10],[-11,-1],[-15,14],[-13,-2],[-18,18],[-17,10],[-9,12]],[[6572,10834],[-2,-11],[-16,-6],[-9,-15],[0,-13],[-5,-15],[1,-9],[-13,-7],[-6,-9],[-15,-4],[-3,-8],[-21,-18],[3,-12],[24,-11]],[[4138,9010],[-2,-10],[-9,-5],[-10,4],[-5,-3],[-14,2],[-7,6],[-19,2],[-8,-7],[-23,8],[-12,-5],[-11,9],[0,9],[-11,6],[-13,2],[-2,5],[-13,-2],[-18,2],[-12,6],[-13,-8],[-10,-2],[-15,2],[-12,-10],[-17,-1],[-1,5],[-11,2],[-10,13],[-17,-1],[-13,2],[-26,-5],[-2,11],[4,28],[-8,7],[-3,9]],[[3795,9091],[13,17],[0,9],[9,22],[-10,3],[-5,5],[-3,15],[-13,14]],[[3786,9176],[4,9],[-2,8],[13,4],[8,5],[4,14],[8,3],[18,-2],[11,3],[5,5],[23,-2],[8,3],[6,10],[18,15],[5,-3],[9,14],[0,14],[7,12],[1,9],[13,7],[6,9],[19,7]],[[3970,9320],[5,-1]],[[3975,9319],[9,-2],[0,-18],[8,-7],[11,-5],[13,-1],[8,-8],[16,-2],[8,-6],[-1,-7],[24,-1],[19,-6],[20,-5],[2,4],[19,5],[10,10]],[[4141,9270],[0,-8],[12,-6],[4,-13],[9,-12],[3,-9],[-5,-5],[2,-12]],[[4166,9205],[1,-9],[16,-5],[7,-5],[2,-11],[-1,-12],[-8,-8],[-2,-8],[4,-8],[1,-13],[-13,-10],[10,-11],[4,-13],[-1,-17],[6,-8],[-1,-9]],[[5232,10653],[9,15],[-9,13],[-12,6],[-8,-4],[-16,-4],[-5,29],[-7,8]],[[5184,10716],[15,0],[14,3],[9,5],[9,-2],[3,-18],[18,2],[17,-5],[13,4],[5,-4],[33,-3],[7,-6],[27,-7],[21,-5],[51,-4]],[[4832,9967],[-21,-26],[-20,7],[-26,-6],[-14,13],[-1,13],[-14,25],[-10,6],[-16,2],[-6,6],[-19,-4],[-3,4],[-16,-2],[-5,12],[-5,6],[-10,1],[-7,-4],[-9,3],[-25,5],[-9,4],[-22,5],[-4,3],[-4,15],[-10,6],[-12,1]],[[4544,10062],[-8,9],[9,4],[-5,7]],[[4540,10082],[6,4],[4,12],[11,5],[1,15]],[[4562,10118],[16,3],[-1,-5],[9,-9],[21,-11],[20,-1],[14,-3],[32,-2],[17,-8],[11,-2],[19,-17],[0,-14],[24,-19],[15,-7],[7,-13],[13,-4],[18,-9],[3,-7],[11,0],[1,-8],[11,-12],[9,-3]],[[4722,10873],[14,-14],[16,-4],[8,10],[12,1],[8,6],[13,3],[8,-6],[23,-1],[6,-3],[21,9],[16,9],[58,5],[-5,4],[2,14],[-12,13],[8,7],[9,-1],[19,-7],[21,0]],[[5054,10829],[-2,-6],[-12,-8],[-10,6],[-3,8],[-14,-1],[-5,-6],[16,-21],[-7,-3],[-22,5],[-2,-6],[10,-7],[0,-6],[-6,-8],[-23,-4],[0,-6],[9,-8],[-2,-6],[-11,1],[-15,-9],[6,-5],[-3,-10],[-21,-10],[-3,-11],[-11,-8],[-1,-8]],[[4922,10692],[-6,-1],[-10,6],[-16,-4],[1,7],[-12,3],[-20,18],[-30,-3],[-4,15],[-15,5],[-6,5]],[[4804,10743],[-26,7],[-11,-2],[-10,1],[-8,12],[-12,11],[-10,2],[-17,18],[-4,10]],[[4706,10802],[21,10],[-6,15],[17,14],[-8,20],[-11,9]],[[4804,10743],[-14,-21],[2,-14],[5,-4],[-23,-19],[-8,-3],[-9,-30],[-10,-10]],[[4747,10642],[-25,6],[-9,-2],[-32,14],[-6,-1],[-24,-11],[-18,-2],[1,10],[-3,9],[2,7],[-4,7]],[[4629,10679],[13,13],[13,19],[0,16],[13,9],[30,16],[8,10],[-1,11],[-5,12],[6,17]],[[4349,10452],[27,-3],[9,-7],[18,-5],[13,5],[22,-2],[20,10],[22,3],[10,5],[6,-7],[12,-7],[0,-6]],[[4508,10438],[-12,-7],[-10,-18],[3,-6],[16,-2],[6,-12],[20,-5],[13,-11],[0,-8],[-6,-11],[-11,-14],[27,-11],[4,3],[16,1],[19,-5],[2,-7],[9,-4],[22,-3],[13,-10],[13,4],[11,-5],[17,-4],[24,5]],[[4704,10308],[-5,-18],[5,-2],[18,3],[0,-5],[-7,-8],[-10,2],[-4,-9],[-9,-4],[-14,-1],[4,-12],[-15,-12]],[[4667,10242],[-7,-9],[-9,0],[-12,-6],[5,-6],[-11,-9],[-8,-2],[-4,-10],[-15,-5],[9,-6],[-16,-16]],[[4599,10173],[-12,3],[-3,7],[-8,0],[-8,7],[-12,2],[-4,29],[-9,7],[-9,-4],[-12,-11],[-11,-4],[-10,-9],[-5,-9],[-25,4],[-9,8],[-2,11],[-13,1],[-35,9],[-5,-10],[-25,5],[-7,-2],[-14,3],[-9,4],[-14,2],[-9,-2],[-12,1],[-5,-3],[-33,-1],[-5,-16],[-1,-10],[-29,-6],[-21,-11],[6,-15],[-2,-6],[-13,-7],[-5,-9],[-9,-4]],[[2486,8923],[-13,10],[7,8],[-15,6],[-26,-3],[-26,-12],[-10,2],[-3,5],[35,38],[38,34],[18,19],[17,3],[7,18],[6,1],[24,11],[20,14],[30,24],[13,5],[7,-3],[-2,-7],[10,-2],[13,15],[-1,14],[10,10],[19,12],[22,28],[7,15],[15,9],[2,-14],[-4,-16],[4,-7],[10,-5],[9,8],[27,10],[-7,12],[1,15],[-16,6],[-9,7],[-20,8],[-11,8],[7,14],[21,16],[34,24],[5,10],[-1,6],[28,24],[22,23],[12,8],[9,-9],[13,4],[15,1],[54,15],[1,-10],[15,6],[36,31],[11,-3],[6,6],[6,29],[8,7],[-3,15],[9,2],[12,-6],[18,-6],[-2,35],[2,13],[-10,8],[-12,1],[-16,-13],[-3,18],[-5,20],[-6,9],[-2,31],[10,7],[11,-5],[24,3],[8,8],[-10,16],[-7,23],[-9,22],[7,2],[16,-7],[13,2],[18,-3],[3,8],[15,-5],[9,1],[0,7],[11,7],[13,1],[9,9],[-2,10],[10,9],[3,8],[12,2],[19,9],[25,0],[18,4],[11,7],[2,10],[-9,1],[-9,-4],[-16,9],[-9,8],[-2,17],[-10,4],[-14,-5],[3,-9],[-2,-16],[-10,-8],[-14,-2],[-12,5],[-9,-1],[-8,-5],[-9,2],[-27,-17],[-25,-8],[-5,-7],[-8,3],[-14,-19],[-7,-1],[-17,9],[-14,0],[-2,-6],[-25,2],[-13,-7],[-12,7],[-15,-3],[-6,-6],[-19,9],[-9,-3],[-15,9],[-15,2],[-3,8],[-14,11],[-14,3],[-4,8],[2,9],[15,1],[12,23],[-19,8],[-11,-1],[-10,9],[-10,-7],[-9,8],[5,4],[1,8],[12,14],[-10,23],[26,11],[19,17],[13,9],[12,-1],[0,7],[11,1],[12,-2],[12,-6],[8,0],[8,11],[25,10],[6,-2],[9,10],[12,6],[-2,7],[23,16],[-3,8],[9,11],[2,10],[-7,4],[-19,0],[-3,6],[-27,-3],[-3,10],[6,7],[-9,10],[-17,2],[-8,-14],[-12,-4],[-11,-9],[-8,8],[-1,9],[-11,-4],[-20,-24],[-21,-3],[-1,-7],[-13,-3],[-1,-12],[-11,-1],[2,-13],[-7,-2],[-9,-23],[6,-3],[-11,-19],[3,-8],[-18,0],[-20,-48],[-20,-7],[-10,10],[-2,7],[-7,12],[-28,27],[-4,-1],[-33,23],[-28,14],[-11,8],[-6,9],[-3,10],[-16,15]],[[3535,9897],[-2,-4],[1,-13],[-27,-18],[-12,-2],[-7,-7],[120,-141]],[[3608,9712],[34,-37],[5,-11],[22,-32],[6,-20],[12,-15],[-14,-19],[-17,-4],[-18,-12],[-14,-3],[-18,-1],[6,-14],[-6,-9],[-9,-4],[0,-22],[12,-9],[20,-1],[7,-7],[9,-15],[-5,-6],[4,-11],[-11,-10],[2,-7],[-16,-6],[-2,-11],[-14,-9],[-14,-3],[-18,2],[-16,6],[-7,-3],[-13,2],[-20,-5],[-4,-5],[-12,-5],[-8,-11],[3,-16],[11,1],[4,5],[11,-1],[5,-8],[7,1],[16,-7],[8,-14],[-13,-17],[0,-17],[16,1],[26,-12],[22,-5],[13,-10],[1,-8],[17,-6],[7,-9],[3,-8],[8,-4],[12,-22],[3,-16],[13,-3],[15,1],[1,-12],[10,-8],[0,-9],[8,-8],[19,-2],[5,-3],[22,-3],[8,-5],[14,5]],[[3795,9091],[-16,-4],[-16,-19],[-11,1],[-19,-20],[3,-15],[-6,-2],[-10,-14],[2,-8],[-8,-9],[-1,-10],[-21,-21],[-15,-1],[-13,-5],[-4,-4],[3,-12],[-2,-8]],[[2931,9910],[-9,-9],[-7,8],[16,1]],[[2914,9960],[8,-10],[-19,-5],[2,15],[9,0]],[[5022,9519],[-22,5],[-9,5],[-20,23],[-3,10],[-18,8],[-11,-6],[-8,0],[-11,-5],[-19,-2],[-18,8],[-7,8],[-23,1],[-5,-2],[-23,8],[-12,6]],[[4813,9586],[-1,21],[4,5],[-7,7],[-8,0],[-4,12],[-21,14],[-13,-1],[-6,4],[-25,2],[-6,9],[-8,2],[-8,-6],[-18,-7],[-16,-13],[-9,-1],[-11,-6]],[[4656,9628],[-5,0],[-29,26],[-19,10],[-21,7],[-15,-1],[-22,-6],[-15,6],[-6,13],[-16,-7],[-8,-8],[-7,-1],[-4,-12],[-14,-23],[-19,-9],[-14,4],[-9,-6],[-24,-2],[-7,2],[-10,-4],[-13,0],[-12,4],[-19,0],[-7,13],[-5,2]],[[4336,9636],[-17,13],[8,8],[8,3],[-10,7],[1,8],[17,12],[5,10],[-1,8],[3,9],[12,1],[0,7],[15,11],[-1,9],[15,8],[-14,9],[11,5],[20,1],[-7,8],[-10,6],[20,2],[-10,10],[15,3],[-8,6],[7,11],[2,18],[14,8],[7,7],[-4,9]],[[4434,9853],[6,-6],[17,-6],[4,1],[21,-19],[3,-5],[17,-6],[37,0],[11,-8],[3,-9],[12,-1],[9,-6],[2,-7],[14,7],[10,-1],[17,-6],[6,1],[20,-16],[8,-1],[14,8],[29,0],[10,-24],[13,-2],[17,7],[9,10],[15,-2],[2,15],[11,16],[3,9],[9,8]],[[4783,9810],[19,-8],[5,-25],[-5,-9],[9,-18],[18,-7],[9,3],[25,-5],[17,3],[17,-3],[15,1],[12,-7],[20,3],[8,-3],[19,5],[13,10],[24,1],[14,-3],[15,1],[12,-3],[11,5],[9,-4],[7,2],[16,13],[21,8],[17,4],[10,-2],[17,2],[9,-4],[8,-12],[10,-4],[0,-13],[3,-7],[9,-5]],[[4562,10118],[-4,14],[2,6],[19,3],[-7,8],[4,10],[15,1],[12,-1],[-4,14]],[[4667,10242],[17,-9],[16,-5],[12,-8],[7,-12],[26,-17],[18,-8],[12,-16],[18,-10],[17,-3],[6,3],[20,4],[7,4],[35,0],[10,4]],[[4888,10169],[-2,-6],[7,-5],[17,-1],[14,-10],[18,-5],[2,-5],[23,-6],[4,-4],[17,-1],[11,-11],[-3,-9],[8,-8],[1,-6],[13,-8],[-1,-6],[7,-5]],[[5024,10073],[-8,-13],[-8,-7],[-13,-8],[-2,-5],[-17,-21],[2,-3],[-7,-10],[-1,-6],[-24,-16],[-16,3],[-12,-5],[-12,1],[-9,-7],[-14,0],[-23,-5],[-21,-9],[-7,5]],[[5237,10119],[-11,-3],[-18,-15],[-15,1],[-15,9],[-6,13],[7,11],[2,11],[-3,10],[-21,16],[-10,10],[-12,4],[-6,21],[-6,7],[1,6],[14,9],[9,18],[10,5],[7,9],[6,19],[7,12],[10,6],[-7,13],[4,5],[-1,11],[-19,16],[5,5],[-3,6]],[[4128,9938],[10,-9],[26,-4],[12,1],[17,-7],[8,2],[14,-6],[18,10],[9,-6],[14,-1],[8,8],[14,0],[-3,-12],[3,-13],[-13,-28]],[[4265,9873],[1,-14],[-5,-11],[7,-5],[20,1],[1,-11],[-17,-8],[-9,-8],[-11,-16],[0,-8],[-18,-17],[-20,-13],[-2,-17],[-14,-17],[-1,-11],[-7,-4],[3,-12],[-18,-3],[-12,1]],[[4163,9700],[-19,4],[-33,11],[-24,-14],[-18,-3],[-15,-9],[-28,-9]],[[4026,9680],[-10,2],[-15,-3],[-10,10],[-17,8]],[[3974,9697],[-27,1],[-18,-4],[-29,-17],[-10,-2],[-16,6],[-17,10],[-5,5],[-29,3],[-11,-3],[-37,-23],[-22,8],[-9,1],[-22,9],[-27,2],[-12,4],[-28,2],[-1,6],[-10,8],[-13,3],[-23,-4]],[[4166,9205],[10,3],[21,3],[12,-8],[24,2],[10,8],[14,1],[52,-9],[7,1],[16,-3],[5,4],[18,4],[12,-1],[7,9],[28,-8],[21,4],[8,8],[14,6],[11,-3],[14,2]],[[4470,9228],[16,-2],[-46,-58],[-11,-15],[2,-8],[-6,-11],[-23,-1],[4,-10],[19,-7],[7,1],[5,-12],[8,3],[10,-6]],[[4455,9102],[-10,-19],[-8,1],[-4,-13],[0,-30],[-7,-15],[-6,-1],[-22,5],[-8,-4],[-14,-14],[8,-11]],[[5170,10596],[-14,3],[5,12],[-8,7],[-17,7],[-42,3],[-8,7],[-14,6],[-11,1],[-5,4],[-20,0],[-32,8],[-10,8],[-73,-2]],[[4921,10660],[3,7],[-2,25]],[[5185,10734],[-1,-18]],[[3974,9697],[3,-6],[12,-12],[2,-6],[-17,-14],[-5,-9],[-18,-12],[-14,0],[-6,-6],[-19,-8],[-7,-10],[-17,-10],[-5,-25],[10,-7],[1,-16],[-9,-23],[7,-7],[2,-16],[-4,-8],[4,-12],[-8,-3],[-7,-9],[-3,-8],[12,-11],[-2,-11],[-6,-11],[1,-16],[25,2],[5,-4],[20,5],[5,-20],[3,-26],[-3,-4],[5,-13],[14,-5],[15,-15],[-4,-10],[4,-11]],[[4629,10679],[-5,0],[-20,-6],[-22,-3],[-14,1],[-20,9],[-24,5],[-26,8],[-18,-1],[-7,5],[-14,2]],[[5015,9507],[-12,8],[-24,9],[-19,-4],[-22,2],[-17,-12],[-12,-6],[-3,-5],[-17,-12],[-4,-9],[-10,-2],[-15,-9],[-7,-15],[-8,0],[-19,-15],[-6,-15],[-19,-14],[-7,1],[-32,-8],[-20,-2],[-9,4],[-27,-3],[-16,-4],[-24,-3],[-19,9],[-18,5],[-6,-2],[-17,2],[-7,-1],[-18,2],[-10,-2],[-20,2],[-14,-1],[-8,-7],[-13,-5],[-17,-2],[-12,-7],[-21,0],[-21,7],[-16,2],[-19,-1],[-12,6],[-10,-1],[-33,10],[-12,7],[-1,6],[-11,7],[-6,12],[-24,6],[-14,11],[-6,0],[-19,16],[-12,3],[6,8],[-8,11]],[[4248,9496],[11,9],[10,6],[2,16],[9,17],[9,7]],[[4289,9551],[-2,7],[-1,15],[9,4]],[[4295,9577],[12,-7],[12,-20],[25,-11],[17,-2],[10,-7],[29,-9],[21,-10]],[[4421,9511],[29,-10],[35,-6],[6,-5],[23,1],[8,-5],[6,2],[9,-3],[17,3],[14,0],[17,-10],[4,-13],[8,-4],[21,-4],[11,4],[10,13],[2,18],[9,4],[9,-1],[27,8],[23,-3],[36,-12],[14,8],[-2,11],[3,15],[10,17],[14,18],[13,13],[5,9],[11,7]],[[4454,10646],[-5,-23],[13,-4],[-2,-12],[8,-6],[4,-13],[5,-1],[6,-13],[16,-9],[9,2],[-1,6],[40,25],[17,-10],[18,0],[2,-4],[-12,-17],[-1,-4],[-10,-6],[-3,-10],[-13,-8],[9,-6],[24,5],[9,-8],[-1,-15],[6,-24],[5,5],[20,3],[12,7],[8,9],[7,0]],[[4644,10515],[15,-7],[5,-11],[11,-21]],[[4675,10476],[-4,-5],[-12,-6],[-24,10],[-13,1],[-10,4],[-12,-9],[6,-11],[-10,-7],[-2,-10],[4,-9],[-24,-11],[-18,2],[-22,12],[-7,-2],[-19,3]],[[4455,9102],[16,-11],[14,-5],[7,2],[25,-1],[20,11],[1,3],[26,10],[17,-5],[12,-8],[14,-8],[27,-1],[16,3],[15,8],[8,10],[9,-3],[16,9],[8,10],[10,-3],[16,2],[14,-3],[9,1],[13,5],[35,0],[8,-9],[-4,-16],[16,-1],[10,-5],[0,-7],[15,-2]],[[4421,9511],[-5,33],[9,2],[15,11],[7,0],[4,17],[22,-1],[15,4],[15,-2],[24,6],[22,-3],[37,6],[5,15],[14,7],[3,6],[17,3],[9,5],[11,0],[11,8]],[[4295,9577],[0,5],[7,5],[-10,7],[1,10],[10,-1],[11,3],[4,16],[10,-2],[8,16]],[[4026,9680],[-27,-18],[5,-14],[-10,-15],[-15,-11],[-4,-6],[-9,-2],[0,-6],[9,-4],[-7,-7],[-8,1],[-3,-8],[5,-6],[-4,-12],[-7,7],[-9,1],[1,-9],[15,-8],[17,1],[13,4],[7,-7],[15,4],[12,-2],[13,-7],[24,0],[7,5]],[[4066,9561],[5,-1],[7,-11],[4,-14],[7,-10],[17,-13],[10,-11]],[[4116,9501],[-13,-4],[-15,-21],[3,-6],[-10,-15],[1,-8],[-10,-4],[-9,-14],[-8,-7],[-11,5],[-7,-2],[-4,-19],[-4,-8],[-10,-4],[-6,-28],[-5,-5],[-7,-15],[-7,-2],[-3,-8],[-14,-7],[-2,-10]],[[4644,10515],[14,0],[7,6],[8,0],[16,14],[9,2],[2,14]],[[4700,10551],[9,-7],[-1,-7],[15,-7],[27,14],[18,3],[13,-2],[11,5],[20,15],[14,4],[5,6],[10,1],[9,-8],[34,-8]],[[4884,10560],[4,-8],[10,-8]],[[4898,10544],[-10,-14],[-12,-8],[5,-13],[-5,-3],[7,-8],[-5,-7],[-10,-4],[-3,-8],[-14,-6],[-3,-15],[-7,-6]],[[4841,10452],[-38,12],[-7,0],[-11,5],[-16,-3],[-16,-6],[-11,1],[-16,-17],[-13,3],[-20,-12],[-7,6],[3,5],[-6,12],[-8,6],[0,12]],[[5120,10372],[-8,-5],[-5,-10],[-17,0],[-23,-5],[-10,-9],[-12,7],[-17,-7],[-11,1],[1,20],[-17,-1],[-8,-8],[-27,-1],[-11,-6],[3,17],[-9,19],[-15,4],[-11,11],[-25,4],[-12,17],[-30,-4],[-7,-8],[-15,0]],[[4834,10408],[-2,4],[-14,6],[5,7],[-11,5],[6,6],[17,9],[6,7]],[[4898,10544],[70,-18],[-13,-5],[52,-23],[10,5],[10,0],[4,8],[11,3],[9,-11],[-1,-7],[9,-1],[11,7],[35,-1],[5,6],[17,-1],[11,-9],[7,2]],[[4884,10560],[9,6],[16,-1],[6,7],[-8,10],[13,0],[4,15],[-11,9],[-9,-2],[-5,7],[3,7],[-7,7],[12,7],[5,19],[9,9]],[[4888,9206],[-14,8],[-10,2],[-10,-7],[-18,8],[-6,8],[-2,12],[-19,0],[-23,7],[-16,7],[-22,-17],[-16,-1],[-16,3],[-12,-1],[-13,5],[-13,-2],[-13,4],[-20,-3],[-19,-5],[-28,1],[-7,2],[-11,-2],[-18,1],[-27,7],[-7,-7],[-20,2],[-7,-4],[-16,2],[-10,-2],[-5,-6]],[[4141,9270],[-1,12],[6,12],[-3,6],[9,10],[12,0],[7,-6],[5,9],[-28,8],[-1,12],[17,5],[25,-3],[0,8],[5,11],[-4,5],[8,9],[-6,5],[5,7],[6,2],[-5,13],[0,9],[-7,7],[15,6],[-2,13],[7,9],[11,-1],[6,7],[-14,7],[3,7],[15,1],[4,14],[12,5]],[[4248,9479],[3,4],[-3,13]],[[4163,9700],[-16,-7],[-2,-6],[13,-2],[3,-9],[-5,-11],[24,-6]],[[4180,9659],[-49,-79],[-6,4],[-27,-5],[-6,-7],[-7,-1],[-19,-10]],[[4211,10055],[119,0],[10,1],[27,-4],[8,1],[11,9],[2,6],[13,2],[12,25],[12,-4],[7,4],[14,3],[12,-1],[16,9],[16,-17],[9,-3],[19,-9],[22,5]],[[4544,10062],[1,-4],[-12,-10],[7,-20],[-13,-5],[-32,-20],[1,-10],[-10,-6],[-4,10],[-6,4],[-21,-17],[-18,-13],[-3,-16],[10,-4],[9,11],[11,-11],[-15,0],[1,-9]],[[4450,9942],[-5,-7],[-9,-3],[-13,2],[-27,-4],[-10,-6],[-16,3],[-11,-4],[-7,-6],[0,-10],[7,-9],[-9,-9],[-23,-10],[-18,0],[-8,-5],[-10,0],[-14,-6],[-12,5]],[[4834,10408],[6,-9],[-8,-15],[-15,-1],[-5,-5],[-13,-3],[-7,-7],[5,-9],[-13,-9],[-7,-8],[-7,-1],[-9,6],[-15,0],[-8,-5],[-1,-12],[-21,-13],[15,-3],[-4,-7],[-11,4],[-12,-3]],[[4434,9853],[16,13],[-8,4],[0,10],[14,9],[3,5],[-10,3],[1,11],[-9,9],[14,4]],[[4455,9921],[41,-9],[7,-4],[17,-5],[29,-3],[5,4],[25,0],[14,4],[34,-6],[5,3],[25,-3],[5,-12],[-4,-7],[13,-3],[5,9],[7,0],[14,-24],[17,-12],[10,-15],[-1,-4],[17,-10],[7,0],[36,-14]],[[5239,9747],[0,11],[7,33],[-8,14],[-10,3],[-6,7],[0,7],[-14,15],[-7,11],[11,19],[-16,11],[-10,15],[2,9],[-3,6],[3,14],[-9,11],[-1,12],[-7,3],[-14,11],[-22,-1],[-24,5],[1,7],[-6,17],[1,18],[-9,14],[9,7],[8,15],[-19,12],[-5,9],[-1,10],[-10,1],[-5,6],[-22,3],[-21,-3],[-8,-6]],[[4888,10169],[6,10],[0,9],[13,13],[-2,10],[9,12],[15,1],[6,-4],[23,2],[6,7],[7,2],[-1,10],[6,11],[7,2],[17,-11],[7,4],[17,4],[2,11],[12,20],[-3,14],[-6,12],[8,3],[9,14],[16,2],[14,8],[5,6],[25,11],[37,-1],[6,2]],[[4700,10551],[-12,14],[-6,1],[9,24],[15,5],[15,16],[8,2],[18,29]],[[4455,9921],[6,14],[-11,7]],[[4248,9479],[-27,1],[-8,6],[-9,1],[-6,7],[-13,-1],[-7,4],[-21,3],[-32,-3],[-9,4]],[[4180,9659],[10,-6],[8,0],[14,-5],[17,4],[6,-2],[-8,-19],[-7,-9],[-14,-5],[-7,-12],[3,-10],[-2,-8],[7,-6],[-3,-7],[11,-8],[1,-8],[14,-5],[22,-11],[13,-3],[19,11],[5,1]],[[15207,12894],[-18,-2],[-15,5],[-13,-6],[-14,3],[-11,-2],[-5,-5],[-10,0],[-5,-9],[-20,-10],[2,-8],[-12,-2],[-1,-5],[-13,1],[-31,9],[-11,8],[-12,-5],[-7,6],[-19,12],[-8,-1],[-4,15],[4,11],[-2,6],[-10,2],[-9,-3],[-4,6],[-9,3],[-6,-3],[-11,6],[-9,-7],[0,-6],[-38,8],[-6,12],[-20,-1],[-3,-5],[-9,-1],[-5,10],[-8,-2],[-16,5],[-1,-5],[-29,-2],[-19,3],[-3,6],[-15,5],[-14,-4],[-17,5],[-8,6],[-21,-4],[-16,6],[-28,2],[-9,5],[-10,-7],[-21,3],[-6,5],[-17,-7],[-10,11],[-10,-7],[-15,1],[-3,8],[-18,14],[-10,-3],[-23,3],[-4,-6],[-24,-3],[-17,1],[-15,7],[-3,9],[-11,-4],[-10,-13],[-16,2],[2,10],[-9,1],[-11,13],[-8,-1],[-5,10],[-12,6],[-26,-1],[-22,6],[-15,-7],[-18,-2],[-19,9],[-21,1],[-6,4],[-28,-5],[-35,2],[-15,13],[-8,-1],[-160,-77],[-243,-118]],[[13737,12839],[-7,23],[7,14],[-5,9],[-13,13],[-10,-2],[-11,6],[-11,-5],[1,15],[-12,18],[-23,-2],[5,11],[-13,12],[-17,5],[-10,6],[-15,-8],[-9,4],[-17,-14],[-11,3],[-23,-1],[-8,6],[-20,-2],[-23,1],[-13,-2],[-9,4],[6,10],[-8,7],[-14,-3],[-2,6],[-11,-1],[-11,2],[-10,12],[-17,0],[-8,6],[-14,5],[-2,6],[-20,2]],[[13359,13005],[-16,8],[-18,2],[-19,11],[-19,3],[-14,5],[-17,-4],[-7,3],[-9,10],[-88,142],[-13,0],[-6,12],[3,7],[-1,12],[-7,4],[-2,15],[-14,3],[-5,6],[-1,15],[-16,10],[-14,-5],[-14,4],[-6,6],[-15,-4],[-15,4],[-27,12],[-9,-7],[-15,-3],[-14,12],[-31,8],[-5,-2],[-13,5],[-22,3],[-18,-5],[-31,3],[-13,0],[112,78],[84,59]],[[13024,13437],[11,1],[8,-4],[8,2],[11,-3],[7,3],[10,-3],[23,2],[32,-9],[44,10],[6,9],[27,17],[2,11],[18,5],[22,-2],[18,-4],[2,7],[23,5],[7,8],[-11,5],[-2,15],[11,6],[8,2],[3,-8],[10,-6],[8,5],[12,17],[19,6],[19,-1],[7,-7],[12,-4],[19,3],[-5,4],[0,10],[-7,1],[1,8],[14,-2],[11,4],[10,0],[22,-9],[5,11],[6,-1],[29,5],[16,1],[16,-8],[7,4],[6,10],[9,3],[10,8],[13,-7],[13,-4],[14,0],[31,6],[18,-1],[11,1],[14,12],[7,0],[8,-13],[14,-9],[20,-6],[18,-2],[12,-12],[27,2],[18,-4],[8,-4],[39,7],[4,8],[10,-1],[14,7],[31,-9],[9,-7],[3,-8],[10,-9],[-10,-6],[5,-10],[18,1],[2,-6],[16,-6],[8,-9],[5,-12],[9,-9],[21,3],[25,-8],[14,-1],[12,3],[2,6],[10,3],[8,-10],[11,6],[17,-1],[6,-11],[-2,-5],[8,-8],[11,-7],[22,8],[10,-7],[14,4],[14,-5],[14,-1],[0,-10],[17,-7],[0,-12],[10,1],[18,-15],[11,0],[14,-4],[11,-8],[21,4],[13,-1],[13,-3],[19,7],[25,1],[17,7],[11,8],[1,7],[8,0],[23,7],[10,11],[20,0],[11,5],[14,1],[7,-4],[22,4],[8,-3],[29,4],[12,5],[7,-6],[20,-5],[9,4],[16,1],[28,-24],[190,-175],[95,-88],[115,-106],[158,-145]],[[13359,13005],[28,-113],[-21,0],[-13,1],[-9,8],[-4,10],[-17,10],[-12,-6],[-30,-3],[-16,6],[-17,12],[-20,0],[-14,-3],[-5,2],[-13,-8],[1,-7],[-26,-1],[-17,2],[-31,9],[-13,-9],[-2,-5],[-14,-1],[-6,3],[-15,-2],[-17,10],[-10,-3],[-29,4],[-10,-4],[-7,9],[-10,0],[-15,-6],[-14,2],[-17,-7],[-20,3],[-6,4],[-17,0],[-17,3],[-7,-2],[-10,-16],[-29,12],[-9,-4],[-13,5],[-14,1],[-5,10],[-14,-1],[-11,11],[-13,8],[-10,-3],[-20,3],[-23,5],[-17,0],[-5,5],[-13,4],[-13,-1],[1,-16],[-26,-2],[-10,4],[-9,-7]],[[12614,12941],[-189,127]],[[12425,13068],[-155,103],[-202,135]],[[12068,13306],[-37,195]],[[12031,13501],[26,1],[21,-6],[14,5],[10,8],[2,8],[13,4],[16,-2],[10,-9],[13,-2],[21,2],[14,4],[6,8],[13,-3],[-1,-11],[-13,-12],[3,-17],[15,0],[12,9],[17,3],[13,-2],[26,9],[10,0],[21,-8],[12,-8],[9,2],[7,12],[12,4],[8,-6],[10,-18],[17,0],[11,9],[-5,12],[4,8],[7,2],[12,-7],[1,-15],[-2,-12],[6,-5],[10,5],[-2,14],[5,3],[20,-3],[6,10],[12,6],[21,-4],[17,2],[15,-1],[9,-7],[12,-15],[19,-2],[15,4],[40,-3],[41,8],[16,6],[8,0],[13,-5],[20,4],[8,4],[12,-1],[6,-13],[15,-1],[9,-7],[8,-1],[10,15],[9,4],[25,-10],[11,1],[6,5],[9,-1],[8,-6],[42,10],[26,0],[9,7],[27,-1],[9,-11],[-2,-10],[6,-4],[15,1],[13,-4],[0,-5],[-12,-3],[-5,-10],[4,-4],[25,-3],[12,-5]],[[15207,12894],[184,-170],[105,-97],[155,-143],[103,-95]],[[15754,12389],[-12,-5],[-14,-18],[-14,-8],[-27,-9],[-26,-7],[-29,-13],[-27,-9],[-13,-1],[-14,-6],[-17,-3],[-7,2],[-34,0],[-71,-10],[-42,0],[-30,4],[-40,-2],[-12,2],[-24,7],[-14,1],[-10,-3],[-21,1],[-20,-2],[-43,11],[-24,8],[-32,-4],[-52,-17]],[[15085,12308],[-38,-1],[-16,1],[-31,11],[-8,4]],[[14992,12323],[-11,10],[-9,13],[1,12],[7,16],[-19,11],[-13,2],[-22,11],[-7,14],[-12,13],[-15,5],[-13,-2],[-10,-6],[-18,-3],[-12,3],[-3,4],[2,11],[6,11],[-5,7],[-11,2],[-8,-14],[-10,-6],[-7,0],[-12,6],[-10,2],[-16,7],[-6,0],[-13,-8],[-15,1],[-19,9],[6,11],[19,3],[10,4],[3,6],[-14,4],[-18,-2],[-8,7],[0,22],[-4,3],[-24,7],[-27,20],[-29,-2],[-9,10],[-1,21],[-7,8],[-17,7],[-19,-4],[-12,10],[-2,15],[7,3],[-5,7],[-15,2],[-4,-4],[-4,-12],[-14,-7],[-14,4],[-14,13],[-9,2],[-11,-8],[-6,-1],[-24,6],[-9,-5],[-10,4],[-5,-7],[-12,2],[-14,-1],[-15,-6],[-5,-8],[-11,-1],[-10,7],[-16,6],[-8,-1],[-7,-8],[-15,11],[-10,-8],[-16,0],[2,10],[-14,6],[-18,3],[-23,0],[-19,8],[-10,-4],[-12,4],[-16,-11],[-27,-2],[-10,2],[-9,-2],[-21,0],[-1,-6],[5,-9],[-16,-5],[-18,-2],[-9,-5],[-16,-5],[-22,-1],[-1,-9],[-6,-7],[-34,-5],[-24,-15],[-22,-5],[-10,16],[-11,3],[-12,-9],[-9,9],[-9,0],[-11,-7],[-11,2],[-7,9],[-7,-11],[-7,-2],[-15,4],[-6,-6],[-15,4],[-12,-8],[-12,2],[-11,-9],[-7,7],[-10,2],[-11,-5],[-22,-2],[-16,-4],[-12,-7],[-22,9],[-22,-8],[-14,5],[-10,-5]],[[13631,12523],[50,151],[56,165]],[[11361,13153],[3,0],[195,23],[195,29],[168,25],[146,76]],[[12425,13068],[-11,-4],[-13,2],[-4,-5],[-10,-3],[-9,8],[-7,2],[-15,-4],[-8,4],[-8,8],[-24,-10],[-15,-14],[8,-5],[-6,-6],[-16,6],[-8,-4],[-8,10],[-6,-2],[-3,-10],[-16,5],[-7,-8],[-21,5],[-4,-4],[-6,-18],[-7,2],[-9,15],[-9,1],[-3,-12],[-12,3],[-11,10],[-9,4],[-6,-5],[1,-6],[-10,-3],[-6,14],[-18,0],[-8,-11],[-15,2],[2,11],[-11,1],[-6,-11],[-20,10],[-3,10],[-12,0],[-14,20],[-11,3],[-6,7],[-15,3],[-11,4],[-6,6],[-10,3],[-14,-2],[-19,1],[-7,-3],[-12,2],[-23,-7],[-15,1],[-25,-1],[-14,-3],[-21,2],[-18,-5],[-26,0],[-24,-8],[-22,-2],[-10,1],[-20,-11],[-2,-6],[2,-13],[-9,-11],[-14,-9],[-7,1],[-10,-7],[-21,-5],[0,-5],[-12,-9],[-2,-8],[2,-18],[-13,-5],[-17,-1],[0,-4],[-14,-9],[-2,-13],[-15,-11],[-1,-11],[-9,-5],[-9,5],[-16,-6],[-6,-8],[-19,-2],[-16,-9],[-18,-4],[-2,-3],[-27,-6],[-9,-4],[-17,-1],[-25,11],[-29,3],[-13,-3],[-5,-9],[-14,-1],[-10,6]],[[13631,12523],[-6,-5],[-13,4],[-1,9],[-21,-4],[-15,9],[-25,-4],[-5,7],[4,9],[-4,3],[-13,-2],[-12,10],[-15,3],[-16,-4],[-6,-5],[-8,7],[-10,0],[-17,-15],[-12,1],[-16,-4],[-13,3],[-14,-3],[2,-15],[-10,-3],[-16,12],[-17,-3],[-9,7],[-18,-4],[-16,4],[-24,-5],[-9,-6],[-13,2],[-15,9],[-32,1],[-9,-6],[-10,-2],[-18,7],[-2,5],[-25,18],[-14,-1],[-23,15],[0,-10],[-10,-5],[-7,3],[-32,0],[-12,10],[-7,-1],[-14,7],[-9,9],[-13,1],[-17,-13],[-16,-2],[-3,11],[-13,-2],[0,-9],[-9,-6],[-15,5],[-9,1],[-19,-3],[-3,11],[-23,5],[-13,6],[-13,-3],[-12,7],[-18,5],[-4,6],[-15,6],[-9,-4]],[[12800,12612],[-22,-5],[-10,1],[-8,-3],[-12,0],[-13,5],[-2,4],[-17,2],[-2,6],[16,242],[-116,77]],[[11610,13470],[18,-6],[17,3],[20,10],[13,-1],[31,6],[18,-4],[17,5],[8,-2],[18,9],[7,-3],[20,0],[13,5],[9,9],[-4,8],[-3,14],[16,2],[7,6],[28,1],[46,4],[34,-1],[9,-1],[9,-7],[29,-6],[5,-23],[16,-2],[20,5]],[[12800,12612],[14,-10],[-18,-5],[-9,-5],[-3,-7],[4,-7],[-7,-4],[-10,6],[-13,4],[-9,10],[-16,6],[-6,-2],[-2,-8],[-8,-6],[-16,4],[-17,-3],[-11,-5],[-14,-14],[-12,-4],[-21,5],[-4,-4],[1,-12],[-17,-1],[-4,-14],[-30,-4],[-11,8],[-18,-8],[3,14],[-13,2],[-7,-5],[-10,0],[-10,5],[-21,1],[-3,-7],[2,-13],[-14,1],[-11,13],[-23,10],[-5,-5],[17,-14],[2,-14],[-11,-5],[-19,10],[-6,-4],[-3,-9],[-15,1],[-13,-9],[-15,-4],[-5,3],[-3,12],[-6,3],[-8,-5],[-4,-15],[-10,-3],[-6,10],[-18,6],[-9,8],[-6,9],[-8,-3],[9,-10],[-9,-5],[-21,3],[-3,-9],[4,-7],[-12,-2],[-8,11],[-10,7],[-9,-3],[-1,-6],[7,-8],[-2,-9],[-12,3],[-10,8],[-7,11],[-10,4],[-20,-4],[-9,5],[5,8],[-6,8],[-12,3],[-9,-5],[-26,-4],[-5,-7],[2,-10],[-8,-7],[-9,0],[-21,-12],[-10,-2],[-15,3],[-19,-3],[-20,4],[-9,-1],[-45,1],[-9,-3],[-53,3],[-23,-5],[-22,0],[-18,-3],[-11,1],[-15,-3],[-21,-16],[-31,-11],[-28,-4],[-50,2],[-26,8],[-18,3],[-23,0],[-16,-4],[-46,-21],[-26,-15],[-10,-8],[-14,-4],[-32,-7],[-22,1],[-16,-5]],[[11425,12399],[-26,-5],[-20,-16],[-4,-6],[-13,-6],[-20,-17],[-11,-3],[-12,-6],[-19,-2],[-32,7],[-50,20],[-6,7],[-36,11],[-19,1],[-17,9],[-8,0],[-28,12],[-8,0],[-18,10]],[[11078,12415],[-8,7],[0,9],[-4,15],[-15,8],[0,7],[11,9],[-8,14],[4,10],[-12,9],[-36,3],[-18,4],[3,6],[-11,7],[-15,0],[-9,6],[0,11],[-4,10],[-9,10],[-11,7],[-8,16],[2,11],[5,6],[-5,7],[-7,19],[7,9],[15,6],[2,14],[10,12],[12,5]],[[11031,11666],[20,9],[1,13],[23,16],[13,0],[4,8],[35,5],[8,-6],[23,-7],[6,-10],[-3,-6],[9,-12],[-2,-7],[1,-14],[-5,-5],[2,-9],[8,-9],[-2,-9],[19,-11],[6,-8],[-10,-17],[10,-12],[24,-14],[26,-19],[4,-17],[12,7],[0,7],[7,9],[10,1],[9,-5],[-3,-6],[-14,3],[1,-9],[8,-1],[9,-9],[8,0],[10,11],[9,-1],[1,-8],[-23,-11],[2,-5],[22,-2],[10,3],[6,-5],[-12,-12],[5,-5],[15,-3],[6,6],[8,-2],[-13,-11],[-4,-7],[-14,0],[9,-8],[20,4],[9,6]],[[11364,11472],[2,-8],[-15,-8],[-9,0],[-12,-3],[2,-5],[10,-6],[13,-3],[18,0],[3,-5],[-9,-5],[7,-7],[14,0],[-1,-13],[-10,-3],[-6,7],[-8,0],[4,-12],[7,-5],[10,4],[7,-7],[-2,-8],[-21,-10],[3,-5],[18,0],[9,-7],[2,-9],[9,-8],[2,-9],[9,0],[9,11],[11,-7],[1,-18],[6,-5],[18,5],[4,-5],[-4,-12],[-14,-7],[-2,-11],[-12,-3],[18,-12],[13,-4],[17,-7],[-2,-14],[11,-10],[10,-17],[9,-7],[-6,-15],[6,-13],[21,-2],[11,-16],[9,-3],[4,-19],[11,-5]],[[11569,11141],[-12,-8],[27,-21],[17,-7],[15,-13],[-36,-11],[-24,2],[-9,-4],[-17,-3],[-7,-7],[-20,-8],[-17,-17],[-11,-1],[-14,-7],[-24,-4],[-20,-9],[-19,0],[-9,-3],[-18,-13],[-15,-20],[-41,-5],[-16,-5],[-9,-8],[-1,-8],[-19,-17]],[[11270,10944],[-10,6],[-6,-2],[-9,6],[-15,4],[-11,-3],[-4,7],[-8,6],[-4,7],[-12,2],[-8,20],[-11,2],[-16,10],[-1,5],[-15,7],[-5,8],[-15,1],[-12,-9],[-7,3],[-14,-8],[-9,-2],[-5,9],[3,17],[-5,8],[4,5],[-21,3],[-1,8],[4,8],[-11,9],[-19,4],[4,5],[-9,6],[3,11],[-3,6],[-11,3],[-4,9],[-24,-2],[-10,6],[7,4],[0,6],[-10,2]],[[10970,11141],[-10,3],[-16,12],[-7,-2],[-3,11],[-6,5],[-5,11],[5,8],[-12,8],[13,17],[-9,27],[-21,10],[9,13],[-20,14],[8,3],[4,9],[-8,3],[-13,-4],[-10,12],[-3,11],[5,5],[-3,12],[3,6],[-21,4],[-3,7],[-24,-5],[-12,0],[-10,7],[-13,1],[0,5],[-18,5],[-14,9],[-6,-1],[-6,-8],[-8,0],[-30,31],[-9,2],[-2,9],[-7,10],[3,16],[-14,-2],[-9,8],[-2,14],[-12,14],[-18,10],[1,8],[-16,11],[-8,0],[-20,17]],[[10970,11141],[-5,-3],[-15,7],[-5,-7],[7,-13],[-3,-11],[12,-8],[0,-11],[5,-5],[-12,-5],[6,-9],[0,-7],[6,-7],[-9,-5],[-13,0],[-12,-3],[-20,-1],[-22,7],[-16,-3],[10,-9],[-5,-4],[-12,-3],[-17,-1],[-7,-16],[-11,3],[-33,17],[-8,9],[-35,23],[-10,5],[-9,-12],[-2,-12],[-6,-10],[4,-9],[10,-7],[9,-17],[22,-11],[4,-9],[-3,-9],[6,-4],[5,-16],[9,-7],[5,-10],[22,-10],[26,-4],[11,-7],[1,-12],[-4,-14],[14,-3],[4,-5],[11,0],[16,-6],[-9,-15],[-24,-6],[-16,6],[3,8],[-7,11],[-15,6],[-23,-15],[-19,4]],[[10791,10886],[-11,4],[-3,11],[-29,1],[0,9],[6,10],[-3,7],[-10,4],[2,8],[-16,-3],[-17,2],[-16,-1],[-5,15],[-14,7],[-9,6],[-1,10],[-11,-1],[-10,12],[-1,22],[-18,13],[-5,7],[-10,4],[-16,-3],[-4,3],[-18,3],[-10,8],[-30,3],[-19,4],[-8,5],[-25,5],[-6,4],[-53,-3],[-11,3],[-11,6],[-7,10],[-14,12],[-17,8],[-25,19],[0,13],[-4,4],[-11,31],[-8,7],[-5,11],[0,40],[9,7],[7,11],[-18,12],[-6,9],[-12,7],[-5,10]],[[10283,11282],[-1,5],[9,9],[1,25],[9,5],[23,7],[27,4],[12,6],[8,15],[0,12],[7,5],[-4,12]],[[10191,11513],[-3,-5],[6,-11],[15,-12],[9,-1],[7,-6],[-2,-8],[6,-7],[-2,-10],[-9,-7],[-3,-7],[-11,-13],[4,-4],[-17,-21],[-6,-24],[-5,-21],[-9,-7],[-1,-7],[8,-10],[-10,-3],[-4,-8],[-10,-3],[-3,-16],[15,0],[12,-10],[15,-8],[1,-6],[9,-2],[19,-11],[26,4]],[[10248,11269],[0,-11],[-4,-6],[5,-16],[-14,-8],[-16,-4],[-12,-7],[-5,-8],[-9,5],[-25,3],[-17,15],[-6,9],[-9,-1],[-12,-6],[-14,6],[-5,6],[-13,3],[-26,-7],[-23,-2],[-14,-22],[-9,-8],[1,-6],[13,-11],[-3,-9]],[[14992,12323],[-18,-1],[-15,14],[-7,-7],[-11,-3],[-20,10],[-11,-4],[-16,0],[-9,-3],[-7,4],[-4,7],[-11,-5],[-11,12],[-19,-16],[-25,4],[-22,-7],[-6,13],[-14,11],[-15,-3],[-12,13],[-12,-2],[-7,4],[-8,-2],[-10,6],[-4,8],[-7,-2],[-5,7],[-19,-3],[-7,7],[-17,8],[-17,2],[1,-8],[-13,5],[-13,-8],[-21,-4],[-30,16],[-7,6],[-25,-3],[-6,-9],[-19,0],[1,7],[-12,-3],[-15,1],[-7,4],[-7,-3],[-1,-8],[-20,0],[-10,-3],[-15,4],[-11,-2],[-16,2],[-15,-3],[-15,2],[-3,8],[-19,-13],[-8,10],[-11,8],[-28,10],[-8,-2],[-11,-10],[-6,-14],[-14,-4],[-13,4],[-5,-3],[10,-11],[-16,1],[-2,-9],[-11,4],[-1,-9],[-12,2],[-13,-1],[-4,-13],[-20,0],[-1,-7],[-31,1],[-17,-4],[2,9],[-20,2],[-12,3],[-5,-8],[-13,3],[-10,-2],[-7,6],[-9,0],[-12,-5],[-11,2],[-3,-7],[-23,7],[-10,-5],[-6,5],[-14,-5],[-15,5],[-7,-7],[-21,10],[1,6],[-12,0],[-23,18],[-2,6],[-13,0],[-17,8],[-9,-7],[-8,5],[-14,-7],[-13,0],[-7,-5],[-11,0],[-16,-6],[-4,5],[-11,-2],[-30,2],[-32,-7],[-8,4],[-14,13],[0,5],[-14,6],[-7,9],[-12,-3],[-25,4],[1,-6],[-16,3],[-14,-7],[1,-7],[-16,-6],[-27,2],[-12,-11],[-11,-4],[-14,-1],[-12,-8],[-3,-8],[6,-6],[-11,-6],[0,-7],[-21,-10],[-7,3],[-22,-2],[-8,3],[-11,-3],[-18,5],[-21,-3],[-10,-3],[-14,-11],[3,-5],[-27,1],[-8,2],[-12,-4],[-14,-1],[-44,8],[-12,-4],[-23,8],[-39,-9],[-18,9],[-40,-1],[-2,3],[-17,-1],[-16,1],[-18,-7],[-28,9],[-14,-6],[-14,7],[-9,7],[-9,-1],[-14,3],[-22,1],[-16,-6],[-17,2],[-24,0],[-15,-4],[-9,3],[-11,-1],[-14,2],[-21,0],[0,-7],[-21,-7],[-15,4],[-18,-4],[-23,-9],[-20,-2],[-20,-4],[-10,-1],[-1,-9],[-13,-5],[-12,-10],[-6,-11],[1,-11],[-11,-7],[-10,0],[-6,-11],[-29,-5],[-9,-9],[7,-5],[-22,-10],[-3,15],[-15,-9],[0,-8],[-22,-16],[-17,-8],[-1,-7],[-11,-2],[-13,3],[0,-7],[-27,-10],[-30,0],[-2,-3],[-27,-18],[-30,-2],[-18,4],[-5,4],[-19,0],[0,-8],[-16,5],[-10,-19],[5,-10],[-17,-4],[-9,-6],[-19,5],[-11,-5],[-15,-1],[-15,-6],[-10,-1],[-14,-8],[-10,5],[-19,4],[-6,-6],[-7,5],[-5,-7],[-28,-6],[-17,3],[-8,-7],[-11,1],[-11,-5],[-15,7],[-7,-2],[-10,-8],[7,-10],[-6,-7],[-9,4],[-18,-3],[-1,-7],[-20,1],[-6,-5],[-15,2],[11,10],[-6,10],[-14,6],[-9,-2],[-8,-8],[-14,0],[-10,12],[0,8],[-8,1],[-3,7],[-19,12],[-28,1],[-1,12],[-26,3],[5,8],[-4,10],[-9,-6],[-5,10],[-21,7],[-41,-2],[-6,6],[-10,-3],[-25,6],[-22,10],[-19,2],[-7,4],[-25,7],[-12,0],[-9,5],[-5,9],[1,11],[-4,7],[-14,5],[-13,9],[0,7],[4,13],[-10,11],[-3,8],[-14,14],[-10,4],[-7,8],[-17,1],[-7,10],[-8,4],[-24,2],[-15,4],[-19,14]],[[11484,12317],[-7,5],[-6,15],[-19,1],[-11,3],[-12,-2],[-7,5],[-6,11],[3,5],[-6,12],[2,13],[10,14]],[[11078,12415],[-19,-6],[-6,-5],[-13,-2],[-16,-19],[-3,-9],[-23,-10]],[[11102,10362],[-3,5],[0,15],[-5,4],[-11,1],[-4,-8],[-24,-4],[-9,-5],[-18,4],[-17,-5],[-6,-12],[-26,-4],[-5,9],[-9,2],[-21,-5],[-5,4],[-6,14],[10,2],[12,13],[-9,5],[-21,5],[-24,15],[-1,9],[-15,2],[-31,-5],[-18,2],[-2,6],[-9,4],[-2,10],[-21,-1],[-15,10],[-2,7],[-14,2],[-12,16],[-14,5],[-5,5],[-19,13],[-4,11],[-5,0],[-9,13],[-12,3],[1,5],[-8,5],[2,19],[-9,9],[2,4],[-12,14],[-6,1],[-5,12],[1,6],[-9,6],[-11,19],[-1,17],[3,6],[12,5],[-6,10],[-5,15],[8,9],[-1,9],[-7,10],[-10,4],[3,11],[-6,6],[1,12],[-13,4],[-17,12],[-4,19],[-7,4],[1,8],[-8,3],[-7,9],[0,6],[-9,11],[5,9],[8,2],[-2,9],[-11,8],[-12,2],[-25,13],[51,0],[22,-3],[8,4],[28,2],[30,7],[14,0],[31,8],[10,15],[8,-5],[9,4],[13,-2],[20,-6],[20,0]],[[11270,10944],[13,-18],[11,-4],[16,0],[10,-8],[11,2],[3,4],[16,1],[19,-4],[4,7],[11,-5],[2,-6],[9,-4],[1,-9],[14,-12],[12,-6],[3,-7],[9,-1],[10,-10],[17,13],[25,-9],[15,-8],[13,-4],[0,-13],[6,-12],[-2,-6],[19,-17],[1,-7],[12,-2],[7,-7],[8,0],[9,-15],[8,-7],[10,4],[17,-2],[10,-9],[6,0],[23,-17],[12,-7],[15,-13],[5,-17],[7,-7],[-1,-7],[19,-19],[4,-7],[17,-1],[5,-9],[6,0],[7,-7],[4,-14],[13,-9],[10,1],[18,-4],[14,-13],[-4,-8],[11,-2],[7,-6],[24,-9],[8,6],[16,1],[10,-7],[35,2],[2,-10],[14,5],[19,4],[42,-7],[23,7],[39,4],[20,-1]],[[10040,11141],[-6,-5],[7,-16],[-1,-13],[28,-33],[23,-4],[25,-9],[30,4],[18,-9],[5,-8],[-2,-13],[5,-19],[-1,-14],[3,-8],[16,-2],[19,-14],[9,-12],[13,-4],[6,-5],[1,-10],[18,-1],[17,-4],[11,-5],[-1,-11],[9,-3],[-6,-9],[15,-24],[17,-4],[4,-16],[-2,-12],[6,-4],[3,-25],[9,-5],[9,-16],[-2,-7],[11,-8],[0,-21],[22,-11],[-8,-7],[20,-9],[-8,-6],[2,-7],[-5,-5],[-12,-3],[-11,-25],[-18,-14],[-12,0],[-8,-12],[-6,-4],[-32,-7],[-2,-32]],[[10278,10630],[-8,-2],[-16,11],[-7,12],[-10,2],[10,10],[-1,18],[-17,2],[-25,5],[-12,12],[-15,1],[-60,22]],[[10117,10723],[-19,7],[-30,6],[-10,-1],[-15,8],[-16,5],[-11,7],[-6,0],[-14,6],[-10,9],[-19,8],[1,4],[-16,13],[-5,10],[2,11],[-3,13],[-6,5],[-5,22],[-13,8],[-11,2],[-12,9],[16,20],[5,16],[5,1],[7,15],[9,6],[4,11],[-8,5],[-1,8],[25,19],[3,1],[14,16],[0,19],[-11,8],[-22,8],[-6,4],[-17,-2]],[[11118,11894],[20,13],[14,2],[7,-3],[12,8],[8,12],[16,3],[10,-7],[21,0],[27,-9],[33,-5],[13,12],[27,5],[12,-1],[15,-9]],[[11353,11915],[-1,-8],[-6,-7],[-4,-19],[17,-24],[18,-2],[16,5],[27,-12],[31,-9],[16,-12],[5,-9],[17,-6],[13,-13],[6,-2],[12,-9],[3,-8],[18,-8],[5,-7],[10,-5],[3,-8],[12,-9],[0,-5],[13,-9],[0,-5],[21,-8]],[[11605,11716],[-16,0],[5,-13],[-2,-12],[13,-7],[9,-13],[-3,-6],[15,-5],[14,1],[5,-4],[15,3],[8,-2],[8,-16],[13,-10],[20,-4],[6,-5],[16,-1],[10,-8],[8,6],[4,-17],[13,6],[4,-10],[10,-1],[-2,-16],[11,-6],[9,-11],[1,-7],[-12,-9],[-15,0],[-9,-6],[-27,2],[-6,-5],[-12,6],[-11,1],[-26,-9],[-9,-1],[-5,-6],[-11,-5],[-11,-12],[-22,2],[-15,9],[-17,-2],[-13,8],[-12,0],[-15,-8],[-33,6],[-8,-3],[-10,1],[-9,-3],[-20,1],[-12,5],[-16,-7],[-20,-5],[-8,1],[-14,-7],[-8,2],[-14,-3],[-17,-14],[-1,-8],[6,-8],[-3,-9]],[[11569,11141],[19,5],[3,5],[-7,8],[0,20],[5,3],[3,18],[6,15],[21,-1],[28,0],[12,3],[35,-3],[27,-11],[42,-6],[13,1],[14,-9],[-3,-15],[16,-1],[0,10],[10,9],[25,-12],[15,-10],[11,-5],[17,-3],[3,5],[12,1],[20,6],[36,-2],[14,2],[9,-7],[38,-19],[2,7],[13,9],[2,5],[-20,30],[31,1],[14,6],[20,-10],[12,5],[17,-4],[14,-8],[15,-3],[5,2],[-10,10],[1,13],[-17,10],[-11,11],[-8,20],[11,9],[-7,9],[3,15],[-4,16],[5,13],[17,-7],[8,5],[17,-11],[3,-6],[-1,-13],[9,-7],[21,3],[9,-3],[11,4],[8,-1],[19,10],[11,3],[15,-7],[4,4],[15,0],[17,11],[7,-2],[10,12],[11,4],[7,16],[25,-15],[10,5],[25,-5],[14,6],[6,6],[11,-6],[13,4],[12,-13],[14,3],[9,-12],[0,-5],[11,-21],[29,-10],[18,-1],[8,-4],[8,10],[15,-5],[15,-23],[24,2],[7,-4],[4,-8],[9,-3],[9,-7],[16,7],[8,-3],[10,7],[20,-6],[0,-14],[-14,-14],[7,-3],[6,-14],[-6,-5],[2,-17],[12,-4],[4,-7],[10,-4],[9,3],[19,-3],[5,-5],[22,-1],[16,-5],[13,-29],[9,-13],[21,3],[12,-5],[-6,-7],[11,-17],[12,11],[5,-6],[11,3],[11,8],[17,0],[10,-5],[6,9],[14,3],[3,4],[15,-1],[6,5],[28,-5],[-1,-8],[15,4],[25,-4],[24,1],[10,-2],[8,2],[15,-5],[8,-7],[14,2],[15,-2],[10,2],[7,-8],[17,15],[11,2],[5,6],[11,5],[7,10],[12,9],[2,9],[9,0],[7,18],[11,10],[11,4]],[[13212,11156],[8,-12],[3,-14],[-15,-7],[-16,-11],[3,-9],[-22,-44],[-7,-23],[-17,-3],[-17,-26],[-14,-11],[-11,-6],[-5,-20],[-24,-22],[-20,-1],[-16,-8]],[[15085,12308],[-12,-10],[-8,-41],[-11,-17],[-18,-12],[-21,-2],[-8,-4],[-12,-21],[-17,-15],[-3,-12],[-20,-11],[-16,-12],[-10,-19],[1,-14],[-7,-10],[-32,-10],[-12,-1],[-9,-5],[-4,-6],[2,-36],[-18,-23],[-21,-19],[-16,-13],[-17,-16],[-19,-7],[-12,-10],[-22,-8],[-6,-30],[-17,-22],[-16,-6],[-7,-10],[-12,-3],[-6,-7],[-13,-9],[-26,-26],[-13,-23],[-13,-3],[-9,-11],[-21,-13],[-21,-11],[-11,-2],[-19,5],[-24,-5],[-14,5],[-17,-8],[-8,-9],[-10,-7],[-24,-5],[-14,-7],[-14,-2],[-28,-10],[-56,17],[-28,-4],[-7,2],[-28,-1],[-17,8],[-18,7],[-54,-32],[-17,-1],[-20,-10],[-9,-7],[-2,-13],[-13,-1],[-11,-4],[-18,0],[-6,-5],[-27,-13],[-5,-6],[-20,-5],[-17,-9],[-17,-6],[-16,-21],[-34,-6],[-37,-24],[-9,-2],[-16,-9],[-1,-7],[-17,-4],[-8,-7],[-31,-6]],[[13821,11566],[-15,11],[3,5],[-20,-2],[-5,-13],[-12,11],[3,12],[9,15],[-6,6],[-17,-10],[-10,2],[-3,10],[-14,-7],[-12,1],[-9,-9],[-10,-4],[-7,3],[-13,-6],[-21,2],[-5,-3],[-24,0],[-10,7],[-30,-8],[-13,-1],[-6,-6],[-13,-2],[0,7],[-6,6],[-9,-6],[4,-8],[-18,0],[-14,4],[-3,-8],[-7,-1],[0,-9],[-10,0],[-8,8],[-12,1],[-19,7],[-13,1],[-8,6],[-12,3],[-15,-2],[-17,4],[-5,-11],[-6,-4],[-17,4],[-6,6],[-21,-3],[-10,4],[3,7],[-8,3],[-19,0],[-10,2],[-4,-8],[5,-14],[-10,-3],[-13,13],[-12,-4],[-4,-5],[-12,6],[0,6],[-15,1],[-7,-7],[-9,5],[-9,-7],[-11,-3],[-3,-9],[-11,-4],[-12,5],[-10,-11],[-7,-3],[-38,7],[-12,6],[-2,11],[-17,-1],[-4,20],[-16,7],[-15,-3],[-13,2],[-15,12],[-15,-3],[-3,-9],[-12,-3],[-20,0],[-27,3],[-19,-1],[-6,-4],[3,-8],[-10,-2],[-10,7],[-13,-8],[-22,-1],[-35,-4],[-11,7],[-5,-6],[-12,0],[-16,10],[-9,-5],[-12,1],[-14,14],[-10,-3],[-9,7],[-18,5],[-26,-10],[-13,0],[-3,6],[-10,2],[-26,-4],[-8,5],[3,7],[-23,3],[-15,9],[-5,6],[-17,1],[-6,13],[-13,-7],[-17,5],[0,4],[-18,7],[-18,-14],[-16,2],[-6,-4],[-24,12],[-6,4],[-28,-3],[-14,3],[-18,-8],[-3,4],[-14,4],[-9,7],[-16,7],[-11,1],[-8,-4],[-9,11],[-12,1],[-14,10],[-18,6],[-13,1],[-9,-3],[-3,6],[-11,-5],[-26,4],[-3,11],[-9,2],[-7,-4],[-2,-9],[-19,6],[-7,6],[-3,8],[-12,8],[-10,-1],[-5,9],[-10,2],[-11,-4],[-21,-15],[-6,1]],[[12086,11726],[-12,3],[-13,15],[-8,2],[-27,-2],[-10,8],[-4,24],[2,5],[-6,10],[-13,-3],[-14,0],[-5,19],[-12,14],[-9,6],[-17,4],[-22,0],[-17,9],[-8,7],[1,18],[-11,-1],[-8,5],[-20,-10],[-13,3],[-2,5],[-12,3],[-1,7],[4,10],[-13,3],[-6,9],[-30,12],[-13,-4],[-12,0],[-12,9],[-6,-6],[-9,7],[-11,-7],[-7,4],[-8,13],[-22,4],[-3,9],[-10,3],[-2,10],[-13,7],[-23,8],[-28,9],[-10,5],[-9,11],[1,9],[-8,16],[-19,9],[-16,2],[-23,-2],[-27,1],[-15,13],[-8,12],[-17,12],[-4,-1]],[[11446,12064],[6,14],[18,5],[6,4],[0,22],[2,7],[-7,16],[13,18],[17,-1],[6,14],[4,22],[-1,19],[-15,17],[-8,14],[-2,22],[6,3],[0,11],[-6,17],[-5,26],[4,3]],[[11353,11915],[10,8],[1,6],[-10,20],[3,25],[-1,16],[3,10],[10,5],[11,0],[3,5],[-1,11],[9,13],[0,5],[19,6],[15,0],[6,13],[15,6]],[[12086,11726],[-4,-4],[-10,0],[-33,15],[-28,0],[-10,6],[-15,-4],[-11,-8],[-28,-1],[10,-11],[-21,-15],[-11,4],[-8,-2],[9,-8],[-6,-3],[-21,13],[-10,-4],[-12,6],[-22,-8],[-9,1],[-10,8],[-4,8],[-31,-7],[-9,0],[0,-7],[-14,2],[-9,-7],[-7,15],[-6,-6],[-14,-4],[4,11],[-10,0],[1,10],[-21,11],[-24,-7],[-5,-6],[1,-9],[11,-5],[-9,-6],[-8,0]],[[11682,11704],[-10,1],[-11,13],[-21,-7],[-15,-1],[-13,6],[-7,0]],[[10283,11282],[-16,-4],[-8,-8],[-11,-1]],[[10117,10723],[-12,-13],[-10,-5],[-22,-3],[-13,7],[-88,-21],[-53,-29],[-11,-5],[-20,5],[-5,-2],[-11,6],[-8,-2],[-12,11],[-13,-5],[-23,6]],[[11484,12317],[-18,1],[-15,-4],[-15,3],[-13,1],[-4,7],[-15,13],[-6,-3],[-18,-3],[-11,-6],[5,-12],[-7,-23],[6,-8],[-1,-19],[-17,-1],[-22,2],[-8,8],[-3,13],[-8,4],[-8,-5],[4,-14],[-8,-5],[-2,-7],[7,-12],[-9,-14],[-11,-3],[-19,-10],[-42,5],[-11,7],[-11,2],[-6,10],[-6,2],[-2,9],[-8,8],[-14,5],[-24,2],[-15,10],[-7,2],[-9,15],[-29,-11],[-10,-15],[-10,-2],[-25,3],[-14,-4],[-20,3],[-19,-6],[-16,-6],[-8,1]],[[11682,11704],[5,-9],[11,1],[16,-3],[5,-6],[11,-4],[-2,-9],[8,0],[9,-6],[18,6],[-5,-9],[11,-6],[8,1],[4,-19],[11,-4],[9,8],[12,0],[2,-6],[-5,-15],[27,0],[11,-4],[-23,-22],[0,-5],[12,0],[4,7],[12,1],[18,-4],[-4,10],[12,2],[4,-7],[8,-2],[3,7],[9,-3],[-3,-16],[2,-6],[20,3],[9,-4],[10,3],[13,-5],[11,-12],[12,12],[10,-3],[16,-13],[11,1],[18,-5],[10,2],[9,-4],[10,5],[15,-8],[0,-17],[14,-4],[12,1],[12,-9],[15,-1],[7,3],[19,0],[19,-9],[9,-9],[25,-2],[2,-8],[12,0],[10,-10],[12,-2],[2,-13],[6,-3],[10,7],[3,-10],[10,-10],[20,-11],[28,-1],[4,-9],[14,2],[7,-5],[13,9],[10,-5],[13,3],[6,-6],[34,2],[10,-8],[8,1],[3,-9],[32,-1],[7,-9],[-6,-8],[14,-2],[11,2],[0,-12],[19,2],[15,-7],[11,3],[2,-9],[6,-9],[9,-4],[19,4],[4,-4],[22,-5],[9,-4],[13,9],[19,-3],[1,8],[16,1],[5,-6],[11,-3],[16,5],[10,-5],[19,-6],[7,3],[4,8],[17,-7],[10,0],[8,6],[10,-1],[6,11],[7,-9],[9,-3],[0,-8],[12,-16],[26,-12],[2,6],[9,5],[51,-16],[5,-4],[18,-1],[23,-8],[5,4],[10,-10],[12,-3],[8,1],[14,-9],[21,-1],[21,3],[7,4],[19,1],[24,-2],[19,4],[20,-9],[10,4],[30,-12],[14,-1],[18,7],[12,-5],[9,12],[19,-16],[8,-1],[19,-9],[12,6],[13,-19],[-6,-5],[0,-9],[25,5],[-8,-16],[5,-7]],[[13313,11229],[-48,-19],[-12,-9],[-7,-8],[-3,-18],[-31,-19]],[[10512,10233],[-6,7],[-23,15],[-15,-3],[-14,0],[-13,3],[5,13],[-7,0],[-7,11],[3,11],[-11,2],[1,20],[10,4],[-9,5],[7,17],[13,3],[-12,10],[-2,9],[-18,16],[-6,3],[-13,-3],[6,14],[-16,7],[-3,8],[-19,-4],[-16,7],[-7,12],[-13,2],[-11,11],[-8,1],[-10,12],[3,6],[-12,10],[1,16],[11,7],[1,12],[-4,12],[2,15],[-7,-2],[3,19],[-6,7],[-12,2],[7,10],[-11,15],[14,3],[-18,7],[-4,14],[9,2],[0,8],[10,9],[-7,12]],[[13821,11566],[-14,-16],[-13,-10],[-48,-25],[-3,-7]],[[13743,11508],[-23,0],[-20,-12],[-7,-8],[1,-11],[11,-25],[1,-14],[-4,-6],[-14,-12],[-14,-20],[-21,-13],[-27,-11],[-23,-16],[-15,-7],[-6,-6],[-23,-17],[-74,-35],[-8,-10],[-17,-2],[-17,-21],[-19,-14],[-33,-16],[-19,6],[-13,-5],[-10,0],[-13,-4],[-23,0]],[[4150,6276],[-50,-15],[69,-88],[-2,-5],[7,-6],[13,-5],[15,3],[5,-12],[17,-4],[4,-4],[22,-10],[3,-5],[14,-8],[7,-8]],[[4274,6109],[-91,0]],[[4183,6109],[-16,14],[-9,28],[-11,5],[-21,6],[-10,11],[-9,5],[0,7],[-17,19],[0,10],[-6,7],[3,6],[-6,13],[-6,5],[-5,15],[7,6],[-21,1],[-29,36],[-18,-1],[-34,9],[-18,-4],[-9,4],[-14,11],[-21,12],[-7,10],[-4,13],[-146,-73],[13,-12],[-8,-5],[-19,7],[-11,0]],[[3731,6274],[-2,10],[-10,11],[-19,14],[6,12],[-11,-1],[-22,16],[0,18],[6,10],[11,4],[-4,8],[0,16],[-17,9],[-11,3],[-10,8],[9,11],[1,11],[12,2],[8,5],[17,15],[12,13],[0,4],[11,7],[-3,7],[9,11],[-1,8],[12,8],[13,5],[-6,5],[-14,-5],[-9,1],[-11,6],[-12,-3],[-23,5],[-5,5],[-12,2],[-42,-7],[-6,2],[-7,20],[-7,8],[-52,9],[-2,27],[-16,6],[0,13],[-17,1]],[[3507,6614],[-10,12],[-18,-1],[-17,2],[-2,16],[2,8]],[[3414,6609],[9,-7],[2,-8],[-6,-6],[-20,-14],[8,-11],[1,-13],[-6,-32],[-9,-2],[-8,-16],[5,-10],[-10,-8],[-6,-11],[-13,-16]],[[3361,6455],[-22,17],[-10,-1],[-6,8],[-16,13],[-20,13],[-17,-3]],[[3185,6198],[3,-11],[24,-16],[10,-5],[9,0],[19,-5],[15,-7],[37,-7],[4,4],[14,4],[16,8],[19,-12],[12,-3],[19,1],[12,-10],[-1,-9],[18,-17],[-3,-14],[5,-14],[-2,-9],[5,-16],[-1,-14],[21,-14],[10,-1],[17,-18],[8,-2],[0,-9],[7,-10],[13,0],[15,9],[20,3],[43,-3],[21,4],[16,7],[40,0],[9,3],[12,-2],[18,6]],[[3689,6019],[5,-3],[5,-10],[15,-5],[20,-3],[5,-8],[10,-1],[6,-10],[8,2],[6,-11],[13,-1],[6,-9],[11,1],[-2,-20],[2,-6],[14,-8],[0,-13],[20,2],[20,-14],[15,8],[9,-3],[-4,-63]],[[3873,5844],[-1,-19],[-192,-151]],[[3680,5674],[-12,-3],[-12,3],[0,4],[-13,5],[-13,-6],[-12,-15],[-26,0],[-15,-8],[-8,0],[-10,-13],[-13,8],[-12,2],[-20,-4],[-12,4],[-27,2],[-17,4],[-16,-8],[-22,0],[-27,-3],[-8,4],[-12,-3],[-15,5],[-15,-3],[-16,6],[-22,3],[2,7],[-8,8],[4,8],[-8,6],[-2,20],[-15,8],[1,15],[-10,7],[-113,-165]],[[3873,5844],[11,-5],[1,-5],[21,0],[6,-5],[31,-7],[-5,-9],[-1,-16],[9,-5],[25,4],[250,28],[135,15],[203,22]],[[4559,5861],[7,-13],[-1,-10],[26,-2],[2,-7],[-11,-7],[3,-8],[19,0],[14,7],[-5,10],[17,-6],[5,7],[-4,6],[5,12],[9,-6],[24,4],[10,-9],[12,0],[3,-6],[26,-4],[9,17],[4,-8],[10,8],[13,-6],[10,1],[-9,-13],[16,-2],[15,-7],[10,7],[9,-4],[10,-10],[-9,-14],[13,1],[10,-6],[-6,-12],[14,-6],[14,5],[19,0],[3,-14],[-2,-7],[16,2],[5,3],[4,18],[9,-4],[4,-8],[21,0],[18,3],[5,-10],[0,-6],[13,-11],[15,2],[8,-10],[0,-10],[15,7],[18,-8],[11,10],[20,9],[9,21],[10,-1],[6,9],[16,-3],[7,-17],[23,-7],[4,-4],[4,-12],[15,3],[14,-7],[12,3],[4,-13],[13,-5],[20,-10],[-1,-10],[30,-6],[0,-12],[6,-1],[17,-16],[0,-7],[9,-5],[4,-18],[7,-11],[1,-10],[10,-4],[15,5],[5,-8],[8,-5]],[[5323,5595],[-230,-29],[-144,-19],[-238,-29]],[[4711,5518],[-15,5],[-8,10],[-6,-2],[-4,-9],[-11,-2],[-12,-8],[-15,0],[-20,3],[-7,5],[-1,7],[-9,3],[-19,-9],[-5,-6],[-8,4],[-3,26],[-5,6],[-9,0],[-13,-7],[-9,1],[-14,7],[-3,9],[4,4],[-2,15],[-19,10],[-12,0],[-17,-16],[-15,-1],[-8,2],[-11,13],[-24,-18],[-7,-11],[-4,-20],[-5,-10],[-14,-6],[-15,-1],[-9,5],[-11,12],[-18,-1],[-32,-13],[-25,-2],[0,-13],[0,-152],[-15,-7],[-12,0],[0,9],[7,6],[-5,10],[-10,3],[-20,-6],[-1,-16],[-9,-3],[-41,1],[-19,2],[-25,-6],[-15,5],[-25,19],[-13,4],[-51,-18],[-8,-4],[-12,-13],[-9,-12],[-9,0],[-7,9],[-15,2],[-18,19],[-8,13],[-17,9],[-12,-1],[-8,-6]],[[3894,5377],[-25,88]],[[3869,5465],[-59,209],[-9,-5],[-12,-2],[-11,5],[-21,-10],[-8,4],[-14,-5],[-23,0],[-4,-4],[-12,0],[-16,17]],[[4274,6109],[7,-21],[16,-18],[25,-21],[6,-10],[22,-5],[0,-4],[13,-6],[12,-11],[15,-1],[21,-12],[5,-6],[-1,-7],[10,-2],[6,3],[23,-4],[5,-9],[14,-4],[8,-11],[19,-8],[11,-1],[15,-14],[2,-7],[9,-3],[5,-12],[16,-1],[10,-9],[-3,-14],[-9,-12],[0,-13],[3,-5]],[[3689,6019],[207,-4],[246,-5],[10,22],[-14,19],[-11,2],[-7,8],[-13,9],[-5,18],[-6,7],[-4,14],[91,0]],[[6156,5938],[-1,-3],[-151,-127],[-161,-146],[-170,-22],[-180,-23],[-170,-22]],[[8498,4591],[-167,-34],[-198,-42],[-305,-62],[-231,-48]],[[7597,4405],[-5,11],[-9,2],[-17,-17],[-11,-6],[-11,1],[-8,6],[1,6],[-6,13],[-2,14],[7,7],[7,18],[-12,10],[-14,-1],[-7,3],[-9,-3],[-7,-7],[-9,0],[-18,11],[-2,18],[-13,6],[-7,-1],[-3,-10],[-10,-6],[-22,8],[2,10],[-11,12],[-9,-8],[-27,3],[-12,8],[-8,22],[-9,8],[-3,18],[-11,6],[-18,2],[-10,5],[-5,8],[1,12],[-8,7],[-17,7],[-22,-1],[-12,3],[-8,8],[0,6],[13,17],[-5,4],[-24,-8],[-15,-1],[-26,-18],[-8,-1],[-31,5],[-6,7],[-15,2],[-3,9],[10,8],[4,13],[-4,10],[-11,-1],[-10,-7],[-9,-17],[-14,-1],[-25,4],[-12,12],[-8,13],[11,21],[-2,12],[-20,12],[-10,8],[3,4],[-7,9],[-2,13],[2,11],[-6,5],[-5,14],[-6,10],[-15,2],[-9,24],[-17,9],[-21,-1],[-14,10],[-42,-27],[-2,-7],[-18,-20],[-12,-6],[-31,3],[-14,-6],[-9,1],[-15,8],[-7,13],[-9,10],[-13,5],[-4,-13],[-12,-5],[-7,1],[-27,24],[0,4],[-14,4],[-9,8],[-29,13],[-3,9],[10,12],[-3,11],[-12,3],[-28,1],[-33,8],[-17,10],[-14,10],[-12,2],[-13,9],[-2,12],[-13,7],[-13,14],[-17,1],[-34,15],[-23,2],[-12,0],[-23,10],[-17,4],[-25,14],[-14,13],[-11,-1],[-18,5],[-15,-5],[-10,2],[-11,-11],[-7,-3],[-7,-26],[-9,-8],[-3,-7],[-43,-31],[-19,-6],[-10,-7],[-12,0],[-38,12],[-15,1],[-13,4],[-2,5],[-21,-1],[-12,2],[-23,14],[-12,5],[-13,0],[-24,-10],[-17,-2],[-39,13],[-17,2],[-20,9],[-11,2],[-11,6],[-13,18],[-13,1],[-22,10],[-31,-2],[-15,6],[-8,10],[-14,10],[-14,5],[-15,-1],[-22,4],[-28,-7],[-17,6],[-12,17],[11,17],[-1,13],[-11,1],[-26,-6],[-14,6],[-5,15],[-24,13],[-6,9],[-18,-20],[-8,-3],[-16,5],[-7,5],[-20,5],[-12,-7],[-23,-3],[-12,4],[-11,-1],[-24,2],[-23,-4],[-29,3],[-14,6],[-12,0],[-12,4],[-2,8],[-11,6],[-23,-8],[-8,-1],[-9,5],[-10,17],[1,12],[-7,9],[-37,26],[-16,32],[-9,3],[-13,-8],[-6,-11],[-12,-1],[-8,4],[4,17],[-3,6],[-10,2],[-15,-6],[-15,2],[0,10],[14,10],[-7,12],[-11,1],[-14,7],[-18,13],[-2,13],[-15,8],[-27,2],[-7,12],[11,12],[-10,4],[-10,15],[-43,7],[-9,5],[-12,0],[-2,12],[8,1],[25,-2],[-1,7],[-18,2],[-15,17],[5,7],[-1,10],[-11,8],[-19,2],[-10,3],[-16,-2],[-14,4],[-13,28],[-15,7],[-17,2],[-18,-3],[-8,-6],[-9,-12],[-15,-8],[-16,3],[-13,7],[-2,13],[4,11],[-13,29],[-8,8],[-18,6]],[[3507,6614],[-11,-11],[1,-5],[-19,-24],[13,-22],[3,-16],[11,-18],[12,-10],[-8,-17],[-21,-16],[-21,-5],[-10,3],[-20,-6],[-23,2],[-19,-3],[-6,-8],[-12,-6],[-16,3]],[[3731,6274],[-16,0],[-15,9],[-15,2],[-16,-1],[-5,6],[-22,3],[-8,-3],[-16,1],[-14,5],[-3,7],[-10,1],[-26,14],[-14,-2],[-6,5]],[[3545,6321],[-15,6],[-8,-1],[-23,8],[-14,-1],[-19,4],[-1,12],[-5,6],[-25,8],[-1,6],[-14,5],[-11,-2],[-14,3],[-6,7],[-17,-1],[-11,2],[-12,-1],[-3,-5],[-20,2],[1,13],[5,7],[13,6],[7,15],[-6,4],[6,8],[-3,10],[9,2],[3,11]],[[3894,5377],[-16,-7],[-9,3],[5,15],[-9,7],[-31,-3],[-22,7],[-18,3],[-17,-11],[-11,6],[-14,13],[-8,4],[-19,-13],[-18,-5],[-19,-12],[5,-7],[16,2],[2,-10],[-10,-5],[-19,-2],[-17,16],[-9,5],[-20,3],[-16,-4],[-9,-5],[-17,-3],[-25,-16],[-15,-3],[-17,8],[-24,6],[-11,1],[-12,-7],[-13,1],[-14,-2],[-19,5],[-10,7],[-22,7],[9,14],[-6,4],[-12,-2],[-5,-5],[-11,-2],[-35,3],[-23,-3],[-19,13],[-4,13],[-11,6],[-13,-3],[-20,-17],[-7,-1],[-8,6],[-23,8]],[[3224,5415],[17,41],[25,-11],[8,8],[11,5],[-5,5],[8,5],[-1,8],[-13,11],[-10,5],[4,14],[11,2],[7,8],[-6,6],[24,6],[17,-35],[49,-6],[21,41],[47,-2],[12,-8],[7,-13],[23,4],[16,-6],[9,-6],[10,1],[6,-7],[13,-2],[-9,-9],[15,-1],[19,-24],[-8,-7],[13,-17],[41,4],[93,43],[171,-13]],[[3545,6321],[-3,-3],[-16,2],[-9,-10],[-27,-1],[-7,-6],[-16,-4],[-16,-7],[-30,-2],[-16,-16],[-3,-10],[-6,2],[-9,-9],[-26,-5],[-11,-8],[-11,-2],[-18,2],[-30,0],[-63,-3]],[[3224,5415],[-12,-5],[-25,4],[-15,-1],[-5,12],[-9,7],[13,8],[-5,11],[-21,9],[-8,15],[-10,12],[1,9],[-8,12],[-1,7]],[[1262,19002],[-9,4],[-11,9],[-5,10],[14,4],[18,-9],[0,-15],[-7,-3]],[[873,19815],[7,2],[17,-17],[3,-11],[15,-10],[10,-2],[25,-12],[17,-14],[-1,-8],[7,-5],[-5,-11],[2,-7],[12,-16],[10,-12],[20,-13],[27,-11],[40,-9],[32,-4],[32,-8],[8,-8],[19,-8],[8,-1],[23,-11],[33,-7],[29,-12],[17,-17],[9,0],[6,-18],[-11,-5],[-6,2],[-11,-7],[0,-7],[-8,-2],[-13,4],[-13,-10],[-14,8],[-17,0],[-16,6],[-7,-2],[-22,6],[-19,-3],[-26,-9],[-29,-1],[-11,2],[-25,-8],[-11,-6],[-9,-11],[-9,3],[-32,-23],[-40,-19],[-6,0],[-37,-18],[-8,-8],[-2,-11],[74,-42],[-3,-3],[9,-8],[3,-27],[-20,0],[-16,-4],[-4,-20],[-15,-6],[-24,7],[-19,11],[-32,6],[-13,4],[-16,2],[-5,6],[10,3],[15,-1],[9,-5],[19,4],[9,-4],[3,10],[-15,3],[-38,11],[-10,11],[-22,6],[-2,-5],[8,-7],[-5,-16],[-6,-5],[3,-11],[18,1],[2,-7],[12,-2],[-2,-10],[12,-5],[11,0],[3,-16],[13,0],[3,14],[9,1],[8,6],[21,-11],[-5,-8],[2,-10],[9,-7],[37,2],[3,-6],[10,-1],[11,3],[7,-18],[-7,-21],[-11,-4],[-15,7],[-13,-8],[-7,0],[-11,-13],[-43,8],[-29,-2],[-5,-3],[-22,1],[-12,-5],[-5,-7],[4,-13],[-6,-3],[7,-14],[5,-4],[16,-3],[12,0],[8,4],[21,-2],[6,5],[18,-9],[0,-10],[-7,-5],[5,-10],[-4,-34],[2,-23],[8,-22],[-6,-5],[-4,-13],[-8,-8],[3,-15],[-4,-16],[0,-14],[-4,-5],[4,-7],[-8,-15],[7,-9],[8,-47],[6,-2],[8,-27],[-2,-22],[-5,-4],[-35,-5],[-15,-5],[-18,-9],[-28,-23],[-3,-5],[8,-17],[0,-26],[-9,-36],[1,-21],[9,-8],[8,2],[12,-8],[-9,-13],[-12,-9],[19,-15],[-2,-20],[-10,-16],[-13,-10],[-7,-11],[5,-3],[-9,-11],[-6,5],[-8,-11],[4,-4],[-17,-14],[-9,-2],[-12,-10],[-7,-12],[-11,-1],[-11,-7],[-12,-13],[-24,-5],[-10,-8],[-15,-43],[0,-37],[-2,-11],[-9,-22],[-4,-2],[1,-22],[-3,-19],[-10,-25],[-3,-22],[2,-32],[-4,-18],[-24,-48],[10,-20],[0,-27],[-12,-6],[-21,-20],[3,-3],[-9,-10],[-6,1],[-10,-14],[-1,-24],[-17,-33],[-9,-15],[-19,-20],[-11,-16],[-14,-13],[-4,-8],[-6,-32],[-15,-9],[-19,-32],[-15,-21],[-5,-12],[-19,-16],[-4,-12],[-34,-32],[-13,-27],[-14,-19],[-14,-12],[-9,-12],[-14,-10],[-13,-5],[-26,-2],[-8,-3],[-8,3],[-14,14],[-27,15],[-23,5],[-8,5],[3,12],[1,14],[-13,19],[-5,17],[-10,3],[-7,7],[-17,32],[3,16],[5,7],[-13,5],[1,10],[-3,28],[7,19],[-3,13],[0,19],[9,19],[3,18],[10,13],[11,6],[7,13],[11,9],[12,17],[28,21],[42,51],[6,12],[0,13],[5,6],[2,18],[5,7],[-4,9],[1,9],[-11,10],[-5,12],[-3,29],[8,41],[4,33],[1,37],[5,11],[8,5],[-1,11],[-4,4],[14,21],[-8,9],[1,14],[5,4],[-1,14],[4,7],[-8,6],[-10,2],[-6,6],[1,12],[-6,11],[18,-7],[8,4],[4,7],[9,5],[25,9],[-8,7],[-62,-4],[-18,16],[-8,3],[-15,0],[-5,5],[-21,2],[-9,5],[-21,5],[-5,8],[-17,15],[-16,28],[8,14],[3,18],[16,24],[15,14],[5,13],[8,11],[0,16],[3,6],[13,14],[4,8],[1,12],[-3,9],[1,12],[8,17],[14,19],[6,24],[-4,3],[-1,17],[12,4],[0,13],[12,4],[9,7],[13,6],[4,4],[3,16],[-20,7],[-7,9],[-14,8],[0,12],[-6,12],[-1,12],[-6,12],[-11,32],[-8,15],[2,15],[24,32],[8,22],[26,19],[10,11],[25,15],[18,9],[3,11],[10,11],[11,8],[27,22],[10,4],[23,18],[20,24],[19,4],[-7,25],[3,7],[-6,11],[6,10],[-4,5],[19,17],[3,8],[-9,8],[-1,31],[-8,12],[5,6],[12,10],[-1,10],[2,11],[-2,13],[-6,13],[21,22],[2,7],[35,30],[5,3],[30,31],[21,15],[10,1],[15,7],[20,15],[20,9],[17,11],[27,25],[12,9],[15,19],[40,27],[39,31],[23,14],[21,3],[27,12],[13,0],[18,5],[18,8],[7,-3]],[[1236,19895],[-21,-4],[-10,5],[2,5],[19,26],[14,-4],[1,-8],[6,-13],[-11,-7]],[[2329,19764],[6,-18],[10,-12],[15,-6],[10,-11],[1,-16],[4,-8],[-2,-9],[5,-24],[11,-10],[17,-7],[25,-2],[6,-3],[28,3],[11,-2],[18,3],[12,-5],[28,-3],[14,0],[21,-13],[9,-18],[-11,-21],[-15,-20],[-15,-10],[-6,-8],[-50,-34],[-6,-18],[15,5],[8,-1],[12,-7],[-5,-14],[-24,-14],[6,-13],[8,5],[13,-1],[1,-6],[8,-6],[5,-11],[0,-8],[11,-9],[-1,-4],[11,-4],[4,-8],[-15,-8],[6,-8],[12,1],[2,-8],[10,-2],[0,-13],[10,-10],[14,-10],[2,-16],[-17,1],[-27,-4],[-8,3],[-17,-3],[-8,-4],[-10,-12],[12,-5],[9,3],[14,9],[27,8],[14,2],[9,-8],[27,3],[18,8],[17,3],[19,9],[22,1],[9,-7],[7,-16],[-2,-18],[-5,-21],[-7,-10],[-1,-17],[-7,-6],[-17,-7],[-19,1],[-25,-9],[-14,-3],[-19,-9],[-18,-2],[-14,-4],[-18,-8],[-8,-11],[-16,-7],[5,-14],[12,0],[3,-7],[7,-3],[-12,-27],[-4,-19],[6,-14],[-1,-23],[8,-13],[2,-10],[7,-11],[4,-13],[-1,-19],[-14,-15],[-5,-9],[-4,-24],[-11,-13],[-13,-11],[-8,-13],[-17,-17],[-12,-21],[-6,-4],[-9,-14],[-5,-24],[-4,-4],[-16,-4],[-4,-4],[-12,1],[-12,-3],[-28,-3],[-23,0],[-19,-4],[-20,-7],[-38,-4],[-8,2],[-24,-9],[-17,-3],[-16,-12],[-1,-8],[-26,-20],[-15,-2],[-11,-14],[-11,1],[-5,-11],[-9,-10],[-11,2],[-17,-23],[-16,-18],[-3,-6],[-18,-7],[-12,-9],[-33,-12],[-35,-6],[-12,3],[-16,7],[-29,0],[-25,-6],[-37,-15],[-37,-10],[-15,-8],[-10,-18],[-5,1],[-15,-10],[-17,0],[-18,4],[-29,3],[-34,12],[2,7],[-2,17],[-4,9],[-17,19],[-6,12],[-21,22],[6,9],[9,7],[3,17],[-7,14],[4,7],[16,2],[8,12],[1,26],[-8,9],[-9,31],[-11,14],[-14,12],[-4,34],[-6,9],[-26,9],[-37,7],[-10,4],[-9,10],[5,6],[12,6],[9,23],[1,20],[8,5],[2,8],[-9,8],[17,4],[12,8],[8,22],[-5,15],[15,23],[6,31],[0,11],[-5,18],[1,7],[-17,12],[1,8],[9,14],[-9,7],[7,4],[0,8],[8,8],[4,16],[-7,7],[11,10],[11,16],[3,11],[0,20],[28,15],[5,11],[14,13],[11,16],[3,17],[7,10],[8,5],[20,45],[1,9],[10,3],[9,-3],[14,8],[15,15],[16,9],[7,10],[2,10],[9,9],[12,6],[31,4],[11,6],[20,6],[7,8],[9,1],[6,-6],[13,-4],[17,2],[15,6],[4,-8],[16,-14],[0,-7],[21,-8],[21,0],[11,-5],[10,3],[30,-1],[30,7],[20,9],[26,17],[2,7],[14,10],[20,23],[7,13],[0,23],[-4,7],[1,22],[-6,9],[4,15],[1,12],[11,19],[-7,24],[7,1],[11,7],[1,7],[13,-2],[6,4],[23,7],[5,-2],[11,10],[-3,7],[6,32],[20,0],[22,7],[8,-1],[7,-6]],[[2170,19924],[15,-10],[12,8],[19,5],[5,-16],[-17,-14],[-23,-9],[-14,-12],[-4,-11],[-1,-13],[-5,-6],[2,-9],[10,-10],[2,-11],[-2,-11],[-10,-10],[1,-5],[24,-4],[13,7],[7,-6],[23,-8],[-13,-13],[-12,-3],[-6,-18],[-6,-9],[-7,-4],[-5,-18],[-8,-8],[-14,1],[-21,8],[-31,-11],[-11,-1],[-18,3],[-27,-9],[-6,-4],[-19,-3],[0,13],[-11,7],[-16,25],[-8,-4],[-22,1],[0,12],[-11,5],[-13,-1],[3,8],[-18,9],[2,10],[-2,19],[-4,15],[1,11],[13,16],[11,20],[2,12],[12,9],[8,-5],[8,1],[8,8],[19,2],[-4,8],[0,14],[8,2],[8,-5],[15,6],[28,-6],[4,5],[29,8],[29,-6],[13,3],[5,9],[23,6],[7,-3]],[[15285,1470],[-42,-169],[-46,-186],[-55,-223],[-39,-159],[-40,-160],[-56,-228],[-43,-172],[-39,-161],[-28,-12],[-1,7],[-10,15],[-20,16],[-23,9],[-23,27],[-12,10],[-21,19],[-28,14],[-19,16],[-17,33],[-15,12],[-40,19],[-21,2],[-35,-1],[-36,3],[-22,6],[-15,6],[-11,11],[-4,9],[1,30],[7,26],[-1,20],[-4,22],[-4,14],[-10,15],[-14,7],[-36,6],[-13,4],[-20,10],[-23,14],[-13,14],[-10,18],[-14,34],[-13,15],[-16,8],[-32,10]],[[14309,500],[7,20],[-6,3],[-5,9],[10,3],[0,9],[-13,3],[1,10],[8,16],[-4,7],[-8,4],[-1,15],[-11,10],[-46,24],[-2,4],[-18,11],[-7,-1],[15,198],[16,195],[18,197]],[[14263,1237],[8,-2],[12,1],[2,-5],[18,-1],[0,6],[19,1],[10,6],[3,-7],[10,-3],[22,11],[5,4],[25,11],[19,-1],[6,-3],[19,-1],[18,-19],[14,-2],[5,9],[12,-6],[6,9],[8,3],[1,12],[4,6],[28,-8],[11,11],[-6,5],[11,5],[2,-7],[19,7],[-8,13],[11,5],[-4,10],[13,-2],[6,14],[10,0],[22,21],[8,17],[5,0],[14,9],[4,-12],[11,-1],[7,4],[10,-2],[10,-6],[4,10],[10,-1],[5,-8],[12,18],[23,-2],[1,6],[-9,5],[-10,20],[2,7],[-15,0],[1,8],[11,2],[2,6],[17,1],[6,6],[9,-1],[5,-6],[8,2],[0,8],[7,6],[7,0],[5,-12],[10,4],[12,-6],[14,2],[0,7],[-10,9],[-10,0],[-1,13],[4,4],[14,-1],[15,3],[-1,6],[7,5],[176,0],[261,0]],[[9887,3267],[134,0],[217,0],[155,0],[11,-5],[18,-2],[-16,-12],[-11,2],[-3,-15],[6,-12],[-3,-16],[4,-21],[22,-6],[-8,-6],[15,-4],[12,-8],[12,-2],[2,17],[9,-14],[7,-4],[26,-5],[-11,-11],[-3,-8],[-11,1],[-4,-4],[15,-22],[-1,-9],[4,-10],[-13,3],[0,-10],[25,10],[8,9],[12,2],[14,-14],[-3,-15],[-21,-13],[-11,-3],[16,-6],[16,-1],[16,-4],[17,2],[7,-15],[0,-16],[20,-6],[13,2],[0,8],[9,10],[9,0],[0,-9],[28,-16],[11,6],[-12,17],[-7,6],[8,17],[15,-2],[5,-6],[11,-28],[0,-9],[4,-8],[8,11],[6,1],[19,-10],[-1,10],[14,4],[-3,-26],[16,-7],[10,1],[-9,-16],[-18,0],[-17,-9],[6,-8],[-12,-5],[-3,-7],[6,-9],[18,-6],[0,-11],[15,-7],[13,-9],[21,16],[10,-4],[-4,-14],[6,-11],[10,-5],[-10,-11],[-2,-12],[16,-10],[16,6],[-2,8],[10,-1],[2,6],[13,-6],[0,-7],[18,-1],[10,3],[23,-8],[-16,-11],[8,-20],[9,6],[7,-3],[1,-10],[14,-3],[5,6],[9,3],[-1,9],[-17,5],[8,6],[9,1],[11,-6],[-2,-19],[7,-5],[12,-17],[21,-9],[8,9],[15,3],[12,-2],[2,-9],[14,1],[-4,-11],[15,-4],[7,4],[3,14],[16,-10],[2,-13],[-3,-10],[9,-3],[-6,-10],[14,-2],[17,-7],[-5,-5],[-20,-5],[-12,-9],[-5,-14],[13,-5],[14,11],[11,-6],[4,9],[8,-10],[3,-16],[0,-13],[-22,-24],[13,-8],[12,-12],[10,-2],[4,8],[0,7],[5,6],[10,-4],[6,-10],[2,-9],[-23,-2],[-4,-7],[2,-14],[-1,-12],[10,-5],[-11,-8],[4,-6],[9,1],[7,9],[8,0],[2,-9],[19,13],[11,0],[2,-18],[-9,-6],[-1,-15],[12,6],[9,0],[9,10],[8,-1],[22,5],[4,-9],[13,5],[6,-11],[7,-4],[-19,-8],[18,-13],[19,4],[14,18],[8,-3],[0,-11],[-4,-4],[5,-8],[7,5],[0,14],[10,-2],[15,-13],[8,0],[-9,29],[6,5],[10,-7],[2,7],[-13,11],[10,3],[16,-4],[19,-7],[8,-13],[-4,-16],[1,-16],[-12,-6],[-2,-5],[14,-12],[-7,-2],[-4,-10],[-9,-3],[-7,5],[-8,12],[-9,-2],[0,-6],[8,-9],[2,-9],[6,-7],[15,-9],[8,1],[21,9],[15,1],[6,11],[9,7],[14,3],[4,9],[19,8],[10,1],[10,9],[16,4],[13,-2],[8,-6]],[[11526,2505],[16,-8],[26,-7],[14,-12],[12,4],[1,-24],[11,-3],[8,-7],[27,0],[18,10],[-5,15],[26,0],[6,11],[6,3],[16,0],[12,4],[21,-2],[11,-9],[2,-10],[6,-7],[11,0],[8,7],[2,14],[9,3],[9,-9],[14,4],[10,-4],[15,14],[8,1],[12,-6],[7,-8],[-2,-9],[10,-8],[12,10],[8,0],[13,-17]],[[11906,2455],[-33,-9],[-3,-12],[-6,-8],[-9,-4],[-17,3],[-7,10],[-7,-2],[-25,3],[-4,-12],[-9,-16],[-6,-17],[-22,-31],[-2,-13],[-6,-17],[-7,-10],[-25,-24],[-24,-3],[-34,6],[-9,-2],[-14,-17],[22,-37],[6,-12],[-4,-13],[-9,-5],[-17,1],[-22,11],[-11,8],[-9,2],[-23,-7],[-18,0],[-6,-4],[-20,2],[-26,4],[-10,8],[-10,18],[-23,10],[-11,0],[-26,-14],[-20,-20],[-6,-9],[-26,-20],[-31,-14],[-10,-2],[-12,-12],[-6,-10],[3,-7],[0,-11],[-7,-18],[-12,-20],[-24,-14],[-20,2],[-5,9],[3,23],[-10,10],[-16,3],[-3,8],[-30,-16],[-27,-1],[-10,1],[-18,16],[-12,4],[-17,0],[-6,-8],[11,-10],[2,-10],[-11,-6],[-13,1],[-21,7],[-7,-1],[-1,-13],[-7,-9],[-12,-5],[-14,-2],[-14,3],[-16,-3],[-10,-5],[-26,0],[-12,-3],[-11,-6],[-11,-3],[-13,0],[-9,5],[-6,14],[-10,6],[-7,-2],[-9,4],[-13,25],[1,7],[9,5],[-1,6],[-14,22],[-9,-17],[-13,-9],[-23,-5],[-12,1],[-32,18],[-22,7],[-16,-2],[-22,4],[-18,-10],[-12,0],[-12,5],[-12,14],[-7,0],[-13,8],[-19,-3],[-19,2],[-19,12],[-9,13],[-20,20],[-18,5],[-21,-1],[-17,6],[-13,-7],[8,-14],[-1,-16],[-6,-5],[-26,-15],[-10,-14],[-2,-9],[3,-10],[-5,-9],[-28,-13],[-8,-1],[-13,2],[-3,8],[3,16],[-6,10],[-14,10],[9,14],[-7,7],[-15,0],[-11,-2],[-16,0],[1,-21],[-2,-5],[-15,-9],[-20,-1],[-10,6],[-6,14],[-2,16],[-16,6],[-11,-5],[-12,2],[-12,-13],[-18,-9],[-26,-7],[-19,-12],[-43,-11],[-20,-2],[-16,3],[-12,-5],[-18,-2],[-14,1],[-15,-4],[-16,-10],[-12,-2],[-11,9],[1,12],[10,9],[0,7],[-5,15],[-17,5],[-11,8],[-8,13],[-2,18],[-19,18],[-3,17],[-12,6],[-5,-2],[-15,-18],[-17,-3],[-14,7],[-12,10],[-7,20],[-21,0],[-10,3],[3,-23],[-10,-15],[-14,-6],[-21,4],[-7,6],[1,9],[-4,9],[-20,9],[-16,5],[-6,5],[-36,-2],[-12,6],[-1,8],[4,17],[-1,7],[-12,7],[-10,15],[-15,14],[-14,9],[-9,13],[-17,33],[4,8],[-1,12],[-7,8],[3,10],[7,7],[13,1],[12,-3],[26,2],[9,4],[10,14],[13,44],[14,12],[23,7],[12,6],[20,7],[9,11],[2,13],[-49,1],[-18,3],[-6,9],[0,6],[12,15],[20,15],[1,12],[-7,8],[-26,5],[-12,8],[-6,10],[0,8],[-8,9],[1,9],[11,12],[8,5],[0,10],[5,15],[0,24],[-9,18],[3,14],[11,11],[5,14],[-8,12],[-25,-1],[-18,2],[-14,7],[-10,7],[-5,10],[2,6],[11,16],[3,21],[3,4],[-2,10],[-28,1],[-11,2],[-14,-6],[-10,0],[-12,18],[-7,4],[-6,13],[-14,24],[-11,9],[-8,1],[-11,-6],[-1,-12],[4,-27],[-6,-13],[-6,-5],[-21,-7],[-14,0],[-8,4],[2,12],[21,4],[3,6],[-13,7],[-13,-4],[-23,0],[-15,5],[-9,-2],[-15,-8],[-15,-14],[1,-7],[13,-10],[-1,-12],[-9,-6],[-20,1],[-18,8],[-4,14],[-10,7],[-29,5],[-13,5],[-11,9],[-22,9],[-19,-2],[-12,-6],[-15,0],[-33,-5],[-9,5],[-5,10],[-1,19],[-11,6],[-13,12],[-42,15],[-16,0],[-31,5],[-14,10],[-32,19],[-11,10],[-1,8],[6,13],[11,8],[15,5],[10,18],[-3,17],[13,19],[8,8],[32,19],[24,10],[11,6],[9,15],[-8,10],[-10,-3],[-1,-5],[-15,-4],[-10,2],[-17,10],[-6,8],[0,10],[10,8],[17,8],[7,14],[-5,7],[-19,4],[-5,9],[7,11]],[[9072,3267],[257,0],[314,0],[244,0]],[[9887,4428],[60,-97],[130,-209],[98,-158],[64,-103],[-8,-7],[-6,-15],[3,-6],[2,-16],[-3,-12],[6,-6],[-6,-23],[16,-19],[-6,-16],[0,-13],[10,-12],[45,-23],[9,0],[10,-5],[10,1],[19,-4],[11,0],[13,5],[8,-1],[39,-14],[13,-2],[16,3],[16,0],[17,15],[15,-5],[19,7],[10,9],[15,3],[14,7],[10,-4],[-4,-9],[18,-6],[14,-14],[13,0],[4,-4],[16,-6],[2,-5],[12,-5],[15,6],[6,-6],[13,-2],[23,12],[2,4],[14,-4],[24,7],[6,-2],[11,8],[15,-6],[13,1],[17,-2],[13,-12],[12,-3],[-4,-11],[15,-7],[4,-15],[11,-6],[13,1],[11,-9],[13,-3],[33,6],[6,-3],[15,-1],[11,6],[7,-6],[11,0],[2,6],[18,3],[24,-1],[3,-11],[16,-1],[19,9],[13,0],[13,-5],[16,8],[10,-4],[-3,-6],[10,-3],[-1,-15],[24,-2],[2,-10],[9,-4],[10,2],[6,-7],[12,-2],[15,-8],[9,0],[0,9],[14,-4],[5,14],[-4,11],[3,9],[13,-1],[16,6],[25,-2],[1,-12],[16,5],[7,13],[14,-6],[8,7],[-4,5],[6,7],[13,-4],[-6,-9],[4,-6],[10,8],[20,6],[9,-13],[6,-20],[-10,2],[-6,-4],[10,-6],[1,-9],[-10,1],[-3,6],[-12,-1],[1,-7],[-10,-8],[6,-5],[-1,-6],[-8,-7],[10,-3],[9,6],[4,-18],[-13,4],[-9,-9],[15,-2],[0,-6],[7,-8],[15,5],[7,-5],[22,-6],[12,0],[8,-9],[-13,-1],[-8,-4],[24,-6],[-6,-11],[12,-9],[-14,-3],[-7,-4],[1,-9],[-8,-2],[7,-9],[11,1],[9,-3],[4,-7],[0,-13],[17,-10],[11,8],[6,-5],[-20,-13],[13,-7],[-8,-9],[11,0],[5,-16],[-9,-11],[6,-8],[-2,-15],[-6,-16],[12,2],[9,-2],[16,0],[5,-10],[-9,-5],[7,-7],[16,3],[13,8],[11,-10]],[[11525,3286],[1,-148],[0,-220],[0,-142],[0,-271]],[[9887,3267],[-192,183],[-187,179],[-113,107],[-160,153],[-194,185],[-107,102],[-121,115],[-135,129],[-180,171]],[[14395,4549],[11,-13],[12,-2],[30,12],[9,-1],[13,-6],[15,-18],[1,-15],[-14,-10],[-20,7],[-18,4],[-15,1],[-7,-3],[-20,-26],[-20,-11],[-15,-3],[-22,-11],[-46,-44],[-8,-11],[-3,-12],[2,-13],[15,-10],[10,-3],[12,5],[3,10],[-2,17],[9,8],[17,0],[8,-2],[28,-27],[5,-19],[9,-8],[-7,-16],[9,-11],[-3,-24],[-7,-8],[11,-15],[3,-8],[-2,-8],[-12,-22],[-2,-20],[6,-10],[14,-11],[2,-10],[-6,-7],[-22,-2],[-16,3],[-12,-2],[-13,-7],[-7,-15],[-4,-33],[11,-19],[20,-14],[26,-11],[17,-13],[14,-22],[14,-14],[19,-12],[4,-9],[-6,-10],[-25,-9],[-17,-8],[-4,-5],[-3,-17],[-10,-12],[-15,-2],[-22,7],[-12,1],[-9,-4],[-12,-16],[-6,-19],[7,-14],[28,-24],[31,-21],[20,-7],[16,-1],[10,2],[14,9],[3,16],[6,10],[8,7],[14,3],[11,0],[12,-3],[5,-7],[-10,-24],[-27,-15],[-17,-17],[0,-15],[5,-9],[11,-9],[15,-5],[19,-4],[23,0],[9,-3],[-1,-30],[14,-15],[15,-4],[17,-1],[21,2],[17,7],[11,13],[5,15],[6,9],[42,32],[15,19],[-2,15],[-5,8],[-7,5],[-23,3],[-13,-3],[-21,-10],[-16,2],[-8,8],[-6,16],[5,10],[24,22],[26,18],[10,5],[34,8],[16,-4],[13,-10],[14,-17],[15,-9],[13,-1],[16,4],[7,12],[-6,22],[5,12],[11,3],[12,-2],[15,-11],[-4,-9],[-8,-8],[1,-10],[15,-8],[16,0],[46,10],[10,5],[5,10],[15,11],[15,-3],[41,-18],[10,-13],[-7,-6],[-17,8],[-7,1],[-30,-15],[-19,-8],[-7,-8],[0,-9],[18,-18],[4,-15],[-4,-7],[-18,-7],[-12,-9],[-8,-9],[-7,-13],[0,-10],[12,-14],[11,-5],[18,-3],[16,2],[33,15],[10,3],[35,0],[21,3],[12,6],[9,12],[6,14],[11,15],[7,6],[15,7],[30,-1],[11,-8],[37,-46],[13,-14],[12,-8],[13,-4],[21,-4],[16,2],[13,4],[8,9],[-3,8],[-6,3],[-24,2],[-17,14],[-8,22],[-9,5],[4,6],[21,4],[17,7],[7,-4],[7,-11],[9,-3],[19,5],[31,-11],[10,-8],[20,-22],[9,-12],[19,-15],[15,-9],[18,-16],[1,-17],[-8,-4],[-8,8],[-2,10],[-15,4],[-18,-4],[-2,-7],[4,-16],[1,-19],[-5,-43],[2,-16],[13,-21],[12,-7],[14,-2],[10,1],[11,5],[10,13],[4,17],[-4,24],[2,8],[9,7],[19,1],[18,8],[15,11],[12,3],[11,-4],[12,-7],[1,-9],[11,-18],[0,-6],[7,-10],[7,-4],[16,-1],[5,5],[17,-1],[16,-7],[30,-21],[9,-3],[25,1],[14,4],[13,7],[10,10],[4,12],[-2,22],[-6,9],[-9,6],[-20,4],[-2,5],[9,7],[25,-1],[10,5],[4,9],[0,9],[-13,20],[-5,20],[5,10],[8,9],[18,8],[31,2]],[[15747,3787],[12,-9],[31,-28],[11,-12],[8,-14],[-1,-18],[-7,-8],[-13,-4],[-9,-15],[-3,-31],[-6,-12],[-11,-13],[-7,-15],[0,-20],[3,-8],[10,-18],[13,-14],[9,-15],[3,-11],[-4,-28],[2,-17],[9,-20],[7,-11],[-1,-15],[-30,-10],[-10,-6],[-8,-10],[-11,-20],[-1,-8],[1,-23],[4,-27],[-9,-14],[-21,-16],[-9,-13],[-1,-19],[2,-12],[8,-15],[-2,-14],[-65,-263],[-28,-115],[-44,-177]],[[15579,2669],[-326,-1],[-178,0],[-173,0],[-225,0],[-292,0],[-168,0],[-219,-1]],[[13998,2667],[0,145],[0,110],[0,169],[0,207]],[[13998,3298],[0,150],[0,143],[0,196],[0,132],[0,216],[0,218],[0,112],[0,140]],[[13998,4605],[23,-11],[8,-6],[14,-19],[21,-18],[12,-21],[1,-13],[-3,-5],[-17,-10],[-6,-10],[3,-12],[11,-6],[11,4],[13,13],[7,5],[31,10],[24,8],[17,-2],[9,-5],[7,-15],[1,-10],[6,-9],[10,-2],[20,1],[30,-4],[13,2],[18,8],[7,14],[0,8],[-6,8],[-9,0],[-9,-5],[-14,-2],[-12,1],[-19,6],[-8,9],[2,7],[7,4],[25,3],[20,12],[7,1],[13,-6],[19,1],[14,14],[5,13],[6,5],[21,3],[23,-7],[21,-18]],[[12753,5140],[9,-2],[13,9],[9,1],[9,-7],[3,-7],[19,13],[18,7],[10,8],[16,2],[3,8],[-8,5],[1,6],[12,2],[11,-3],[14,-8],[16,-16],[23,-14],[0,-14],[-6,-15],[12,-16],[8,-22],[10,-5],[13,1],[11,8],[7,17],[13,1],[6,-2],[5,-17],[-3,-14],[4,-6],[13,0],[7,8],[13,2],[13,-11],[12,-3],[24,8],[8,0],[12,-9],[-10,-9],[-19,-7],[4,-12],[21,-11],[14,-6],[12,1],[16,9],[-9,14],[-2,12],[4,7],[29,12],[27,-1],[19,-5],[4,-6],[-8,-17],[22,-17],[11,1],[17,-4],[11,-9],[14,-1],[4,-7],[-6,-4],[4,-11],[-7,-7],[11,-6],[-6,-6],[4,-7],[13,-8],[23,-2],[10,-4],[8,-15],[-16,-20],[-7,2],[-10,9],[-13,1],[-24,-11],[-16,-11],[-5,-9],[4,-13],[16,-16],[29,-13],[1,-16],[5,-7],[25,-3],[22,-6],[4,-6],[-4,-7],[5,-11],[13,-13],[3,-24],[-7,-11],[-2,-11],[4,-6],[12,-6],[3,-19],[14,-14],[25,-12],[0,-6]],[[13429,4670],[-9,1],[-8,-20],[-6,-3],[-17,7],[-6,-8],[-12,-2],[-3,11],[-6,1],[-9,-4],[-8,1],[-8,-3],[-11,8],[-11,5],[0,21],[-9,-8],[-10,0],[-13,-7],[-11,4],[-10,9],[-24,6],[-8,4],[-2,12],[-11,8],[-6,-5],[-16,-4],[-20,12],[-16,4],[-11,-2],[-6,-6],[-12,-3],[-9,-7],[-13,3],[-12,-3],[-22,8],[-11,-4],[-21,5],[-13,-2],[-10,4],[-5,6],[-19,14],[0,11],[-12,12],[-27,1],[-12,5],[-8,-2],[-18,3],[-8,-4],[-7,5],[-17,4],[-21,9],[-11,7],[-8,1],[-4,13],[-16,15],[-16,0],[-22,16],[-4,10],[-20,20],[-21,9],[2,18],[-5,18],[-13,7],[2,7],[-10,7],[-8,12],[5,15],[-6,6],[-1,19],[11,-1],[11,7],[0,8],[-10,6],[0,16],[-29,7],[-10,7],[-30,-12],[-20,-2],[-20,-8],[-24,7],[-12,-5],[-11,1],[-13,6],[-27,3],[-10,12],[-21,8],[-14,0],[-7,8],[-21,3],[-8,9],[0,12],[7,7]],[[13429,4670],[5,-9],[12,-9],[1,-13],[7,-8],[10,-2],[16,1],[5,4],[0,15],[4,4],[20,4],[37,9],[21,10],[1,8],[-6,4],[-28,0],[-2,6],[13,15],[20,8],[21,2],[14,6],[14,-4],[5,-7],[19,-17],[17,-11],[7,-2],[20,-15],[10,-18],[8,-5],[20,3],[10,14],[7,6],[29,16],[12,0],[7,-4],[18,-19],[14,-7],[13,-29],[10,-9],[4,-9],[8,-6],[21,-4],[9,8],[5,19],[15,9],[19,-3],[16,-11],[6,0],[1,17],[12,4],[8,-4],[9,-14],[25,-18]],[[13998,3298],[-14,-5],[-16,-2],[-22,1],[-15,3],[-13,9],[-7,10],[-14,27],[-8,9],[-17,10],[-13,5],[-17,3],[-33,-6],[-18,-6],[-12,-10],[-11,-11],[-21,-5],[-24,-2],[-18,0],[-17,6],[-25,4],[-20,11],[-26,7]],[[13617,3356],[-29,16],[-28,11],[-23,8],[-9,8],[-24,33],[-23,20],[-9,21],[-9,19],[-12,17],[-13,15],[-12,9],[-30,16],[-36,14],[-34,6],[-17,0],[-6,-5],[-40,-11],[-35,-2],[-18,6],[-31,13],[-13,9],[-15,21],[-32,28],[-10,18],[-10,11],[-17,15],[-21,14],[-8,8],[-8,27],[-6,12],[-13,9],[-16,6],[-34,7],[-29,13],[-12,11],[-34,16],[-17,10],[-30,8],[-69,8],[-44,1],[-37,-2],[-30,1],[-33,-3],[-27,-1],[-14,-4],[-9,-9],[-3,-9],[-31,-27],[-20,-12],[-14,-20],[-33,-15],[-26,-9],[-41,-12],[-23,-12],[-16,-4],[-17,4],[-13,1],[-19,-4],[-23,2],[-24,6],[-39,22],[-20,25],[-12,29],[-1,16],[3,12],[15,18],[20,36],[20,22],[8,13],[2,29],[5,9],[-4,7],[-32,11],[-27,3],[-30,-3],[-27,-5],[-65,-6],[-13,-6],[-23,-6],[-26,0],[-23,-6],[-20,0],[-22,-3],[-24,-2],[-50,17],[-11,13],[-2,17],[-9,7],[-17,-4],[-12,5],[-4,6],[1,24],[2,8],[11,20],[1,8],[-5,14],[-10,15],[-11,6],[-50,14],[-17,7],[-20,12],[-28,10],[-14,11],[-14,29],[-7,7],[-15,7],[-17,3],[-25,1],[-23,-5],[-42,-13],[-18,-11],[-15,-6],[0,140],[0,237],[0,230]],[[9072,3267],[7,13],[-4,9],[-10,-3],[-17,1],[-13,4],[-21,3],[-11,9],[-1,9],[5,7],[1,9],[-6,19],[-8,5],[-14,-3],[-19,4],[-26,1],[-19,8],[-1,8],[9,5],[14,1],[15,-7],[9,1],[9,9],[2,9],[-10,20],[-7,6],[-11,-3],[-16,3],[-6,13],[6,19],[-5,7],[4,14],[16,5],[1,9],[-7,6],[-18,-12],[-22,-1],[-25,13],[-4,6],[-3,17],[-6,11],[3,31],[-19,-8],[-11,0],[-17,4],[-14,7],[-19,20],[-10,4],[-14,2],[-9,-4],[-14,-10],[-19,-3],[-33,2],[-9,4],[-13,13],[-4,10],[-3,25],[3,10],[-9,-1],[-3,-18],[2,-18],[-2,-8],[-9,-6],[-2,-9],[-7,-9],[-19,-4],[-18,5],[4,9],[-1,6],[-12,5],[-10,-11],[-7,-1],[-22,3],[-8,5],[-29,9],[-17,0],[-25,9],[-12,7],[-2,6],[3,10],[-5,10],[-9,11],[-20,13],[-13,16],[-3,9],[2,12],[-8,13],[-3,15],[-22,7],[-9,-1],[-12,-10],[-8,-3],[-28,1],[-18,4],[-10,5],[3,12],[13,13],[10,6],[3,7],[-9,9],[-11,2],[-14,-7],[-2,-12],[-15,-11],[-18,3],[-28,11],[-7,13],[-9,10],[-11,18],[2,25],[4,11],[10,10],[4,10],[-8,9],[-13,5],[-10,-10],[-4,-11],[1,-15],[-18,-18],[-12,-6],[-9,-1],[-26,5],[-18,-2],[-19,4],[-6,5],[-18,4],[-10,6],[-28,11],[-18,6],[-14,11],[-17,7],[-15,3],[-19,-6],[-22,-1],[-36,1],[-22,10],[-9,-1],[-39,23],[-17,6],[-4,8],[0,15],[19,11],[2,12],[-13,11],[-3,6],[-2,19],[-4,5],[-15,5],[-18,8],[-12,1],[-8,-3],[-14,6],[-6,10],[0,7],[6,9],[14,8],[16,2],[25,-9],[9,-9],[13,-1],[5,9],[-9,19],[9,20],[18,8],[5,12],[-4,3],[-16,-10],[-11,-3],[-12,1],[-21,13],[-1,11],[6,6],[6,14],[-6,12],[-7,3],[-4,-12],[-10,-6],[-14,1],[-7,-2],[-7,4],[-3,8],[5,12],[9,5],[-1,5],[-21,9],[-24,-1],[-22,7],[-10,10],[-15,6],[-10,9],[-4,12],[-5,6],[6,8],[12,6],[32,5],[15,11],[-10,9],[-1,14],[-33,14],[-9,6],[-3,8],[3,8],[-7,7],[11,14],[13,8],[-5,9],[-21,7],[-6,10],[-20,14],[-1,8],[8,16],[3,17]],[[11525,3286],[8,5],[6,-17],[12,-5],[1,-8],[7,-4],[-10,-10],[-9,0],[1,-16],[11,2],[1,9],[19,8],[7,-1],[12,6],[8,-8],[8,4],[12,-9],[7,6],[9,-7],[14,2],[3,-7],[-6,-8],[11,-6],[20,1],[5,-16],[-12,2],[-3,-5],[6,-7],[29,4],[9,4],[2,-8],[15,3],[5,-4],[13,1],[-3,13],[16,5],[4,-8],[18,-10],[13,6],[4,-6],[-8,-7],[-10,-5],[8,-7],[0,-5],[13,-10],[-12,-8],[0,-6],[16,-5],[6,1],[19,10],[4,-14],[-9,1],[-16,-12],[-1,-4],[18,-1],[3,10],[6,0],[17,-5],[-5,-12],[3,-7],[13,4],[2,-6],[-13,-4],[9,-22],[0,-14],[11,-2],[6,-8],[18,3],[6,-12],[18,-3],[-3,-11],[16,3],[13,-3],[5,7],[12,1],[-2,-13],[12,-4],[-8,-8],[5,-7],[17,-10],[4,10],[19,-3],[-2,-8],[2,-15],[-6,-10],[13,-3],[8,-18],[18,3],[5,8],[8,-7],[-12,-7],[10,-8],[3,-7],[12,2],[7,-6],[8,5],[7,-5],[-23,-5],[-4,-9],[-15,2],[18,-13],[5,-12],[11,-2],[6,3],[11,-9],[-3,-5],[5,-17],[19,5],[-10,-21],[23,6],[-1,-6],[-9,-5],[7,-4],[25,-4],[6,-10],[-15,2],[2,-13],[18,0],[11,-6],[2,-7],[14,9],[10,-1],[10,6],[-3,6],[-13,0],[-1,4],[13,6],[9,8],[1,6],[-9,12],[8,11],[22,-1],[12,-8],[8,3],[20,-1],[9,-7],[8,8],[-13,3],[5,5],[19,-4],[-1,10],[4,6],[21,-12],[13,3],[12,-2],[1,6],[-5,12],[12,-1],[-6,13],[14,-3],[10,-5],[5,13],[-5,7],[24,-1],[-23,11],[-10,13],[8,6],[14,-2],[12,3],[11,10],[10,2],[-8,7],[8,7],[11,-5],[4,12],[11,-3],[-6,-13],[9,-1],[4,10],[7,7],[-4,8],[5,12],[-4,17],[-11,2],[-8,7],[3,15],[11,5],[23,5],[23,-6],[3,3],[-5,14],[-12,7],[6,5],[9,-4],[6,5],[-18,22],[17,0],[10,3],[16,-3],[5,6],[11,-2],[4,4],[-11,17],[3,4],[20,2],[8,10],[-5,13],[2,8],[-6,5],[-2,11],[14,6],[1,7],[-4,6],[12,3],[4,7],[-5,13],[21,-14],[20,-11],[7,-6],[9,9],[-11,15],[12,10],[-4,12],[-18,2],[-7,3],[-18,1],[-7,7],[-2,10],[6,3],[24,2],[11,-5],[2,-9],[11,3],[-3,19],[-11,10],[-16,9],[0,15],[-7,7],[4,7],[18,3],[25,-7],[16,-1],[6,3],[25,4],[8,9],[10,0],[12,-8],[3,-6],[-7,-19],[-12,-8],[1,-6],[13,-2],[12,8],[22,31],[8,4],[26,3],[27,-2],[6,6],[-6,14],[-4,15],[-28,6],[-13,-2],[-1,8],[28,10],[8,9],[-30,2],[-3,5],[16,6],[27,2],[10,8],[17,0],[17,-18],[0,-8],[6,-3],[40,-7],[19,0],[13,3],[16,12],[8,9],[17,-5],[10,2],[6,-4],[0,-12],[14,1],[-2,7],[-10,10],[13,6],[25,-1],[8,-22],[16,-3],[3,6],[-12,11],[13,4],[21,-3],[12,-6],[9,8],[6,2],[8,-14],[16,-3],[10,-9],[1,-13],[-9,-14],[16,4],[8,6],[3,18],[4,13],[10,6],[19,-6],[13,-8],[17,0],[2,-6],[-5,-9],[7,-3],[10,4],[20,-7],[1,-9],[10,0],[10,9],[17,-2],[1,8],[-16,7],[0,18],[10,7],[14,-1],[21,-10],[10,5],[-2,16],[13,-9],[-6,-11],[1,-17],[7,-6],[14,-1],[12,10],[14,-6],[-4,-12],[16,3],[4,5],[-7,12],[22,7],[11,-1],[5,-15],[11,-2],[10,9],[13,-9],[12,3],[-2,8],[9,-1],[1,-17],[-4,-8],[19,-1],[8,5],[13,0],[7,-7],[-1,-19],[-3,-6],[5,-9],[8,-3],[14,6],[21,23],[20,-4],[2,7],[-7,6],[11,11]],[[13998,2667],[0,-163],[1,-187],[0,-217]],[[13999,2100],[-11,-2],[-24,4],[-16,12],[-16,25],[-8,10],[-13,11],[-26,9],[-20,-2],[-11,-5],[4,-8],[19,-3],[11,-3],[26,-13],[5,-7],[0,-8],[-5,-8],[-18,-14],[-16,-7],[-49,-4],[-20,1],[-31,9],[-17,11],[-6,9],[-2,18],[6,11],[14,21],[7,22],[-4,5],[-13,-14],[-8,-4],[-25,0],[-14,-1],[-18,4],[-8,8],[5,18],[25,27],[1,9],[-11,5],[-19,6],[-9,7],[-19,3],[-11,-2],[-13,5],[-21,4],[-31,2],[-19,7],[-14,15],[-4,16],[-5,4],[-38,5],[-34,-5],[-30,4],[-12,6],[-9,11],[-1,10],[-14,35],[-9,11],[-15,9],[-16,5],[-12,0],[-23,-7],[-8,-10],[-19,-16],[-13,-6],[-19,-2],[-23,7],[-23,13],[-15,13],[-4,13],[-9,6],[-18,3],[-17,0],[-13,-9],[-6,-9],[6,-15],[8,-7],[6,-11],[0,-10],[16,-17],[9,-18],[-3,-15],[-13,-6],[-14,0],[-24,13],[-7,9],[-3,10],[-18,8],[-45,4],[-17,-6],[-16,-3],[-15,-5],[-29,1],[-35,-6],[-13,-15],[0,-5],[15,-13],[5,-17],[1,-10],[-7,-7],[-16,-2],[-17,10],[-18,-4],[-8,-6],[-1,-27],[-4,-12],[-13,-6],[-25,0],[-29,15],[-8,8],[-2,13],[-12,6],[-8,0],[-38,-9],[-11,-7],[-9,-16],[-11,-13],[-16,-4],[-16,6],[-4,8],[5,7],[18,14],[3,10],[-12,5],[-16,1],[-11,-3],[-9,-7],[-4,-17],[-13,-13],[-21,-6],[-13,2],[-23,-10],[-30,-1],[-11,-12],[-13,-7],[-17,-3],[-15,8],[-9,14],[1,12],[15,19],[1,9],[-18,16],[-5,11],[-17,6],[-14,11],[-4,9],[-15,19],[0,6],[-11,12],[-21,12],[-12,-1],[-20,-16],[-9,-16],[16,-33],[1,-9],[-3,-14],[-7,-7],[-24,-2],[-14,10],[-16,20],[-15,12],[6,13],[-8,7],[5,6],[6,20],[6,28],[-5,9],[-18,-1],[-23,4],[-19,1],[-25,-2],[-25,10],[-18,1],[-17,4],[-9,5],[-26,27],[-15,6],[-17,3],[-16,0],[-25,-7],[-21,-14],[-27,-12],[-12,-3],[-18,3],[-18,7],[-5,12],[3,22],[15,20],[7,19],[-5,11],[-31,10],[-10,-4],[7,-14],[-2,-9],[-6,-6],[-25,-1],[-9,-7]],[[14309,500],[-66,14],[-11,0],[-10,-5],[-26,-20],[-13,-4],[-20,-2],[-19,1],[-18,-5],[-16,-15],[-33,-20],[-35,-14],[-27,-7],[-55,-5],[-19,3],[-19,17],[-11,16],[-8,17],[-16,14],[-26,10],[-20,-4],[-20,-10],[-12,-11],[-17,-3],[-9,9],[-32,1],[-10,2],[-33,30],[-16,11],[-9,3],[-23,1],[-18,-4],[97,112],[82,95],[110,127],[161,186],[171,197]],[[14263,1237],[86,101],[118,135],[166,190],[50,56],[11,5],[21,38],[-15,11],[-7,21],[-1,14],[5,21],[1,25],[-8,22],[-7,3],[-34,-1],[-5,-3],[1,-15],[-5,-12],[-10,-13],[-16,-8],[-16,-2],[-14,-10],[-11,-4],[-15,2],[-11,4],[-8,12],[-2,10],[7,19],[10,19],[-11,24],[-13,11],[-10,-1],[-2,-8],[-11,-20],[-10,-6],[-12,-1],[-31,9],[-12,16],[-6,19],[3,13],[-2,28],[-4,10],[-9,8],[-7,19],[-12,8],[-19,1],[-31,-7],[-30,-17],[-13,-5],[-37,-5],[-25,7],[-24,12],[-7,10],[4,16],[18,10],[16,3],[32,1],[24,7],[10,9],[-1,16],[-8,3],[-19,-7],[-21,2],[-8,8],[-12,5],[-28,4],[-14,0],[-12,-4],[-18,-9],[-20,-20],[-19,-9],[-16,-3],[-11,1],[-23,6],[-11,9],[-8,9],[-5,12],[-3,24],[-3,5],[-20,24],[-7,0],[-9,-10],[-13,-9],[-15,-5]],[[15579,2669],[-30,-126],[-27,-106],[-46,-189],[-37,-150],[-35,-141],[-44,-180],[-37,-148],[-4,-19],[-34,-140]],[[18790,9565],[2,-6],[11,-6],[7,-12],[10,-8],[7,-20],[4,-7],[-1,-12],[19,-5],[4,-11],[9,-6],[-10,-9],[-9,-16],[-11,-5],[7,-7],[3,-9],[-1,-9],[-8,-3],[-4,-13],[-19,1],[-9,-2],[-5,-18],[-19,-6],[-21,-14],[-1,-4],[-11,-10],[-19,-8],[-7,1],[-14,-17],[-16,-2],[-12,-10],[-7,1],[-3,-8],[-24,-10],[-17,0],[-8,-10],[-12,-9],[-18,2],[-10,-7],[0,-8],[-9,-4],[-9,-9],[-14,1],[-11,-6],[2,-7],[-23,-2],[-8,3],[-6,-7],[-12,-3],[-5,-7],[5,-7],[-15,-20],[-4,3],[-14,-4],[-15,-12],[-2,-10],[-20,-7],[-24,-14],[-19,-15],[-17,-7],[-11,-16],[-8,-5],[3,-12],[-5,-7],[-4,-12],[4,-12],[13,-12],[-1,-5],[7,-20],[-1,-18],[4,-8],[8,-31],[17,-14],[11,-1],[13,-6],[25,-4],[16,-5],[6,-7],[-4,-17],[-9,-7],[1,-21],[-3,-8],[11,-11],[3,-20],[4,-8],[10,-2]],[[18467,8840],[-14,-12],[-11,-15],[-9,-8],[-29,2],[-9,7],[3,5],[-14,2],[-12,9],[-14,4],[-19,-2],[-7,-6],[-9,5],[-12,-1],[-31,-10],[-21,-10],[-5,-7],[-10,-5],[-11,-10],[-6,-1],[-16,3],[-8,-3],[-16,4],[-30,-9],[-13,0],[-21,-21],[-11,-3],[-6,-10],[-8,-5],[-3,-8],[-10,-4],[-28,1],[-15,5],[-15,12],[-10,11],[-11,4],[-31,2],[-9,3],[-28,1],[-16,-6],[-11,5],[-20,-2],[-18,2],[-8,-2],[-13,3],[-17,-1],[-15,-8],[13,-14],[8,-5],[-7,-17],[7,-22],[-1,-10],[-10,-14],[-16,-15],[0,-11],[4,-6],[-33,0],[-30,3],[-100,19],[-93,16],[-9,4],[-5,6],[-15,3],[-8,6],[-17,-8],[-16,-4],[-3,-8],[-9,-9],[-2,-8],[-12,0],[-23,-15],[-30,-9],[-7,-4],[-7,4],[-15,-6],[-8,-7],[-16,0],[-29,-17],[-1,-5],[-12,0],[-8,-8],[-8,0],[-4,-6],[9,-12],[-20,-12],[-6,2],[-16,-7],[-3,-7],[-9,-7],[-18,-8],[-22,-4],[-22,-10],[-28,-6],[-6,3],[-14,-3],[2,-9],[-7,-11],[-17,-5],[-20,-13],[-36,-2],[0,-6],[-16,-3],[-8,3],[-19,-1],[-13,-4],[-8,0],[0,-10],[-19,-16],[-16,-9],[-9,0],[-10,-16],[-17,1],[-3,-5],[-21,3],[-8,-9],[-13,-1],[-12,-7],[-18,-2],[-5,-5],[-4,-12],[-8,-3],[-2,-7],[-17,-12],[-15,0],[-17,-11],[-6,2],[-17,-8],[-9,4],[-10,-8],[-7,-2],[-1,-9],[-22,-9],[-8,-7],[-12,4],[-22,-11],[-18,-8],[-10,1],[-6,-9],[-9,-3],[-12,1],[-15,-2],[-14,-15],[-12,-4],[-16,-19],[-24,-10],[-8,0],[-18,-7],[-30,-5],[-12,-6],[-24,5],[-17,-5],[-12,-15],[-16,-13],[-2,-5],[-13,-10],[-17,7],[-12,-5],[-13,3],[-18,-1],[-8,5],[-19,0],[-7,-2],[-15,4],[-6,-8],[-16,-7],[-8,-12],[4,-4],[-4,-14],[1,-8],[-11,-9],[-3,-9],[-6,-2],[11,-18],[0,-11],[-5,-6],[-9,1],[-14,-4],[-10,-10],[-4,-9],[-14,-2],[1,-7],[8,-7],[-2,-15],[-6,-20],[-10,-12],[-11,-5],[15,-10],[3,-7],[-10,-5],[7,-18],[6,-4],[-8,-18],[-6,-1],[-7,-18],[7,-10]],[[16169,7900],[-17,-4],[-1,5]],[[16151,7901],[-93,165],[-77,134],[-106,189],[-10,14],[4,4],[5,23],[-8,12],[-17,10],[-8,2],[-3,6],[-22,10],[-9,14],[-16,2],[-5,4],[-6,11],[-9,4]],[[15771,8505],[11,9],[9,3],[-2,9],[9,6],[-1,5],[8,9],[-6,9],[-26,8],[2,15],[15,13],[2,18],[6,11],[-1,7],[10,10],[-1,7],[15,16],[-7,14],[-19,16],[-2,6],[15,1],[-3,8],[13,5],[6,-6],[11,0],[18,-10],[11,-3],[3,-9],[19,-3],[6,4],[0,19],[9,6],[0,9],[11,13],[15,4],[2,9],[20,10],[19,7],[32,17],[12,15],[-3,8],[9,15],[31,7],[20,-8],[19,0],[18,-3],[22,7],[5,7],[49,26],[17,4],[13,11],[13,16],[0,7],[8,5],[20,21],[32,1],[4,3],[26,-6],[19,-9],[6,-6],[10,-1],[7,-7],[23,-3],[11,1],[8,5],[22,3],[3,12],[22,0],[11,-4],[14,3],[9,-1],[15,4],[10,12],[28,20],[13,18],[13,4],[10,0],[2,9],[12,1],[3,6],[9,2],[19,12],[13,3],[26,8],[17,-14],[11,4],[4,5],[9,2],[3,10],[10,-2],[10,8],[4,17],[10,5],[2,8],[16,4],[7,7],[9,-2],[10,7],[-2,8],[20,3],[13,-2],[22,6],[6,8],[7,-1],[12,8],[15,2],[6,-4],[10,1],[28,11],[15,0],[15,6],[8,-1],[11,4],[8,-2],[5,7],[23,3],[10,4],[18,1],[4,3],[8,14],[15,5],[8,-6],[9,10],[-4,4],[16,5],[16,-3],[20,-1],[9,2],[14,12],[11,2],[4,13],[14,1],[14,7],[11,-2],[8,5],[14,2],[4,-5],[15,4],[11,-1],[7,9],[9,-8],[7,3],[-5,15],[10,6],[8,1],[-1,10],[7,9],[-6,9],[8,5],[18,19],[-10,4],[-10,19],[-37,14],[-25,0],[-15,5],[-12,3],[-33,-10],[-9,4],[-13,-8],[-26,0],[-30,-5],[-16,9],[-10,3],[-10,-5],[-12,3],[-34,-1],[-6,-4],[-25,5],[-3,5],[-19,8],[-15,2],[-4,7],[-21,14],[-14,15],[-14,19],[-15,12],[-37,12],[-22,4],[-10,1],[-20,7],[-11,7],[-21,-12],[-23,-3],[-10,8],[0,14],[5,10],[-2,16],[7,10]],[[16726,9467],[9,0],[5,5],[-1,11],[-11,9],[-4,11],[-22,21],[-2,7],[1,16],[8,6],[17,2],[19,-10],[13,-14],[9,-5],[20,0],[30,10],[12,8],[10,15],[-1,19],[3,8],[12,12],[11,4],[18,-3],[17,-10],[14,-3],[23,-3],[23,1],[22,9],[20,0],[13,-5],[16,-12],[12,3],[1,9],[-9,9],[-11,5],[-28,7],[-8,6],[-4,12],[8,8],[21,-1],[15,-7],[10,-12],[6,-12],[15,-12],[15,-2],[15,6],[10,6],[16,2],[20,-9],[7,2],[9,14],[13,-1],[9,-6],[18,-23],[9,-1],[4,9],[-12,15],[-25,16],[-6,16],[5,7],[14,4],[20,-9],[38,-33],[13,-6],[19,0],[8,14],[-3,8],[-8,4],[-10,12],[3,14],[12,10],[16,7],[21,14],[12,3],[17,-2],[10,-5],[10,-9],[10,-2],[9,5],[4,15],[-5,8],[-12,10],[1,12],[5,7],[22,-1],[12,-10],[11,-18],[8,-9],[16,-6],[19,5],[5,11],[-3,11],[-9,9],[-37,17],[-16,5],[-13,14],[1,9],[6,6],[21,8],[15,0],[12,-3],[19,-9],[13,-5],[23,2],[10,8],[29,4],[8,14],[-9,8],[-11,6],[0,15],[10,9],[3,13],[-4,12],[15,6],[18,-4],[24,-15],[23,0],[30,2],[31,-4],[33,0],[19,-4],[31,-16],[10,-3],[10,6],[1,23],[-12,12],[3,8],[9,-1],[21,-11],[9,-2],[24,2],[32,13],[21,4],[13,-3],[9,-9],[3,-12],[-6,-14],[-19,-14],[-3,-6],[13,-13],[13,-4],[18,7],[7,5],[5,9],[1,12],[6,9],[11,6],[22,1],[9,-8],[0,-12],[-4,-8],[-13,-10],[-1,-9],[8,-7],[9,4],[16,24],[13,22],[8,25],[13,16],[14,0],[5,-3],[4,-8],[-5,-16],[6,-13],[15,-5],[23,4],[5,4],[14,0],[8,-3],[8,-9],[15,-5],[23,-4],[26,3],[12,-3],[11,-8],[10,-13],[4,-11],[5,-30],[3,-2],[19,1],[43,8],[19,10],[14,11],[31,27],[28,20],[8,7],[30,16],[12,7],[40,16],[28,14],[54,16],[19,10]],[[18584,9916],[7,-7],[6,-16],[3,-18],[1,-41],[4,-17],[7,-12],[-3,-20],[4,-7],[9,-7],[2,-10],[12,-4],[22,-19],[6,-18],[15,-15],[8,-20],[1,-21],[-3,-9],[2,-15],[15,-26],[3,-9],[19,-9],[17,-27],[9,-4],[20,-1],[20,1]],[[15771,8505],[-9,9],[-57,17],[-14,1],[-20,-5],[-7,-7],[-28,6],[-21,-3],[-8,2],[-20,-22],[-9,-5],[-10,-1],[-9,5],[-20,-2],[-11,-5],[-7,1],[-10,-8],[-13,0],[-15,6],[-36,-1],[-7,5],[-18,-1],[-16,4],[-12,-1],[-14,7],[-13,-2],[-15,-7],[-25,3],[-17,-5],[-10,2],[-14,-1],[-14,-15],[-15,2],[-18,-9],[-37,-45],[-13,-8],[1,-18],[9,-5],[13,-2],[14,-12],[-4,-13],[8,-8],[6,0],[-5,-14],[15,-10],[-5,-7],[-9,1],[-12,-7],[-25,1],[-8,-4],[-13,-3],[-11,3],[-18,-3],[-10,5],[-41,-5],[-22,-6],[-17,-6],[-7,4],[-17,-10],[-15,0],[-8,3],[-9,-2],[-7,5],[-21,-10],[-22,-1],[-10,2],[-14,-1],[-4,3],[-18,2],[-17,8],[-12,-1],[-17,-13],[-12,1],[-28,-5],[0,-190],[-11,-2],[-15,2],[-8,5],[-32,3],[-4,-5],[-16,-4],[-14,1],[-11,-6],[-15,4],[-5,-6],[-13,0],[-17,-9],[-17,0],[-12,5],[-17,-1],[-31,15],[-2,7],[-10,14],[-11,9],[-12,5],[-14,2],[-13,7],[-20,1],[-20,8],[-21,6],[-12,7],[-18,6],[-8,0],[-24,-8],[-11,-13],[-19,-7],[-17,1],[-15,-6],[-32,-2],[-9,9],[-19,4],[-13,8],[-18,3],[-8,9],[-19,9],[-11,0],[-17,5],[-8,6],[-1,9],[-10,8],[-18,8],[-5,10],[-1,11],[-20,14],[-12,14],[0,-199],[-10,-13],[-1,-14],[8,-8],[4,-10],[-13,-4],[-9,6],[-10,-1],[-13,9],[-21,-4],[-10,-5],[-42,4],[-8,6],[0,15],[-11,10],[-27,9],[-22,11],[-21,0],[-25,4],[-11,8],[-16,5],[-18,-4],[-8,14],[2,5],[-8,7],[28,-98],[-8,-16],[-11,-1],[1,-16],[-10,-8],[3,-13],[-14,-8],[-8,-15],[2,-17],[-1,-10],[-18,-11],[-16,-14],[1,-12]],[[13770,7882],[-11,6],[-21,33],[-10,5],[1,6],[-9,6],[-3,11],[-12,8],[-8,11],[-3,10],[8,7],[-5,8],[-17,4],[-10,10],[-8,3],[3,7],[-13,13],[-13,3],[-12,7],[-4,-2],[-16,13],[1,2],[-16,11],[-4,13],[5,4],[-7,19],[-11,8],[-20,4],[-22,-6],[-21,-18],[-11,6],[-16,1],[-2,4],[-32,4],[-1,10],[-13,19],[-9,4],[-8,10],[-9,2],[-7,-5],[-21,0],[-9,-6],[-8,1],[-12,-5],[-19,6],[-3,5],[-19,-8],[-6,0],[-11,11],[-11,5],[-5,17],[-8,9],[-7,14],[206,62],[142,42],[182,55],[196,58]],[[13991,8409],[7,10],[-3,15],[8,6],[11,-3],[24,4],[8,3],[32,3],[71,14],[51,22],[25,3],[12,9],[4,11],[0,12],[-6,19],[-6,12],[0,7],[9,7],[13,1],[13,-4],[18,0],[26,10],[16,10],[31,5],[2,2],[1,22],[-4,31],[-8,24],[-8,13],[-20,18],[-2,9],[13,2],[18,-4],[21,-2],[18,4],[8,5],[-4,13],[-24,21],[-21,6],[-26,0],[-16,-2],[-10,3],[-7,7],[0,6],[14,8],[31,0],[19,3],[6,9],[-3,11],[-11,11],[-1,7],[7,6],[19,9],[11,2],[9,6],[7,14],[8,10],[1,9],[5,7],[11,6],[11,1],[15,-6],[11,-10],[9,-1],[10,6],[0,14],[-8,7],[-14,7],[3,11],[14,2],[9,-5],[7,-10],[3,-16],[7,-9],[14,-3],[21,5],[14,7],[10,10],[-5,11],[-28,21],[0,17],[4,5],[14,2],[16,-9],[6,-10],[0,-15],[2,-13],[7,-8],[10,-1],[20,10],[4,6],[0,22],[-5,11],[-2,16],[-7,6],[-14,4],[-15,2],[-7,7],[-2,12],[2,14],[17,11],[11,3],[13,-1],[22,-15],[7,0],[9,5],[2,10],[-7,9],[-18,6],[-31,19],[-18,4],[-17,13],[-13,12],[3,10],[42,8],[11,2],[14,12],[1,13],[-3,16],[6,6],[13,2],[10,-6],[-3,-8],[4,-6],[19,-2],[17,2],[29,2],[25,8],[13,7],[11,13],[15,8],[13,0],[17,-11],[3,-7],[-5,-23],[3,-6],[15,-6],[11,-1],[23,10],[26,9],[34,5],[9,2],[7,10],[-1,14],[-11,12],[-25,16],[-3,11],[5,12],[8,3],[16,0],[42,-12],[9,-3],[11,-12],[5,-13],[10,-2],[21,2],[20,9],[5,13],[-1,21],[16,16],[-2,8],[-12,7],[-9,13],[-33,22],[-4,11],[2,8],[12,8],[16,0],[12,-5],[10,-13],[14,-26],[11,-13],[7,-5],[41,-13],[8,0],[5,9],[-3,6],[-28,23],[-19,27],[-2,15],[3,6],[16,9],[22,-1],[12,-11],[1,-9],[-5,-20],[1,-7],[16,-11],[13,3],[16,12],[3,6],[-5,31],[8,11],[16,7],[28,-5],[17,-8],[22,-14],[19,0],[15,9],[-5,17],[-7,6],[-27,4],[-7,3],[-6,13],[9,6],[17,0],[19,-9],[14,-10],[12,-19],[0,-21],[8,-3],[10,5],[17,17],[4,7],[7,18],[19,8],[10,-1],[10,-6],[12,-10],[20,-3],[10,1],[6,10],[1,15],[13,6],[11,-2],[7,-7],[10,-22],[9,3],[4,12],[8,12],[7,13],[4,15],[-2,16],[-7,11],[0,16],[4,10],[13,9],[-4,11],[-11,1],[-17,-6],[-9,6],[10,7],[18,0],[32,-6],[22,-3],[22,-1],[37,5],[12,-1],[9,-7],[2,-9],[-6,-11],[11,-6],[10,4],[3,7],[-4,17],[16,26],[27,16],[28,-3],[10,-7],[11,-16],[6,-15],[6,-9],[16,-8],[13,-1],[11,7],[8,18],[6,4],[12,1],[10,-8],[1,-11],[12,-5],[7,1],[14,11],[24,12],[12,4],[11,6],[14,3],[9,9],[5,13],[11,4],[10,-2],[12,-7],[4,-12],[-3,-12],[-14,-18],[-6,-11],[-4,-16],[11,-9],[12,0],[17,9],[17,22],[5,18],[-4,13],[-22,13],[-5,7],[0,11],[12,5],[28,-4],[20,-6],[14,-15],[3,-11],[-3,-15],[4,-8],[11,-5],[10,2],[11,5],[7,16],[9,11],[10,0],[10,-4],[3,-6],[-11,-22],[5,-6],[9,-3],[14,3],[10,7],[10,1],[9,-5],[2,-12],[-5,-8],[-10,-7],[-18,-9],[1,-10],[20,-2],[11,2],[26,11],[18,12],[10,15],[12,10],[11,2],[12,-1],[6,-9],[2,-18],[6,-11],[17,-9],[13,5],[9,18],[17,-2],[10,-13],[15,-4],[19,8],[8,10],[19,13],[26,21],[19,9],[14,4],[28,0],[27,-15],[15,-2],[13,5],[10,17],[-5,20],[-15,20],[5,11],[13,3],[13,-5],[6,-11],[-6,-21],[-1,-22],[4,-7],[16,-6],[10,0],[19,5],[20,15],[20,8],[20,1],[20,-8],[11,-15],[6,-17],[5,-3]],[[19195,8064],[13,-17],[20,-11],[5,-9],[13,-7],[5,-6],[2,-11],[5,-8],[17,-5],[18,-10],[23,0],[10,-4],[6,-8],[22,-13],[23,-9],[15,-11],[6,-14],[20,-20],[21,-16],[2,-12],[-5,-5],[-15,-19],[-25,-13],[-6,-8],[-1,-12],[6,-6],[1,-9],[-3,-14],[-8,-6],[0,-16],[30,-32],[2,-16],[9,-16],[3,-14],[13,-20],[18,-21],[15,-13],[7,-9],[13,-8],[12,0],[21,10],[20,3],[11,-4],[11,-17],[4,-11],[0,-20],[11,-24],[3,-27],[-16,-19],[-1,-5],[-12,-13],[-2,-17],[-7,-10],[-5,-21],[3,-5],[13,-1],[11,-11],[5,-9],[21,-9],[11,-12],[13,-2],[8,-6],[2,-8],[8,-8],[9,-18],[2,-15],[10,-18],[10,-22],[19,-17],[-4,-37],[0,-7],[7,-27],[4,-6],[16,-12],[11,-15],[4,-24],[14,-12],[19,-32],[4,-14],[7,-4]],[[19772,7090],[-2,-7],[3,-12],[-22,-5],[-18,4],[-10,-5],[-30,-7],[-8,1],[-20,-4],[-13,3],[-28,-13],[-23,-3],[-9,-15],[-18,-4],[-8,-6],[-14,-2],[-15,-8],[-7,-7],[-18,-9]],[[19512,6991],[4,30],[12,3],[-2,7],[4,8],[-7,13],[6,7],[-8,6],[1,18],[12,4],[-4,11],[-12,5],[-6,11],[5,5],[-12,13],[-2,11],[16,0],[1,7],[-4,15],[-8,6],[6,10],[13,7],[11,9],[-14,9],[4,14],[-15,3],[-7,-2],[-16,-1],[-11,7],[1,11],[18,7],[-18,17],[-11,-1],[-6,8],[2,6],[-8,5],[-8,-3],[-12,9],[-18,1],[1,7],[-15,1],[-7,15],[1,11],[5,7],[-11,8],[-1,11],[-6,20],[-11,-7],[-23,-2],[-7,5],[-23,0],[-7,-2],[-20,12],[-3,-14],[-11,-7],[-17,-6],[-15,0],[-13,18],[0,7],[-8,8],[-5,13],[-10,3],[-4,9],[7,4],[-10,8],[1,8],[-9,11],[-21,12],[-3,15],[6,14],[-4,4],[9,8],[1,9],[-12,-2],[-9,5],[-7,15],[7,3],[-6,7],[15,19],[-2,12],[8,12],[-14,1],[-8,9],[3,20],[14,15],[0,7],[11,2],[5,8],[15,11],[4,10],[-6,2],[0,10],[-33,12],[-6,-5],[-12,0],[-2,9],[7,5],[-5,7],[-16,6],[7,5],[4,12],[-6,10],[-13,5],[-8,0],[-22,15],[-28,-8],[-11,-7],[-1,-10],[-7,-3],[-3,-8],[12,-5],[2,-6],[-14,0],[-10,4],[-12,0],[-7,5],[-1,-16],[-7,-7],[2,-4],[-7,-12],[-21,3],[-23,-6],[-12,-9],[-10,7],[-15,-2],[-18,2],[-10,-3],[-7,-7],[-14,4],[-9,-10],[-11,1],[-15,-3],[-9,2],[-4,7],[-13,6],[-10,1],[-12,-9],[-1,-13],[-9,-10],[2,-9],[-3,-8],[11,-8],[0,-10],[10,-4],[-7,-11],[-10,-4],[-2,-10],[-8,-9],[-5,-12],[-8,0],[-1,-14],[-5,-12],[-9,-5],[-9,4],[-9,-7],[-11,4],[-10,-11],[6,-12],[-14,-8],[-2,-8],[-8,-1],[-10,-6],[-1,-6],[-16,-7],[-10,9],[-8,3],[-13,10]],[[18634,7476],[17,8],[1,15],[-6,20],[13,15],[-4,6],[-1,19],[9,11],[-6,5],[11,10],[2,17],[10,16],[-1,6],[5,9],[11,7],[2,19],[-8,4],[3,13],[-1,7],[6,9],[21,11],[15,20],[1,13],[-5,5],[4,7],[-6,10],[-10,7],[-9,14],[-22,8],[-12,12],[-20,5],[-13,0],[-3,7],[-17,3],[-23,20],[8,6],[-3,8],[11,1],[10,7],[-1,8],[10,-2],[3,5],[-3,9],[6,8],[6,14],[-4,8],[2,16],[-6,15],[17,12],[7,8],[12,5],[-11,9],[-5,10],[2,13],[-2,15],[-5,6],[18,10],[9,3],[7,-7],[10,-2],[21,13],[3,-7],[12,6],[7,-1],[12,-12],[37,-13],[9,2],[21,-7],[20,-14],[8,0],[4,7],[13,6],[11,27],[10,-2],[14,3],[13,7],[26,-3],[7,-6],[16,-6],[20,-2],[15,4],[37,19],[21,2],[10,4],[15,1],[25,9],[58,13],[16,0],[18,-5]],[[18467,8840],[12,2],[0,-9],[-7,-7],[3,-6],[27,7],[8,-3],[11,-14],[9,2],[6,-11],[18,5],[21,3],[10,12],[48,2],[11,-7],[11,10],[6,-6],[10,1],[8,9],[29,10],[8,-2],[11,5],[25,3],[13,-9],[17,8],[14,1],[5,14],[8,2],[2,-9],[11,-2],[2,6],[11,12],[4,0],[18,9],[26,-9],[16,4]],[[18899,8873],[-48,-31],[-195,-127],[-110,-72],[-217,-142],[-2,-90],[13,-1],[6,4],[24,2],[9,13],[-1,6],[11,15],[7,6],[18,6],[18,-4],[20,-3],[18,2],[22,5],[17,6],[22,1],[9,-8],[-6,-10],[4,-7],[17,-5],[65,-13],[23,-1],[22,-5],[14,1],[15,14],[32,5],[15,-4],[3,-7],[11,-6],[18,-14],[12,-13],[3,-6],[-4,-14],[3,-20],[32,-19],[3,-8],[-4,-19],[0,-10],[-6,-19],[0,-15],[10,-14],[14,-4],[10,10],[16,8],[22,5],[9,0],[23,-7],[31,0],[7,-6],[14,-29],[6,-16],[9,-7],[14,3],[11,-3],[25,-18],[7,-8],[19,-10],[7,-6],[21,-8],[11,-1],[7,-5],[7,-10],[0,-11],[6,-12],[21,-8],[14,-4],[6,-6],[10,1],[12,-6],[14,-15],[0,-15]],[[18634,7476],[-11,-8],[-11,-3],[-10,2],[-7,9],[-17,-1],[-8,11],[-7,-3],[0,-7],[-17,3],[-1,17],[-16,3],[-4,7],[-9,1],[-4,-6],[-13,5],[-14,-1],[-12,2],[-4,-12],[0,-11],[4,-4],[-13,-6],[0,-9],[-30,-8],[1,-7],[-13,-2],[1,-11],[-11,-4],[-1,-7],[-9,-6],[-9,-2],[0,-7],[-10,-19],[-7,-3],[-17,3],[-15,-10],[-22,-8],[1,-12],[-5,-2],[1,-14],[-12,4],[-10,-11],[-19,0],[-32,3],[-10,-6],[2,-12],[8,-3],[11,-19],[-7,-5],[-7,3],[-8,-5],[0,-6],[6,-8],[-1,-10],[8,-2],[0,-11],[-11,-2],[-1,-6],[21,-7],[10,-9],[-8,-3],[-14,7],[-21,8],[-21,4],[-11,8],[-11,0],[-8,7],[-20,-6],[-8,4],[-16,14],[-19,3],[-17,-13],[-11,-4],[-7,-9],[-7,-13],[-12,-2],[-15,9],[7,10],[-7,9],[-11,8],[8,15],[-11,6],[1,9],[-10,1],[4,10],[-10,1],[-7,8],[-1,11],[-16,-2],[-21,10],[-13,-4],[-17,16],[-7,21],[-9,10],[-10,4],[-3,9],[-16,8],[2,10],[-16,12],[-9,3],[-36,-12],[-15,9],[3,11],[-13,-3],[-5,5],[2,7],[-7,6],[0,12],[-7,29],[1,8],[-3,7],[-9,-1],[-3,-8],[-1,-37],[-4,-3],[-2,-13],[-4,-5],[-13,-3],[5,-8],[-7,-11]],[[17747,7423],[-25,19],[-13,8],[-6,10],[-13,12],[-2,12],[-4,8],[0,19],[4,8],[18,13],[0,7],[6,7],[0,8],[6,4],[0,13],[16,19],[-6,15],[-9,4],[-3,13],[-6,10],[2,5],[-6,9],[-8,0],[-4,7],[-16,10],[-4,6],[-9,1],[-7,7],[-18,1],[-7,4],[-13,-4],[-27,-1],[8,-12],[-10,-7],[2,-9],[-16,-11],[5,-5],[-5,-22],[-13,-1],[8,-14],[-5,-7],[4,-9],[-11,-7],[-14,-1],[-14,-11],[-9,-1],[-5,7],[-15,-6],[-29,-3],[-7,10],[-13,-1],[2,7],[-15,1],[-2,6],[-17,1],[-6,-3],[2,-15],[-11,-6],[-10,1],[-6,5],[-19,-5],[-15,2],[-19,-6],[-11,3],[-15,0],[-32,-4],[-16,-7],[-13,1],[0,-7],[-21,8],[-12,-1],[-2,-6],[-18,6],[-6,-3],[-16,-3],[-14,2],[-7,7],[-19,2],[-10,4],[-17,-4],[-8,1],[-10,7],[-8,0],[-12,5],[-20,-7],[-8,11],[-8,-7],[-23,11],[-3,-6],[-16,2],[-9,-4],[-15,8],[-12,20],[-10,5],[-13,12],[-9,-2],[-9,2],[-21,-7],[-19,0],[-7,-3],[-17,2],[-4,6],[-13,-7],[-14,-5],[-8,6],[-8,-9],[0,-6],[-11,-2],[-2,-10],[-22,-9],[-1,-11],[-20,5],[-32,37],[-12,21],[5,18],[8,11],[2,8],[-5,10],[7,6],[-3,13],[5,4],[11,22],[-4,21],[8,2],[-7,11],[5,12],[-5,7],[5,4],[0,9],[5,4],[25,-2],[9,5],[15,-1],[27,10],[13,12],[6,10],[14,8],[5,6],[1,12],[32,25],[3,14],[-8,8],[-3,16],[8,18],[12,8],[3,10],[11,7],[-3,9],[13,2],[-3,13],[-16,2],[-1,-5],[-10,-8],[-17,-4],[-9,0],[-8,-6],[-9,-1],[-21,26],[0,7],[-20,-6],[-7,-5],[-14,4],[-11,-6],[2,-6],[-9,-9],[-12,-6],[-14,12],[-9,1],[-17,7],[-11,0],[-3,-6],[-25,-2],[-13,5],[-5,5],[-14,-1],[9,-8],[-9,-10],[-13,1],[-8,-3],[-13,9],[-10,-7],[-6,2],[-4,11],[-29,-3],[-6,2],[-8,-12],[-11,-5],[-15,1],[-5,-13],[-23,-2],[-14,3],[-7,-2],[-3,-14],[-10,-1],[-13,8],[0,-15],[-5,-11],[2,-9],[-10,1],[-20,-3],[-9,3],[-6,-3],[6,-7],[-17,0],[-7,5],[-12,1],[2,-16],[-5,-10],[-8,-5],[-25,-1],[-4,3],[-20,4],[-17,0],[-4,7],[-17,5],[-14,-6],[-19,7],[-8,-1],[-15,6],[-15,-5],[-3,7],[-9,-4],[-16,3],[-2,8],[-5,10]],[[19772,7090],[21,-6],[15,-14],[2,-4],[-4,-27],[9,-19],[-1,-24],[-6,-13],[1,-10],[6,-6],[18,-4],[10,-7],[14,-19],[4,-12],[12,-11],[5,-11],[3,-19],[14,-23],[4,-17],[-5,-24],[1,-17],[-3,-24],[5,-11],[13,-11],[28,-7],[16,-6],[30,-34],[7,-17],[3,-18],[4,-7],[1,-15],[-5,-9],[-6,-3],[-21,-3],[-11,-6],[-13,-17],[1,-11],[8,-22],[11,-9],[22,-15],[9,-20],[-11,2],[-215,-42],[-167,-33],[-6,6],[16,11],[-8,3],[-4,9],[8,2],[6,11],[-7,2],[-1,10],[-7,4],[-2,10],[3,6],[-17,9],[-1,8],[5,9],[-4,13],[-13,3],[-2,4],[-27,6],[5,9],[-4,7],[-18,8],[-1,5],[-11,7],[-2,16],[-18,4],[0,10],[6,4],[2,20],[12,-3],[9,1],[4,6],[22,-11],[18,-3],[14,3],[7,9],[11,0],[6,4],[-6,6],[11,9],[16,4],[0,7],[-14,3],[8,6],[-4,13],[5,4],[-2,15],[-11,9],[0,5],[13,7],[-10,6],[0,13],[4,13],[10,7],[-4,20],[-17,3],[2,7],[-12,7],[6,5],[-14,15],[1,8],[-1,23],[8,13],[-6,3],[0,12],[-5,3],[0,13],[-7,5],[4,9],[-5,4],[-13,4],[3,11],[-13,1],[-4,6],[-12,0],[-10,10],[-11,-5]],[[18790,9565],[43,6],[14,-3],[17,4],[21,18],[14,2],[24,-9],[25,-30],[2,-7],[-1,-15],[5,-15],[10,-12],[9,-8],[9,-12],[19,-3],[10,-7],[-1,-10],[-8,-11],[4,-8],[18,-7],[2,-8],[-11,-31],[-5,-3],[3,-9],[5,-22],[10,-4],[11,-9],[1,-15],[21,-17],[9,-11],[7,-26],[0,-13],[5,-20],[6,-11],[11,-11],[22,-1],[22,-5],[18,-10],[21,-5],[8,-3],[11,-17],[4,-14],[18,-21],[10,-16],[4,-20],[-5,-6],[-15,-8],[-6,-5],[2,-6],[-13,-18],[-2,-8],[-29,-22],[-8,-9],[-21,-8],[-9,-2],[-11,-10],[1,-13],[-5,-20],[5,-20],[-88,0],[-134,-88]],[[17747,7423],[-7,-5],[-2,-8],[-13,-6],[-7,-13],[-18,-13],[-4,-8],[6,-4],[-6,-10],[1,-12],[-8,-7],[2,-6],[-5,-9],[-17,-13],[-21,-27],[6,-4],[-18,-9],[13,-5],[4,-6],[-3,-8],[13,0],[17,4],[18,1],[17,-4],[5,-9],[-8,-6],[-3,-10],[-8,-19],[5,-6],[2,-9],[16,10],[9,-8],[11,-3],[11,3],[7,9],[26,-2],[4,-6],[17,-8],[-8,-12],[-7,-1],[0,-8],[-8,-14],[15,-9],[11,2],[8,13],[9,-5],[0,-8],[6,-6],[-168,0],[-303,-1],[-236,0],[-142,0],[-221,0],[-226,0],[-215,0],[-318,0],[-194,0],[-21,6],[-4,11],[-38,-3],[-10,7],[-16,-3],[-20,10],[-9,-2],[-4,5],[-12,-11],[-13,9],[-8,2],[-14,10],[-19,-4],[-10,10],[0,6],[-13,-3],[-9,1],[-2,-8],[-10,1],[6,9],[-6,7],[-18,-2],[-14,-7],[-8,3],[-6,-10],[-13,-7],[-14,-3],[-7,6],[-12,-9],[-21,-6],[-6,-7],[-17,-14],[-12,2],[-7,-11],[-14,0],[-12,8],[-5,-7],[-10,-7],[-19,14],[-5,-6],[-10,-3],[-3,8],[-15,3],[-4,-5],[-13,3],[-15,6],[-14,-3],[-11,3],[-10,-4],[-17,1],[-2,-7],[-12,4],[-11,-7],[5,-11],[-17,-1],[-20,-3],[-7,-10],[-9,0],[0,-9],[-25,4],[-6,3],[-10,-2],[-6,-6],[-31,15],[-11,3],[-5,9],[-13,-4]],[[15068,7122],[-9,-7],[-11,2],[-13,12],[-5,-1]],[[15030,7128],[-10,12],[-14,-1],[-9,7],[-7,2],[-15,9],[-9,-1],[-20,6],[-16,2],[-14,-4],[-12,3],[-11,-3],[-21,1],[-16,-4],[-6,6],[-26,5],[-4,7],[-14,6],[-18,-3],[-10,2],[-6,6],[-34,6],[-13,5],[-13,13],[-14,16],[-15,0],[-7,7],[-17,6],[-3,6],[-11,11],[-18,13],[-15,1],[-18,13],[-12,14],[-12,9],[-9,3],[-24,-2],[-11,2],[-8,19],[15,26],[13,15]],[[14546,7369],[22,8],[23,0],[30,-11],[15,7],[24,2],[8,-3],[15,6],[13,26],[2,16],[11,10],[4,15],[26,-3],[5,9],[25,8],[10,0],[13,6],[11,1],[23,7],[27,2],[33,4],[32,2],[14,-7],[19,-14],[15,-3],[12,2],[36,-4],[14,2],[12,-3],[44,-3],[14,-2],[12,-5],[6,-7],[21,-1],[7,-3],[22,1],[24,-3],[23,4],[18,-4],[11,2],[13,10],[25,-1],[35,11],[21,2],[19,10],[11,15],[9,10],[-5,21],[5,15],[14,6],[4,11],[12,0],[13,9],[28,8],[8,6],[-1,5],[16,8],[4,20],[10,13],[11,-2],[14,12],[8,1],[3,11],[14,6],[9,7],[14,23],[13,3],[1,11],[8,2],[7,15],[1,15],[8,-4],[4,10],[12,-1],[12,12],[-6,25],[11,10],[12,2],[2,14],[-2,6],[3,16],[11,6],[1,6],[-9,28],[3,6],[10,7],[13,3],[10,-8],[7,7],[23,1],[25,10],[7,7],[22,11],[4,-5],[12,1],[3,-11],[10,-9],[9,4],[18,0],[-5,-9],[13,-11],[5,-13],[18,1],[0,-4],[18,1],[9,-3],[5,6],[11,1],[6,-3],[12,4],[11,1],[6,6],[25,3],[14,-3],[8,4],[1,6],[14,1],[11,11],[11,2],[9,6],[5,7],[9,3],[8,-5],[11,3],[19,2],[6,3],[17,-1],[5,2],[2,18],[10,3],[21,-8],[5,4],[10,-7]],[[14546,7369],[1,8],[-5,9],[12,11],[26,9],[9,16],[-6,6],[0,13],[8,0],[4,7],[10,7],[21,9],[5,6],[-6,4],[3,8],[-14,21],[5,18],[0,15],[5,5],[10,20]],[[14634,7561],[-5,5],[14,13],[-9,4],[-12,17],[26,6],[7,8],[23,9],[4,7],[11,1],[26,9],[10,12],[-4,7],[28,2],[9,-4],[4,6],[1,11],[-12,9],[28,2],[9,2],[1,9],[7,2],[12,16],[11,2],[-3,6],[2,11],[-11,4],[-33,8],[-5,6],[-1,14],[6,2],[-10,12],[4,7],[-6,6],[-7,-7],[-7,0],[-7,9],[-14,2],[-5,6],[15,10],[-4,5],[-14,-1],[-11,3],[-14,-4],[-4,-19],[-12,-12],[-10,-4],[-15,3],[-11,-4],[-7,7],[-23,-6],[-34,17],[-9,1],[-9,-6],[3,-9],[16,0],[6,-4],[-6,-11],[-12,-4],[-4,10],[-7,7],[-10,-5],[7,-22],[-15,1],[-10,-6],[-18,4],[-10,-11],[-17,-1],[-6,12],[-5,2],[-7,-10],[-7,0],[-14,15],[-7,1],[-5,-7],[-8,-1],[-20,3],[-5,6],[9,6],[16,4],[-3,8],[-13,3],[-11,-2],[-14,-10],[-1,-9],[-10,0],[-6,-9],[-10,-3],[-31,18],[-17,0],[-4,-6],[18,-8],[7,-11],[-1,-8],[-17,-11],[-10,-9],[-10,0],[-2,6],[-13,12],[-16,4],[-11,7],[1,16],[-10,1],[-15,-12],[-9,-3],[-19,6],[-3,6],[-13,1],[-18,13],[-2,12],[-15,-1],[-3,-12],[-16,-1],[-5,6],[2,9],[-15,1],[-18,-10],[-34,-3],[-10,-10],[14,-3],[-17,-15],[-7,11],[-7,1],[-15,-11],[-21,-1],[-28,13],[1,16],[16,0],[8,-8],[16,1],[-4,6],[-16,3],[-19,13],[6,12],[-9,5],[-8,-5],[3,-7],[-4,-5],[-18,-2],[-21,13]],[[13921,7800],[-7,7],[-23,9],[-14,-3],[-6,3],[-12,-5],[-11,5],[-26,4],[-19,11],[-24,9],[-4,6],[-1,18],[-8,6],[-1,8],[5,4]],[[13043,8522],[6,-1],[13,-9],[3,-19],[15,-7],[25,-2],[15,-4],[12,1],[11,11],[10,0],[8,-5],[10,-14],[15,-13],[12,-2],[17,5],[12,9],[11,3],[14,-5],[4,-6],[0,-19],[-5,-6],[-15,-10],[-3,-5],[16,-14],[7,-3],[19,2],[14,18],[4,15],[0,7],[-7,7],[-14,6],[-6,9],[2,16],[7,6],[9,0],[28,-8],[7,-5],[15,-42],[8,-11],[12,-11],[14,-1],[14,3],[0,17],[-8,14],[-10,10],[-2,7],[2,11],[11,3],[25,-12],[8,-9],[0,-13],[-11,-7],[-14,-18],[4,-8],[-10,-7],[1,-7],[11,-4],[8,1],[22,21],[4,6],[18,5],[21,11],[21,-1],[11,-5],[11,-14],[4,-16],[-8,-8],[-19,-5],[-8,-5],[7,-9],[19,0],[34,9],[28,-1],[12,4],[14,7],[30,23],[13,-5],[5,-12],[-1,-18],[-5,-20],[7,-10],[9,-4],[13,2],[19,17],[9,13],[3,12],[6,5],[13,3],[22,-1],[12,12],[16,11],[4,8],[1,14],[-6,9],[-29,18],[-7,8],[-1,7],[8,5],[26,-3],[11,-4],[6,-6],[4,-21],[0,-25],[9,-11],[13,-8],[16,6],[5,5],[11,28],[3,14],[8,4],[14,1],[8,-5],[15,-4],[26,-19],[22,-7],[16,-7],[32,-19],[17,-2]],[[13921,7800],[4,-15],[-1,-10],[-13,-18],[-8,1],[-4,9],[-24,-1],[-12,15],[-1,9],[-7,6],[-23,-5],[-6,-4],[0,-10],[8,-8],[1,-6],[-8,-5],[-21,-3],[-23,-9],[-12,-7],[-24,-2],[-9,1],[-21,10],[7,5],[7,-9],[15,0],[12,8],[-13,3],[-3,9],[-17,2],[-8,7],[-9,1],[-6,-10],[-8,-3],[-9,7],[-18,-8],[0,-8],[12,-2],[-2,-5],[-11,2],[-13,-8],[-5,-7],[-2,-9],[-13,3],[5,8],[-4,7],[-20,3],[2,-9],[11,-5],[-3,-13],[-17,-11],[-5,-7],[-9,2],[-6,9],[-28,1],[-14,-14],[-16,-4],[-8,12],[-6,2],[-18,-1],[-8,3],[-6,-7],[7,-12],[-15,-1],[-21,-3],[-5,13],[15,9],[0,8],[-17,0],[-32,-12],[1,-11],[7,-9],[0,-8],[-22,0],[-21,-8],[2,-17],[-8,-6],[-17,7],[-4,7],[6,9],[-15,22],[-8,-5],[4,-7],[-3,-8],[-12,7],[-1,7],[6,6],[-3,6],[-15,0],[-13,-9],[-15,2],[-11,9],[-3,16],[-12,9],[-32,0],[-21,-3],[-10,-4],[-30,4],[-18,4],[3,8],[11,3],[5,11],[-6,3],[-15,0],[-4,-8],[-27,-13],[-14,-4],[17,-22],[23,-11],[10,-3],[-14,-19],[-14,1],[1,10],[-16,6],[-4,10],[-8,3],[-20,-9],[-12,-1],[-5,-10],[8,-7],[-2,-5],[-21,-8],[-10,6],[8,18],[-5,16],[0,20],[-6,-2],[-3,-10],[-11,5],[-4,14],[-14,1],[-12,3],[-1,-9],[-7,-5],[-18,-2],[-16,2],[-11,9],[-13,7],[-10,9],[-17,1],[-4,-9],[10,-3],[-5,-17],[13,-9],[1,-12],[-12,-9],[-2,-8],[-16,0],[-27,3],[-2,14],[6,0],[12,-10],[18,6],[-3,7],[-15,1],[-26,14],[-14,4],[-15,8],[5,-16],[-13,-5],[-5,-14],[-8,1],[-8,9],[7,13],[-14,4],[-10,15],[-12,6],[16,14],[17,6],[-17,18],[-10,7],[-12,13],[-10,7],[13,6],[5,8],[23,19],[0,10],[8,18],[-15,13],[-12,4],[-30,-10],[-16,-2],[-12,-7],[5,-7],[-12,-7],[-38,2],[3,-7],[-17,-1],[-1,-5],[-20,-15],[-3,-7],[0,-17],[-13,-7],[2,15],[-10,14],[-8,-11],[-12,8],[-7,-3],[-5,-8],[-9,-6],[-38,-6],[1,-10],[5,-7],[-17,-11],[-14,-2],[-1,-6],[10,-11],[-5,-6],[-18,-5],[-8,9],[-29,-6],[-7,-8],[-11,-3],[-15,3],[-22,0],[-44,5],[-13,4],[-23,-1],[-6,6],[-12,0],[-5,-7],[-13,-2],[-2,-6],[11,-13],[2,-10],[-4,-9],[18,-9],[-4,-21],[4,-15],[-11,-13],[-9,3],[-6,11],[-7,6],[-15,2],[-11,-12],[13,-9],[26,-8],[1,-3],[-6,-18],[-11,-2],[-27,12],[-13,0],[-4,14],[-12,-2],[-11,7],[-12,-3],[-12,9],[-10,4],[4,7],[-2,13],[5,12],[-2,21],[-13,-8],[-14,-13],[-12,2],[-10,6],[-8,20],[-18,4],[2,5],[-5,10],[1,24],[-23,5],[-20,-2],[-20,2],[-28,-3],[-9,-7],[-8,3],[-28,27],[-17,4],[-13,8],[-17,4],[-16,0],[-5,22],[-5,9],[-2,14],[-14,0],[-8,-10],[15,-21],[-7,-9],[-9,-2],[-20,-11],[-10,-11],[-9,0],[-12,6],[-6,10],[-16,13],[-8,-7],[13,-3],[7,-7],[18,-26],[-12,-19],[-22,5],[-14,9],[-12,1],[-9,-11],[-13,-4],[10,-9],[11,-1],[7,-11],[-2,-12],[-24,15],[-6,6],[-7,-1],[-1,-10],[-23,-3],[-10,-6],[-24,5],[-19,9],[-16,1],[-25,20],[-13,16],[-15,8],[-12,23],[-23,11],[-18,2],[-21,0],[-4,6],[-4,17],[-10,3],[-10,-5],[-10,0],[-23,-4],[7,-8],[12,-3],[-16,-6],[-13,9],[-6,13],[-1,8],[-16,14],[4,5],[-8,5],[1,8],[-13,-1],[-13,8],[-8,-6],[-8,11],[-10,1],[-15,-4],[-8,1],[-23,-6],[-22,3],[-22,-1],[-22,10],[-2,5],[-24,5],[-3,-5],[-18,-1],[0,15],[-15,4],[-23,1],[-9,2],[-209,2],[-185,3],[-11,7],[-2,9],[-11,8],[-19,-3],[-14,5],[-17,2],[-15,8],[-5,7],[-16,3],[-10,-7],[-17,6],[-8,6],[-10,-15],[-9,9],[-15,1],[-42,7],[-8,0],[-32,9],[-27,0],[-30,-3],[-21,4],[-32,0],[-27,-2],[-19,1],[-14,7],[-25,0],[-12,-7],[-3,-7],[-2,-14],[-21,-22],[1,-6],[-5,-14],[-12,-14],[-3,-39],[-8,-9],[-13,-6],[-1,-24],[-24,-31],[-7,-5],[-9,-1],[-11,9],[-17,8],[-49,8],[-16,1],[-17,-10],[-8,-16],[-8,-6],[-20,-1],[-9,2],[-24,-8],[-20,2],[-8,-4],[-1,-12],[-9,-5],[-14,-21],[-2,-12],[-6,-12],[-7,-5],[-23,-7],[-12,-13],[0,-14],[5,-14]],[[9898,7652],[-27,-25],[-12,-14],[-12,-6],[-4,-8],[14,-19],[-3,-8],[-9,-1],[-9,-5],[-25,-29],[-23,-13],[-15,-4],[-15,-9],[-14,-3],[-45,-16],[-7,1],[-11,9],[-1,5],[-12,9],[-32,-1],[-9,6],[-2,8],[10,19],[-10,7],[-12,2],[-18,-6],[-10,-19],[-7,-9],[-9,-2],[-21,1],[-18,-4],[-10,4],[-21,2],[-19,-5],[-16,-12],[-15,1],[-12,-5],[-17,-2],[-10,-8],[-10,5],[-12,-3],[-2,8],[-16,4],[5,23],[-21,7],[-44,4],[-58,0],[-16,3],[-8,-2],[-9,3],[-17,2],[-32,-6],[-11,8],[-17,-4],[3,-11],[-9,-2],[-16,-10],[-13,0],[-9,-5],[-18,2],[-19,-7],[-9,-9],[6,-14],[0,-6],[-15,-1],[-22,14],[1,17],[-9,3],[-30,-1],[-21,4],[-6,10],[3,10],[-8,4],[-34,0],[-14,-4],[-11,0],[-33,10],[-24,1],[-22,-4],[-11,-5]],[[9898,7652],[8,12],[9,5],[33,5],[18,2],[24,-3],[24,4],[29,-2],[9,-9],[19,8],[5,8],[7,-2],[5,7],[19,7],[19,0],[15,-7],[12,-1],[23,-13],[10,8],[17,-2],[0,-9],[4,-13],[29,-18],[-6,-14],[13,-8],[11,-12],[10,-2],[5,-12],[-3,-17],[19,-12],[2,-11],[23,-19],[20,-6],[4,-8],[-5,-19],[10,-12],[19,5],[2,13],[-2,13],[3,3],[-4,11],[-12,10],[5,24],[7,8],[33,26],[18,-1],[1,9],[8,10],[13,-1],[5,-9],[30,-9],[13,0],[11,2],[22,12],[6,0],[12,-11],[7,-24],[-2,-13],[18,-14],[1,-6],[15,-6],[24,-2],[13,-12],[12,-6],[-3,-13],[10,-12],[-8,-6],[28,0],[18,-5],[12,5],[11,-10],[14,-9],[11,-11],[10,-2],[12,-9],[0,-6],[43,-29],[1,-18],[13,-12],[2,-11],[24,-4],[10,-11],[-3,-8],[-19,-15],[-1,-16],[2,-6],[-2,-9],[7,-11]],[[10809,7291],[12,-9],[-4,-6],[17,-5],[4,-14],[9,-2],[20,0],[3,-5],[17,-10],[9,0],[14,-15],[6,-2],[4,-8],[8,-5],[-2,-5],[-12,-5],[-4,-9],[-15,2],[-6,-9],[-14,0],[-5,-4],[-4,-16],[-9,-10],[16,-8],[-11,-11],[4,-10],[8,-1],[0,-16],[4,-4],[-3,-11],[8,-5],[-8,-11],[-11,-8],[-6,-14],[10,-12],[-16,-9],[15,-10],[-8,-15],[9,-6],[11,3],[7,-4],[17,5],[4,-7],[11,-6],[3,-17],[8,-3],[10,3],[3,-5],[19,1],[14,6],[4,8],[13,-1],[11,-11],[15,2],[5,-9],[-12,-12],[8,-7],[-7,-12],[15,-1],[5,-17],[7,-3],[2,-13],[-9,-5],[-16,3],[-13,5],[-11,-5],[-6,-6],[-10,-3],[-10,-17],[-10,-1],[-5,7],[-13,-4],[-11,1],[-17,-14],[5,-7],[-11,-5],[-2,-20],[-23,-16],[9,-4],[-4,-6],[-17,-13],[-11,3],[-15,1],[-9,-4],[-7,3],[-49,-11],[-7,-8],[-13,6],[-8,1],[-12,11],[-15,0],[-6,4],[-15,-11],[-3,6],[-13,0],[-20,5],[-12,20],[-12,5],[-7,-3],[-7,7],[-7,-5],[-19,-1],[-3,8],[-13,0],[3,19],[-11,-1],[-92,-135],[-143,-210],[-9,-14]],[[14634,7561],[-10,-1],[-24,-13],[-48,-9],[-5,-18],[-6,-4],[-7,5],[-10,-8],[2,-6],[-20,-13],[-9,2],[-37,-6],[-6,4],[0,7],[-17,5],[-11,-3],[-3,-9],[-11,-1],[-3,8],[-12,-3],[1,-9],[-12,-7],[-5,11],[-13,-4],[-8,-7],[-10,1],[-30,-2],[-16,-3],[-12,2],[2,-10],[-9,2],[-4,-10],[-10,1],[-8,-3],[-12,1],[4,-9],[-23,0],[-5,-5],[-10,0],[-1,14],[-11,7],[-13,3],[-5,-11],[9,-5],[-3,-7],[-20,0],[-3,11],[-11,5],[-26,-15],[-12,0],[-16,5],[-6,10],[-10,-6],[0,-8],[-18,-4],[-13,4],[-10,-10],[13,-10],[-14,-10],[-18,5],[-13,-5],[5,-9],[-6,-7],[-17,-1],[-9,2],[-3,-8],[-9,-4],[-1,13],[-6,7],[-15,-3],[-9,3],[-13,-3],[-7,-9],[-9,0],[-7,-10],[-10,4],[-7,-2],[-9,-9],[-18,1],[-23,7],[-14,-4],[-4,-11],[-11,-5],[-6,6],[-11,3],[-6,-4],[5,-9],[-14,3],[-11,-3],[-3,-19],[-24,4],[-2,6],[-11,-1],[-19,-8],[-11,4],[-11,-1],[-10,-10],[-5,9],[-20,2],[-3,11],[-6,0],[-17,-7],[-1,10],[-36,4],[2,-15],[-9,3],[-9,-3],[-12,0],[-7,4],[3,8],[-12,9],[-13,-6],[2,-7],[-7,-5],[-25,6],[1,-9],[-15,0],[-9,4],[-15,-5],[-10,4],[-4,5],[-12,2],[-9,-5],[-11,8],[-16,-11],[-15,-3],[-6,5],[0,8],[-13,4],[4,9],[-8,2],[-4,-11],[-20,-4],[0,-11],[-7,-13],[-15,-5],[9,-9],[-17,-7],[-7,4],[-13,-11],[-31,-17],[0,-5],[-33,-21],[-17,3],[-8,-3],[-3,-10],[-9,-4],[-3,-6],[-11,0],[-8,-10],[-5,8],[-11,-7],[-27,-7],[-17,1],[-7,7],[-9,-13],[-10,-5],[-10,4],[-11,-8],[-4,8],[-24,-9],[-25,-18],[-25,2],[-7,-5],[-15,3],[-3,-14],[-22,-7],[-4,-6],[-18,-1],[-10,-5],[-8,0],[-15,-8],[-39,-26],[0,-5],[-16,-16],[-11,-8],[-11,-4],[-15,-14],[-13,-4],[-1,-6],[-11,-9],[-13,-2]],[[12753,7070],[-12,-1],[-9,11],[-29,6],[-13,7],[-9,11],[-14,3],[-15,16],[-11,-9],[-14,-2],[-24,13],[-10,13],[-15,1],[-22,9],[-13,-2],[-18,2]],[[12525,7148],[-58,17],[-61,18],[-69,18],[-38,9],[-58,11],[-27,5],[-39,4],[-20,5],[-23,1],[-11,-2],[-35,2],[-19,5],[-10,8],[-20,2],[-7,5],[-16,4],[-2,14],[-5,6],[2,7],[-8,8],[-7,1],[-15,-6],[-18,-14],[-13,3],[-1,8],[-13,3],[-20,7],[-5,7],[-14,2],[-17,7],[-12,-2],[-19,2],[-1,-5],[-15,2],[-15,-2],[-10,3],[-19,9],[-11,-4],[-17,8],[-18,4],[-18,16],[0,7],[-12,11],[-2,12],[-12,7],[-6,12],[-14,5],[-5,16],[-11,4],[-29,-1],[-10,3],[-12,10],[-5,-4],[-16,11],[12,11],[-16,5],[-10,-4],[-16,2],[-13,5],[-26,-1],[-7,6],[-17,0],[-19,-2],[-11,-5],[-4,-6],[-26,-17],[-6,7],[-11,-7],[-11,5],[-16,-7],[-14,1],[-3,-5],[-105,-24],[-284,-67],[-170,-41],[-7,-2]],[[12525,7148],[-9,-2],[-8,-13],[2,-27],[8,-33],[13,-19],[-16,-33],[10,-16],[-3,-10],[6,-3],[1,-8],[-36,-34],[-17,-2],[-6,-11],[-21,-16],[1,-24],[-7,-14],[1,-6],[-4,-10],[-9,-5],[4,-6],[-11,-8],[-2,-24],[-8,-1],[-32,-22],[-5,-12],[6,-6],[-4,-6],[6,-5],[-3,-11],[1,-7],[-8,-19],[-10,-9],[4,-13],[-12,-1],[0,-7],[-14,-4],[-5,-9],[2,-15],[-11,-12],[-3,-8],[-8,-3],[-7,-9],[3,-18],[-11,2],[-5,-8],[-1,-21],[-14,-5],[-11,5],[-9,-4],[8,-6],[1,-13],[-7,-8],[9,-2],[5,-7],[5,-18],[-8,-9],[-13,-3],[-2,-14],[3,-3],[20,-3],[7,4],[6,-9],[-3,-6],[9,-3],[-6,-15],[26,-9],[6,-12],[5,-27],[5,-4],[17,-2],[11,-17],[8,-9],[-8,-7],[-20,-4],[-11,3],[-27,10],[-19,12],[1,14],[7,13],[-2,17],[-9,3],[-31,-9],[-2,-13],[21,-24],[7,-5],[-1,-9],[-16,-1],[-15,12],[-5,9],[-18,-8],[-2,-18],[-13,-7],[-1,-7],[6,-14],[9,-4],[-7,-9],[-7,1],[-4,-8],[-11,-13],[10,-16],[-15,1],[-11,-2],[-23,-7],[-10,-15],[-6,-1],[-11,-10],[-14,-25],[-15,-12],[-12,-5],[-16,-9],[-18,0],[-17,-3],[-8,4],[2,11],[-12,0],[-19,9],[-30,-8],[-18,2],[-22,-22],[-9,-6],[-12,0],[-7,-12],[-1,-14],[5,-11],[-3,-15],[-8,-15],[-21,-13],[-16,-2],[-11,-7]],[[11849,6132],[-109,-77],[-157,-112],[-112,-79]],[[15068,7122],[0,-163],[0,-191],[-1,-156],[0,-156],[0,-96],[12,3],[16,-2],[14,-14],[10,-3]],[[15119,6344],[-67,-42],[-12,0],[-28,-10],[-15,-16],[3,-9],[-14,-14],[-14,0],[-21,15],[-8,0],[-6,-15],[-12,-11],[-22,-7],[-7,-10],[-11,-7],[0,-20],[-3,-17],[2,-8],[-7,-13],[-16,7],[-10,-1],[-5,-7],[3,-8],[-7,-8],[1,-8],[9,-21],[-2,-4],[11,-9],[2,-10],[-12,-9],[-34,13],[-9,-2],[-17,11],[-11,1],[-23,-7],[-18,2],[-12,7],[-16,-4],[-24,-2],[-5,-7],[-10,-3],[0,-12],[-5,-4],[-15,-6],[-13,-7],[-16,-3],[-11,5],[-14,15],[-9,23],[-9,10],[-11,-4],[75,-148],[76,-152],[31,-61]],[[14751,5747],[-13,-4],[0,-155],[-1,-209]],[[14737,5379],[-13,-2],[9,-9],[-10,-12],[-11,1],[-7,-4],[-13,-1],[-5,-3],[-21,-3],[-5,-8],[-11,-9],[-14,-6],[-11,-8],[-5,-13],[-8,-4],[-10,-10],[-25,-9],[-20,-11],[-14,-1],[-24,-13],[-6,-2],[-26,0],[-19,5],[-81,90],[-13,10],[-18,9],[-15,1],[-15,-6],[-6,-5],[-15,6],[-18,1],[-18,11],[-14,26],[-8,8],[-4,24],[-10,20],[-15,6],[-4,5],[3,10],[-3,11],[-187,1],[-152,1],[-9,10],[-8,2],[-3,6],[-14,0],[-10,9],[-11,0],[-9,7],[-9,1],[0,7],[7,4],[1,14],[-11,6],[-1,7],[-12,18],[-1,14],[19,10],[-2,12],[15,14],[-2,17],[10,13],[1,10],[-16,22],[-24,4],[-10,21],[0,16],[2,15],[-4,7],[1,10],[-14,4],[-7,5],[4,8],[-2,9],[-7,4],[-189,-155],[-108,-87],[-6,17],[-11,4],[-13,13],[11,26],[-11,7],[-13,3],[2,15],[-5,12],[-34,5],[18,8],[4,8],[-9,3],[-5,10],[6,18],[-2,9],[-9,8],[-8,-4],[-22,6],[-10,-4],[-15,-12],[-12,-4],[-4,-22],[-10,-15],[3,-14],[-2,-10],[-26,-19],[-18,-6],[-50,91],[-3,13],[10,8],[-1,14],[8,11],[-11,4],[-24,-6],[-11,4],[4,11],[-11,-1],[-11,13],[-4,-6],[-28,-9],[-8,-5]],[[13111,5754],[-77,147],[-59,113],[163,110],[15,2],[9,21],[0,7],[-6,9],[-4,11],[11,102],[17,174]],[[13180,6450],[148,134],[100,91],[156,131],[216,182],[164,138],[104,88],[25,-1],[21,-6],[5,-14],[53,-12],[2,-5],[20,0],[18,-7],[31,0],[14,5],[13,-1],[9,-8],[18,4],[9,-4],[23,1],[9,5],[26,-5],[6,-5],[7,-16],[14,-10],[24,-5],[23,-1],[23,-6],[27,-9],[5,-4],[19,-3],[11,-9],[20,-12],[23,-11],[17,-3],[13,-7],[6,-9],[14,3],[23,-9],[5,3],[15,-6],[16,0],[7,-4],[9,7],[15,2],[7,-3],[17,4],[7,-2],[25,13],[27,-4],[8,3],[16,-1],[13,-8],[8,6],[19,-1],[21,4],[15,-2],[11,3],[26,12],[19,7],[12,7],[15,2],[26,0],[1,5],[10,3],[3,9],[7,6],[2,9],[9,4]],[[12753,7070],[6,-8],[-3,-8],[7,-4],[-6,-15],[-10,-4],[-3,-26],[118,-147],[71,-88],[110,-136],[137,-184]],[[13111,5754],[-14,-2],[-32,-13],[-6,6],[-16,3],[-8,-6],[-13,4],[-24,1],[-17,-2],[-9,-8],[-19,6],[-8,7],[0,11],[-23,8],[-8,-10],[-16,4],[-10,5],[-11,16],[-12,-1],[-20,9],[-11,-5],[-11,3],[-13,1],[-34,4],[-11,9],[-45,-11],[-4,-6],[-17,-14],[-10,-2],[-43,-4],[-8,-4],[-14,1],[-16,8],[-11,9],[-5,14],[1,7],[-13,15],[-25,10],[-16,1],[-9,10],[-24,-10],[-21,10],[-7,-2],[-13,-8],[-5,1],[-21,-17],[-8,-3],[-23,1],[-10,-8],[-6,0],[-12,-19],[-235,155],[-169,111],[-127,83]],[[14737,5379],[0,-219],[0,-223],[1,-8]],[[14738,4929],[-25,-7],[-12,-7],[-7,-7],[-21,-10],[-6,-6],[-13,-4],[-2,-16],[6,-11],[-14,-16],[0,-10],[-7,-6],[-15,-8],[-14,1],[-9,-7],[-12,2],[-13,-12],[-7,-4],[-42,2],[-14,-16],[3,-7],[11,-6],[11,-3],[31,-1],[15,-7],[3,-11],[8,-8],[-2,-4],[11,-19],[-2,-6],[-15,-12],[-20,-10],[-17,-1],[-9,5],[-13,-3],[-10,-6],[-8,-1],[-6,-9],[6,-9],[-22,1],[-18,-8],[-11,6],[7,18],[-4,6],[-16,3],[-22,-1],[-6,-5],[6,-6],[0,-8],[6,-6],[-9,-3],[9,-9],[-6,-8],[-22,0],[6,-6],[-15,-12],[12,-15],[11,0],[12,3],[6,-6],[14,12],[4,12],[9,1],[6,-11],[10,-3],[17,4],[-6,-17],[-12,-6],[7,-9],[-29,1],[-10,-2],[1,-9],[-8,1],[-11,-7],[2,-11],[-14,0],[9,-14],[-26,-6]],[[14738,4929],[6,-10],[-8,-6],[-5,-19],[-7,-2],[-5,-8],[-12,-13],[10,-9],[4,-13],[6,-7],[12,-6],[20,-5],[15,-12],[16,-6],[17,-7],[13,-9],[7,-12],[-1,-6],[15,-4],[9,-10],[1,-6],[14,-13],[10,-6],[14,-3],[12,-18],[15,-2],[5,-14],[18,-15],[6,-10],[7,-1],[24,-13],[21,-5],[4,7],[31,-5],[18,-1],[21,3],[8,-4],[16,-26],[-2,-12],[12,-1],[13,2],[13,-4],[9,-7],[16,-3],[-2,-6],[13,-7],[10,-1],[10,3],[12,-9],[21,-10],[15,-13],[-1,-5],[11,-14],[20,-7],[10,-9],[12,-1],[6,-5],[19,3],[2,-5],[14,-3],[9,-6],[16,-5],[12,3],[1,-6],[16,-2],[19,-14],[4,-10],[23,-4],[9,-4],[15,-2],[6,-13],[-9,-10],[3,-4],[-3,-14],[21,-10],[7,-12],[7,-2],[0,-10],[-6,-4],[2,-17],[-9,-11],[-1,-9],[21,-6],[-3,-6],[9,-4],[6,-10],[14,0],[0,-17],[10,1],[8,-5],[-6,-8],[-13,-5],[-1,-12],[-12,-5],[2,-14],[-8,1],[4,-11],[-10,-1],[-7,-11],[-11,2],[-4,-7],[4,-11],[-14,-8],[8,-7],[-4,-5],[-12,0],[-1,-7],[-17,-2],[18,-31],[6,-4],[-3,-10],[14,-1],[1,-13],[8,-8],[7,3],[12,-1],[-5,-9],[8,-4],[1,-8],[13,-2],[2,-9],[16,4],[10,-15],[-6,-8],[-9,-7],[-10,-2],[0,-6],[16,-11],[8,3],[5,-8],[12,-1],[4,-10],[34,-10],[-8,-13],[13,-9],[-7,-13],[-11,-4],[11,-8],[-3,-13],[15,-6],[3,-10],[6,0],[18,-9],[28,-10],[9,-9],[13,-2],[8,-10],[8,-1],[-7,-19],[12,-12],[10,2],[9,-7],[11,6],[9,-2],[7,-12],[3,-15],[-5,-7],[-20,-2],[7,-13],[6,0],[24,-17],[-5,-9],[-2,-13],[-10,-3]],[[15119,6344],[18,1],[13,10],[8,17],[29,15],[33,12],[14,4],[17,-1],[20,-6],[24,13],[12,-2],[-8,-23],[1,-21],[2,-5],[16,0],[12,-5],[20,-2],[10,13],[22,3],[16,7],[20,-5],[5,2],[10,9],[9,3],[22,1],[21,-9],[30,-19],[21,-3],[13,2],[24,-2],[33,0],[32,4],[23,5],[15,-5],[30,1],[16,-4],[17,2],[6,-3],[2,-9],[-3,-6],[5,-12],[13,-6],[16,-4],[15,8],[10,15],[10,4],[19,13],[5,15],[11,-8],[9,4],[17,-5],[18,6],[7,-4],[10,1],[22,7],[15,-11],[10,-4],[2,-8],[11,-7],[16,-3],[0,-7],[26,0],[21,-1],[16,4],[10,-1],[-1,-14],[8,-6],[12,-4],[8,-9],[25,-13],[7,-5],[6,-10],[10,-5],[-1,-6],[-31,-19],[-1,-6],[18,-7],[2,-6],[22,-5],[34,-12],[10,-10],[-5,-8],[-21,2],[-7,-2],[-9,-8],[0,-14],[9,-6],[7,-11],[29,-15],[12,-9],[14,-3],[14,4],[5,-8],[2,-9],[-7,-21],[-8,-7],[-19,5],[-15,-3],[-3,-5],[4,-12],[-5,-15],[9,-10],[12,-6],[3,-5],[-1,-12],[11,-16],[-2,-16],[-22,-13],[-20,5],[-7,-7],[-16,-10],[0,-15],[11,-21],[8,-4],[8,3],[16,-2],[14,-6],[1,-4],[20,-18],[20,-29],[17,-13],[4,-13],[-5,-11],[-10,-2],[-17,14],[-20,-1],[-14,3],[-3,7],[-18,-4],[-10,5],[-14,1],[-23,-8],[2,-9],[-13,-8],[7,-21],[-2,-11],[-18,5],[-23,-7],[-19,-2],[-12,8],[-16,-6],[-24,2],[-6,-5],[-21,5],[-17,-3],[4,8],[13,10],[-2,10],[-7,13],[8,13],[-20,0],[-12,-6],[-10,-8],[-12,-6],[-22,13],[-9,-1],[0,-8],[-13,-11],[-8,-15],[-12,4],[-16,17],[-12,11],[-19,10],[-9,8],[-20,10],[-5,15],[-5,1],[-10,13],[-25,6],[-9,9],[5,14],[-11,4],[-11,-1],[-16,6],[-5,14],[-7,6],[-9,-2],[-20,0],[-12,-11],[-18,-2],[-13,-14],[-10,3],[-24,-11],[-8,-6],[3,-9],[-7,-16],[-37,2],[-7,3],[-8,-11],[-22,-16],[-4,2],[-15,-8],[3,-22],[-23,-2],[-7,-27],[-8,12],[-12,12],[-9,1],[-6,-8],[-6,10],[-10,6],[0,9],[-14,7],[-3,11],[-31,-1],[-2,5],[-29,-4],[1,-10],[-6,-8],[-10,6],[-12,-3],[-10,-13],[-10,0],[1,-8],[-12,-22],[-14,-5],[-16,-2],[-1,4],[-12,8],[-3,-5],[-44,-22],[-8,-2],[-9,-12],[-8,-1],[-7,-8],[-21,-2],[-8,13],[-6,-1],[-8,6],[-16,0],[-3,-6],[-28,1],[-20,-11],[-7,6],[-19,-6],[-12,-1],[-16,11],[-10,-7],[-20,11],[-2,-12],[-6,-11],[-16,-8],[0,-5],[-9,-8],[-10,5],[-9,-1],[-15,6],[-8,0],[-5,12],[-10,6],[-14,2],[-16,-3],[-6,-15],[-8,-5],[2,-10],[-16,-7],[-5,4],[-17,-5],[-7,5],[3,10],[-8,7],[-21,5]],[[18409,11471],[-16,7],[-21,0],[-12,-3],[-14,9],[6,17],[-5,12],[-14,-1],[-20,-4],[-25,-2],[-16,-4],[-24,-8],[-7,-8],[1,-17],[-24,2],[-24,-42],[-17,-7],[-6,3],[-13,16],[-11,9],[-6,21],[-7,16],[-7,8],[-15,4],[-19,-5],[-9,-6],[-16,-1],[-14,13],[-21,13],[-17,6],[-15,12],[-7,-1],[-1,-10],[21,-12],[1,-7],[-7,-9],[-6,-1],[-25,9],[-20,12],[-5,8],[3,6],[2,41],[-10,11],[-16,6],[-25,0],[-3,-5],[16,-14],[11,-12],[-12,-7],[-29,-1],[-7,3],[-7,9],[-1,10],[-4,5],[-21,7],[-31,3],[-21,0],[-28,-4],[-3,-8],[10,-7],[19,-4],[8,-5],[13,-14],[0,-10],[-18,-5],[-17,5],[-6,8],[-12,22],[-19,20],[-7,5],[-37,2],[-8,25],[-10,8],[-11,5],[-15,-5],[4,-10],[0,-10],[7,-21],[-2,-7],[-10,-4],[-23,7],[-23,13],[-4,10],[0,18],[-10,9],[-28,-3],[-8,7],[7,8],[-6,14],[6,10],[-33,13],[-8,2],[-27,-2],[-5,-2],[-13,6],[-6,13],[0,18],[-7,3],[-29,-7],[-11,-9],[-2,-9],[-7,-2],[-9,3],[-7,15],[-11,3],[-15,-7],[-7,-5],[-16,-6],[-13,2],[-10,11],[-3,11],[6,18],[-2,4],[-12,0],[-12,-11],[-10,-3],[-14,6],[-20,-1],[-14,-7],[-8,-10],[-3,-10],[18,-7],[6,-15],[-7,-6],[-9,-3],[-26,-3],[-4,11],[-13,17],[-13,13],[-9,-6],[1,-11],[-22,1],[-8,-11],[-19,-6],[-15,0],[-26,-7],[-21,8],[-6,-5],[-7,-35],[6,-15],[0,-13],[-11,-5],[-9,1],[-22,8],[-14,14],[-13,17],[-2,-7],[3,-9],[-16,-3],[-9,-4],[-7,-14],[6,-13],[-3,-7],[-12,-2],[0,14],[-3,7],[-8,2],[-10,-8],[0,-15],[-16,-6],[-3,-8],[-8,-5],[-12,5],[-10,-5],[7,-8],[-1,-7],[-21,-16],[-11,3],[-6,16],[-16,-9],[-20,18],[-11,4],[-6,-2],[-6,-14],[-5,-5],[-14,3],[-3,11],[-11,6]],[[16761,11562],[1,221],[1,205],[1,203],[1,132],[1,143]],[[16766,12466],[6,-3],[18,-15],[8,-13],[6,0],[40,6],[21,5],[12,0],[30,-6],[34,1],[18,-6],[5,-11],[10,-8],[14,-1],[21,2],[37,-4],[15,6],[20,10],[10,10],[32,15],[12,4],[19,1],[43,-21],[14,-1],[15,3],[18,9],[6,6],[11,16],[10,3],[26,0],[22,5],[20,-1],[31,5],[31,-6],[23,4],[26,-4],[15,1],[16,3],[39,-8],[43,-18],[26,-2],[28,4],[14,6],[31,17],[17,14],[31,1],[42,12],[45,3],[17,6],[8,6],[30,8],[22,3],[21,-5],[16,1],[19,6],[20,1],[26,-6],[18,-6],[15,-9],[17,-15],[19,-7],[15,1],[34,12],[14,3],[20,-3],[10,2],[24,14],[23,9],[31,10],[12,5],[20,17],[16,16],[29,14],[19,8],[27,15],[15,14],[21,9],[40,8],[14,-1],[9,-4],[28,-20],[17,-11],[21,-3],[33,7],[32,3],[26,-7],[35,-1],[21,-3],[54,-1],[12,1],[20,-4],[13,-8],[19,-17],[17,-6],[16,1],[33,5],[14,-1],[21,-8],[23,-20],[14,-10],[27,-11],[33,-16],[14,-8],[15,-12],[1,-7],[-48,-30],[-10,-19],[-4,-17],[2,-8],[11,-17],[15,-14],[6,-10],[3,-14],[26,-27],[29,-17],[16,-7],[1,-12],[7,-9],[19,-13],[4,-18],[-4,-8],[-10,-7],[-25,-7],[-19,-7],[-31,-16],[-9,-8],[-10,-14],[-44,-22],[-34,-11],[-20,-12],[-10,-8],[-26,-27],[-10,-16],[-25,-13],[-18,-12],[-14,-14],[-3,-17],[-16,-24],[-3,-20],[-6,-12],[-9,-23],[-17,-16],[-3,-10],[-4,-46],[-5,-16],[0,-24],[1,-10],[11,-15],[3,-23],[6,-17],[8,-14],[-1,-17],[1,-9],[8,-7],[22,-12],[5,-7],[-5,-15],[-5,-8],[-19,-9],[-5,-9],[-6,-16],[1,-13],[-4,-11],[-16,-13],[-27,-14],[-23,-16],[-29,-17],[-30,-4],[-24,-13],[-16,-17],[-42,-13],[-16,-7],[-19,-13],[-11,-4],[-25,-7],[-11,-4],[-22,-18]],[[15754,12389],[19,4],[8,10],[13,6],[18,2],[15,-2],[13,4],[25,13],[27,5],[26,-15],[11,-16],[4,-11],[16,-22],[5,-2],[32,-2],[16,-7],[13,-1],[17,3],[16,-4],[21,0],[7,5],[26,22],[8,19],[41,24],[16,11],[28,3],[15,0],[9,9],[12,21],[9,10],[17,10],[33,3],[11,5],[8,12],[36,11],[43,5],[14,-3],[10,-7],[9,-14],[9,-9],[23,-3],[39,6],[15,-1],[16,-8],[45,-15],[27,1],[51,-11],[18,-1],[16,4],[13,8],[15,2],[30,1],[28,-8]],[[16761,11562],[-7,-2],[-10,-9],[-17,-1],[-17,8],[1,-10],[6,-13],[-6,-15],[-11,-1],[-7,9],[-14,5],[-11,-4],[0,-6],[-16,-3],[-14,-13],[2,-9],[-12,-4],[-5,-11],[-6,-5],[-9,-1],[-18,4],[-1,-18],[-12,-3],[-11,6],[-5,11],[-10,4],[-12,-4],[5,-9],[-6,-9],[-15,-4],[-10,-8],[-9,6],[-14,4],[-14,-5],[-14,-24],[-11,-5],[-6,2],[-13,15],[-1,7],[-11,4],[-23,-9],[-11,-7],[-10,3],[-10,-2],[1,9],[-10,2],[-10,-11],[-8,-3],[-9,5],[-13,-3],[0,-10],[-7,-7],[28,-5],[14,8],[10,-9],[16,-9],[-3,-8],[-23,-6],[-9,8],[-7,1],[-15,-7],[-11,-1],[-8,-6],[5,-23],[-2,-4],[-42,7],[-15,0],[-22,-9],[21,-5],[8,1],[16,-6],[5,-5],[-1,-8],[-16,-5],[-29,0],[-18,-6],[-3,-4],[-2,-15],[21,-7],[-9,-18],[-17,-8],[-12,0],[-13,4],[-2,14],[-14,8],[-12,1],[-5,-5],[3,-15],[-14,-3],[-8,2],[1,12],[-6,4],[-15,-7],[-16,7],[-11,-8],[-14,-1],[-12,2],[-15,0],[-6,3],[-15,2],[-5,-8],[-12,-7],[-4,-8],[-12,4],[-7,-10],[-13,1],[-7,-6],[-11,3],[-2,17],[-13,0],[-5,-7],[-10,-4],[-12,4],[7,18],[-23,-4],[-36,-3],[-11,-9],[-8,-4],[-23,1],[1,11],[-6,9],[-16,-6],[-26,0],[-4,-15],[9,-18],[-6,-12],[19,-1],[4,-10],[-11,-6],[-3,-8],[-2,-18],[15,-6],[0,-8],[-4,-16],[-9,-7],[-1,-10],[-6,-2],[0,-15],[5,-7],[-10,-2],[6,-7],[-5,-7],[-8,-1],[-1,-7],[-28,-5],[-7,-11],[-11,5],[10,10],[-16,2],[-2,-17],[7,-3],[-9,-9],[-26,-1],[-10,-11],[-9,-4],[6,-5],[6,-12],[-7,-4],[-20,5],[-7,-3],[-12,5],[-20,-11],[-7,-11],[11,-4],[-2,-9],[18,-4],[-6,-11],[-13,6],[-2,5],[-9,1],[-14,-9],[-1,-9],[-12,-6],[-16,4],[-14,-3],[9,-7],[-7,-14],[-14,3],[-5,5],[-16,7],[-5,-12],[-24,-3],[-21,-6],[-10,8],[-9,3],[-3,8],[-18,10],[-5,7],[-2,13],[-8,1],[-3,-13],[6,-17],[-2,-7],[-20,-3],[-8,7],[-14,2],[-4,-13],[11,3],[10,-3],[-3,-10],[9,-11],[-5,-9],[-10,-5],[-16,2],[5,8],[-16,8],[-7,-1],[-4,-8],[15,-11],[-5,-10],[-15,8],[-2,13],[-14,12],[-12,0],[15,-22],[-7,-4],[-15,8],[-7,9],[-12,-1],[-6,-10],[1,-8],[-23,0],[-3,7],[-9,-5],[-8,3],[3,7],[-6,4],[-12,-6],[-20,3],[-13,-6],[-18,4],[-11,5],[-3,7],[3,11],[-8,17],[0,9],[-4,14],[3,6],[-18,5],[-4,13],[-5,3],[-21,-18],[-10,6],[1,11],[-4,4],[-15,4],[-5,-3],[3,-13],[-4,-9],[-16,-1],[3,16],[-2,6],[-8,3],[-16,-9],[-9,3],[0,14],[6,12],[-21,-1],[-5,-7],[2,-7],[-17,1],[9,-10],[-5,-9],[-10,2],[-4,8],[-9,-4],[-3,-8],[-13,0],[-9,-4],[2,-9],[-21,0],[-5,-7],[-10,1],[0,8],[-15,5],[-10,-2],[15,-8],[-26,-1],[5,-6],[0,-10],[-7,-2],[-17,19],[-1,-13],[-16,4],[-21,-3],[-3,-12],[-18,5],[-15,17],[-8,-3],[5,-10],[11,-7],[-7,-13],[-11,4],[0,14],[-18,-1],[-14,2],[1,-15],[-18,-6],[-4,13],[-16,-4],[0,-18],[-17,3],[6,6],[-7,5],[-5,-9],[-7,-6],[10,-5],[4,-7],[-17,-4],[-5,8],[-10,1],[-7,-13],[-9,2],[-6,14],[-9,1],[-20,-6],[-4,-8],[-11,-1],[-8,-5],[-6,7],[6,9],[-4,6],[-9,-1],[3,-10],[-13,-7],[-10,0],[-11,6],[-19,5],[8,-10],[-7,-6]],[[14491,10921],[-26,53],[-4,5],[-11,3],[-10,12],[-13,6],[-3,5],[-12,7],[-4,-2],[-15,5],[-8,-2],[-36,5],[-11,2],[-9,6],[-14,2],[-14,13],[-13,5],[6,19],[-6,11],[-23,5],[-6,11],[-29,28],[-19,0],[-8,28],[-16,-7],[-18,-3],[-20,-7],[-4,1],[-23,-5],[-7,3],[-41,-14],[-32,37],[-1,7],[-10,11],[-26,-10],[-43,38],[-19,-8],[-19,-5],[-15,5],[-3,28],[14,27],[9,-10],[2,-10],[6,-8],[8,3],[21,2],[29,16],[14,14],[11,3],[3,14],[-32,-7],[-17,-6],[-79,29],[-7,16],[-1,10],[-15,17],[-10,4],[6,22],[-14,5],[-29,2],[16,25],[39,-25],[11,17],[-31,24],[-21,29],[-35,-12],[2,28],[-12,5],[3,9],[-18,1],[-10,-2],[-9,14],[-12,8],[10,12],[2,8],[-17,5]],[[14491,10921],[-5,-5],[-11,1],[-7,-6],[7,-10],[-3,-7],[-21,-17],[-21,-12],[2,-10],[-14,1],[-7,-3],[-18,8],[-7,-15],[-12,1],[-3,-5],[-19,-9],[5,-5],[-4,-6],[-25,-1],[-4,-13],[-12,-3],[-14,6],[-2,-7],[-11,-1],[-11,-9],[9,-5],[-3,-9],[-10,-2],[-6,6],[-17,-11],[-1,-13],[-13,-2],[-6,5],[-13,1],[-5,-7],[-9,1],[-7,12],[-16,4],[-3,-4],[-16,4],[-8,-2],[-21,9],[-6,-5],[-5,-13],[-9,-6],[-3,-7],[-23,5],[-1,-10],[4,-10],[10,-4],[-20,-6],[-3,4],[-14,-3],[-29,-11],[-1,10],[-12,-1],[-7,10],[-6,-4],[0,-8],[-12,-4],[-6,11],[-18,-4],[-4,12],[-16,2],[-5,5],[-12,-3],[-22,-1],[-27,9],[0,6],[-17,-1],[-6,7],[-8,-2],[-21,11],[-16,0],[-7,9],[-14,-1],[-39,10],[-3,-6],[-11,-2],[-11,3],[-13,-1],[-28,8],[-6,5],[6,9],[-5,5],[-1,10],[-8,3],[4,6],[-10,4],[-1,7],[-11,0],[-15,-7],[-16,0],[-24,4],[-33,-2],[-7,2],[-14,-2],[-14,-7],[-4,-11],[-10,-4],[-4,-6],[-17,-5],[-19,11],[-8,7],[0,6],[-17,7],[-20,4],[-11,-5],[-6,3],[-26,1],[-21,3],[-4,4],[-17,-1],[-4,-4],[-19,2],[-10,-10],[-19,-5],[-8,-13],[-12,-6],[-39,1],[-16,-11],[-7,-2],[-2,-8],[5,-13],[8,-7],[-2,-16],[-12,-7],[-15,-2],[-10,9],[-15,10],[-28,-5],[-9,2],[-14,-7],[-28,2],[-17,-6],[-19,-12],[-14,-1]],[[18409,11471],[-9,-10],[-30,-16],[-19,-21],[-3,-27],[7,-14],[26,-9],[12,-13],[1,-5],[-12,-28],[2,-18],[7,-8],[-2,-13],[-19,-16],[-7,-16],[-20,-32],[6,-14],[22,-19],[17,-24],[8,-7],[0,-22],[27,-13],[-7,-15],[-16,-16],[-3,-8],[2,-26],[-7,-36],[-9,-18],[-13,-11],[-1,-10],[3,-10],[2,-29],[-2,-18],[2,-11],[12,-20],[8,-30],[-1,-15],[3,-25],[-7,-23],[0,-29],[3,-15],[1,-20],[7,-15],[3,-17],[-8,-18],[-32,-44],[-5,-12],[0,-18],[2,-18],[-4,-26],[5,-9],[7,-29],[-2,-9],[-24,-18],[-4,-18],[6,-8],[23,-15],[36,-10],[16,-9],[15,-11],[12,-16],[-2,-13],[-5,-7],[-3,-16],[17,-14],[23,-7],[2,-8],[-10,-10],[-5,-14],[4,-16],[13,-7],[12,-14],[3,-15],[-3,-10],[-16,-4],[-14,3],[-15,0],[-13,-5],[-8,-10],[-3,-15],[6,-15],[18,-31],[-7,-19],[-5,-23],[2,-14],[18,-20],[16,-11],[1,-25],[12,-25],[32,-19],[12,-8],[14,-20],[7,-23],[10,-21],[7,-28],[8,-13],[10,-8]]],"transform":{"scale":[0.0006081394762769765,0.0008344842129263183],"translate":[-79.00939681272513,-4.229406466336059]},"objects":{"master_municipios_inset":{"type":"GeometryCollection","geometries":[{"arcs":[[0,1,2,3,4,5,6,7,8,9,10]],"type":"Polygon","properties":{"divipola_mun":"05001","divipola_mun_n":5001,"divipola_dep":"05","divipola_dep_n":5,"mpio_nombre":"MEDELLÍN","dpto_nombre":"ANTIOQUIA","area_km2":374.7415}},{"arcs":[[11,12,13,14,15,16,17]],"type":"Polygon","properties":{"divipola_mun":"05002","divipola_mun_n":5002,"divipola_dep":"05","divipola_dep_n":5,"mpio_nombre":"ABEJORRAL","dpto_nombre":"ANTIOQUIA","area_km2":506.9598}},{"arcs":[[18,19,20,21,22,23]],"type":"Polygon","properties":{"divipola_mun":"05004","divipola_mun_n":5004,"divipola_dep":"05","divipola_dep_n":5,"mpio_nombre":"ABRIAQUÍ","dpto_nombre":"ANTIOQUIA","area_km2":296.9742}},{"arcs":[[24,25,26,27,28]],"type":"Polygon","properties":{"divipola_mun":"05021","divipola_mun_n":5021,"divipola_dep":"05","divipola_dep_n":5,"mpio_nombre":"ALEJANDRÍA","dpto_nombre":"ANTIOQUIA","area_km2":128.8564}},{"arcs":[[29,30,31,32,33]],"type":"Polygon","properties":{"divipola_mun":"05030","divipola_mun_n":5030,"divipola_dep":"05","divipola_dep_n":5,"mpio_nombre":"AMAGÁ","dpto_nombre":"ANTIOQUIA","area_km2":84.1171}},{"arcs":[[34,35,36,37,38,39,40,41]],"type":"Polygon","properties":{"divipola_mun":"05031","divipola_mun_n":5031,"divipola_dep":"05","divipola_dep_n":5,"mpio_nombre":"AMALFI","dpto_nombre":"ANTIOQUIA","area_km2":1208.3462}},{"arcs":[[42,43,44,45,46,47,48]],"type":"Polygon","properties":{"divipola_mun":"05034","divipola_mun_n":5034,"divipola_dep":"05","divipola_dep_n":5,"mpio_nombre":"ANDES","dpto_nombre":"ANTIOQUIA","area_km2":402.4506}},{"arcs":[[-4,49,50,-33,51,52,53]],"type":"Polygon","properties":{"divipola_mun":"05036","divipola_mun_n":5036,"divipola_dep":"05","divipola_dep_n":5,"mpio_nombre":"ANGELÓPOLIS","dpto_nombre":"ANTIOQUIA","area_km2":81.8618}},{"arcs":[[54,55,56,57,58]],"type":"Polygon","properties":{"divipola_mun":"05038","divipola_mun_n":5038,"divipola_dep":"05","divipola_dep_n":5,"mpio_nombre":"ANGOSTURA","dpto_nombre":"ANTIOQUIA","area_km2":338.3618}},{"arcs":[[-42,59,60,61,62,63,64,65]],"type":"Polygon","properties":{"divipola_mun":"05040","divipola_mun_n":5040,"divipola_dep":"05","divipola_dep_n":5,"mpio_nombre":"ANORÍ","dpto_nombre":"ANTIOQUIA","area_km2":1412.957}},{"arcs":[[-21,66,67,68,69,70,71,72,73]],"type":"Polygon","properties":{"divipola_mun":"05042","divipola_mun_n":5042,"divipola_dep":"05","divipola_dep_n":5,"mpio_nombre":"SANTA FÉ DE ANTIOQUIA","dpto_nombre":"ANTIOQUIA","area_km2":525.5532}},{"arcs":[[-73,74,75,76,77,78]],"type":"Polygon","properties":{"divipola_mun":"05044","divipola_mun_n":5044,"divipola_dep":"05","divipola_dep_n":5,"mpio_nombre":"ANZÁ","dpto_nombre":"ANTIOQUIA","area_km2":255.9105}},{"arcs":[[79,80,81,82]],"type":"Polygon","properties":{"divipola_mun":"05045","divipola_mun_n":5045,"divipola_dep":"05","divipola_dep_n":5,"mpio_nombre":"APARTADÓ","dpto_nombre":"ANTIOQUIA","area_km2":535.3514}},{"arcs":[[83,84,85,86,87,88,89,90]],"type":"Polygon","properties":{"divipola_mun":"05051","divipola_mun_n":5051,"divipola_dep":"05","divipola_dep_n":5,"mpio_nombre":"ARBOLETES","dpto_nombre":"ANTIOQUIA","area_km2":754.2765}},{"arcs":[[91,92,93,94]],"type":"Polygon","properties":{"divipola_mun":"05055","divipola_mun_n":5055,"divipola_dep":"05","divipola_dep_n":5,"mpio_nombre":"ARGELIA","dpto_nombre":"ANTIOQUIA","area_km2":245.199}},{"arcs":[[-53,95,96,97,-76,98,99]],"type":"Polygon","properties":{"divipola_mun":"05059","divipola_mun_n":5059,"divipola_dep":"05","divipola_dep_n":5,"mpio_nombre":"ARMENIA","dpto_nombre":"ANTIOQUIA","area_km2":110.4221}},{"arcs":[[100,101,102,103,104]],"type":"Polygon","properties":{"divipola_mun":"05079","divipola_mun_n":5079,"divipola_dep":"05","divipola_dep_n":5,"mpio_nombre":"BARBOSA","dpto_nombre":"ANTIOQUIA","area_km2":205.553}},{"arcs":[[105,106,107,108,109,110,111,112]],"type":"Polygon","properties":{"divipola_mun":"05086","divipola_mun_n":5086,"divipola_dep":"05","divipola_dep_n":5,"mpio_nombre":"BELMIRA","dpto_nombre":"ANTIOQUIA","area_km2":295.8587}},{"arcs":[[-8,113,114,115]],"type":"Polygon","properties":{"divipola_mun":"05088","divipola_mun_n":5088,"divipola_dep":"05","divipola_dep_n":5,"mpio_nombre":"BELLO","dpto_nombre":"ANTIOQUIA","area_km2":147.7007}},{"arcs":[[-47,116,117,118,119]],"type":"Polygon","properties":{"divipola_mun":"05091","divipola_mun_n":5091,"divipola_dep":"05","divipola_dep_n":5,"mpio_nombre":"BETANIA","dpto_nombre":"ANTIOQUIA","area_km2":180.5253}},{"arcs":[[-77,-98,120,121]],"type":"Polygon","properties":{"divipola_mun":"05093","divipola_mun_n":5093,"divipola_dep":"05","divipola_dep_n":5,"mpio_nombre":"BETULIA","dpto_nombre":"ANTIOQUIA","area_km2":262.3621}},{"arcs":[[-119,122,123,124,125]],"type":"Polygon","properties":{"divipola_mun":"05101","divipola_mun_n":5101,"divipola_dep":"05","divipola_dep_n":5,"mpio_nombre":"CIUDAD BOLÍVAR","dpto_nombre":"ANTIOQUIA","area_km2":263.7909}},{"arcs":[[126,127,128,129]],"type":"Polygon","properties":{"divipola_mun":"05107","divipola_mun_n":5107,"divipola_dep":"05","divipola_dep_n":5,"mpio_nombre":"BRICEÑO","dpto_nombre":"ANTIOQUIA","area_km2":376.2401}},{"arcs":[[-68,130,131,132,133,134]],"type":"Polygon","properties":{"divipola_mun":"05113","divipola_mun_n":5113,"divipola_dep":"05","divipola_dep_n":5,"mpio_nombre":"BURITICÁ","dpto_nombre":"ANTIOQUIA","area_km2":355.2789}},{"arcs":[[-65,135,136,137,138,139]],"type":"Polygon","properties":{"divipola_mun":"05120","divipola_mun_n":5120,"divipola_dep":"05","divipola_dep_n":5,"mpio_nombre":"CÁCERES","dpto_nombre":"ANTIOQUIA","area_km2":1872.7847}},{"arcs":[[-22,-74,-79,140]],"type":"Polygon","properties":{"divipola_mun":"05125","divipola_mun_n":5125,"divipola_dep":"05","divipola_dep_n":5,"mpio_nombre":"CAICEDO","dpto_nombre":"ANTIOQUIA","area_km2":200.1303}},{"arcs":[[-34,-51,141,142,143,144,145,146]],"type":"Polygon","properties":{"divipola_mun":"05129","divipola_mun_n":5129,"divipola_dep":"05","divipola_dep_n":5,"mpio_nombre":"CALDAS","dpto_nombre":"ANTIOQUIA","area_km2":132.7652}},{"arcs":[[-59,147,-61,148]],"type":"Polygon","properties":{"divipola_mun":"05134","divipola_mun_n":5134,"divipola_dep":"05","divipola_dep_n":5,"mpio_nombre":"CAMPAMENTO","dpto_nombre":"ANTIOQUIA","area_km2":232.0852}},{"arcs":[[-19,149,150,151,-132,152]],"type":"Polygon","properties":{"divipola_mun":"05138","divipola_mun_n":5138,"divipola_dep":"05","divipola_dep_n":5,"mpio_nombre":"CAÑASGORDAS","dpto_nombre":"ANTIOQUIA","area_km2":364.8402}},{"arcs":[[153,154,155,156,157]],"type":"Polygon","properties":{"divipola_mun":"05142","divipola_mun_n":5142,"divipola_dep":"05","divipola_dep_n":5,"mpio_nombre":"CARACOLÍ","dpto_nombre":"ANTIOQUIA","area_km2":262.5832}},{"arcs":[[158,159,160,161,162,163,164]],"type":"Polygon","properties":{"divipola_mun":"05145","divipola_mun_n":5145,"divipola_dep":"05","divipola_dep_n":5,"mpio_nombre":"CARAMANTA","dpto_nombre":"ANTIOQUIA","area_km2":92.0627}},{"arcs":[[-81,165,166,167]],"type":"Polygon","properties":{"divipola_mun":"05147","divipola_mun_n":5147,"divipola_dep":"05","divipola_dep_n":5,"mpio_nombre":"CAREPA","dpto_nombre":"ANTIOQUIA","area_km2":387.4509}},{"arcs":[[-13,168,169,170,171,172,173,174]],"type":"Polygon","properties":{"divipola_mun":"05148","divipola_mun_n":5148,"divipola_dep":"05","divipola_dep_n":5,"mpio_nombre":"EL CARMEN DE VIBORAL","dpto_nombre":"ANTIOQUIA","area_km2":409.127}},{"arcs":[[-56,175,176,177]],"type":"Polygon","properties":{"divipola_mun":"05150","divipola_mun_n":5150,"divipola_dep":"05","divipola_dep_n":5,"mpio_nombre":"CAROLINA","dpto_nombre":"ANTIOQUIA","area_km2":149.5137}},{"arcs":[[-139,178,179,180,181,182,183]],"type":"Polygon","properties":{"divipola_mun":"05154","divipola_mun_n":5154,"divipola_dep":"05","divipola_dep_n":5,"mpio_nombre":"CAUCASIA","dpto_nombre":"ANTIOQUIA","area_km2":1428.182}},{"arcs":[[-167,184,185,186]],"type":"Polygon","properties":{"divipola_mun":"05172","divipola_mun_n":5172,"divipola_dep":"05","divipola_dep_n":5,"mpio_nombre":"CHIGORODÓ","dpto_nombre":"ANTIOQUIA","area_km2":721.9817}},{"arcs":[[187,188]],"type":"Polygon","properties":{"divipola_mun":"05190","divipola_mun_n":5190,"divipola_dep":"05","divipola_dep_n":5,"mpio_nombre":"CISNEROS","dpto_nombre":"ANTIOQUIA","area_km2":46.857}},{"arcs":[[-174,189,190,191,192,193]],"type":"Polygon","properties":{"divipola_mun":"05197","divipola_mun_n":5197,"divipola_dep":"05","divipola_dep_n":5,"mpio_nombre":"COCORNÁ","dpto_nombre":"ANTIOQUIA","area_km2":257.8094}},{"arcs":[[-27,194,195,196,-102,197]],"type":"Polygon","properties":{"divipola_mun":"05206","divipola_mun_n":5206,"divipola_dep":"05","divipola_dep_n":5,"mpio_nombre":"CONCEPCIÓN","dpto_nombre":"ANTIOQUIA","area_km2":201.9526}},{"arcs":[[-97,198,199,200,201,-121]],"type":"Polygon","properties":{"divipola_mun":"05209","divipola_mun_n":5209,"divipola_dep":"05","divipola_dep_n":5,"mpio_nombre":"CONCORDIA","dpto_nombre":"ANTIOQUIA","area_km2":247.8664}},{"arcs":[[-9,-116,202,203,204]],"type":"Polygon","properties":{"divipola_mun":"05212","divipola_mun_n":5212,"divipola_dep":"05","divipola_dep_n":5,"mpio_nombre":"COPACABANA","dpto_nombre":"ANTIOQUIA","area_km2":67.8363}},{"arcs":[[205,206,207,208,209,210,211,212]],"type":"Polygon","properties":{"divipola_mun":"05234","divipola_mun_n":5234,"divipola_dep":"05","divipola_dep_n":5,"mpio_nombre":"DABEIBA","dpto_nombre":"ANTIOQUIA","area_km2":1957.6991}},{"arcs":[[-105,213,214,215,216,217]],"type":"Polygon","properties":{"divipola_mun":"05237","divipola_mun_n":5237,"divipola_dep":"05","divipola_dep_n":5,"mpio_nombre":"DONMATÍAS","dpto_nombre":"ANTIOQUIA","area_km2":198.0498}},{"arcs":[[-6,218,-99,-75,-72,219,220]],"type":"Polygon","properties":{"divipola_mun":"05240","divipola_mun_n":5240,"divipola_dep":"05","divipola_dep_n":5,"mpio_nombre":"EBÉJICO","dpto_nombre":"ANTIOQUIA","area_km2":237.7115}},{"arcs":[[-183,221,222,223,224,225]],"type":"Polygon","properties":{"divipola_mun":"05250","divipola_mun_n":5250,"divipola_dep":"05","divipola_dep_n":5,"mpio_nombre":"EL BAGRE","dpto_nombre":"ANTIOQUIA","area_km2":1558.8905}},{"arcs":[[-113,226,-216,227]],"type":"Polygon","properties":{"divipola_mun":"05264","divipola_mun_n":5264,"divipola_dep":"05","divipola_dep_n":5,"mpio_nombre":"ENTRERRÍOS","dpto_nombre":"ANTIOQUIA","area_km2":214.2285}},{"arcs":[[-1,228,229,-144,230,231]],"type":"Polygon","properties":{"divipola_mun":"05266","divipola_mun_n":5266,"divipola_dep":"05","divipola_dep_n":5,"mpio_nombre":"ENVIGADO","dpto_nombre":"ANTIOQUIA","area_km2":79.5103}},{"arcs":[[-30,-147,232,233,234,235,236,237]],"type":"Polygon","properties":{"divipola_mun":"05282","divipola_mun_n":5282,"divipola_dep":"05","divipola_dep_n":5,"mpio_nombre":"FREDONIA","dpto_nombre":"ANTIOQUIA","area_km2":254.0698}},{"arcs":[[-24,238,239,240,-209,241,-150]],"type":"Polygon","properties":{"divipola_mun":"05284","divipola_mun_n":5284,"divipola_dep":"05","divipola_dep_n":5,"mpio_nombre":"FRONTINO","dpto_nombre":"ANTIOQUIA","area_km2":1384.4382}},{"arcs":[[-20,-153,-131,-67]],"type":"Polygon","properties":{"divipola_mun":"05306","divipola_mun_n":5306,"divipola_dep":"05","divipola_dep_n":5,"mpio_nombre":"GIRALDO","dpto_nombre":"ANTIOQUIA","area_km2":93.4224}},{"arcs":[[-104,242,243,-204,244,-214]],"type":"Polygon","properties":{"divipola_mun":"05308","divipola_mun_n":5308,"divipola_dep":"05","divipola_dep_n":5,"mpio_nombre":"GIRARDOTA","dpto_nombre":"ANTIOQUIA","area_km2":82.8298}},{"arcs":[[-40,245,246,-177,247]],"type":"Polygon","properties":{"divipola_mun":"05310","divipola_mun_n":5310,"divipola_dep":"05","divipola_dep_n":5,"mpio_nombre":"GÓMEZ PLATA","dpto_nombre":"ANTIOQUIA","area_km2":332.0312}},{"arcs":[[-191,248,249,250,251,252]],"type":"Polygon","properties":{"divipola_mun":"05313","divipola_mun_n":5313,"divipola_dep":"05","divipola_dep_n":5,"mpio_nombre":"GRANADA","dpto_nombre":"ANTIOQUIA","area_km2":190.1182}},{"arcs":[[-41,-248,-176,-55,-149,-60]],"type":"Polygon","properties":{"divipola_mun":"05315","divipola_mun_n":5315,"divipola_dep":"05","divipola_dep_n":5,"mpio_nombre":"GUADALUPE","dpto_nombre":"ANTIOQUIA","area_km2":118.1487}},{"arcs":[[-10,-205,-244,253,254]],"type":"Polygon","properties":{"divipola_mun":"05318","divipola_mun_n":5318,"divipola_dep":"05","divipola_dep_n":5,"mpio_nombre":"GUARNE","dpto_nombre":"ANTIOQUIA","area_km2":151.7883}},{"arcs":[[-26,255,256,-251,257,-195]],"type":"Polygon","properties":{"divipola_mun":"05321","divipola_mun_n":5321,"divipola_dep":"05","divipola_dep_n":5,"mpio_nombre":"GUATAPÉ","dpto_nombre":"ANTIOQUIA","area_km2":83.2817}},{"arcs":[[-5,-54,-100,-219]],"type":"Polygon","properties":{"divipola_mun":"05347","divipola_mun_n":5347,"divipola_dep":"05","divipola_dep_n":5,"mpio_nombre":"HELICONIA","dpto_nombre":"ANTIOQUIA","area_km2":114.8668}},{"arcs":[[-48,-120,-126,258]],"type":"Polygon","properties":{"divipola_mun":"05353","divipola_mun_n":5353,"divipola_dep":"05","divipola_dep_n":5,"mpio_nombre":"HISPANIA","dpto_nombre":"ANTIOQUIA","area_km2":54.1794}},{"arcs":[[-2,-232,259,260]],"type":"Polygon","properties":{"divipola_mun":"05360","divipola_mun_n":5360,"divipola_dep":"05","divipola_dep_n":5,"mpio_nombre":"ITAGÜÍ","dpto_nombre":"ANTIOQUIA","area_km2":19.6448}},{"arcs":[[-129,261,262,263,-206,264,265,266,267,268,269,270]],"type":"Polygon","properties":{"divipola_mun":"05361","divipola_mun_n":5361,"divipola_dep":"05","divipola_dep_n":5,"mpio_nombre":"ITUANGO","dpto_nombre":"ANTIOQUIA","area_km2":2840.8409}},{"arcs":[[-44,271,272,273,274]],"type":"Polygon","properties":{"divipola_mun":"05364","divipola_mun_n":5364,"divipola_dep":"05","divipola_dep_n":5,"mpio_nombre":"JARDÍN","dpto_nombre":"ANTIOQUIA","area_km2":201.1775}},{"arcs":[[-43,275,276,-236,277,-272]],"type":"Polygon","properties":{"divipola_mun":"05368","divipola_mun_n":5368,"divipola_dep":"05","divipola_dep_n":5,"mpio_nombre":"JERICÓ","dpto_nombre":"ANTIOQUIA","area_km2":204.9712}},{"arcs":[[-18,278,279,280,-170,281]],"type":"Polygon","properties":{"divipola_mun":"05376","divipola_mun_n":5376,"divipola_dep":"05","divipola_dep_n":5,"mpio_nombre":"LA CEJA","dpto_nombre":"ANTIOQUIA","area_km2":132.6667}},{"arcs":[[-3,-261,282,-142,-50]],"type":"Polygon","properties":{"divipola_mun":"05380","divipola_mun_n":5380,"divipola_dep":"05","divipola_dep_n":5,"mpio_nombre":"LA ESTRELLA","dpto_nombre":"ANTIOQUIA","area_km2":36.7927}},{"arcs":[[-234,283,284,285,286]],"type":"Polygon","properties":{"divipola_mun":"05390","divipola_mun_n":5390,"divipola_dep":"05","divipola_dep_n":5,"mpio_nombre":"LA PINTADA","dpto_nombre":"ANTIOQUIA","area_km2":54.2827}},{"arcs":[[-12,-282,-169]],"type":"Polygon","properties":{"divipola_mun":"05400","divipola_mun_n":5400,"divipola_dep":"05","divipola_dep_n":5,"mpio_nombre":"LA UNIÓN","dpto_nombre":"ANTIOQUIA","area_km2":167.6703}},{"arcs":[[-69,-135,287,288,289,-110,290]],"type":"Polygon","properties":{"divipola_mun":"05411","divipola_mun_n":5411,"divipola_dep":"05","divipola_dep_n":5,"mpio_nombre":"LIBORINA","dpto_nombre":"ANTIOQUIA","area_km2":216.3868}},{"arcs":[[-158,291,292,293]],"type":"Polygon","properties":{"divipola_mun":"05425","divipola_mun_n":5425,"divipola_dep":"05","divipola_dep_n":5,"mpio_nombre":"MACEO","dpto_nombre":"ANTIOQUIA","area_km2":455.2691}},{"arcs":[[-172,294,295,296,297]],"type":"Polygon","properties":{"divipola_mun":"05440","divipola_mun_n":5440,"divipola_dep":"05","divipola_dep_n":5,"mpio_nombre":"MARINILLA","dpto_nombre":"ANTIOQUIA","area_km2":112.236}},{"arcs":[[-17,298,299,-279]],"type":"Polygon","properties":{"divipola_mun":"05467","divipola_mun_n":5467,"divipola_dep":"05","divipola_dep_n":5,"mpio_nombre":"MONTEBELLO","dpto_nombre":"ANTIOQUIA","area_km2":75.9983}},{"arcs":[[-210,-241,300,301]],"type":"Polygon","properties":{"divipola_mun":"05475","divipola_mun_n":5475,"divipola_dep":"05","divipola_dep_n":5,"mpio_nombre":"MURINDÓ","dpto_nombre":"ANTIOQUIA","area_km2":1266.7925}},{"arcs":[[-186,302,-265,-213,303,304]],"type":"Polygon","properties":{"divipola_mun":"05480","divipola_mun_n":5480,"divipola_dep":"05","divipola_dep_n":5,"mpio_nombre":"MUTATÁ","dpto_nombre":"ANTIOQUIA","area_km2":1075.0211}},{"arcs":[[-94,305,306,307]],"type":"Polygon","properties":{"divipola_mun":"05483","divipola_mun_n":5483,"divipola_dep":"05","divipola_dep_n":5,"mpio_nombre":"NARIÑO","dpto_nombre":"ANTIOQUIA","area_km2":316.6039}},{"arcs":[[-86,308,309,310]],"type":"Polygon","properties":{"divipola_mun":"05490","divipola_mun_n":5490,"divipola_dep":"05","divipola_dep_n":5,"mpio_nombre":"NECOCLÍ","dpto_nombre":"ANTIOQUIA","area_km2":1255.8653}},{"arcs":[[-182,311,312,313,-222]],"type":"Polygon","properties":{"divipola_mun":"05495","divipola_mun_n":5495,"divipola_dep":"05","divipola_dep_n":5,"mpio_nombre":"NECHÍ","dpto_nombre":"ANTIOQUIA","area_km2":936.5845}},{"arcs":[[-70,-291,-109,314]],"type":"Polygon","properties":{"divipola_mun":"05501","divipola_mun_n":5501,"divipola_dep":"05","divipola_dep_n":5,"mpio_nombre":"OLAYA","dpto_nombre":"ANTIOQUIA","area_km2":86.9739}},{"arcs":[[-196,-258,-250,315,-297,316]],"type":"Polygon","properties":{"divipola_mun":"05541","divipola_mun_n":5541,"divipola_dep":"05","divipola_dep_n":5,"mpio_nombre":"PEÑOL","dpto_nombre":"ANTIOQUIA","area_km2":118.2552}},{"arcs":[[-133,-152,317,-207,-264,318]],"type":"Polygon","properties":{"divipola_mun":"05543","divipola_mun_n":5543,"divipola_dep":"05","divipola_dep_n":5,"mpio_nombre":"PEQUE","dpto_nombre":"ANTIOQUIA","area_km2":434.0388}},{"arcs":[[-49,-259,-125,319,320,-276]],"type":"Polygon","properties":{"divipola_mun":"05576","divipola_mun_n":5576,"divipola_dep":"05","divipola_dep_n":5,"mpio_nombre":"PUEBLORRICO","dpto_nombre":"ANTIOQUIA","area_km2":75.4267}},{"arcs":[[-154,-294,321,322,323,324,325,326,327]],"type":"Polygon","properties":{"divipola_mun":"05579","divipola_mun_n":5579,"divipola_dep":"05","divipola_dep_n":5,"mpio_nombre":"PUERTO BERRÍO","dpto_nombre":"ANTIOQUIA","area_km2":1218.9448}},{"arcs":[[-155,-328,328,329,330,331]],"type":"Polygon","properties":{"divipola_mun":"05585","divipola_mun_n":5585,"divipola_dep":"05","divipola_dep_n":5,"mpio_nombre":"PUERTO NARE","dpto_nombre":"ANTIOQUIA","area_km2":579.0661}},{"arcs":[[-330,332,333,334]],"type":"Polygon","properties":{"divipola_mun":"05591","divipola_mun_n":5591,"divipola_dep":"05","divipola_dep_n":5,"mpio_nombre":"PUERTO TRIUNFO","dpto_nombre":"ANTIOQUIA","area_km2":369.2715}},{"arcs":[[-37,335,336,337,338,-323,339,340,341]],"type":"Polygon","properties":{"divipola_mun":"05604","divipola_mun_n":5604,"divipola_dep":"05","divipola_dep_n":5,"mpio_nombre":"REMEDIOS","dpto_nombre":"ANTIOQUIA","area_km2":1964.9983}},{"arcs":[[-145,-230,342,-280,-300,343]],"type":"Polygon","properties":{"divipola_mun":"05607","divipola_mun_n":5607,"divipola_dep":"05","divipola_dep_n":5,"mpio_nombre":"RETIRO","dpto_nombre":"ANTIOQUIA","area_km2":241.9238}},{"arcs":[[-11,-255,344,-295,-171,-281,-343,-229]],"type":"Polygon","properties":{"divipola_mun":"05615","divipola_mun_n":5615,"divipola_dep":"05","divipola_dep_n":5,"mpio_nombre":"RIONEGRO","dpto_nombre":"ANTIOQUIA","area_km2":195.8669}},{"arcs":[[-134,-319,-263,345,346,-288]],"type":"Polygon","properties":{"divipola_mun":"05628","divipola_mun_n":5628,"divipola_dep":"05","divipola_dep_n":5,"mpio_nombre":"SABANALARGA","dpto_nombre":"ANTIOQUIA","area_km2":265.727}},{"arcs":[[-143,-283,-260,-231]],"type":"Polygon","properties":{"divipola_mun":"05631","divipola_mun_n":5631,"divipola_dep":"05","divipola_dep_n":5,"mpio_nombre":"SABANETA","dpto_nombre":"ANTIOQUIA","area_km2":15.6619}},{"arcs":[[-124,347,348,-201,349,350,-320]],"type":"Polygon","properties":{"divipola_mun":"05642","divipola_mun_n":5642,"divipola_dep":"05","divipola_dep_n":5,"mpio_nombre":"SALGAR","dpto_nombre":"ANTIOQUIA","area_km2":288.2341}},{"arcs":[[-289,-347,351,352,353,354]],"type":"Polygon","properties":{"divipola_mun":"05647","divipola_mun_n":5647,"divipola_dep":"05","divipola_dep_n":5,"mpio_nombre":"SAN ANDRÉS DE CUERQUÍA","dpto_nombre":"ANTIOQUIA","area_km2":206.8202}},{"arcs":[[-156,-332,355,-252,-257,356,357]],"type":"Polygon","properties":{"divipola_mun":"05649","divipola_mun_n":5649,"divipola_dep":"05","divipola_dep_n":5,"mpio_nombre":"SAN CARLOS","dpto_nombre":"ANTIOQUIA","area_km2":716.4126}},{"arcs":[[-193,358,359]],"type":"Polygon","properties":{"divipola_mun":"05652","divipola_mun_n":5652,"divipola_dep":"05","divipola_dep_n":5,"mpio_nombre":"SAN FRANCISCO","dpto_nombre":"ANTIOQUIA","area_km2":354.2016}},{"arcs":[[-7,-221,360,-107,361,-114]],"type":"Polygon","properties":{"divipola_mun":"05656","divipola_mun_n":5656,"divipola_dep":"05","divipola_dep_n":5,"mpio_nombre":"SAN JERÓNIMO","dpto_nombre":"ANTIOQUIA","area_km2":152.1396}},{"arcs":[[-111,-290,-355,362]],"type":"Polygon","properties":{"divipola_mun":"05658","divipola_mun_n":5658,"divipola_dep":"05","divipola_dep_n":5,"mpio_nombre":"SAN JOSÉ DE LA MONTAÑA","dpto_nombre":"ANTIOQUIA","area_km2":126.0476}},{"arcs":[[-87,-311,363]],"type":"Polygon","properties":{"divipola_mun":"05659","divipola_mun_n":5659,"divipola_dep":"05","divipola_dep_n":5,"mpio_nombre":"SAN JUAN DE URABÁ","dpto_nombre":"ANTIOQUIA","area_km2":252.1186}},{"arcs":[[-192,-253,-356,-331,-335,-359]],"type":"Polygon","properties":{"divipola_mun":"05660","divipola_mun_n":5660,"divipola_dep":"05","divipola_dep_n":5,"mpio_nombre":"SAN LUIS","dpto_nombre":"ANTIOQUIA","area_km2":518.346}},{"arcs":[[-106,-228,-215,-245,-203,-115,-362]],"type":"Polygon","properties":{"divipola_mun":"05664","divipola_mun_n":5664,"divipola_dep":"05","divipola_dep_n":5,"mpio_nombre":"SAN PEDRO DE LOS MILAGROS","dpto_nombre":"ANTIOQUIA","area_km2":235.2491}},{"arcs":[[-84,364,365,366]],"type":"Polygon","properties":{"divipola_mun":"05665","divipola_mun_n":5665,"divipola_dep":"05","divipola_dep_n":5,"mpio_nombre":"SAN PEDRO DE URABÁ","dpto_nombre":"ANTIOQUIA","area_km2":602.6445}},{"arcs":[[-25,367,-357,-256]],"type":"Polygon","properties":{"divipola_mun":"05667","divipola_mun_n":5667,"divipola_dep":"05","divipola_dep_n":5,"mpio_nombre":"SAN RAFAEL","dpto_nombre":"ANTIOQUIA","area_km2":363.6931}},{"arcs":[[-29,368,369,-292,-157,-358,-368]],"type":"Polygon","properties":{"divipola_mun":"05670","divipola_mun_n":5670,"divipola_dep":"05","divipola_dep_n":5,"mpio_nombre":"SAN ROQUE","dpto_nombre":"ANTIOQUIA","area_km2":424.5612}},{"arcs":[[-103,-197,-317,-296,-345,-254,-243]],"type":"Polygon","properties":{"divipola_mun":"05674","divipola_mun_n":5674,"divipola_dep":"05","divipola_dep_n":5,"mpio_nombre":"SAN VICENTE FERRER","dpto_nombre":"ANTIOQUIA","area_km2":230.3915}},{"arcs":[[-16,370,-284,-233,-146,-344,-299]],"type":"Polygon","properties":{"divipola_mun":"05679","divipola_mun_n":5679,"divipola_dep":"05","divipola_dep_n":5,"mpio_nombre":"SANTA BÁRBARA","dpto_nombre":"ANTIOQUIA","area_km2":196.1181}},{"arcs":[[-57,-178,-247,371,372,-217,-227,-112,-363,-354,373]],"type":"Polygon","properties":{"divipola_mun":"05686","divipola_mun_n":5686,"divipola_dep":"05","divipola_dep_n":5,"mpio_nombre":"SANTA ROSA DE OSOS","dpto_nombre":"ANTIOQUIA","area_km2":864.4643}},{"arcs":[[-28,-198,-101,-218,-373,374,-188,375,-369]],"type":"Polygon","properties":{"divipola_mun":"05690","divipola_mun_n":5690,"divipola_dep":"05","divipola_dep_n":5,"mpio_nombre":"SANTO DOMINGO","dpto_nombre":"ANTIOQUIA","area_km2":265.8514}},{"arcs":[[-173,-298,-316,-249,-190]],"type":"Polygon","properties":{"divipola_mun":"05697","divipola_mun_n":5697,"divipola_dep":"05","divipola_dep_n":5,"mpio_nombre":"EL SANTUARIO","dpto_nombre":"ANTIOQUIA","area_km2":83.5283}},{"arcs":[[-36,376,-225,377,378,-336]],"type":"Polygon","properties":{"divipola_mun":"05736","divipola_mun_n":5736,"divipola_dep":"05","divipola_dep_n":5,"mpio_nombre":"SEGOVIA","dpto_nombre":"ANTIOQUIA","area_km2":1132.7836}},{"arcs":[[-14,-175,-194,-360,-334,379,380,381,-95,-308,382,383]],"type":"Polygon","properties":{"divipola_mun":"05756","divipola_mun_n":5756,"divipola_dep":"05","divipola_dep_n":5,"mpio_nombre":"SONSÓN","dpto_nombre":"ANTIOQUIA","area_km2":1345.6103}},{"arcs":[[-71,-315,-108,-361,-220]],"type":"Polygon","properties":{"divipola_mun":"05761","divipola_mun_n":5761,"divipola_dep":"05","divipola_dep_n":5,"mpio_nombre":"SOPETRÁN","dpto_nombre":"ANTIOQUIA","area_km2":219.0368}},{"arcs":[[-164,384,-273,-278,-235,-287,385]],"type":"Polygon","properties":{"divipola_mun":"05789","divipola_mun_n":5789,"divipola_dep":"05","divipola_dep_n":5,"mpio_nombre":"TÁMESIS","dpto_nombre":"ANTIOQUIA","area_km2":252.1945}},{"arcs":[[-64,386,-270,387,-136]],"type":"Polygon","properties":{"divipola_mun":"05790","divipola_mun_n":5790,"divipola_dep":"05","divipola_dep_n":5,"mpio_nombre":"TARAZÁ","dpto_nombre":"ANTIOQUIA","area_km2":1148.6058}},{"arcs":[[-237,-277,-321,-351,388]],"type":"Polygon","properties":{"divipola_mun":"05792","divipola_mun_n":5792,"divipola_dep":"05","divipola_dep_n":5,"mpio_nombre":"TARSO","dpto_nombre":"ANTIOQUIA","area_km2":120.4667}},{"arcs":[[-32,389,-199,-96,-52]],"type":"Polygon","properties":{"divipola_mun":"05809","divipola_mun_n":5809,"divipola_dep":"05","divipola_dep_n":5,"mpio_nombre":"TITIRIBÍ","dpto_nombre":"ANTIOQUIA","area_km2":140.3286}},{"arcs":[[-128,-352,-346,-262]],"type":"Polygon","properties":{"divipola_mun":"05819","divipola_mun_n":5819,"divipola_dep":"05","divipola_dep_n":5,"mpio_nombre":"TOLEDO","dpto_nombre":"ANTIOQUIA","area_km2":134.4175}},{"arcs":[[-82,-168,-187,-305,390,391,392,393,-309,-85,-367,394]],"type":"Polygon","properties":{"divipola_mun":"05837","divipola_mun_n":5837,"divipola_dep":"05","divipola_dep_n":5,"mpio_nombre":"TURBO","dpto_nombre":"ANTIOQUIA","area_km2":2923.2421}},{"arcs":[[-151,-242,-208,-318]],"type":"Polygon","properties":{"divipola_mun":"05842","divipola_mun_n":5842,"divipola_dep":"05","divipola_dep_n":5,"mpio_nombre":"URAMITA","dpto_nombre":"ANTIOQUIA","area_km2":265.9532}},{"arcs":[[-23,-141,-78,-122,-202,-349,395,396,397,398,-239]],"type":"Polygon","properties":{"divipola_mun":"05847","divipola_mun_n":5847,"divipola_dep":"05","divipola_dep_n":5,"mpio_nombre":"URRAO","dpto_nombre":"ANTIOQUIA","area_km2":2563.8497}},{"arcs":[[-63,399,-130,-271,-387]],"type":"Polygon","properties":{"divipola_mun":"05854","divipola_mun_n":5854,"divipola_dep":"05","divipola_dep_n":5,"mpio_nombre":"VALDIVIA","dpto_nombre":"ANTIOQUIA","area_km2":567.4817}},{"arcs":[[-165,-386,-286,400]],"type":"Polygon","properties":{"divipola_mun":"05856","divipola_mun_n":5856,"divipola_dep":"05","divipola_dep_n":5,"mpio_nombre":"VALPARAÍSO","dpto_nombre":"ANTIOQUIA","area_km2":126.1456}},{"arcs":[[-38,-342,401,402]],"type":"Polygon","properties":{"divipola_mun":"05858","divipola_mun_n":5858,"divipola_dep":"05","divipola_dep_n":5,"mpio_nombre":"VEGACHÍ","dpto_nombre":"ANTIOQUIA","area_km2":540.302}},{"arcs":[[-31,-238,-389,-350,-200,-390]],"type":"Polygon","properties":{"divipola_mun":"05861","divipola_mun_n":5861,"divipola_dep":"05","divipola_dep_n":5,"mpio_nombre":"VENECIA","dpto_nombre":"ANTIOQUIA","area_km2":143.6263}},{"arcs":[[-240,-399,403,404,405,406,-301]],"type":"Polygon","properties":{"divipola_mun":"05873","divipola_mun_n":5873,"divipola_dep":"05","divipola_dep_n":5,"mpio_nombre":"VIGÍA DEL FUERTE","dpto_nombre":"ANTIOQUIA","area_km2":1662.7019}},{"arcs":[[-341,407,-402]],"type":"Polygon","properties":{"divipola_mun":"05885","divipola_mun_n":5885,"divipola_dep":"05","divipola_dep_n":5,"mpio_nombre":"YALÍ","dpto_nombre":"ANTIOQUIA","area_km2":440.5521}},{"arcs":[[-58,-374,-353,-127,-400,-62,-148]],"type":"Polygon","properties":{"divipola_mun":"05887","divipola_mun_n":5887,"divipola_dep":"05","divipola_dep_n":5,"mpio_nombre":"YARUMAL","dpto_nombre":"ANTIOQUIA","area_km2":712.3227}},{"arcs":[[-39,-403,-408,-340,-322,-293,-370,-376,-189,-375,-372,-246]],"type":"Polygon","properties":{"divipola_mun":"05890","divipola_mun_n":5890,"divipola_dep":"05","divipola_dep_n":5,"mpio_nombre":"YOLOMBÓ","dpto_nombre":"ANTIOQUIA","area_km2":943.3443}},{"arcs":[[-324,-339,408,409,410,411,412]],"type":"Polygon","properties":{"divipola_mun":"05893","divipola_mun_n":5893,"divipola_dep":"05","divipola_dep_n":5,"mpio_nombre":"YONDÓ","dpto_nombre":"ANTIOQUIA","area_km2":1892.7139}},{"arcs":[[-35,-66,-140,-184,-226,-377]],"type":"Polygon","properties":{"divipola_mun":"05895","divipola_mun_n":5895,"divipola_dep":"05","divipola_dep_n":5,"mpio_nombre":"ZARAGOZA","dpto_nombre":"ANTIOQUIA","area_km2":1166.5314}},{"arcs":[[413,414,415,416,417]],"type":"Polygon","properties":{"divipola_mun":"08001","divipola_mun_n":8001,"divipola_dep":"08","divipola_dep_n":8,"mpio_nombre":"BARRANQUILLA","dpto_nombre":"ATLÁNTICO","area_km2":154.1276}},{"arcs":[[418,419,420,421,422,423,424]],"type":"Polygon","properties":{"divipola_mun":"08078","divipola_mun_n":8078,"divipola_dep":"08","divipola_dep_n":8,"mpio_nombre":"BARANOA","dpto_nombre":"ATLÁNTICO","area_km2":121.2633}},{"arcs":[[425,426,427,428,429,430,431,432]],"type":"Polygon","properties":{"divipola_mun":"08137","divipola_mun_n":8137,"divipola_dep":"08","divipola_dep_n":8,"mpio_nombre":"CAMPO DE LA CRUZ","dpto_nombre":"ATLÁNTICO","area_km2":99.9206}},{"arcs":[[-432,433,434,435]],"type":"Polygon","properties":{"divipola_mun":"08141","divipola_mun_n":8141,"divipola_dep":"08","divipola_dep_n":8,"mpio_nombre":"CANDELARIA","dpto_nombre":"ATLÁNTICO","area_km2":135.6653}},{"arcs":[[-418,436,437,-419,438]],"type":"Polygon","properties":{"divipola_mun":"08296","divipola_mun_n":8296,"divipola_dep":"08","divipola_dep_n":8,"mpio_nombre":"GALAPA","dpto_nombre":"ATLÁNTICO","area_km2":97.4812}},{"arcs":[[-424,439,440,441,442]],"type":"Polygon","properties":{"divipola_mun":"08372","divipola_mun_n":8372,"divipola_dep":"08","divipola_dep_n":8,"mpio_nombre":"JUAN DE ACOSTA","dpto_nombre":"ATLÁNTICO","area_km2":167.9092}},{"arcs":[[443,444,445,446]],"type":"Polygon","properties":{"divipola_mun":"08421","divipola_mun_n":8421,"divipola_dep":"08","divipola_dep_n":8,"mpio_nombre":"LURUACO","dpto_nombre":"ATLÁNTICO","area_km2":223.5955}},{"arcs":[[-420,-438,447,448,449,450]],"type":"Polygon","properties":{"divipola_mun":"08433","divipola_mun_n":8433,"divipola_dep":"08","divipola_dep_n":8,"mpio_nombre":"MALAMBO","dpto_nombre":"ATLÁNTICO","area_km2":97.8652}},{"arcs":[[-431,451,452,453,454,-434]],"type":"Polygon","properties":{"divipola_mun":"08436","divipola_mun_n":8436,"divipola_dep":"08","divipola_dep_n":8,"mpio_nombre":"MANATÍ","dpto_nombre":"ATLÁNTICO","area_km2":214.1126}},{"arcs":[[455,456,457,458]],"type":"Polygon","properties":{"divipola_mun":"08520","divipola_mun_n":8520,"divipola_dep":"08","divipola_dep_n":8,"mpio_nombre":"PALMAR DE VARELA","dpto_nombre":"ATLÁNTICO","area_km2":92.2602}},{"arcs":[[-441,459,460,-447,461,462]],"type":"Polygon","properties":{"divipola_mun":"08549","divipola_mun_n":8549,"divipola_dep":"08","divipola_dep_n":8,"mpio_nombre":"PIOJÓ","dpto_nombre":"ATLÁNTICO","area_km2":262.6786}},{"arcs":[[-421,-451,463,464,465]],"type":"Polygon","properties":{"divipola_mun":"08558","divipola_mun_n":8558,"divipola_dep":"08","divipola_dep_n":8,"mpio_nombre":"POLONUEVO","dpto_nombre":"ATLÁNTICO","area_km2":73.8085}},{"arcs":[[-433,-436,466,-466,467,-458,468,469]],"type":"Polygon","properties":{"divipola_mun":"08560","divipola_mun_n":8560,"divipola_dep":"08","divipola_dep_n":8,"mpio_nombre":"PONEDERA","dpto_nombre":"ATLÁNTICO","area_km2":206.3698}},{"arcs":[[-414,470,471]],"type":"Polygon","properties":{"divipola_mun":"08573","divipola_mun_n":8573,"divipola_dep":"08","divipola_dep_n":8,"mpio_nombre":"PUERTO COLOMBIA","dpto_nombre":"ATLÁNTICO","area_km2":69.3586}},{"arcs":[[-445,472,-454,473,474,475,476,477]],"type":"Polygon","properties":{"divipola_mun":"08606","divipola_mun_n":8606,"divipola_dep":"08","divipola_dep_n":8,"mpio_nombre":"REPELÓN","dpto_nombre":"ATLÁNTICO","area_km2":361.1821}},{"arcs":[[-450,478,479,-464]],"type":"Polygon","properties":{"divipola_mun":"08634","divipola_mun_n":8634,"divipola_dep":"08","divipola_dep_n":8,"mpio_nombre":"SABANAGRANDE","dpto_nombre":"ATLÁNTICO","area_km2":43.0742}},{"arcs":[[-422,-467,-435,-455,-473,-444,-461,480]],"type":"Polygon","properties":{"divipola_mun":"08638","divipola_mun_n":8638,"divipola_dep":"08","divipola_dep_n":8,"mpio_nombre":"SABANALARGA","dpto_nombre":"ATLÁNTICO","area_km2":395.5994}},{"arcs":[[-430,481,482,483,-452]],"type":"Polygon","properties":{"divipola_mun":"08675","divipola_mun_n":8675,"divipola_dep":"08","divipola_dep_n":8,"mpio_nombre":"SANTA LUCÍA","dpto_nombre":"ATLÁNTICO","area_km2":57.2878}},{"arcs":[[-459,-468,-465,-480,484]],"type":"Polygon","properties":{"divipola_mun":"08685","divipola_mun_n":8685,"divipola_dep":"08","divipola_dep_n":8,"mpio_nombre":"SANTO TOMÁS","dpto_nombre":"ATLÁNTICO","area_km2":64.9557}},{"arcs":[[-417,485,-448,-437]],"type":"Polygon","properties":{"divipola_mun":"08758","divipola_mun_n":8758,"divipola_dep":"08","divipola_dep_n":8,"mpio_nombre":"SOLEDAD","dpto_nombre":"ATLÁNTICO","area_km2":59.3137}},{"arcs":[[-429,486,487,-482]],"type":"Polygon","properties":{"divipola_mun":"08770","divipola_mun_n":8770,"divipola_dep":"08","divipola_dep_n":8,"mpio_nombre":"SUAN","dpto_nombre":"ATLÁNTICO","area_km2":42.4557}},{"arcs":[[-425,-443,488,-471,-439]],"type":"Polygon","properties":{"divipola_mun":"08832","divipola_mun_n":8832,"divipola_dep":"08","divipola_dep_n":8,"mpio_nombre":"TUBARÁ","dpto_nombre":"ATLÁNTICO","area_km2":182.7016}},{"arcs":[[-423,-481,-460,-440]],"type":"Polygon","properties":{"divipola_mun":"08849","divipola_mun_n":8849,"divipola_dep":"08","divipola_dep_n":8,"mpio_nombre":"USIACURÍ","dpto_nombre":"ATLÁNTICO","area_km2":101.3093}},{"arcs":[[489,490,491,492,493,494,495,496,497,498,499,500,501,502,503,504,505,506,507]],"type":"Polygon","properties":{"divipola_mun":"11001","divipola_mun_n":11001,"divipola_dep":"11","divipola_dep_n":11,"mpio_nombre":"BOGOTÁ, D.C.","dpto_nombre":"BOGOTÁ, D.C.","area_km2":1620.5408}},{"arcs":[[[508]],[[509]],[[510]],[[511]],[[512]],[[513,514,515,516,517,518]]],"type":"MultiPolygon","properties":{"divipola_mun":"13001","divipola_mun_n":13001,"divipola_dep":"13","divipola_dep_n":13,"mpio_nombre":"CARTAGENA DE INDIAS","dpto_nombre":"BOLÍVAR","area_km2":597.1211}},{"arcs":[[519,520,521,522,523,524,525,526]],"type":"Polygon","properties":{"divipola_mun":"13006","divipola_mun_n":13006,"divipola_dep":"13","divipola_dep_n":13,"mpio_nombre":"ACHÍ","dpto_nombre":"BOLÍVAR","area_km2":950.7873}},{"arcs":[[527,528,529]],"type":"Polygon","properties":{"divipola_mun":"13030","divipola_mun_n":13030,"divipola_dep":"13","divipola_dep_n":13,"mpio_nombre":"ALTOS DEL ROSARIO","dpto_nombre":"BOLÍVAR","area_km2":303.3359}},{"arcs":[[530,531,532]],"type":"Polygon","properties":{"divipola_mun":"13042","divipola_mun_n":13042,"divipola_dep":"13","divipola_dep_n":13,"mpio_nombre":"ARENAL","dpto_nombre":"BOLÍVAR","area_km2":461.4107}},{"arcs":[[533,534,535,536,537,538]],"type":"Polygon","properties":{"divipola_mun":"13052","divipola_mun_n":13052,"divipola_dep":"13","divipola_dep_n":13,"mpio_nombre":"ARJONA","dpto_nombre":"BOLÍVAR","area_km2":587.1747}},{"arcs":[[539,540]],"type":"Polygon","properties":{"divipola_mun":"13062","divipola_mun_n":13062,"divipola_dep":"13","divipola_dep_n":13,"mpio_nombre":"ARROYOHONDO","dpto_nombre":"BOLÍVAR","area_km2":163.7034}},{"arcs":[[-530,541,542,543,544]],"type":"Polygon","properties":{"divipola_mun":"13074","divipola_mun_n":13074,"divipola_dep":"13","divipola_dep_n":13,"mpio_nombre":"BARRANCO DE LOBA","dpto_nombre":"BOLÍVAR","area_km2":430.2669}},{"arcs":[[-483,-488,545,546,547,548,549,-540,550,551,552]],"type":"Polygon","properties":{"divipola_mun":"13140","divipola_mun_n":13140,"divipola_dep":"13","divipola_dep_n":13,"mpio_nombre":"CALAMAR","dpto_nombre":"BOLÍVAR","area_km2":255.2645}},{"arcs":[[-338,553,554,-409]],"type":"Polygon","properties":{"divipola_mun":"13160","divipola_mun_n":13160,"divipola_dep":"13","divipola_dep_n":13,"mpio_nombre":"CANTAGALLO","dpto_nombre":"BOLÍVAR","area_km2":880.4223}},{"arcs":[[555,556,557]],"type":"Polygon","properties":{"divipola_mun":"13188","divipola_mun_n":13188,"divipola_dep":"13","divipola_dep_n":13,"mpio_nombre":"CICUCO","dpto_nombre":"BOLÍVAR","area_km2":133.0619}},{"arcs":[[558,559,560,561,562,563,564,565]],"type":"Polygon","properties":{"divipola_mun":"13212","divipola_mun_n":13212,"divipola_dep":"13","divipola_dep_n":13,"mpio_nombre":"CÓRDOBA","dpto_nombre":"BOLÍVAR","area_km2":596.9071}},{"arcs":[[-514,566,567,568]],"type":"Polygon","properties":{"divipola_mun":"13222","divipola_mun_n":13222,"divipola_dep":"13","divipola_dep_n":13,"mpio_nombre":"CLEMENCIA","dpto_nombre":"BOLÍVAR","area_km2":85.3084}},{"arcs":[[-566,569,570,571,572,573,574]],"type":"Polygon","properties":{"divipola_mun":"13244","divipola_mun_n":13244,"divipola_dep":"13","divipola_dep_n":13,"mpio_nombre":"EL CARMEN DE BOLÍVAR","dpto_nombre":"BOLÍVAR","area_km2":945.7432}},{"arcs":[[-548,575,576,577,578]],"type":"Polygon","properties":{"divipola_mun":"13248","divipola_mun_n":13248,"divipola_dep":"13","divipola_dep_n":13,"mpio_nombre":"EL GUAMO","dpto_nombre":"BOLÍVAR","area_km2":382.9677}},{"arcs":[[579,580,581,582]],"type":"Polygon","properties":{"divipola_mun":"13268","divipola_mun_n":13268,"divipola_dep":"13","divipola_dep_n":13,"mpio_nombre":"EL PEÑÓN","dpto_nombre":"BOLÍVAR","area_km2":318.4996}},{"arcs":[[[-543,583,584,585,586]],[[587,588,589]]],"type":"MultiPolygon","properties":{"divipola_mun":"13300","divipola_mun_n":13300,"divipola_dep":"13","divipola_dep_n":13,"mpio_nombre":"HATILLO DE LOBA","dpto_nombre":"BOLÍVAR","area_km2":194.0465}},{"arcs":[[-527,590,591,592,593,-562,594,595,-557,596,597]],"type":"Polygon","properties":{"divipola_mun":"13430","divipola_mun_n":13430,"divipola_dep":"13","divipola_dep_n":13,"mpio_nombre":"MAGANGUÉ","dpto_nombre":"BOLÍVAR","area_km2":1129.1042}},{"arcs":[[-535,598,599,-551,-541,-550,600,601]],"type":"Polygon","properties":{"divipola_mun":"13433","divipola_mun_n":13433,"divipola_dep":"13","divipola_dep_n":13,"mpio_nombre":"MAHATES","dpto_nombre":"BOLÍVAR","area_km2":432.094}},{"arcs":[[-588,602,603,604,-585,605]],"type":"Polygon","properties":{"divipola_mun":"13440","divipola_mun_n":13440,"divipola_dep":"13","divipola_dep_n":13,"mpio_nombre":"MARGARITA","dpto_nombre":"BOLÍVAR","area_km2":293.2834}},{"arcs":[[-536,-602,606,607,-573,608]],"type":"Polygon","properties":{"divipola_mun":"13442","divipola_mun_n":13442,"divipola_dep":"13","divipola_dep_n":13,"mpio_nombre":"MARÍA LA BAJA","dpto_nombre":"BOLÍVAR","area_km2":561.0623}},{"arcs":[[-223,-314,609,-522,610,611,-532,612,613]],"type":"Polygon","properties":{"divipola_mun":"13458","divipola_mun_n":13458,"divipola_dep":"13","divipola_dep_n":13,"mpio_nombre":"MONTECRISTO","dpto_nombre":"BOLÍVAR","area_km2":2090.7188}},{"arcs":[[-556,614,615,616,617,618,-597]],"type":"Polygon","properties":{"divipola_mun":"13468","divipola_mun_n":13468,"divipola_dep":"13","divipola_dep_n":13,"mpio_nombre":"SANTA CRUZ DE MOMPOX","dpto_nombre":"BOLÍVAR","area_km2":651.5248}},{"arcs":[[-531,619,620,621,622,623,624,-613]],"type":"Polygon","properties":{"divipola_mun":"13473","divipola_mun_n":13473,"divipola_dep":"13","divipola_dep_n":13,"mpio_nombre":"MORALES","dpto_nombre":"BOLÍVAR","area_km2":1345.8293}},{"arcs":[[625,626]],"type":"Polygon","properties":{"divipola_mun":"13490","divipola_mun_n":13490,"divipola_dep":"13","divipola_dep_n":13,"mpio_nombre":"NOROSÍ","dpto_nombre":"BOLÍVAR","area_km2":415.8736}},{"arcs":[[-520,-598,-619,627,-589,-606,-584,-542,-529,628]],"type":"Polygon","properties":{"divipola_mun":"13549","divipola_mun_n":13549,"divipola_dep":"13","divipola_dep_n":13,"mpio_nombre":"PINILLOS","dpto_nombre":"BOLÍVAR","area_km2":774.7029}},{"arcs":[[-582,629,630,631,632]],"type":"Polygon","properties":{"divipola_mun":"13580","divipola_mun_n":13580,"divipola_dep":"13","divipola_dep_n":13,"mpio_nombre":"REGIDOR","dpto_nombre":"BOLÍVAR","area_km2":183.1962}},{"arcs":[[-533,-612,633,-627,634,635,-632,636,637,-620]],"type":"Polygon","properties":{"divipola_mun":"13600","divipola_mun_n":13600,"divipola_dep":"13","divipola_dep_n":13,"mpio_nombre":"RÍO VIEJO","dpto_nombre":"BOLÍVAR","area_km2":844.0811}},{"arcs":[[-453,-484,-553,638,-474]],"type":"Polygon","properties":{"divipola_mun":"13620","divipola_mun_n":13620,"divipola_dep":"13","divipola_dep_n":13,"mpio_nombre":"SAN CRISTÓBAL","dpto_nombre":"BOLÍVAR","area_km2":42.2637}},{"arcs":[[-476,639,-599,-534,640,641]],"type":"Polygon","properties":{"divipola_mun":"13647","divipola_mun_n":13647,"divipola_dep":"13","divipola_dep_n":13,"mpio_nombre":"SAN ESTANISLAO","dpto_nombre":"BOLÍVAR","area_km2":211.5754}},{"arcs":[[-590,-628,-618,642,643,-603]],"type":"Polygon","properties":{"divipola_mun":"13650","divipola_mun_n":13650,"divipola_dep":"13","divipola_dep_n":13,"mpio_nombre":"SAN FERNANDO","dpto_nombre":"BOLÍVAR","area_km2":317.0104}},{"arcs":[[-574,-608,644,645]],"type":"Polygon","properties":{"divipola_mun":"13654","divipola_mun_n":13654,"divipola_dep":"13","divipola_dep_n":13,"mpio_nombre":"SAN JACINTO","dpto_nombre":"BOLÍVAR","area_km2":442.6525}},{"arcs":[[-313,646,647,-523,-610]],"type":"Polygon","properties":{"divipola_mun":"13655","divipola_mun_n":13655,"divipola_dep":"13","divipola_dep_n":13,"mpio_nombre":"SAN JACINTO DEL CAUCA","dpto_nombre":"BOLÍVAR","area_km2":569.4554}},{"arcs":[[-549,-579,648,649,-645,-607,-601]],"type":"Polygon","properties":{"divipola_mun":"13657","divipola_mun_n":13657,"divipola_dep":"13","divipola_dep_n":13,"mpio_nombre":"SAN JUAN NEPOMUCENO","dpto_nombre":"BOLÍVAR","area_km2":630.8157}},{"arcs":[[-544,-587,-583,-633,-636]],"type":"Polygon","properties":{"divipola_mun":"13667","divipola_mun_n":13667,"divipola_dep":"13","divipola_dep_n":13,"mpio_nombre":"SAN MARTÍN DE LOBA","dpto_nombre":"BOLÍVAR","area_km2":449.6519}},{"arcs":[[-337,-379,650,651,652,-554]],"type":"Polygon","properties":{"divipola_mun":"13670","divipola_mun_n":13670,"divipola_dep":"13","divipola_dep_n":13,"mpio_nombre":"SAN PABLO","dpto_nombre":"BOLÍVAR","area_km2":2018.5682}},{"arcs":[[-446,-478,653,-567,-519,654,-462]],"type":"Polygon","properties":{"divipola_mun":"13673","divipola_mun_n":13673,"divipola_dep":"13","divipola_dep_n":13,"mpio_nombre":"SANTA CATALINA","dpto_nombre":"BOLÍVAR","area_km2":164.5847}},{"arcs":[[-515,-569,655,656]],"type":"Polygon","properties":{"divipola_mun":"13683","divipola_mun_n":13683,"divipola_dep":"13","divipola_dep_n":13,"mpio_nombre":"SANTA ROSA","dpto_nombre":"BOLÍVAR","area_km2":154.6062}},{"arcs":[[-224,-614,-625,657,-651,-378]],"type":"Polygon","properties":{"divipola_mun":"13688","divipola_mun_n":13688,"divipola_dep":"13","divipola_dep_n":13,"mpio_nombre":"SANTA ROSA DEL SUR","dpto_nombre":"BOLÍVAR","area_km2":2380.0941}},{"arcs":[[-624,658,-652,-658]],"type":"Polygon","properties":{"divipola_mun":"13744","divipola_mun_n":13744,"divipola_dep":"13","divipola_dep_n":13,"mpio_nombre":"SIMITÍ","dpto_nombre":"BOLÍVAR","area_km2":1352.8588}},{"arcs":[[-475,-639,-552,-600,-640]],"type":"Polygon","properties":{"divipola_mun":"13760","divipola_mun_n":13760,"divipola_dep":"13","divipola_dep_n":13,"mpio_nombre":"SOPLAVIENTO","dpto_nombre":"BOLÍVAR","area_km2":92.5336}},{"arcs":[[-558,-596,659,660,661,-615]],"type":"Polygon","properties":{"divipola_mun":"13780","divipola_mun_n":13780,"divipola_dep":"13","divipola_dep_n":13,"mpio_nombre":"TALAIGUA NUEVO","dpto_nombre":"BOLÍVAR","area_km2":249.0817}},{"arcs":[[-521,-629,-528,-545,-635,-626,-634,-611]],"type":"Polygon","properties":{"divipola_mun":"13810","divipola_mun_n":13810,"divipola_dep":"13","divipola_dep_n":13,"mpio_nombre":"TIQUISIO","dpto_nombre":"BOLÍVAR","area_km2":761.9958}},{"arcs":[[-516,-657,662,-641,-539,663]],"type":"Polygon","properties":{"divipola_mun":"13836","divipola_mun_n":13836,"divipola_dep":"13","divipola_dep_n":13,"mpio_nombre":"TURBACO","dpto_nombre":"BOLÍVAR","area_km2":202.4938}},{"arcs":[[-517,-664,-538,664,665]],"type":"Polygon","properties":{"divipola_mun":"13838","divipola_mun_n":13838,"divipola_dep":"13","divipola_dep_n":13,"mpio_nombre":"TURBANA","dpto_nombre":"BOLÍVAR","area_km2":191.0952}},{"arcs":[[-477,-642,-663,-656,-568,-654]],"type":"Polygon","properties":{"divipola_mun":"13873","divipola_mun_n":13873,"divipola_dep":"13","divipola_dep_n":13,"mpio_nombre":"VILLANUEVA","dpto_nombre":"BOLÍVAR","area_km2":133.0252}},{"arcs":[[-559,-575,-646,-650,666,667]],"type":"Polygon","properties":{"divipola_mun":"13894","divipola_mun_n":13894,"divipola_dep":"13","divipola_dep_n":13,"mpio_nombre":"ZAMBRANO","dpto_nombre":"BOLÍVAR","area_km2":308.9522}},{"arcs":[[668,669,670,671,672,673,674,675,676,677]],"type":"Polygon","properties":{"divipola_mun":"15001","divipola_mun_n":15001,"divipola_dep":"15","divipola_dep_n":15,"mpio_nombre":"TUNJA","dpto_nombre":"BOYACÁ","area_km2":119.4815}},{"arcs":[[678,679,680,681,682]],"type":"Polygon","properties":{"divipola_mun":"15022","divipola_mun_n":15022,"divipola_dep":"15","divipola_dep_n":15,"mpio_nombre":"ALMEIDA","dpto_nombre":"BOYACÁ","area_km2":57.5742}},{"arcs":[[683,684,685,686,687,688,689,690,691,692]],"type":"Polygon","properties":{"divipola_mun":"15047","divipola_mun_n":15047,"divipola_dep":"15","divipola_dep_n":15,"mpio_nombre":"AQUITANIA","dpto_nombre":"BOYACÁ","area_km2":940.3545}},{"arcs":[[693,694,695,696,697,698,699]],"type":"Polygon","properties":{"divipola_mun":"15051","divipola_mun_n":15051,"divipola_dep":"15","divipola_dep_n":15,"mpio_nombre":"ARCABUCO","dpto_nombre":"BOYACÁ","area_km2":137.669}},{"arcs":[[700,701,702,703,704]],"type":"Polygon","properties":{"divipola_mun":"15087","divipola_mun_n":15087,"divipola_dep":"15","divipola_dep_n":15,"mpio_nombre":"BELÉN","dpto_nombre":"BOYACÁ","area_km2":162.7742}},{"arcs":[[705,706,707,708]],"type":"Polygon","properties":{"divipola_mun":"15090","divipola_mun_n":15090,"divipola_dep":"15","divipola_dep_n":15,"mpio_nombre":"BERBEO","dpto_nombre":"BOYACÁ","area_km2":57.9036}},{"arcs":[[-702,709,710,711,712,713,714]],"type":"Polygon","properties":{"divipola_mun":"15092","divipola_mun_n":15092,"divipola_dep":"15","divipola_dep_n":15,"mpio_nombre":"BETÉITIVA","dpto_nombre":"BOYACÁ","area_km2":101.6657}},{"arcs":[[715,716,717,718,719,720,721]],"type":"Polygon","properties":{"divipola_mun":"15097","divipola_mun_n":15097,"divipola_dep":"15","divipola_dep_n":15,"mpio_nombre":"BOAVITA","dpto_nombre":"BOYACÁ","area_km2":144.9859}},{"arcs":[[-673,722,723,724,725,726]],"type":"Polygon","properties":{"divipola_mun":"15104","divipola_mun_n":15104,"divipola_dep":"15","divipola_dep_n":15,"mpio_nombre":"BOYACÁ","dpto_nombre":"BOYACÁ","area_km2":47.9411}},{"arcs":[[727,728,729,730,731,732]],"type":"Polygon","properties":{"divipola_mun":"15106","divipola_mun_n":15106,"divipola_dep":"15","divipola_dep_n":15,"mpio_nombre":"BRICEÑO","dpto_nombre":"BOYACÁ","area_km2":64.512}},{"arcs":[[733,734,735,736,737]],"type":"Polygon","properties":{"divipola_mun":"15109","divipola_mun_n":15109,"divipola_dep":"15","divipola_dep_n":15,"mpio_nombre":"BUENAVISTA","dpto_nombre":"BOYACÁ","area_km2":110.0102}},{"arcs":[[-713,738,739]],"type":"Polygon","properties":{"divipola_mun":"15114","divipola_mun_n":15114,"divipola_dep":"15","divipola_dep_n":15,"mpio_nombre":"BUSBANZÁ","dpto_nombre":"BOYACÁ","area_km2":25.3012}},{"arcs":[[-730,740,741,-738,742,743]],"type":"Polygon","properties":{"divipola_mun":"15131","divipola_mun_n":15131,"divipola_dep":"15","divipola_dep_n":15,"mpio_nombre":"CALDAS","dpto_nombre":"BOYACÁ","area_km2":78.8569}},{"arcs":[[744,745,746,747,748]],"type":"Polygon","properties":{"divipola_mun":"15135","divipola_mun_n":15135,"divipola_dep":"15","divipola_dep_n":15,"mpio_nombre":"CAMPOHERMOSO","dpto_nombre":"BOYACÁ","area_km2":298.1735}},{"arcs":[[-703,-715,749,750,751]],"type":"Polygon","properties":{"divipola_mun":"15162","divipola_mun_n":15162,"divipola_dep":"15","divipola_dep_n":15,"mpio_nombre":"CERINZA","dpto_nombre":"BOYACÁ","area_km2":63.4531}},{"arcs":[[752,753,754,755,756,757,758]],"type":"Polygon","properties":{"divipola_mun":"15172","divipola_mun_n":15172,"divipola_dep":"15","divipola_dep_n":15,"mpio_nombre":"CHINAVITA","dpto_nombre":"BOYACÁ","area_km2":136.1377}},{"arcs":[[-729,759,760,761,762,-741]],"type":"Polygon","properties":{"divipola_mun":"15176","divipola_mun_n":15176,"divipola_dep":"15","divipola_dep_n":15,"mpio_nombre":"CHIQUINQUIRÁ","dpto_nombre":"BOYACÁ","area_km2":164.7784}},{"arcs":[[763,764,765,766,767,768]],"type":"Polygon","properties":{"divipola_mun":"15180","divipola_mun_n":15180,"divipola_dep":"15","divipola_dep_n":15,"mpio_nombre":"CHISCAS","dpto_nombre":"BOYACÁ","area_km2":657.2808}},{"arcs":[[769,770,771,772,773,774,775]],"type":"Polygon","properties":{"divipola_mun":"15183","divipola_mun_n":15183,"divipola_dep":"15","divipola_dep_n":15,"mpio_nombre":"CHITA","dpto_nombre":"BOYACÁ","area_km2":675.8078}},{"arcs":[[776,777,778,779,780]],"type":"Polygon","properties":{"divipola_mun":"15185","divipola_mun_n":15185,"divipola_dep":"15","divipola_dep_n":15,"mpio_nombre":"CHITARAQUE","dpto_nombre":"BOYACÁ","area_km2":158.2695}},{"arcs":[[-671,781,782,783,784,785]],"type":"Polygon","properties":{"divipola_mun":"15187","divipola_mun_n":15187,"divipola_dep":"15","divipola_dep_n":15,"mpio_nombre":"CHIVATÁ","dpto_nombre":"BOYACÁ","area_km2":49.4442}},{"arcs":[[786,787,788,789]],"type":"Polygon","properties":{"divipola_mun":"15189","divipola_mun_n":15189,"divipola_dep":"15","divipola_dep_n":15,"mpio_nombre":"CIÉNEGA","dpto_nombre":"BOYACÁ","area_km2":53.897}},{"arcs":[[-669,790,-695,791,792,793,794]],"type":"Polygon","properties":{"divipola_mun":"15204","divipola_mun_n":15204,"divipola_dep":"15","divipola_dep_n":15,"mpio_nombre":"CÓMBITA","dpto_nombre":"BOYACÁ","area_km2":138.0443}},{"arcs":[[-736,795,796,797,798,799]],"type":"Polygon","properties":{"divipola_mun":"15212","divipola_mun_n":15212,"divipola_dep":"15","divipola_dep_n":15,"mpio_nombre":"COPER","dpto_nombre":"BOYACÁ","area_km2":149.678}},{"arcs":[[-712,800,801,802,803,804,-739]],"type":"Polygon","properties":{"divipola_mun":"15215","divipola_mun_n":15215,"divipola_dep":"15","divipola_dep_n":15,"mpio_nombre":"CORRALES","dpto_nombre":"BOYACÁ","area_km2":60.7266}},{"arcs":[[805,806,807,808,809]],"type":"Polygon","properties":{"divipola_mun":"15218","divipola_mun_n":15218,"divipola_dep":"15","divipola_dep_n":15,"mpio_nombre":"COVARACHÍA","dpto_nombre":"BOYACÁ","area_km2":102.2142}},{"arcs":[[-769,810,811,812,813,814,815]],"type":"Polygon","properties":{"divipola_mun":"15223","divipola_mun_n":15223,"divipola_dep":"15","divipola_dep_n":15,"mpio_nombre":"CUBARÁ","dpto_nombre":"BOYACÁ","area_km2":1153.6853}},{"arcs":[[-676,816,817]],"type":"Polygon","properties":{"divipola_mun":"15224","divipola_mun_n":15224,"divipola_dep":"15","divipola_dep_n":15,"mpio_nombre":"CUCAITA","dpto_nombre":"BOYACÁ","area_km2":42.0581}},{"arcs":[[-691,818,819,820]],"type":"Polygon","properties":{"divipola_mun":"15226","divipola_mun_n":15226,"divipola_dep":"15","divipola_dep_n":15,"mpio_nombre":"CUÍTIVA","dpto_nombre":"BOYACÁ","area_km2":44.0384}},{"arcs":[[-697,821,822,823,824]],"type":"Polygon","properties":{"divipola_mun":"15232","divipola_mun_n":15232,"divipola_dep":"15","divipola_dep_n":15,"mpio_nombre":"CHÍQUIZA","dpto_nombre":"BOYACÁ","area_km2":116.3184}},{"arcs":[[-680,825,826,827,828,829]],"type":"Polygon","properties":{"divipola_mun":"15236","divipola_mun_n":15236,"divipola_dep":"15","divipola_dep_n":15,"mpio_nombre":"CHIVOR","dpto_nombre":"BOYACÁ","area_km2":108.4932}},{"arcs":[[830,831,832,833,834]],"type":"Polygon","properties":{"divipola_mun":"15238","divipola_mun_n":15238,"divipola_dep":"15","divipola_dep_n":15,"mpio_nombre":"DUITAMA","dpto_nombre":"BOYACÁ","area_km2":233.578}},{"arcs":[[-776,835,836,837,838,839,840]],"type":"Polygon","properties":{"divipola_mun":"15244","divipola_mun_n":15244,"divipola_dep":"15","divipola_dep_n":15,"mpio_nombre":"EL COCUY","dpto_nombre":"BOYACÁ","area_km2":237.7896}},{"arcs":[[-765,841,842,843,844]],"type":"Polygon","properties":{"divipola_mun":"15248","divipola_mun_n":15248,"divipola_dep":"15","divipola_dep_n":15,"mpio_nombre":"EL ESPINO","dpto_nombre":"BOYACÁ","area_km2":69.2418}},{"arcs":[[845,846,847,848,849,850]],"type":"Polygon","properties":{"divipola_mun":"15272","divipola_mun_n":15272,"divipola_dep":"15","divipola_dep_n":15,"mpio_nombre":"FIRAVITOBA","dpto_nombre":"BOYACÁ","area_km2":109.1316}},{"arcs":[[-714,-740,-805,851,852,-750]],"type":"Polygon","properties":{"divipola_mun":"15276","divipola_mun_n":15276,"divipola_dep":"15","divipola_dep_n":15,"mpio_nombre":"FLORESTA","dpto_nombre":"BOYACÁ","area_km2":87.9579}},{"arcs":[[-699,853,854,855]],"type":"Polygon","properties":{"divipola_mun":"15293","divipola_mun_n":15293,"divipola_dep":"15","divipola_dep_n":15,"mpio_nombre":"GACHANTIVÁ","dpto_nombre":"BOYACÁ","area_km2":88.0256}},{"arcs":[[-802,856,857,858,859]],"type":"Polygon","properties":{"divipola_mun":"15296","divipola_mun_n":15296,"divipola_dep":"15","divipola_dep_n":15,"mpio_nombre":"GÁMEZA","dpto_nombre":"BOYACÁ","area_km2":123.4189}},{"arcs":[[-683,860,861,862,863,-756,864,865]],"type":"Polygon","properties":{"divipola_mun":"15299","divipola_mun_n":15299,"divipola_dep":"15","divipola_dep_n":15,"mpio_nombre":"GARAGOA","dpto_nombre":"BOYACÁ","area_km2":193.1746}},{"arcs":[[-844,866,867,868]],"type":"Polygon","properties":{"divipola_mun":"15317","divipola_mun_n":15317,"divipola_dep":"15","divipola_dep_n":15,"mpio_nombre":"GUACAMAYAS","dpto_nombre":"BOYACÁ","area_km2":57.5217}},{"arcs":[[869,870,871,872,873,874,875]],"type":"Polygon","properties":{"divipola_mun":"15322","divipola_mun_n":15322,"divipola_dep":"15","divipola_dep_n":15,"mpio_nombre":"GUATEQUE","dpto_nombre":"BOYACÁ","area_km2":36.072}},{"arcs":[[-681,-830,876,877,878,-873,879]],"type":"Polygon","properties":{"divipola_mun":"15325","divipola_mun_n":15325,"divipola_dep":"15","divipola_dep_n":15,"mpio_nombre":"GUAYATÁ","dpto_nombre":"BOYACÁ","area_km2":99.8042}},{"arcs":[[-764,-816,880,881,-839,882,-842]],"type":"Polygon","properties":{"divipola_mun":"15332","divipola_mun_n":15332,"divipola_dep":"15","divipola_dep_n":15,"mpio_nombre":"GÜICÁN DE LA SIERRA","dpto_nombre":"BOYACÁ","area_km2":949.8998}},{"arcs":[[-820,883,-847,884]],"type":"Polygon","properties":{"divipola_mun":"15362","divipola_mun_n":15362,"divipola_dep":"15","divipola_dep_n":15,"mpio_nombre":"IZA","dpto_nombre":"BOYACÁ","area_km2":34.1803}},{"arcs":[[-725,885,886,887]],"type":"Polygon","properties":{"divipola_mun":"15367","divipola_mun_n":15367,"divipola_dep":"15","divipola_dep_n":15,"mpio_nombre":"JENESANO","dpto_nombre":"BOYACÁ","area_km2":58.9077}},{"arcs":[[-774,888,889,890,891]],"type":"Polygon","properties":{"divipola_mun":"15368","divipola_mun_n":15368,"divipola_dep":"15","divipola_dep_n":15,"mpio_nombre":"JERICÓ","dpto_nombre":"BOYACÁ","area_km2":131.3645}},{"arcs":[[-684,892,893,894,895,896]],"type":"Polygon","properties":{"divipola_mun":"15377","divipola_mun_n":15377,"divipola_dep":"15","divipola_dep_n":15,"mpio_nombre":"LABRANZAGRANDE","dpto_nombre":"BOYACÁ","area_km2":579.9868}},{"arcs":[[-876,897,898,899,900,901]],"type":"Polygon","properties":{"divipola_mun":"15380","divipola_mun_n":15380,"divipola_dep":"15","divipola_dep_n":15,"mpio_nombre":"LA CAPILLA","dpto_nombre":"BOYACÁ","area_km2":56.8372}},{"arcs":[[902,903]],"type":"Polygon","properties":{"divipola_mun":"15401","divipola_mun_n":15401,"divipola_dep":"15","divipola_dep_n":15,"mpio_nombre":"LA VICTORIA","dpto_nombre":"BOYACÁ","area_km2":27.9731}},{"arcs":[[-718,904,-836,-775,-892,905]],"type":"Polygon","properties":{"divipola_mun":"15403","divipola_mun_n":15403,"divipola_dep":"15","divipola_dep_n":15,"mpio_nombre":"LA UVITA","dpto_nombre":"BOYACÁ","area_km2":161.2012}},{"arcs":[[-698,-825,906,907,908,-854]],"type":"Polygon","properties":{"divipola_mun":"15407","divipola_mun_n":15407,"divipola_dep":"15","divipola_dep_n":15,"mpio_nombre":"VILLA DE LEYVA","dpto_nombre":"BOYACÁ","area_km2":126.384}},{"arcs":[[-679,-866,-747,909,-826]],"type":"Polygon","properties":{"divipola_mun":"15425","divipola_mun_n":15425,"divipola_dep":"15","divipola_dep_n":15,"mpio_nombre":"MACANAL","dpto_nombre":"BOYACÁ","area_km2":199.6142}},{"arcs":[[-737,-800,910,911,912,-743]],"type":"Polygon","properties":{"divipola_mun":"15442","divipola_mun_n":15442,"divipola_dep":"15","divipola_dep_n":15,"mpio_nombre":"MARIPÍ","dpto_nombre":"BOYACÁ","area_km2":160.4783}},{"arcs":[[-707,913,-748,-865,-755,914]],"type":"Polygon","properties":{"divipola_mun":"15455","divipola_mun_n":15455,"divipola_dep":"15","divipola_dep_n":15,"mpio_nombre":"MIRAFLORES","dpto_nombre":"BOYACÁ","area_km2":258.2395}},{"arcs":[[-693,915,916,917,-859,918,919,-893]],"type":"Polygon","properties":{"divipola_mun":"15464","divipola_mun_n":15464,"divipola_dep":"15","divipola_dep_n":15,"mpio_nombre":"MONGUA","dpto_nombre":"BOYACÁ","area_km2":360.0405}},{"arcs":[[-917,920,921]],"type":"Polygon","properties":{"divipola_mun":"15466","divipola_mun_n":15466,"divipola_dep":"15","divipola_dep_n":15,"mpio_nombre":"MONGUÍ","dpto_nombre":"BOYACÁ","area_km2":68.6739}},{"arcs":[[-700,-856,922,923,924,925,926,927]],"type":"Polygon","properties":{"divipola_mun":"15469","divipola_mun_n":15469,"divipola_dep":"15","divipola_dep_n":15,"mpio_nombre":"MONIQUIRÁ","dpto_nombre":"BOYACÁ","area_km2":217.8823}},{"arcs":[[-678,928,-822,-696,-791]],"type":"Polygon","properties":{"divipola_mun":"15476","divipola_mun_n":15476,"divipola_dep":"15","divipola_dep_n":15,"mpio_nombre":"MOTAVITA","dpto_nombre":"BOYACÁ","area_km2":59.9425}},{"arcs":[[-799,929,930,931,932,-911]],"type":"Polygon","properties":{"divipola_mun":"15480","divipola_mun_n":15480,"divipola_dep":"15","divipola_dep_n":15,"mpio_nombre":"MUZO","dpto_nombre":"BOYACÁ","area_km2":137.7057}},{"arcs":[[-804,933,934,935,936,-852]],"type":"Polygon","properties":{"divipola_mun":"15491","divipola_mun_n":15491,"divipola_dep":"15","divipola_dep_n":15,"mpio_nombre":"NOBSA","dpto_nombre":"BOYACÁ","area_km2":55.3879}},{"arcs":[[-726,-888,937,938,939,940]],"type":"Polygon","properties":{"divipola_mun":"15494","divipola_mun_n":15494,"divipola_dep":"15","divipola_dep_n":15,"mpio_nombre":"NUEVO COLÓN","dpto_nombre":"BOYACÁ","area_km2":51.3116}},{"arcs":[[-670,-795,941,-782]],"type":"Polygon","properties":{"divipola_mun":"15500","divipola_mun_n":15500,"divipola_dep":"15","divipola_dep_n":15,"mpio_nombre":"OICATÁ","dpto_nombre":"BOYACÁ","area_km2":60.1955}},{"arcs":[[-932,942,943,944,945,946,947,948,949]],"type":"Polygon","properties":{"divipola_mun":"15507","divipola_mun_n":15507,"divipola_dep":"15","divipola_dep_n":15,"mpio_nombre":"OTANCHE","dpto_nombre":"BOYACÁ","area_km2":474.4847}},{"arcs":[[-757,-864,950,-901,951]],"type":"Polygon","properties":{"divipola_mun":"15511","divipola_mun_n":15511,"divipola_dep":"15","divipola_dep_n":15,"mpio_nombre":"PACHAVITA","dpto_nombre":"BOYACÁ","area_km2":66.5774}},{"arcs":[[-687,952,953,954,955,956,-749,-914,-706,957]],"type":"Polygon","properties":{"divipola_mun":"15514","divipola_mun_n":15514,"divipola_dep":"15","divipola_dep_n":15,"mpio_nombre":"PÁEZ","dpto_nombre":"BOYACÁ","area_km2":338.4082}},{"arcs":[[-833,958,-850,959,960,961]],"type":"Polygon","properties":{"divipola_mun":"15516","divipola_mun_n":15516,"divipola_dep":"15","divipola_dep_n":15,"mpio_nombre":"PAIPA","dpto_nombre":"BOYACÁ","area_km2":304.5412}},{"arcs":[[-685,-897,962,963,964]],"type":"Polygon","properties":{"divipola_mun":"15518","divipola_mun_n":15518,"divipola_dep":"15","divipola_dep_n":15,"mpio_nombre":"PAJARITO","dpto_nombre":"BOYACÁ","area_km2":313.0082}},{"arcs":[[-838,965,-867,-843,-883]],"type":"Polygon","properties":{"divipola_mun":"15522","divipola_mun_n":15522,"divipola_dep":"15","divipola_dep_n":15,"mpio_nombre":"PANQUEBA","dpto_nombre":"BOYACÁ","area_km2":39.6239}},{"arcs":[[-731,-744,-913,966,-949,967,968]],"type":"Polygon","properties":{"divipola_mun":"15531","divipola_mun_n":15531,"divipola_dep":"15","divipola_dep_n":15,"mpio_nombre":"PAUNA","dpto_nombre":"BOYACÁ","area_km2":252.3016}},{"arcs":[[-895,969,970,971,972]],"type":"Polygon","properties":{"divipola_mun":"15533","divipola_mun_n":15533,"divipola_dep":"15","divipola_dep_n":15,"mpio_nombre":"PAYA","dpto_nombre":"BOYACÁ","area_km2":442.7616}},{"arcs":[[-701,973,974,975,976,977,-710]],"type":"Polygon","properties":{"divipola_mun":"15537","divipola_mun_n":15537,"divipola_dep":"15","divipola_dep_n":15,"mpio_nombre":"PAZ DE RÍO","dpto_nombre":"BOYACÁ","area_km2":122.4429}},{"arcs":[[-848,-884,978,979,980,981,982,983]],"type":"Polygon","properties":{"divipola_mun":"15542","divipola_mun_n":15542,"divipola_dep":"15","divipola_dep_n":15,"mpio_nombre":"PESCA","dpto_nombre":"BOYACÁ","area_km2":262.5926}},{"arcs":[[-894,-920,984,985,-970]],"type":"Polygon","properties":{"divipola_mun":"15550","divipola_mun_n":15550,"divipola_dep":"15","divipola_dep_n":15,"mpio_nombre":"PISBA","dpto_nombre":"BOYACÁ","area_km2":463.8753}},{"arcs":[[-327,986,-945,987,988,989,-380,-333,-329]],"type":"Polygon","properties":{"divipola_mun":"15572","divipola_mun_n":15572,"divipola_dep":"15","divipola_dep_n":15,"mpio_nombre":"PUERTO BOYACÁ","dpto_nombre":"BOYACÁ","area_km2":1512.0837}},{"arcs":[[-904,990,-943,-931,991,992]],"type":"Polygon","properties":{"divipola_mun":"15580","divipola_mun_n":15580,"divipola_dep":"15","divipola_dep_n":15,"mpio_nombre":"QUÍPAMA","dpto_nombre":"BOYACÁ","area_km2":167.1335}},{"arcs":[[-724,993,-788,994,995,-753,996,-886]],"type":"Polygon","properties":{"divipola_mun":"15599","divipola_mun_n":15599,"divipola_dep":"15","divipola_dep_n":15,"mpio_nombre":"RAMIRIQUÍ","dpto_nombre":"BOYACÁ","area_km2":125.464}},{"arcs":[[997,998,999,1000,1001,1002,1003]],"type":"Polygon","properties":{"divipola_mun":"15600","divipola_mun_n":15600,"divipola_dep":"15","divipola_dep_n":15,"mpio_nombre":"RÁQUIRA","dpto_nombre":"BOYACÁ","area_km2":220.3265}},{"arcs":[[-787,1004,1005,-981,1006,-995]],"type":"Polygon","properties":{"divipola_mun":"15621","divipola_mun_n":15621,"divipola_dep":"15","divipola_dep_n":15,"mpio_nombre":"RONDÓN","dpto_nombre":"BOYACÁ","area_km2":205.9872}},{"arcs":[[-728,1007,1008,1009,1010,1011,-760]],"type":"Polygon","properties":{"divipola_mun":"15632","divipola_mun_n":15632,"divipola_dep":"15","divipola_dep_n":15,"mpio_nombre":"SABOYÁ","dpto_nombre":"BOYACÁ","area_km2":248.2883}},{"arcs":[[-824,1012,-998,1013,-907]],"type":"Polygon","properties":{"divipola_mun":"15638","divipola_mun_n":15638,"divipola_dep":"15","divipola_dep_n":15,"mpio_nombre":"SÁCHICA","dpto_nombre":"BOYACÁ","area_km2":63.8252}},{"arcs":[[-675,1014,1015,-999,-1013,1016,-817]],"type":"Polygon","properties":{"divipola_mun":"15646","divipola_mun_n":15646,"divipola_dep":"15","divipola_dep_n":15,"mpio_nombre":"SAMACÁ","dpto_nombre":"BOYACÁ","area_km2":167.3163}},{"arcs":[[-688,-958,-709,1017]],"type":"Polygon","properties":{"divipola_mun":"15660","divipola_mun_n":15660,"divipola_dep":"15","divipola_dep_n":15,"mpio_nombre":"SAN EDUARDO","dpto_nombre":"BOYACÁ","area_km2":109.2595}},{"arcs":[[-779,1018,-926,1019,1020,1021,1022]],"type":"Polygon","properties":{"divipola_mun":"15664","divipola_mun_n":15664,"divipola_dep":"15","divipola_dep_n":15,"mpio_nombre":"SAN JOSÉ DE PARE","dpto_nombre":"BOYACÁ","area_km2":74.2848}},{"arcs":[[-745,-957,1023,1024,1025]],"type":"Polygon","properties":{"divipola_mun":"15667","divipola_mun_n":15667,"divipola_dep":"15","divipola_dep_n":15,"mpio_nombre":"SAN LUIS DE GACENO","dpto_nombre":"BOYACÁ","area_km2":468.9663}},{"arcs":[[-717,1026,-868,-966,-837,-905]],"type":"Polygon","properties":{"divipola_mun":"15673","divipola_mun_n":15673,"divipola_dep":"15","divipola_dep_n":15,"mpio_nombre":"SAN MATEO","dpto_nombre":"BOYACÁ","area_km2":123.6023}},{"arcs":[[-762,1027,-1002,1028,1029]],"type":"Polygon","properties":{"divipola_mun":"15676","divipola_mun_n":15676,"divipola_dep":"15","divipola_dep_n":15,"mpio_nombre":"SAN MIGUEL DE SEMA","dpto_nombre":"BOYACÁ","area_km2":93.8605}},{"arcs":[[-912,-933,-950,-967]],"type":"Polygon","properties":{"divipola_mun":"15681","divipola_mun_n":15681,"divipola_dep":"15","divipola_dep_n":15,"mpio_nombre":"SAN PABLO DE BORBUR","dpto_nombre":"BOYACÁ","area_km2":195.6647}},{"arcs":[[-780,-1023,1030,1031]],"type":"Polygon","properties":{"divipola_mun":"15686","divipola_mun_n":15686,"divipola_dep":"15","divipola_dep_n":15,"mpio_nombre":"SANTANA","dpto_nombre":"BOYACÁ","area_km2":67.853}},{"arcs":[[-746,-1026,1032,1033,1034,-827,-910]],"type":"Polygon","properties":{"divipola_mun":"15690","divipola_mun_n":15690,"divipola_dep":"15","divipola_dep_n":15,"mpio_nombre":"SANTA MARÍA","dpto_nombre":"BOYACÁ","area_km2":309.1066}},{"arcs":[[-751,-853,-937,1035,-831,1036]],"type":"Polygon","properties":{"divipola_mun":"15693","divipola_mun_n":15693,"divipola_dep":"15","divipola_dep_n":15,"mpio_nombre":"SANTA ROSA DE VITERBO","dpto_nombre":"BOYACÁ","area_km2":116.478}},{"arcs":[[-855,-909,1037,-1010,1038,-923]],"type":"Polygon","properties":{"divipola_mun":"15696","divipola_mun_n":15696,"divipola_dep":"15","divipola_dep_n":15,"mpio_nombre":"SANTA SOFÍA","dpto_nombre":"BOYACÁ","area_km2":77.4421}},{"arcs":[[-890,1039,1040,-975,1041,1042,1043]],"type":"Polygon","properties":{"divipola_mun":"15720","divipola_mun_n":15720,"divipola_dep":"15","divipola_dep_n":15,"mpio_nombre":"SATIVANORTE","dpto_nombre":"BOYACÁ","area_km2":161.0701}},{"arcs":[[-976,-1041,1044,1045]],"type":"Polygon","properties":{"divipola_mun":"15723","divipola_mun_n":15723,"divipola_dep":"15","divipola_dep_n":15,"mpio_nombre":"SATIVASUR","dpto_nombre":"BOYACÁ","area_km2":54.6258}},{"arcs":[[-785,1046,-982,-1006,1047,1048]],"type":"Polygon","properties":{"divipola_mun":"15740","divipola_mun_n":15740,"divipola_dep":"15","divipola_dep_n":15,"mpio_nombre":"SIACHOQUE","dpto_nombre":"BOYACÁ","area_km2":119.0072}},{"arcs":[[-720,1049,1050,1051]],"type":"Polygon","properties":{"divipola_mun":"15753","divipola_mun_n":15753,"divipola_dep":"15","divipola_dep_n":15,"mpio_nombre":"SOATÁ","dpto_nombre":"BOYACÁ","area_km2":122.831}},{"arcs":[[-773,1052,-985,-919,-858,1053,1054,-1045,-1040,-889]],"type":"Polygon","properties":{"divipola_mun":"15755","divipola_mun_n":15755,"divipola_dep":"15","divipola_dep_n":15,"mpio_nombre":"SOCOTÁ","dpto_nombre":"BOYACÁ","area_km2":602.3038}},{"arcs":[[-977,-1046,-1055,1055]],"type":"Polygon","properties":{"divipola_mun":"15757","divipola_mun_n":15757,"divipola_dep":"15","divipola_dep_n":15,"mpio_nombre":"SOCHA","dpto_nombre":"BOYACÁ","area_km2":149.8802}},{"arcs":[[-692,-821,-885,-846,1056,-935,1057,-921,-916]],"type":"Polygon","properties":{"divipola_mun":"15759","divipola_mun_n":15759,"divipola_dep":"15","divipola_dep_n":15,"mpio_nombre":"SOGAMOSO","dpto_nombre":"BOYACÁ","area_km2":207.2839}},{"arcs":[[-682,-880,-872,1058,-861]],"type":"Polygon","properties":{"divipola_mun":"15761","divipola_mun_n":15761,"divipola_dep":"15","divipola_dep_n":15,"mpio_nombre":"SOMONDOCO","dpto_nombre":"BOYACÁ","area_km2":58.6968}},{"arcs":[[-677,-818,-1017,-823,-929]],"type":"Polygon","properties":{"divipola_mun":"15762","divipola_mun_n":15762,"divipola_dep":"15","divipola_dep_n":15,"mpio_nombre":"SORA","dpto_nombre":"BOYACÁ","area_km2":47.7655}},{"arcs":[[-793,1059,-961,1060]],"type":"Polygon","properties":{"divipola_mun":"15763","divipola_mun_n":15763,"divipola_dep":"15","divipola_dep_n":15,"mpio_nombre":"SOTAQUIRÁ","dpto_nombre":"BOYACÁ","area_km2":291.5651}},{"arcs":[[-672,-786,-1049,1061,-789,-994,-723]],"type":"Polygon","properties":{"divipola_mun":"15764","divipola_mun_n":15764,"divipola_dep":"15","divipola_dep_n":15,"mpio_nombre":"SORACÁ","dpto_nombre":"BOYACÁ","area_km2":55.6606}},{"arcs":[[-719,-906,-891,-1044,1062,-1050]],"type":"Polygon","properties":{"divipola_mun":"15774","divipola_mun_n":15774,"divipola_dep":"15","divipola_dep_n":15,"mpio_nombre":"SUSACÓN","dpto_nombre":"BOYACÁ","area_km2":182.3129}},{"arcs":[[-908,-1014,-1004,1063,-1011,-1038]],"type":"Polygon","properties":{"divipola_mun":"15776","divipola_mun_n":15776,"divipola_dep":"15","divipola_dep_n":15,"mpio_nombre":"SUTAMARCHÁN","dpto_nombre":"BOYACÁ","area_km2":103.3457}},{"arcs":[[-862,-1059,-871,1064]],"type":"Polygon","properties":{"divipola_mun":"15778","divipola_mun_n":15778,"divipola_dep":"15","divipola_dep_n":15,"mpio_nombre":"SUTATENZA","dpto_nombre":"BOYACÁ","area_km2":41.0667}},{"arcs":[[-711,-978,-1056,-1054,-857,-801]],"type":"Polygon","properties":{"divipola_mun":"15790","divipola_mun_n":15790,"divipola_dep":"15","divipola_dep_n":15,"mpio_nombre":"TASCO","dpto_nombre":"BOYACÁ","area_km2":209.2515}},{"arcs":[[-863,-1065,-870,-902,-951]],"type":"Polygon","properties":{"divipola_mun":"15798","divipola_mun_n":15798,"divipola_dep":"15","divipola_dep_n":15,"mpio_nombre":"TENZA","dpto_nombre":"BOYACÁ","area_km2":45.7873}},{"arcs":[[-759,1065,-938,-887,-997]],"type":"Polygon","properties":{"divipola_mun":"15804","divipola_mun_n":15804,"divipola_dep":"15","divipola_dep_n":15,"mpio_nombre":"TIBANÁ","dpto_nombre":"BOYACÁ","area_km2":121.6262}},{"arcs":[[-832,-1036,-936,-1057,-851,-959]],"type":"Polygon","properties":{"divipola_mun":"15806","divipola_mun_n":15806,"divipola_dep":"15","divipola_dep_n":15,"mpio_nombre":"TIBASOSA","dpto_nombre":"BOYACÁ","area_km2":93.5797}},{"arcs":[[-761,-1012,-1064,-1003,-1028]],"type":"Polygon","properties":{"divipola_mun":"15808","divipola_mun_n":15808,"divipola_dep":"15","divipola_dep_n":15,"mpio_nombre":"TINJACÁ","dpto_nombre":"BOYACÁ","area_km2":79.631}},{"arcs":[[-721,-1052,1066,-807,1067]],"type":"Polygon","properties":{"divipola_mun":"15810","divipola_mun_n":15810,"divipola_dep":"15","divipola_dep_n":15,"mpio_nombre":"TIPACOQUE","dpto_nombre":"BOYACÁ","area_km2":71.793}},{"arcs":[[-784,1068,-983,-1047]],"type":"Polygon","properties":{"divipola_mun":"15814","divipola_mun_n":15814,"divipola_dep":"15","divipola_dep_n":15,"mpio_nombre":"TOCA","dpto_nombre":"BOYACÁ","area_km2":167.9412}},{"arcs":[[-778,1069,-927,-1019]],"type":"Polygon","properties":{"divipola_mun":"15816","divipola_mun_n":15816,"divipola_dep":"15","divipola_dep_n":15,"mpio_nombre":"TOGÜÍ","dpto_nombre":"BOYACÁ","area_km2":101.2776}},{"arcs":[[-803,-860,-918,-922,-1058,-934]],"type":"Polygon","properties":{"divipola_mun":"15820","divipola_mun_n":15820,"divipola_dep":"15","divipola_dep_n":15,"mpio_nombre":"TÓPAGA","dpto_nombre":"BOYACÁ","area_km2":33.5603}},{"arcs":[[-690,1070,-979,-819]],"type":"Polygon","properties":{"divipola_mun":"15822","divipola_mun_n":15822,"divipola_dep":"15","divipola_dep_n":15,"mpio_nombre":"TOTA","dpto_nombre":"BOYACÁ","area_km2":195.6642}},{"arcs":[[-732,-969,1071,1072]],"type":"Polygon","properties":{"divipola_mun":"15832","divipola_mun_n":15832,"divipola_dep":"15","divipola_dep_n":15,"mpio_nombre":"TUNUNGUÁ","dpto_nombre":"BOYACÁ","area_km2":29.1823}},{"arcs":[[-940,1073,1074,1075]],"type":"Polygon","properties":{"divipola_mun":"15835","divipola_mun_n":15835,"divipola_dep":"15","divipola_dep_n":15,"mpio_nombre":"TURMEQUÉ","dpto_nombre":"BOYACÁ","area_km2":79.5776}},{"arcs":[[-783,-942,-794,-1061,-960,-849,-984,-1069]],"type":"Polygon","properties":{"divipola_mun":"15837","divipola_mun_n":15837,"divipola_dep":"15","divipola_dep_n":15,"mpio_nombre":"TUTA","dpto_nombre":"BOYACÁ","area_km2":165.2288}},{"arcs":[[-705,1076,1077,-1042,-974]],"type":"Polygon","properties":{"divipola_mun":"15839","divipola_mun_n":15839,"divipola_dep":"15","divipola_dep_n":15,"mpio_nombre":"TUTAZÁ","dpto_nombre":"BOYACÁ","area_km2":121.7601}},{"arcs":[[-758,-952,-900,1078,-1074,-939,-1066]],"type":"Polygon","properties":{"divipola_mun":"15842","divipola_mun_n":15842,"divipola_dep":"15","divipola_dep_n":15,"mpio_nombre":"ÚMBITA","dpto_nombre":"BOYACÁ","area_km2":145.8445}},{"arcs":[[-674,-727,-941,-1076,1079,1080,1081,-1015]],"type":"Polygon","properties":{"divipola_mun":"15861","divipola_mun_n":15861,"divipola_dep":"15","divipola_dep_n":15,"mpio_nombre":"VENTAQUEMADA","dpto_nombre":"BOYACÁ","area_km2":159.7537}},{"arcs":[[-790,-1062,-1048,-1005]],"type":"Polygon","properties":{"divipola_mun":"15879","divipola_mun_n":15879,"divipola_dep":"15","divipola_dep_n":15,"mpio_nombre":"VIRACACHÁ","dpto_nombre":"BOYACÁ","area_km2":62.4699}},{"arcs":[[-689,-1018,-708,-915,-754,-996,-1007,-980,-1071]],"type":"Polygon","properties":{"divipola_mun":"15897","divipola_mun_n":15897,"divipola_dep":"15","divipola_dep_n":15,"mpio_nombre":"ZETAQUIRA","dpto_nombre":"BOYACÁ","area_km2":251.0418}},{"arcs":[[1082,1083,1084,1085,1086,1087,1088]],"type":"Polygon","properties":{"divipola_mun":"17001","divipola_mun_n":17001,"divipola_dep":"17","divipola_dep_n":17,"mpio_nombre":"MANIZALES","dpto_nombre":"CALDAS","area_km2":440.8574}},{"arcs":[[-15,-384,1089,1090,-159,-401,-285,-371]],"type":"Polygon","properties":{"divipola_mun":"17013","divipola_mun_n":17013,"divipola_dep":"17","divipola_dep_n":17,"mpio_nombre":"AGUADAS","dpto_nombre":"CALDAS","area_km2":475.5667}},{"arcs":[[-1086,1091,1092,1093,1094,1095,1096,1097]],"type":"Polygon","properties":{"divipola_mun":"17042","divipola_mun_n":17042,"divipola_dep":"17","divipola_dep_n":17,"mpio_nombre":"ANSERMA","dpto_nombre":"CALDAS","area_km2":209.1222}},{"arcs":[[1098,1099,1100,1101]],"type":"Polygon","properties":{"divipola_mun":"17050","divipola_mun_n":17050,"divipola_dep":"17","divipola_dep_n":17,"mpio_nombre":"ARANZAZU","dpto_nombre":"CALDAS","area_km2":149.5271}},{"arcs":[[1102,1103,1104,1105,1106,1107,1108]],"type":"Polygon","properties":{"divipola_mun":"17088","divipola_mun_n":17088,"divipola_dep":"17","divipola_dep_n":17,"mpio_nombre":"BELALCÁZAR","dpto_nombre":"CALDAS","area_km2":113.369}},{"arcs":[[-1084,1109,1110,1111,-1104,1112,1113]],"type":"Polygon","properties":{"divipola_mun":"17174","divipola_mun_n":17174,"divipola_dep":"17","divipola_dep_n":17,"mpio_nombre":"CHINCHINÁ","dpto_nombre":"CALDAS","area_km2":109.3474}},{"arcs":[[-1100,1114,1115,1116,1117,1118]],"type":"Polygon","properties":{"divipola_mun":"17272","divipola_mun_n":17272,"divipola_dep":"17","divipola_dep_n":17,"mpio_nombre":"FILADELFIA","dpto_nombre":"CALDAS","area_km2":192.552}},{"arcs":[[-381,-990,1119,1120,1121,1122,1123]],"type":"Polygon","properties":{"divipola_mun":"17380","divipola_mun_n":17380,"divipola_dep":"17","divipola_dep_n":17,"mpio_nombre":"LA DORADA","dpto_nombre":"CALDAS","area_km2":548.7794}},{"arcs":[[-1101,-1119,1124,1125,1126,1127]],"type":"Polygon","properties":{"divipola_mun":"17388","divipola_mun_n":17388,"divipola_dep":"17","divipola_dep_n":17,"mpio_nombre":"LA MERCED","dpto_nombre":"CALDAS","area_km2":88.581}},{"arcs":[[1128,1129,1130,1131,1132]],"type":"Polygon","properties":{"divipola_mun":"17433","divipola_mun_n":17433,"divipola_dep":"17","divipola_dep_n":17,"mpio_nombre":"MANZANARES","dpto_nombre":"CALDAS","area_km2":197.8045}},{"arcs":[[-161,1133,-1126,1134]],"type":"Polygon","properties":{"divipola_mun":"17442","divipola_mun_n":17442,"divipola_dep":"17","divipola_dep_n":17,"mpio_nombre":"MARMATO","dpto_nombre":"CALDAS","area_km2":36.8538}},{"arcs":[[-1129,1135,1136,1137,1138,1139]],"type":"Polygon","properties":{"divipola_mun":"17444","divipola_mun_n":17444,"divipola_dep":"17","divipola_dep_n":17,"mpio_nombre":"MARQUETALIA","dpto_nombre":"CALDAS","area_km2":90.2774}},{"arcs":[[-1088,1140,1141,1142,-1132,1143]],"type":"Polygon","properties":{"divipola_mun":"17446","divipola_mun_n":17446,"divipola_dep":"17","divipola_dep_n":17,"mpio_nombre":"MARULANDA","dpto_nombre":"CALDAS","area_km2":376.0914}},{"arcs":[[-1087,-1098,1144,-1115,-1099,-1141]],"type":"Polygon","properties":{"divipola_mun":"17486","divipola_mun_n":17486,"divipola_dep":"17","divipola_dep_n":17,"mpio_nombre":"NEIRA","dpto_nombre":"CALDAS","area_km2":369.2176}},{"arcs":[[-92,-382,-1124,1145,1146]],"type":"Polygon","properties":{"divipola_mun":"17495","divipola_mun_n":17495,"divipola_dep":"17","divipola_dep_n":17,"mpio_nombre":"NORCASIA","dpto_nombre":"CALDAS","area_km2":227.3786}},{"arcs":[[-160,-1091,1147,-1127,-1134]],"type":"Polygon","properties":{"divipola_mun":"17513","divipola_mun_n":17513,"divipola_dep":"17","divipola_dep_n":17,"mpio_nombre":"PÁCORA","dpto_nombre":"CALDAS","area_km2":257.1926}},{"arcs":[[-1085,-1114,1148,-1092]],"type":"Polygon","properties":{"divipola_mun":"17524","divipola_mun_n":17524,"divipola_dep":"17","divipola_dep_n":17,"mpio_nombre":"PALESTINA","dpto_nombre":"CALDAS","area_km2":112.2226}},{"arcs":[[-307,1149,-1136,-1133,-1143,1150,-383]],"type":"Polygon","properties":{"divipola_mun":"17541","divipola_mun_n":17541,"divipola_dep":"17","divipola_dep_n":17,"mpio_nombre":"PENSILVANIA","dpto_nombre":"CALDAS","area_km2":498.96}},{"arcs":[[-163,1151,-1117,1152,1153,1154,-274,-385]],"type":"Polygon","properties":{"divipola_mun":"17614","divipola_mun_n":17614,"divipola_dep":"17","divipola_dep_n":17,"mpio_nombre":"RIOSUCIO","dpto_nombre":"CALDAS","area_km2":384.1115}},{"arcs":[[-1093,-1149,-1113,-1103,1155,1156]],"type":"Polygon","properties":{"divipola_mun":"17616","divipola_mun_n":17616,"divipola_dep":"17","divipola_dep_n":17,"mpio_nombre":"RISARALDA","dpto_nombre":"CALDAS","area_km2":89.8782}},{"arcs":[[-1090,-1151,-1142,-1102,-1128,-1148]],"type":"Polygon","properties":{"divipola_mun":"17653","divipola_mun_n":17653,"divipola_dep":"17","divipola_dep_n":17,"mpio_nombre":"SALAMINA","dpto_nombre":"CALDAS","area_km2":387.9588}},{"arcs":[[-93,-1147,1157,-1137,-1150,-306]],"type":"Polygon","properties":{"divipola_mun":"17662","divipola_mun_n":17662,"divipola_dep":"17","divipola_dep_n":17,"mpio_nombre":"SAMANÁ","dpto_nombre":"CALDAS","area_km2":757.6842}},{"arcs":[[-1109,1158,-1156]],"type":"Polygon","properties":{"divipola_mun":"17665","divipola_mun_n":17665,"divipola_dep":"17","divipola_dep_n":17,"mpio_nombre":"SAN JOSÉ","dpto_nombre":"CALDAS","area_km2":60.936}},{"arcs":[[-162,-1135,-1125,-1118,-1152]],"type":"Polygon","properties":{"divipola_mun":"17777","divipola_mun_n":17777,"divipola_dep":"17","divipola_dep_n":17,"mpio_nombre":"SUPÍA","dpto_nombre":"CALDAS","area_km2":121.4199}},{"arcs":[[-1123,1159,1160,-1138,-1158,-1146]],"type":"Polygon","properties":{"divipola_mun":"17867","divipola_mun_n":17867,"divipola_dep":"17","divipola_dep_n":17,"mpio_nombre":"VICTORIA","dpto_nombre":"CALDAS","area_km2":558.4658}},{"arcs":[[-1083,1161,1162,1163,1164,1165,-1110]],"type":"Polygon","properties":{"divipola_mun":"17873","divipola_mun_n":17873,"divipola_dep":"17","divipola_dep_n":17,"mpio_nombre":"VILLAMARÍA","dpto_nombre":"CALDAS","area_km2":454.9146}},{"arcs":[[-1094,-1157,-1159,-1108,1166,1167,1168]],"type":"Polygon","properties":{"divipola_mun":"17877","divipola_mun_n":17877,"divipola_dep":"17","divipola_dep_n":17,"mpio_nombre":"VITERBO","dpto_nombre":"CALDAS","area_km2":112.8686}},{"arcs":[[1169,1170,1171,1172,1173,1174,1175,1176]],"type":"Polygon","properties":{"divipola_mun":"18001","divipola_mun_n":18001,"divipola_dep":"18","divipola_dep_n":18,"mpio_nombre":"FLORENCIA","dpto_nombre":"CAQUETÁ","area_km2":2546.952}},{"arcs":[[1177,1178,1179,1180]],"type":"Polygon","properties":{"divipola_mun":"18029","divipola_mun_n":18029,"divipola_dep":"18","divipola_dep_n":18,"mpio_nombre":"ALBANIA","dpto_nombre":"CAQUETÁ","area_km2":412.8277}},{"arcs":[[-1172,1181,1182,-1181,1183,1184,1185]],"type":"Polygon","properties":{"divipola_mun":"18094","divipola_mun_n":18094,"divipola_dep":"18","divipola_dep_n":18,"mpio_nombre":"BELÉN DE LOS ANDAQUÍES","dpto_nombre":"CAQUETÁ","area_km2":1191.5522}},{"arcs":[[1186,1187,1188,1189,1190,1191]],"type":"Polygon","properties":{"divipola_mun":"18150","divipola_mun_n":18150,"divipola_dep":"18","divipola_dep_n":18,"mpio_nombre":"CARTAGENA DEL CHAIRÁ","dpto_nombre":"CAQUETÁ","area_km2":12771.3602}},{"arcs":[[-1179,1192,1193,1194,1195,1196]],"type":"Polygon","properties":{"divipola_mun":"18205","divipola_mun_n":18205,"divipola_dep":"18","divipola_dep_n":18,"mpio_nombre":"CURILLO","dpto_nombre":"CAQUETÁ","area_km2":399.2795}},{"arcs":[[-1190,1197,1198,1199]],"type":"Polygon","properties":{"divipola_mun":"18247","divipola_mun_n":18247,"divipola_dep":"18","divipola_dep_n":18,"mpio_nombre":"EL DONCELLO","dpto_nombre":"CAQUETÁ","area_km2":1105.5148}},{"arcs":[[-1176,1200,1201,-1198,-1189,1202]],"type":"Polygon","properties":{"divipola_mun":"18256","divipola_mun_n":18256,"divipola_dep":"18","divipola_dep_n":18,"mpio_nombre":"EL PAUJÍL","dpto_nombre":"CAQUETÁ","area_km2":1234.1406}},{"arcs":[[-1177,-1203,-1188,1203,1204]],"type":"Polygon","properties":{"divipola_mun":"18410","divipola_mun_n":18410,"divipola_dep":"18","divipola_dep_n":18,"mpio_nombre":"LA MONTAÑITA","dpto_nombre":"CAQUETÁ","area_km2":1700.2524}},{"arcs":[[-1170,-1205,1205,1206,1207]],"type":"Polygon","properties":{"divipola_mun":"18460","divipola_mun_n":18460,"divipola_dep":"18","divipola_dep_n":18,"mpio_nombre":"MILÁN","dpto_nombre":"CAQUETÁ","area_km2":1220.1133}},{"arcs":[[-1171,-1208,1208,-1182]],"type":"Polygon","properties":{"divipola_mun":"18479","divipola_mun_n":18479,"divipola_dep":"18","divipola_dep_n":18,"mpio_nombre":"MORELIA","dpto_nombre":"CAQUETÁ","area_km2":462.3919}},{"arcs":[[-1191,-1200,1209,1210]],"type":"Polygon","properties":{"divipola_mun":"18592","divipola_mun_n":18592,"divipola_dep":"18","divipola_dep_n":18,"mpio_nombre":"PUERTO RICO","dpto_nombre":"CAQUETÁ","area_km2":4143.9612}},{"arcs":[[-1180,-1197,1211,1212,-1184]],"type":"Polygon","properties":{"divipola_mun":"18610","divipola_mun_n":18610,"divipola_dep":"18","divipola_dep_n":18,"mpio_nombre":"SAN JOSÉ DEL FRAGUA","dpto_nombre":"CAQUETÁ","area_km2":1310.246}},{"arcs":[[-1192,-1211,1213,1214,1215,1216,1217,1218,1219,1220]],"type":"Polygon","properties":{"divipola_mun":"18753","divipola_mun_n":18753,"divipola_dep":"18","divipola_dep_n":18,"mpio_nombre":"SAN VICENTE DEL CAGUÁN","dpto_nombre":"CAQUETÁ","area_km2":20170.1286}},{"arcs":[[-1187,-1221,1221,1222,1223,1224,1225,1226,1227,1228,1229,1230,1231,-1206,-1204]],"type":"Polygon","properties":{"divipola_mun":"18756","divipola_mun_n":18756,"divipola_dep":"18","divipola_dep_n":18,"mpio_nombre":"SOLANO","dpto_nombre":"CAQUETÁ","area_km2":42233.525}},{"arcs":[[-1194,1232,-1231,1233]],"type":"Polygon","properties":{"divipola_mun":"18785","divipola_mun_n":18785,"divipola_dep":"18","divipola_dep_n":18,"mpio_nombre":"SOLITA","dpto_nombre":"CAQUETÁ","area_km2":476.83}},{"arcs":[[-1178,-1183,-1209,-1207,-1232,-1233,-1193]],"type":"Polygon","properties":{"divipola_mun":"18860","divipola_mun_n":18860,"divipola_dep":"18","divipola_dep_n":18,"mpio_nombre":"VALPARAÍSO","dpto_nombre":"CAQUETÁ","area_km2":1329.917}},{"arcs":[[1234,1235,1236,1237,1238,1239]],"type":"Polygon","properties":{"divipola_mun":"19001","divipola_mun_n":19001,"divipola_dep":"19","divipola_dep_n":19,"mpio_nombre":"POPAYÁN","dpto_nombre":"CAUCA","area_km2":480.3814}},{"arcs":[[1240,1241,1242,1243]],"type":"Polygon","properties":{"divipola_mun":"19022","divipola_mun_n":19022,"divipola_dep":"19","divipola_dep_n":19,"mpio_nombre":"ALMAGUER","dpto_nombre":"CAUCA","area_km2":236.8516}},{"arcs":[[1244,1245,1246,1247,1248,1249]],"type":"Polygon","properties":{"divipola_mun":"19050","divipola_mun_n":19050,"divipola_dep":"19","divipola_dep_n":19,"mpio_nombre":"ARGELIA","dpto_nombre":"CAUCA","area_km2":776.4555}},{"arcs":[[-1247,1250,1251,1252,1253]],"type":"Polygon","properties":{"divipola_mun":"19075","divipola_mun_n":19075,"divipola_dep":"19","divipola_dep_n":19,"mpio_nombre":"BALBOA","dpto_nombre":"CAUCA","area_km2":413.5523}},{"arcs":[[-1242,1254,1255,1256,1257,1258,1259,1260,1261]],"type":"Polygon","properties":{"divipola_mun":"19100","divipola_mun_n":19100,"divipola_dep":"19","divipola_dep_n":19,"mpio_nombre":"BOLÍVAR","dpto_nombre":"CAUCA","area_km2":798.3494}},{"arcs":[[1262,1263,1264,1265,1266,1267,1268]],"type":"Polygon","properties":{"divipola_mun":"19110","divipola_mun_n":19110,"divipola_dep":"19","divipola_dep_n":19,"mpio_nombre":"BUENOS AIRES","dpto_nombre":"CAUCA","area_km2":435.119}},{"arcs":[[-1240,1269,1270,1271,1272,1273]],"type":"Polygon","properties":{"divipola_mun":"19130","divipola_mun_n":19130,"divipola_dep":"19","divipola_dep_n":19,"mpio_nombre":"CAJIBÍO","dpto_nombre":"CAUCA","area_km2":552.5514}},{"arcs":[[-1264,1274,1275,1276,1277,1278]],"type":"Polygon","properties":{"divipola_mun":"19137","divipola_mun_n":19137,"divipola_dep":"19","divipola_dep_n":19,"mpio_nombre":"CALDONO","dpto_nombre":"CAUCA","area_km2":354.8557}},{"arcs":[[1279,1280,1281,1282,1283,1284,1285,1286]],"type":"Polygon","properties":{"divipola_mun":"19142","divipola_mun_n":19142,"divipola_dep":"19","divipola_dep_n":19,"mpio_nombre":"CALOTO","dpto_nombre":"CAUCA","area_km2":264.8714}},{"arcs":[[-1282,1287,1288,1289,1290]],"type":"Polygon","properties":{"divipola_mun":"19212","divipola_mun_n":19212,"divipola_dep":"19","divipola_dep_n":19,"mpio_nombre":"CORINTO","dpto_nombre":"CAUCA","area_km2":325.9754}},{"arcs":[[-1239,1291,1292,1293,1294,-1245,1295,1296,1297,-1270]],"type":"Polygon","properties":{"divipola_mun":"19256","divipola_mun_n":19256,"divipola_dep":"19","divipola_dep_n":19,"mpio_nombre":"EL TAMBO","dpto_nombre":"CAUCA","area_km2":2741.4835}},{"arcs":[[-1259,1298,1299,1300]],"type":"Polygon","properties":{"divipola_mun":"19290","divipola_mun_n":19290,"divipola_dep":"19","divipola_dep_n":19,"mpio_nombre":"FLORENCIA","dpto_nombre":"CAUCA","area_km2":56.6949}},{"arcs":[[-1280,1301,1302]],"type":"Polygon","properties":{"divipola_mun":"19300","divipola_mun_n":19300,"divipola_dep":"19","divipola_dep_n":19,"mpio_nombre":"GUACHENÉ","dpto_nombre":"CAUCA","area_km2":100.6876}},{"arcs":[[-1249,1303,1304,1305,1306]],"type":"Polygon","properties":{"divipola_mun":"19318","divipola_mun_n":19318,"divipola_dep":"19","divipola_dep_n":19,"mpio_nombre":"GUAPI","dpto_nombre":"CAUCA","area_km2":2570.8867}},{"arcs":[[1307,1308,1309,1310,1311]],"type":"Polygon","properties":{"divipola_mun":"19355","divipola_mun_n":19355,"divipola_dep":"19","divipola_dep_n":19,"mpio_nombre":"INZÁ","dpto_nombre":"CAUCA","area_km2":866.4116}},{"arcs":[[-1276,1312,-1284,1313,1314,1315]],"type":"Polygon","properties":{"divipola_mun":"19364","divipola_mun_n":19364,"divipola_dep":"19","divipola_dep_n":19,"mpio_nombre":"JAMBALÓ","dpto_nombre":"CAUCA","area_km2":234.4871}},{"arcs":[[-1294,1316,1317,1318,1319,1320]],"type":"Polygon","properties":{"divipola_mun":"19392","divipola_mun_n":19392,"divipola_dep":"19","divipola_dep_n":19,"mpio_nombre":"LA SIERRA","dpto_nombre":"CAUCA","area_km2":208.4674}},{"arcs":[[-1244,1321,-1319,1322,1323,1324]],"type":"Polygon","properties":{"divipola_mun":"19397","divipola_mun_n":19397,"divipola_dep":"19","divipola_dep_n":19,"mpio_nombre":"LA VEGA","dpto_nombre":"CAUCA","area_km2":516.3469}},{"arcs":[[-1267,1325,1326,-1297,1327,1328,1329]],"type":"Polygon","properties":{"divipola_mun":"19418","divipola_mun_n":19418,"divipola_dep":"19","divipola_dep_n":19,"mpio_nombre":"LÓPEZ DE MICAY","dpto_nombre":"CAUCA","area_km2":3370.4311}},{"arcs":[[-1252,1330,-1260,-1301,1331,1332,1333,1334,1335]],"type":"Polygon","properties":{"divipola_mun":"19450","divipola_mun_n":19450,"divipola_dep":"19","divipola_dep_n":19,"mpio_nombre":"MERCADERES","dpto_nombre":"CAUCA","area_km2":698.545}},{"arcs":[[-1289,1336,1337,1338,1339,1340,1341]],"type":"Polygon","properties":{"divipola_mun":"19455","divipola_mun_n":19455,"divipola_dep":"19","divipola_dep_n":19,"mpio_nombre":"MIRANDA","dpto_nombre":"CAUCA","area_km2":189.7139}},{"arcs":[[-1265,-1279,1342,-1271,-1298,-1327,1343]],"type":"Polygon","properties":{"divipola_mun":"19473","divipola_mun_n":19473,"divipola_dep":"19","divipola_dep_n":19,"mpio_nombre":"MORALES","dpto_nombre":"CAUCA","area_km2":511.7411}},{"arcs":[[-1281,-1303,1344,-1337,-1288]],"type":"Polygon","properties":{"divipola_mun":"19513","divipola_mun_n":19513,"divipola_dep":"19","divipola_dep_n":19,"mpio_nombre":"PADILLA","dpto_nombre":"CAUCA","area_km2":69.7004}},{"arcs":[[-1312,1345,-1315,1346,1347,1348,1349,1350,1351,1352]],"type":"Polygon","properties":{"divipola_mun":"19517","divipola_mun_n":19517,"divipola_dep":"19","divipola_dep_n":19,"mpio_nombre":"PÁEZ","dpto_nombre":"CAUCA","area_km2":1793.1782}},{"arcs":[[-1246,-1295,-1321,1353,-1261,-1331,-1251]],"type":"Polygon","properties":{"divipola_mun":"19532","divipola_mun_n":19532,"divipola_dep":"19","divipola_dep_n":19,"mpio_nombre":"PATÍA","dpto_nombre":"CAUCA","area_km2":755.8414}},{"arcs":[[-1196,1354,1355,1356,1357,-1212]],"type":"Polygon","properties":{"divipola_mun":"19533","divipola_mun_n":19533,"divipola_dep":"19","divipola_dep_n":19,"mpio_nombre":"PIAMONTE","dpto_nombre":"CAUCA","area_km2":1105.0052}},{"arcs":[[-1272,-1343,-1278,1358]],"type":"Polygon","properties":{"divipola_mun":"19548","divipola_mun_n":19548,"divipola_dep":"19","divipola_dep_n":19,"mpio_nombre":"PIENDAMÓ - TUNÍA","dpto_nombre":"CAUCA","area_km2":181.3403}},{"arcs":[[-1287,1359,1360,1361,1362,-1338,-1345,-1302]],"type":"Polygon","properties":{"divipola_mun":"19573","divipola_mun_n":19573,"divipola_dep":"19","divipola_dep_n":19,"mpio_nombre":"PUERTO TEJADA","dpto_nombre":"CAUCA","area_km2":109.2164}},{"arcs":[[-1236,1363,-1309,1364,1365,1366,1367,1368]],"type":"Polygon","properties":{"divipola_mun":"19585","divipola_mun_n":19585,"divipola_dep":"19","divipola_dep_n":19,"mpio_nombre":"PURACÉ","dpto_nombre":"CAUCA","area_km2":848.5523}},{"arcs":[[-1293,1369,1370,-1317]],"type":"Polygon","properties":{"divipola_mun":"19622","divipola_mun_n":19622,"divipola_dep":"19","divipola_dep_n":19,"mpio_nombre":"ROSAS","dpto_nombre":"CAUCA","area_km2":169.1801}},{"arcs":[[-1241,-1325,1371,1372,-1255]],"type":"Polygon","properties":{"divipola_mun":"19693","divipola_mun_n":19693,"divipola_dep":"19","divipola_dep_n":19,"mpio_nombre":"SAN SEBASTIÁN","dpto_nombre":"CAUCA","area_km2":419.2443}},{"arcs":[[-1263,1373,1374,-1285,-1313,-1275]],"type":"Polygon","properties":{"divipola_mun":"19698","divipola_mun_n":19698,"divipola_dep":"19","divipola_dep_n":19,"mpio_nombre":"SANTANDER DE QUILICHAO","dpto_nombre":"CAUCA","area_km2":518.3268}},{"arcs":[[-1256,-1373,1375,1376,1377,-1357,1378,1379,1380]],"type":"Polygon","properties":{"divipola_mun":"19701","divipola_mun_n":19701,"divipola_dep":"19","divipola_dep_n":19,"mpio_nombre":"SANTA ROSA","dpto_nombre":"CAUCA","area_km2":3620.7558}},{"arcs":[[-1273,-1359,-1277,-1316,-1346,-1311,1381]],"type":"Polygon","properties":{"divipola_mun":"19743","divipola_mun_n":19743,"divipola_dep":"19","divipola_dep_n":19,"mpio_nombre":"SILVIA","dpto_nombre":"CAUCA","area_km2":681.1654}},{"arcs":[[-1237,-1369,1382,-1323,-1318,-1371,1383]],"type":"Polygon","properties":{"divipola_mun":"19760","divipola_mun_n":19760,"divipola_dep":"19","divipola_dep_n":19,"mpio_nombre":"SOTARÁ PAISPAMBA","dpto_nombre":"CAUCA","area_km2":516.1271}},{"arcs":[[-1266,-1344,-1326]],"type":"Polygon","properties":{"divipola_mun":"19780","divipola_mun_n":19780,"divipola_dep":"19","divipola_dep_n":19,"mpio_nombre":"SUÁREZ","dpto_nombre":"CAUCA","area_km2":392.5881}},{"arcs":[[-1243,-1262,-1354,-1320,-1322]],"type":"Polygon","properties":{"divipola_mun":"19785","divipola_mun_n":19785,"divipola_dep":"19","divipola_dep_n":19,"mpio_nombre":"SUCRE","dpto_nombre":"CAUCA","area_km2":135.9585}},{"arcs":[[-1238,-1384,-1370,-1292]],"type":"Polygon","properties":{"divipola_mun":"19807","divipola_mun_n":19807,"divipola_dep":"19","divipola_dep_n":19,"mpio_nombre":"TIMBÍO","dpto_nombre":"CAUCA","area_km2":201.4194}},{"arcs":[[-1250,-1307,1384,-1328,-1296]],"type":"Polygon","properties":{"divipola_mun":"19809","divipola_mun_n":19809,"divipola_dep":"19","divipola_dep_n":19,"mpio_nombre":"TIMBIQUÍ","dpto_nombre":"CAUCA","area_km2":2059.7855}},{"arcs":[[-1283,-1291,1385,-1347,-1314]],"type":"Polygon","properties":{"divipola_mun":"19821","divipola_mun_n":19821,"divipola_dep":"19","divipola_dep_n":19,"mpio_nombre":"TORIBÍO","dpto_nombre":"CAUCA","area_km2":492.2249}},{"arcs":[[-1235,-1274,-1382,-1310,-1364]],"type":"Polygon","properties":{"divipola_mun":"19824","divipola_mun_n":19824,"divipola_dep":"19","divipola_dep_n":19,"mpio_nombre":"TOTORÓ","dpto_nombre":"CAUCA","area_km2":404.5936}},{"arcs":[[-1286,-1375,1386,-1360]],"type":"Polygon","properties":{"divipola_mun":"19845","divipola_mun_n":19845,"divipola_dep":"19","divipola_dep_n":19,"mpio_nombre":"VILLA RICA","dpto_nombre":"CAUCA","area_km2":81.6083}},{"arcs":[[1387,1388,1389,1390,1391,1392,1393,1394,1395,1396,1397,1398,1399]],"type":"Polygon","properties":{"divipola_mun":"20001","divipola_mun_n":20001,"divipola_dep":"20","divipola_dep_n":20,"mpio_nombre":"VALLEDUPAR","dpto_nombre":"CESAR","area_km2":4181.8541}},{"arcs":[[-622,1400,1401,1402,1403,1404,1405,1406]],"type":"Polygon","properties":{"divipola_mun":"20011","divipola_mun_n":20011,"divipola_dep":"20","divipola_dep_n":20,"mpio_nombre":"AGUACHICA","dpto_nombre":"CESAR","area_km2":876.3221}},{"arcs":[[1407,1408,1409,1410]],"type":"Polygon","properties":{"divipola_mun":"20013","divipola_mun_n":20013,"divipola_dep":"20","divipola_dep_n":20,"mpio_nombre":"AGUSTÍN CODAZZI","dpto_nombre":"CESAR","area_km2":1749.9352}},{"arcs":[[1411,1412,1413,1414,1415]],"type":"Polygon","properties":{"divipola_mun":"20032","divipola_mun_n":20032,"divipola_dep":"20","divipola_dep_n":20,"mpio_nombre":"ASTREA","dpto_nombre":"CESAR","area_km2":637.0477}},{"arcs":[[-1408,1416,1417,1418]],"type":"Polygon","properties":{"divipola_mun":"20045","divipola_mun_n":20045,"divipola_dep":"20","divipola_dep_n":20,"mpio_nombre":"BECERRIL","dpto_nombre":"CESAR","area_km2":1223.2165}},{"arcs":[[-1395,1419,1420,1421,1422]],"type":"Polygon","properties":{"divipola_mun":"20060","divipola_mun_n":20060,"divipola_dep":"20","divipola_dep_n":20,"mpio_nombre":"BOSCONIA","dpto_nombre":"CESAR","area_km2":585.7976}},{"arcs":[[-1413,1423,1424,1425,1426,1427,1428,1429,1430]],"type":"Polygon","properties":{"divipola_mun":"20175","divipola_mun_n":20175,"divipola_dep":"20","divipola_dep_n":20,"mpio_nombre":"CHIMICHAGUA","dpto_nombre":"CESAR","area_km2":1374.4131}},{"arcs":[[-1412,1431,1432,1433,1434,-1424]],"type":"Polygon","properties":{"divipola_mun":"20178","divipola_mun_n":20178,"divipola_dep":"20","divipola_dep_n":20,"mpio_nombre":"CHIRIGUANÁ","dpto_nombre":"CESAR","area_km2":1112.7045}},{"arcs":[[-1425,-1435,1435,1436]],"type":"Polygon","properties":{"divipola_mun":"20228","divipola_mun_n":20228,"divipola_dep":"20","divipola_dep_n":20,"mpio_nombre":"CURUMANÍ","dpto_nombre":"CESAR","area_km2":913.6969}},{"arcs":[[-1396,-1423,1437,1438,1439,1440]],"type":"Polygon","properties":{"divipola_mun":"20238","divipola_mun_n":20238,"divipola_dep":"20","divipola_dep_n":20,"mpio_nombre":"EL COPEY","dpto_nombre":"CESAR","area_km2":955.1498}},{"arcs":[[-1394,1441,-1409,-1419,1442,-1432,-1416,1443,1444,1445,-1420]],"type":"Polygon","properties":{"divipola_mun":"20250","divipola_mun_n":20250,"divipola_dep":"20","divipola_dep_n":20,"mpio_nombre":"EL PASO","dpto_nombre":"CESAR","area_km2":812.3084}},{"arcs":[[-621,-638,1446,-1401]],"type":"Polygon","properties":{"divipola_mun":"20295","divipola_mun_n":20295,"divipola_dep":"20","divipola_dep_n":20,"mpio_nombre":"GAMARRA","dpto_nombre":"CESAR","area_km2":326.3925}},{"arcs":[[1447,1448,1449,1450,1451]],"type":"Polygon","properties":{"divipola_mun":"20310","divipola_mun_n":20310,"divipola_dep":"20","divipola_dep_n":20,"mpio_nombre":"GONZÁLEZ","dpto_nombre":"CESAR","area_km2":72.5739}},{"arcs":[[-631,1452,1453,1454,-1402,-1447,-637]],"type":"Polygon","properties":{"divipola_mun":"20383","divipola_mun_n":20383,"divipola_dep":"20","divipola_dep_n":20,"mpio_nombre":"LA GLORIA","dpto_nombre":"CESAR","area_km2":801.6369}},{"arcs":[[-1418,1455,-1433,-1443]],"type":"Polygon","properties":{"divipola_mun":"20400","divipola_mun_n":20400,"divipola_dep":"20","divipola_dep_n":20,"mpio_nombre":"LA JAGUA DE IBIRICO","dpto_nombre":"CESAR","area_km2":754.592}},{"arcs":[[1456,1457,1458]],"type":"Polygon","properties":{"divipola_mun":"20443","divipola_mun_n":20443,"divipola_dep":"20","divipola_dep_n":20,"mpio_nombre":"MANAURE BALCÓN DEL CESAR","dpto_nombre":"CESAR","area_km2":136.5156}},{"arcs":[[-1427,1459,1460,1461]],"type":"Polygon","properties":{"divipola_mun":"20517","divipola_mun_n":20517,"divipola_dep":"20","divipola_dep_n":20,"mpio_nombre":"PAILITAS","dpto_nombre":"CESAR","area_km2":530.9285}},{"arcs":[[-1454,1462,-1461,1463]],"type":"Polygon","properties":{"divipola_mun":"20550","divipola_mun_n":20550,"divipola_dep":"20","divipola_dep_n":20,"mpio_nombre":"PELAYA","dpto_nombre":"CESAR","area_km2":422.7464}},{"arcs":[[-1397,-1441,1464,1465]],"type":"Polygon","properties":{"divipola_mun":"20570","divipola_mun_n":20570,"divipola_dep":"20","divipola_dep_n":20,"mpio_nombre":"PUEBLO BELLO","dpto_nombre":"CESAR","area_km2":742.6359}},{"arcs":[[-1405,1466,-1449,1467,1468]],"type":"Polygon","properties":{"divipola_mun":"20614","divipola_mun_n":20614,"divipola_dep":"20","divipola_dep_n":20,"mpio_nombre":"RÍO DE ORO","dpto_nombre":"CESAR","area_km2":517.8338}},{"arcs":[[-1391,1469,-1457,1470,-1410,-1442,-1393,1471]],"type":"Polygon","properties":{"divipola_mun":"20621","divipola_mun_n":20621,"divipola_dep":"20","divipola_dep_n":20,"mpio_nombre":"LA PAZ","dpto_nombre":"CESAR","area_km2":1071.1463}},{"arcs":[[1472,1473,1474]],"type":"Polygon","properties":{"divipola_mun":"20710","divipola_mun_n":20710,"divipola_dep":"20","divipola_dep_n":20,"mpio_nombre":"SAN ALBERTO","dpto_nombre":"CESAR","area_km2":549.3014}},{"arcs":[[-1392,-1472]],"type":"Polygon","properties":{"divipola_mun":"20750","divipola_mun_n":20750,"divipola_dep":"20","divipola_dep_n":20,"mpio_nombre":"SAN DIEGO","dpto_nombre":"CESAR","area_km2":644.8628}},{"arcs":[[-1406,-1469,1475,1476,-1474,1477,1478]],"type":"Polygon","properties":{"divipola_mun":"20770","divipola_mun_n":20770,"divipola_dep":"20","divipola_dep_n":20,"mpio_nombre":"SAN MARTÍN","dpto_nombre":"CESAR","area_km2":991.7063}},{"arcs":[[-581,1479,-1428,-1462,-1463,-1453,-630]],"type":"Polygon","properties":{"divipola_mun":"20787","divipola_mun_n":20787,"divipola_dep":"20","divipola_dep_n":20,"mpio_nombre":"TAMALAMEQUE","dpto_nombre":"CESAR","area_km2":512.6167}},{"arcs":[[-91,1480,1481,1482,1483,1484,1485,1486,1487,1488,-365]],"type":"Polygon","properties":{"divipola_mun":"23001","divipola_mun_n":23001,"divipola_dep":"23","divipola_dep_n":23,"mpio_nombre":"MONTERÍA","dpto_nombre":"CÓRDOBA","area_km2":3136.7606}},{"arcs":[[-181,1489,1490,1491,1492,1493,1494,1495,-647,-312]],"type":"Polygon","properties":{"divipola_mun":"23068","divipola_mun_n":23068,"divipola_dep":"23","divipola_dep_n":23,"mpio_nombre":"AYAPEL","dpto_nombre":"CÓRDOBA","area_km2":1963.6146}},{"arcs":[[-1491,1496,1497,1498,1499]],"type":"Polygon","properties":{"divipola_mun":"23079","divipola_mun_n":23079,"divipola_dep":"23","divipola_dep_n":23,"mpio_nombre":"BUENAVISTA","dpto_nombre":"CÓRDOBA","area_km2":834.6154}},{"arcs":[[-90,1500,-1481]],"type":"Polygon","properties":{"divipola_mun":"23090","divipola_mun_n":23090,"divipola_dep":"23","divipola_dep_n":23,"mpio_nombre":"CANALETE","dpto_nombre":"CÓRDOBA","area_km2":420.1017}},{"arcs":[[-1485,1501,1502,1503]],"type":"Polygon","properties":{"divipola_mun":"23162","divipola_mun_n":23162,"divipola_dep":"23","divipola_dep_n":23,"mpio_nombre":"CERETÉ","dpto_nombre":"CÓRDOBA","area_km2":290.8473}},{"arcs":[[1504,1505,1506,1507,1508,1509,1510]],"type":"Polygon","properties":{"divipola_mun":"23168","divipola_mun_n":23168,"divipola_dep":"23","divipola_dep_n":23,"mpio_nombre":"CHIMÁ","dpto_nombre":"CÓRDOBA","area_km2":323.892}},{"arcs":[[1511,1512,1513,1514,1515,1516,1517,1518]],"type":"Polygon","properties":{"divipola_mun":"23182","divipola_mun_n":23182,"divipola_dep":"23","divipola_dep_n":23,"mpio_nombre":"CHINÚ","dpto_nombre":"CÓRDOBA","area_km2":625.9623}},{"arcs":[[-1503,1519,-1511,1520,-1518,1521,1522,1523]],"type":"Polygon","properties":{"divipola_mun":"23189","divipola_mun_n":23189,"divipola_dep":"23","divipola_dep_n":23,"mpio_nombre":"CIÉNAGA DE ORO","dpto_nombre":"CÓRDOBA","area_km2":641.0696}},{"arcs":[[-1506,1524,1525]],"type":"Polygon","properties":{"divipola_mun":"23300","divipola_mun_n":23300,"divipola_dep":"23","divipola_dep_n":23,"mpio_nombre":"COTORRA","dpto_nombre":"CÓRDOBA","area_km2":88.0985}},{"arcs":[[-180,1526,-1497,-1490]],"type":"Polygon","properties":{"divipola_mun":"23350","divipola_mun_n":23350,"divipola_dep":"23","divipola_dep_n":23,"mpio_nombre":"LA APARTADA","dpto_nombre":"CÓRDOBA","area_km2":286.9097}},{"arcs":[[-1507,-1526,1527,1528,1529,1530,1531,1532,1533]],"type":"Polygon","properties":{"divipola_mun":"23417","divipola_mun_n":23417,"divipola_dep":"23","divipola_dep_n":23,"mpio_nombre":"LORICA","dpto_nombre":"CÓRDOBA","area_km2":950.9846}},{"arcs":[[-89,1534,1535,-1482,-1501]],"type":"Polygon","properties":{"divipola_mun":"23419","divipola_mun_n":23419,"divipola_dep":"23","divipola_dep_n":23,"mpio_nombre":"LOS CÓRDOBAS","dpto_nombre":"CÓRDOBA","area_km2":366.1303}},{"arcs":[[-1508,-1534,1536,1537,1538]],"type":"Polygon","properties":{"divipola_mun":"23464","divipola_mun_n":23464,"divipola_dep":"23","divipola_dep_n":23,"mpio_nombre":"MOMIL","dpto_nombre":"CÓRDOBA","area_km2":158.7246}},{"arcs":[[-138,1539,1540,-267,1541,1542,-1498,-1527,-179]],"type":"Polygon","properties":{"divipola_mun":"23466","divipola_mun_n":23466,"divipola_dep":"23","divipola_dep_n":23,"mpio_nombre":"MONTELÍBANO","dpto_nombre":"CÓRDOBA","area_km2":1550.7566}},{"arcs":[[-1530,1543,1544,1545]],"type":"Polygon","properties":{"divipola_mun":"23500","divipola_mun_n":23500,"divipola_dep":"23","divipola_dep_n":23,"mpio_nombre":"MOÑITOS","dpto_nombre":"CÓRDOBA","area_km2":203.3567}},{"arcs":[[-1487,1546,1547,-1499,-1543,1548]],"type":"Polygon","properties":{"divipola_mun":"23555","divipola_mun_n":23555,"divipola_dep":"23","divipola_dep_n":23,"mpio_nombre":"PLANETA RICA","dpto_nombre":"CÓRDOBA","area_km2":1140.116}},{"arcs":[[-1492,-1500,-1548,1549,-1523,1550,1551]],"type":"Polygon","properties":{"divipola_mun":"23570","divipola_mun_n":23570,"divipola_dep":"23","divipola_dep_n":23,"mpio_nombre":"PUEBLO NUEVO","dpto_nombre":"CÓRDOBA","area_km2":848.9455}},{"arcs":[[-1483,-1536,1552,-1544,-1529,1553]],"type":"Polygon","properties":{"divipola_mun":"23574","divipola_mun_n":23574,"divipola_dep":"23","divipola_dep_n":23,"mpio_nombre":"PUERTO ESCONDIDO","dpto_nombre":"CÓRDOBA","area_km2":411.1686}},{"arcs":[[-268,-1541,1554]],"type":"Polygon","properties":{"divipola_mun":"23580","divipola_mun_n":23580,"divipola_dep":"23","divipola_dep_n":23,"mpio_nombre":"PUERTO LIBERTADOR","dpto_nombre":"CÓRDOBA","area_km2":1647.2699}},{"arcs":[[-1533,1555,1556,1557,-1537]],"type":"Polygon","properties":{"divipola_mun":"23586","divipola_mun_n":23586,"divipola_dep":"23","divipola_dep_n":23,"mpio_nombre":"PURÍSIMA DE LA CONCEPCIÓN","dpto_nombre":"CÓRDOBA","area_km2":117.7116}},{"arcs":[[-1517,1558,1559,-1551,-1522]],"type":"Polygon","properties":{"divipola_mun":"23660","divipola_mun_n":23660,"divipola_dep":"23","divipola_dep_n":23,"mpio_nombre":"SAHAGÚN","dpto_nombre":"CÓRDOBA","area_km2":964.4588}},{"arcs":[[-1510,1560,1561,1562,-1519,-1521]],"type":"Polygon","properties":{"divipola_mun":"23670","divipola_mun_n":23670,"divipola_dep":"23","divipola_dep_n":23,"mpio_nombre":"SAN ANDRÉS DE SOTAVENTO","dpto_nombre":"CÓRDOBA","area_km2":206.6885}},{"arcs":[[-1532,1563,1564,1565,-1556]],"type":"Polygon","properties":{"divipola_mun":"23672","divipola_mun_n":23672,"divipola_dep":"23","divipola_dep_n":23,"mpio_nombre":"SAN ANTERO","dpto_nombre":"CÓRDOBA","area_km2":207.4267}},{"arcs":[[-1531,-1546,1566,-1564]],"type":"Polygon","properties":{"divipola_mun":"23675","divipola_mun_n":23675,"divipola_dep":"23","divipola_dep_n":23,"mpio_nombre":"SAN BERNARDO DEL VIENTO","dpto_nombre":"CÓRDOBA","area_km2":315.4794}},{"arcs":[[-1486,-1504,-1524,-1550,-1547]],"type":"Polygon","properties":{"divipola_mun":"23678","divipola_mun_n":23678,"divipola_dep":"23","divipola_dep_n":23,"mpio_nombre":"SAN CARLOS","dpto_nombre":"CÓRDOBA","area_km2":446.5979}},{"arcs":[[-137,-388,-269,-1555,-1540]],"type":"Polygon","properties":{"divipola_mun":"23682","divipola_mun_n":23682,"divipola_dep":"23","divipola_dep_n":23,"mpio_nombre":"SAN JOSÉ DE URÉ","dpto_nombre":"CÓRDOBA","area_km2":525.501}},{"arcs":[[-1484,-1554,-1528,-1525,-1505,-1520,-1502]],"type":"Polygon","properties":{"divipola_mun":"23686","divipola_mun_n":23686,"divipola_dep":"23","divipola_dep_n":23,"mpio_nombre":"SAN PELAYO","dpto_nombre":"CÓRDOBA","area_km2":445.556}},{"arcs":[[-80,1567,-1488,-1549,-1542,-266,-303,-185,-166]],"type":"Polygon","properties":{"divipola_mun":"23807","divipola_mun_n":23807,"divipola_dep":"23","divipola_dep_n":23,"mpio_nombre":"TIERRALTA","dpto_nombre":"CÓRDOBA","area_km2":4938.1562}},{"arcs":[[-1509,-1539,1568,1569,-1561]],"type":"Polygon","properties":{"divipola_mun":"23815","divipola_mun_n":23815,"divipola_dep":"23","divipola_dep_n":23,"mpio_nombre":"TUCHÍN","dpto_nombre":"CÓRDOBA","area_km2":106.3529}},{"arcs":[[-83,-395,-366,-1489,-1568]],"type":"Polygon","properties":{"divipola_mun":"23855","divipola_mun_n":23855,"divipola_dep":"23","divipola_dep_n":23,"mpio_nombre":"VALENCIA","dpto_nombre":"CÓRDOBA","area_km2":919.4767}},{"arcs":[[1570,1571,1572]],"type":"Polygon","properties":{"divipola_mun":"25001","divipola_mun_n":25001,"divipola_dep":"25","divipola_dep_n":25,"mpio_nombre":"AGUA DE DIOS","dpto_nombre":"CUNDINAMARCA","area_km2":85.8851}},{"arcs":[[1573,1574,1575,1576,1577]],"type":"Polygon","properties":{"divipola_mun":"25019","divipola_mun_n":25019,"divipola_dep":"25","divipola_dep_n":25,"mpio_nombre":"ALBÁN","dpto_nombre":"CUNDINAMARCA","area_km2":50.7839}},{"arcs":[[1578,1579,1580,1581,1582,1583]],"type":"Polygon","properties":{"divipola_mun":"25035","divipola_mun_n":25035,"divipola_dep":"25","divipola_dep_n":25,"mpio_nombre":"ANAPOIMA","dpto_nombre":"CUNDINAMARCA","area_km2":123.8375}},{"arcs":[[-1575,1584,1585,1586,1587,1588,1589]],"type":"Polygon","properties":{"divipola_mun":"25040","divipola_mun_n":25040,"divipola_dep":"25","divipola_dep_n":25,"mpio_nombre":"ANOLAIMA","dpto_nombre":"CUNDINAMARCA","area_km2":120.8312}},{"arcs":[[-502,1590,1591,1592,1593,1594]],"type":"Polygon","properties":{"divipola_mun":"25053","divipola_mun_n":25053,"divipola_dep":"25","divipola_dep_n":25,"mpio_nombre":"ARBELÁEZ","dpto_nombre":"CUNDINAMARCA","area_km2":142.3095}},{"arcs":[[1595,1596,1597,1598,1599,1600,1601]],"type":"Polygon","properties":{"divipola_mun":"25086","divipola_mun_n":25086,"divipola_dep":"25","divipola_dep_n":25,"mpio_nombre":"BELTRÁN","dpto_nombre":"CUNDINAMARCA","area_km2":176.7115}},{"arcs":[[-1589,1602,1603,1604,1605]],"type":"Polygon","properties":{"divipola_mun":"25095","divipola_mun_n":25095,"divipola_dep":"25","divipola_dep_n":25,"mpio_nombre":"BITUIMA","dpto_nombre":"CUNDINAMARCA","area_km2":60.989}},{"arcs":[[1606,1607,1608,1609,1610,1611,1612,1613]],"type":"Polygon","properties":{"divipola_mun":"25099","divipola_mun_n":25099,"divipola_dep":"25","divipola_dep_n":25,"mpio_nombre":"BOJACÁ","dpto_nombre":"CUNDINAMARCA","area_km2":102.2092}},{"arcs":[[-500,1614,1615,1616,1617,1618,1619]],"type":"Polygon","properties":{"divipola_mun":"25120","divipola_mun_n":25120,"divipola_dep":"25","divipola_dep_n":25,"mpio_nombre":"CABRERA","dpto_nombre":"CUNDINAMARCA","area_km2":421.4164}},{"arcs":[[-1587,1620,1621,1622]],"type":"Polygon","properties":{"divipola_mun":"25123","divipola_mun_n":25123,"divipola_dep":"25","divipola_dep_n":25,"mpio_nombre":"CACHIPAY","dpto_nombre":"CUNDINAMARCA","area_km2":53.3994}},{"arcs":[[1623,1624,1625,1626]],"type":"Polygon","properties":{"divipola_mun":"25126","divipola_mun_n":25126,"divipola_dep":"25","divipola_dep_n":25,"mpio_nombre":"CAJICÁ","dpto_nombre":"CUNDINAMARCA","area_km2":50.8071}},{"arcs":[[1627,1628,1629,1630,1631]],"type":"Polygon","properties":{"divipola_mun":"25148","divipola_mun_n":25148,"divipola_dep":"25","divipola_dep_n":25,"mpio_nombre":"CAPARRAPÍ","dpto_nombre":"CUNDINAMARCA","area_km2":615.0787}},{"arcs":[[1632,1633,1634,1635,1636,1637]],"type":"Polygon","properties":{"divipola_mun":"25151","divipola_mun_n":25151,"divipola_dep":"25","divipola_dep_n":25,"mpio_nombre":"CÁQUEZA","dpto_nombre":"CUNDINAMARCA","area_km2":111.3582}},{"arcs":[[-735,1638,1639,1640,1641,1642,1643,-796]],"type":"Polygon","properties":{"divipola_mun":"25154","divipola_mun_n":25154,"divipola_dep":"25","divipola_dep_n":25,"mpio_nombre":"CARMEN DE CARUPA","dpto_nombre":"CUNDINAMARCA","area_km2":298.1472}},{"arcs":[[1644,1645,1646,1647]],"type":"Polygon","properties":{"divipola_mun":"25168","divipola_mun_n":25168,"divipola_dep":"25","divipola_dep_n":25,"mpio_nombre":"CHAGUANÍ","dpto_nombre":"CUNDINAMARCA","area_km2":171.8747}},{"arcs":[[-508,1648,1649,1650,-1625,1651,1652]],"type":"Polygon","properties":{"divipola_mun":"25175","divipola_mun_n":25175,"divipola_dep":"25","divipola_dep_n":25,"mpio_nombre":"CHÍA","dpto_nombre":"CUNDINAMARCA","area_km2":80.3974}},{"arcs":[[-493,1653,-1637,1654]],"type":"Polygon","properties":{"divipola_mun":"25178","divipola_mun_n":25178,"divipola_dep":"25","divipola_dep_n":25,"mpio_nombre":"CHIPAQUE","dpto_nombre":"CUNDINAMARCA","area_km2":150.3602}},{"arcs":[[-491,1655,1656,1657]],"type":"Polygon","properties":{"divipola_mun":"25181","divipola_mun_n":25181,"divipola_dep":"25","divipola_dep_n":25,"mpio_nombre":"CHOACHÍ","dpto_nombre":"CUNDINAMARCA","area_km2":212.1325}},{"arcs":[[1658,1659,1660,1661,1662,1663]],"type":"Polygon","properties":{"divipola_mun":"25183","divipola_mun_n":25183,"divipola_dep":"25","divipola_dep_n":25,"mpio_nombre":"CHOCONTÁ","dpto_nombre":"CUNDINAMARCA","area_km2":299.6566}},{"arcs":[[1664,1665,1666,1667]],"type":"Polygon","properties":{"divipola_mun":"25200","divipola_mun_n":25200,"divipola_dep":"25","divipola_dep_n":25,"mpio_nombre":"COGUA","dpto_nombre":"CUNDINAMARCA","area_km2":132.684}},{"arcs":[[-507,1668,1669,-1649]],"type":"Polygon","properties":{"divipola_mun":"25214","divipola_mun_n":25214,"divipola_dep":"25","divipola_dep_n":25,"mpio_nombre":"COTA","dpto_nombre":"CUNDINAMARCA","area_km2":53.6453}},{"arcs":[[1670,1671,1672,1673,1674]],"type":"Polygon","properties":{"divipola_mun":"25224","divipola_mun_n":25224,"divipola_dep":"25","divipola_dep_n":25,"mpio_nombre":"CUCUNUBÁ","dpto_nombre":"CUNDINAMARCA","area_km2":109.6818}},{"arcs":[[-1579,1675,1676,1677,1678,1679]],"type":"Polygon","properties":{"divipola_mun":"25245","divipola_mun_n":25245,"divipola_dep":"25","divipola_dep_n":25,"mpio_nombre":"EL COLEGIO","dpto_nombre":"CUNDINAMARCA","area_km2":118.1587}},{"arcs":[[1680,1681,1682,1683,1684,1685]],"type":"Polygon","properties":{"divipola_mun":"25258","divipola_mun_n":25258,"divipola_dep":"25","divipola_dep_n":25,"mpio_nombre":"EL PEÑÓN","dpto_nombre":"CUNDINAMARCA","area_km2":133.9441}},{"arcs":[[1686,1687,1688,1689]],"type":"Polygon","properties":{"divipola_mun":"25260","divipola_mun_n":25260,"divipola_dep":"25","divipola_dep_n":25,"mpio_nombre":"EL ROSAL","dpto_nombre":"CUNDINAMARCA","area_km2":87.1395}},{"arcs":[[-1574,1690,1691,1692,-1690,1693,-1613,1694,-1585]],"type":"Polygon","properties":{"divipola_mun":"25269","divipola_mun_n":25269,"divipola_dep":"25","divipola_dep_n":25,"mpio_nombre":"FACATATIVÁ","dpto_nombre":"CUNDINAMARCA","area_km2":157.8247}},{"arcs":[[-1633,1695,-1657,1696,1697,1698,1699,1700]],"type":"Polygon","properties":{"divipola_mun":"25279","divipola_mun_n":25279,"divipola_dep":"25","divipola_dep_n":25,"mpio_nombre":"FÓMEQUE","dpto_nombre":"CUNDINAMARCA","area_km2":459.5173}},{"arcs":[[-1635,1701,1702,1703,1704]],"type":"Polygon","properties":{"divipola_mun":"25281","divipola_mun_n":25281,"divipola_dep":"25","divipola_dep_n":25,"mpio_nombre":"FOSCA","dpto_nombre":"CUNDINAMARCA","area_km2":111.0559}},{"arcs":[[-506,1705,1706,1707,-1669]],"type":"Polygon","properties":{"divipola_mun":"25286","divipola_mun_n":25286,"divipola_dep":"25","divipola_dep_n":25,"mpio_nombre":"FUNZA","dpto_nombre":"CUNDINAMARCA","area_km2":67.6737}},{"arcs":[[-1001,1708,1709,1710]],"type":"Polygon","properties":{"divipola_mun":"25288","divipola_mun_n":25288,"divipola_dep":"25","divipola_dep_n":25,"mpio_nombre":"FÚQUENE","dpto_nombre":"CUNDINAMARCA","area_km2":77.3491}},{"arcs":[[-1594,1711,1712,1713,1714,1715]],"type":"Polygon","properties":{"divipola_mun":"25290","divipola_mun_n":25290,"divipola_dep":"25","divipola_dep_n":25,"mpio_nombre":"FUSAGASUGÁ","dpto_nombre":"CUNDINAMARCA","area_km2":193.752}},{"arcs":[[-828,-1035,1716,1717,1718,1719,1720,1721]],"type":"Polygon","properties":{"divipola_mun":"25293","divipola_mun_n":25293,"divipola_dep":"25","divipola_dep_n":25,"mpio_nombre":"GACHALÁ","dpto_nombre":"CUNDINAMARCA","area_km2":384.3742}},{"arcs":[[1722,1723,1724,1725,1726]],"type":"Polygon","properties":{"divipola_mun":"25295","divipola_mun_n":25295,"divipola_dep":"25","divipola_dep_n":25,"mpio_nombre":"GACHANCIPÁ","dpto_nombre":"CUNDINAMARCA","area_km2":42.8653}},{"arcs":[[-878,1727,1728,1729,1730,1731,1732]],"type":"Polygon","properties":{"divipola_mun":"25297","divipola_mun_n":25297,"divipola_dep":"25","divipola_dep_n":25,"mpio_nombre":"GACHETÁ","dpto_nombre":"CUNDINAMARCA","area_km2":258.4614}},{"arcs":[[-1721,1733,-1729,1734]],"type":"Polygon","properties":{"divipola_mun":"25299","divipola_mun_n":25299,"divipola_dep":"25","divipola_dep_n":25,"mpio_nombre":"GAMA","dpto_nombre":"CUNDINAMARCA","area_km2":107.5189}},{"arcs":[[1735,1736,1737,1738,1739]],"type":"Polygon","properties":{"divipola_mun":"25307","divipola_mun_n":25307,"divipola_dep":"25","divipola_dep_n":25,"mpio_nombre":"GIRARDOT","dpto_nombre":"CUNDINAMARCA","area_km2":130.0572}},{"arcs":[[-1679,1740,1741,1742,1743,1744]],"type":"Polygon","properties":{"divipola_mun":"25312","divipola_mun_n":25312,"divipola_dep":"25","divipola_dep_n":25,"mpio_nombre":"GRANADA","dpto_nombre":"CUNDINAMARCA","area_km2":60.6397}},{"arcs":[[-1000,-1016,-1082,1745,1746,-1709]],"type":"Polygon","properties":{"divipola_mun":"25317","divipola_mun_n":25317,"divipola_dep":"25","divipola_dep_n":25,"mpio_nombre":"GUACHETÁ","dpto_nombre":"CUNDINAMARCA","area_km2":169.9183}},{"arcs":[[-1121,1747,-1630,1748,1749,1750,1751,-1648,1752,1753]],"type":"Polygon","properties":{"divipola_mun":"25320","divipola_mun_n":25320,"divipola_dep":"25","divipola_dep_n":25,"mpio_nombre":"GUADUAS","dpto_nombre":"CUNDINAMARCA","area_km2":763.0052}},{"arcs":[[1754,1755,1756,1757,1758]],"type":"Polygon","properties":{"divipola_mun":"25322","divipola_mun_n":25322,"divipola_dep":"25","divipola_dep_n":25,"mpio_nombre":"GUASCA","dpto_nombre":"CUNDINAMARCA","area_km2":360.0845}},{"arcs":[[-1598,1759,1760,1761,1762]],"type":"Polygon","properties":{"divipola_mun":"25324","divipola_mun_n":25324,"divipola_dep":"25","divipola_dep_n":25,"mpio_nombre":"GUATAQUÍ","dpto_nombre":"CUNDINAMARCA","area_km2":90.8809}},{"arcs":[[-1725,1763,1764,-1731,1765,-1759,1766]],"type":"Polygon","properties":{"divipola_mun":"25326","divipola_mun_n":25326,"divipola_dep":"25","divipola_dep_n":25,"mpio_nombre":"GUATAVITA","dpto_nombre":"CUNDINAMARCA","area_km2":251.9979}},{"arcs":[[-1576,-1590,-1606,1767]],"type":"Polygon","properties":{"divipola_mun":"25328","divipola_mun_n":25328,"divipola_dep":"25","divipola_dep_n":25,"mpio_nombre":"GUAYABAL DE SÍQUIMA","dpto_nombre":"CUNDINAMARCA","area_km2":61.8128}},{"arcs":[[-1703,1768,1769,1770,1771,1772]],"type":"Polygon","properties":{"divipola_mun":"25335","divipola_mun_n":25335,"divipola_dep":"25","divipola_dep_n":25,"mpio_nombre":"GUAYABETAL","dpto_nombre":"CUNDINAMARCA","area_km2":222.5118}},{"arcs":[[-495,1773,-1704,-1773,1774,1775]],"type":"Polygon","properties":{"divipola_mun":"25339","divipola_mun_n":25339,"divipola_dep":"25","divipola_dep_n":25,"mpio_nombre":"GUTIÉRREZ","dpto_nombre":"CUNDINAMARCA","area_km2":452.6452}},{"arcs":[[-1582,1776,1777,1778,-1760,-1597,1779,1780]],"type":"Polygon","properties":{"divipola_mun":"25368","divipola_mun_n":25368,"divipola_dep":"25","divipola_dep_n":25,"mpio_nombre":"JERUSALÉN","dpto_nombre":"CUNDINAMARCA","area_km2":221.6728}},{"arcs":[[-1698,1781,-1755,-1766,-1730,-1734,-1720,1782]],"type":"Polygon","properties":{"divipola_mun":"25372","divipola_mun_n":25372,"divipola_dep":"25","divipola_dep_n":25,"mpio_nombre":"JUNÍN","dpto_nombre":"CUNDINAMARCA","area_km2":343.3103}},{"arcs":[[-490,-1653,1783,-1756,-1782,-1697,-1656]],"type":"Polygon","properties":{"divipola_mun":"25377","divipola_mun_n":25377,"divipola_dep":"25","divipola_dep_n":25,"mpio_nombre":"LA CALERA","dpto_nombre":"CUNDINAMARCA","area_km2":326.513}},{"arcs":[[-1584,1784,-1622,1785,-1611,1786,-1676]],"type":"Polygon","properties":{"divipola_mun":"25386","divipola_mun_n":25386,"divipola_dep":"25","divipola_dep_n":25,"mpio_nombre":"LA MESA","dpto_nombre":"CUNDINAMARCA","area_km2":148.0526}},{"arcs":[[-1628,1787,1788,-1685,1789,1790]],"type":"Polygon","properties":{"divipola_mun":"25394","divipola_mun_n":25394,"divipola_dep":"25","divipola_dep_n":25,"mpio_nombre":"LA PALMA","dpto_nombre":"CUNDINAMARCA","area_km2":190.5941}},{"arcs":[[-1684,1791,1792,-1790]],"type":"Polygon","properties":{"divipola_mun":"25398","divipola_mun_n":25398,"divipola_dep":"25","divipola_dep_n":25,"mpio_nombre":"LA PEÑA","dpto_nombre":"CUNDINAMARCA","area_km2":128.32}},{"arcs":[[-1692,1793,1794,1795,1796,1797]],"type":"Polygon","properties":{"divipola_mun":"25402","divipola_mun_n":25402,"divipola_dep":"25","divipola_dep_n":25,"mpio_nombre":"LA VEGA","dpto_nombre":"CUNDINAMARCA","area_km2":155.2705}},{"arcs":[[-1081,1798,-1663,-1675,1799,-1746]],"type":"Polygon","properties":{"divipola_mun":"25407","divipola_mun_n":25407,"divipola_dep":"25","divipola_dep_n":25,"mpio_nombre":"LENGUAZAQUE","dpto_nombre":"CUNDINAMARCA","area_km2":155.396}},{"arcs":[[-1660,1800,1801,-1732,-1765,1802]],"type":"Polygon","properties":{"divipola_mun":"25426","divipola_mun_n":25426,"divipola_dep":"25","divipola_dep_n":25,"mpio_nombre":"MACHETÁ","dpto_nombre":"CUNDINAMARCA","area_km2":228.8367}},{"arcs":[[-1614,-1694,-1689,1803,1804,-1707,1805]],"type":"Polygon","properties":{"divipola_mun":"25430","divipola_mun_n":25430,"divipola_dep":"25","divipola_dep_n":25,"mpio_nombre":"MADRID","dpto_nombre":"CUNDINAMARCA","area_km2":119.4472}},{"arcs":[[-874,-879,-1733,-1802,1806]],"type":"Polygon","properties":{"divipola_mun":"25436","divipola_mun_n":25436,"divipola_dep":"25","divipola_dep_n":25,"mpio_nombre":"MANTA","dpto_nombre":"CUNDINAMARCA","area_km2":107.7357}},{"arcs":[[-1718,1807,1808,1809,1810,1811]],"type":"Polygon","properties":{"divipola_mun":"25438","divipola_mun_n":25438,"divipola_dep":"25","divipola_dep_n":25,"mpio_nombre":"MEDINA","dpto_nombre":"CUNDINAMARCA","area_km2":1194.9291}},{"arcs":[[-505,1812,-1607,-1806,-1706]],"type":"Polygon","properties":{"divipola_mun":"25473","divipola_mun_n":25473,"divipola_dep":"25","divipola_dep_n":25,"mpio_nombre":"MOSQUERA","dpto_nombre":"CUNDINAMARCA","area_km2":105.8185}},{"arcs":[[-1740,1813,-1761,-1779,1814]],"type":"Polygon","properties":{"divipola_mun":"25483","divipola_mun_n":25483,"divipola_dep":"25","divipola_dep_n":25,"mpio_nombre":"NARIÑO","dpto_nombre":"CUNDINAMARCA","area_km2":55.1203}},{"arcs":[[-1665,1815,1816,-1727,1817]],"type":"Polygon","properties":{"divipola_mun":"25486","divipola_mun_n":25486,"divipola_dep":"25","divipola_dep_n":25,"mpio_nombre":"NEMOCÓN","dpto_nombre":"CUNDINAMARCA","area_km2":98.2462}},{"arcs":[[-1571,1818,1819,1820,1821,1822,1823]],"type":"Polygon","properties":{"divipola_mun":"25488","divipola_mun_n":25488,"divipola_dep":"25","divipola_dep_n":25,"mpio_nombre":"NILO","dpto_nombre":"CUNDINAMARCA","area_km2":224.4431}},{"arcs":[[-1683,1824,1825,1826,1827,1828,-1792]],"type":"Polygon","properties":{"divipola_mun":"25489","divipola_mun_n":25489,"divipola_dep":"25","divipola_dep_n":25,"mpio_nombre":"NIMAIMA","dpto_nombre":"CUNDINAMARCA","area_km2":59.4564}},{"arcs":[[-1795,1829,1830,-1826,1831]],"type":"Polygon","properties":{"divipola_mun":"25491","divipola_mun_n":25491,"divipola_dep":"25","divipola_dep_n":25,"mpio_nombre":"NOCAIMA","dpto_nombre":"CUNDINAMARCA","area_km2":68.8664}},{"arcs":[[-1619,1832,1833,1834]],"type":"Polygon","properties":{"divipola_mun":"25506","divipola_mun_n":25506,"divipola_dep":"25","divipola_dep_n":25,"mpio_nombre":"VENECIA","dpto_nombre":"CUNDINAMARCA","area_km2":122.0812}},{"arcs":[[-1667,1835,1836,1837,1838,-1681,1839,1840,1841,1842]],"type":"Polygon","properties":{"divipola_mun":"25513","divipola_mun_n":25513,"divipola_dep":"25","divipola_dep_n":25,"mpio_nombre":"PACHO","dpto_nombre":"CUNDINAMARCA","area_km2":402.1475}},{"arcs":[[-798,1843,1844,1845,1846,-992,-930]],"type":"Polygon","properties":{"divipola_mun":"25518","divipola_mun_n":25518,"divipola_dep":"25","divipola_dep_n":25,"mpio_nombre":"PAIME","dpto_nombre":"CUNDINAMARCA","area_km2":173.429}},{"arcs":[[-1592,1847,-1834,1848]],"type":"Polygon","properties":{"divipola_mun":"25524","divipola_mun_n":25524,"divipola_dep":"25","divipola_dep_n":25,"mpio_nombre":"PANDI","dpto_nombre":"CUNDINAMARCA","area_km2":71.6268}},{"arcs":[[-1025,1849,1850,1851,-1809,1852,-1033]],"type":"Polygon","properties":{"divipola_mun":"25530","divipola_mun_n":25530,"divipola_dep":"25","divipola_dep_n":25,"mpio_nombre":"PARATEBUENO","dpto_nombre":"CUNDINAMARCA","area_km2":883.9134}},{"arcs":[[-503,-1595,-1716,1853,1854]],"type":"Polygon","properties":{"divipola_mun":"25535","divipola_mun_n":25535,"divipola_dep":"25","divipola_dep_n":25,"mpio_nombre":"PASCA","dpto_nombre":"CUNDINAMARCA","area_km2":271.4103}},{"arcs":[[-989,1855,-1631,-1748,-1120]],"type":"Polygon","properties":{"divipola_mun":"25572","divipola_mun_n":25572,"divipola_dep":"25","divipola_dep_n":25,"mpio_nombre":"PUERTO SALGAR","dpto_nombre":"CUNDINAMARCA","area_km2":515.4676}},{"arcs":[[-1596,1856,1857,-1780]],"type":"Polygon","properties":{"divipola_mun":"25580","divipola_mun_n":25580,"divipola_dep":"25","divipola_dep_n":25,"mpio_nombre":"PULÍ","dpto_nombre":"CUNDINAMARCA","area_km2":197.5197}},{"arcs":[[-1750,1858,-1828,1859]],"type":"Polygon","properties":{"divipola_mun":"25592","divipola_mun_n":25592,"divipola_dep":"25","divipola_dep_n":25,"mpio_nombre":"QUEBRADANEGRA","dpto_nombre":"CUNDINAMARCA","area_km2":79.7787}},{"arcs":[[-1634,-1701,1860,-1769,-1702]],"type":"Polygon","properties":{"divipola_mun":"25594","divipola_mun_n":25594,"divipola_dep":"25","divipola_dep_n":25,"mpio_nombre":"QUETAME","dpto_nombre":"CUNDINAMARCA","area_km2":137.6365}},{"arcs":[[-1583,-1781,-1858,1861,1862,-1603,-1588,-1623,-1785]],"type":"Polygon","properties":{"divipola_mun":"25596","divipola_mun_n":25596,"divipola_dep":"25","divipola_dep_n":25,"mpio_nombre":"QUIPILE","dpto_nombre":"CUNDINAMARCA","area_km2":127.5979}},{"arcs":[[-1581,1863,1864,-1777]],"type":"Polygon","properties":{"divipola_mun":"25599","divipola_mun_n":25599,"divipola_dep":"25","divipola_dep_n":25,"mpio_nombre":"APULO","dpto_nombre":"CUNDINAMARCA","area_km2":121.8716}},{"arcs":[[-1572,-1824,1865,1866,1867,1868,-1737,1869]],"type":"Polygon","properties":{"divipola_mun":"25612","divipola_mun_n":25612,"divipola_dep":"25","divipola_dep_n":25,"mpio_nombre":"RICAURTE","dpto_nombre":"CUNDINAMARCA","area_km2":128.0996}},{"arcs":[[-1609,1870,-1741,-1678,1871]],"type":"Polygon","properties":{"divipola_mun":"25645","divipola_mun_n":25645,"divipola_dep":"25","divipola_dep_n":25,"mpio_nombre":"SAN ANTONIO DEL TEQUENDAMA","dpto_nombre":"CUNDINAMARCA","area_km2":88.4714}},{"arcs":[[-501,-1620,-1835,-1848,-1591]],"type":"Polygon","properties":{"divipola_mun":"25649","divipola_mun_n":25649,"divipola_dep":"25","divipola_dep_n":25,"mpio_nombre":"SAN BERNARDO","dpto_nombre":"CUNDINAMARCA","area_km2":246.7526}},{"arcs":[[-797,-1644,1872,-1842,1873,-1844]],"type":"Polygon","properties":{"divipola_mun":"25653","divipola_mun_n":25653,"divipola_dep":"25","divipola_dep_n":25,"mpio_nombre":"SAN CAYETANO","dpto_nombre":"CUNDINAMARCA","area_km2":287.4481}},{"arcs":[[-1687,-1693,-1798,1874,1875]],"type":"Polygon","properties":{"divipola_mun":"25658","divipola_mun_n":25658,"divipola_dep":"25","divipola_dep_n":25,"mpio_nombre":"SAN FRANCISCO","dpto_nombre":"CUNDINAMARCA","area_km2":118.6131}},{"arcs":[[-1602,1876,1877,-1646,1878,-1862,-1857]],"type":"Polygon","properties":{"divipola_mun":"25662","divipola_mun_n":25662,"divipola_dep":"25","divipola_dep_n":25,"mpio_nombre":"SAN JUAN DE RIOSECO","dpto_nombre":"CUNDINAMARCA","area_km2":313.8154}},{"arcs":[[-1578,1879,-1830,-1794,-1691]],"type":"Polygon","properties":{"divipola_mun":"25718","divipola_mun_n":25718,"divipola_dep":"25","divipola_dep_n":25,"mpio_nombre":"SASAIMA","dpto_nombre":"CUNDINAMARCA","area_km2":111.5006}},{"arcs":[[-1661,-1803,-1764,-1724,1880]],"type":"Polygon","properties":{"divipola_mun":"25736","divipola_mun_n":25736,"divipola_dep":"25","divipola_dep_n":25,"mpio_nombre":"SESQUILÉ","dpto_nombre":"CUNDINAMARCA","area_km2":140.9873}},{"arcs":[[-1715,1881,-1743,1882,-1854]],"type":"Polygon","properties":{"divipola_mun":"25740","divipola_mun_n":25740,"divipola_dep":"25","divipola_dep_n":25,"mpio_nombre":"SIBATÉ","dpto_nombre":"CUNDINAMARCA","area_km2":121.9954}},{"arcs":[[-1714,1883,1884,-1744,-1882]],"type":"Polygon","properties":{"divipola_mun":"25743","divipola_mun_n":25743,"divipola_dep":"25","divipola_dep_n":25,"mpio_nombre":"SILVANIA","dpto_nombre":"CUNDINAMARCA","area_km2":162.4032}},{"arcs":[[-734,-742,-763,-1030,1885,-1639]],"type":"Polygon","properties":{"divipola_mun":"25745","divipola_mun_n":25745,"divipola_dep":"25","divipola_dep_n":25,"mpio_nombre":"SIMIJACA","dpto_nombre":"CUNDINAMARCA","area_km2":96.5802}},{"arcs":[[-504,-1855,-1883,-1742,-1871,-1608,-1813]],"type":"Polygon","properties":{"divipola_mun":"25754","divipola_mun_n":25754,"divipola_dep":"25","divipola_dep_n":25,"mpio_nombre":"SOACHA","dpto_nombre":"CUNDINAMARCA","area_km2":187.2311}},{"arcs":[[-1624,1886,1887,-1757,-1784,-1652]],"type":"Polygon","properties":{"divipola_mun":"25758","divipola_mun_n":25758,"divipola_dep":"25","divipola_dep_n":25,"mpio_nombre":"SOPÓ","dpto_nombre":"CUNDINAMARCA","area_km2":110.9513}},{"arcs":[[-1688,-1876,1888,-1837,1889,1890,1891,-1804]],"type":"Polygon","properties":{"divipola_mun":"25769","divipola_mun_n":25769,"divipola_dep":"25","divipola_dep_n":25,"mpio_nombre":"SUBACHOQUE","dpto_nombre":"CUNDINAMARCA","area_km2":208.9674}},{"arcs":[[-1662,-1881,-1723,-1817,1892,-1671]],"type":"Polygon","properties":{"divipola_mun":"25772","divipola_mun_n":25772,"divipola_dep":"25","divipola_dep_n":25,"mpio_nombre":"SUESCA","dpto_nombre":"CUNDINAMARCA","area_km2":173.0182}},{"arcs":[[-1797,1893,-1838,-1889,-1875]],"type":"Polygon","properties":{"divipola_mun":"25777","divipola_mun_n":25777,"divipola_dep":"25","divipola_dep_n":25,"mpio_nombre":"SUPATÁ","dpto_nombre":"CUNDINAMARCA","area_km2":130.2403}},{"arcs":[[-1029,-1711,1894,-1640,-1886]],"type":"Polygon","properties":{"divipola_mun":"25779","divipola_mun_n":25779,"divipola_dep":"25","divipola_dep_n":25,"mpio_nombre":"SUSA","dpto_nombre":"CUNDINAMARCA","area_km2":104.0074}},{"arcs":[[-1642,1895,-1673,1896]],"type":"Polygon","properties":{"divipola_mun":"25781","divipola_mun_n":25781,"divipola_dep":"25","divipola_dep_n":25,"mpio_nombre":"SUTATAUSA","dpto_nombre":"CUNDINAMARCA","area_km2":64.7603}},{"arcs":[[-1626,-1651,1897,-1891,1898]],"type":"Polygon","properties":{"divipola_mun":"25785","divipola_mun_n":25785,"divipola_dep":"25","divipola_dep_n":25,"mpio_nombre":"TABIO","dpto_nombre":"CUNDINAMARCA","area_km2":75.1024}},{"arcs":[[-1643,-1897,-1672,-1893,-1816,-1668,-1843,-1873]],"type":"Polygon","properties":{"divipola_mun":"25793","divipola_mun_n":25793,"divipola_dep":"25","divipola_dep_n":25,"mpio_nombre":"TAUSA","dpto_nombre":"CUNDINAMARCA","area_km2":201.6043}},{"arcs":[[-1610,-1872,-1677,-1787]],"type":"Polygon","properties":{"divipola_mun":"25797","divipola_mun_n":25797,"divipola_dep":"25","divipola_dep_n":25,"mpio_nombre":"TENA","dpto_nombre":"CUNDINAMARCA","area_km2":51.3838}},{"arcs":[[-1650,-1670,-1708,-1805,-1892,-1898]],"type":"Polygon","properties":{"divipola_mun":"25799","divipola_mun_n":25799,"divipola_dep":"25","divipola_dep_n":25,"mpio_nombre":"TENJO","dpto_nombre":"CUNDINAMARCA","area_km2":114.0716}},{"arcs":[[-1713,1899,-1821,1900,-1884]],"type":"Polygon","properties":{"divipola_mun":"25805","divipola_mun_n":25805,"divipola_dep":"25","divipola_dep_n":25,"mpio_nombre":"TIBACUY","dpto_nombre":"CUNDINAMARCA","area_km2":84.6804}},{"arcs":[[-875,-1807,-1801,-1659,1901,-898]],"type":"Polygon","properties":{"divipola_mun":"25807","divipola_mun_n":25807,"divipola_dep":"25","divipola_dep_n":25,"mpio_nombre":"TIBIRITA","dpto_nombre":"CUNDINAMARCA","area_km2":56.456}},{"arcs":[[-1573,-1870,-1736,-1815,-1778,-1865,1902,-1819]],"type":"Polygon","properties":{"divipola_mun":"25815","divipola_mun_n":25815,"divipola_dep":"25","divipola_dep_n":25,"mpio_nombre":"TOCAIMA","dpto_nombre":"CUNDINAMARCA","area_km2":245.5527}},{"arcs":[[-1726,-1767,-1758,-1888,1903]],"type":"Polygon","properties":{"divipola_mun":"25817","divipola_mun_n":25817,"divipola_dep":"25","divipola_dep_n":25,"mpio_nombre":"TOCANCIPÁ","dpto_nombre":"CUNDINAMARCA","area_km2":73.1417}},{"arcs":[[-1686,-1789,1904,-1846,1905,-1840]],"type":"Polygon","properties":{"divipola_mun":"25823","divipola_mun_n":25823,"divipola_dep":"25","divipola_dep_n":25,"mpio_nombre":"TOPAIPÍ","dpto_nombre":"CUNDINAMARCA","area_km2":143.5515}},{"arcs":[[[-829,-1722,-1735,-1728,-877]],[[-1034,-1853,-1808,-1717]]],"type":"MultiPolygon","properties":{"divipola_mun":"25839","divipola_mun_n":25839,"divipola_dep":"25","divipola_dep_n":25,"mpio_nombre":"UBALÁ","dpto_nombre":"CUNDINAMARCA","area_km2":521.5784}},{"arcs":[[-492,-1658,-1696,-1638,-1654]],"type":"Polygon","properties":{"divipola_mun":"25841","divipola_mun_n":25841,"divipola_dep":"25","divipola_dep_n":25,"mpio_nombre":"UBAQUE","dpto_nombre":"CUNDINAMARCA","area_km2":106.9502}},{"arcs":[[-1641,-1895,-1710,-1747,-1800,-1674,-1896]],"type":"Polygon","properties":{"divipola_mun":"25843","divipola_mun_n":25843,"divipola_dep":"25","divipola_dep_n":25,"mpio_nombre":"VILLA DE SAN DIEGO DE UBATÉ","dpto_nombre":"CUNDINAMARCA","area_km2":102.1321}},{"arcs":[[-494,-1655,-1636,-1705,-1774]],"type":"Polygon","properties":{"divipola_mun":"25845","divipola_mun_n":25845,"divipola_dep":"25","divipola_dep_n":25,"mpio_nombre":"UNE","dpto_nombre":"CUNDINAMARCA","area_km2":208.8664}},{"arcs":[[-1629,-1791,-1793,-1829,-1859,-1749]],"type":"Polygon","properties":{"divipola_mun":"25851","divipola_mun_n":25851,"divipola_dep":"25","divipola_dep_n":25,"mpio_nombre":"ÚTICA","dpto_nombre":"CUNDINAMARCA","area_km2":91.9937}},{"arcs":[[-1682,-1839,-1894,-1796,-1832,-1825]],"type":"Polygon","properties":{"divipola_mun":"25862","divipola_mun_n":25862,"divipola_dep":"25","divipola_dep_n":25,"mpio_nombre":"VERGARA","dpto_nombre":"CUNDINAMARCA","area_km2":144.4924}},{"arcs":[[-1604,-1863,-1879,-1645,-1752,1906]],"type":"Polygon","properties":{"divipola_mun":"25867","divipola_mun_n":25867,"divipola_dep":"25","divipola_dep_n":25,"mpio_nombre":"VIANÍ","dpto_nombre":"CUNDINAMARCA","area_km2":67.0557}},{"arcs":[[-1841,-1906,-1845,-1874]],"type":"Polygon","properties":{"divipola_mun":"25871","divipola_mun_n":25871,"divipola_dep":"25","divipola_dep_n":25,"mpio_nombre":"VILLAGÓMEZ","dpto_nombre":"CUNDINAMARCA","area_km2":62.8951}},{"arcs":[[-899,-1902,-1664,-1799,-1080,-1075,-1079]],"type":"Polygon","properties":{"divipola_mun":"25873","divipola_mun_n":25873,"divipola_dep":"25","divipola_dep_n":25,"mpio_nombre":"VILLAPINZÓN","dpto_nombre":"CUNDINAMARCA","area_km2":225.8039}},{"arcs":[[-1577,-1768,-1605,-1907,-1751,-1860,-1827,-1831,-1880]],"type":"Polygon","properties":{"divipola_mun":"25875","divipola_mun_n":25875,"divipola_dep":"25","divipola_dep_n":25,"mpio_nombre":"VILLETA","dpto_nombre":"CUNDINAMARCA","area_km2":140.7495}},{"arcs":[[-1580,-1680,-1745,-1885,-1901,-1820,-1903,-1864]],"type":"Polygon","properties":{"divipola_mun":"25878","divipola_mun_n":25878,"divipola_dep":"25","divipola_dep_n":25,"mpio_nombre":"VIOTÁ","dpto_nombre":"CUNDINAMARCA","area_km2":201.1323}},{"arcs":[[-903,-993,-1847,-1905,-1788,-1632,-1856,-988,-944,-991]],"type":"Polygon","properties":{"divipola_mun":"25885","divipola_mun_n":25885,"divipola_dep":"25","divipola_dep_n":25,"mpio_nombre":"YACOPÍ","dpto_nombre":"CUNDINAMARCA","area_km2":955.7697}},{"arcs":[[-1586,-1695,-1612,-1786,-1621]],"type":"Polygon","properties":{"divipola_mun":"25898","divipola_mun_n":25898,"divipola_dep":"25","divipola_dep_n":25,"mpio_nombre":"ZIPACÓN","dpto_nombre":"CUNDINAMARCA","area_km2":54.2138}},{"arcs":[[-1627,-1899,-1890,-1836,-1666,-1818,-1904,-1887]],"type":"Polygon","properties":{"divipola_mun":"25899","divipola_mun_n":25899,"divipola_dep":"25","divipola_dep_n":25,"mpio_nombre":"ZIPAQUIRÁ","dpto_nombre":"CUNDINAMARCA","area_km2":194.5706}},{"arcs":[[-397,1907,1908,1909,1910,1911,1912,-405,1913]],"type":"Polygon","properties":{"divipola_mun":"27001","divipola_mun_n":27001,"divipola_dep":"27","divipola_dep_n":27,"mpio_nombre":"QUIBDÓ","dpto_nombre":"CHOCÓ","area_km2":3508.6446}},{"arcs":[[1914,1915]],"type":"Polygon","properties":{"divipola_mun":"27006","divipola_mun_n":27006,"divipola_dep":"27","divipola_dep_n":27,"mpio_nombre":"ACANDÍ","dpto_nombre":"CHOCÓ","area_km2":798.0567}},{"arcs":[[-1912,1916,1917,1918,1919,1920,1921,1922]],"type":"Polygon","properties":{"divipola_mun":"27025","divipola_mun_n":27025,"divipola_dep":"27","divipola_dep_n":27,"mpio_nombre":"ALTO BAUDÓ","dpto_nombre":"CHOCÓ","area_km2":2051.8825}},{"arcs":[[-1910,1923,1924,1925]],"type":"Polygon","properties":{"divipola_mun":"27050","divipola_mun_n":27050,"divipola_dep":"27","divipola_dep_n":27,"mpio_nombre":"ATRATO","dpto_nombre":"CHOCÓ","area_km2":421.7739}},{"arcs":[[-46,1926,1927,1928,1929,1930,1931,-117]],"type":"Polygon","properties":{"divipola_mun":"27073","divipola_mun_n":27073,"divipola_dep":"27","divipola_dep_n":27,"mpio_nombre":"BAGADÓ","dpto_nombre":"CHOCÓ","area_km2":807.5687}},{"arcs":[[-1922,1932,1933,1934,1935,1936,1937]],"type":"Polygon","properties":{"divipola_mun":"27075","divipola_mun_n":27075,"divipola_dep":"27","divipola_dep_n":27,"mpio_nombre":"BAHÍA SOLANO","dpto_nombre":"CHOCÓ","area_km2":896.0456}},{"arcs":[[-1920,1938,1939,1940,1941,1942]],"type":"Polygon","properties":{"divipola_mun":"27077","divipola_mun_n":27077,"divipola_dep":"27","divipola_dep_n":27,"mpio_nombre":"BAJO BAUDÓ","dpto_nombre":"CHOCÓ","area_km2":3482.1194}},{"arcs":[[-406,-1913,-1923,-1938,1943]],"type":"Polygon","properties":{"divipola_mun":"27099","divipola_mun_n":27099,"divipola_dep":"27","divipola_dep_n":27,"mpio_nombre":"BOJAYÁ","dpto_nombre":"CHOCÓ","area_km2":3633.2061}},{"arcs":[[-1918,1944,1945,1946,1947,1948]],"type":"Polygon","properties":{"divipola_mun":"27135","divipola_mun_n":27135,"divipola_dep":"27","divipola_dep_n":27,"mpio_nombre":"EL CANTÓN DEL SAN PABLO","dpto_nombre":"CHOCÓ","area_km2":380.6937}},{"arcs":[[-211,-302,-407,-1944,-1937,1949,1950]],"type":"Polygon","properties":{"divipola_mun":"27150","divipola_mun_n":27150,"divipola_dep":"27","divipola_dep_n":27,"mpio_nombre":"CARMEN DEL DARIÉN","dpto_nombre":"CHOCÓ","area_km2":3369.516}},{"arcs":[[-1925,1951,-1930,1952,1953,-1946,1954]],"type":"Polygon","properties":{"divipola_mun":"27160","divipola_mun_n":27160,"divipola_dep":"27","divipola_dep_n":27,"mpio_nombre":"CÉRTEGUI","dpto_nombre":"CHOCÓ","area_km2":423.5112}},{"arcs":[[1955,1956,1957,1958,1959]],"type":"Polygon","properties":{"divipola_mun":"27205","divipola_mun_n":27205,"divipola_dep":"27","divipola_dep_n":27,"mpio_nombre":"CONDOTO","dpto_nombre":"CHOCÓ","area_km2":467.8862}},{"arcs":[[-118,-1932,1960,-1908,-396,-348,-123]],"type":"Polygon","properties":{"divipola_mun":"27245","divipola_mun_n":27245,"divipola_dep":"27","divipola_dep_n":27,"mpio_nombre":"EL CARMEN DE ATRATO","dpto_nombre":"CHOCÓ","area_km2":830.2938}},{"arcs":[[-1941,1961,1962,1963,1964,1965,1966,1967,1968]],"type":"Polygon","properties":{"divipola_mun":"27250","divipola_mun_n":27250,"divipola_dep":"27","divipola_dep_n":27,"mpio_nombre":"EL LITORAL DEL SAN JUAN","dpto_nombre":"CHOCÓ","area_km2":4137.6843}},{"arcs":[[-1940,1969,-1948,1970,1971,1972,1973,1974,-1962]],"type":"Polygon","properties":{"divipola_mun":"27361","divipola_mun_n":27361,"divipola_dep":"27","divipola_dep_n":27,"mpio_nombre":"ISTMINA","dpto_nombre":"CHOCÓ","area_km2":1881.0721}},{"arcs":[[-1935,1975,1976]],"type":"Polygon","properties":{"divipola_mun":"27372","divipola_mun_n":27372,"divipola_dep":"27","divipola_dep_n":27,"mpio_nombre":"JURADÓ","dpto_nombre":"CHOCÓ","area_km2":1253.5117}},{"arcs":[[-1909,-1961,-1931,-1952,-1924]],"type":"Polygon","properties":{"divipola_mun":"27413","divipola_mun_n":27413,"divipola_dep":"27","divipola_dep_n":27,"mpio_nombre":"LLORÓ","dpto_nombre":"CHOCÓ","area_km2":843.1253}},{"arcs":[[-398,-1914,-404]],"type":"Polygon","properties":{"divipola_mun":"27425","divipola_mun_n":27425,"divipola_dep":"27","divipola_dep_n":27,"mpio_nombre":"MEDIO ATRATO","dpto_nombre":"CHOCÓ","area_km2":1813.7519}},{"arcs":[[-1919,-1949,-1970,-1939]],"type":"Polygon","properties":{"divipola_mun":"27430","divipola_mun_n":27430,"divipola_dep":"27","divipola_dep_n":27,"mpio_nombre":"MEDIO BAUDÓ","dpto_nombre":"CHOCÓ","area_km2":1372.9457}},{"arcs":[[-1958,1977,1978,-1974,1979]],"type":"Polygon","properties":{"divipola_mun":"27450","divipola_mun_n":27450,"divipola_dep":"27","divipola_dep_n":27,"mpio_nombre":"MEDIO SAN JUAN","dpto_nombre":"CHOCÓ","area_km2":663.7857}},{"arcs":[[-1957,1980,1981,-1978]],"type":"Polygon","properties":{"divipola_mun":"27491","divipola_mun_n":27491,"divipola_dep":"27","divipola_dep_n":27,"mpio_nombre":"NÓVITA","dpto_nombre":"CHOCÓ","area_km2":945.6739}},{"arcs":[[-212,-1951,1982,-391,-304]],"type":"Polygon","properties":{"divipola_mun":"27493","divipola_mun_n":27493,"divipola_dep":"27","divipola_dep_n":27,"mpio_nombre":"NUEVO BELÉN DE BAJIRÁ","dpto_nombre":"CHOCÓ","area_km2":1289.26}},{"arcs":[[-1921,-1943,1983,-1933]],"type":"Polygon","properties":{"divipola_mun":"27495","divipola_mun_n":27495,"divipola_dep":"27","divipola_dep_n":27,"mpio_nombre":"NUQUÍ","dpto_nombre":"CHOCÓ","area_km2":704.6516}},{"arcs":[[-1959,-1980,-1973,1984]],"type":"Polygon","properties":{"divipola_mun":"27580","divipola_mun_n":27580,"divipola_dep":"27","divipola_dep_n":27,"mpio_nombre":"RÍO IRÓ","dpto_nombre":"CHOCÓ","area_km2":325.2165}},{"arcs":[[-1911,-1926,-1955,-1945,-1917]],"type":"Polygon","properties":{"divipola_mun":"27600","divipola_mun_n":27600,"divipola_dep":"27","divipola_dep_n":27,"mpio_nombre":"RÍO QUITO","dpto_nombre":"CHOCÓ","area_km2":699.3372}},{"arcs":[[-392,-1983,-1950,-1936,-1977,1985,1986]],"type":"Polygon","properties":{"divipola_mun":"27615","divipola_mun_n":27615,"divipola_dep":"27","divipola_dep_n":27,"mpio_nombre":"RIOSUCIO","dpto_nombre":"CHOCÓ","area_km2":6139.6156}},{"arcs":[[-1956,1987,1988,1989,1990,1991,1992,1993,-1981]],"type":"Polygon","properties":{"divipola_mun":"27660","divipola_mun_n":27660,"divipola_dep":"27","divipola_dep_n":27,"mpio_nombre":"SAN JOSÉ DEL PALMAR","dpto_nombre":"CHOCÓ","area_km2":1582.5244}},{"arcs":[[-1963,-1975,-1979,-1982,-1994,1994,1995,1996,1997]],"type":"Polygon","properties":{"divipola_mun":"27745","divipola_mun_n":27745,"divipola_dep":"27","divipola_dep_n":27,"mpio_nombre":"SIPÍ","dpto_nombre":"CHOCÓ","area_km2":1577.4533}},{"arcs":[[-1929,1998,-1988,-1960,-1985,-1972,1999,-1953]],"type":"Polygon","properties":{"divipola_mun":"27787","divipola_mun_n":27787,"divipola_dep":"27","divipola_dep_n":27,"mpio_nombre":"TADÓ","dpto_nombre":"CHOCÓ","area_km2":714.9931}},{"arcs":[[-393,-1987,2000,-1915,2001]],"type":"Polygon","properties":{"divipola_mun":"27800","divipola_mun_n":27800,"divipola_dep":"27","divipola_dep_n":27,"mpio_nombre":"UNGUÍA","dpto_nombre":"CHOCÓ","area_km2":1191.1601}},{"arcs":[[-1947,-1954,-2000,-1971]],"type":"Polygon","properties":{"divipola_mun":"27810","divipola_mun_n":27810,"divipola_dep":"27","divipola_dep_n":27,"mpio_nombre":"UNIÓN PANAMERICANA","dpto_nombre":"CHOCÓ","area_km2":177.8375}},{"arcs":[[-1216,2002,2003,2004,2005,2006]],"type":"Polygon","properties":{"divipola_mun":"41001","divipola_mun_n":41001,"divipola_dep":"41","divipola_dep_n":41,"mpio_nombre":"NEIVA","dpto_nombre":"HUILA","area_km2":1269.2179}},{"arcs":[[-1185,-1213,2007,2008,2009,2010]],"type":"Polygon","properties":{"divipola_mun":"41006","divipola_mun_n":41006,"divipola_dep":"41","divipola_dep_n":41,"mpio_nombre":"ACEVEDO","dpto_nombre":"HUILA","area_km2":521.8077}},{"arcs":[[2011,2012,2013,2014,2015]],"type":"Polygon","properties":{"divipola_mun":"41013","divipola_mun_n":41013,"divipola_dep":"41","divipola_dep_n":41,"mpio_nombre":"AGRADO","dpto_nombre":"HUILA","area_km2":273.6871}},{"arcs":[[-2006,2016,2017,2018,2019,2020]],"type":"Polygon","properties":{"divipola_mun":"41016","divipola_mun_n":41016,"divipola_dep":"41","divipola_dep_n":41,"mpio_nombre":"AIPE","dpto_nombre":"HUILA","area_km2":795.3082}},{"arcs":[[-1199,2021,2022,2023,2024,-1214,-1210]],"type":"Polygon","properties":{"divipola_mun":"41020","divipola_mun_n":41020,"divipola_dep":"41","divipola_dep_n":41,"mpio_nombre":"ALGECIRAS","dpto_nombre":"HUILA","area_km2":589.4271}},{"arcs":[[-2014,2025,2026,2027,2028,2029,2030]],"type":"Polygon","properties":{"divipola_mun":"41026","divipola_mun_n":41026,"divipola_dep":"41","divipola_dep_n":41,"mpio_nombre":"ALTAMIRA","dpto_nombre":"HUILA","area_km2":180.9524}},{"arcs":[[2031,2032,2033,2034,2035]],"type":"Polygon","properties":{"divipola_mun":"41078","divipola_mun_n":41078,"divipola_dep":"41","divipola_dep_n":41,"mpio_nombre":"BARAYA","dpto_nombre":"HUILA","area_km2":785.4793}},{"arcs":[[-2024,2036,2037,2038,2039]],"type":"Polygon","properties":{"divipola_mun":"41132","divipola_mun_n":41132,"divipola_dep":"41","divipola_dep_n":41,"mpio_nombre":"CAMPOALEGRE","dpto_nombre":"HUILA","area_km2":462.6053}},{"arcs":[[-499,2040,-2032,2041,2042,-1615]],"type":"Polygon","properties":{"divipola_mun":"41206","divipola_mun_n":41206,"divipola_dep":"41","divipola_dep_n":41,"mpio_nombre":"COLOMBIA","dpto_nombre":"HUILA","area_km2":1583.6231}},{"arcs":[[2043,2044,2045,2046,2047]],"type":"Polygon","properties":{"divipola_mun":"41244","divipola_mun_n":41244,"divipola_dep":"41","divipola_dep_n":41,"mpio_nombre":"ELÍAS","dpto_nombre":"HUILA","area_km2":80.4411}},{"arcs":[[-1175,2048,-2026,-2013,2049,-1201]],"type":"Polygon","properties":{"divipola_mun":"41298","divipola_mun_n":41298,"divipola_dep":"41","divipola_dep_n":41,"mpio_nombre":"GARZÓN","dpto_nombre":"HUILA","area_km2":606.3546}},{"arcs":[[-1202,-2050,-2012,2050,2051,2052,2053,-2022]],"type":"Polygon","properties":{"divipola_mun":"41306","divipola_mun_n":41306,"divipola_dep":"41","divipola_dep_n":41,"mpio_nombre":"GIGANTE","dpto_nombre":"HUILA","area_km2":503.5643}},{"arcs":[[-1174,2054,-2027,-2049]],"type":"Polygon","properties":{"divipola_mun":"41319","divipola_mun_n":41319,"divipola_dep":"41","divipola_dep_n":41,"mpio_nombre":"GUADALUPE","dpto_nombre":"HUILA","area_km2":249.5636}},{"arcs":[[-2023,-2054,2055,-2037]],"type":"Polygon","properties":{"divipola_mun":"41349","divipola_mun_n":41349,"divipola_dep":"41","divipola_dep_n":41,"mpio_nombre":"HOBO","dpto_nombre":"HUILA","area_km2":194.1672}},{"arcs":[[-1350,2056,2057,2058,2059]],"type":"Polygon","properties":{"divipola_mun":"41357","divipola_mun_n":41357,"divipola_dep":"41","divipola_dep_n":41,"mpio_nombre":"ÍQUIRA","dpto_nombre":"HUILA","area_km2":356.447}},{"arcs":[[-1367,2060,2061,2062]],"type":"Polygon","properties":{"divipola_mun":"41359","divipola_mun_n":41359,"divipola_dep":"41","divipola_dep_n":41,"mpio_nombre":"ISNOS","dpto_nombre":"HUILA","area_km2":370.7287}},{"arcs":[[-1366,2063,2064,2065,2066,2067]],"type":"Polygon","properties":{"divipola_mun":"41378","divipola_mun_n":41378,"divipola_dep":"41","divipola_dep_n":41,"mpio_nombre":"LA ARGENTINA","dpto_nombre":"HUILA","area_km2":356.4577}},{"arcs":[[-1308,-1353,2068,2069,-2064,-1365]],"type":"Polygon","properties":{"divipola_mun":"41396","divipola_mun_n":41396,"divipola_dep":"41","divipola_dep_n":41,"mpio_nombre":"LA PLATA","dpto_nombre":"HUILA","area_km2":814.6714}},{"arcs":[[-1351,-2060,2070,2071]],"type":"Polygon","properties":{"divipola_mun":"41483","divipola_mun_n":41483,"divipola_dep":"41","divipola_dep_n":41,"mpio_nombre":"NÁTAGA","dpto_nombre":"HUILA","area_km2":131.9246}},{"arcs":[[-2047,2072,-2067,2073]],"type":"Polygon","properties":{"divipola_mun":"41503","divipola_mun_n":41503,"divipola_dep":"41","divipola_dep_n":41,"mpio_nombre":"OPORAPA","dpto_nombre":"HUILA","area_km2":155.8207}},{"arcs":[[-1352,-2072,2074,-2051,-2016,2075,-2069]],"type":"Polygon","properties":{"divipola_mun":"41518","divipola_mun_n":41518,"divipola_dep":"41","divipola_dep_n":41,"mpio_nombre":"PAICOL","dpto_nombre":"HUILA","area_km2":278.2674}},{"arcs":[[-2004,2076,-2039,2077,2078,2079,2080]],"type":"Polygon","properties":{"divipola_mun":"41524","divipola_mun_n":41524,"divipola_dep":"41","divipola_dep_n":41,"mpio_nombre":"PALERMO","dpto_nombre":"HUILA","area_km2":883.9569}},{"arcs":[[-1358,-1378,2081,-2008]],"type":"Polygon","properties":{"divipola_mun":"41530","divipola_mun_n":41530,"divipola_dep":"41","divipola_dep_n":41,"mpio_nombre":"PALESTINA","dpto_nombre":"HUILA","area_km2":196.9612}},{"arcs":[[-2015,-2031,2082,-2065,-2070,-2076]],"type":"Polygon","properties":{"divipola_mun":"41548","divipola_mun_n":41548,"divipola_dep":"41","divipola_dep_n":41,"mpio_nombre":"PITAL","dpto_nombre":"HUILA","area_km2":193.6433}},{"arcs":[[-1377,2083,-2062,2084,-2045,2085,-2009,-2082]],"type":"Polygon","properties":{"divipola_mun":"41551","divipola_mun_n":41551,"divipola_dep":"41","divipola_dep_n":41,"mpio_nombre":"PITALITO","dpto_nombre":"HUILA","area_km2":630.7317}},{"arcs":[[-1215,-2025,-2040,-2077,-2003]],"type":"Polygon","properties":{"divipola_mun":"41615","divipola_mun_n":41615,"divipola_dep":"41","divipola_dep_n":41,"mpio_nombre":"RIVERA","dpto_nombre":"HUILA","area_km2":251.1096}},{"arcs":[[-2046,-2085,-2061,-2068,-2073]],"type":"Polygon","properties":{"divipola_mun":"41660","divipola_mun_n":41660,"divipola_dep":"41","divipola_dep_n":41,"mpio_nombre":"SALADOBLANCO","dpto_nombre":"HUILA","area_km2":466.7272}},{"arcs":[[-1324,-1383,-1368,-2063,-2084,-1376,-1372]],"type":"Polygon","properties":{"divipola_mun":"41668","divipola_mun_n":41668,"divipola_dep":"41","divipola_dep_n":41,"mpio_nombre":"SAN AGUSTÍN","dpto_nombre":"HUILA","area_km2":1390.8505}},{"arcs":[[-2080,2086,2087]],"type":"Polygon","properties":{"divipola_mun":"41676","divipola_mun_n":41676,"divipola_dep":"41","divipola_dep_n":41,"mpio_nombre":"SANTA MARÍA","dpto_nombre":"HUILA","area_km2":339.3052}},{"arcs":[[-1173,-1186,-2011,2088,-2028,-2055]],"type":"Polygon","properties":{"divipola_mun":"41770","divipola_mun_n":41770,"divipola_dep":"41","divipola_dep_n":41,"mpio_nombre":"SUAZA","dpto_nombre":"HUILA","area_km2":429.6235}},{"arcs":[[-2030,2089,-2048,-2074,-2066,-2083]],"type":"Polygon","properties":{"divipola_mun":"41791","divipola_mun_n":41791,"divipola_dep":"41","divipola_dep_n":41,"mpio_nombre":"TARQUI","dpto_nombre":"HUILA","area_km2":362.7909}},{"arcs":[[-2052,-2075,-2071,-2059,2090]],"type":"Polygon","properties":{"divipola_mun":"41797","divipola_mun_n":41797,"divipola_dep":"41","divipola_dep_n":41,"mpio_nombre":"TESALIA","dpto_nombre":"HUILA","area_km2":366.9572}},{"arcs":[[-1217,-2007,-2021,2091,-2034,2092]],"type":"Polygon","properties":{"divipola_mun":"41799","divipola_mun_n":41799,"divipola_dep":"41","divipola_dep_n":41,"mpio_nombre":"TELLO","dpto_nombre":"HUILA","area_km2":530.1223}},{"arcs":[[-1349,2093,-2087,-2079,2094,-2057]],"type":"Polygon","properties":{"divipola_mun":"41801","divipola_mun_n":41801,"divipola_dep":"41","divipola_dep_n":41,"mpio_nombre":"TERUEL","dpto_nombre":"HUILA","area_km2":471.6562}},{"arcs":[[-2010,-2086,-2044,-2090,-2029,-2089]],"type":"Polygon","properties":{"divipola_mun":"41807","divipola_mun_n":41807,"divipola_dep":"41","divipola_dep_n":41,"mpio_nombre":"TIMANÁ","dpto_nombre":"HUILA","area_km2":185.7216}},{"arcs":[[-2020,2095,2096,-2035,-2092]],"type":"Polygon","properties":{"divipola_mun":"41872","divipola_mun_n":41872,"divipola_dep":"41","divipola_dep_n":41,"mpio_nombre":"VILLAVIEJA","dpto_nombre":"HUILA","area_km2":543.6297}},{"arcs":[[-2038,-2056,-2053,-2091,-2058,-2095,-2078]],"type":"Polygon","properties":{"divipola_mun":"41885","divipola_mun_n":41885,"divipola_dep":"41","divipola_dep_n":41,"mpio_nombre":"YAGUARÁ","dpto_nombre":"HUILA","area_km2":332.8167}},{"arcs":[[2097,2098,2099,2100,2101,2102,2103,2104,2105,2106]],"type":"Polygon","properties":{"divipola_mun":"44001","divipola_mun_n":44001,"divipola_dep":"44","divipola_dep_n":44,"mpio_nombre":"RIOHACHA","dpto_nombre":"LA GUAJIRA","area_km2":3082.5586}},{"arcs":[[-2099,2107,2108,2109,2110,2111]],"type":"Polygon","properties":{"divipola_mun":"44035","divipola_mun_n":44035,"divipola_dep":"44","divipola_dep_n":44,"mpio_nombre":"ALBANIA","dpto_nombre":"LA GUAJIRA","area_km2":544.8045}},{"arcs":[[-2101,2112,-2111,2113,2114,2115]],"type":"Polygon","properties":{"divipola_mun":"44078","divipola_mun_n":44078,"divipola_dep":"44","divipola_dep_n":44,"mpio_nombre":"BARRANCAS","dpto_nombre":"LA GUAJIRA","area_km2":799.227}},{"arcs":[[-1399,2116,2117,-2105,2118]],"type":"Polygon","properties":{"divipola_mun":"44090","divipola_mun_n":44090,"divipola_dep":"44","divipola_dep_n":44,"mpio_nombre":"DIBULLA","dpto_nombre":"LA GUAJIRA","area_km2":1746.8232}},{"arcs":[[-2103,2119,2120]],"type":"Polygon","properties":{"divipola_mun":"44098","divipola_mun_n":44098,"divipola_dep":"44","divipola_dep_n":44,"mpio_nombre":"DISTRACCIÓN","dpto_nombre":"LA GUAJIRA","area_km2":231.4144}},{"arcs":[[2121,2122,2123]],"type":"Polygon","properties":{"divipola_mun":"44110","divipola_mun_n":44110,"divipola_dep":"44","divipola_dep_n":44,"mpio_nombre":"EL MOLINO","dpto_nombre":"LA GUAJIRA","area_km2":241.6967}},{"arcs":[[-2102,-2116,2124,2125,-2120]],"type":"Polygon","properties":{"divipola_mun":"44279","divipola_mun_n":44279,"divipola_dep":"44","divipola_dep_n":44,"mpio_nombre":"FONSECA","dpto_nombre":"LA GUAJIRA","area_km2":472.543}},{"arcs":[[[-2100,-2112,-2113]],[[-2110,2126,-2114]]],"type":"MultiPolygon","properties":{"divipola_mun":"44378","divipola_mun_n":44378,"divipola_dep":"44","divipola_dep_n":44,"mpio_nombre":"HATONUEVO","dpto_nombre":"LA GUAJIRA","area_km2":214.1867}},{"arcs":[[-1390,2127,2128,-1458,-1470]],"type":"Polygon","properties":{"divipola_mun":"44420","divipola_mun_n":44420,"divipola_dep":"44","divipola_dep_n":44,"mpio_nombre":"LA JAGUA DEL PILAR","dpto_nombre":"LA GUAJIRA","area_km2":179.2501}},{"arcs":[[-2098,2129,2130,2131,-2108]],"type":"Polygon","properties":{"divipola_mun":"44430","divipola_mun_n":44430,"divipola_dep":"44","divipola_dep_n":44,"mpio_nombre":"MAICAO","dpto_nombre":"LA GUAJIRA","area_km2":1764.5097}},{"arcs":[[-2107,2132,2133,-2130]],"type":"Polygon","properties":{"divipola_mun":"44560","divipola_mun_n":44560,"divipola_dep":"44","divipola_dep_n":44,"mpio_nombre":"MANAURE","dpto_nombre":"LA GUAJIRA","area_km2":1615.5476}},{"arcs":[[-1400,-2119,-2104,-2121,-2126,2134,-2124,2135]],"type":"Polygon","properties":{"divipola_mun":"44650","divipola_mun_n":44650,"divipola_dep":"44","divipola_dep_n":44,"mpio_nombre":"SAN JUAN DEL CESAR","dpto_nombre":"LA GUAJIRA","area_km2":1308.5568}},{"arcs":[[-2131,-2134,2136]],"type":"Polygon","properties":{"divipola_mun":"44847","divipola_mun_n":44847,"divipola_dep":"44","divipola_dep_n":44,"mpio_nombre":"URIBIA","dpto_nombre":"LA GUAJIRA","area_km2":7866.0209}},{"arcs":[[-1389,2137,2138,-2128]],"type":"Polygon","properties":{"divipola_mun":"44855","divipola_mun_n":44855,"divipola_dep":"44","divipola_dep_n":44,"mpio_nombre":"URUMITA","dpto_nombre":"LA GUAJIRA","area_km2":245.7939}},{"arcs":[[-1388,-2136,-2123,2139,-2138]],"type":"Polygon","properties":{"divipola_mun":"44874","divipola_mun_n":44874,"divipola_dep":"44","divipola_dep_n":44,"mpio_nombre":"VILLANUEVA","dpto_nombre":"LA GUAJIRA","area_km2":259.5865}},{"arcs":[[-2117,2140,2141,2142]],"type":"Polygon","properties":{"divipola_mun":"47001","divipola_mun_n":47001,"divipola_dep":"47","divipola_dep_n":47,"mpio_nombre":"SANTA MARTA","dpto_nombre":"MAGDALENA","area_km2":2343.9033}},{"arcs":[[-1439,2143,2144]],"type":"Polygon","properties":{"divipola_mun":"47030","divipola_mun_n":47030,"divipola_dep":"47","divipola_dep_n":47,"mpio_nombre":"ALGARROBO","dpto_nombre":"MAGDALENA","area_km2":405.885}},{"arcs":[[-1398,-1466,2145,2146,2147,2148,2149,-2141]],"type":"Polygon","properties":{"divipola_mun":"47053","divipola_mun_n":47053,"divipola_dep":"47","divipola_dep_n":47,"mpio_nombre":"ARACATACA","dpto_nombre":"MAGDALENA","area_km2":1738.4243}},{"arcs":[[-1421,-1446,2150,2151,2152]],"type":"Polygon","properties":{"divipola_mun":"47058","divipola_mun_n":47058,"divipola_dep":"47","divipola_dep_n":47,"mpio_nombre":"ARIGUANÍ","dpto_nombre":"MAGDALENA","area_km2":1130.3299}},{"arcs":[[-428,2153,2154,2155,2156,-546,-487]],"type":"Polygon","properties":{"divipola_mun":"47161","divipola_mun_n":47161,"divipola_dep":"47","divipola_dep_n":47,"mpio_nombre":"CERRO DE SAN ANTONIO","dpto_nombre":"MAGDALENA","area_km2":177.0656}},{"arcs":[[2157,2158,2159,2160,2161,2162]],"type":"Polygon","properties":{"divipola_mun":"47170","divipola_mun_n":47170,"divipola_dep":"47","divipola_dep_n":47,"mpio_nombre":"CHIVOLO","dpto_nombre":"MAGDALENA","area_km2":536.0309}},{"arcs":[[-2142,-2150,2163,2164,2165]],"type":"Polygon","properties":{"divipola_mun":"47189","divipola_mun_n":47189,"divipola_dep":"47","divipola_dep_n":47,"mpio_nombre":"CIÉNAGA","dpto_nombre":"MAGDALENA","area_km2":1329.356}},{"arcs":[[-2156,2166,2167]],"type":"Polygon","properties":{"divipola_mun":"47205","divipola_mun_n":47205,"divipola_dep":"47","divipola_dep_n":47,"mpio_nombre":"CONCORDIA","dpto_nombre":"MAGDALENA","area_km2":109.3953}},{"arcs":[[-580,-586,-605,2168,-1429,-1480]],"type":"Polygon","properties":{"divipola_mun":"47245","divipola_mun_n":47245,"divipola_dep":"47","divipola_dep_n":47,"mpio_nombre":"EL BANCO","dpto_nombre":"MAGDALENA","area_km2":813.8018}},{"arcs":[[-427,2169,2170,-2160,2171,-2154]],"type":"Polygon","properties":{"divipola_mun":"47258","divipola_mun_n":47258,"divipola_dep":"47","divipola_dep_n":47,"mpio_nombre":"EL PIÑÓN","dpto_nombre":"MAGDALENA","area_km2":556.6568}},{"arcs":[[-2147,2172,2173,2174,2175]],"type":"Polygon","properties":{"divipola_mun":"47268","divipola_mun_n":47268,"divipola_dep":"47","divipola_dep_n":47,"mpio_nombre":"EL RETÉN","dpto_nombre":"MAGDALENA","area_km2":261.8943}},{"arcs":[[-1440,-2145,2176,2177,-2173,-2146,-1465]],"type":"Polygon","properties":{"divipola_mun":"47288","divipola_mun_n":47288,"divipola_dep":"47","divipola_dep_n":47,"mpio_nombre":"FUNDACIÓN","dpto_nombre":"MAGDALENA","area_km2":970.5694}},{"arcs":[[-604,-644,2178,-1430,-2169]],"type":"Polygon","properties":{"divipola_mun":"47318","divipola_mun_n":47318,"divipola_dep":"47","divipola_dep_n":47,"mpio_nombre":"GUAMAL","dpto_nombre":"MAGDALENA","area_km2":563.8437}},{"arcs":[[-2152,2179,2180,2181]],"type":"Polygon","properties":{"divipola_mun":"47460","divipola_mun_n":47460,"divipola_dep":"47","divipola_dep_n":47,"mpio_nombre":"NUEVA GRANADA","dpto_nombre":"MAGDALENA","area_km2":841.1445}},{"arcs":[[-547,-2157,-2168,2182,-576]],"type":"Polygon","properties":{"divipola_mun":"47541","divipola_mun_n":47541,"divipola_dep":"47","divipola_dep_n":47,"mpio_nombre":"PEDRAZA","dpto_nombre":"MAGDALENA","area_km2":305.5474}},{"arcs":[[-1415,2183,2184,2185,-1444]],"type":"Polygon","properties":{"divipola_mun":"47545","divipola_mun_n":47545,"divipola_dep":"47","divipola_dep_n":47,"mpio_nombre":"PIJIÑO DEL CARMEN","dpto_nombre":"MAGDALENA","area_km2":660.7634}},{"arcs":[[-2161,-2171,2186,2187,-2174,-2178,2188]],"type":"Polygon","properties":{"divipola_mun":"47551","divipola_mun_n":47551,"divipola_dep":"47","divipola_dep_n":47,"mpio_nombre":"PIVIJAY","dpto_nombre":"MAGDALENA","area_km2":1638.7357}},{"arcs":[[-560,-668,2189,-2163,2190,-2181,2191,2192]],"type":"Polygon","properties":{"divipola_mun":"47555","divipola_mun_n":47555,"divipola_dep":"47","divipola_dep_n":47,"mpio_nombre":"PLATO","dpto_nombre":"MAGDALENA","area_km2":1455.9752}},{"arcs":[[-2148,-2176,2193,2194,-2165,2195]],"type":"Polygon","properties":{"divipola_mun":"47570","divipola_mun_n":47570,"divipola_dep":"47","divipola_dep_n":47,"mpio_nombre":"PUEBLOVIEJO","dpto_nombre":"MAGDALENA","area_km2":679.0393}},{"arcs":[[-457,2196,-2175,-2188,2197,-469]],"type":"Polygon","properties":{"divipola_mun":"47605","divipola_mun_n":47605,"divipola_dep":"47","divipola_dep_n":47,"mpio_nombre":"REMOLINO","dpto_nombre":"MAGDALENA","area_km2":594.375}},{"arcs":[[-1422,-2153,-2182,-2191,-2162,-2189,-2177,-2144,-1438]],"type":"Polygon","properties":{"divipola_mun":"47660","divipola_mun_n":47660,"divipola_dep":"47","divipola_dep_n":47,"mpio_nombre":"SABANAS DE SAN ÁNGEL","dpto_nombre":"MAGDALENA","area_km2":1237.5607}},{"arcs":[[-426,-470,-2198,-2187,-2170]],"type":"Polygon","properties":{"divipola_mun":"47675","divipola_mun_n":47675,"divipola_dep":"47","divipola_dep_n":47,"mpio_nombre":"SALAMINA","dpto_nombre":"MAGDALENA","area_km2":170.3348}},{"arcs":[[-617,2198,-2184,-1414,-1431,-2179,-643]],"type":"Polygon","properties":{"divipola_mun":"47692","divipola_mun_n":47692,"divipola_dep":"47","divipola_dep_n":47,"mpio_nombre":"SAN SEBASTIÁN DE BUENAVISTA","dpto_nombre":"MAGDALENA","area_km2":437.1307}},{"arcs":[[-616,-662,2199,-2185,-2199]],"type":"Polygon","properties":{"divipola_mun":"47703","divipola_mun_n":47703,"divipola_dep":"47","divipola_dep_n":47,"mpio_nombre":"SAN ZENÓN","dpto_nombre":"MAGDALENA","area_km2":268.5945}},{"arcs":[[-661,2200,-2192,-2180,-2151,-1445,-2186,-2200]],"type":"Polygon","properties":{"divipola_mun":"47707","divipola_mun_n":47707,"divipola_dep":"47","divipola_dep_n":47,"mpio_nombre":"SANTA ANA","dpto_nombre":"MAGDALENA","area_km2":1119.2075}},{"arcs":[[-561,-2193,-2201,-660,-595]],"type":"Polygon","properties":{"divipola_mun":"47720","divipola_mun_n":47720,"divipola_dep":"47","divipola_dep_n":47,"mpio_nombre":"SANTA BÁRBARA DE PINTO","dpto_nombre":"MAGDALENA","area_km2":494.2662}},{"arcs":[[-416,2201,-2194,-2197,-456,-485,-479,-449,-486]],"type":"Polygon","properties":{"divipola_mun":"47745","divipola_mun_n":47745,"divipola_dep":"47","divipola_dep_n":47,"mpio_nombre":"SITIONUEVO","dpto_nombre":"MAGDALENA","area_km2":970.0227}},{"arcs":[[-578,2202,-2158,-2190,-667,-649]],"type":"Polygon","properties":{"divipola_mun":"47798","divipola_mun_n":47798,"divipola_dep":"47","divipola_dep_n":47,"mpio_nombre":"TENERIFE","dpto_nombre":"MAGDALENA","area_km2":491.7801}},{"arcs":[[-577,-2183,-2167,-2155,-2172,-2159,-2203]],"type":"Polygon","properties":{"divipola_mun":"47960","divipola_mun_n":47960,"divipola_dep":"47","divipola_dep_n":47,"mpio_nombre":"ZAPAYÁN","dpto_nombre":"MAGDALENA","area_km2":372.6059}},{"arcs":[[-2149,-2196,-2164]],"type":"Polygon","properties":{"divipola_mun":"47980","divipola_mun_n":47980,"divipola_dep":"47","divipola_dep_n":47,"mpio_nombre":"ZONA BANANERA","dpto_nombre":"MAGDALENA","area_km2":435.4174}},{"arcs":[[-1771,2203,2204,2205,2206,2207]],"type":"Polygon","properties":{"divipola_mun":"50001","divipola_mun_n":50001,"divipola_dep":"50","divipola_dep_n":50,"mpio_nombre":"VILLAVICENCIO","dpto_nombre":"META","area_km2":1283.7052}},{"arcs":[[-1772,-2208,2208,2209,2210,-1775]],"type":"Polygon","properties":{"divipola_mun":"50006","divipola_mun_n":50006,"divipola_dep":"50","divipola_dep_n":50,"mpio_nombre":"ACACÍAS","dpto_nombre":"META","area_km2":1121.9201}},{"arcs":[[-1850,2211,2212,2213]],"type":"Polygon","properties":{"divipola_mun":"50110","divipola_mun_n":50110,"divipola_dep":"50","divipola_dep_n":50,"mpio_nombre":"BARRANCA DE UPÍA","dpto_nombre":"META","area_km2":403.0329}},{"arcs":[[-1851,-2214,2214,2215,2216]],"type":"Polygon","properties":{"divipola_mun":"50124","divipola_mun_n":50124,"divipola_dep":"50","divipola_dep_n":50,"mpio_nombre":"CABUYARO","dpto_nombre":"META","area_km2":911.8506}},{"arcs":[[-2210,2217,2218,2219]],"type":"Polygon","properties":{"divipola_mun":"50150","divipola_mun_n":50150,"divipola_dep":"50","divipola_dep_n":50,"mpio_nombre":"CASTILLA LA NUEVA","dpto_nombre":"META","area_km2":513.8629}},{"arcs":[[-497,2220,2221,2222,2223,2224,2225]],"type":"Polygon","properties":{"divipola_mun":"50223","divipola_mun_n":50223,"divipola_dep":"50","divipola_dep_n":50,"mpio_nombre":"CUBARRAL","dpto_nombre":"META","area_km2":1156.4216}},{"arcs":[[-1810,-1852,-2217,2226,2227]],"type":"Polygon","properties":{"divipola_mun":"50226","divipola_mun_n":50226,"divipola_dep":"50","divipola_dep_n":50,"mpio_nombre":"CUMARAL","dpto_nombre":"META","area_km2":623.782}},{"arcs":[[-1700,2228,2229,-2204,-1770,-1861]],"type":"Polygon","properties":{"divipola_mun":"50245","divipola_mun_n":50245,"divipola_dep":"50","divipola_dep_n":50,"mpio_nombre":"EL CALVARIO","dpto_nombre":"META","area_km2":269.9059}},{"arcs":[[-2224,2230,2231,2232,2233]],"type":"Polygon","properties":{"divipola_mun":"50251","divipola_mun_n":50251,"divipola_dep":"50","divipola_dep_n":50,"mpio_nombre":"EL CASTILLO","dpto_nombre":"META","area_km2":567.4397}},{"arcs":[[-2223,2234,-2231]],"type":"Polygon","properties":{"divipola_mun":"50270","divipola_mun_n":50270,"divipola_dep":"50","divipola_dep_n":50,"mpio_nombre":"EL DORADO","dpto_nombre":"META","area_km2":117.176}},{"arcs":[[2235,2236,2237,2238]],"type":"Polygon","properties":{"divipola_mun":"50287","divipola_mun_n":50287,"divipola_dep":"50","divipola_dep_n":50,"mpio_nombre":"FUENTE DE ORO","dpto_nombre":"META","area_km2":570.0996}},{"arcs":[[-2233,2239,-2238,2240,2241]],"type":"Polygon","properties":{"divipola_mun":"50313","divipola_mun_n":50313,"divipola_dep":"50","divipola_dep_n":50,"mpio_nombre":"GRANADA","dpto_nombre":"META","area_km2":347.8024}},{"arcs":[[-496,-1776,-2211,-2220,2242,-2221]],"type":"Polygon","properties":{"divipola_mun":"50318","divipola_mun_n":50318,"divipola_dep":"50","divipola_dep_n":50,"mpio_nombre":"GUAMAL","dpto_nombre":"META","area_km2":594.9159}},{"arcs":[[2243,2244,2245,2246,2247,2248,2249]],"type":"Polygon","properties":{"divipola_mun":"50325","divipola_mun_n":50325,"divipola_dep":"50","divipola_dep_n":50,"mpio_nombre":"MAPIRIPÁN","dpto_nombre":"META","area_km2":11917.4788}},{"arcs":[[2250,2251,2252,2253]],"type":"Polygon","properties":{"divipola_mun":"50330","divipola_mun_n":50330,"divipola_dep":"50","divipola_dep_n":50,"mpio_nombre":"MESETAS","dpto_nombre":"META","area_km2":2277.8614}},{"arcs":[[-1219,2254,2255,2256,2257]],"type":"Polygon","properties":{"divipola_mun":"50350","divipola_mun_n":50350,"divipola_dep":"50","divipola_dep_n":50,"mpio_nombre":"LA MACARENA","dpto_nombre":"META","area_km2":8108.4629}},{"arcs":[[-498,-2226,2258,-2253,2259,-2255,-1218,-2093,-2033,-2041]],"type":"Polygon","properties":{"divipola_mun":"50370","divipola_mun_n":50370,"divipola_dep":"50","divipola_dep_n":50,"mpio_nombre":"URIBE","dpto_nombre":"META","area_km2":6454.4246}},{"arcs":[[-2225,-2234,-2242,2260,-2254,-2259]],"type":"Polygon","properties":{"divipola_mun":"50400","divipola_mun_n":50400,"divipola_dep":"50","divipola_dep_n":50,"mpio_nombre":"LEJANÍAS","dpto_nombre":"META","area_km2":814.421}},{"arcs":[[-2246,2261,2262]],"type":"Polygon","properties":{"divipola_mun":"50450","divipola_mun_n":50450,"divipola_dep":"50","divipola_dep_n":50,"mpio_nombre":"PUERTO CONCORDIA","dpto_nombre":"META","area_km2":1256.2834}},{"arcs":[[-2250,2263,2264,2265,2266,2267,2268]],"type":"Polygon","properties":{"divipola_mun":"50568","divipola_mun_n":50568,"divipola_dep":"50","divipola_dep_n":50,"mpio_nombre":"PUERTO GAITÁN","dpto_nombre":"META","area_km2":17200.784}},{"arcs":[[-2206,2269,-2227,-2216,2270,2271,2272,-2265,2273,2274]],"type":"Polygon","properties":{"divipola_mun":"50573","divipola_mun_n":50573,"divipola_dep":"50","divipola_dep_n":50,"mpio_nombre":"PUERTO LÓPEZ","dpto_nombre":"META","area_km2":6898.2361}},{"arcs":[[-2236,2275,-2248,2276,2277,2278]],"type":"Polygon","properties":{"divipola_mun":"50577","divipola_mun_n":50577,"divipola_dep":"50","divipola_dep_n":50,"mpio_nombre":"PUERTO LLERAS","dpto_nombre":"META","area_km2":2531.2148}},{"arcs":[[-2247,-2263,2279,2280,-2277]],"type":"Polygon","properties":{"divipola_mun":"50590","divipola_mun_n":50590,"divipola_dep":"50","divipola_dep_n":50,"mpio_nombre":"PUERTO RICO","dpto_nombre":"META","area_km2":3405.7167}},{"arcs":[[-1811,-2228,-2270,-2205,-2230,2281]],"type":"Polygon","properties":{"divipola_mun":"50606","divipola_mun_n":50606,"divipola_dep":"50","divipola_dep_n":50,"mpio_nombre":"RESTREPO","dpto_nombre":"META","area_km2":364.538}},{"arcs":[[-2207,-2275,2282,-2218,-2209]],"type":"Polygon","properties":{"divipola_mun":"50680","divipola_mun_n":50680,"divipola_dep":"50","divipola_dep_n":50,"mpio_nombre":"SAN CARLOS DE GUAROA","dpto_nombre":"META","area_km2":806.5993}},{"arcs":[[-2237,-2279,2283,-2251,-2261,-2241]],"type":"Polygon","properties":{"divipola_mun":"50683","divipola_mun_n":50683,"divipola_dep":"50","divipola_dep_n":50,"mpio_nombre":"SAN JUAN DE ARAMA","dpto_nombre":"META","area_km2":1165.3669}},{"arcs":[[-1699,-1783,-1719,-1812,-2282,-2229]],"type":"Polygon","properties":{"divipola_mun":"50686","divipola_mun_n":50686,"divipola_dep":"50","divipola_dep_n":50,"mpio_nombre":"SAN JUANITO","dpto_nombre":"META","area_km2":244.5236}},{"arcs":[[-2219,-2283,-2274,-2264,-2249,-2276,-2239,-2240,-2232,-2235,-2222,-2243]],"type":"Polygon","properties":{"divipola_mun":"50689","divipola_mun_n":50689,"divipola_dep":"50","divipola_dep_n":50,"mpio_nombre":"SAN MARTÍN","dpto_nombre":"META","area_km2":5922.0039}},{"arcs":[[-2252,-2284,-2278,-2281,2284,-2256,-2260]],"type":"Polygon","properties":{"divipola_mun":"50711","divipola_mun_n":50711,"divipola_dep":"50","divipola_dep_n":50,"mpio_nombre":"VISTAHERMOSA","dpto_nombre":"META","area_km2":4813.9919}},{"arcs":[[2285,2286,2287,2288,2289,2290,2291,2292,2293,2294]],"type":"Polygon","properties":{"divipola_mun":"52001","divipola_mun_n":52001,"divipola_dep":"52","divipola_dep_n":52,"mpio_nombre":"PASTO","dpto_nombre":"NARIÑO","area_km2":1100.3073}},{"arcs":[[2295,2296,2297,2298,2299]],"type":"Polygon","properties":{"divipola_mun":"52019","divipola_mun_n":52019,"divipola_dep":"52","divipola_dep_n":52,"mpio_nombre":"ALBÁN","dpto_nombre":"NARIÑO","area_km2":38.6384}},{"arcs":[[2300,2301,2302,2303]],"type":"Polygon","properties":{"divipola_mun":"52022","divipola_mun_n":52022,"divipola_dep":"52","divipola_dep_n":52,"mpio_nombre":"ALDANA","dpto_nombre":"NARIÑO","area_km2":47.6942}},{"arcs":[[2304,2305,2306,2307,2308]],"type":"Polygon","properties":{"divipola_mun":"52036","divipola_mun_n":52036,"divipola_dep":"52","divipola_dep_n":52,"mpio_nombre":"ANCUYA","dpto_nombre":"NARIÑO","area_km2":68.9781}},{"arcs":[[-2298,2309,2310,2311]],"type":"Polygon","properties":{"divipola_mun":"52051","divipola_mun_n":52051,"divipola_dep":"52","divipola_dep_n":52,"mpio_nombre":"ARBOLEDA","dpto_nombre":"NARIÑO","area_km2":60.2324}},{"arcs":[[2312,2313,2314,2315,2316,2317,2318,2319]],"type":"Polygon","properties":{"divipola_mun":"52079","divipola_mun_n":52079,"divipola_dep":"52","divipola_dep_n":52,"mpio_nombre":"BARBACOAS","dpto_nombre":"NARIÑO","area_km2":2736.915}},{"arcs":[[2320,2321,2322,2323]],"type":"Polygon","properties":{"divipola_mun":"52083","divipola_mun_n":52083,"divipola_dep":"52","divipola_dep_n":52,"mpio_nombre":"BELÉN","dpto_nombre":"NARIÑO","area_km2":41.8754}},{"arcs":[[-2290,2324,2325,-2310,-2297,2326,2327,2328]],"type":"Polygon","properties":{"divipola_mun":"52110","divipola_mun_n":52110,"divipola_dep":"52","divipola_dep_n":52,"mpio_nombre":"BUESACO","dpto_nombre":"NARIÑO","area_km2":636.448}},{"arcs":[[-2324,2329,2330,2331]],"type":"Polygon","properties":{"divipola_mun":"52203","divipola_mun_n":52203,"divipola_dep":"52","divipola_dep_n":52,"mpio_nombre":"COLÓN","dpto_nombre":"NARIÑO","area_km2":61.795}},{"arcs":[[-2286,2332,2333,2334,-2306,2335,2336]],"type":"Polygon","properties":{"divipola_mun":"52207","divipola_mun_n":52207,"divipola_dep":"52","divipola_dep_n":52,"mpio_nombre":"CONSACÁ","dpto_nombre":"NARIÑO","area_km2":119.4708}},{"arcs":[[2337,2338,2339,2340,2341]],"type":"Polygon","properties":{"divipola_mun":"52210","divipola_mun_n":52210,"divipola_dep":"52","divipola_dep_n":52,"mpio_nombre":"CONTADERO","dpto_nombre":"NARIÑO","area_km2":43.254}},{"arcs":[[2342,2343,2344,2345]],"type":"Polygon","properties":{"divipola_mun":"52215","divipola_mun_n":52215,"divipola_dep":"52","divipola_dep_n":52,"mpio_nombre":"CÓRDOBA","dpto_nombre":"NARIÑO","area_km2":304.9174}},{"arcs":[[-2303,2346,2347,2348,2349]],"type":"Polygon","properties":{"divipola_mun":"52224","divipola_mun_n":52224,"divipola_dep":"52","divipola_dep_n":52,"mpio_nombre":"CUASPUD CARLOSAMA","dpto_nombre":"NARIÑO","area_km2":57.1859}},{"arcs":[[-2349,2350,2351,2352,2353]],"type":"Polygon","properties":{"divipola_mun":"52227","divipola_mun_n":52227,"divipola_dep":"52","divipola_dep_n":52,"mpio_nombre":"CUMBAL","dpto_nombre":"NARIÑO","area_km2":916.5424}},{"arcs":[[2354,2355,2356,2357,2358]],"type":"Polygon","properties":{"divipola_mun":"52233","divipola_mun_n":52233,"divipola_dep":"52","divipola_dep_n":52,"mpio_nombre":"CUMBITARA","dpto_nombre":"NARIÑO","area_km2":355.551}},{"arcs":[[-2289,2359,2360,2361,2362,-2325]],"type":"Polygon","properties":{"divipola_mun":"52240","divipola_mun_n":52240,"divipola_dep":"52","divipola_dep_n":52,"mpio_nombre":"CHACHAGÜÍ","dpto_nombre":"NARIÑO","area_km2":146.3987}},{"arcs":[[-1248,-1254,2363,2364,-2358,2365,2366,2367,2368,-1304]],"type":"Polygon","properties":{"divipola_mun":"52250","divipola_mun_n":52250,"divipola_dep":"52","divipola_dep_n":52,"mpio_nombre":"EL CHARCO","dpto_nombre":"NARIÑO","area_km2":2493.6225}},{"arcs":[[2369,2370,2371,2372,2373]],"type":"Polygon","properties":{"divipola_mun":"52254","divipola_mun_n":52254,"divipola_dep":"52","divipola_dep_n":52,"mpio_nombre":"EL PEÑOL","dpto_nombre":"NARIÑO","area_km2":121.2373}},{"arcs":[[-1335,2374,2375,-2359,-2365,2376]],"type":"Polygon","properties":{"divipola_mun":"52256","divipola_mun_n":52256,"divipola_dep":"52","divipola_dep_n":52,"mpio_nombre":"EL ROSARIO","dpto_nombre":"NARIÑO","area_km2":520.8006}},{"arcs":[[-1380,2377,2378,-2327,-2296,2379,2380]],"type":"Polygon","properties":{"divipola_mun":"52258","divipola_mun_n":52258,"divipola_dep":"52","divipola_dep_n":52,"mpio_nombre":"EL TABLÓN DE GÓMEZ","dpto_nombre":"NARIÑO","area_km2":307.1109}},{"arcs":[[-2361,2381,2382,2383,-2370,2384]],"type":"Polygon","properties":{"divipola_mun":"52260","divipola_mun_n":52260,"divipola_dep":"52","divipola_dep_n":52,"mpio_nombre":"EL TAMBO","dpto_nombre":"NARIÑO","area_km2":246.5473}},{"arcs":[[-2294,2385,2386,-2338,2387,2388,2389,2390]],"type":"Polygon","properties":{"divipola_mun":"52287","divipola_mun_n":52287,"divipola_dep":"52","divipola_dep_n":52,"mpio_nombre":"FUNES","dpto_nombre":"NARIÑO","area_km2":395.1206}},{"arcs":[[-2304,-2350,-2354,2391,2392,2393]],"type":"Polygon","properties":{"divipola_mun":"52317","divipola_mun_n":52317,"divipola_dep":"52","divipola_dep_n":52,"mpio_nombre":"GUACHUCAL","dpto_nombre":"NARIÑO","area_km2":155.8505}},{"arcs":[[-2307,-2335,2394,2395,2396,2397,2398]],"type":"Polygon","properties":{"divipola_mun":"52320","divipola_mun_n":52320,"divipola_dep":"52","divipola_dep_n":52,"mpio_nombre":"GUAITARILLA","dpto_nombre":"NARIÑO","area_km2":116.8613}},{"arcs":[[-2341,2399,2400,2401]],"type":"Polygon","properties":{"divipola_mun":"52323","divipola_mun_n":52323,"divipola_dep":"52","divipola_dep_n":52,"mpio_nombre":"GUALMATÁN","dpto_nombre":"NARIÑO","area_km2":29.9941}},{"arcs":[[-2342,-2402,2402,2403,2404,-2388]],"type":"Polygon","properties":{"divipola_mun":"52352","divipola_mun_n":52352,"divipola_dep":"52","divipola_dep_n":52,"mpio_nombre":"ILES","dpto_nombre":"NARIÑO","area_km2":80.6148}},{"arcs":[[-2389,-2405,2405,2406,-2396,2407]],"type":"Polygon","properties":{"divipola_mun":"52354","divipola_mun_n":52354,"divipola_dep":"52","divipola_dep_n":52,"mpio_nombre":"IMUÉS","dpto_nombre":"NARIÑO","area_km2":81.8134}},{"arcs":[[-2302,2408,-2400,-2340,2409,-2346,2410,2411,2412,2413,-2347]],"type":"Polygon","properties":{"divipola_mun":"52356","divipola_mun_n":52356,"divipola_dep":"52","divipola_dep_n":52,"mpio_nombre":"IPIALES","dpto_nombre":"NARIÑO","area_km2":1573.2237}},{"arcs":[[-1257,-1381,-2381,2414,-2321,-2332,2415]],"type":"Polygon","properties":{"divipola_mun":"52378","divipola_mun_n":52378,"divipola_dep":"52","divipola_dep_n":52,"mpio_nombre":"LA CRUZ","dpto_nombre":"NARIÑO","area_km2":238.9986}},{"arcs":[[-2288,2416,-2337,2417,-2382,-2360]],"type":"Polygon","properties":{"divipola_mun":"52381","divipola_mun_n":52381,"divipola_dep":"52","divipola_dep_n":52,"mpio_nombre":"LA FLORIDA","dpto_nombre":"NARIÑO","area_km2":136.4419}},{"arcs":[[-2313,2418,2419,2420]],"type":"Polygon","properties":{"divipola_mun":"52385","divipola_mun_n":52385,"divipola_dep":"52","divipola_dep_n":52,"mpio_nombre":"LA LLANADA","dpto_nombre":"NARIÑO","area_km2":245.267}},{"arcs":[[-2367,2421,2422,2423]],"type":"Polygon","properties":{"divipola_mun":"52390","divipola_mun_n":52390,"divipola_dep":"52","divipola_dep_n":52,"mpio_nombre":"LA TOLA","dpto_nombre":"NARIÑO","area_km2":416.5284}},{"arcs":[[-1300,2424,-2330,-2323,2425,2426,-1332]],"type":"Polygon","properties":{"divipola_mun":"52399","divipola_mun_n":52399,"divipola_dep":"52","divipola_dep_n":52,"mpio_nombre":"LA UNIÓN","dpto_nombre":"NARIÑO","area_km2":142.2637}},{"arcs":[[-1253,-1336,-2377,-2364]],"type":"Polygon","properties":{"divipola_mun":"52405","divipola_mun_n":52405,"divipola_dep":"52","divipola_dep_n":52,"mpio_nombre":"LEIVA","dpto_nombre":"NARIÑO","area_km2":310.698}},{"arcs":[[-2309,2427,-2420,2428,-2371,-2384,2429]],"type":"Polygon","properties":{"divipola_mun":"52411","divipola_mun_n":52411,"divipola_dep":"52","divipola_dep_n":52,"mpio_nombre":"LINARES","dpto_nombre":"NARIÑO","area_km2":135.7719}},{"arcs":[[-2320,2430,-2356,2431,-2372,-2429,-2419]],"type":"Polygon","properties":{"divipola_mun":"52418","divipola_mun_n":52418,"divipola_dep":"52","divipola_dep_n":52,"mpio_nombre":"LOS ANDES","dpto_nombre":"NARIÑO","area_km2":957.9813}},{"arcs":[[-2319,2432,2433,-2422,-2366,-2357,-2431]],"type":"Polygon","properties":{"divipola_mun":"52427","divipola_mun_n":52427,"divipola_dep":"52","divipola_dep_n":52,"mpio_nombre":"MAGÜÍ","dpto_nombre":"NARIÑO","area_km2":1810.6043}},{"arcs":[[-2353,2434,2435,2436,-2392]],"type":"Polygon","properties":{"divipola_mun":"52435","divipola_mun_n":52435,"divipola_dep":"52","divipola_dep_n":52,"mpio_nombre":"MALLAMA","dpto_nombre":"NARIÑO","area_km2":569.7576}},{"arcs":[[2437,2438,2439,2440,2441]],"type":"Polygon","properties":{"divipola_mun":"52473","divipola_mun_n":52473,"divipola_dep":"52","divipola_dep_n":52,"mpio_nombre":"MOSQUERA","dpto_nombre":"NARIÑO","area_km2":769.3128}},{"arcs":[[-2287,-2417]],"type":"Polygon","properties":{"divipola_mun":"52480","divipola_mun_n":52480,"divipola_dep":"52","divipola_dep_n":52,"mpio_nombre":"NARIÑO","dpto_nombre":"NARIÑO","area_km2":25.3362}},{"arcs":[[-2423,-2434,2442,-2442,2443]],"type":"Polygon","properties":{"divipola_mun":"52490","divipola_mun_n":52490,"divipola_dep":"52","divipola_dep_n":52,"mpio_nombre":"OLAYA HERRERA","dpto_nombre":"NARIÑO","area_km2":1004.6683}},{"arcs":[[-2404,2444,2445,-2406]],"type":"Polygon","properties":{"divipola_mun":"52506","divipola_mun_n":52506,"divipola_dep":"52","divipola_dep_n":52,"mpio_nombre":"OSPINA","dpto_nombre":"NARIÑO","area_km2":64.9117}},{"arcs":[[-2439,2446,2447,2448,2449]],"type":"Polygon","properties":{"divipola_mun":"52520","divipola_mun_n":52520,"divipola_dep":"52","divipola_dep_n":52,"mpio_nombre":"FRANCISCO PIZARRO","dpto_nombre":"NARIÑO","area_km2":526.1004}},{"arcs":[[-2355,-2376,2450,-2373,-2432]],"type":"Polygon","properties":{"divipola_mun":"52540","divipola_mun_n":52540,"divipola_dep":"52","divipola_dep_n":52,"mpio_nombre":"POLICARPA","dpto_nombre":"NARIÑO","area_km2":434.6653}},{"arcs":[[-2345,-2411]],"type":"Polygon","properties":{"divipola_mun":"52560","divipola_mun_n":52560,"divipola_dep":"52","divipola_dep_n":52,"mpio_nombre":"POTOSÍ","dpto_nombre":"NARIÑO","area_km2":388.6769}},{"arcs":[[-2398,2451,2452,2453]],"type":"Polygon","properties":{"divipola_mun":"52565","divipola_mun_n":52565,"divipola_dep":"52","divipola_dep_n":52,"mpio_nombre":"PROVIDENCIA","dpto_nombre":"NARIÑO","area_km2":40.0268}},{"arcs":[[-2339,-2387,2454,-2343,-2410]],"type":"Polygon","properties":{"divipola_mun":"52573","divipola_mun_n":52573,"divipola_dep":"52","divipola_dep_n":52,"mpio_nombre":"PUERRES","dpto_nombre":"NARIÑO","area_km2":350.4603}},{"arcs":[[-2301,-2394,2455,-2403,-2401,-2409]],"type":"Polygon","properties":{"divipola_mun":"52585","divipola_mun_n":52585,"divipola_dep":"52","divipola_dep_n":52,"mpio_nombre":"PUPIALES","dpto_nombre":"NARIÑO","area_km2":129.8037}},{"arcs":[[-2315,2456,2457,-2435,-2352,2458]],"type":"Polygon","properties":{"divipola_mun":"52612","divipola_mun_n":52612,"divipola_dep":"52","divipola_dep_n":52,"mpio_nombre":"RICAURTE","dpto_nombre":"NARIÑO","area_km2":1057.1952}},{"arcs":[[-2318,2459,-2447,-2438,-2443,-2433]],"type":"Polygon","properties":{"divipola_mun":"52621","divipola_mun_n":52621,"divipola_dep":"52","divipola_dep_n":52,"mpio_nombre":"ROBERTO PAYÁN","dpto_nombre":"NARIÑO","area_km2":1460.0406}},{"arcs":[[-2308,-2399,-2454,2460,-2457,-2314,-2421,-2428]],"type":"Polygon","properties":{"divipola_mun":"52678","divipola_mun_n":52678,"divipola_dep":"52","divipola_dep_n":52,"mpio_nombre":"SAMANIEGO","dpto_nombre":"NARIÑO","area_km2":605.7385}},{"arcs":[[-2305,-2430,-2383,-2418,-2336]],"type":"Polygon","properties":{"divipola_mun":"52683","divipola_mun_n":52683,"divipola_dep":"52","divipola_dep_n":52,"mpio_nombre":"SANDONÁ","dpto_nombre":"NARIÑO","area_km2":101.7133}},{"arcs":[[-2300,2461,-2322,-2415,-2380]],"type":"Polygon","properties":{"divipola_mun":"52685","divipola_mun_n":52685,"divipola_dep":"52","divipola_dep_n":52,"mpio_nombre":"SAN BERNARDO","dpto_nombre":"NARIÑO","area_km2":65.2103}},{"arcs":[[-1333,-2427,2462,-2311,-2326,-2363,2463]],"type":"Polygon","properties":{"divipola_mun":"52687","divipola_mun_n":52687,"divipola_dep":"52","divipola_dep_n":52,"mpio_nombre":"SAN LORENZO","dpto_nombre":"NARIÑO","area_km2":249.355}},{"arcs":[[-1258,-2416,-2331,-2425,-1299]],"type":"Polygon","properties":{"divipola_mun":"52693","divipola_mun_n":52693,"divipola_dep":"52","divipola_dep_n":52,"mpio_nombre":"SAN PABLO","dpto_nombre":"NARIÑO","area_km2":111.9348}},{"arcs":[[-2299,-2312,-2463,-2426,-2462]],"type":"Polygon","properties":{"divipola_mun":"52694","divipola_mun_n":52694,"divipola_dep":"52","divipola_dep_n":52,"mpio_nombre":"SAN PEDRO DE CARTAGO","dpto_nombre":"NARIÑO","area_km2":55.6893}},{"arcs":[[-1305,-2369,2464]],"type":"Polygon","properties":{"divipola_mun":"52696","divipola_mun_n":52696,"divipola_dep":"52","divipola_dep_n":52,"mpio_nombre":"SANTA BÁRBARA","dpto_nombre":"NARIÑO","area_km2":1226.1265}},{"arcs":[[-2436,-2458,-2461,-2453,2465,2466]],"type":"Polygon","properties":{"divipola_mun":"52699","divipola_mun_n":52699,"divipola_dep":"52","divipola_dep_n":52,"mpio_nombre":"SANTACRUZ","dpto_nombre":"NARIÑO","area_km2":541.1798}},{"arcs":[[-2393,-2437,-2467,2467,-2445,-2456]],"type":"Polygon","properties":{"divipola_mun":"52720","divipola_mun_n":52720,"divipola_dep":"52","divipola_dep_n":52,"mpio_nombre":"SAPUYES","dpto_nombre":"NARIÑO","area_km2":115.6804}},{"arcs":[[-1334,-2464,-2362,-2385,-2374,-2451,-2375]],"type":"Polygon","properties":{"divipola_mun":"52786","divipola_mun_n":52786,"divipola_dep":"52","divipola_dep_n":52,"mpio_nombre":"TAMINANGO","dpto_nombre":"NARIÑO","area_km2":234.7996}},{"arcs":[[-2295,-2391,2468,-2333]],"type":"Polygon","properties":{"divipola_mun":"52788","divipola_mun_n":52788,"divipola_dep":"52","divipola_dep_n":52,"mpio_nombre":"TANGUA","dpto_nombre":"NARIÑO","area_km2":218.1733}},{"arcs":[[[-2317,2469,-2448,-2460]],[[-2440,-2450,2470]]],"type":"MultiPolygon","properties":{"divipola_mun":"52835","divipola_mun_n":52835,"divipola_dep":"52","divipola_dep_n":52,"mpio_nombre":"SAN ANDRÉS DE TUMACO","dpto_nombre":"NARIÑO","area_km2":3617.458}},{"arcs":[[-2397,-2407,-2446,-2468,-2466,-2452]],"type":"Polygon","properties":{"divipola_mun":"52838","divipola_mun_n":52838,"divipola_dep":"52","divipola_dep_n":52,"mpio_nombre":"TÚQUERRES","dpto_nombre":"NARIÑO","area_km2":216.5688}},{"arcs":[[-2334,-2469,-2390,-2408,-2395]],"type":"Polygon","properties":{"divipola_mun":"52885","divipola_mun_n":52885,"divipola_dep":"52","divipola_dep_n":52,"mpio_nombre":"YACUANQUER","dpto_nombre":"NARIÑO","area_km2":102.8346}},{"arcs":[[2471,2472,2473,2474,2475,2476,2477,2478,2479,2480]],"type":"Polygon","properties":{"divipola_mun":"54001","divipola_mun_n":54001,"divipola_dep":"54","divipola_dep_n":54,"mpio_nombre":"SAN JOSÉ DE CÚCUTA","dpto_nombre":"NORTE DE SANTANDER","area_km2":1131.2195}},{"arcs":[[-1475,-1477,2481,2482,2483,2484,2485,2486,2487,2488]],"type":"Polygon","properties":{"divipola_mun":"54003","divipola_mun_n":54003,"divipola_dep":"54","divipola_dep_n":54,"mpio_nombre":"ÁBREGO","dpto_nombre":"NORTE DE SANTANDER","area_km2":1379.8987}},{"arcs":[[2489,2490,2491,2492,2493,2494]],"type":"Polygon","properties":{"divipola_mun":"54051","divipola_mun_n":54051,"divipola_dep":"54","divipola_dep_n":54,"mpio_nombre":"ARBOLEDAS","dpto_nombre":"NORTE DE SANTANDER","area_km2":455.2192}},{"arcs":[[-2480,2495,2496,2497,2498,-2490,2499,2500]],"type":"Polygon","properties":{"divipola_mun":"54099","divipola_mun_n":54099,"divipola_dep":"54","divipola_dep_n":54,"mpio_nombre":"BOCHALEMA","dpto_nombre":"NORTE DE SANTANDER","area_km2":169.9088}},{"arcs":[[-2486,2501,2502,2503]],"type":"Polygon","properties":{"divipola_mun":"54109","divipola_mun_n":54109,"divipola_dep":"54","divipola_dep_n":54,"mpio_nombre":"BUCARASICA","dpto_nombre":"NORTE DE SANTANDER","area_km2":270.251}},{"arcs":[[2504,2505,2506,2507]],"type":"Polygon","properties":{"divipola_mun":"54125","divipola_mun_n":54125,"divipola_dep":"54","divipola_dep_n":54,"mpio_nombre":"CÁCOTA","dpto_nombre":"NORTE DE SANTANDER","area_km2":138.6201}},{"arcs":[[-2488,2508,2509,-2493,2510,2511,2512,2513]],"type":"Polygon","properties":{"divipola_mun":"54128","divipola_mun_n":54128,"divipola_dep":"54","divipola_dep_n":54,"mpio_nombre":"CÁCHIRA","dpto_nombre":"NORTE DE SANTANDER","area_km2":614.6717}},{"arcs":[[-2497,2514,2515,2516,2517,2518]],"type":"Polygon","properties":{"divipola_mun":"54172","divipola_mun_n":54172,"divipola_dep":"54","divipola_dep_n":54,"mpio_nombre":"CHINÁCOTA","dpto_nombre":"NORTE DE SANTANDER","area_km2":165.885}},{"arcs":[[-812,2519,2520,2521,-2505,2522,2523,2524]],"type":"Polygon","properties":{"divipola_mun":"54174","divipola_mun_n":54174,"divipola_dep":"54","divipola_dep_n":54,"mpio_nombre":"CHITAGÁ","dpto_nombre":"NORTE DE SANTANDER","area_km2":1182.5054}},{"arcs":[[-1452,2525,2526,2527,2528]],"type":"Polygon","properties":{"divipola_mun":"54206","divipola_mun_n":54206,"divipola_dep":"54","divipola_dep_n":54,"mpio_nombre":"CONVENCIÓN","dpto_nombre":"NORTE DE SANTANDER","area_km2":930.09}},{"arcs":[[-2491,-2499,2529,2530,2531,2532,2533]],"type":"Polygon","properties":{"divipola_mun":"54223","divipola_mun_n":54223,"divipola_dep":"54","divipola_dep_n":54,"mpio_nombre":"CUCUTILLA","dpto_nombre":"NORTE DE SANTANDER","area_km2":374.1306}},{"arcs":[[-2495,2534,2535,2536,-2500]],"type":"Polygon","properties":{"divipola_mun":"54239","divipola_mun_n":54239,"divipola_dep":"54","divipola_dep_n":54,"mpio_nombre":"DURANIA","dpto_nombre":"NORTE DE SANTANDER","area_km2":174.6223}},{"arcs":[[-1403,-1455,-1464,-1460,-1426,-1437,2537,-2526,-1451,2538]],"type":"Polygon","properties":{"divipola_mun":"54245","divipola_mun_n":54245,"divipola_dep":"54","divipola_dep_n":54,"mpio_nombre":"EL CARMEN","dpto_nombre":"NORTE DE SANTANDER","area_km2":1724.7595}},{"arcs":[[2539,2540,2541]],"type":"Polygon","properties":{"divipola_mun":"54250","divipola_mun_n":54250,"divipola_dep":"54","divipola_dep_n":54,"mpio_nombre":"EL TARRA","dpto_nombre":"NORTE DE SANTANDER","area_km2":702.7441}},{"arcs":[[-2472,2542,2543,2544,2545]],"type":"Polygon","properties":{"divipola_mun":"54261","divipola_mun_n":54261,"divipola_dep":"54","divipola_dep_n":54,"mpio_nombre":"EL ZULIA","dpto_nombre":"NORTE DE SANTANDER","area_km2":504.2217}},{"arcs":[[-2545,2546,2547,2548,2549,2550]],"type":"Polygon","properties":{"divipola_mun":"54313","divipola_mun_n":54313,"divipola_dep":"54","divipola_dep_n":54,"mpio_nombre":"GRAMALOTE","dpto_nombre":"NORTE DE SANTANDER","area_km2":148.715}},{"arcs":[[-2484,2551,2552,2553]],"type":"Polygon","properties":{"divipola_mun":"54344","divipola_mun_n":54344,"divipola_dep":"54","divipola_dep_n":54,"mpio_nombre":"HACARÍ","dpto_nombre":"NORTE DE SANTANDER","area_km2":418.2102}},{"arcs":[[-2517,2554,2555,2556]],"type":"Polygon","properties":{"divipola_mun":"54347","divipola_mun_n":54347,"divipola_dep":"54","divipola_dep_n":54,"mpio_nombre":"HERRÁN","dpto_nombre":"NORTE DE SANTANDER","area_km2":106.7144}},{"arcs":[[-2524,2557,2558,2559]],"type":"Polygon","properties":{"divipola_mun":"54377","divipola_mun_n":54377,"divipola_dep":"54","divipola_dep_n":54,"mpio_nombre":"LABATECA","dpto_nombre":"NORTE DE SANTANDER","area_km2":255.4614}},{"arcs":[[-1473,-2489,-2514,2560]],"type":"Polygon","properties":{"divipola_mun":"54385","divipola_mun_n":54385,"divipola_dep":"54","divipola_dep_n":54,"mpio_nombre":"LA ESPERANZA","dpto_nombre":"NORTE DE SANTANDER","area_km2":668.7509}},{"arcs":[[-2483,2561,2562,-2552]],"type":"Polygon","properties":{"divipola_mun":"54398","divipola_mun_n":54398,"divipola_dep":"54","divipola_dep_n":54,"mpio_nombre":"LA PLAYA","dpto_nombre":"NORTE DE SANTANDER","area_km2":241.7724}},{"arcs":[[-2479,2563,2564,-2515,-2496]],"type":"Polygon","properties":{"divipola_mun":"54405","divipola_mun_n":54405,"divipola_dep":"54","divipola_dep_n":54,"mpio_nombre":"LOS PATIOS","dpto_nombre":"NORTE DE SANTANDER","area_km2":126.0892}},{"arcs":[[-2503,2565,-2550,2566]],"type":"Polygon","properties":{"divipola_mun":"54418","divipola_mun_n":54418,"divipola_dep":"54","divipola_dep_n":54,"mpio_nombre":"LOURDES","dpto_nombre":"NORTE DE SANTANDER","area_km2":86.4101}},{"arcs":[[-2507,2567,2568,-2532,2569]],"type":"Polygon","properties":{"divipola_mun":"54480","divipola_mun_n":54480,"divipola_dep":"54","divipola_dep_n":54,"mpio_nombre":"MUTISCUA","dpto_nombre":"NORTE DE SANTANDER","area_km2":158.4904}},{"arcs":[[[-1404,-2539,-1450,-1467]],[[-1448,-2529,2570,2571,-2562,-2482,-1476,-1468]]],"type":"MultiPolygon","properties":{"divipola_mun":"54498","divipola_mun_n":54498,"divipola_dep":"54","divipola_dep_n":54,"mpio_nombre":"OCAÑA","dpto_nombre":"NORTE DE SANTANDER","area_km2":552.8299}},{"arcs":[[-2508,-2570,-2531,2572,-2558,-2523]],"type":"Polygon","properties":{"divipola_mun":"54518","divipola_mun_n":54518,"divipola_dep":"54","divipola_dep_n":54,"mpio_nombre":"PAMPLONA","dpto_nombre":"NORTE DE SANTANDER","area_km2":297.65}},{"arcs":[[-2498,-2519,2573,-2559,-2573,-2530]],"type":"Polygon","properties":{"divipola_mun":"54520","divipola_mun_n":54520,"divipola_dep":"54","divipola_dep_n":54,"mpio_nombre":"PAMPLONITA","dpto_nombre":"NORTE DE SANTANDER","area_km2":170.5588}},{"arcs":[[-2476,2574]],"type":"Polygon","properties":{"divipola_mun":"54553","divipola_mun_n":54553,"divipola_dep":"54","divipola_dep_n":54,"mpio_nombre":"PUERTO SANTANDER","dpto_nombre":"NORTE DE SANTANDER","area_km2":44.846}},{"arcs":[[-2516,-2565,2575,2576,-2555]],"type":"Polygon","properties":{"divipola_mun":"54599","divipola_mun_n":54599,"divipola_dep":"54","divipola_dep_n":54,"mpio_nombre":"RAGONVALIA","dpto_nombre":"NORTE DE SANTANDER","area_km2":97.5042}},{"arcs":[[-2494,-2510,2577,-2548,2578,-2535]],"type":"Polygon","properties":{"divipola_mun":"54660","divipola_mun_n":54660,"divipola_dep":"54","divipola_dep_n":54,"mpio_nombre":"SALAZAR","dpto_nombre":"NORTE DE SANTANDER","area_km2":492.9055}},{"arcs":[[-2540,2579,2580,-2553,-2563,-2572,2581]],"type":"Polygon","properties":{"divipola_mun":"54670","divipola_mun_n":54670,"divipola_dep":"54","divipola_dep_n":54,"mpio_nombre":"SAN CALIXTO","dpto_nombre":"NORTE DE SANTANDER","area_km2":397.2876}},{"arcs":[[-2481,-2501,-2537,2582,-2543]],"type":"Polygon","properties":{"divipola_mun":"54673","divipola_mun_n":54673,"divipola_dep":"54","divipola_dep_n":54,"mpio_nombre":"SAN CAYETANO","dpto_nombre":"NORTE DE SANTANDER","area_km2":138.7447}},{"arcs":[[-2536,-2579,-2547,-2544,-2583]],"type":"Polygon","properties":{"divipola_mun":"54680","divipola_mun_n":54680,"divipola_dep":"54","divipola_dep_n":54,"mpio_nombre":"SANTIAGO","dpto_nombre":"NORTE DE SANTANDER","area_km2":172.1706}},{"arcs":[[-2473,-2546,-2551,-2566,-2502,-2485,-2554,-2581,2583]],"type":"Polygon","properties":{"divipola_mun":"54720","divipola_mun_n":54720,"divipola_dep":"54","divipola_dep_n":54,"mpio_nombre":"SARDINATA","dpto_nombre":"NORTE DE SANTANDER","area_km2":1464.665}},{"arcs":[[-2506,-2522,2584,2585,2586,2587,-2568]],"type":"Polygon","properties":{"divipola_mun":"54743","divipola_mun_n":54743,"divipola_dep":"54","divipola_dep_n":54,"mpio_nombre":"SILOS","dpto_nombre":"NORTE DE SANTANDER","area_km2":391.5079}},{"arcs":[[-2528,2588,2589,-2541,-2582,-2571]],"type":"Polygon","properties":{"divipola_mun":"54800","divipola_mun_n":54800,"divipola_dep":"54","divipola_dep_n":54,"mpio_nombre":"TEORAMA","dpto_nombre":"NORTE DE SANTANDER","area_km2":925.3434}},{"arcs":[[-2474,-2584,-2580,-2542,-2590,2590]],"type":"Polygon","properties":{"divipola_mun":"54810","divipola_mun_n":54810,"divipola_dep":"54","divipola_dep_n":54,"mpio_nombre":"TIBÚ","dpto_nombre":"NORTE DE SANTANDER","area_km2":2674.5089}},{"arcs":[[-813,-2525,-2560,-2574,-2518,-2557,2591]],"type":"Polygon","properties":{"divipola_mun":"54820","divipola_mun_n":54820,"divipola_dep":"54","divipola_dep_n":54,"mpio_nombre":"TOLEDO","dpto_nombre":"NORTE DE SANTANDER","area_km2":1498.1188}},{"arcs":[[-2487,-2504,-2567,-2549,-2578,-2509]],"type":"Polygon","properties":{"divipola_mun":"54871","divipola_mun_n":54871,"divipola_dep":"54","divipola_dep_n":54,"mpio_nombre":"VILLA CARO","dpto_nombre":"NORTE DE SANTANDER","area_km2":400.274}},{"arcs":[[-2478,2592,-2576,-2564]],"type":"Polygon","properties":{"divipola_mun":"54874","divipola_mun_n":54874,"divipola_dep":"54","divipola_dep_n":54,"mpio_nombre":"VILLA DEL ROSARIO","dpto_nombre":"NORTE DE SANTANDER","area_km2":91.5597}},{"arcs":[[2593,2594,2595,2596,2597,2598]],"type":"Polygon","properties":{"divipola_mun":"63001","divipola_mun_n":63001,"divipola_dep":"63","divipola_dep_n":63,"mpio_nombre":"ARMENIA","dpto_nombre":"QUINDÍO","area_km2":121.2489}},{"arcs":[[2599,2600,2601]],"type":"Polygon","properties":{"divipola_mun":"63111","divipola_mun_n":63111,"divipola_dep":"63","divipola_dep_n":63,"mpio_nombre":"BUENAVISTA","dpto_nombre":"QUINDÍO","area_km2":38.2647}},{"arcs":[[-2598,2602,2603,2604,-2602,2605,2606,2607]],"type":"Polygon","properties":{"divipola_mun":"63130","divipola_mun_n":63130,"divipola_dep":"63","divipola_dep_n":63,"mpio_nombre":"CALARCÁ","dpto_nombre":"QUINDÍO","area_km2":220.0447}},{"arcs":[[-2596,2608,2609,2610,2611]],"type":"Polygon","properties":{"divipola_mun":"63190","divipola_mun_n":63190,"divipola_dep":"63","divipola_dep_n":63,"mpio_nombre":"CIRCASIA","dpto_nombre":"QUINDÍO","area_km2":90.6895}},{"arcs":[[-2600,-2605,2612,2613]],"type":"Polygon","properties":{"divipola_mun":"63212","divipola_mun_n":63212,"divipola_dep":"63","divipola_dep_n":63,"mpio_nombre":"CÓRDOBA","dpto_nombre":"QUINDÍO","area_km2":93.8003}},{"arcs":[[-2611,2614,2615,2616,2617,2618]],"type":"Polygon","properties":{"divipola_mun":"63272","divipola_mun_n":63272,"divipola_dep":"63","divipola_dep_n":63,"mpio_nombre":"FILANDIA","dpto_nombre":"QUINDÍO","area_km2":106.5586}},{"arcs":[[2619,2620,2621,2622]],"type":"Polygon","properties":{"divipola_mun":"63302","divipola_mun_n":63302,"divipola_dep":"63","divipola_dep_n":63,"mpio_nombre":"GÉNOVA","dpto_nombre":"QUINDÍO","area_km2":295.695}},{"arcs":[[-2594,-2599,-2608,2623,2624,2625,2626,2627]],"type":"Polygon","properties":{"divipola_mun":"63401","divipola_mun_n":63401,"divipola_dep":"63","divipola_dep_n":63,"mpio_nombre":"LA TEBAIDA","dpto_nombre":"QUINDÍO","area_km2":89.3853}},{"arcs":[[-2595,-2628,2628,2629,2630,-2609]],"type":"Polygon","properties":{"divipola_mun":"63470","divipola_mun_n":63470,"divipola_dep":"63","divipola_dep_n":63,"mpio_nombre":"MONTENEGRO","dpto_nombre":"QUINDÍO","area_km2":149.2602}},{"arcs":[[-2601,-2614,2631,2632,-2623,2633,-2606]],"type":"Polygon","properties":{"divipola_mun":"63548","divipola_mun_n":63548,"divipola_dep":"63","divipola_dep_n":63,"mpio_nombre":"PIJAO","dpto_nombre":"QUINDÍO","area_km2":247.93}},{"arcs":[[-2610,-2631,2634,2635,2636,-2615]],"type":"Polygon","properties":{"divipola_mun":"63594","divipola_mun_n":63594,"divipola_dep":"63","divipola_dep_n":63,"mpio_nombre":"QUIMBAYA","dpto_nombre":"QUINDÍO","area_km2":133.283}},{"arcs":[[-2597,-2612,-2619,2637,2638,2639,2640,2641,-2603]],"type":"Polygon","properties":{"divipola_mun":"63690","divipola_mun_n":63690,"divipola_dep":"63","divipola_dep_n":63,"mpio_nombre":"SALENTO","dpto_nombre":"QUINDÍO","area_km2":346.9989}},{"arcs":[[-2618,2642,2643,2644,2645,2646,2647,2648,2649,2650,-2638]],"type":"Polygon","properties":{"divipola_mun":"66001","divipola_mun_n":66001,"divipola_dep":"66","divipola_dep_n":66,"mpio_nombre":"PEREIRA","dpto_nombre":"RISARALDA","area_km2":607.9029}},{"arcs":[[-1168,2651,2652,2653]],"type":"Polygon","properties":{"divipola_mun":"66045","divipola_mun_n":66045,"divipola_dep":"66","divipola_dep_n":66,"mpio_nombre":"APÍA","dpto_nombre":"RISARALDA","area_km2":149.9785}},{"arcs":[[-2646,2654,2655,2656,2657,2658]],"type":"Polygon","properties":{"divipola_mun":"66075","divipola_mun_n":66075,"divipola_dep":"66","divipola_dep_n":66,"mpio_nombre":"BALBOA","dpto_nombre":"RISARALDA","area_km2":119.4833}},{"arcs":[[-1095,-1169,-2654,2659,2660,2661]],"type":"Polygon","properties":{"divipola_mun":"66088","divipola_mun_n":66088,"divipola_dep":"66","divipola_dep_n":66,"mpio_nombre":"BELÉN DE UMBRÍA","dpto_nombre":"RISARALDA","area_km2":180.5872}},{"arcs":[[-2649,2662,2663]],"type":"Polygon","properties":{"divipola_mun":"66170","divipola_mun_n":66170,"divipola_dep":"66","divipola_dep_n":66,"mpio_nombre":"DOSQUEBRADAS","dpto_nombre":"RISARALDA","area_km2":70.1151}},{"arcs":[[-1096,-2662,2664,-1154,2665]],"type":"Polygon","properties":{"divipola_mun":"66318","divipola_mun_n":66318,"divipola_dep":"66","divipola_dep_n":66,"mpio_nombre":"GUÁTICA","dpto_nombre":"RISARALDA","area_km2":100.809}},{"arcs":[[-2657,2666,2667]],"type":"Polygon","properties":{"divipola_mun":"66383","divipola_mun_n":66383,"divipola_dep":"66","divipola_dep_n":66,"mpio_nombre":"LA CELIA","dpto_nombre":"RISARALDA","area_km2":92.4755}},{"arcs":[[-1106,2668,-2647,-2659,2669]],"type":"Polygon","properties":{"divipola_mun":"66400","divipola_mun_n":66400,"divipola_dep":"66","divipola_dep_n":66,"mpio_nombre":"LA VIRGINIA","dpto_nombre":"RISARALDA","area_km2":32.9389}},{"arcs":[[-1105,-1112,2670,-2663,-2648,-2669]],"type":"Polygon","properties":{"divipola_mun":"66440","divipola_mun_n":66440,"divipola_dep":"66","divipola_dep_n":66,"mpio_nombre":"MARSELLA","dpto_nombre":"RISARALDA","area_km2":149.2971}},{"arcs":[[-45,-275,-1155,-2665,-2661,2671,-1927]],"type":"Polygon","properties":{"divipola_mun":"66456","divipola_mun_n":66456,"divipola_dep":"66","divipola_dep_n":66,"mpio_nombre":"MISTRATÓ","dpto_nombre":"RISARALDA","area_km2":564.7362}},{"arcs":[[-1928,-2672,-2660,-2653,-1989,-1999]],"type":"Polygon","properties":{"divipola_mun":"66572","divipola_mun_n":66572,"divipola_dep":"66","divipola_dep_n":66,"mpio_nombre":"PUEBLO RICO","dpto_nombre":"RISARALDA","area_km2":613.8055}},{"arcs":[[-1097,-2666,-1153,-1116,-1145]],"type":"Polygon","properties":{"divipola_mun":"66594","divipola_mun_n":66594,"divipola_dep":"66","divipola_dep_n":66,"mpio_nombre":"QUINCHÍA","dpto_nombre":"RISARALDA","area_km2":140.1184}},{"arcs":[[-1111,-1166,-2650,-2664,-2671]],"type":"Polygon","properties":{"divipola_mun":"66682","divipola_mun_n":66682,"divipola_dep":"66","divipola_dep_n":66,"mpio_nombre":"SANTA ROSA DE CABAL","dpto_nombre":"RISARALDA","area_km2":543.3432}},{"arcs":[[-1107,-2670,-2658,-2668,-1990,-2652,-1167]],"type":"Polygon","properties":{"divipola_mun":"66687","divipola_mun_n":66687,"divipola_dep":"66","divipola_dep_n":66,"mpio_nombre":"SANTUARIO","dpto_nombre":"RISARALDA","area_km2":190.8427}},{"arcs":[[2672,2673,2674,2675,2676,2677]],"type":"Polygon","properties":{"divipola_mun":"68001","divipola_mun_n":68001,"divipola_dep":"68","divipola_dep_n":68,"mpio_nombre":"BUCARAMANGA","dpto_nombre":"SANTANDER","area_km2":153.4994}},{"arcs":[[2678,2679,2680,2681]],"type":"Polygon","properties":{"divipola_mun":"68013","divipola_mun_n":68013,"divipola_dep":"68","divipola_dep_n":68,"mpio_nombre":"AGUADA","dpto_nombre":"SANTANDER","area_km2":75.1105}},{"arcs":[[-733,-1073,2682,2683,2684,-1008]],"type":"Polygon","properties":{"divipola_mun":"68020","divipola_mun_n":68020,"divipola_dep":"68","divipola_dep_n":68,"mpio_nombre":"ALBANIA","dpto_nombre":"SANTANDER","area_km2":165.9826}},{"arcs":[[2685,2686,2687,2688,2689]],"type":"Polygon","properties":{"divipola_mun":"68051","divipola_mun_n":68051,"divipola_dep":"68","divipola_dep_n":68,"mpio_nombre":"ARATOCA","dpto_nombre":"SANTANDER","area_km2":169.4618}},{"arcs":[[-925,2690,2691,2692,-1020]],"type":"Polygon","properties":{"divipola_mun":"68077","divipola_mun_n":68077,"divipola_dep":"68","divipola_dep_n":68,"mpio_nombre":"BARBOSA","dpto_nombre":"SANTANDER","area_km2":46.6432}},{"arcs":[[2693,2694,2695,2696,2697]],"type":"Polygon","properties":{"divipola_mun":"68079","divipola_mun_n":68079,"divipola_dep":"68","divipola_dep_n":68,"mpio_nombre":"BARICHARA","dpto_nombre":"SANTANDER","area_km2":137.0273}},{"arcs":[[-411,2698,2699,2700,2701,2702,2703]],"type":"Polygon","properties":{"divipola_mun":"68081","divipola_mun_n":68081,"divipola_dep":"68","divipola_dep_n":68,"mpio_nombre":"BARRANCABERMEJA","dpto_nombre":"SANTANDER","area_km2":1324.9291}},{"arcs":[[2704,2705,2706]],"type":"Polygon","properties":{"divipola_mun":"68092","divipola_mun_n":68092,"divipola_dep":"68","divipola_dep_n":68,"mpio_nombre":"BETULIA","dpto_nombre":"SANTANDER","area_km2":430.5166}},{"arcs":[[-326,2707,2708,2709,2710,2711,2712,2713,2714,-946,-987]],"type":"Polygon","properties":{"divipola_mun":"68101","divipola_mun_n":68101,"divipola_dep":"68","divipola_dep_n":68,"mpio_nombre":"BOLÍVAR","dpto_nombre":"SANTANDER","area_km2":1008.8889}},{"arcs":[[-2695,2715,2716,2717,2718,2719]],"type":"Polygon","properties":{"divipola_mun":"68121","divipola_mun_n":68121,"divipola_dep":"68","divipola_dep_n":68,"mpio_nombre":"CABRERA","dpto_nombre":"SANTANDER","area_km2":65.4571}},{"arcs":[[2720,2721]],"type":"Polygon","properties":{"divipola_mun":"68132","divipola_mun_n":68132,"divipola_dep":"68","divipola_dep_n":68,"mpio_nombre":"CALIFORNIA","dpto_nombre":"SANTANDER","area_km2":44.9236}},{"arcs":[[-722,-1068,-806,2722,2723,2724,2725]],"type":"Polygon","properties":{"divipola_mun":"68147","divipola_mun_n":68147,"divipola_dep":"68","divipola_dep_n":68,"mpio_nombre":"CAPITANEJO","dpto_nombre":"SANTANDER","area_km2":85.0997}},{"arcs":[[-767,2726,2727,2728,2729]],"type":"Polygon","properties":{"divipola_mun":"68152","divipola_mun_n":68152,"divipola_dep":"68","divipola_dep_n":68,"mpio_nombre":"CARCASÍ","dpto_nombre":"SANTANDER","area_km2":258.3687}},{"arcs":[[-2690,2730,2731,2732,2733,2734]],"type":"Polygon","properties":{"divipola_mun":"68160","divipola_mun_n":68160,"divipola_dep":"68","divipola_dep_n":68,"mpio_nombre":"CEPITÁ","dpto_nombre":"SANTANDER","area_km2":107.7516}},{"arcs":[[-2521,2735,2736,2737]],"type":"Polygon","properties":{"divipola_mun":"68162","divipola_mun_n":68162,"divipola_dep":"68","divipola_dep_n":68,"mpio_nombre":"CERRITO","dpto_nombre":"SANTANDER","area_km2":420.0646}},{"arcs":[[-834,2738,2739,2740,2741,2742,2743,2744,2745,2746]],"type":"Polygon","properties":{"divipola_mun":"68167","divipola_mun_n":68167,"divipola_dep":"68","divipola_dep_n":68,"mpio_nombre":"CHARALÁ","dpto_nombre":"SANTANDER","area_km2":418.4425}},{"arcs":[[-2673,2747,2748,2749,2750]],"type":"Polygon","properties":{"divipola_mun":"68169","divipola_mun_n":68169,"divipola_dep":"68","divipola_dep_n":68,"mpio_nombre":"CHARTA","dpto_nombre":"SANTANDER","area_km2":126.4583}},{"arcs":[[2751,2752,2753,2754,2755,2756]],"type":"Polygon","properties":{"divipola_mun":"68176","divipola_mun_n":68176,"divipola_dep":"68","divipola_dep_n":68,"mpio_nombre":"CHIMA","dpto_nombre":"SANTANDER","area_km2":172.928}},{"arcs":[[2757,2758,2759,2760]],"type":"Polygon","properties":{"divipola_mun":"68179","divipola_mun_n":68179,"divipola_dep":"68","divipola_dep_n":68,"mpio_nombre":"CHIPATÁ","dpto_nombre":"SANTANDER","area_km2":94.7908}},{"arcs":[[-325,-413,2761,2762,-2708]],"type":"Polygon","properties":{"divipola_mun":"68190","divipola_mun_n":68190,"divipola_dep":"68","divipola_dep_n":68,"mpio_nombre":"CIMITARRA","dpto_nombre":"SANTANDER","area_km2":3170.5184}},{"arcs":[[-768,-2730,2763,2764,2765,-2736,-2520,-811]],"type":"Polygon","properties":{"divipola_mun":"68207","divipola_mun_n":68207,"divipola_dep":"68","divipola_dep_n":68,"mpio_nombre":"CONCEPCIÓN","dpto_nombre":"SANTANDER","area_km2":336.3762}},{"arcs":[[-2742,2766,2767,2768,2769,2770]],"type":"Polygon","properties":{"divipola_mun":"68209","divipola_mun_n":68209,"divipola_dep":"68","divipola_dep_n":68,"mpio_nombre":"CONFINES","dpto_nombre":"SANTANDER","area_km2":71.2936}},{"arcs":[[-2755,2771,2772,2773]],"type":"Polygon","properties":{"divipola_mun":"68211","divipola_mun_n":68211,"divipola_dep":"68","divipola_dep_n":68,"mpio_nombre":"CONTRATACIÓN","dpto_nombre":"SANTANDER","area_km2":136.9494}},{"arcs":[[-1077,2774,-2746,2775,2776,2777]],"type":"Polygon","properties":{"divipola_mun":"68217","divipola_mun_n":68217,"divipola_dep":"68","divipola_dep_n":68,"mpio_nombre":"COROMORO","dpto_nombre":"SANTANDER","area_km2":576.3756}},{"arcs":[[-2686,-2735,2778,2779,2780,2781,2782]],"type":"Polygon","properties":{"divipola_mun":"68229","divipola_mun_n":68229,"divipola_dep":"68","divipola_dep_n":68,"mpio_nombre":"CURITÍ","dpto_nombre":"SANTANDER","area_km2":243.7646}},{"arcs":[[2783,2784,2785,2786]],"type":"Polygon","properties":{"divipola_mun":"68235","divipola_mun_n":68235,"divipola_dep":"68","divipola_dep_n":68,"mpio_nombre":"EL CARMEN DE CHUCURÍ","dpto_nombre":"SANTANDER","area_km2":922.5704}},{"arcs":[[-2682,2787,2788,-2773,2789]],"type":"Polygon","properties":{"divipola_mun":"68245","divipola_mun_n":68245,"divipola_dep":"68","divipola_dep_n":68,"mpio_nombre":"EL GUACAMAYO","dpto_nombre":"SANTANDER","area_km2":92.8188}},{"arcs":[[-2713,2790]],"type":"Polygon","properties":{"divipola_mun":"68250","divipola_mun_n":68250,"divipola_dep":"68","divipola_dep_n":68,"mpio_nombre":"EL PEÑÓN","dpto_nombre":"SANTANDER","area_km2":397.6818}},{"arcs":[[-2512,2791,2792,2793]],"type":"Polygon","properties":{"divipola_mun":"68255","divipola_mun_n":68255,"divipola_dep":"68","divipola_dep_n":68,"mpio_nombre":"EL PLAYÓN","dpto_nombre":"SANTANDER","area_km2":454.1489}},{"arcs":[[-704,-752,-1037,-835,-2747,-2775]],"type":"Polygon","properties":{"divipola_mun":"68264","divipola_mun_n":68264,"divipola_dep":"68","divipola_dep_n":68,"mpio_nombre":"ENCINO","dpto_nombre":"SANTANDER","area_km2":399.6677}},{"arcs":[[-2724,2794,2795,-2764,-2729,2796]],"type":"Polygon","properties":{"divipola_mun":"68266","divipola_mun_n":68266,"divipola_dep":"68","divipola_dep_n":68,"mpio_nombre":"ENCISO","dpto_nombre":"SANTANDER","area_km2":74.6546}},{"arcs":[[-948,2797,2798,-2683,-1072,-968]],"type":"Polygon","properties":{"divipola_mun":"68271","divipola_mun_n":68271,"divipola_dep":"68","divipola_dep_n":68,"mpio_nombre":"FLORIÁN","dpto_nombre":"SANTANDER","area_km2":176.3653}},{"arcs":[[-2675,2799,2800,2801]],"type":"Polygon","properties":{"divipola_mun":"68276","divipola_mun_n":68276,"divipola_dep":"68","divipola_dep_n":68,"mpio_nombre":"FLORIDABLANCA","dpto_nombre":"SANTANDER","area_km2":99.9866}},{"arcs":[[-2696,-2720,2802,2803,-2784,2804,2805]],"type":"Polygon","properties":{"divipola_mun":"68296","divipola_mun_n":68296,"divipola_dep":"68","divipola_dep_n":68,"mpio_nombre":"GALÁN","dpto_nombre":"SANTANDER","area_km2":201.3808}},{"arcs":[[-694,-928,-1070,-777,2806,-2739,-962,-1060,-792]],"type":"Polygon","properties":{"divipola_mun":"68298","divipola_mun_n":68298,"divipola_dep":"68","divipola_dep_n":68,"mpio_nombre":"GÁMBITA","dpto_nombre":"SANTANDER","area_km2":607.1732}},{"arcs":[[-2676,-2802,2807,2808,2809,-2707,-2701,2810,2811,2812]],"type":"Polygon","properties":{"divipola_mun":"68307","divipola_mun_n":68307,"divipola_dep":"68","divipola_dep_n":68,"mpio_nombre":"GIRÓN","dpto_nombre":"SANTANDER","area_km2":491.2646}},{"arcs":[[-2585,-2738,2813,-2732,2814,2815]],"type":"Polygon","properties":{"divipola_mun":"68318","divipola_mun_n":68318,"divipola_dep":"68","divipola_dep_n":68,"mpio_nombre":"GUACA","dpto_nombre":"SANTANDER","area_km2":268.9836}},{"arcs":[[-2679,-2790,-2772,-2754,2816,2817,2818,2819]],"type":"Polygon","properties":{"divipola_mun":"68320","divipola_mun_n":68320,"divipola_dep":"68","divipola_dep_n":68,"mpio_nombre":"GUADALUPE","dpto_nombre":"SANTANDER","area_km2":146.0844}},{"arcs":[[-2753,2820,-2768,2821,-2817]],"type":"Polygon","properties":{"divipola_mun":"68322","divipola_mun_n":68322,"divipola_dep":"68","divipola_dep_n":68,"mpio_nombre":"GUAPOTÁ","dpto_nombre":"SANTANDER","area_km2":67.1836}},{"arcs":[[-2711,2822,2823,2824,2825]],"type":"Polygon","properties":{"divipola_mun":"68324","divipola_mun_n":68324,"divipola_dep":"68","divipola_dep_n":68,"mpio_nombre":"GUAVATÁ","dpto_nombre":"SANTANDER","area_km2":83.6714}},{"arcs":[[-1021,-2693,2826,-2759,2827]],"type":"Polygon","properties":{"divipola_mun":"68327","divipola_mun_n":68327,"divipola_dep":"68","divipola_dep_n":68,"mpio_nombre":"GÜEPSA","dpto_nombre":"SANTANDER","area_km2":30.1093}},{"arcs":[[-2785,-2804,2828,2829]],"type":"Polygon","properties":{"divipola_mun":"68344","divipola_mun_n":68344,"divipola_dep":"68","divipola_dep_n":68,"mpio_nombre":"HATO","dpto_nombre":"SANTANDER","area_km2":168.7278}},{"arcs":[[-2684,-2799,2830,2831,-2825,2832]],"type":"Polygon","properties":{"divipola_mun":"68368","divipola_mun_n":68368,"divipola_dep":"68","divipola_dep_n":68,"mpio_nombre":"JESÚS MARÍA","dpto_nombre":"SANTANDER","area_km2":89.4664}},{"arcs":[[-2687,-2783,2833,2834]],"type":"Polygon","properties":{"divipola_mun":"68370","divipola_mun_n":68370,"divipola_dep":"68","divipola_dep_n":68,"mpio_nombre":"JORDÁN","dpto_nombre":"SANTANDER","area_km2":39.824}},{"arcs":[[-947,-2715,2835,-2831,-2798]],"type":"Polygon","properties":{"divipola_mun":"68377","divipola_mun_n":68377,"divipola_dep":"68","divipola_dep_n":68,"mpio_nombre":"LA BELLEZA","dpto_nombre":"SANTANDER","area_km2":334.7775}},{"arcs":[[-2709,-2763,2836,2837]],"type":"Polygon","properties":{"divipola_mun":"68385","divipola_mun_n":68385,"divipola_dep":"68","divipola_dep_n":68,"mpio_nombre":"LANDÁZURI","dpto_nombre":"SANTANDER","area_km2":589.3412}},{"arcs":[[-2681,2838,-2761,2839,2840,-2788]],"type":"Polygon","properties":{"divipola_mun":"68397","divipola_mun_n":68397,"divipola_dep":"68","divipola_dep_n":68,"mpio_nombre":"LA PAZ","dpto_nombre":"SANTANDER","area_km2":283.9091}},{"arcs":[[-2812,2841,2842]],"type":"Polygon","properties":{"divipola_mun":"68406","divipola_mun_n":68406,"divipola_dep":"68","divipola_dep_n":68,"mpio_nombre":"LEBRIJA","dpto_nombre":"SANTANDER","area_km2":549.4896}},{"arcs":[[-2688,-2835,2843,2844,-2809,2845]],"type":"Polygon","properties":{"divipola_mun":"68418","divipola_mun_n":68418,"divipola_dep":"68","divipola_dep_n":68,"mpio_nombre":"LOS SANTOS","dpto_nombre":"SANTANDER","area_km2":289.5764}},{"arcs":[[-716,-2726,2846,-2727,-766,-845,-869,-1027]],"type":"Polygon","properties":{"divipola_mun":"68425","divipola_mun_n":68425,"divipola_dep":"68","divipola_dep_n":68,"mpio_nombre":"MACARAVITA","dpto_nombre":"SANTANDER","area_km2":102.689}},{"arcs":[[-2765,-2796,2847,2848,2849]],"type":"Polygon","properties":{"divipola_mun":"68432","divipola_mun_n":68432,"divipola_dep":"68","divipola_dep_n":68,"mpio_nombre":"MÁLAGA","dpto_nombre":"SANTANDER","area_km2":57.0465}},{"arcs":[[-2678,2850,-2793,2851,-2748]],"type":"Polygon","properties":{"divipola_mun":"68444","divipola_mun_n":68444,"divipola_dep":"68","divipola_dep_n":68,"mpio_nombre":"MATANZA","dpto_nombre":"SANTANDER","area_km2":235.2974}},{"arcs":[[-2745,2852,2853,2854,-2780,2855,2856,-2776]],"type":"Polygon","properties":{"divipola_mun":"68464","divipola_mun_n":68464,"divipola_dep":"68","divipola_dep_n":68,"mpio_nombre":"MOGOTES","dpto_nombre":"SANTANDER","area_km2":483.0132}},{"arcs":[[-809,2857,2858,-2856,-2779,-2734,2859,-2849,2860]],"type":"Polygon","properties":{"divipola_mun":"68468","divipola_mun_n":68468,"divipola_dep":"68","divipola_dep_n":68,"mpio_nombre":"MOLAGAVITA","dpto_nombre":"SANTANDER","area_km2":180.0985}},{"arcs":[[-2744,2861,2862,-2853]],"type":"Polygon","properties":{"divipola_mun":"68498","divipola_mun_n":68498,"divipola_dep":"68","divipola_dep_n":68,"mpio_nombre":"OCAMONTE","dpto_nombre":"SANTANDER","area_km2":75.0806}},{"arcs":[[-2741,2863,-2818,-2822,-2767]],"type":"Polygon","properties":{"divipola_mun":"68500","divipola_mun_n":68500,"divipola_dep":"68","divipola_dep_n":68,"mpio_nombre":"OIBA","dpto_nombre":"SANTANDER","area_km2":287.3383}},{"arcs":[[-808,-1067,-1051,-1063,-1043,-1078,-2778,2864,-2858]],"type":"Polygon","properties":{"divipola_mun":"68502","divipola_mun_n":68502,"divipola_dep":"68","divipola_dep_n":68,"mpio_nombre":"ONZAGA","dpto_nombre":"SANTANDER","area_km2":488.2143}},{"arcs":[[-2719,2865,2866,-2829,-2803]],"type":"Polygon","properties":{"divipola_mun":"68522","divipola_mun_n":68522,"divipola_dep":"68","divipola_dep_n":68,"mpio_nombre":"PALMAR","dpto_nombre":"SANTANDER","area_km2":19.6597}},{"arcs":[[-2752,2867,2868,-2769,-2821]],"type":"Polygon","properties":{"divipola_mun":"68524","divipola_mun_n":68524,"divipola_dep":"68","divipola_dep_n":68,"mpio_nombre":"PALMAS DEL SOCORRO","dpto_nombre":"SANTANDER","area_km2":58.4377}},{"arcs":[[-2743,-2771,2869,2870,2871,2872,-2862]],"type":"Polygon","properties":{"divipola_mun":"68533","divipola_mun_n":68533,"divipola_dep":"68","divipola_dep_n":68,"mpio_nombre":"PÁRAMO","dpto_nombre":"SANTANDER","area_km2":72.8469}},{"arcs":[[-2689,-2846,-2808,-2801,2873,2874,-2815,-2731]],"type":"Polygon","properties":{"divipola_mun":"68547","divipola_mun_n":68547,"divipola_dep":"68","divipola_dep_n":68,"mpio_nombre":"PIEDECUESTA","dpto_nombre":"SANTANDER","area_km2":483.7707}},{"arcs":[[-2717,2875,-2871,2876]],"type":"Polygon","properties":{"divipola_mun":"68549","divipola_mun_n":68549,"divipola_dep":"68","divipola_dep_n":68,"mpio_nombre":"PINCHOTE","dpto_nombre":"SANTANDER","area_km2":55.4331}},{"arcs":[[-924,-1039,-1009,-2685,-2833,-2824,-2691]],"type":"Polygon","properties":{"divipola_mun":"68572","divipola_mun_n":68572,"divipola_dep":"68","divipola_dep_n":68,"mpio_nombre":"PUENTE NACIONAL","dpto_nombre":"SANTANDER","area_km2":251.299}},{"arcs":[[-412,-2704,2877,2878,-2837,-2762]],"type":"Polygon","properties":{"divipola_mun":"68573","divipola_mun_n":68573,"divipola_dep":"68","divipola_dep_n":68,"mpio_nombre":"PUERTO PARRA","dpto_nombre":"SANTANDER","area_km2":761.3332}},{"arcs":[[-410,-555,-653,-659,-623,-1407,-1479,2879,2880,-2699]],"type":"Polygon","properties":{"divipola_mun":"68575","divipola_mun_n":68575,"divipola_dep":"68","divipola_dep_n":68,"mpio_nombre":"PUERTO WILCHES","dpto_nombre":"SANTANDER","area_km2":1479.7395}},{"arcs":[[-1478,-2561,-2513,-2794,-2851,-2677,-2813,-2843,2881,-2880]],"type":"Polygon","properties":{"divipola_mun":"68615","divipola_mun_n":68615,"divipola_dep":"68","divipola_dep_n":68,"mpio_nombre":"RIONEGRO","dpto_nombre":"SANTANDER","area_km2":1166.4373}},{"arcs":[[-2700,-2881,-2882,-2842,-2811]],"type":"Polygon","properties":{"divipola_mun":"68655","divipola_mun_n":68655,"divipola_dep":"68","divipola_dep_n":68,"mpio_nombre":"SABANA DE TORRES","dpto_nombre":"SANTANDER","area_km2":1426.7477}},{"arcs":[[-2733,-2814,-2737,-2766,-2850,-2860]],"type":"Polygon","properties":{"divipola_mun":"68669","divipola_mun_n":68669,"divipola_dep":"68","divipola_dep_n":68,"mpio_nombre":"SAN ANDRÉS","dpto_nombre":"SANTANDER","area_km2":280.9762}},{"arcs":[[-1022,-2828,-2758,-2839,-2680,-2820,2882,-1031]],"type":"Polygon","properties":{"divipola_mun":"68673","divipola_mun_n":68673,"divipola_dep":"68","divipola_dep_n":68,"mpio_nombre":"SAN BENITO","dpto_nombre":"SANTANDER","area_km2":59.018}},{"arcs":[[-2694,2883,-2781,-2855,2884,-2872,-2876,-2716]],"type":"Polygon","properties":{"divipola_mun":"68679","divipola_mun_n":68679,"divipola_dep":"68","divipola_dep_n":68,"mpio_nombre":"SAN GIL","dpto_nombre":"SANTANDER","area_km2":146.5875}},{"arcs":[[-2777,-2857,-2859,-2865]],"type":"Polygon","properties":{"divipola_mun":"68682","divipola_mun_n":68682,"divipola_dep":"68","divipola_dep_n":68,"mpio_nombre":"SAN JOAQUÍN","dpto_nombre":"SANTANDER","area_km2":142.8407}},{"arcs":[[-810,-2861,-2848,-2795,-2723]],"type":"Polygon","properties":{"divipola_mun":"68684","divipola_mun_n":68684,"divipola_dep":"68","divipola_dep_n":68,"mpio_nombre":"SAN JOSÉ DE MIRANDA","dpto_nombre":"SANTANDER","area_km2":75.1582}},{"arcs":[[-2725,-2797,-2728,-2847]],"type":"Polygon","properties":{"divipola_mun":"68686","divipola_mun_n":68686,"divipola_dep":"68","divipola_dep_n":68,"mpio_nombre":"SAN MIGUEL","dpto_nombre":"SANTANDER","area_km2":71.0559}},{"arcs":[[-2702,-2706,2885,-2805,-2787,2886]],"type":"Polygon","properties":{"divipola_mun":"68689","divipola_mun_n":68689,"divipola_dep":"68","divipola_dep_n":68,"mpio_nombre":"SAN VICENTE DE CHUCURÍ","dpto_nombre":"SANTANDER","area_km2":1114.5723}},{"arcs":[[-2586,-2816,-2875,2887]],"type":"Polygon","properties":{"divipola_mun":"68705","divipola_mun_n":68705,"divipola_dep":"68","divipola_dep_n":68,"mpio_nombre":"SANTA BÁRBARA","dpto_nombre":"SANTANDER","area_km2":178.2766}},{"arcs":[[-2756,-2774,-2789,-2841,2888,2889]],"type":"Polygon","properties":{"divipola_mun":"68720","divipola_mun_n":68720,"divipola_dep":"68","divipola_dep_n":68,"mpio_nombre":"SANTA HELENA DEL OPÓN","dpto_nombre":"SANTANDER","area_km2":373.2669}},{"arcs":[[-2703,-2887,-2786,-2830,-2867,2890,-2868,-2757,-2890,2891,-2878]],"type":"Polygon","properties":{"divipola_mun":"68745","divipola_mun_n":68745,"divipola_dep":"68","divipola_dep_n":68,"mpio_nombre":"SIMACOTA","dpto_nombre":"SANTANDER","area_km2":903.358}},{"arcs":[[-2718,-2877,-2870,-2770,-2869,-2891,-2866]],"type":"Polygon","properties":{"divipola_mun":"68755","divipola_mun_n":68755,"divipola_dep":"68","divipola_dep_n":68,"mpio_nombre":"SOCORRO","dpto_nombre":"SANTANDER","area_km2":127.5969}},{"arcs":[[-781,-1032,-2883,-2819,-2864,-2740,-2807]],"type":"Polygon","properties":{"divipola_mun":"68770","divipola_mun_n":68770,"divipola_dep":"68","divipola_dep_n":68,"mpio_nombre":"SUAITA","dpto_nombre":"SANTANDER","area_km2":282.9299}},{"arcs":[[-2712,-2826,-2832,-2836,-2714,-2791]],"type":"Polygon","properties":{"divipola_mun":"68773","divipola_mun_n":68773,"divipola_dep":"68","divipola_dep_n":68,"mpio_nombre":"SUCRE","dpto_nombre":"SANTANDER","area_km2":521.8469}},{"arcs":[[-2492,-2534,2892,-2722,-2749,-2852,-2792,-2511]],"type":"Polygon","properties":{"divipola_mun":"68780","divipola_mun_n":68780,"divipola_dep":"68","divipola_dep_n":68,"mpio_nombre":"SURATÁ","dpto_nombre":"SANTANDER","area_km2":362.2985}},{"arcs":[[-2587,-2888,-2874,-2800,-2674,-2751,2893]],"type":"Polygon","properties":{"divipola_mun":"68820","divipola_mun_n":68820,"divipola_dep":"68","divipola_dep_n":68,"mpio_nombre":"TONA","dpto_nombre":"SANTANDER","area_km2":330.1209}},{"arcs":[[-2854,-2863,-2873,-2885]],"type":"Polygon","properties":{"divipola_mun":"68855","divipola_mun_n":68855,"divipola_dep":"68","divipola_dep_n":68,"mpio_nombre":"VALLE DE SAN JOSÉ","dpto_nombre":"SANTANDER","area_km2":80.9626}},{"arcs":[[-2692,-2823,-2710,-2838,-2879,-2892,-2889,-2840,-2760,-2827]],"type":"Polygon","properties":{"divipola_mun":"68861","divipola_mun_n":68861,"divipola_dep":"68","divipola_dep_n":68,"mpio_nombre":"VÉLEZ","dpto_nombre":"SANTANDER","area_km2":447.0475}},{"arcs":[[-2533,-2569,-2588,-2894,-2750,-2721,-2893]],"type":"Polygon","properties":{"divipola_mun":"68867","divipola_mun_n":68867,"divipola_dep":"68","divipola_dep_n":68,"mpio_nombre":"VETAS","dpto_nombre":"SANTANDER","area_km2":92.2352}},{"arcs":[[-2698,2894,-2844,-2834,-2782,-2884]],"type":"Polygon","properties":{"divipola_mun":"68872","divipola_mun_n":68872,"divipola_dep":"68","divipola_dep_n":68,"mpio_nombre":"VILLANUEVA","dpto_nombre":"SANTANDER","area_km2":97.427}},{"arcs":[[-2697,-2806,-2886,-2705,-2810,-2845,-2895]],"type":"Polygon","properties":{"divipola_mun":"68895","divipola_mun_n":68895,"divipola_dep":"68","divipola_dep_n":68,"mpio_nombre":"ZAPATOCA","dpto_nombre":"SANTANDER","area_km2":363.7743}},{"arcs":[[-1562,-1570,2895,2896,2897,2898,2899,2900]],"type":"Polygon","properties":{"divipola_mun":"70001","divipola_mun_n":70001,"divipola_dep":"70","divipola_dep_n":70,"mpio_nombre":"SINCELEJO","dpto_nombre":"SUCRE","area_km2":279.6345}},{"arcs":[[-563,-594,2901,2902,2903]],"type":"Polygon","properties":{"divipola_mun":"70110","divipola_mun_n":70110,"divipola_dep":"70","divipola_dep_n":70,"mpio_nombre":"BUENAVISTA","dpto_nombre":"SUCRE","area_km2":146.3745}},{"arcs":[[-1515,2904,2905,2906]],"type":"Polygon","properties":{"divipola_mun":"70124","divipola_mun_n":70124,"divipola_dep":"70","divipola_dep_n":70,"mpio_nombre":"CAIMITO","dpto_nombre":"SUCRE","area_km2":412.2338}},{"arcs":[[2907,2908,2909,2910,2911,2912]],"type":"Polygon","properties":{"divipola_mun":"70204","divipola_mun_n":70204,"divipola_dep":"70","divipola_dep_n":70,"mpio_nombre":"COLOSÓ","dpto_nombre":"SUCRE","area_km2":131.1067}},{"arcs":[[-2900,2913,2914,2915,2916,2917,2918]],"type":"Polygon","properties":{"divipola_mun":"70215","divipola_mun_n":70215,"divipola_dep":"70","divipola_dep_n":70,"mpio_nombre":"COROZAL","dpto_nombre":"SUCRE","area_km2":285.9813}},{"arcs":[[-1557,-1566,2919,2920,2921]],"type":"Polygon","properties":{"divipola_mun":"70221","divipola_mun_n":70221,"divipola_dep":"70","divipola_dep_n":70,"mpio_nombre":"COVEÑAS","dpto_nombre":"SUCRE","area_km2":56.6086}},{"arcs":[[-571,2922,-2908]],"type":"Polygon","properties":{"divipola_mun":"70230","divipola_mun_n":70230,"divipola_dep":"70","divipola_dep_n":70,"mpio_nombre":"CHALÁN","dpto_nombre":"SUCRE","area_km2":83.6721}},{"arcs":[[-1513,2923,-2918,2924,2925,2926]],"type":"Polygon","properties":{"divipola_mun":"70233","divipola_mun_n":70233,"divipola_dep":"70","divipola_dep_n":70,"mpio_nombre":"EL ROBLE","dpto_nombre":"SUCRE","area_km2":198.3214}},{"arcs":[[-593,2927,-2926,2928,-2902]],"type":"Polygon","properties":{"divipola_mun":"70235","divipola_mun_n":70235,"divipola_dep":"70","divipola_dep_n":70,"mpio_nombre":"GALERAS","dpto_nombre":"SUCRE","area_km2":321.6405}},{"arcs":[[-524,-648,-1496,2929]],"type":"Polygon","properties":{"divipola_mun":"70265","divipola_mun_n":70265,"divipola_dep":"70","divipola_dep_n":70,"mpio_nombre":"GUARANDA","dpto_nombre":"SUCRE","area_km2":361.5548}},{"arcs":[[-1516,-2907,2930,-1559]],"type":"Polygon","properties":{"divipola_mun":"70400","divipola_mun_n":70400,"divipola_dep":"70","divipola_dep_n":70,"mpio_nombre":"LA UNIÓN","dpto_nombre":"SUCRE","area_km2":232.2401}},{"arcs":[[-2910,2931,2932,2933,2934,-2915,2935]],"type":"Polygon","properties":{"divipola_mun":"70418","divipola_mun_n":70418,"divipola_dep":"70","divipola_dep_n":70,"mpio_nombre":"LOS PALMITOS","dpto_nombre":"SUCRE","area_km2":198.7807}},{"arcs":[[-525,-2930,-1495,2936,2937]],"type":"Polygon","properties":{"divipola_mun":"70429","divipola_mun_n":70429,"divipola_dep":"70","divipola_dep_n":70,"mpio_nombre":"MAJAGUAL","dpto_nombre":"SUCRE","area_km2":844.3594}},{"arcs":[[-2899,2938,-2911,-2936,-2914]],"type":"Polygon","properties":{"divipola_mun":"70473","divipola_mun_n":70473,"divipola_dep":"70","divipola_dep_n":70,"mpio_nombre":"MORROA","dpto_nombre":"SUCRE","area_km2":169.9263}},{"arcs":[[-565,2939,-2932,-2909,-2923,-570]],"type":"Polygon","properties":{"divipola_mun":"70508","divipola_mun_n":70508,"divipola_dep":"70","divipola_dep_n":70,"mpio_nombre":"OVEJAS","dpto_nombre":"SUCRE","area_km2":459.7999}},{"arcs":[[-1538,-1558,-2922,2940,-2896,-1569]],"type":"Polygon","properties":{"divipola_mun":"70523","divipola_mun_n":70523,"divipola_dep":"70","divipola_dep_n":70,"mpio_nombre":"PALMITO","dpto_nombre":"SUCRE","area_km2":174.6668}},{"arcs":[[-1512,-1563,-2901,-2919,-2924]],"type":"Polygon","properties":{"divipola_mun":"70670","divipola_mun_n":70670,"divipola_dep":"70","divipola_dep_n":70,"mpio_nombre":"SAMPUÉS","dpto_nombre":"SUCRE","area_km2":213.766}},{"arcs":[[-592,2941,-2937,-1494,2942,-2905,-1514,-2927,-2928]],"type":"Polygon","properties":{"divipola_mun":"70678","divipola_mun_n":70678,"divipola_dep":"70","divipola_dep_n":70,"mpio_nombre":"SAN BENITO ABAD","dpto_nombre":"SUCRE","area_km2":1493.1466}},{"arcs":[[-2916,-2935,2943]],"type":"Polygon","properties":{"divipola_mun":"70702","divipola_mun_n":70702,"divipola_dep":"70","divipola_dep_n":70,"mpio_nombre":"SAN JUAN DE BETULIA","dpto_nombre":"SUCRE","area_km2":168.0241}},{"arcs":[[-1493,-1552,-1560,-2931,-2906,-2943]],"type":"Polygon","properties":{"divipola_mun":"70708","divipola_mun_n":70708,"divipola_dep":"70","divipola_dep_n":70,"mpio_nombre":"SAN MARCOS","dpto_nombre":"SUCRE","area_km2":969.8262}},{"arcs":[[-537,-609,-572,-2913,2944,2945,2946,-665]],"type":"Polygon","properties":{"divipola_mun":"70713","divipola_mun_n":70713,"divipola_dep":"70","divipola_dep_n":70,"mpio_nombre":"SAN ONOFRE","dpto_nombre":"SUCRE","area_km2":1034.9772}},{"arcs":[[-564,-2904,2947,-2933,-2940]],"type":"Polygon","properties":{"divipola_mun":"70717","divipola_mun_n":70717,"divipola_dep":"70","divipola_dep_n":70,"mpio_nombre":"SAN PEDRO","dpto_nombre":"SUCRE","area_km2":212.8572}},{"arcs":[[-2903,-2929,-2925,-2917,-2944,-2934,-2948]],"type":"Polygon","properties":{"divipola_mun":"70742","divipola_mun_n":70742,"divipola_dep":"70","divipola_dep_n":70,"mpio_nombre":"SAN LUIS DE SINCÉ","dpto_nombre":"SUCRE","area_km2":418.7287}},{"arcs":[[-526,-2938,-2942,-591]],"type":"Polygon","properties":{"divipola_mun":"70771","divipola_mun_n":70771,"divipola_dep":"70","divipola_dep_n":70,"mpio_nombre":"SUCRE","dpto_nombre":"SUCRE","area_km2":1130.3385}},{"arcs":[[-2897,-2941,-2921,2948,-2946,2949]],"type":"Polygon","properties":{"divipola_mun":"70820","divipola_mun_n":70820,"divipola_dep":"70","divipola_dep_n":70,"mpio_nombre":"SANTIAGO DE TOLÚ","dpto_nombre":"SUCRE","area_km2":302.4396}},{"arcs":[[-2898,-2950,-2945,-2912,-2939]],"type":"Polygon","properties":{"divipola_mun":"70823","divipola_mun_n":70823,"divipola_dep":"70","divipola_dep_n":70,"mpio_nombre":"SAN JOSÉ DE TOLUVIEJO","dpto_nombre":"SUCRE","area_km2":284.9074}},{"arcs":[[-2641,2950,2951,2952,2953,2954,2955,2956]],"type":"Polygon","properties":{"divipola_mun":"73001","divipola_mun_n":73001,"divipola_dep":"73","divipola_dep_n":73,"mpio_nombre":"IBAGUÉ","dpto_nombre":"TOLIMA","area_km2":1376.598}},{"arcs":[[-2036,-2097,2957,2958,-2042]],"type":"Polygon","properties":{"divipola_mun":"73024","divipola_mun_n":73024,"divipola_dep":"73","divipola_dep_n":73,"mpio_nombre":"ALPUJARRA","dpto_nombre":"TOLIMA","area_km2":501.1719}},{"arcs":[[-2952,2959,2960,2961]],"type":"Polygon","properties":{"divipola_mun":"73026","divipola_mun_n":73026,"divipola_dep":"73","divipola_dep_n":73,"mpio_nombre":"ALVARADO","dpto_nombre":"TOLIMA","area_km2":344.1119}},{"arcs":[[-1601,2962,2963,2964,-1877]],"type":"Polygon","properties":{"divipola_mun":"73030","divipola_mun_n":73030,"divipola_dep":"73","divipola_dep_n":73,"mpio_nombre":"AMBALEMA","dpto_nombre":"TOLIMA","area_km2":237.8544}},{"arcs":[[-2640,2965,2966,-2960,-2951]],"type":"Polygon","properties":{"divipola_mun":"73043","divipola_mun_n":73043,"divipola_dep":"73","divipola_dep_n":73,"mpio_nombre":"ANZOÁTEGUI","dpto_nombre":"TOLIMA","area_km2":469.4693}},{"arcs":[[-1647,-1878,-2965,2967,2968,2969,2970,2971,2972,-1753]],"type":"Polygon","properties":{"divipola_mun":"73055","divipola_mun_n":73055,"divipola_dep":"73","divipola_dep_n":73,"mpio_nombre":"ARMERO","dpto_nombre":"TOLIMA","area_km2":440.3039}},{"arcs":[[-2018,2973,2974,2975,2976,2977]],"type":"Polygon","properties":{"divipola_mun":"73067","divipola_mun_n":73067,"divipola_dep":"73","divipola_dep_n":73,"mpio_nombre":"ATACO","dpto_nombre":"TOLIMA","area_km2":1017.3339}},{"arcs":[[-2604,-2642,-2957,2978,2979,-2632,-2613]],"type":"Polygon","properties":{"divipola_mun":"73124","divipola_mun_n":73124,"divipola_dep":"73","divipola_dep_n":73,"mpio_nombre":"CAJAMARCA","dpto_nombre":"TOLIMA","area_km2":508.3787}},{"arcs":[[-1867,2980,2981,2982]],"type":"Polygon","properties":{"divipola_mun":"73148","divipola_mun_n":73148,"divipola_dep":"73","divipola_dep_n":73,"mpio_nombre":"CARMEN DE APICALÁ","dpto_nombre":"TOLIMA","area_km2":190.6722}},{"arcs":[[-1163,2983,2984,2985,2986,2987]],"type":"Polygon","properties":{"divipola_mun":"73152","divipola_mun_n":73152,"divipola_dep":"73","divipola_dep_n":73,"mpio_nombre":"CASABIANCA","dpto_nombre":"TOLIMA","area_km2":174.84}},{"arcs":[[-2976,2988,2989,2990,2991,2992,2993,2994,2995]],"type":"Polygon","properties":{"divipola_mun":"73168","divipola_mun_n":73168,"divipola_dep":"73","divipola_dep_n":73,"mpio_nombre":"CHAPARRAL","dpto_nombre":"TOLIMA","area_km2":2101.5372}},{"arcs":[[-1739,2996,2997,2998,-2954,2999,-1762,-1814]],"type":"Polygon","properties":{"divipola_mun":"73200","divipola_mun_n":73200,"divipola_dep":"73","divipola_dep_n":73,"mpio_nombre":"COELLO","dpto_nombre":"TOLIMA","area_km2":343.3582}},{"arcs":[[-2977,-2996,3000,3001,3002,3003,3004]],"type":"Polygon","properties":{"divipola_mun":"73217","divipola_mun_n":73217,"divipola_dep":"73","divipola_dep_n":73,"mpio_nombre":"COYAIMA","dpto_nombre":"TOLIMA","area_km2":668.6938}},{"arcs":[[-2982,3005,3006,3007,3008,3009]],"type":"Polygon","properties":{"divipola_mun":"73226","divipola_mun_n":73226,"divipola_dep":"73","divipola_dep_n":73,"mpio_nombre":"CUNDAY","dpto_nombre":"TOLIMA","area_km2":507.0884}},{"arcs":[[-1616,-2043,-2959,3010,3011,3012]],"type":"Polygon","properties":{"divipola_mun":"73236","divipola_mun_n":73236,"divipola_dep":"73","divipola_dep_n":73,"mpio_nombre":"DOLORES","dpto_nombre":"TOLIMA","area_km2":651.4495}},{"arcs":[[-2998,3013,3014,3015,3016]],"type":"Polygon","properties":{"divipola_mun":"73268","divipola_mun_n":73268,"divipola_dep":"73","divipola_dep_n":73,"mpio_nombre":"ESPINAL","dpto_nombre":"TOLIMA","area_km2":216.3453}},{"arcs":[[-2971,3017,-2987,3018,3019,3020]],"type":"Polygon","properties":{"divipola_mun":"73270","divipola_mun_n":73270,"divipola_dep":"73","divipola_dep_n":73,"mpio_nombre":"FALAN","dpto_nombre":"TOLIMA","area_km2":181.2007}},{"arcs":[[-1738,-1869,3021,-3014,-2997]],"type":"Polygon","properties":{"divipola_mun":"73275","divipola_mun_n":73275,"divipola_dep":"73","divipola_dep_n":73,"mpio_nombre":"FLANDES","dpto_nombre":"TOLIMA","area_km2":96.7249}},{"arcs":[[-1130,-1140,3022,-3020,3023,-2985,3024]],"type":"Polygon","properties":{"divipola_mun":"73283","divipola_mun_n":73283,"divipola_dep":"73","divipola_dep_n":73,"mpio_nombre":"FRESNO","dpto_nombre":"TOLIMA","area_km2":219.5279}},{"arcs":[[-3016,3025,3026,3027,3028]],"type":"Polygon","properties":{"divipola_mun":"73319","divipola_mun_n":73319,"divipola_dep":"73","divipola_dep_n":73,"mpio_nombre":"GUAMO","dpto_nombre":"TOLIMA","area_km2":505.4127}},{"arcs":[[-1089,-1144,-1131,-3025,-2984,-1162]],"type":"Polygon","properties":{"divipola_mun":"73347","divipola_mun_n":73347,"divipola_dep":"73","divipola_dep_n":73,"mpio_nombre":"HERVEO","dpto_nombre":"TOLIMA","area_km2":322.5877}},{"arcs":[[-1122,-1754,-2973,3029,-1160]],"type":"Polygon","properties":{"divipola_mun":"73349","divipola_mun_n":73349,"divipola_dep":"73","divipola_dep_n":73,"mpio_nombre":"HONDA","dpto_nombre":"TOLIMA","area_km2":304.6407}},{"arcs":[[-1593,-1849,-1833,-1618,-3007,3030,-1822,-1900,-1712]],"type":"Polygon","properties":{"divipola_mun":"73352","divipola_mun_n":73352,"divipola_dep":"73","divipola_dep_n":73,"mpio_nombre":"ICONONZO","dpto_nombre":"TOLIMA","area_km2":214.9649}},{"arcs":[[-2964,3031,3032,-2968]],"type":"Polygon","properties":{"divipola_mun":"73408","divipola_mun_n":73408,"divipola_dep":"73","divipola_dep_n":73,"mpio_nombre":"LÉRIDA","dpto_nombre":"TOLIMA","area_km2":271.7664}},{"arcs":[[-2969,-3033,3033,3034,3035,3036]],"type":"Polygon","properties":{"divipola_mun":"73411","divipola_mun_n":73411,"divipola_dep":"73","divipola_dep_n":73,"mpio_nombre":"LÍBANO","dpto_nombre":"TOLIMA","area_km2":282.2003}},{"arcs":[[-1139,-1161,-3030,-2972,-3021,-3023]],"type":"Polygon","properties":{"divipola_mun":"73443","divipola_mun_n":73443,"divipola_dep":"73","divipola_dep_n":73,"mpio_nombre":"SAN SEBASTIÁN DE MARIQUITA","dpto_nombre":"TOLIMA","area_km2":293.1437}},{"arcs":[[-1823,-3031,-3006,-2981,-1866]],"type":"Polygon","properties":{"divipola_mun":"73449","divipola_mun_n":73449,"divipola_dep":"73","divipola_dep_n":73,"mpio_nombre":"MELGAR","dpto_nombre":"TOLIMA","area_km2":202.0315}},{"arcs":[[-1165,3037,-3036,3038]],"type":"Polygon","properties":{"divipola_mun":"73461","divipola_mun_n":73461,"divipola_dep":"73","divipola_dep_n":73,"mpio_nombre":"MURILLO","dpto_nombre":"TOLIMA","area_km2":423.7215}},{"arcs":[[-2019,-2978,-3005,3039,-3011,-2958,-2096]],"type":"Polygon","properties":{"divipola_mun":"73483","divipola_mun_n":73483,"divipola_dep":"73","divipola_dep_n":73,"mpio_nombre":"NATAGAIMA","dpto_nombre":"TOLIMA","area_km2":859.3504}},{"arcs":[[-2995,3040,3041,3042,3043,3044,-3001]],"type":"Polygon","properties":{"divipola_mun":"73504","divipola_mun_n":73504,"divipola_dep":"73","divipola_dep_n":73,"mpio_nombre":"ORTEGA","dpto_nombre":"TOLIMA","area_km2":953.3694}},{"arcs":[[-2986,-3024,-3019]],"type":"Polygon","properties":{"divipola_mun":"73520","divipola_mun_n":73520,"divipola_dep":"73","divipola_dep_n":73,"mpio_nombre":"PALOCABILDO","dpto_nombre":"TOLIMA","area_km2":64.9702}},{"arcs":[[-1599,-1763,-3000,-2953,-2962,3045]],"type":"Polygon","properties":{"divipola_mun":"73547","divipola_mun_n":73547,"divipola_dep":"73","divipola_dep_n":73,"mpio_nombre":"PIEDRAS","dpto_nombre":"TOLIMA","area_km2":354.1799}},{"arcs":[[-1290,-1342,3046,-2974,-2017,-2005,-2081,-2088,-2094,-1348,-1386]],"type":"Polygon","properties":{"divipola_mun":"73555","divipola_mun_n":73555,"divipola_dep":"73","divipola_dep_n":73,"mpio_nombre":"PLANADAS","dpto_nombre":"TOLIMA","area_km2":1753.9282}},{"arcs":[[-3004,3047,3048,-3012,-3040]],"type":"Polygon","properties":{"divipola_mun":"73563","divipola_mun_n":73563,"divipola_dep":"73","divipola_dep_n":73,"mpio_nombre":"PRADO","dpto_nombre":"TOLIMA","area_km2":422.7074}},{"arcs":[[-3003,3049,-3027,3050,-3009,3051,-3048]],"type":"Polygon","properties":{"divipola_mun":"73585","divipola_mun_n":73585,"divipola_dep":"73","divipola_dep_n":73,"mpio_nombre":"PURIFICACIÓN","dpto_nombre":"TOLIMA","area_km2":401.9134}},{"arcs":[[-1341,3052,3053,3054,3055,3056,-2989,-2975,-3047]],"type":"Polygon","properties":{"divipola_mun":"73616","divipola_mun_n":73616,"divipola_dep":"73","divipola_dep_n":73,"mpio_nombre":"RIOBLANCO","dpto_nombre":"TOLIMA","area_km2":2046.0661}},{"arcs":[[-2620,-2633,-2980,3057,3058,-2993,3059]],"type":"Polygon","properties":{"divipola_mun":"73622","divipola_mun_n":73622,"divipola_dep":"73","divipola_dep_n":73,"mpio_nombre":"RONCESVALLES","dpto_nombre":"TOLIMA","area_km2":775.6567}},{"arcs":[[-2956,3060,3061,-3042,3062,-3058,-2979]],"type":"Polygon","properties":{"divipola_mun":"73624","divipola_mun_n":73624,"divipola_dep":"73","divipola_dep_n":73,"mpio_nombre":"ROVIRA","dpto_nombre":"TOLIMA","area_km2":739.1721}},{"arcs":[[-3002,-3045,3063,-3028,-3050]],"type":"Polygon","properties":{"divipola_mun":"73671","divipola_mun_n":73671,"divipola_dep":"73","divipola_dep_n":73,"mpio_nombre":"SALDAÑA","dpto_nombre":"TOLIMA","area_km2":193.1057}},{"arcs":[[-2994,-3059,-3063,-3041]],"type":"Polygon","properties":{"divipola_mun":"73675","divipola_mun_n":73675,"divipola_dep":"73","divipola_dep_n":73,"mpio_nombre":"SAN ANTONIO","dpto_nombre":"TOLIMA","area_km2":383.2878}},{"arcs":[[-2955,-2999,-3017,-3029,-3064,-3044,3064,-3061]],"type":"Polygon","properties":{"divipola_mun":"73678","divipola_mun_n":73678,"divipola_dep":"73","divipola_dep_n":73,"mpio_nombre":"SAN LUIS","dpto_nombre":"TOLIMA","area_km2":411.9931}},{"arcs":[[-2639,-2651,-3039,-3035,3065,-2966]],"type":"Polygon","properties":{"divipola_mun":"73686","divipola_mun_n":73686,"divipola_dep":"73","divipola_dep_n":73,"mpio_nombre":"SANTA ISABEL","dpto_nombre":"TOLIMA","area_km2":270.0501}},{"arcs":[[-1868,-2983,-3010,-3051,-3026,-3015,-3022]],"type":"Polygon","properties":{"divipola_mun":"73770","divipola_mun_n":73770,"divipola_dep":"73","divipola_dep_n":73,"mpio_nombre":"SUÁREZ","dpto_nombre":"TOLIMA","area_km2":189.934}},{"arcs":[[-3043,-3062,-3065]],"type":"Polygon","properties":{"divipola_mun":"73854","divipola_mun_n":73854,"divipola_dep":"73","divipola_dep_n":73,"mpio_nombre":"VALLE DE SAN JUAN","dpto_nombre":"TOLIMA","area_km2":197.7422}},{"arcs":[[-1600,-3046,-2961,-2967,-3066,-3034,-3032,-2963]],"type":"Polygon","properties":{"divipola_mun":"73861","divipola_mun_n":73861,"divipola_dep":"73","divipola_dep_n":73,"mpio_nombre":"VENADILLO","dpto_nombre":"TOLIMA","area_km2":334.4009}},{"arcs":[[-1164,-2988,-3018,-2970,-3037,-3038]],"type":"Polygon","properties":{"divipola_mun":"73870","divipola_mun_n":73870,"divipola_dep":"73","divipola_dep_n":73,"mpio_nombre":"VILLAHERMOSA","dpto_nombre":"TOLIMA","area_km2":279.0649}},{"arcs":[[-1617,-3013,-3049,-3052,-3008]],"type":"Polygon","properties":{"divipola_mun":"73873","divipola_mun_n":73873,"divipola_dep":"73","divipola_dep_n":73,"mpio_nombre":"VILLARRICA","dpto_nombre":"TOLIMA","area_km2":430.0801}},{"arcs":[[-1362,3066,3067,3068,3069,3070,3071,3072]],"type":"Polygon","properties":{"divipola_mun":"76001","divipola_mun_n":76001,"divipola_dep":"76","divipola_dep_n":76,"mpio_nombre":"SANTIAGO DE CALI","dpto_nombre":"VALLE DEL CAUCA","area_km2":563.2663}},{"arcs":[[-2616,-2637,3073,3074]],"type":"Polygon","properties":{"divipola_mun":"76020","divipola_mun_n":76020,"divipola_dep":"76","divipola_dep_n":76,"mpio_nombre":"ALCALÁ","dpto_nombre":"VALLE DEL CAUCA","area_km2":62.3463}},{"arcs":[[3075,3076,3077,3078]],"type":"Polygon","properties":{"divipola_mun":"76036","divipola_mun_n":76036,"divipola_dep":"76","divipola_dep_n":76,"mpio_nombre":"ANDALUCÍA","dpto_nombre":"VALLE DEL CAUCA","area_km2":110.4744}},{"arcs":[[-1992,3079,-2655,-2645,3080,3081,3082,3083]],"type":"Polygon","properties":{"divipola_mun":"76041","divipola_mun_n":76041,"divipola_dep":"76","divipola_dep_n":76,"mpio_nombre":"ANSERMANUEVO","dpto_nombre":"VALLE DEL CAUCA","area_km2":305.4624}},{"arcs":[[-3083,3084,3085,3086]],"type":"Polygon","properties":{"divipola_mun":"76054","divipola_mun_n":76054,"divipola_dep":"76","divipola_dep_n":76,"mpio_nombre":"ARGELIA","dpto_nombre":"VALLE DEL CAUCA","area_km2":90.806}},{"arcs":[[-1964,-1998,3087,3088,3089,3090,3091]],"type":"Polygon","properties":{"divipola_mun":"76100","divipola_mun_n":76100,"divipola_dep":"76","divipola_dep_n":76,"mpio_nombre":"BOLÍVAR","dpto_nombre":"VALLE DEL CAUCA","area_km2":743.7632}},{"arcs":[[[-1268,-1330,3092,-1968,3093,3094,-3068,3095]],[[3096]],[[3097]]],"type":"MultiPolygon","properties":{"divipola_mun":"76109","divipola_mun_n":76109,"divipola_dep":"76","divipola_dep_n":76,"mpio_nombre":"BUENAVENTURA","dpto_nombre":"VALLE DEL CAUCA","area_km2":6300.9862}},{"arcs":[[-2990,-3057,3098,3099,3100,3101,3102,3103]],"type":"Polygon","properties":{"divipola_mun":"76111","divipola_mun_n":76111,"divipola_dep":"76","divipola_dep_n":76,"mpio_nombre":"GUADALAJARA DE BUGA","dpto_nombre":"VALLE DEL CAUCA","area_km2":825.951}},{"arcs":[[-3079,3104,-3091,3105,3106,3107]],"type":"Polygon","properties":{"divipola_mun":"76113","divipola_mun_n":76113,"divipola_dep":"76","divipola_dep_n":76,"mpio_nombre":"BUGALAGRANDE","dpto_nombre":"VALLE DEL CAUCA","area_km2":396.812}},{"arcs":[[-2607,-2634,-2622,3108,-2624]],"type":"Polygon","properties":{"divipola_mun":"76122","divipola_mun_n":76122,"divipola_dep":"76","divipola_dep_n":76,"mpio_nombre":"CAICEDONIA","dpto_nombre":"VALLE DEL CAUCA","area_km2":166.9717}},{"arcs":[[-1967,3109,3110,3111,3112,3113,-3094]],"type":"Polygon","properties":{"divipola_mun":"76126","divipola_mun_n":76126,"divipola_dep":"76","divipola_dep_n":76,"mpio_nombre":"CALIMA","dpto_nombre":"VALLE DEL CAUCA","area_km2":793.8418}},{"arcs":[[-1339,-1363,-3073,3114,3115,3116]],"type":"Polygon","properties":{"divipola_mun":"76130","divipola_mun_n":76130,"divipola_dep":"76","divipola_dep_n":76,"mpio_nombre":"CANDELARIA","dpto_nombre":"VALLE DEL CAUCA","area_km2":296.5582}},{"arcs":[[-2636,3117,3118,-3081,-2644,3119,-3074]],"type":"Polygon","properties":{"divipola_mun":"76147","divipola_mun_n":76147,"divipola_dep":"76","divipola_dep_n":76,"mpio_nombre":"CARTAGO","dpto_nombre":"VALLE DEL CAUCA","area_km2":248.2146}},{"arcs":[[-3069,-3095,-3114,3120]],"type":"Polygon","properties":{"divipola_mun":"76233","divipola_mun_n":76233,"divipola_dep":"76","divipola_dep_n":76,"mpio_nombre":"DAGUA","dpto_nombre":"VALLE DEL CAUCA","area_km2":917.0383}},{"arcs":[[-1991,-2667,-2656,-3080]],"type":"Polygon","properties":{"divipola_mun":"76243","divipola_mun_n":76243,"divipola_dep":"76","divipola_dep_n":76,"mpio_nombre":"EL ÁGUILA","dpto_nombre":"VALLE DEL CAUCA","area_km2":187.8241}},{"arcs":[[-1993,-3084,-3087,3121,-1995]],"type":"Polygon","properties":{"divipola_mun":"76246","divipola_mun_n":76246,"divipola_dep":"76","divipola_dep_n":76,"mpio_nombre":"EL CAIRO","dpto_nombre":"VALLE DEL CAUCA","area_km2":214.237}},{"arcs":[[-3056,3122,3123,3124,3125,3126,-3099]],"type":"Polygon","properties":{"divipola_mun":"76248","divipola_mun_n":76248,"divipola_dep":"76","divipola_dep_n":76,"mpio_nombre":"EL CERRITO","dpto_nombre":"VALLE DEL CAUCA","area_km2":441.9585}},{"arcs":[[-1997,3127,3128,3129,-3088]],"type":"Polygon","properties":{"divipola_mun":"76250","divipola_mun_n":76250,"divipola_dep":"76","divipola_dep_n":76,"mpio_nombre":"EL DOVIO","dpto_nombre":"VALLE DEL CAUCA","area_km2":236.2368}},{"arcs":[[-1340,-3117,3130,-3053]],"type":"Polygon","properties":{"divipola_mun":"76275","divipola_mun_n":76275,"divipola_dep":"76","divipola_dep_n":76,"mpio_nombre":"FLORIDA","dpto_nombre":"VALLE DEL CAUCA","area_km2":401.608}},{"arcs":[[-3100,-3127,3131]],"type":"Polygon","properties":{"divipola_mun":"76306","divipola_mun_n":76306,"divipola_dep":"76","divipola_dep_n":76,"mpio_nombre":"GINEBRA","dpto_nombre":"VALLE DEL CAUCA","area_km2":268.7835}},{"arcs":[[-3101,-3132,-3126,3132]],"type":"Polygon","properties":{"divipola_mun":"76318","divipola_mun_n":76318,"divipola_dep":"76","divipola_dep_n":76,"mpio_nombre":"GUACARÍ","dpto_nombre":"VALLE DEL CAUCA","area_km2":162.5219}},{"arcs":[[-1269,-3096,-3067,-1361,-1387,-1374]],"type":"Polygon","properties":{"divipola_mun":"76364","divipola_mun_n":76364,"divipola_dep":"76","divipola_dep_n":76,"mpio_nombre":"JAMUNDÍ","dpto_nombre":"VALLE DEL CAUCA","area_km2":629.3568}},{"arcs":[[-3070,-3121,-3113,3133,3134,3135]],"type":"Polygon","properties":{"divipola_mun":"76377","divipola_mun_n":76377,"divipola_dep":"76","divipola_dep_n":76,"mpio_nombre":"LA CUMBRE","dpto_nombre":"VALLE DEL CAUCA","area_km2":255.511}},{"arcs":[[-3129,3136,3137,3138,3139,3140]],"type":"Polygon","properties":{"divipola_mun":"76400","divipola_mun_n":76400,"divipola_dep":"76","divipola_dep_n":76,"mpio_nombre":"LA UNIÓN","dpto_nombre":"VALLE DEL CAUCA","area_km2":120.8852}},{"arcs":[[-2627,3141,3142,-3140,3143,-2629]],"type":"Polygon","properties":{"divipola_mun":"76403","divipola_mun_n":76403,"divipola_dep":"76","divipola_dep_n":76,"mpio_nombre":"LA VICTORIA","dpto_nombre":"VALLE DEL CAUCA","area_km2":264.6965}},{"arcs":[[-2630,-3144,-3139,3144,-3118,-2635]],"type":"Polygon","properties":{"divipola_mun":"76497","divipola_mun_n":76497,"divipola_dep":"76","divipola_dep_n":76,"mpio_nombre":"OBANDO","dpto_nombre":"VALLE DEL CAUCA","area_km2":214.6734}},{"arcs":[[-3055,3145,-3115,-3072,3146,3147,-3123]],"type":"Polygon","properties":{"divipola_mun":"76520","divipola_mun_n":76520,"divipola_dep":"76","divipola_dep_n":76,"mpio_nombre":"PALMIRA","dpto_nombre":"VALLE DEL CAUCA","area_km2":1005.3167}},{"arcs":[[-3054,-3131,-3116,-3146]],"type":"Polygon","properties":{"divipola_mun":"76563","divipola_mun_n":76563,"divipola_dep":"76","divipola_dep_n":76,"mpio_nombre":"PRADERA","dpto_nombre":"VALLE DEL CAUCA","area_km2":356.7816}},{"arcs":[[-3112,3148,3149,-3134]],"type":"Polygon","properties":{"divipola_mun":"76606","divipola_mun_n":76606,"divipola_dep":"76","divipola_dep_n":76,"mpio_nombre":"RESTREPO","dpto_nombre":"VALLE DEL CAUCA","area_km2":137.2697}},{"arcs":[[-1966,3150,-3077,3151,3152,-3110]],"type":"Polygon","properties":{"divipola_mun":"76616","divipola_mun_n":76616,"divipola_dep":"76","divipola_dep_n":76,"mpio_nombre":"RIOFRÍO","dpto_nombre":"VALLE DEL CAUCA","area_km2":308.1661}},{"arcs":[[-3089,-3130,-3141,-3143,3153]],"type":"Polygon","properties":{"divipola_mun":"76622","divipola_mun_n":76622,"divipola_dep":"76","divipola_dep_n":76,"mpio_nombre":"ROLDANILLO","dpto_nombre":"VALLE DEL CAUCA","area_km2":234.9787}},{"arcs":[[-3103,3154,3155]],"type":"Polygon","properties":{"divipola_mun":"76670","divipola_mun_n":76670,"divipola_dep":"76","divipola_dep_n":76,"mpio_nombre":"SAN PEDRO","dpto_nombre":"VALLE DEL CAUCA","area_km2":202.1602}},{"arcs":[[-2621,-3060,-2992,3156,-3107,3157,-2625,-3109]],"type":"Polygon","properties":{"divipola_mun":"76736","divipola_mun_n":76736,"divipola_dep":"76","divipola_dep_n":76,"mpio_nombre":"SEVILLA","dpto_nombre":"VALLE DEL CAUCA","area_km2":537.1446}},{"arcs":[[-3082,-3119,-3145,-3138,3158,-3085]],"type":"Polygon","properties":{"divipola_mun":"76823","divipola_mun_n":76823,"divipola_dep":"76","divipola_dep_n":76,"mpio_nombre":"TORO","dpto_nombre":"VALLE DEL CAUCA","area_km2":175.7759}},{"arcs":[[-1965,-3092,-3105,-3078,-3151]],"type":"Polygon","properties":{"divipola_mun":"76828","divipola_mun_n":76828,"divipola_dep":"76","divipola_dep_n":76,"mpio_nombre":"TRUJILLO","dpto_nombre":"VALLE DEL CAUCA","area_km2":307.7205}},{"arcs":[[-2991,-3104,-3156,3159,-3152,-3076,-3108,-3157]],"type":"Polygon","properties":{"divipola_mun":"76834","divipola_mun_n":76834,"divipola_dep":"76","divipola_dep_n":76,"mpio_nombre":"TULUÁ","dpto_nombre":"VALLE DEL CAUCA","area_km2":909.3957}},{"arcs":[[-2617,-3075,-3120,-2643]],"type":"Polygon","properties":{"divipola_mun":"76845","divipola_mun_n":76845,"divipola_dep":"76","divipola_dep_n":76,"mpio_nombre":"ULLOA","dpto_nombre":"VALLE DEL CAUCA","area_km2":41.8585}},{"arcs":[[-1996,-3122,-3086,-3159,-3137,-3128]],"type":"Polygon","properties":{"divipola_mun":"76863","divipola_mun_n":76863,"divipola_dep":"76","divipola_dep_n":76,"mpio_nombre":"VERSALLES","dpto_nombre":"VALLE DEL CAUCA","area_km2":200.6293}},{"arcs":[[-3124,-3148,3160,-3135,-3150,3161]],"type":"Polygon","properties":{"divipola_mun":"76869","divipola_mun_n":76869,"divipola_dep":"76","divipola_dep_n":76,"mpio_nombre":"VIJES","dpto_nombre":"VALLE DEL CAUCA","area_km2":112.9711}},{"arcs":[[-3102,-3133,-3125,-3162,-3149,-3111,-3153,-3160,-3155]],"type":"Polygon","properties":{"divipola_mun":"76890","divipola_mun_n":76890,"divipola_dep":"76","divipola_dep_n":76,"mpio_nombre":"YOTOCO","dpto_nombre":"VALLE DEL CAUCA","area_km2":327.7772}},{"arcs":[[-3071,-3136,-3161,-3147]],"type":"Polygon","properties":{"divipola_mun":"76892","divipola_mun_n":76892,"divipola_dep":"76","divipola_dep_n":76,"mpio_nombre":"YUMBO","dpto_nombre":"VALLE DEL CAUCA","area_km2":230.6722}},{"arcs":[[-2626,-3158,-3106,-3090,-3154,-3142]],"type":"Polygon","properties":{"divipola_mun":"76895","divipola_mun_n":76895,"divipola_dep":"76","divipola_dep_n":76,"mpio_nombre":"ZARZAL","dpto_nombre":"VALLE DEL CAUCA","area_km2":367.9656}},{"arcs":[[3162,3163,3164,3165]],"type":"Polygon","properties":{"divipola_mun":"81001","divipola_mun_n":81001,"divipola_dep":"81","divipola_dep_n":81,"mpio_nombre":"ARAUCA","dpto_nombre":"ARAUCA","area_km2":5767.2261}},{"arcs":[[-3165,3166,3167,3168,3169,3170]],"type":"Polygon","properties":{"divipola_mun":"81065","divipola_mun_n":81065,"divipola_dep":"81","divipola_dep_n":81,"mpio_nombre":"ARAUQUITA","dpto_nombre":"ARAUCA","area_km2":3037.583}},{"arcs":[[-3163,3171,3172,3173,3174,3175]],"type":"Polygon","properties":{"divipola_mun":"81220","divipola_mun_n":81220,"divipola_dep":"81","divipola_dep_n":81,"mpio_nombre":"CRAVO NORTE","dpto_nombre":"ARAUCA","area_km2":5192.4133}},{"arcs":[[-881,3176,-3169,3177]],"type":"Polygon","properties":{"divipola_mun":"81300","divipola_mun_n":81300,"divipola_dep":"81","divipola_dep_n":81,"mpio_nombre":"FORTUL","dpto_nombre":"ARAUCA","area_km2":1155.4546}},{"arcs":[[-3164,-3176,3178,3179,-3167]],"type":"Polygon","properties":{"divipola_mun":"81591","divipola_mun_n":81591,"divipola_dep":"81","divipola_dep_n":81,"mpio_nombre":"PUERTO RONDÓN","dpto_nombre":"ARAUCA","area_km2":2273.9887}},{"arcs":[[-815,3180,-3170,-3177]],"type":"Polygon","properties":{"divipola_mun":"81736","divipola_mun_n":81736,"divipola_dep":"81","divipola_dep_n":81,"mpio_nombre":"SARAVENA","dpto_nombre":"ARAUCA","area_km2":942.5874}},{"arcs":[[-840,-882,-3178,-3168,-3180,3181,3182,3183]],"type":"Polygon","properties":{"divipola_mun":"81794","divipola_mun_n":81794,"divipola_dep":"81","divipola_dep_n":81,"mpio_nombre":"TAME","dpto_nombre":"ARAUCA","area_km2":5403.8757}},{"arcs":[[-896,-973,3184,3185,3186,3187,3188,-963]],"type":"Polygon","properties":{"divipola_mun":"85001","divipola_mun_n":85001,"divipola_dep":"85","divipola_dep_n":85,"mpio_nombre":"YOPAL","dpto_nombre":"CASANARE","area_km2":2476.8878}},{"arcs":[[-964,-3189,3189,3190,3191]],"type":"Polygon","properties":{"divipola_mun":"85010","divipola_mun_n":85010,"divipola_dep":"85","divipola_dep_n":85,"mpio_nombre":"AGUAZUL","dpto_nombre":"CASANARE","area_km2":1439.2647}},{"arcs":[[-686,3192,3193,-953]],"type":"Polygon","properties":{"divipola_mun":"85015","divipola_mun_n":85015,"divipola_dep":"85","divipola_dep_n":85,"mpio_nombre":"CHÁMEZA","dpto_nombre":"CASANARE","area_km2":309.1634}},{"arcs":[[-3175,3194,3195,-3182,-3179]],"type":"Polygon","properties":{"divipola_mun":"85125","divipola_mun_n":85125,"divipola_dep":"85","divipola_dep_n":85,"mpio_nombre":"HATO COROZAL","dpto_nombre":"CASANARE","area_km2":5492.2661}},{"arcs":[[-770,-841,-3184,3196]],"type":"Polygon","properties":{"divipola_mun":"85136","divipola_mun_n":85136,"divipola_dep":"85","divipola_dep_n":85,"mpio_nombre":"LA SALINA","dpto_nombre":"CASANARE","area_km2":199.4192}},{"arcs":[[-2266,-2273,3197,-3190,-3188,3198]],"type":"Polygon","properties":{"divipola_mun":"85139","divipola_mun_n":85139,"divipola_dep":"85","divipola_dep_n":85,"mpio_nombre":"MANÍ","dpto_nombre":"CASANARE","area_km2":3745.2814}},{"arcs":[[-955,3199,3200,3201]],"type":"Polygon","properties":{"divipola_mun":"85162","divipola_mun_n":85162,"divipola_dep":"85","divipola_dep_n":85,"mpio_nombre":"MONTERREY","dpto_nombre":"CASANARE","area_km2":777.5734}},{"arcs":[[-972,3202,3203,3204,-3185]],"type":"Polygon","properties":{"divipola_mun":"85225","divipola_mun_n":85225,"divipola_dep":"85","divipola_dep_n":85,"mpio_nombre":"NUNCHÍA","dpto_nombre":"CASANARE","area_km2":1099.256}},{"arcs":[[-2267,-3199,-3187,3205,3206]],"type":"Polygon","properties":{"divipola_mun":"85230","divipola_mun_n":85230,"divipola_dep":"85","divipola_dep_n":85,"mpio_nombre":"OROCUÉ","dpto_nombre":"CASANARE","area_km2":4739.8429}},{"arcs":[[-3174,3207,3208,3209,3210,-3195]],"type":"Polygon","properties":{"divipola_mun":"85250","divipola_mun_n":85250,"divipola_dep":"85","divipola_dep_n":85,"mpio_nombre":"PAZ DE ARIPORO","dpto_nombre":"CASANARE","area_km2":12074.5298}},{"arcs":[[-3204,3211,-3210,3212,3213]],"type":"Polygon","properties":{"divipola_mun":"85263","divipola_mun_n":85263,"divipola_dep":"85","divipola_dep_n":85,"mpio_nombre":"PORE","dpto_nombre":"CASANARE","area_km2":779.3902}},{"arcs":[[-965,-3192,3214,-3193]],"type":"Polygon","properties":{"divipola_mun":"85279","divipola_mun_n":85279,"divipola_dep":"85","divipola_dep_n":85,"mpio_nombre":"RECETOR","dpto_nombre":"CASANARE","area_km2":180.8459}},{"arcs":[[-956,-3202,3215,-2212,-1024]],"type":"Polygon","properties":{"divipola_mun":"85300","divipola_mun_n":85300,"divipola_dep":"85","divipola_dep_n":85,"mpio_nombre":"SABANALARGA","dpto_nombre":"CASANARE","area_km2":400.1582}},{"arcs":[[-771,-3197,-3183,-3196,3216]],"type":"Polygon","properties":{"divipola_mun":"85315","divipola_mun_n":85315,"divipola_dep":"85","divipola_dep_n":85,"mpio_nombre":"SÁCAMA","dpto_nombre":"CASANARE","area_km2":311.4671}},{"arcs":[[-3186,-3205,-3214,3217,3218,-3206]],"type":"Polygon","properties":{"divipola_mun":"85325","divipola_mun_n":85325,"divipola_dep":"85","divipola_dep_n":85,"mpio_nombre":"SAN LUIS DE PALENQUE","dpto_nombre":"CASANARE","area_km2":2980.8899}},{"arcs":[[-772,-3217,-3211,-3212,-3203,-971,-986,-1053]],"type":"Polygon","properties":{"divipola_mun":"85400","divipola_mun_n":85400,"divipola_dep":"85","divipola_dep_n":85,"mpio_nombre":"TÁMARA","dpto_nombre":"CASANARE","area_km2":1088.5301}},{"arcs":[[-954,-3194,-3215,-3191,-3198,-2272,3219,-3200]],"type":"Polygon","properties":{"divipola_mun":"85410","divipola_mun_n":85410,"divipola_dep":"85","divipola_dep_n":85,"mpio_nombre":"TAURAMENA","dpto_nombre":"CASANARE","area_km2":2380.1742}},{"arcs":[[-3209,3220,3221,-3218,-3213]],"type":"Polygon","properties":{"divipola_mun":"85430","divipola_mun_n":85430,"divipola_dep":"85","divipola_dep_n":85,"mpio_nombre":"TRINIDAD","dpto_nombre":"CASANARE","area_km2":2959.9088}},{"arcs":[[-2213,-3216,-3201,-3220,-2271,-2215]],"type":"Polygon","properties":{"divipola_mun":"85440","divipola_mun_n":85440,"divipola_dep":"85","divipola_dep_n":85,"mpio_nombre":"VILLANUEVA","dpto_nombre":"CASANARE","area_km2":832.1606}},{"arcs":[[-1356,3222,3223,3224,3225,3226,-2378,-1379]],"type":"Polygon","properties":{"divipola_mun":"86001","divipola_mun_n":86001,"divipola_dep":"86","divipola_dep_n":86,"mpio_nombre":"MOCOA","dpto_nombre":"PUTUMAYO","area_km2":1305.2636}},{"arcs":[[-2328,3227,3228]],"type":"Polygon","properties":{"divipola_mun":"86219","divipola_mun_n":86219,"divipola_dep":"86","divipola_dep_n":86,"mpio_nombre":"COLÓN","dpto_nombre":"PUTUMAYO","area_km2":64.3175}},{"arcs":[[-2293,3229,3230,3231,3232,-2412,-2344,-2455,-2386]],"type":"Polygon","properties":{"divipola_mun":"86320","divipola_mun_n":86320,"divipola_dep":"86","divipola_dep_n":86,"mpio_nombre":"ORITO","dpto_nombre":"PUTUMAYO","area_km2":1940.5942}},{"arcs":[[-3232,3233,3234,3235,3236,3237,3238]],"type":"Polygon","properties":{"divipola_mun":"86568","divipola_mun_n":86568,"divipola_dep":"86","divipola_dep_n":86,"mpio_nombre":"PUERTO ASÍS","dpto_nombre":"PUTUMAYO","area_km2":2819.8437}},{"arcs":[[-3224,3239,-3234,-3231,3240]],"type":"Polygon","properties":{"divipola_mun":"86569","divipola_mun_n":86569,"divipola_dep":"86","divipola_dep_n":86,"mpio_nombre":"PUERTO CAICEDO","dpto_nombre":"PUTUMAYO","area_km2":926.8428}},{"arcs":[[-1195,-1234,-1230,3241,-3235,-3240,-3223,-1355]],"type":"Polygon","properties":{"divipola_mun":"86571","divipola_mun_n":86571,"divipola_dep":"86","divipola_dep_n":86,"mpio_nombre":"PUERTO GUZMÁN","dpto_nombre":"PUTUMAYO","area_km2":4576.3517}},{"arcs":[[-1229,3242,3243,-3236,-3242]],"type":"Polygon","properties":{"divipola_mun":"86573","divipola_mun_n":86573,"divipola_dep":"86","divipola_dep_n":86,"mpio_nombre":"PUERTO LEGUÍZAMO","dpto_nombre":"PUTUMAYO","area_km2":10900.426}},{"arcs":[[-2379,-3227,3244,-3228]],"type":"Polygon","properties":{"divipola_mun":"86749","divipola_mun_n":86749,"divipola_dep":"86","divipola_dep_n":86,"mpio_nombre":"SIBUNDOY","dpto_nombre":"PUTUMAYO","area_km2":97.7963}},{"arcs":[[-3226,3245,3246,-3245]],"type":"Polygon","properties":{"divipola_mun":"86755","divipola_mun_n":86755,"divipola_dep":"86","divipola_dep_n":86,"mpio_nombre":"SAN FRANCISCO","dpto_nombre":"PUTUMAYO","area_km2":407.5962}},{"arcs":[[-3238,3247,3248]],"type":"Polygon","properties":{"divipola_mun":"86757","divipola_mun_n":86757,"divipola_dep":"86","divipola_dep_n":86,"mpio_nombre":"SAN MIGUEL","dpto_nombre":"PUTUMAYO","area_km2":379.9683}},{"arcs":[[-2291,-2329,-3229,-3247,3249]],"type":"Polygon","properties":{"divipola_mun":"86760","divipola_mun_n":86760,"divipola_dep":"86","divipola_dep_n":86,"mpio_nombre":"SANTIAGO","dpto_nombre":"PUTUMAYO","area_km2":342.1607}},{"arcs":[[-2413,-3233,-3239,-3249,3250]],"type":"Polygon","properties":{"divipola_mun":"86865","divipola_mun_n":86865,"divipola_dep":"86","divipola_dep_n":86,"mpio_nombre":"VALLE DEL GUAMUEZ","dpto_nombre":"PUTUMAYO","area_km2":815.6612}},{"arcs":[[-2292,-3250,-3246,-3225,-3241,-3230]],"type":"Polygon","properties":{"divipola_mun":"86885","divipola_mun_n":86885,"divipola_dep":"86","divipola_dep_n":86,"mpio_nombre":"VILLAGARZÓN","dpto_nombre":"PUTUMAYO","area_km2":1397.7027}},{"arcs":[[[3251]],[[3252]],[[3253]]],"type":"MultiPolygon","properties":{"divipola_mun":"88001","divipola_mun_n":88001,"divipola_dep":"88","divipola_dep_n":88,"mpio_nombre":"SAN ANDRÉS","dpto_nombre":"ARCHIPIÉLAGO DE SAN ANDRÉS, PROVIDENCIA Y SANTA CATALINA","area_km2":27.2653}},{"arcs":[[[3254]],[[3255]]],"type":"MultiPolygon","properties":{"divipola_mun":"88564","divipola_mun_n":88564,"divipola_dep":"88","divipola_dep_n":88,"mpio_nombre":"PROVIDENCIA","dpto_nombre":"ARCHIPIÉLAGO DE SAN ANDRÉS, PROVIDENCIA Y SANTA CATALINA","area_km2":22.3233}},{"arcs":[[3256,3257,3258]],"type":"Polygon","properties":{"divipola_mun":"91001","divipola_mun_n":91001,"divipola_dep":"91","divipola_dep_n":91,"mpio_nombre":"LETICIA","dpto_nombre":"AMAZONAS","area_km2":6158.331}},{"arcs":[[3259,3260,3261,3262]],"type":"Polygon","properties":{"divipola_mun":"91263","divipola_mun_n":91263,"divipola_dep":"91","divipola_dep_n":91,"mpio_nombre":"EL ENCANTO","dpto_nombre":"AMAZONAS","area_km2":10874.2647}},{"arcs":[[-1228,3263,3264,-3260,3265]],"type":"Polygon","properties":{"divipola_mun":"91405","divipola_mun_n":91405,"divipola_dep":"91","divipola_dep_n":91,"mpio_nombre":"LA CHORRERA","dpto_nombre":"AMAZONAS","area_km2":12641.4491}},{"arcs":[[3266,3267,3268,3269,3270,3271]],"type":"Polygon","properties":{"divipola_mun":"91407","divipola_mun_n":91407,"divipola_dep":"91","divipola_dep_n":91,"mpio_nombre":"LA PEDRERA","dpto_nombre":"AMAZONAS","area_km2":13614.7965}},{"arcs":[[-1225,3272,3273]],"type":"Polygon","properties":{"divipola_mun":"91430","divipola_mun_n":91430,"divipola_dep":"91","divipola_dep_n":91,"mpio_nombre":"LA VICTORIA","dpto_nombre":"AMAZONAS","area_km2":1428.2028}},{"arcs":[[-1226,-3274,3274,-3271,3275,3276]],"type":"Polygon","properties":{"divipola_mun":"91460","divipola_mun_n":91460,"divipola_dep":"91","divipola_dep_n":91,"mpio_nombre":"MIRITÍ - PARANÁ","dpto_nombre":"AMAZONAS","area_km2":16814.3735}},{"arcs":[[-3243,-3266,-3263,3277]],"type":"Polygon","properties":{"divipola_mun":"91530","divipola_mun_n":91530,"divipola_dep":"91","divipola_dep_n":91,"mpio_nombre":"PUERTO ALEGRÍA","dpto_nombre":"AMAZONAS","area_km2":8481.8245}},{"arcs":[[-3261,-3265,3278,-3276,-3270,3279,3280]],"type":"Polygon","properties":{"divipola_mun":"91536","divipola_mun_n":91536,"divipola_dep":"91","divipola_dep_n":91,"mpio_nombre":"PUERTO ARICA","dpto_nombre":"AMAZONAS","area_km2":13806.0757}},{"arcs":[[-3258,3281]],"type":"Polygon","properties":{"divipola_mun":"91540","divipola_mun_n":91540,"divipola_dep":"91","divipola_dep_n":91,"mpio_nombre":"PUERTO NARIÑO","dpto_nombre":"AMAZONAS","area_km2":1503.75}},{"arcs":[[-1227,-3277,-3279,-3264]],"type":"Polygon","properties":{"divipola_mun":"91669","divipola_mun_n":91669,"divipola_dep":"91","divipola_dep_n":91,"mpio_nombre":"PUERTO SANTANDER","dpto_nombre":"AMAZONAS","area_km2":14691.9855}},{"arcs":[[-3259,3282,-3280,-3269,3283]],"type":"Polygon","properties":{"divipola_mun":"91798","divipola_mun_n":91798,"divipola_dep":"91","divipola_dep_n":91,"mpio_nombre":"TARAPACÁ","dpto_nombre":"AMAZONAS","area_km2":9159.7753}},{"arcs":[[3284,3285,3286,3287,3288,3289,3290]],"type":"Polygon","properties":{"divipola_mun":"94001","divipola_mun_n":94001,"divipola_dep":"94","divipola_dep_n":94,"mpio_nombre":"INÍRIDA","dpto_nombre":"GUAINÍA","area_km2":15891.2325}},{"arcs":[[-3289,3291,3292,3293]],"type":"Polygon","properties":{"divipola_mun":"94343","divipola_mun_n":94343,"divipola_dep":"94","divipola_dep_n":94,"mpio_nombre":"BARRANCOMINAS","dpto_nombre":"GUAINÍA","area_km2":14342.9954}},{"arcs":[[3294,3295,3296,3297]],"type":"Polygon","properties":{"divipola_mun":"94883","divipola_mun_n":94883,"divipola_dep":"94","divipola_dep_n":94,"mpio_nombre":"SAN FELIPE","dpto_nombre":"GUAINÍA","area_km2":2909.709}},{"arcs":[[-3286,3298,3299,-3298,3300,3301]],"type":"Polygon","properties":{"divipola_mun":"94884","divipola_mun_n":94884,"divipola_dep":"94","divipola_dep_n":94,"mpio_nombre":"PUERTO COLOMBIA","dpto_nombre":"GUAINÍA","area_km2":15620.4228}},{"arcs":[[-3296,3302]],"type":"Polygon","properties":{"divipola_mun":"94885","divipola_mun_n":94885,"divipola_dep":"94","divipola_dep_n":94,"mpio_nombre":"LA GUADALUPE","dpto_nombre":"GUAINÍA","area_km2":1171.8917}},{"arcs":[[-3285,3303,-3299]],"type":"Polygon","properties":{"divipola_mun":"94886","divipola_mun_n":94886,"divipola_dep":"94","divipola_dep_n":94,"mpio_nombre":"CACAHUAL","dpto_nombre":"GUAINÍA","area_km2":2322.4323}},{"arcs":[[-3287,-3302,3304,3305,3306,3307]],"type":"Polygon","properties":{"divipola_mun":"94887","divipola_mun_n":94887,"divipola_dep":"94","divipola_dep_n":94,"mpio_nombre":"PANA PANA","dpto_nombre":"GUAINÍA","area_km2":10180.9467}},{"arcs":[[-3288,-3308,3308,3309,3310,-3292]],"type":"Polygon","properties":{"divipola_mun":"94888","divipola_mun_n":94888,"divipola_dep":"94","divipola_dep_n":94,"mpio_nombre":"MORICHAL","dpto_nombre":"GUAINÍA","area_km2":8513.7919}},{"arcs":[[-2245,3311,-3293,-3311,3312,3313,-2257,-2285,-2280,-2262]],"type":"Polygon","properties":{"divipola_mun":"95001","divipola_mun_n":95001,"divipola_dep":"95","divipola_dep_n":95,"mpio_nombre":"SAN JOSÉ DEL GUAVIARE","dpto_nombre":"GUAVIARE","area_km2":16712.394}},{"arcs":[[-1220,-2258,-3314,3314,3315,-1222]],"type":"Polygon","properties":{"divipola_mun":"95015","divipola_mun_n":95015,"divipola_dep":"95","divipola_dep_n":95,"mpio_nombre":"CALAMAR","dpto_nombre":"GUAVIARE","area_km2":13510.3202}},{"arcs":[[-3310,3316,3317,3318,-3315,-3313]],"type":"Polygon","properties":{"divipola_mun":"95025","divipola_mun_n":95025,"divipola_dep":"95","divipola_dep_n":95,"mpio_nombre":"EL RETORNO","dpto_nombre":"GUAVIARE","area_km2":12405.9055}},{"arcs":[[-1223,-3316,-3319,3319,3320]],"type":"Polygon","properties":{"divipola_mun":"95200","divipola_mun_n":95200,"divipola_dep":"95","divipola_dep_n":95,"mpio_nombre":"MIRAFLORES","dpto_nombre":"GUAVIARE","area_km2":12774.7439}},{"arcs":[[-3306,3321,3322,3323,3324,3325,3326]],"type":"Polygon","properties":{"divipola_mun":"97001","divipola_mun_n":97001,"divipola_dep":"97","divipola_dep_n":97,"mpio_nombre":"MITÚ","dpto_nombre":"VAUPÉS","area_km2":16156.419}},{"arcs":[[-3318,3327,-3326,3328,-3320]],"type":"Polygon","properties":{"divipola_mun":"97161","divipola_mun_n":97161,"divipola_dep":"97","divipola_dep_n":97,"mpio_nombre":"CARURÚ","dpto_nombre":"VAUPÉS","area_km2":6349.0373}},{"arcs":[[-1224,-3321,-3329,-3325,3329,3330,-3272,-3275,-3273]],"type":"Polygon","properties":{"divipola_mun":"97511","divipola_mun_n":97511,"divipola_dep":"97","divipola_dep_n":97,"mpio_nombre":"PACOA","dpto_nombre":"VAUPÉS","area_km2":13946.8422}},{"arcs":[[-3267,-3331,3331]],"type":"Polygon","properties":{"divipola_mun":"97666","divipola_mun_n":97666,"divipola_dep":"97","divipola_dep_n":97,"mpio_nombre":"TARAIRA","dpto_nombre":"VAUPÉS","area_km2":6484.2361}},{"arcs":[[-3307,-3327,-3328,-3317,-3309]],"type":"Polygon","properties":{"divipola_mun":"97777","divipola_mun_n":97777,"divipola_dep":"97","divipola_dep_n":97,"mpio_nombre":"PAPUNAHUA","dpto_nombre":"VAUPÉS","area_km2":5531.9088}},{"arcs":[[-3323,3332]],"type":"Polygon","properties":{"divipola_mun":"97889","divipola_mun_n":97889,"divipola_dep":"97","divipola_dep_n":97,"mpio_nombre":"YAVARATÉ","dpto_nombre":"VAUPÉS","area_km2":4640.8946}},{"arcs":[[3333,3334,3335]],"type":"Polygon","properties":{"divipola_mun":"99001","divipola_mun_n":99001,"divipola_dep":"99","divipola_dep_n":99,"mpio_nombre":"PUERTO CARREÑO","dpto_nombre":"VICHADA","area_km2":12142.3234}},{"arcs":[[-3173,3336,-3335,3337,3338,-3221,-3208]],"type":"Polygon","properties":{"divipola_mun":"99524","divipola_mun_n":99524,"divipola_dep":"99","divipola_dep_n":99,"mpio_nombre":"LA PRIMAVERA","dpto_nombre":"VICHADA","area_km2":18492.1072}},{"arcs":[[-2268,-3207,-3219,-3222,-3339,3339]],"type":"Polygon","properties":{"divipola_mun":"99624","divipola_mun_n":99624,"divipola_dep":"99","divipola_dep_n":99,"mpio_nombre":"SANTA ROSALÍA","dpto_nombre":"VICHADA","area_km2":3679.005}},{"arcs":[[-2244,-2269,-3340,-3338,-3334,3340,-3290,-3294,-3312]],"type":"Polygon","properties":{"divipola_mun":"99773","divipola_mun_n":99773,"divipola_dep":"99","divipola_dep_n":99,"mpio_nombre":"CUMARIBO","dpto_nombre":"VICHADA","area_km2":65319.2851}}]}}}