{"type":"FeatureCollection", "features": [
{"type":"Feature","geometry":{"type":"Polygon","coordinates":[[[-74.8305,8.2],[-74.834,8.202],[-74.861,8.201],[-74.868,8.196],[-74.8665,8.1785],[-74.87,8.166],[-74.8685,8.1575],[-74.8835,8.1385],[-74.886,8.131],[-74.894,8.1215],[-74.894,8.1155],[-74.9035,8.106],[-74.911,8.104],[-74.922,8.089],[-74.928,8.0745],[-74.9555,8.0795],[-74.9665,8.09],[-74.99,8.075],[-75.003,8.075],[-75.0135,8.0705],[-75.02,8.059],[-75.0275,8.053],[-75.043,8.05],[-75.0485,8.0425],[-75.056,8.048],[-75.0815,8.0545],[-75.082,8.063],[-75.0955,8.07],[-75.101,8.0555],[-75.1155,8.0485],[-75.1215,8.0415],[-75.1315,8.0445],[-75.1325,8.0535],[-75.155,8.051],[-75.163,8.053],[-75.179,8.05],[-75.186,8.0445],[-75.193,8.0475],[-75.196,8.0565],[-75.2085,8.0565],[-75.2205,8.0665],[-75.227,8.063],[-75.2305,8.0535],[-75.2465,8.043],[-75.248,8.038],[-75.2375,8.0315],[-75.2435,8.009],[-75.252,8.001],[-75.2655,8],[-75.274,7.992],[-75.279,7.981],[-75.287,7.9745],[-75.292,7.96],[-75.3015,7.958],[-75.3095,7.9475],[-75.336,7.9465],[-75.3375,7.939],[-75.33,7.937],[-75.329,7.927],[-75.3355,7.921],[-75.3355,7.907],[-75.3445,7.892],[-75.3435,7.8815],[-75.3545,7.869],[-75.365,7.868],[-75.3765,7.8635],[-75.391,7.863],[-75.4045,7.8575],[-75.405,7.843],[-75.416,7.839],[-75.4185,7.8235],[-75.428,7.818],[-75.435,7.82],[-75.4465,7.8295],[-75.4585,7.834],[-75.467,7.826],[-75.466,7.819],[-75.4555,7.809],[-75.454,7.803],[-75.4615,7.7855],[-75.4745,7.777],[-75.4795,7.7655],[-75.48,7.7465],[-75.4855,7.7345],[-75.4955,7.7215],[-75.503,7.7185],[-75.5185,7.7255],[-75.5305,7.725],[-75.538,7.715],[-75.534,7.7025],[-75.534,7.6915],[-75.54,7.678],[-75.5515,7.6665],[-75.552,7.6545],[-75.549,7.645],[-75.5575,7.6435],[-75.5515,7.6325],[-75.555,7.6245],[-75.571,7.625],[-75.576,7.617],[-75.5925,7.604],[-75.6015,7.602],[-75.6015,7.5895],[-75.605,7.5855],[-75.6195,7.5825],[-75.6455,7.586],[-75.6535,7.5925],[-75.677,7.5955],[-75.6805,7.585],[-75.6975,7.581],[-75.712,7.5815],[-75.721,7.5885],[-75.7425,7.612],[-75.7515,7.6135],[-75.755,7.608],[-75.7655,7.602],[-75.761,7.5885],[-75.761,7.5775],[-75.7685,7.5665],[-75.7735,7.565],[-75.7725,7.554],[-75.7765,7.545],[-75.767,7.529],[-75.7765,7.5235],[-75.787,7.512],[-75.775,7.5015],[-75.7825,7.4915],[-75.7815,7.4845],[-75.788,7.4735],[-75.7875,7.46],[-75.802,7.446],[-75.8115,7.447],[-75.8215,7.444],[-75.8275,7.4265],[-75.818,7.4165],[-75.8295,7.4075],[-75.8355,7.389],[-75.8335,7.3715],[-75.8455,7.354],[-75.8455,7.347],[-76.008,7.3605],[-76.1875,7.3755],[-76.381,7.3915],[-76.39,7.397],[-76.403,7.413],[-76.413,7.415],[-76.424,7.433],[-76.423,7.441],[-76.427,7.4485],[-76.4375,7.457],[-76.439,7.4695],[-76.445,7.4795],[-76.4545,7.4825],[-76.4525,7.5005],[-76.461,7.509],[-76.4625,7.517],[-76.4745,7.5215],[-76.48,7.5375],[-76.4945,7.542],[-76.493,7.55],[-76.5015,7.5545],[-76.5105,7.5825],[-76.5145,7.5865],[-76.5085,7.602],[-76.512,7.61],[-76.5045,7.6175],[-76.5025,7.627],[-76.4925,7.6405],[-76.4955,7.653],[-76.4905,7.6625],[-76.4855,7.6895],[-76.4915,7.717],[-76.491,7.7305],[-76.4965,7.7495],[-76.4835,7.758],[-76.4805,7.7765],[-76.4835,7.8035],[-76.479,7.813],[-76.481,7.8205],[-76.4735,7.839],[-76.465,7.849],[-76.464,7.872],[-76.4495,7.8785],[-76.4455,7.8935],[-76.438,7.905],[-76.421,7.912],[-76.419,7.927],[-76.423,7.9505],[-76.4155,7.9545],[-76.417,7.9825],[-76.4115,8.007],[-76.418,8.0145],[-76.427,8.0185],[-76.4225,8.0295],[-76.429,8.0355],[-76.4295,8.056],[-76.4235,8.061],[-76.4225,8.074],[-76.4085,8.074],[-76.4065,8.088],[-76.4085,8.0995],[-76.375,8.1115],[-76.371,8.15],[-76.367,8.153],[-76.3575,8.146],[-76.3485,8.1555],[-76.3355,8.1475],[-76.3325,8.1555],[-76.3495,8.172],[-76.3535,8.1835],[-76.3515,8.2035],[-76.343,8.211],[-76.3335,8.2295],[-76.334,8.237],[-76.329,8.2445],[-76.324,8.2645],[-76.3145,8.2705],[-76.3105,8.281],[-76.3035,8.2845],[-76.3,8.2985],[-76.3035,8.311],[-76.2945,8.315],[-76.288,8.328],[-76.2685,8.351],[-76.25,8.3625],[-76.243,8.37],[-76.237,8.37],[-76.227,8.381],[-76.218,8.3845],[-76.2,8.3875],[-76.1805,8.396],[-76.1885,8.4075],[-76.197,8.4235],[-76.2035,8.4235],[-76.212,8.43],[-76.2185,8.4435],[-76.21,8.475],[-76.2085,8.5025],[-76.21,8.523],[-76.228,8.542],[-76.2365,8.5525],[-76.237,8.5595],[-76.223,8.5635],[-76.223,8.5735],[-76.244,8.572],[-76.2655,8.584],[-76.255,8.593],[-76.2515,8.6125],[-76.265,8.6175],[-76.2685,8.6225],[-76.266,8.639],[-76.2825,8.6445],[-76.295,8.653],[-76.303,8.652],[-76.3185,8.656],[-76.328,8.652],[-76.34,8.641],[-76.345,8.6425],[-76.3495,8.6575],[-76.3515,8.676],[-76.3555,8.6825],[-76.3555,8.693],[-76.3675,8.7145],[-76.368,8.7205],[-76.3995,8.746],[-76.416,8.749],[-76.4195,8.755],[-76.4155,8.7625],[-76.3995,8.7795],[-76.3895,8.7835],[-76.381,8.794],[-76.4135,8.874],[-76.419,8.862],[-76.441,8.846],[-76.48,8.8265],[-76.488,8.8165],[-76.5115,8.803],[-76.513,8.7835],[-76.524,8.7735],[-76.5445,8.7625],[-76.584,8.746],[-76.6085,8.741],[-76.611,8.737],[-76.631,8.7315],[-76.6285,8.72],[-76.638,8.709],[-76.6335,8.6975],[-76.634,8.6905],[-76.6495,8.671],[-76.6775,8.6595],[-76.7145,8.6495],[-76.747,8.6435],[-76.779,8.6355],[-76.7985,8.6315],[-76.8465,8.625],[-76.885,8.623],[-76.8895,8.5955],[-76.899,8.5835],[-76.9365,8.5565],[-76.9385,8.552],[-76.935,8.5365],[-76.9275,8.542],[-76.917,8.5385],[-76.894,8.5255],[-76.8505,8.5115],[-76.837,8.5055],[-76.824,8.4955],[-76.809,8.4785],[-76.7985,8.4575],[-76.7945,8.435],[-76.788,8.421],[-76.7735,8.4205],[-76.7615,8.4045],[-76.7575,8.382],[-76.761,8.3495],[-76.754,8.338],[-76.754,8.323],[-76.7595,8.3035],[-76.774,8.268],[-76.771,8.2585],[-76.76,8.252],[-76.755,8.2385],[-76.7535,8.2185],[-76.7505,8.216],[-76.748,8.1955],[-76.739,8.1675],[-76.741,8.151],[-76.7465,8.1365],[-76.759,8.1215],[-76.7485,8.11],[-76.74,8.111],[-76.7435,8.065],[-76.733,8.071],[-76.737,8.087],[-76.724,8.083],[-76.721,8.0715],[-76.715,8.0615],[-76.7195,8.0405],[-76.734,8.0395],[-76.728,8.0305],[-76.7355,8.0205],[-76.7425,8.0185],[-76.743,8.011],[-76.731,7.998],[-76.726,7.9835],[-76.7325,7.971],[-76.7445,7.962],[-76.74,7.947],[-76.747,7.941],[-76.7575,7.9415],[-76.747,7.929],[-76.7485,7.922],[-76.7565,7.915],[-76.768,7.9105],[-76.7965,7.905],[-76.828,7.903],[-76.8855,7.9055],[-76.912,7.912],[-76.922,7.9175],[-76.9315,7.933],[-76.9325,7.942],[-76.9285,7.968],[-76.9275,7.9905],[-76.9205,7.999],[-76.927,8.0075],[-76.925,8.0245],[-76.9135,8.0405],[-76.9045,8.045],[-76.8835,8.0435],[-76.8745,8.029],[-76.8585,8.0225],[-76.8515,8.023],[-76.8435,8.016],[-76.836,8.025],[-76.8475,8.0275],[-76.848,8.032],[-76.8605,8.0365],[-76.858,8.0435],[-76.8705,8.0485],[-76.8695,8.055],[-76.8535,8.057],[-76.8455,8.051],[-76.832,8.047],[-76.8395,8.0595],[-76.8615,8.063],[-76.8655,8.0745],[-76.8345,8.081],[-76.826,8.095],[-76.849,8.088],[-76.8555,8.0945],[-76.852,8.1075],[-76.8565,8.1135],[-76.843,8.124],[-76.8375,8.1225],[-76.815,8.135],[-76.8235,8.138],[-76.8425,8.1365],[-76.8905,8.129],[-76.888,8.1155],[-76.8965,8.1095],[-76.9005,8.1025],[-76.929,8.0905],[-76.9345,8.0965],[-76.9345,8.11],[-76.9505,8.122],[-76.9495,8.1465],[-76.9435,8.155],[-76.9405,8.167],[-76.928,8.1745],[-76.9115,8.181],[-76.9275,8.184],[-76.9255,8.2015],[-76.935,8.204],[-76.9345,8.189],[-76.9395,8.181],[-76.9465,8.185],[-76.9565,8.184],[-76.962,8.195],[-76.967,8.213],[-76.965,8.222],[-76.9685,8.229],[-76.967,8.239],[-76.9545,8.242],[-76.9505,8.2535],[-76.9625,8.256],[-76.98,8.2555],[-76.9785,8.2275],[-76.9665,8.192],[-76.9495,8.1725],[-76.9545,8.1455],[-76.9555,8.1205],[-76.951,8.108],[-76.9515,8.099],[-76.944,8.0945],[-76.9385,8.068],[-76.9475,8.05],[-76.96,8.037],[-76.9715,8.032],[-76.987,8.031],[-76.9965,8.019],[-77.003,7.9975],[-77.0055,7.973],[-77,7.9585],[-77.004,7.953],[-77.018,7.9505],[-77.0125,7.9385],[-77.016,7.9215],[-77.022,7.909],[-77.0265,7.8905],[-77.0315,7.88],[-77.0475,7.8655],[-77.0585,7.8515],[-77.0805,7.845],[-77.095,7.825],[-77.1055,7.824],[-77.117,7.831],[-77.128,7.8265],[-77.1235,7.8065],[-77.121,7.787],[-77.116,7.7845],[-77.039,7.705],[-77.003,7.6715],[-76.9625,7.642],[-76.9545,7.6235],[-76.943,7.589],[-76.936,7.584],[-76.899,7.582],[-76.825,7.5815],[-76.801,7.572],[-76.6605,7.448],[-76.618,7.315],[-76.6055,7.3135],[-76.5965,7.303],[-76.5745,7.2985],[-76.5635,7.2745],[-76.547,7.259],[-76.53,7.2545],[-76.522,7.2285],[-76.5175,7.2245],[-76.513,7.2045],[-76.506,7.197],[-76.508,7.1845],[-76.5,7.168],[-76.4955,7.147],[-76.4855,7.136],[-76.491,7.132],[-76.498,7.1375],[-76.508,7.139],[-76.509,7.125],[-76.515,7.11],[-76.5235,7.107],[-76.524,7.1],[-76.531,7.093],[-76.53,7.0795],[-76.539,7.0685],[-76.5305,7.0605],[-76.536,7.05],[-76.5355,7.0385],[-76.5455,7.02],[-76.548,7.0015],[-76.5535,6.994],[-76.57,6.9805],[-76.584,6.983],[-76.595,7.0125],[-76.606,7.008],[-76.616,7.016],[-76.628,7.016],[-76.652,7.011],[-76.656,7.0175],[-76.67,7.023],[-76.676,7.0295],[-76.6845,7.0215],[-76.7065,7.025],[-76.825,7.0055],[-76.8345,6.9995],[-76.829,6.98],[-76.819,6.9725],[-76.8235,6.964],[-76.811,6.9615],[-76.81,6.9535],[-76.8,6.9485],[-76.797,6.9325],[-76.7985,6.9255],[-76.7945,6.8965],[-76.788,6.8905],[-76.7855,6.8775],[-76.7935,6.865],[-76.832,6.855],[-76.819,6.846],[-76.821,6.8355],[-76.8315,6.8395],[-76.8365,6.829],[-76.8505,6.8355],[-76.855,6.846],[-76.868,6.8455],[-76.876,6.852],[-76.884,6.848],[-76.891,6.8385],[-76.8995,6.8345],[-76.9165,6.8455],[-76.923,6.8375],[-76.9315,6.8135],[-76.961,6.816],[-76.97,6.813],[-76.972,6.798],[-76.96,6.795],[-76.9585,6.7905],[-76.9655,6.7795],[-76.962,6.764],[-76.9675,6.744],[-76.955,6.7235],[-76.945,6.7245],[-76.936,6.719],[-76.9335,6.71],[-76.942,6.706],[-76.9475,6.6955],[-76.9635,6.6875],[-76.9635,6.6795],[-76.9545,6.675],[-76.94,6.6775],[-76.9375,6.6545],[-76.9245,6.647],[-76.9175,6.66],[-76.9085,6.6705],[-76.9025,6.672],[-76.895,6.663],[-76.8995,6.654],[-76.9105,6.644],[-76.9125,6.635],[-76.907,6.627],[-76.8945,6.6255],[-76.8755,6.6305],[-76.861,6.625],[-76.858,6.6155],[-76.863,6.609],[-76.884,6.609],[-76.891,6.6035],[-76.8985,6.589],[-76.8985,6.579],[-76.8865,6.5615],[-76.882,6.5605],[-76.875,6.57],[-76.865,6.572],[-76.8515,6.5615],[-76.8455,6.53],[-76.839,6.5195],[-76.8275,6.5255],[-76.819,6.5245],[-76.823,6.5125],[-76.8215,6.4895],[-76.8165,6.488],[-76.805,6.506],[-76.797,6.5055],[-76.792,6.496],[-76.777,6.489],[-76.7685,6.479],[-76.767,6.4705],[-76.7815,6.4635],[-76.793,6.4515],[-76.796,6.4385],[-76.784,6.433],[-76.7715,6.44],[-76.762,6.432],[-76.772,6.4205],[-76.786,6.4245],[-76.7955,6.4175],[-76.792,6.409],[-76.77,6.3975],[-76.765,6.3895],[-76.7675,6.381],[-76.7845,6.3815],[-76.7875,6.375],[-76.7745,6.3695],[-76.774,6.359],[-76.7885,6.3515],[-76.791,6.3385],[-76.778,6.33],[-76.7875,6.326],[-76.79,6.319],[-76.783,6.309],[-76.784,6.2925],[-76.777,6.2855],[-76.7545,6.2845],[-76.7495,6.274],[-76.7595,6.2605],[-76.756,6.2515],[-76.748,6.245],[-76.7325,6.237],[-76.723,6.237],[-76.727,6.2265],[-76.7175,6.215],[-76.721,6.1985],[-76.714,6.19],[-76.7205,6.1775],[-76.716,6.171],[-76.7035,6.169],[-76.694,6.163],[-76.685,6.163],[-76.683,6.17],[-76.6715,6.1735],[-76.6635,6.1705],[-76.6555,6.1735],[-76.6455,6.168],[-76.6265,6.183],[-76.6205,6.183],[-76.6015,6.1925],[-76.5965,6.187],[-76.5825,6.189],[-76.571,6.1865],[-76.56,6.18],[-76.5315,6.1775],[-76.5175,6.1795],[-76.508,6.174],[-76.5005,6.1745],[-76.4895,6.1695],[-76.4815,6.1605],[-76.475,6.1605],[-76.4755,6.171],[-76.4675,6.1765],[-76.4505,6.169],[-76.438,6.1695],[-76.42,6.1655],[-76.411,6.1705],[-76.405,6.1855],[-76.39,6.1915],[-76.378,6.1935],[-76.3625,6.1925],[-76.3515,6.196],[-76.331,6.197],[-76.3265,6.2025],[-76.3095,6.2],[-76.2955,6.2005],[-76.285,6.1935],[-76.2605,6.2095],[-76.2505,6.204],[-76.2375,6.2085],[-76.225,6.193],[-76.2235,6.188],[-76.2095,6.1845],[-76.2145,6.174],[-76.2135,6.167],[-76.2025,6.163],[-76.206,6.1485],[-76.2005,6.141],[-76.2035,6.134],[-76.202,6.122],[-76.196,6.1055],[-76.197,6.08],[-76.1915,6.0595],[-76.183,6.048],[-76.1745,6.0435],[-76.17,6.0255],[-76.1725,6.0175],[-76.1595,6.0035],[-76.149,6.003],[-76.1445,5.998],[-76.132,6],[-76.1235,6.018],[-76.1135,6.0215],[-76.105,6.0185],[-76.0965,6.003],[-76.089,6],[-76.0875,5.9905],[-76.071,5.984],[-76.067,5.978],[-76.0675,5.962],[-76.051,5.9515],[-76.056,5.942],[-76.054,5.931],[-76.0605,5.9255],[-76.0565,5.912],[-76.0565,5.895],[-76.061,5.886],[-76.074,5.8875],[-76.0825,5.8805],[-76.0875,5.866],[-76.099,5.85],[-76.0995,5.831],[-76.0815,5.8155],[-76.0815,5.8],[-76.0845,5.791],[-76.0715,5.7815],[-76.0805,5.769],[-76.074,5.7615],[-76.0655,5.7655],[-76.061,5.758],[-76.071,5.7425],[-76.063,5.727],[-76.0805,5.708],[-76.087,5.6885],[-76.066,5.6715],[-76.066,5.667],[-76.054,5.6615],[-76.044,5.654],[-76.0355,5.6515],[-76.022,5.6355],[-76.0115,5.6305],[-76.006,5.623],[-76.007,5.611],[-76.0025,5.602],[-76.011,5.5945],[-76.0065,5.581],[-76.009,5.5675],[-76.0025,5.56],[-75.9985,5.541],[-75.988,5.5375],[-75.988,5.5285],[-75.983,5.519],[-75.9695,5.5125],[-75.9535,5.509],[-75.936,5.51],[-75.9305,5.508],[-75.9225,5.493],[-75.9095,5.487],[-75.905,5.48],[-75.8835,5.4835],[-75.8745,5.4905],[-75.868,5.49],[-75.8635,5.5055],[-75.8555,5.5005],[-75.85,5.4925],[-75.8325,5.489],[-75.8255,5.496],[-75.817,5.512],[-75.807,5.5145],[-75.7885,5.5375],[-75.783,5.5405],[-75.773,5.537],[-75.765,5.548],[-75.7545,5.552],[-75.745,5.5525],[-75.73,5.5635],[-75.7265,5.5575],[-75.709,5.544],[-75.701,5.5315],[-75.693,5.527],[-75.6895,5.5195],[-75.6705,5.5295],[-75.6565,5.5255],[-75.6435,5.531],[-75.6275,5.526],[-75.6165,5.5325],[-75.596,5.518],[-75.5765,5.517],[-75.5695,5.523],[-75.569,5.54],[-75.576,5.5495],[-75.577,5.565],[-75.575,5.5745],[-75.5805,5.592],[-75.58,5.6065],[-75.584,5.618],[-75.584,5.6315],[-75.59,5.642],[-75.5845,5.6555],[-75.5735,5.662],[-75.574,5.67],[-75.589,5.674],[-75.5995,5.681],[-75.5995,5.6965],[-75.5955,5.7115],[-75.599,5.7155],[-75.599,5.7375],[-75.587,5.7345],[-75.5695,5.725],[-75.5545,5.7245],[-75.5435,5.7205],[-75.544,5.709],[-75.536,5.692],[-75.5205,5.6955],[-75.5085,5.681],[-75.5055,5.6845],[-75.489,5.6775],[-75.4785,5.6645],[-75.4615,5.6725],[-75.4545,5.682],[-75.4425,5.6855],[-75.4295,5.6965],[-75.4125,5.6945],[-75.4065,5.681],[-75.3965,5.6775],[-75.377,5.674],[-75.368,5.6545],[-75.3685,5.64],[-75.3835,5.6275],[-75.3825,5.6205],[-75.3735,5.609],[-75.3635,5.6015],[-75.34,5.603],[-75.346,5.587],[-75.3395,5.58],[-75.3385,5.5685],[-75.33,5.5625],[-75.328,5.555],[-75.334,5.55],[-75.3295,5.539],[-75.3305,5.533],[-75.3215,5.5175],[-75.3115,5.51],[-75.316,5.4925],[-75.3135,5.4825],[-75.3185,5.467],[-75.304,5.4655],[-75.297,5.474],[-75.2835,5.4665],[-75.287,5.4595],[-75.2835,5.4425],[-75.279,5.4375],[-75.281,5.424],[-75.276,5.4185],[-75.2695,5.426],[-75.2545,5.449],[-75.25,5.4605],[-75.2435,5.464],[-75.2305,5.49],[-75.2205,5.503],[-75.206,5.5075],[-75.2015,5.516],[-75.181,5.5235],[-75.1475,5.53],[-75.138,5.527],[-75.132,5.537],[-75.13,5.553],[-75.121,5.559],[-75.1125,5.5715],[-75.1035,5.574],[-75.0915,5.586],[-75.0875,5.5975],[-75.095,5.6055],[-75.089,5.6155],[-75.0915,5.6275],[-75.099,5.6425],[-75.087,5.6605],[-75.077,5.6565],[-75.067,5.665],[-75.052,5.665],[-75.0485,5.661],[-75.0285,5.6745],[-75.0085,5.683],[-75.0015,5.6935],[-75,5.7015],[-74.993,5.705],[-74.993,5.7155],[-74.9805,5.7175],[-74.971,5.715],[-74.952,5.72],[-74.9295,5.734],[-74.9005,5.7365],[-74.8865,5.739],[-74.88,5.746],[-74.865,5.747],[-74.855,5.7445],[-74.8375,5.7345],[-74.834,5.7195],[-74.8205,5.7085],[-74.811,5.7095],[-74.8065,5.6995],[-74.797,5.702],[-74.7905,5.696],[-74.7835,5.696],[-74.7705,5.6905],[-74.7665,5.699],[-74.753,5.6965],[-74.739,5.6995],[-74.7375,5.707],[-74.7255,5.7235],[-74.7275,5.7385],[-74.7215,5.756],[-74.7125,5.7585],[-74.7145,5.769],[-74.6935,5.773],[-74.6795,5.779],[-74.6705,5.7685],[-74.665,5.7685],[-74.661,5.7785],[-74.6535,5.7865],[-74.647,5.8085],[-74.6515,5.824],[-74.651,5.833],[-74.638,5.8665],[-74.624,5.8825],[-74.6125,5.8895],[-74.5905,5.8945],[-74.5855,5.903],[-74.5855,5.925],[-74.5965,5.9295],[-74.6085,5.9455],[-74.6075,5.955],[-74.6125,5.966],[-74.6035,5.981],[-74.594,5.986],[-74.5785,5.983],[-74.569,5.987],[-74.5625,6.002],[-74.5715,6.0345],[-74.5715,6.043],[-74.5615,6.0785],[-74.576,6.0825],[-74.5845,6.088],[-74.598,6.106],[-74.604,6.1115],[-74.6115,6.1265],[-74.6085,6.1385],[-74.6025,6.145],[-74.597,6.16],[-74.589,6.166],[-74.5795,6.187],[-74.575,6.192],[-74.571,6.207],[-74.5735,6.2155],[-74.5615,6.2305],[-74.5525,6.238],[-74.544,6.2505],[-74.5395,6.2645],[-74.5265,6.2735],[-74.516,6.282],[-74.5005,6.289],[-74.497,6.295],[-74.485,6.3055],[-74.4725,6.3105],[-74.4505,6.332],[-74.4465,6.3405],[-74.445,6.3565],[-74.4405,6.371],[-74.4205,6.3925],[-74.3905,6.394],[-74.373,6.406],[-74.3685,6.415],[-74.374,6.429],[-74.391,6.4435],[-74.397,6.452],[-74.4045,6.471],[-74.4045,6.4775],[-74.3945,6.494],[-74.3945,6.506],[-74.403,6.5275],[-74.4065,6.5495],[-74.403,6.568],[-74.4075,6.576],[-74.409,6.5865],[-74.4045,6.594],[-74.3875,6.6035],[-74.38,6.616],[-74.3675,6.623],[-74.3595,6.633],[-74.346,6.6345],[-74.3285,6.631],[-74.312,6.6545],[-74.293,6.6575],[-74.2765,6.6635],[-74.2565,6.675],[-74.2455,6.694],[-74.231,6.7105],[-74.206,6.7225],[-74.193,6.72],[-74.1775,6.725],[-74.168,6.734],[-74.1595,6.736],[-74.1425,6.7565],[-74.133,6.755],[-74.115,6.7655],[-74.0965,6.7975],[-74.095,6.8025],[-74.08,6.8245],[-74.079,6.8395],[-74.0675,6.8495],[-74.0635,6.8565],[-74.051,6.869],[-74.039,6.8765],[-74.023,6.8915],[-74.0105,6.9135],[-73.998,6.919],[-73.9875,6.9295],[-73.9745,6.936],[-73.949,6.952],[-73.9355,6.955],[-73.924,6.9675],[-73.9155,6.969],[-73.898,6.986],[-73.8855,7.002],[-73.8815,7.013],[-73.8835,7.034],[-73.888,7.0595],[-73.888,7.07],[-73.8995,7.084],[-73.9125,7.095],[-73.9185,7.105],[-73.9295,7.1155],[-73.933,7.125],[-73.9305,7.151],[-73.933,7.1635],[-73.938,7.1715],[-73.939,7.1825],[-73.925,7.2075],[-73.92,7.242],[-73.924,7.2555],[-73.9245,7.2675],[-73.916,7.2955],[-74.0785,7.1515],[-74.2075,7.0375],[-74.246,7.0025],[-74.259,7.0045],[-74.2605,7.0085],[-74.277,7.012],[-74.2855,7.0065],[-74.306,6.999],[-74.31,7.007],[-74.3225,7.019],[-74.33,7.0105],[-74.335,7.0125],[-74.355,7.0105],[-74.355,7.0295],[-74.3505,7.0565],[-74.353,7.063],[-74.3515,7.0815],[-74.3545,7.087],[-74.3675,7.0925],[-74.372,7.099],[-74.369,7.1055],[-74.369,7.122],[-74.3765,7.1315],[-74.377,7.143],[-74.382,7.1475],[-74.3885,7.1645],[-74.3965,7.172],[-74.4,7.189],[-74.4055,7.189],[-74.41,7.202],[-74.404,7.2105],[-74.408,7.216],[-74.405,7.2285],[-74.3995,7.235],[-74.396,7.2565],[-74.389,7.265],[-74.389,7.2835],[-74.3865,7.299],[-74.3915,7.3005],[-74.399,7.311],[-74.4025,7.324],[-74.3975,7.348],[-74.389,7.3595],[-74.374,7.3645],[-74.3735,7.373],[-74.361,7.388],[-74.361,7.394],[-74.3475,7.403],[-74.3435,7.4125],[-74.3295,7.426],[-74.3195,7.44],[-74.328,7.453],[-74.335,7.4595],[-74.3535,7.4625],[-74.361,7.477],[-74.3715,7.48],[-74.378,7.467],[-74.401,7.4605],[-74.4125,7.4605],[-74.422,7.4435],[-74.412,7.4405],[-74.4155,7.4215],[-74.414,7.3995],[-74.426,7.381],[-74.448,7.3775],[-74.4525,7.366],[-74.467,7.3615],[-74.47,7.3475],[-74.491,7.3435],[-74.496,7.347],[-74.5055,7.362],[-74.508,7.3725],[-74.518,7.385],[-74.527,7.3895],[-74.5345,7.4005],[-74.548,7.4115],[-74.559,7.4145],[-74.5615,7.4295],[-74.579,7.4335],[-74.5985,7.462],[-74.598,7.4685],[-74.588,7.4825],[-74.593,7.4905],[-74.59,7.511],[-74.574,7.5145],[-74.568,7.5195],[-74.57,7.5335],[-74.567,7.539],[-74.57,7.554],[-74.5705,7.5775],[-74.5665,7.585],[-74.5665,7.598],[-74.5625,7.61],[-74.566,7.6175],[-74.5645,7.639],[-74.561,7.6465],[-74.5445,7.6555],[-74.5415,7.6625],[-74.5305,7.671],[-74.517,7.6765],[-74.497,7.678],[-74.491,7.6755],[-74.4765,7.682],[-74.478,7.696],[-74.475,7.7045],[-74.4855,7.708],[-74.4885,7.7135],[-74.4975,7.7115],[-74.508,7.7245],[-74.5125,7.75],[-74.5135,7.781],[-74.5255,7.7825],[-74.5245,7.791],[-74.517,7.8015],[-74.5195,7.8235],[-74.527,7.8375],[-74.527,7.853],[-74.523,7.8635],[-74.524,7.8835],[-74.52,7.901],[-74.526,7.911],[-74.5375,7.919],[-74.5365,7.933],[-74.539,7.947],[-74.5475,7.9495],[-74.56,7.9625],[-74.5615,7.969],[-74.573,7.978],[-74.579,7.995],[-74.591,8.0045],[-74.5975,8.025],[-74.605,8.037],[-74.614,8.0315],[-74.626,8.0365],[-74.631,8.0545],[-74.6425,8.0575],[-74.6515,8.053],[-74.6675,8.06],[-74.674,8.078],[-74.6805,8.0795],[-74.691,8.0905],[-74.7075,8.091],[-74.7115,8.0995],[-74.7185,8.0985],[-74.7255,8.1165],[-74.737,8.1165],[-74.7505,8.1265],[-74.761,8.1265],[-74.7735,8.122],[-74.785,8.1315],[-74.7955,8.148],[-74.7985,8.1595],[-74.812,8.167],[-74.8115,8.1825],[-74.824,8.1985],[-74.8305,8.2]]]},"properties":{"divipola_dep":"05","divipola_dep_n":5,"dpto_nombre":"ANTIOQUIA","area_km2":62788.7331}},
{"type":"Feature","geometry":{"type":"Polygon","coordinates":[[[-74.911,10.254],[-74.908,10.254],[-74.903,10.275],[-74.8955,10.2955],[-74.88,10.3185],[-74.861,10.354],[-74.8655,10.371],[-74.8645,10.379],[-74.858,10.393],[-74.8475,10.403],[-74.836,10.4105],[-74.827,10.411],[-74.818,10.425],[-74.812,10.442],[-74.81,10.4755],[-74.7985,10.496],[-74.7825,10.5155],[-74.767,10.528],[-74.7445,10.538],[-74.736,10.5505],[-74.7385,10.58],[-74.734,10.5925],[-74.725,10.6035],[-74.725,10.6195],[-74.73,10.6295],[-74.74,10.6345],[-74.747,10.6465],[-74.7435,10.6545],[-74.7235,10.667],[-74.725,10.6885],[-74.726,10.736],[-74.7275,10.7605],[-74.7255,10.7675],[-74.7275,10.781],[-74.734,10.7945],[-74.7375,10.8075],[-74.7415,10.846],[-74.7375,10.8605],[-74.7365,10.8885],[-74.7315,10.8965],[-74.7185,10.9095],[-74.7355,10.9205],[-74.754,10.936],[-74.7565,10.9415],[-74.756,10.9705],[-74.7635,10.995],[-74.771,11.005],[-74.785,11.018],[-74.803,11.033],[-74.827,11.0465],[-74.838,11.0575],[-74.846,11.0755],[-74.8485,11.093],[-74.852,11.1055],[-74.8545,11.1055],[-74.846,11.0665],[-74.847,11.0585],[-74.8605,11.052],[-74.8845,11.0445],[-74.9025,11.043],[-74.9205,11.0455],[-74.9225,11.028],[-74.9425,11.017],[-74.9525,11.007],[-74.9585,10.9905],[-74.9725,10.9815],[-75.009,10.9775],[-75.03,10.963],[-75.0385,10.952],[-75.028,10.9495],[-75.0305,10.931],[-75.0415,10.9055],[-75.051,10.896],[-75.0675,10.8875],[-75.0815,10.8865],[-75.085,10.878],[-75.1005,10.8735],[-75.104,10.8665],[-75.1205,10.8635],[-75.143,10.8525],[-75.15,10.8365],[-75.1645,10.83],[-75.1805,10.8295],[-75.1925,10.819],[-75.209,10.8175],[-75.221,10.797],[-75.2305,10.795],[-75.2605,10.8015],[-75.2645,10.7875],[-75.271,10.7785],[-75.264,10.782],[-75.253,10.781],[-75.251,10.775],[-75.235,10.7775],[-75.2275,10.772],[-75.228,10.7605],[-75.241,10.747],[-75.245,10.731],[-75.2495,10.723],[-75.2445,10.7165],[-75.2485,10.703],[-75.243,10.69],[-75.247,10.678],[-75.239,10.6585],[-75.242,10.654],[-75.2285,10.644],[-75.2235,10.631],[-75.2245,10.618],[-75.229,10.6145],[-75.2255,10.603],[-75.2285,10.5815],[-75.237,10.567],[-75.225,10.542],[-75.2345,10.5315],[-75.2415,10.5045],[-75.2405,10.4955],[-75.229,10.476],[-75.224,10.481],[-75.2145,10.475],[-75.2005,10.4705],[-75.205,10.458],[-75.1955,10.449],[-75.1685,10.452],[-75.1585,10.443],[-75.153,10.4345],[-75.1515,10.425],[-75.1395,10.4105],[-75.1265,10.3985],[-75.0865,10.4115],[-75.0745,10.4095],[-75.0685,10.4035],[-75.054,10.383],[-75.044,10.375],[-75.0245,10.3635],[-75.006,10.361],[-74.9815,10.3415],[-74.9655,10.3265],[-74.911,10.254]]]},"properties":{"divipola_dep":"08","divipola_dep_n":8,"dpto_nombre":"ATLÁNTICO","area_km2":3324.2958}},
{"type":"Feature","geometry":{"type":"Polygon","coordinates":[[[-74.053,4.833],[-74.06,4.829],[-74.071,4.829],[-74.0745,4.837],[-74.0865,4.8325],[-74.079,4.822],[-74.087,4.816],[-74.08,4.8085],[-74.0955,4.799],[-74.1055,4.797],[-74.108,4.7885],[-74.115,4.7855],[-74.117,4.762],[-74.13,4.746],[-74.1305,4.731],[-74.1375,4.731],[-74.1605,4.72],[-74.1725,4.7115],[-74.1675,4.6875],[-74.175,4.6765],[-74.17,4.669],[-74.161,4.667],[-74.163,4.6595],[-74.187,4.6515],[-74.197,4.6505],[-74.207,4.6455],[-74.2125,4.6345],[-74.2235,4.626],[-74.204,4.601],[-74.184,4.5965],[-74.177,4.5605],[-74.1775,4.547],[-74.174,4.5405],[-74.187,4.5275],[-74.1815,4.5135],[-74.1815,4.504],[-74.178,4.4865],[-74.1825,4.4795],[-74.184,4.463],[-74.198,4.4265],[-74.204,4.418],[-74.2125,4.3935],[-74.214,4.3805],[-74.216,4.3415],[-74.214,4.307],[-74.2165,4.287],[-74.222,4.282],[-74.217,4.273],[-74.2055,4.269],[-74.2045,4.253],[-74.2075,4.2435],[-74.2175,4.2345],[-74.22,4.2255],[-74.232,4.2165],[-74.2415,4.181],[-74.24,4.171],[-74.243,4.1595],[-74.2435,4.1315],[-74.2465,4.1125],[-74.2455,4.103],[-74.2535,4.1],[-74.26,4.0915],[-74.2655,4.0915],[-74.2795,4.102],[-74.296,4.1045],[-74.3065,4.111],[-74.3245,4.1275],[-74.33,4.1205],[-74.339,4.103],[-74.3505,4.0745],[-74.351,4.057],[-74.361,4.0485],[-74.366,4.0365],[-74.362,4.0125],[-74.3745,3.986],[-74.3655,3.982],[-74.357,3.971],[-74.3565,3.9465],[-74.3545,3.9445],[-74.3595,3.914],[-74.3755,3.8765],[-74.3865,3.8625],[-74.3855,3.856],[-74.395,3.824],[-74.412,3.804],[-74.4155,3.7945],[-74.4335,3.779],[-74.4335,3.7645],[-74.4505,3.75],[-74.4455,3.735],[-74.4395,3.7305],[-74.4245,3.7415],[-74.416,3.741],[-74.4015,3.7375],[-74.399,3.7515],[-74.387,3.7525],[-74.387,3.7605],[-74.394,3.77],[-74.377,3.778],[-74.377,3.783],[-74.3625,3.7895],[-74.3525,3.8],[-74.3525,3.8045],[-74.3435,3.8125],[-74.3365,3.8115],[-74.3355,3.8215],[-74.3265,3.8265],[-74.3185,3.8235],[-74.317,3.815],[-74.307,3.819],[-74.2985,3.8175],[-74.2945,3.8325],[-74.307,3.8405],[-74.304,3.8505],[-74.3175,3.879],[-74.3105,3.888],[-74.2975,3.8835],[-74.2815,3.9015],[-74.276,3.913],[-74.274,3.9245],[-74.265,3.929],[-74.2565,3.928],[-74.26,3.9475],[-74.251,3.9475],[-74.244,3.955],[-74.2395,3.969],[-74.233,3.978],[-74.2295,3.9945],[-74.2175,4.008],[-74.207,4.014],[-74.195,4.0165],[-74.184,4.009],[-74.1755,4.018],[-74.1605,4.018],[-74.1505,4.005],[-74.147,4.0165],[-74.134,4.0345],[-74.1255,4.055],[-74.1265,4.0685],[-74.1325,4.0805],[-74.128,4.1],[-74.1315,4.1035],[-74.129,4.1255],[-74.119,4.126],[-74.1095,4.1335],[-74.1145,4.1555],[-74.1095,4.1685],[-74.112,4.1825],[-74.1215,4.18],[-74.1255,4.193],[-74.1355,4.205],[-74.138,4.2205],[-74.1355,4.228],[-74.1415,4.2325],[-74.1455,4.245],[-74.152,4.2565],[-74.1465,4.265],[-74.136,4.273],[-74.129,4.284],[-74.122,4.308],[-74.114,4.3135],[-74.1125,4.3255],[-74.106,4.328],[-74.1055,4.3365],[-74.098,4.3455],[-74.0945,4.3635],[-74.0975,4.38],[-74.1055,4.3795],[-74.1115,4.386],[-74.117,4.4045],[-74.1125,4.417],[-74.112,4.433],[-74.107,4.447],[-74.092,4.459],[-74.085,4.4565],[-74.0765,4.4625],[-74.075,4.4865],[-74.072,4.513],[-74.056,4.509],[-74.0425,4.5125],[-74.0355,4.5355],[-74.032,4.5395],[-74.029,4.5585],[-74.0145,4.5615],[-74.0055,4.5605],[-74.0035,4.586],[-73.994,4.601],[-73.9955,4.614],[-73.986,4.6295],[-74.01,4.6265],[-74.0095,4.6385],[-74.029,4.643],[-74.0295,4.6525],[-74.0245,4.6625],[-74.012,4.6625],[-74.002,4.6745],[-74.012,4.6855],[-74.0125,4.701],[-74.007,4.727],[-74.007,4.7405],[-74.0105,4.7575],[-74.019,4.7635],[-74.016,4.788],[-74.013,4.798],[-74.0055,4.798],[-74.0005,4.8055],[-74.009,4.8205],[-74.0315,4.8235],[-74.053,4.833]]]},"properties":{"divipola_dep":"11","divipola_dep_n":11,"dpto_nombre":"BOGOTÁ, D.C.","area_km2":1620.5408}},
{"type":"Feature","geometry":{"type":"MultiPolygon","coordinates":[[[[-73.916,7.2955],[-73.9135,7.3185],[-73.9105,7.3285],[-73.904,7.359],[-73.9075,7.3815],[-73.901,7.386],[-73.896,7.409],[-73.8955,7.4315],[-73.902,7.446],[-73.909,7.4535],[-73.908,7.461],[-73.917,7.472],[-73.9165,7.4815],[-73.91,7.498],[-73.8895,7.5035],[-73.8795,7.508],[-73.8775,7.517],[-73.87,7.524],[-73.865,7.5335],[-73.854,7.5325],[-73.8465,7.5415],[-73.84,7.5675],[-73.8305,7.5755],[-73.827,7.6045],[-73.8145,7.61],[-73.811,7.624],[-73.8185,7.6365],[-73.812,7.647],[-73.8035,7.6445],[-73.798,7.657],[-73.809,7.67],[-73.8155,7.692],[-73.811,7.706],[-73.8205,7.719],[-73.8305,7.727],[-73.828,7.739],[-73.818,7.743],[-73.798,7.7715],[-73.8065,7.7915],[-73.8105,7.809],[-73.822,7.826],[-73.82,7.848],[-73.821,7.865],[-73.834,7.885],[-73.8355,7.9035],[-73.8325,7.9125],[-73.834,7.927],[-73.831,7.932],[-73.839,7.9505],[-73.8615,7.9715],[-73.869,7.9895],[-73.8715,8.019],[-73.8665,8.053],[-73.8665,8.07],[-73.856,8.0835],[-73.8465,8.0885],[-73.8305,8.1025],[-73.8235,8.1055],[-73.8125,8.119],[-73.807,8.1305],[-73.7865,8.1345],[-73.7755,8.145],[-73.771,8.162],[-73.7765,8.188],[-73.7755,8.198],[-73.7795,8.208],[-73.7745,8.226],[-73.7645,8.2405],[-73.765,8.25],[-73.7605,8.263],[-73.751,8.2695],[-73.75,8.2745],[-73.7585,8.291],[-73.7595,8.3035],[-73.7475,8.315],[-73.7565,8.3275],[-73.757,8.338],[-73.749,8.3605],[-73.7505,8.379],[-73.749,8.39],[-73.75,8.408],[-73.7485,8.43],[-73.7495,8.442],[-73.746,8.457],[-73.747,8.466],[-73.755,8.4765],[-73.765,8.4845],[-73.7745,8.497],[-73.78,8.512],[-73.778,8.5485],[-73.7745,8.5585],[-73.7825,8.5665],[-73.794,8.59],[-73.7985,8.6085],[-73.8145,8.6255],[-73.8205,8.662],[-73.816,8.6795],[-73.809,8.698],[-73.816,8.72],[-73.8115,8.7315],[-73.7945,8.743],[-73.7895,8.749],[-73.795,8.767],[-73.792,8.7905],[-73.7965,8.8185],[-73.8025,8.822],[-73.808,8.8315],[-73.8185,8.835],[-73.8495,8.8695],[-73.8665,8.887],[-73.8735,8.912],[-73.869,8.922],[-73.8675,8.9365],[-73.8655,8.9475],[-73.871,8.9615],[-73.883,8.966],[-73.894,8.978],[-73.9005,8.981],[-73.915,8.9775],[-73.9375,8.9845],[-73.9575,8.996],[-73.967,8.9945],[-73.9775,8.984],[-73.9895,8.9955],[-74.002,8.9955],[-74.005,9.0025],[-74.001,9.0105],[-73.99,9.0085],[-74.004,9.0305],[-74.012,9.0315],[-74.019,9.0255],[-74.0285,9.027],[-74.0345,9.0365],[-74.043,9.0405],[-74.0475,9.023],[-74.0585,9.0185],[-74.0745,9.026],[-74.083,9.0235],[-74.0885,9.017],[-74.0985,9.016],[-74.1045,9.022],[-74.1125,9.041],[-74.119,9.04],[-74.1245,9.03],[-74.1315,9.0275],[-74.141,9.031],[-74.137,9.043],[-74.1235,9.043],[-74.118,9.0485],[-74.128,9.0535],[-74.1365,9.064],[-74.151,9.0565],[-74.1575,9.0575],[-74.157,9.07],[-74.178,9.078],[-74.1765,9.089],[-74.189,9.094],[-74.2025,9.102],[-74.2145,9.1205],[-74.2285,9.124],[-74.2265,9.131],[-74.2195,9.135],[-74.236,9.148],[-74.2485,9.1645],[-74.2665,9.1695],[-74.284,9.1575],[-74.296,9.159],[-74.2995,9.1705],[-74.291,9.1915],[-74.2955,9.202],[-74.328,9.2195],[-74.342,9.2305],[-74.349,9.2335],[-74.36,9.2315],[-74.3935,9.2145],[-74.403,9.2135],[-74.4225,9.2405],[-74.432,9.2625],[-74.431,9.271],[-74.4395,9.274],[-74.448,9.269],[-74.464,9.2715],[-74.472,9.267],[-74.487,9.2505],[-74.5085,9.235],[-74.514,9.234],[-74.5305,9.2465],[-74.5335,9.261],[-74.549,9.277],[-74.5615,9.294],[-74.564,9.311],[-74.575,9.3195],[-74.5925,9.3235],[-74.616,9.342],[-74.6135,9.361],[-74.621,9.3745],[-74.6295,9.379],[-74.6525,9.3825],[-74.6645,9.3915],[-74.6735,9.414],[-74.6915,9.4195],[-74.6985,9.427],[-74.72,9.4175],[-74.7365,9.422],[-74.742,9.446],[-74.7555,9.461],[-74.764,9.464],[-74.7785,9.462],[-74.801,9.442],[-74.809,9.4565],[-74.807,9.4655],[-74.79,9.4785],[-74.777,9.496],[-74.7765,9.505],[-74.7875,9.5265],[-74.807,9.5455],[-74.8055,9.554],[-74.7955,9.5605],[-74.781,9.5735],[-74.7745,9.5835],[-74.772,9.6045],[-74.777,9.626],[-74.7855,9.646],[-74.8035,9.6675],[-74.806,9.6755],[-74.802,9.6835],[-74.7925,9.6865],[-74.7885,9.699],[-74.7995,9.7095],[-74.8155,9.734],[-74.805,9.761],[-74.815,9.7845],[-74.8555,9.8275],[-74.8645,9.8455],[-74.873,9.8485],[-74.8825,9.873],[-74.8805,9.887],[-74.8715,9.902],[-74.8705,9.9135],[-74.8735,9.9355],[-74.8655,9.94],[-74.858,9.95],[-74.8455,9.958],[-74.838,9.958],[-74.8205,9.9675],[-74.8135,9.977],[-74.7995,9.99],[-74.7875,10.008],[-74.794,10.02],[-74.8165,10.0405],[-74.8265,10.062],[-74.8395,10.0785],[-74.8595,10.091],[-74.875,10.0965],[-74.896,10.107],[-74.9145,10.1065],[-74.9265,10.108],[-74.9365,10.114],[-74.9435,10.1245],[-74.9465,10.139],[-74.944,10.1515],[-74.9385,10.1615],[-74.9315,10.184],[-74.932,10.198],[-74.925,10.224],[-74.918,10.231],[-74.911,10.254],[-74.9655,10.3265],[-74.9815,10.3415],[-75.006,10.361],[-75.0245,10.3635],[-75.044,10.375],[-75.054,10.383],[-75.0685,10.4035],[-75.0745,10.4095],[-75.0865,10.4115],[-75.1265,10.3985],[-75.1395,10.4105],[-75.1515,10.425],[-75.153,10.4345],[-75.1585,10.443],[-75.1685,10.452],[-75.1955,10.449],[-75.205,10.458],[-75.2005,10.4705],[-75.2145,10.475],[-75.224,10.481],[-75.229,10.476],[-75.2405,10.4955],[-75.2415,10.5045],[-75.2345,10.5315],[-75.225,10.542],[-75.237,10.567],[-75.2285,10.5815],[-75.2255,10.603],[-75.229,10.6145],[-75.2245,10.618],[-75.2235,10.631],[-75.2285,10.644],[-75.242,10.654],[-75.239,10.6585],[-75.247,10.678],[-75.243,10.69],[-75.2485,10.703],[-75.2445,10.7165],[-75.2495,10.723],[-75.245,10.731],[-75.241,10.747],[-75.228,10.7605],[-75.2275,10.772],[-75.235,10.7775],[-75.251,10.775],[-75.253,10.781],[-75.264,10.782],[-75.271,10.7785],[-75.2715,10.758],[-75.268,10.7555],[-75.266,10.737],[-75.2735,10.7295],[-75.2755,10.7155],[-75.282,10.7095],[-75.2995,10.6995],[-75.3195,10.694],[-75.3415,10.6905],[-75.3575,10.6905],[-75.366,10.687],[-75.3955,10.6815],[-75.3985,10.663],[-75.4165,10.6515],[-75.4215,10.6435],[-75.4395,10.635],[-75.4525,10.626],[-75.458,10.5955],[-75.4645,10.5875],[-75.4765,10.581],[-75.5115,10.5725],[-75.5155,10.5605],[-75.5035,10.551],[-75.4945,10.534],[-75.502,10.5105],[-75.501,10.498],[-75.4915,10.489],[-75.502,10.468],[-75.5175,10.4515],[-75.533,10.438],[-75.5465,10.432],[-75.555,10.424],[-75.552,10.409],[-75.5645,10.398],[-75.5545,10.3975],[-75.5475,10.4145],[-75.525,10.401],[-75.533,10.39],[-75.53,10.385],[-75.5195,10.3865],[-75.513,10.3825],[-75.509,10.368],[-75.511,10.364],[-75.5075,10.3415],[-75.5115,10.3385],[-75.51,10.3255],[-75.503,10.301],[-75.516,10.298],[-75.5345,10.2875],[-75.5315,10.2805],[-75.54,10.2755],[-75.549,10.278],[-75.562,10.2695],[-75.5695,10.269],[-75.578,10.274],[-75.579,10.2995],[-75.591,10.2935],[-75.5955,10.28],[-75.591,10.264],[-75.6005,10.2585],[-75.6125,10.26],[-75.6215,10.249],[-75.605,10.239],[-75.598,10.2405],[-75.588,10.235],[-75.5875,10.23],[-75.605,10.236],[-75.6055,10.2295],[-75.622,10.205],[-75.634,10.19],[-75.647,10.1805],[-75.654,10.164],[-75.666,10.159],[-75.682,10.16],[-75.686,10.154],[-75.703,10.138],[-75.6905,10.1305],[-75.685,10.1315],[-75.6805,10.1405],[-75.67,10.1375],[-75.652,10.1565],[-75.6475,10.167],[-75.6395,10.175],[-75.6415,10.1815],[-75.632,10.183],[-75.621,10.197],[-75.6035,10.2],[-75.5785,10.223],[-75.5565,10.2295],[-75.548,10.2405],[-75.5405,10.2445],[-75.525,10.2375],[-75.5385,10.2305],[-75.5245,10.221],[-75.5255,10.2065],[-75.5215,10.1925],[-75.524,10.1735],[-75.5455,10.1755],[-75.5335,10.1605],[-75.543,10.1555],[-75.547,10.146],[-75.556,10.141],[-75.5565,10.1345],[-75.564,10.1235],[-75.5805,10.1255],[-75.581,10.116],[-75.5735,10.0865],[-75.4975,10.1455],[-75.545,10.0465],[-75.5425,10.039],[-75.5335,10.0385],[-75.5205,10.026],[-75.5105,10.025],[-75.5015,10.0355],[-75.4915,10.0385],[-75.476,10.0185],[-75.4845,10.007],[-75.4705,10.0025],[-75.4775,9.9925],[-75.4775,9.9735],[-75.4695,9.972],[-75.464,9.961],[-75.478,9.935],[-75.4735,9.9225],[-75.4765,9.917],[-75.466,9.909],[-75.469,9.898],[-75.4655,9.892],[-75.4535,9.8935],[-75.454,9.8995],[-75.4435,9.914],[-75.4305,9.9095],[-75.433,9.897],[-75.4215,9.893],[-75.398,9.894],[-75.398,9.8905],[-75.4185,9.8905],[-75.417,9.885],[-75.3935,9.881],[-75.3915,9.874],[-75.379,9.86],[-75.377,9.8495],[-75.3525,9.8385],[-75.3385,9.828],[-75.341,9.822],[-75.3355,9.812],[-75.347,9.7735],[-75.357,9.7515],[-75.36,9.7375],[-75.367,9.726],[-75.377,9.7155],[-75.372,9.7115],[-75.377,9.7035],[-75.3715,9.7],[-75.372,9.6895],[-75.379,9.6765],[-75.3715,9.6755],[-75.3755,9.6575],[-75.3835,9.6505],[-75.376,9.6465],[-75.3745,9.631],[-75.3625,9.6305],[-75.362,9.646],[-75.3445,9.6435],[-75.3375,9.634],[-75.324,9.6255],[-75.3145,9.653],[-75.3005,9.658],[-75.3,9.67],[-75.2795,9.6855],[-75.2695,9.685],[-75.2695,9.67],[-75.2545,9.66],[-75.2475,9.661],[-75.2295,9.651],[-75.202,9.651],[-75.18,9.639],[-75.1675,9.6395],[-75.188,9.6245],[-75.1825,9.6155],[-75.1855,9.611],[-75.178,9.603],[-75.1675,9.6135],[-75.154,9.6005],[-75.133,9.596],[-75.1325,9.5805],[-75.1185,9.574],[-75.085,9.5455],[-75.0845,9.538],[-75.0775,9.5325],[-75.069,9.5355],[-75.0565,9.5325],[-75.0425,9.5405],[-75.0205,9.525],[-75.0215,9.5175],[-75.029,9.51],[-75.027,9.4965],[-75.032,9.4825],[-75.0365,9.477],[-75.032,9.4665],[-74.9965,9.4465],[-74.981,9.4455],[-74.9695,9.4355],[-74.9545,9.434],[-74.946,9.437],[-74.9355,9.448],[-74.914,9.4405],[-74.9095,9.433],[-74.8995,9.433],[-74.8865,9.425],[-74.9125,9.416],[-74.922,9.3995],[-74.9225,9.389],[-74.93,9.3715],[-74.942,9.3515],[-74.9505,9.348],[-74.9435,9.335],[-74.933,9.3285],[-74.9375,9.309],[-74.9425,9.3035],[-74.941,9.292],[-74.931,9.2915],[-74.924,9.2685],[-74.931,9.26],[-74.928,9.251],[-74.9175,9.25],[-74.91,9.2445],[-74.905,9.22],[-74.91,9.2095],[-74.9085,9.2005],[-74.9025,9.1935],[-74.9065,9.174],[-74.903,9.1635],[-74.8905,9.1585],[-74.8805,9.1605],[-74.8645,9.1485],[-74.8575,9.1325],[-74.8465,9.122],[-74.846,9.11],[-74.8385,9.1005],[-74.838,9.094],[-74.829,9.0855],[-74.828,9.062],[-74.8135,9.0505],[-74.7855,9.047],[-74.784,9.038],[-74.771,9.037],[-74.7555,9.0445],[-74.7475,9.039],[-74.7475,9.0275],[-74.737,9.016],[-74.7265,9.0155],[-74.705,9.008],[-74.685,9.0115],[-74.669,9.005],[-74.67,8.998],[-74.6605,8.99],[-74.652,8.989],[-74.639,8.977],[-74.631,8.9545],[-74.6235,8.939],[-74.6235,8.9305],[-74.6065,8.9315],[-74.6085,8.9195],[-74.599,8.903],[-74.592,8.887],[-74.5895,8.8715],[-74.579,8.869],[-74.582,8.848],[-74.586,8.841],[-74.565,8.837],[-74.5615,8.8265],[-74.5565,8.825],[-74.5395,8.8055],[-74.564,8.7955],[-74.575,8.7855],[-74.576,8.7745],[-74.588,8.7675],[-74.5895,8.761],[-74.6065,8.763],[-74.61,8.7535],[-74.6,8.745],[-74.6005,8.74],[-74.6085,8.7305],[-74.606,8.716],[-74.601,8.712],[-74.5945,8.6885],[-74.597,8.678],[-74.592,8.6655],[-74.5985,8.6515],[-74.589,8.6375],[-74.5865,8.631],[-74.59,8.6165],[-74.588,8.6105],[-74.5955,8.6005],[-74.594,8.591],[-74.5865,8.5895],[-74.573,8.5815],[-74.564,8.572],[-74.564,8.549],[-74.5725,8.5475],[-74.574,8.53],[-74.567,8.517],[-74.568,8.507],[-74.5565,8.5085],[-74.546,8.4955],[-74.5345,8.4765],[-74.5335,8.4525],[-74.5375,8.4465],[-74.54,8.426],[-74.5545,8.4135],[-74.5595,8.4045],[-74.561,8.39],[-74.5775,8.3855],[-74.5865,8.386],[-74.598,8.4035],[-74.6075,8.407],[-74.616,8.386],[-74.611,8.376],[-74.618,8.358],[-74.616,8.3465],[-74.6315,8.3265],[-74.6485,8.3135],[-74.652,8.2985],[-74.65,8.2855],[-74.6595,8.2795],[-74.6615,8.2895],[-74.668,8.2955],[-74.6855,8.2925],[-74.7125,8.304],[-74.723,8.301],[-74.7245,8.287],[-74.735,8.2885],[-74.748,8.299],[-74.7645,8.2945],[-74.771,8.2795],[-74.781,8.278],[-74.7955,8.269],[-74.8085,8.274],[-74.806,8.257],[-74.797,8.2525],[-74.797,8.2435],[-74.805,8.2415],[-74.8095,8.2305],[-74.817,8.2245],[-74.826,8.23],[-74.834,8.2205],[-74.8305,8.2],[-74.824,8.1985],[-74.8115,8.1825],[-74.812,8.167],[-74.7985,8.1595],[-74.7955,8.148],[-74.785,8.1315],[-74.7735,8.122],[-74.761,8.1265],[-74.7505,8.1265],[-74.737,8.1165],[-74.7255,8.1165],[-74.7185,8.0985],[-74.7115,8.0995],[-74.7075,8.091],[-74.691,8.0905],[-74.6805,8.0795],[-74.674,8.078],[-74.6675,8.06],[-74.6515,8.053],[-74.6425,8.0575],[-74.631,8.0545],[-74.626,8.0365],[-74.614,8.0315],[-74.605,8.037],[-74.5975,8.025],[-74.591,8.0045],[-74.579,7.995],[-74.573,7.978],[-74.5615,7.969],[-74.56,7.9625],[-74.5475,7.9495],[-74.539,7.947],[-74.5365,7.933],[-74.5375,7.919],[-74.526,7.911],[-74.52,7.901],[-74.524,7.8835],[-74.523,7.8635],[-74.527,7.853],[-74.527,7.8375],[-74.5195,7.8235],[-74.517,7.8015],[-74.5245,7.791],[-74.5255,7.7825],[-74.5135,7.781],[-74.5125,7.75],[-74.508,7.7245],[-74.4975,7.7115],[-74.4885,7.7135],[-74.4855,7.708],[-74.475,7.7045],[-74.478,7.696],[-74.4765,7.682],[-74.491,7.6755],[-74.497,7.678],[-74.517,7.6765],[-74.5305,7.671],[-74.5415,7.6625],[-74.5445,7.6555],[-74.561,7.6465],[-74.5645,7.639],[-74.566,7.6175],[-74.5625,7.61],[-74.5665,7.598],[-74.5665,7.585],[-74.5705,7.5775],[-74.57,7.554],[-74.567,7.539],[-74.57,7.5335],[-74.568,7.5195],[-74.574,7.5145],[-74.59,7.511],[-74.593,7.4905],[-74.588,7.4825],[-74.598,7.4685],[-74.5985,7.462],[-74.579,7.4335],[-74.5615,7.4295],[-74.559,7.4145],[-74.548,7.4115],[-74.5345,7.4005],[-74.527,7.3895],[-74.518,7.385],[-74.508,7.3725],[-74.5055,7.362],[-74.496,7.347],[-74.491,7.3435],[-74.47,7.3475],[-74.467,7.3615],[-74.4525,7.366],[-74.448,7.3775],[-74.426,7.381],[-74.414,7.3995],[-74.4155,7.4215],[-74.412,7.4405],[-74.422,7.4435],[-74.4125,7.4605],[-74.401,7.4605],[-74.378,7.467],[-74.3715,7.48],[-74.361,7.477],[-74.3535,7.4625],[-74.335,7.4595],[-74.328,7.453],[-74.3195,7.44],[-74.3295,7.426],[-74.3435,7.4125],[-74.3475,7.403],[-74.361,7.394],[-74.361,7.388],[-74.3735,7.373],[-74.374,7.3645],[-74.389,7.3595],[-74.3975,7.348],[-74.4025,7.324],[-74.399,7.311],[-74.3915,7.3005],[-74.3865,7.299],[-74.389,7.2835],[-74.389,7.265],[-74.396,7.2565],[-74.3995,7.235],[-74.405,7.2285],[-74.408,7.216],[-74.404,7.2105],[-74.41,7.202],[-74.4055,7.189],[-74.4,7.189],[-74.3965,7.172],[-74.3885,7.1645],[-74.382,7.1475],[-74.377,7.143],[-74.3765,7.1315],[-74.369,7.122],[-74.369,7.1055],[-74.372,7.099],[-74.3675,7.0925],[-74.3545,7.087],[-74.3515,7.0815],[-74.353,7.063],[-74.3505,7.0565],[-74.355,7.0295],[-74.355,7.0105],[-74.335,7.0125],[-74.33,7.0105],[-74.3225,7.019],[-74.31,7.007],[-74.306,6.999],[-74.2855,7.0065],[-74.277,7.012],[-74.2605,7.0085],[-74.259,7.0045],[-74.246,7.0025],[-74.2075,7.0375],[-74.0785,7.1515],[-73.916,7.2955]]],[[[-76.1745,9.3985],[-76.184,9.3965],[-76.1905,9.384],[-76.1795,9.378],[-76.176,9.381],[-76.1745,9.3985]]],[[[-75.8515,9.8045],[-75.853,9.7895],[-75.828,9.79],[-75.828,9.796],[-75.847,9.799],[-75.8515,9.8045]]],[[[-75.737,10.184],[-75.748,10.181],[-75.747,10.1725],[-75.737,10.1725],[-75.726,10.1785],[-75.737,10.184]]],[[[-75.5755,10.3815],[-75.58,10.369],[-75.5915,10.358],[-75.5915,10.3235],[-75.583,10.321],[-75.577,10.325],[-75.577,10.336],[-75.57,10.3415],[-75.5465,10.342],[-75.5395,10.347],[-75.549,10.3565],[-75.541,10.363],[-75.558,10.366],[-75.57,10.3735],[-75.5755,10.3815]]]]},"properties":{"divipola_dep":"13","divipola_dep_n":13,"dpto_nombre":"BOLÍVAR","area_km2":26680.8064}},
{"type":"Feature","geometry":{"type":"Polygon","coordinates":[[[-74.665,5.7685],[-74.661,5.7525],[-74.654,5.7535],[-74.652,5.7405],[-74.644,5.735],[-74.6395,5.7415],[-74.6385,5.755],[-74.6275,5.762],[-74.6115,5.757],[-74.6115,5.752],[-74.5925,5.747],[-74.5915,5.755],[-74.585,5.759],[-74.5785,5.7515],[-74.551,5.765],[-74.551,5.773],[-74.5415,5.7785],[-74.5395,5.785],[-74.53,5.7905],[-74.524,5.786],[-74.517,5.791],[-74.511,5.7835],[-74.501,5.779],[-74.4905,5.78],[-74.481,5.776],[-74.462,5.774],[-74.462,5.7665],[-74.4405,5.7655],[-74.4315,5.7585],[-74.4185,5.77],[-74.394,5.7845],[-74.3885,5.7815],[-74.372,5.8005],[-74.346,5.8235],[-74.3465,5.8305],[-74.335,5.837],[-74.334,5.8275],[-74.318,5.814],[-74.3155,5.802],[-74.303,5.8],[-74.3015,5.7915],[-74.3115,5.785],[-74.307,5.772],[-74.295,5.762],[-74.296,5.7545],[-74.287,5.7455],[-74.3025,5.724],[-74.304,5.7095],[-74.2935,5.7015],[-74.28,5.699],[-74.278,5.6885],[-74.2835,5.6795],[-74.285,5.6635],[-74.2935,5.6595],[-74.3085,5.647],[-74.306,5.6385],[-74.31,5.619],[-74.302,5.5855],[-74.298,5.575],[-74.2915,5.569],[-74.2725,5.5605],[-74.2595,5.56],[-74.243,5.5445],[-74.2405,5.539],[-74.246,5.532],[-74.2455,5.5225],[-74.2545,5.498],[-74.254,5.489],[-74.2445,5.4765],[-74.2325,5.48],[-74.226,5.4905],[-74.2145,5.498],[-74.202,5.497],[-74.1865,5.4735],[-74.1825,5.4635],[-74.172,5.4605],[-74.159,5.448],[-74.151,5.4445],[-74.144,5.4485],[-74.137,5.443],[-74.129,5.43],[-74.123,5.429],[-74.1195,5.4495],[-74.113,5.467],[-74.1165,5.474],[-74.098,5.47],[-74.094,5.45],[-74.0975,5.44],[-74.093,5.437],[-74.0735,5.408],[-74.0555,5.4015],[-74.045,5.4045],[-74.0405,5.393],[-74.0315,5.3875],[-74.022,5.3865],[-74.0235,5.3705],[-74.02,5.366],[-73.9995,5.3675],[-73.9905,5.3755],[-73.9815,5.4035],[-73.973,5.4195],[-73.9645,5.422],[-73.9475,5.418],[-73.942,5.434],[-73.9255,5.44],[-73.9125,5.432],[-73.9055,5.446],[-73.9015,5.4755],[-73.905,5.4925],[-73.9095,5.5],[-73.906,5.507],[-73.9115,5.523],[-73.905,5.5295],[-73.8905,5.5125],[-73.8845,5.5225],[-73.875,5.526],[-73.869,5.5325],[-73.8575,5.531],[-73.849,5.5435],[-73.831,5.553],[-73.818,5.554],[-73.8045,5.5715],[-73.79,5.553],[-73.7885,5.546],[-73.7915,5.5315],[-73.7825,5.5],[-73.769,5.4865],[-73.759,5.485],[-73.747,5.4895],[-73.743,5.469],[-73.7285,5.479],[-73.718,5.4765],[-73.7195,5.459],[-73.707,5.456],[-73.6965,5.447],[-73.679,5.454],[-73.675,5.4425],[-73.6785,5.435],[-73.6555,5.426],[-73.6535,5.4175],[-73.641,5.418],[-73.627,5.4125],[-73.618,5.4045],[-73.6115,5.4055],[-73.594,5.4005],[-73.59,5.39],[-73.599,5.3785],[-73.5995,5.3705],[-73.5945,5.361],[-73.594,5.329],[-73.5995,5.319],[-73.589,5.3075],[-73.5775,5.3015],[-73.567,5.3045],[-73.55,5.298],[-73.532,5.278],[-73.534,5.272],[-73.527,5.259],[-73.528,5.2445],[-73.524,5.2375],[-73.515,5.2315],[-73.5235,5.2205],[-73.522,5.192],[-73.5105,5.188],[-73.512,5.1625],[-73.5035,5.1515],[-73.4815,5.154],[-73.477,5.148],[-73.485,5.143],[-73.4915,5.129],[-73.491,5.1205],[-73.4945,5.1065],[-73.482,5.083],[-73.48,5.0635],[-73.4875,5.059],[-73.4865,5.051],[-73.496,5.04],[-73.516,5.0355],[-73.5215,5.0285],[-73.522,5.0175],[-73.51,4.993],[-73.517,4.9905],[-73.5185,4.9795],[-73.524,4.9735],[-73.534,4.954],[-73.5445,4.945],[-73.547,4.9235],[-73.541,4.911],[-73.5385,4.8965],[-73.5325,4.891],[-73.5245,4.8925],[-73.521,4.879],[-73.494,4.884],[-73.4865,4.891],[-73.4695,4.8925],[-73.4515,4.883],[-73.4465,4.89],[-73.432,4.8815],[-73.421,4.8795],[-73.402,4.88],[-73.3935,4.866],[-73.391,4.849],[-73.383,4.848],[-73.3745,4.84],[-73.3755,4.832],[-73.3655,4.8255],[-73.3725,4.811],[-73.372,4.801],[-73.358,4.795],[-73.3525,4.796],[-73.334,4.7885],[-73.314,4.7705],[-73.3105,4.753],[-73.306,4.7445],[-73.3065,4.7315],[-73.283,4.7225],[-73.269,4.7405],[-73.257,4.7385],[-73.248,4.733],[-73.2365,4.7365],[-73.223,4.7335],[-73.2195,4.725],[-73.228,4.715],[-73.2345,4.6945],[-73.2235,4.6785],[-73.216,4.677],[-73.208,4.6805],[-73.1935,4.672],[-73.1595,4.6625],[-73.1475,4.6555],[-73.121,4.6715],[-73.1125,4.661],[-73.1035,4.6615],[-73.1005,4.6695],[-73.0915,4.676],[-73.0915,4.689],[-73.0795,4.7045],[-73.0805,4.709],[-73.072,4.72],[-73.0785,4.7265],[-73.0725,4.738],[-73.062,4.732],[-73.0525,4.7365],[-73.045,4.751],[-73.0545,4.7735],[-73.06,4.779],[-73.065,4.7915],[-73.072,4.7955],[-73.07,4.802],[-73.0775,4.812],[-73.068,4.838],[-73.0605,4.85],[-73.0615,4.855],[-73.0515,4.862],[-73.0525,4.8685],[-73.0415,4.879],[-73.042,4.8905],[-73.0475,4.902],[-73.049,4.9225],[-73.042,4.9375],[-73.0355,4.962],[-73.0295,4.97],[-73.031,4.9815],[-73.023,4.989],[-73.015,5.002],[-73.0045,4.997],[-72.9995,4.9895],[-72.9795,4.9805],[-72.9705,4.9795],[-72.966,4.991],[-72.957,4.997],[-72.953,5.0095],[-72.939,5.023],[-72.93,5.0265],[-72.9285,5.047],[-72.904,5.068],[-72.906,5.095],[-72.9095,5.1035],[-72.9285,5.0995],[-72.937,5.114],[-72.957,5.131],[-72.9645,5.133],[-72.973,5.146],[-72.971,5.154],[-72.9635,5.156],[-72.9485,5.1825],[-72.949,5.1905],[-72.935,5.2055],[-72.9235,5.2155],[-72.9105,5.2455],[-72.897,5.26],[-72.892,5.287],[-72.9005,5.294],[-72.8995,5.2995],[-72.888,5.316],[-72.8895,5.331],[-72.88,5.3505],[-72.8865,5.3545],[-72.8825,5.363],[-72.8665,5.3525],[-72.8665,5.3405],[-72.8555,5.342],[-72.846,5.3535],[-72.842,5.3635],[-72.822,5.3695],[-72.811,5.3825],[-72.7985,5.38],[-72.7785,5.366],[-72.7755,5.3565],[-72.761,5.3355],[-72.7465,5.3275],[-72.7425,5.3225],[-72.7265,5.319],[-72.722,5.3125],[-72.72,5.2885],[-72.715,5.2805],[-72.7065,5.2765],[-72.688,5.282],[-72.6815,5.2905],[-72.667,5.2945],[-72.666,5.3015],[-72.653,5.306],[-72.6485,5.322],[-72.637,5.3285],[-72.6375,5.336],[-72.619,5.3515],[-72.6095,5.3485],[-72.6015,5.3535],[-72.589,5.3545],[-72.5815,5.3505],[-72.571,5.364],[-72.567,5.3735],[-72.584,5.382],[-72.5535,5.4055],[-72.537,5.4145],[-72.529,5.4275],[-72.5155,5.436],[-72.5085,5.4375],[-72.502,5.445],[-72.492,5.4685],[-72.49,5.482],[-72.471,5.4955],[-72.46,5.509],[-72.4475,5.5165],[-72.4355,5.5375],[-72.4265,5.5475],[-72.421,5.563],[-72.4035,5.57],[-72.3965,5.57],[-72.384,5.56],[-72.376,5.5445],[-72.375,5.5375],[-72.3625,5.5285],[-72.357,5.518],[-72.347,5.512],[-72.346,5.507],[-72.3305,5.4975],[-72.3175,5.498],[-72.301,5.506],[-72.2955,5.515],[-72.2965,5.547],[-72.295,5.556],[-72.285,5.5745],[-72.2855,5.5865],[-72.289,5.595],[-72.2875,5.6055],[-72.271,5.622],[-72.2625,5.6335],[-72.2735,5.655],[-72.269,5.6635],[-72.2575,5.6625],[-72.244,5.6665],[-72.226,5.6675],[-72.222,5.6725],[-72.232,5.685],[-72.243,5.687],[-72.2565,5.703],[-72.271,5.7285],[-72.277,5.7325],[-72.2765,5.743],[-72.281,5.7485],[-72.29,5.7505],[-72.301,5.7595],[-72.297,5.771],[-72.305,5.779],[-72.3095,5.7935],[-72.3285,5.795],[-72.331,5.8025],[-72.3485,5.806],[-72.3505,5.811],[-72.364,5.8105],[-72.393,5.8205],[-72.4015,5.8365],[-72.422,5.8435],[-72.4295,5.843],[-72.435,5.8485],[-72.4585,5.851],[-72.4615,5.8595],[-72.4525,5.871],[-72.451,5.8785],[-72.443,5.882],[-72.416,5.9035],[-72.4065,5.9],[-72.392,5.902],[-72.375,5.895],[-72.3685,5.8975],[-72.34,5.8915],[-72.333,5.892],[-72.3275,5.9015],[-72.3285,5.911],[-72.325,5.935],[-72.336,5.944],[-72.3425,5.965],[-72.3415,5.9895],[-72.3395,5.9975],[-72.3465,6.006],[-72.3565,6.0235],[-72.362,6.0255],[-72.3655,6.0365],[-72.3615,6.044],[-72.3535,6.0435],[-72.3215,6.068],[-72.3185,6.0785],[-72.3275,6.0855],[-72.362,6.075],[-72.3665,6.077],[-72.3755,6.0925],[-72.365,6.1],[-72.384,6.114],[-72.389,6.1235],[-72.3845,6.1325],[-72.377,6.134],[-72.3745,6.15],[-72.3865,6.162],[-72.393,6.1615],[-72.3925,6.187],[-72.4055,6.19],[-72.4125,6.188],[-72.3985,6.2185],[-72.398,6.2375],[-72.387,6.2615],[-72.3965,6.272],[-72.39,6.2825],[-72.379,6.293],[-72.3715,6.319],[-72.3635,6.326],[-72.352,6.3445],[-72.3385,6.3455],[-72.334,6.338],[-72.317,6.3345],[-72.3155,6.3575],[-72.302,6.3595],[-72.292,6.377],[-72.284,6.3785],[-72.281,6.3935],[-72.2865,6.396],[-72.282,6.4095],[-72.2825,6.4165],[-72.272,6.428],[-72.2715,6.4365],[-72.2605,6.442],[-72.248,6.4295],[-72.246,6.4205],[-72.233,6.4235],[-72.219,6.4385],[-72.2155,6.446],[-72.217,6.456],[-72.213,6.466],[-72.203,6.469],[-72.1815,6.4595],[-72.1745,6.463],[-72.176,6.4705],[-72.173,6.48],[-72.178,6.497],[-72.167,6.5005],[-72.153,6.5135],[-72.1385,6.514],[-72.129,6.525],[-72.124,6.54],[-72.1185,6.5795],[-72.112,6.5915],[-72.113,6.612],[-72.1015,6.6285],[-72.0945,6.6345],[-72.0915,6.6485],[-72.0985,6.6795],[-72.095,6.684],[-72.0995,6.697],[-72.1,6.7235],[-72.095,6.7295],[-72.1,6.7465],[-72.0925,6.754],[-72.0785,6.751],[-72.06,6.7675],[-72.051,6.7685],[-72.0445,6.787],[-72.0385,6.7945],[-72.0385,6.8145],[-72.0345,6.8295],[-72.018,6.861],[-72.0175,6.8675],[-71.9965,6.909],[-71.9935,6.927],[-71.9805,6.955],[-71.978,6.965],[-71.962,6.9895],[-71.96,7.0015],[-71.949,7.0115],[-71.9655,7.0155],[-71.982,7.0235],[-72.003,7.029],[-72.021,7.036],[-72.0295,7.0345],[-72.0475,7.0385],[-72.068,7.046],[-72.0815,7.0455],[-72.094,7.0225],[-72.106,7.013],[-72.1135,6.997],[-72.141,7.0095],[-72.148,7.0175],[-72.1465,7.0335],[-72.1545,7.0345],[-72.162,7.047],[-72.1675,7.0455],[-72.173,7.0345],[-72.183,7.029],[-72.184,7.039],[-72.1905,7.0475],[-72.1995,7.041],[-72.1985,7.034],[-72.2055,7.023],[-72.2045,7.012],[-72.22,6.9905],[-72.2205,6.9865],[-72.245,6.977],[-72.2555,6.985],[-72.2535,7.008],[-72.2765,7.013],[-72.283,7.0085],[-72.2915,6.9945],[-72.302,6.9685],[-72.304,6.956],[-72.3135,6.932],[-72.325,6.9225],[-72.3375,6.908],[-72.35,6.899],[-72.3525,6.8915],[-72.3615,6.894],[-72.3785,6.8845],[-72.3925,6.872],[-72.4085,6.8745],[-72.4225,6.8815],[-72.4325,6.883],[-72.44,6.8915],[-72.4645,6.9015],[-72.474,6.9125],[-72.488,6.9245],[-72.4965,6.9215],[-72.503,6.908],[-72.4965,6.8965],[-72.4965,6.886],[-72.5025,6.882],[-72.4985,6.868],[-72.4915,6.8665],[-72.487,6.8525],[-72.4785,6.843],[-72.478,6.8355],[-72.4835,6.8215],[-72.4825,6.8115],[-72.4985,6.7985],[-72.4955,6.783],[-72.4975,6.7665],[-72.491,6.7595],[-72.4875,6.7435],[-72.499,6.7345],[-72.4975,6.7245],[-72.488,6.716],[-72.485,6.6955],[-72.491,6.681],[-72.487,6.676],[-72.4855,6.657],[-72.4985,6.6395],[-72.497,6.634],[-72.5135,6.6275],[-72.52,6.6175],[-72.5205,6.6045],[-72.527,6.5915],[-72.5375,6.5885],[-72.5425,6.583],[-72.546,6.567],[-72.5375,6.554],[-72.5365,6.5405],[-72.541,6.537],[-72.5495,6.5215],[-72.5445,6.514],[-72.545,6.504],[-72.5345,6.496],[-72.539,6.488],[-72.5565,6.4865],[-72.568,6.4835],[-72.583,6.4765],[-72.5925,6.4635],[-72.602,6.458],[-72.6025,6.4515],[-72.6215,6.441],[-72.6495,6.4365],[-72.6605,6.443],[-72.678,6.478],[-72.6795,6.4895],[-72.687,6.5085],[-72.694,6.514],[-72.6965,6.5265],[-72.704,6.5395],[-72.712,6.543],[-72.721,6.554],[-72.73,6.5515],[-72.7435,6.559],[-72.748,6.57],[-72.7595,6.581],[-72.7665,6.583],[-72.7955,6.569],[-72.804,6.5605],[-72.806,6.546],[-72.8095,6.5425],[-72.7945,6.53],[-72.779,6.5295],[-72.774,6.5205],[-72.7725,6.5085],[-72.7655,6.4995],[-72.756,6.494],[-72.748,6.4945],[-72.736,6.4905],[-72.737,6.473],[-72.728,6.464],[-72.7255,6.456],[-72.7375,6.4415],[-72.735,6.432],[-72.735,6.4085],[-72.733,6.3855],[-72.7255,6.372],[-72.7315,6.3665],[-72.7315,6.357],[-72.7485,6.3475],[-72.7505,6.3355],[-72.75,6.3235],[-72.7575,6.317],[-72.7585,6.306],[-72.7545,6.296],[-72.755,6.2805],[-72.746,6.275],[-72.744,6.2595],[-72.7495,6.2525],[-72.7485,6.238],[-72.7445,6.2355],[-72.755,6.219],[-72.767,6.2205],[-72.775,6.2105],[-72.7795,6.2105],[-72.7935,6.219],[-72.804,6.2155],[-72.8115,6.192],[-72.82,6.181],[-72.826,6.1655],[-72.8255,6.158],[-72.8315,6.149],[-72.8435,6.144],[-72.8685,6.1445],[-72.873,6.1245],[-72.8935,6.124],[-72.9,6.1125],[-72.9075,6.1075],[-72.916,6.1075],[-72.9235,6.0985],[-72.923,6.088],[-72.9315,6.0855],[-72.9355,6.0785],[-72.9445,6.0765],[-72.954,6.065],[-72.953,6.0495],[-72.96,6.0435],[-72.962,6.0285],[-72.983,6.01],[-72.991,5.988],[-72.997,5.985],[-73.009,5.9645],[-73.014,5.965],[-73.0205,5.978],[-73.0215,5.9915],[-73.028,5.9965],[-73.0275,6.0115],[-73.0315,6.023],[-73.041,6.022],[-73.062,6.011],[-73.0675,5.9825],[-73.0775,5.9775],[-73.081,5.97],[-73.09,5.9645],[-73.1015,5.962],[-73.1125,5.964],[-73.1305,5.9595],[-73.1425,5.961],[-73.154,5.9685],[-73.155,5.9785],[-73.1755,5.9945],[-73.1995,6.003],[-73.2105,5.988],[-73.2185,5.9815],[-73.2195,5.96],[-73.224,5.9425],[-73.2175,5.936],[-73.2085,5.921],[-73.2195,5.9125],[-73.221,5.8905],[-73.2095,5.8905],[-73.2035,5.8765],[-73.1975,5.873],[-73.184,5.8505],[-73.195,5.835],[-73.2065,5.826],[-73.229,5.825],[-73.2465,5.816],[-73.2515,5.8185],[-73.259,5.8315],[-73.266,5.837],[-73.264,5.8445],[-73.269,5.8525],[-73.282,5.859],[-73.29,5.8505],[-73.3165,5.855],[-73.33,5.852],[-73.3425,5.8615],[-73.3505,5.8515],[-73.3455,5.842],[-73.3535,5.8315],[-73.351,5.823],[-73.3565,5.817],[-73.3595,5.7985],[-73.3715,5.7865],[-73.379,5.7635],[-73.3905,5.751],[-73.398,5.759],[-73.41,5.7625],[-73.4175,5.769],[-73.427,5.7655],[-73.4275,5.775],[-73.432,5.7835],[-73.4315,5.793],[-73.4395,5.8005],[-73.45,5.804],[-73.4595,5.813],[-73.4735,5.817],[-73.459,5.8525],[-73.451,5.8665],[-73.449,5.88],[-73.4565,5.89],[-73.4445,5.902],[-73.434,5.8985],[-73.4205,5.8895],[-73.412,5.891],[-73.4015,5.9015],[-73.396,5.9155],[-73.3975,5.921],[-73.3865,5.936],[-73.387,5.947],[-73.3765,5.9625],[-73.3745,5.988],[-73.3715,5.9915],[-73.3715,6.006],[-73.3775,6.0105],[-73.3875,6.023],[-73.389,6.031],[-73.403,6.0545],[-73.412,6.06],[-73.4215,6.072],[-73.4295,6.0685],[-73.458,6.0845],[-73.4715,6.095],[-73.49,6.1015],[-73.4975,6.108],[-73.513,6.0995],[-73.514,6.0875],[-73.5255,6.0775],[-73.5275,6.0585],[-73.535,6.049],[-73.5395,6.0375],[-73.548,6.032],[-73.5595,6.029],[-73.5655,6.0185],[-73.582,6.012],[-73.586,6.0065],[-73.592,5.9805],[-73.591,5.9655],[-73.594,5.956],[-73.6075,5.9305],[-73.6215,5.9245],[-73.6315,5.9055],[-73.6305,5.894],[-73.6115,5.887],[-73.6,5.8695],[-73.6075,5.8485],[-73.619,5.827],[-73.6205,5.8185],[-73.629,5.7895],[-73.626,5.7685],[-73.629,5.7625],[-73.6295,5.7475],[-73.636,5.738],[-73.639,5.724],[-73.647,5.7135],[-73.6515,5.7145],[-73.6635,5.728],[-73.673,5.7485],[-73.6845,5.751],[-73.6935,5.7575],[-73.7015,5.7695],[-73.711,5.7765],[-73.7255,5.771],[-73.736,5.7725],[-73.7515,5.7685],[-73.765,5.7715],[-73.782,5.747],[-73.79,5.74],[-73.7945,5.7295],[-73.804,5.7245],[-73.8125,5.715],[-73.819,5.7155],[-73.819,5.7375],[-73.8235,5.7405],[-73.837,5.7395],[-73.854,5.7265],[-73.862,5.711],[-73.883,5.7075],[-73.878,5.718],[-73.888,5.73],[-73.8855,5.735],[-73.9045,5.74],[-73.916,5.7365],[-73.9255,5.743],[-73.945,5.736],[-73.962,5.7395],[-73.9825,5.721],[-73.998,5.741],[-73.999,5.749],[-74.008,5.763],[-74.014,5.765],[-74.011,5.7745],[-74.021,5.782],[-74.028,5.8035],[-74.0265,5.807],[-74.0595,5.8205],[-74.0645,5.8155],[-74.0795,5.8185],[-74.082,5.8375],[-74.089,5.8415],[-74.0915,5.8585],[-74.107,5.879],[-74.113,5.8755],[-74.1335,5.876],[-74.1475,5.89],[-74.166,5.898],[-74.1805,5.911],[-74.1875,5.899],[-74.1895,5.884],[-74.1975,5.878],[-74.199,5.87],[-74.1945,5.8655],[-74.195,5.8555],[-74.2025,5.851],[-74.2145,5.854],[-74.226,5.839],[-74.244,5.8335],[-74.266,5.8345],[-74.2705,5.8545],[-74.2745,5.8645],[-74.273,5.872],[-74.258,5.883],[-74.2525,5.892],[-74.239,5.897],[-74.228,5.9125],[-74.2245,5.9235],[-74.2275,5.931],[-74.2375,5.936],[-74.237,5.945],[-74.222,5.968],[-74.2385,5.988],[-74.2465,5.994],[-74.261,6.0155],[-74.264,6.0305],[-74.2635,6.0445],[-74.258,6.0605],[-74.2585,6.0655],[-74.287,6.0825],[-74.298,6.084],[-74.3035,6.0745],[-74.3195,6.0705],[-74.338,6.0625],[-74.344,6.052],[-74.3475,6.039],[-74.362,6.0395],[-74.369,6.0465],[-74.379,6.0395],[-74.3895,6.0565],[-74.398,6.061],[-74.401,6.079],[-74.412,6.0885],[-74.431,6.0875],[-74.4515,6.0995],[-74.45,6.105],[-74.4555,6.1265],[-74.4525,6.1355],[-74.4695,6.1545],[-74.478,6.1565],[-74.473,6.18],[-74.4755,6.204],[-74.483,6.2],[-74.4995,6.213],[-74.5055,6.2135],[-74.513,6.224],[-74.511,6.2305],[-74.5225,6.244],[-74.5205,6.2505],[-74.529,6.263],[-74.5265,6.2735],[-74.5395,6.2645],[-74.544,6.2505],[-74.5525,6.238],[-74.5615,6.2305],[-74.5735,6.2155],[-74.571,6.207],[-74.575,6.192],[-74.5795,6.187],[-74.589,6.166],[-74.597,6.16],[-74.6025,6.145],[-74.6085,6.1385],[-74.6115,6.1265],[-74.604,6.1115],[-74.598,6.106],[-74.5845,6.088],[-74.576,6.0825],[-74.5615,6.0785],[-74.5715,6.043],[-74.5715,6.0345],[-74.5625,6.002],[-74.569,5.987],[-74.5785,5.983],[-74.594,5.986],[-74.6035,5.981],[-74.6125,5.966],[-74.6075,5.955],[-74.6085,5.9455],[-74.5965,5.9295],[-74.5855,5.925],[-74.5855,5.903],[-74.5905,5.8945],[-74.6125,5.8895],[-74.624,5.8825],[-74.638,5.8665],[-74.651,5.833],[-74.6515,5.824],[-74.647,5.8085],[-74.6535,5.7865],[-74.661,5.7785],[-74.665,5.7685]]]},"properties":{"divipola_dep":"15","divipola_dep_n":15,"dpto_nombre":"BOYACÁ","area_km2":23073.397}},
{"type":"Feature","geometry":{"type":"Polygon","coordinates":[[[-75.868,5.49],[-75.8655,5.475],[-75.8635,5.4425],[-75.858,5.438],[-75.858,5.427],[-75.8525,5.4185],[-75.8525,5.4015],[-75.858,5.377],[-75.8475,5.3695],[-75.8285,5.3675],[-75.8105,5.362],[-75.795,5.368],[-75.792,5.3655],[-75.7625,5.387],[-75.7475,5.386],[-75.7395,5.3975],[-75.721,5.395],[-75.7125,5.386],[-75.6985,5.388],[-75.698,5.3775],[-75.69,5.371],[-75.678,5.3545],[-75.666,5.354],[-75.6665,5.3385],[-75.662,5.3315],[-75.659,5.318],[-75.648,5.3085],[-75.662,5.29],[-75.665,5.271],[-75.6685,5.266],[-75.6935,5.255],[-75.6995,5.2615],[-75.719,5.2615],[-75.73,5.2655],[-75.746,5.275],[-75.7485,5.2845],[-75.7545,5.283],[-75.763,5.2735],[-75.773,5.274],[-75.787,5.285],[-75.8035,5.281],[-75.814,5.271],[-75.8235,5.27],[-75.825,5.2595],[-75.8205,5.2435],[-75.805,5.2355],[-75.8035,5.2245],[-75.808,5.21],[-75.8025,5.198],[-75.824,5.1675],[-75.8275,5.154],[-75.8335,5.1505],[-75.8325,5.137],[-75.8365,5.1285],[-75.8355,5.1175],[-75.8445,5.108],[-75.855,5.112],[-75.877,5.133],[-75.892,5.131],[-75.8885,5.1165],[-75.8995,5.118],[-75.899,5.1065],[-75.909,5.091],[-75.9155,5.086],[-75.9175,5.0785],[-75.9125,5.0735],[-75.9225,5.0455],[-75.913,5.029],[-75.904,5.0235],[-75.9025,5.0125],[-75.9035,4.992],[-75.8975,4.983],[-75.8965,4.9725],[-75.8905,4.96],[-75.8825,4.959],[-75.88,4.9515],[-75.8605,4.942],[-75.864,4.938],[-75.856,4.9305],[-75.84,4.9295],[-75.8215,4.9205],[-75.815,4.9195],[-75.8005,4.937],[-75.7925,4.937],[-75.7885,4.9495],[-75.796,4.9665],[-75.7915,4.973],[-75.793,4.9805],[-75.7865,4.984],[-75.784,4.9995],[-75.777,5.0065],[-75.7725,5.02],[-75.7635,5.0235],[-75.7585,5.038],[-75.7465,5.0465],[-75.734,5.017],[-75.7295,5.013],[-75.7235,4.9995],[-75.7195,4.983],[-75.715,4.9765],[-75.714,4.9565],[-75.7075,4.954],[-75.6985,4.944],[-75.6825,4.943],[-75.678,4.946],[-75.666,4.9425],[-75.6525,4.951],[-75.654,4.958],[-75.6365,4.9715],[-75.624,4.9715],[-75.6195,4.9625],[-75.616,4.9455],[-75.617,4.937],[-75.597,4.9295],[-75.5905,4.933],[-75.5755,4.933],[-75.5645,4.938],[-75.5575,4.924],[-75.5435,4.9285],[-75.5375,4.9165],[-75.5225,4.9225],[-75.512,4.9245],[-75.483,4.9165],[-75.4825,4.9075],[-75.474,4.9025],[-75.473,4.891],[-75.459,4.8885],[-75.452,4.8695],[-75.4385,4.855],[-75.4375,4.839],[-75.4315,4.8365],[-75.427,4.8165],[-75.411,4.809],[-75.4005,4.8075],[-75.383,4.8],[-75.3755,4.8025],[-75.3655,4.818],[-75.357,4.827],[-75.3525,4.842],[-75.3455,4.842],[-75.3385,4.8525],[-75.332,4.856],[-75.3235,4.866],[-75.319,4.893],[-75.334,4.899],[-75.3435,4.9145],[-75.3475,4.931],[-75.352,4.9385],[-75.3515,4.951],[-75.3535,4.9625],[-75.3505,4.9685],[-75.3355,4.9745],[-75.3255,4.995],[-75.3255,5.001],[-75.318,5.0145],[-75.318,5.0285],[-75.329,5.0425],[-75.338,5.0445],[-75.349,5.0575],[-75.3425,5.0765],[-75.345,5.081],[-75.3085,5.111],[-75.3045,5.119],[-75.2875,5.1385],[-75.2755,5.1405],[-75.252,5.13],[-75.235,5.126],[-75.229,5.133],[-75.219,5.134],[-75.207,5.1445],[-75.2055,5.1545],[-75.195,5.1635],[-75.179,5.1645],[-75.172,5.171],[-75.1545,5.171],[-75.1395,5.158],[-75.131,5.156],[-75.1245,5.161],[-75.1165,5.1605],[-75.1135,5.1815],[-75.098,5.211],[-75.085,5.2235],[-75.075,5.244],[-75.0665,5.2475],[-75.0615,5.2565],[-75.063,5.2645],[-75.0565,5.2755],[-75.036,5.2765],[-75.0255,5.288],[-75.0085,5.292],[-74.987,5.2885],[-74.9795,5.295],[-74.9695,5.2965],[-74.9665,5.3015],[-74.955,5.3015],[-74.9395,5.313],[-74.921,5.309],[-74.909,5.3085],[-74.8985,5.299],[-74.871,5.2965],[-74.869,5.305],[-74.8615,5.3055],[-74.8515,5.314],[-74.841,5.317],[-74.8225,5.318],[-74.812,5.306],[-74.7845,5.297],[-74.7735,5.298],[-74.766,5.288],[-74.741,5.2855],[-74.7345,5.287],[-74.733,5.2965],[-74.727,5.306],[-74.7145,5.315],[-74.7095,5.34],[-74.6975,5.365],[-74.689,5.3645],[-74.678,5.378],[-74.685,5.399],[-74.6815,5.403],[-74.667,5.405],[-74.668,5.4205],[-74.6765,5.4315],[-74.677,5.4365],[-74.6595,5.449],[-74.6655,5.4835],[-74.6745,5.516],[-74.667,5.521],[-74.6565,5.523],[-74.6415,5.5395],[-74.6415,5.5495],[-74.6515,5.565],[-74.653,5.574],[-74.6445,5.6045],[-74.645,5.619],[-74.6295,5.6295],[-74.629,5.6365],[-74.637,5.6515],[-74.6355,5.6615],[-74.628,5.678],[-74.6275,5.697],[-74.6305,5.7045],[-74.638,5.709],[-74.6495,5.7085],[-74.6575,5.7235],[-74.66,5.735],[-74.658,5.744],[-74.661,5.7525],[-74.665,5.7685],[-74.6705,5.7685],[-74.6795,5.779],[-74.6935,5.773],[-74.7145,5.769],[-74.7125,5.7585],[-74.7215,5.756],[-74.7275,5.7385],[-74.7255,5.7235],[-74.7375,5.707],[-74.739,5.6995],[-74.753,5.6965],[-74.7665,5.699],[-74.7705,5.6905],[-74.7835,5.696],[-74.7905,5.696],[-74.797,5.702],[-74.8065,5.6995],[-74.811,5.7095],[-74.8205,5.7085],[-74.834,5.7195],[-74.8375,5.7345],[-74.855,5.7445],[-74.865,5.747],[-74.88,5.746],[-74.8865,5.739],[-74.9005,5.7365],[-74.9295,5.734],[-74.952,5.72],[-74.971,5.715],[-74.9805,5.7175],[-74.993,5.7155],[-74.993,5.705],[-75,5.7015],[-75.0015,5.6935],[-75.0085,5.683],[-75.0285,5.6745],[-75.0485,5.661],[-75.052,5.665],[-75.067,5.665],[-75.077,5.6565],[-75.087,5.6605],[-75.099,5.6425],[-75.0915,5.6275],[-75.089,5.6155],[-75.095,5.6055],[-75.0875,5.5975],[-75.0915,5.586],[-75.1035,5.574],[-75.1125,5.5715],[-75.121,5.559],[-75.13,5.553],[-75.132,5.537],[-75.138,5.527],[-75.1475,5.53],[-75.181,5.5235],[-75.2015,5.516],[-75.206,5.5075],[-75.2205,5.503],[-75.2305,5.49],[-75.2435,5.464],[-75.25,5.4605],[-75.2545,5.449],[-75.2695,5.426],[-75.276,5.4185],[-75.281,5.424],[-75.279,5.4375],[-75.2835,5.4425],[-75.287,5.4595],[-75.2835,5.4665],[-75.297,5.474],[-75.304,5.4655],[-75.3185,5.467],[-75.3135,5.4825],[-75.316,5.4925],[-75.3115,5.51],[-75.3215,5.5175],[-75.3305,5.533],[-75.3295,5.539],[-75.334,5.55],[-75.328,5.555],[-75.33,5.5625],[-75.3385,5.5685],[-75.3395,5.58],[-75.346,5.587],[-75.34,5.603],[-75.3635,5.6015],[-75.3735,5.609],[-75.3825,5.6205],[-75.3835,5.6275],[-75.3685,5.64],[-75.368,5.6545],[-75.377,5.674],[-75.3965,5.6775],[-75.4065,5.681],[-75.4125,5.6945],[-75.4295,5.6965],[-75.4425,5.6855],[-75.4545,5.682],[-75.4615,5.6725],[-75.4785,5.6645],[-75.489,5.6775],[-75.5055,5.6845],[-75.5085,5.681],[-75.5205,5.6955],[-75.536,5.692],[-75.544,5.709],[-75.5435,5.7205],[-75.5545,5.7245],[-75.5695,5.725],[-75.587,5.7345],[-75.599,5.7375],[-75.599,5.7155],[-75.5955,5.7115],[-75.5995,5.6965],[-75.5995,5.681],[-75.589,5.674],[-75.574,5.67],[-75.5735,5.662],[-75.5845,5.6555],[-75.59,5.642],[-75.584,5.6315],[-75.584,5.618],[-75.58,5.6065],[-75.5805,5.592],[-75.575,5.5745],[-75.577,5.565],[-75.576,5.5495],[-75.569,5.54],[-75.5695,5.523],[-75.5765,5.517],[-75.596,5.518],[-75.6165,5.5325],[-75.6275,5.526],[-75.6435,5.531],[-75.6565,5.5255],[-75.6705,5.5295],[-75.6895,5.5195],[-75.693,5.527],[-75.701,5.5315],[-75.709,5.544],[-75.7265,5.5575],[-75.73,5.5635],[-75.745,5.5525],[-75.7545,5.552],[-75.765,5.548],[-75.773,5.537],[-75.783,5.5405],[-75.7885,5.5375],[-75.807,5.5145],[-75.817,5.512],[-75.8255,5.496],[-75.8325,5.489],[-75.85,5.4925],[-75.8555,5.5005],[-75.8635,5.5055],[-75.868,5.49]]]},"properties":{"divipola_dep":"17","divipola_dep_n":17,"dpto_nombre":"CALDAS","area_km2":7421.9384}},
{"type":"Feature","geometry":{"type":"Polygon","coordinates":[[[-73.6565,1.6175],[-73.758,1.711],[-73.8535,1.799],[-74.04,1.971],[-74.054,1.9715],[-74.066,1.979],[-74.0925,1.9775],[-74.105,1.9725],[-74.108,1.9815],[-74.1215,1.987],[-74.125,1.993],[-74.1435,1.993],[-74.1535,1.9795],[-74.1645,1.9835],[-74.173,1.98],[-74.182,1.986],[-74.1925,1.9875],[-74.204,1.9955],[-74.2235,2.019],[-74.228,2.0275],[-74.2315,2.0495],[-74.236,2.0545],[-74.253,2.0585],[-74.305,2.0595],[-74.319,2.062],[-74.3455,2.06],[-74.3665,2.0605],[-74.384,2.081],[-74.401,2.0845],[-74.4175,2.0785],[-74.429,2.083],[-74.4315,2.091],[-74.459,2.092],[-74.4685,2.094],[-74.4815,2.104],[-74.484,2.11],[-74.4775,2.121],[-74.4815,2.1295],[-74.4835,2.1475],[-74.4905,2.1475],[-74.491,2.1365],[-74.5095,2.1315],[-74.5115,2.1215],[-74.5215,2.122],[-74.53,2.113],[-74.5385,2.11],[-74.543,2.115],[-74.546,2.129],[-74.553,2.124],[-74.5595,2.1265],[-74.579,2.124],[-74.5865,2.133],[-74.5935,2.1345],[-74.5935,2.1435],[-74.604,2.158],[-74.6015,2.1635],[-74.592,2.164],[-74.589,2.1715],[-74.5915,2.1795],[-74.589,2.1925],[-74.5915,2.2015],[-74.6075,2.208],[-74.616,2.1995],[-74.634,2.1955],[-74.6425,2.2025],[-74.644,2.211],[-74.6525,2.208],[-74.6625,2.2115],[-74.66,2.2265],[-74.651,2.2275],[-74.651,2.2415],[-74.659,2.252],[-74.666,2.2515],[-74.684,2.26],[-74.6935,2.2705],[-74.7,2.2705],[-74.698,2.285],[-74.709,2.284],[-74.716,2.269],[-74.7215,2.265],[-74.729,2.269],[-74.73,2.28],[-74.7415,2.272],[-74.7485,2.274],[-74.7485,2.2825],[-74.741,2.313],[-74.7405,2.3265],[-74.733,2.3485],[-74.727,2.359],[-74.719,2.36],[-74.7065,2.3815],[-74.7045,2.3935],[-74.693,2.42],[-74.685,2.425],[-74.673,2.425],[-74.673,2.4465],[-74.6685,2.4515],[-74.6615,2.4755],[-74.663,2.4885],[-74.6475,2.4935],[-74.657,2.5125],[-74.6735,2.5195],[-74.679,2.533],[-74.6755,2.539],[-74.6815,2.5585],[-74.6785,2.5595],[-74.6625,2.577],[-74.654,2.5805],[-74.646,2.59],[-74.649,2.5975],[-74.6415,2.609],[-74.625,2.6185],[-74.6215,2.6265],[-74.612,2.6235],[-74.609,2.6335],[-74.6,2.6365],[-74.593,2.6565],[-74.586,2.6655],[-74.59,2.6735],[-74.6065,2.683],[-74.616,2.6835],[-74.614,2.6945],[-74.6235,2.7],[-74.6375,2.701],[-74.638,2.7085],[-74.627,2.7215],[-74.63,2.734],[-74.6175,2.7535],[-74.627,2.756],[-74.6435,2.756],[-74.6445,2.7715],[-74.653,2.7825],[-74.658,2.804],[-74.6665,2.805],[-74.666,2.824],[-74.6715,2.8315],[-74.6615,2.842],[-74.6665,2.8705],[-74.673,2.8765],[-74.6735,2.8885],[-74.692,2.8935],[-74.7085,2.8905],[-74.725,2.8835],[-74.7615,2.8725],[-74.7695,2.873],[-74.7785,2.886],[-74.7825,2.9055],[-74.79,2.9075],[-74.794,2.915],[-74.789,2.926],[-74.799,2.938],[-74.8175,2.924],[-74.8315,2.9175],[-74.837,2.9085],[-74.8455,2.9165],[-74.871,2.9165],[-74.894,2.905],[-74.9,2.8925],[-74.9105,2.8835],[-74.918,2.8915],[-74.9205,2.9035],[-74.9335,2.9095],[-74.9545,2.886],[-74.9715,2.87],[-74.9755,2.863],[-74.989,2.858],[-74.9915,2.851],[-75.0215,2.8125],[-75.021,2.8035],[-75.0265,2.793],[-75.036,2.7885],[-75.0425,2.777],[-75.055,2.7645],[-75.0695,2.745],[-75.077,2.7435],[-75.089,2.73],[-75.096,2.7375],[-75.1075,2.732],[-75.114,2.725],[-75.1205,2.7295],[-75.14,2.726],[-75.147,2.7225],[-75.154,2.7075],[-75.1495,2.7005],[-75.133,2.6935],[-75.1415,2.667],[-75.154,2.656],[-75.1555,2.646],[-75.15,2.6335],[-75.1495,2.621],[-75.134,2.605],[-75.1325,2.596],[-75.1535,2.582],[-75.1575,2.5635],[-75.1695,2.5515],[-75.171,2.546],[-75.182,2.529],[-75.1725,2.524],[-75.181,2.507],[-75.1945,2.512],[-75.207,2.5085],[-75.2275,2.5115],[-75.2255,2.5025],[-75.231,2.481],[-75.237,2.472],[-75.2535,2.453],[-75.2505,2.4445],[-75.2595,2.441],[-75.268,2.4305],[-75.277,2.4245],[-75.287,2.4095],[-75.2865,2.3965],[-75.2925,2.384],[-75.301,2.3795],[-75.31,2.3615],[-75.3155,2.359],[-75.3285,2.366],[-75.333,2.3595],[-75.343,2.332],[-75.348,2.324],[-75.357,2.32],[-75.3655,2.3265],[-75.3865,2.3145],[-75.3945,2.3025],[-75.3905,2.2935],[-75.3965,2.2875],[-75.4135,2.2505],[-75.4105,2.2455],[-75.4185,2.2385],[-75.431,2.234],[-75.4395,2.2205],[-75.4395,2.2105],[-75.436,2.201],[-75.4275,2.1975],[-75.428,2.1795],[-75.436,2.1675],[-75.445,2.144],[-75.453,2.146],[-75.4685,2.142],[-75.4765,2.1355],[-75.488,2.1345],[-75.5015,2.123],[-75.525,2.123],[-75.535,2.1175],[-75.5405,2.104],[-75.5405,2.0905],[-75.5515,2.083],[-75.5555,2.0695],[-75.5715,2.0495],[-75.5695,2.0425],[-75.5795,2.0375],[-75.5895,2.0215],[-75.588,2.011],[-75.6165,1.997],[-75.616,1.988],[-75.6305,1.966],[-75.641,1.958],[-75.6415,1.9495],[-75.647,1.9375],[-75.641,1.926],[-75.6435,1.9135],[-75.6585,1.8925],[-75.666,1.891],[-75.6895,1.8795],[-75.7025,1.863],[-75.7035,1.8505],[-75.708,1.8395],[-75.7255,1.8295],[-75.7315,1.8215],[-75.7335,1.8085],[-75.7315,1.8],[-75.7345,1.7865],[-75.7445,1.7785],[-75.757,1.7765],[-75.763,1.7685],[-75.7795,1.761],[-75.7865,1.763],[-75.7995,1.75],[-75.8165,1.7535],[-75.8305,1.7475],[-75.8375,1.74],[-75.8415,1.7285],[-75.8475,1.722],[-75.8535,1.7255],[-75.8735,1.714],[-75.8855,1.714],[-75.8915,1.717],[-75.9035,1.717],[-75.9205,1.704],[-75.9265,1.695],[-75.9335,1.693],[-75.945,1.6735],[-75.9525,1.6695],[-75.9545,1.6625],[-75.9635,1.659],[-75.9725,1.661],[-75.98,1.6575],[-75.978,1.647],[-75.983,1.622],[-75.9955,1.6145],[-76.0055,1.615],[-76.011,1.6095],[-76.0235,1.591],[-76.0345,1.583],[-76.046,1.5845],[-76.055,1.5805],[-76.065,1.5855],[-76.0745,1.585],[-76.0855,1.578],[-76.092,1.567],[-76.1205,1.5525],[-76.1245,1.566],[-76.1375,1.5745],[-76.144,1.575],[-76.1515,1.5825],[-76.1695,1.588],[-76.161,1.583],[-76.153,1.564],[-76.155,1.5515],[-76.1495,1.5495],[-76.1495,1.536],[-76.1605,1.525],[-76.1835,1.4885],[-76.1815,1.4805],[-76.186,1.464],[-76.176,1.451],[-76.1835,1.443],[-76.1925,1.421],[-76.2005,1.421],[-76.199,1.39],[-76.202,1.385],[-76.1995,1.374],[-76.204,1.353],[-76.223,1.338],[-76.217,1.3305],[-76.214,1.3205],[-76.2245,1.3195],[-76.2315,1.309],[-76.2455,1.299],[-76.2445,1.2925],[-76.2535,1.2805],[-76.2685,1.2665],[-76.276,1.265],[-76.293,1.2455],[-76.3035,1.236],[-76.2995,1.2215],[-76.29,1.21],[-76.2905,1.2],[-76.3,1.192],[-76.2945,1.179],[-76.2855,1.17],[-76.287,1.158],[-76.2805,1.138],[-76.274,1.132],[-76.2485,1.119],[-76.2325,1.1215],[-76.219,1.1135],[-76.2035,1.1155],[-76.195,1.1075],[-76.18,1.105],[-76.1725,1.111],[-76.152,1.109],[-76.146,1.1],[-76.129,1.1025],[-76.1235,1.101],[-76.124,1.0875],[-76.114,1.0855],[-76.103,1.0785],[-76.102,1.07],[-76.0915,1.071],[-76.0805,1.063],[-76.085,1.0575],[-76.064,1.0545],[-76.0555,1.0475],[-76.047,1.046],[-76.0385,1.053],[-76.02,1.048],[-76.006,1.055],[-76.001,1.0475],[-76.0005,1.031],[-75.994,1.027],[-75.9855,1.0445],[-75.989,1.0555],[-75.9985,1.061],[-76,1.0695],[-75.9865,1.07],[-75.9755,1.0615],[-75.9515,1.0335],[-75.935,1.03],[-75.927,1.034],[-75.921,1.029],[-75.922,1.019],[-75.931,1.0065],[-75.932,0.994],[-75.944,0.989],[-75.9455,0.981],[-75.9205,0.9775],[-75.909,0.973],[-75.9045,0.9655],[-75.903,0.95],[-75.895,0.9355],[-75.87,0.9255],[-75.866,0.919],[-75.8655,0.9065],[-75.8565,0.885],[-75.8435,0.877],[-75.832,0.874],[-75.8245,0.8755],[-75.814,0.893],[-75.806,0.896],[-75.7975,0.894],[-75.7845,0.877],[-75.7775,0.873],[-75.765,0.8535],[-75.7665,0.845],[-75.758,0.837],[-75.7425,0.8535],[-75.7205,0.8615],[-75.711,0.8625],[-75.6935,0.8575],[-75.682,0.857],[-75.675,0.86],[-75.6605,0.8735],[-75.6365,0.8765],[-75.619,0.8675],[-75.6135,0.8575],[-75.6135,0.846],[-75.6055,0.837],[-75.5865,0.839],[-75.5745,0.8345],[-75.547,0.8325],[-75.538,0.827],[-75.5375,0.8045],[-75.539,0.79],[-75.5245,0.7825],[-75.521,0.7755],[-75.504,0.767],[-75.4895,0.7815],[-75.483,0.783],[-75.473,0.773],[-75.4685,0.759],[-75.44,0.7475],[-75.423,0.7385],[-75.403,0.7385],[-75.3845,0.754],[-75.3785,0.7545],[-75.36,0.7505],[-75.3475,0.766],[-75.339,0.7685],[-75.331,0.752],[-75.3245,0.746],[-75.3095,0.7475],[-75.295,0.7285],[-75.285,0.7295],[-75.2655,0.7255],[-75.2585,0.713],[-75.257,0.703],[-75.264,0.688],[-75.2755,0.676],[-75.276,0.6675],[-75.271,0.6615],[-75.2585,0.658],[-75.231,0.646],[-75.22,0.632],[-75.215,0.6155],[-75.2075,0.6015],[-75.2125,0.588],[-75.231,0.581],[-75.2355,0.5665],[-75.225,0.5355],[-75.213,0.5205],[-75.2025,0.5125],[-75.1985,0.5045],[-75.2015,0.499],[-75.2155,0.4955],[-75.217,0.4865],[-75.21,0.482],[-75.196,0.479],[-75.187,0.485],[-75.176,0.4865],[-75.161,0.4805],[-75.143,0.4875],[-75.125,0.507],[-75.117,0.5115],[-75.099,0.511],[-75.094,0.501],[-75.0965,0.4875],[-75.1065,0.4785],[-75.101,0.4725],[-75.086,0.4765],[-75.07,0.476],[-75.0585,0.4795],[-75.0455,0.48],[-75.034,0.4845],[-75.0255,0.48],[-75.0135,0.464],[-75.0055,0.438],[-74.988,0.421],[-74.9835,0.4125],[-74.985,0.3995],[-74.9885,0.3965],[-75.007,0.393],[-75.0155,0.3865],[-75.012,0.3535],[-75.007,0.3425],[-75,0.3335],[-74.982,0.319],[-74.98,0.3115],[-74.9895,0.2995],[-75.0065,0.2965],[-75.011,0.29],[-75.0105,0.281],[-75.004,0.273],[-74.9855,0.2655],[-74.9655,0.245],[-74.954,0.242],[-74.943,0.2435],[-74.9285,0.2505],[-74.9135,0.2525],[-74.893,0.249],[-74.881,0.241],[-74.8655,0.225],[-74.8445,0.214],[-74.831,0.213],[-74.815,0.2165],[-74.7815,0.2085],[-74.7685,0.2125],[-74.7365,0.2095],[-74.7165,0.2015],[-74.7075,0.1935],[-74.7035,0.1845],[-74.692,0.1765],[-74.678,0.16],[-74.675,0.1435],[-74.6755,0.131],[-74.673,0.1175],[-74.6735,0.105],[-74.6805,0.092],[-74.6885,0.0885],[-74.6965,0.0895],[-74.707,0.0975],[-74.7115,0.089],[-74.704,0.082],[-74.692,0.0785],[-74.6705,0.0825],[-74.658,0.0765],[-74.6565,0.0665],[-74.663,0.0535],[-74.6835,0.0425],[-74.702,0.0445],[-74.704,0.037],[-74.69,0.019],[-74.6765,0.01],[-74.658,-0.0085],[-74.657,-0.028],[-74.662,-0.0385],[-74.6795,-0.047],[-74.6815,-0.056],[-74.6715,-0.06],[-74.6645,-0.0525],[-74.6455,-0.0385],[-74.63,-0.045],[-74.6165,-0.0565],[-74.618,-0.0715],[-74.6325,-0.083],[-74.632,-0.0885],[-74.617,-0.094],[-74.5985,-0.0985],[-74.582,-0.1095],[-74.541,-0.1205],[-74.53,-0.126],[-74.524,-0.116],[-74.5345,-0.102],[-74.5305,-0.089],[-74.514,-0.0915],[-74.5065,-0.1035],[-74.5085,-0.127],[-74.4995,-0.137],[-74.486,-0.138],[-74.475,-0.1305],[-74.4645,-0.111],[-74.462,-0.082],[-74.4575,-0.0725],[-74.4515,-0.07],[-74.4395,-0.075],[-74.4275,-0.088],[-74.4235,-0.098],[-74.4265,-0.1125],[-74.447,-0.129],[-74.4445,-0.14],[-74.429,-0.1325],[-74.4115,-0.118],[-74.395,-0.113],[-74.371,-0.1115],[-74.351,-0.1065],[-74.3305,-0.116],[-74.323,-0.1225],[-74.3175,-0.1335],[-74.3065,-0.146],[-74.299,-0.148],[-74.278,-0.1395],[-74.2655,-0.1445],[-74.264,-0.1555],[-74.269,-0.1625],[-74.287,-0.177],[-74.29,-0.197],[-74.261,-0.222],[-74.234,-0.2375],[-74.223,-0.234],[-74.2175,-0.21],[-74.2085,-0.2075],[-74.1945,-0.216],[-74.1905,-0.227],[-74.1885,-0.2585],[-74.1755,-0.266],[-74.162,-0.2655],[-74.1565,-0.261],[-74.146,-0.241],[-74.1345,-0.2335],[-74.1225,-0.2325],[-74.1095,-0.2365],[-74.094,-0.259],[-74.084,-0.278],[-74.07,-0.2805],[-74.054,-0.2725],[-74.0445,-0.275],[-74.04,-0.2825],[-74.041,-0.297],[-74.0355,-0.31],[-74.0255,-0.3165],[-74.017,-0.333],[-73.999,-0.3445],[-73.945,-0.355],[-73.901,-0.3685],[-73.88,-0.3705],[-73.859,-0.3835],[-73.8415,-0.398],[-73.8305,-0.4055],[-73.8105,-0.412],[-73.7885,-0.409],[-73.7645,-0.4075],[-73.7525,-0.4015],[-73.7385,-0.384],[-73.73,-0.3805],[-73.719,-0.381],[-73.708,-0.3865],[-73.69,-0.415],[-73.6765,-0.4215],[-73.6645,-0.4215],[-73.6515,-0.4165],[-73.6415,-0.4165],[-73.6355,-0.43],[-73.6405,-0.4405],[-73.6525,-0.4515],[-73.6505,-0.4575],[-73.625,-0.447],[-73.609,-0.4395],[-73.5935,-0.442],[-73.58,-0.455],[-73.5795,-0.48],[-73.5695,-0.4945],[-73.571,-0.5155],[-73.56,-0.518],[-73.5455,-0.5095],[-73.536,-0.4875],[-73.529,-0.4925],[-73.529,-0.5015],[-73.517,-0.521],[-73.507,-0.525],[-73.4885,-0.528],[-73.453,-0.515],[-73.435,-0.511],[-73.425,-0.5115],[-73.4075,-0.5185],[-73.3955,-0.5305],[-73.3785,-0.5365],[-73.3715,-0.5335],[-73.3665,-0.522],[-73.3545,-0.5135],[-73.3355,-0.506],[-73.3285,-0.5095],[-73.325,-0.521],[-73.3155,-0.531],[-73.2995,-0.542],[-73.2795,-0.5455],[-73.2675,-0.5535],[-73.2595,-0.565],[-73.2575,-0.577],[-73.2525,-0.5825],[-73.2395,-0.587],[-73.2205,-0.606],[-73.209,-0.6245],[-73.197,-0.6265],[-73.1615,-0.6205],[-73.154,-0.6145],[-73.137,-0.607],[-73.1125,-0.6045],[-73.099,-0.61],[-73.085,-0.623],[-73.075,-0.6215],[-73.0705,-0.5925],[-73.061,-0.5755],[-73.0575,-0.556],[-73.044,-0.535],[-73.0265,-0.527],[-73.0155,-0.527],[-72.9895,-0.537],[-72.968,-0.5515],[-72.956,-0.563],[-72.945,-0.584],[-72.942,-0.597],[-72.937,-0.606],[-72.9175,-0.6155],[-72.8775,-0.6175],[-72.854,-0.612],[-72.831,-0.598],[-72.8215,-0.5995],[-72.811,-0.597],[-72.8075,-0.5855],[-72.7965,-0.5765],[-72.7765,-0.5775],[-72.763,-0.5605],[-72.754,-0.555],[-72.745,-0.5605],[-72.7435,-0.5755],[-72.7365,-0.5835],[-72.728,-0.5835],[-72.7145,-0.589],[-72.7025,-0.6045],[-72.6945,-0.6105],[-72.677,-0.618],[-72.677,-0.6315],[-72.6635,-0.642],[-72.638,-0.6575],[-72.604,-0.6855],[-72.592,-0.6935],[-72.563,-0.7055],[-72.5565,-0.706],[-72.5445,-0.689],[-72.5385,-0.677],[-72.528,-0.665],[-72.514,-0.657],[-72.4995,-0.6345],[-72.4755,-0.6115],[-72.4695,-0.602],[-72.4335,-0.5665],[-72.425,-0.5625],[-72.412,-0.564],[-72.408,-0.5675],[-72.404,-0.5845],[-72.408,-0.5995],[-72.3965,-0.6125],[-72.387,-0.618],[-72.369,-0.6245],[-72.358,-0.636],[-72.3355,-0.6425],[-72.3175,-0.652],[-72.2985,-0.648],[-72.2915,-0.643],[-72.2855,-0.6305],[-72.2635,-0.6225],[-72.249,-0.6135],[-72.243,-0.6055],[-72.2465,-0.5855],[-72.245,-0.5745],[-72.24,-0.562],[-72.2375,-0.53],[-72.233,-0.5235],[-72.2345,-0.512],[-72.23,-0.504],[-72.2305,-0.493],[-72.2075,-0.4835],[-72.195,-0.4675],[-72.183,-0.461],[-72.1675,-0.4345],[-72.163,-0.4115],[-72.155,-0.4055],[-72.148,-0.393],[-72.159,-0.3825],[-72.157,-0.363],[-72.1535,-0.3555],[-72.144,-0.356],[-72.1435,-0.3475],[-72.1205,-0.339],[-72.112,-0.333],[-72.097,-0.329],[-72.0895,-0.331],[-72.083,-0.3385],[-72.0725,-0.326],[-72.0625,-0.3245],[-72.057,-0.3095],[-72.0615,-0.296],[-72.046,-0.2825],[-72.042,-0.269],[-72.0195,-0.264],[-71.998,-0.2755],[-71.9865,-0.279],[-71.9805,-0.2735],[-71.9685,-0.269],[-71.928,-0.2655],[-71.9135,-0.268],[-71.91,-0.2735],[-71.872,-0.27],[-71.8575,-0.2725],[-71.848,-0.277],[-71.8205,-0.2745],[-71.8115,-0.2635],[-71.7985,-0.2655],[-71.7895,-0.2705],[-71.773,-0.2635],[-71.7725,-0.2565],[-71.74,-0.25],[-71.738,-0.242],[-71.723,-0.2345],[-71.7105,-0.2325],[-71.7145,-0.2035],[-71.723,-0.1825],[-71.736,-0.1635],[-71.7365,-0.1545],[-71.7255,-0.1215],[-71.7185,-0.1195],[-71.7145,-0.109],[-71.7035,-0.1015],[-71.701,-0.0875],[-71.705,-0.0675],[-71.6985,-0.064],[-71.6865,-0.064],[-71.672,-0.06],[-71.6475,-0.0385],[-71.626,-0.0345],[-71.5935,-0.0145],[-71.578,-0.001],[-71.582,0.0095],[-71.577,0.0155],[-71.5675,0.02],[-71.55,0.022],[-71.515,0.0055],[-71.5005,0.001],[-71.4855,-0.0085],[-71.475,-0.012],[-71.466,-0.008],[-71.452,-0.0115],[-71.4485,0.0035],[-71.431,0.007],[-71.4205,0.0035],[-71.4005,0.0055],[-71.386,0.0145],[-71.386,0.026],[-71.364,0.032],[-71.342,0.019],[-71.315,0.0205],[-71.3035,0.0325],[-71.2935,0.0335],[-71.2855,0.038],[-71.2715,0.035],[-71.262,0.045],[-71.262,0.0525],[-71.254,0.0595],[-71.262,0.069],[-71.28,0.066],[-71.2925,0.0685],[-71.297,0.075],[-71.2895,0.0875],[-71.291,0.0975],[-71.3075,0.102],[-71.3285,0.117],[-71.3205,0.13],[-71.323,0.1405],[-71.33,0.145],[-71.335,0.155],[-71.344,0.1505],[-71.339,0.143],[-71.343,0.138],[-71.352,0.1445],[-71.367,0.1455],[-71.3705,0.1525],[-71.369,0.1625],[-71.375,0.1735],[-71.391,0.1785],[-71.4025,0.185],[-71.404,0.1555],[-71.4195,0.143],[-71.4305,0.14],[-71.438,0.142],[-71.4495,0.139],[-71.47,0.1575],[-71.4565,0.163],[-71.4555,0.171],[-71.459,0.1785],[-71.4695,0.185],[-71.4755,0.183],[-71.477,0.172],[-71.483,0.163],[-71.4855,0.1485],[-71.4935,0.1465],[-71.495,0.135],[-71.503,0.1295],[-71.5175,0.1315],[-71.5285,0.12],[-71.5365,0.1215],[-71.5445,0.1335],[-71.534,0.1395],[-71.526,0.1535],[-71.5315,0.165],[-71.5435,0.1725],[-71.567,0.1715],[-71.5835,0.163],[-71.59,0.1695],[-71.5795,0.177],[-71.577,0.198],[-71.563,0.207],[-71.562,0.2165],[-71.571,0.2155],[-71.577,0.208],[-71.5925,0.1975],[-71.606,0.1835],[-71.6125,0.1815],[-71.625,0.1845],[-71.618,0.197],[-71.627,0.203],[-71.627,0.216],[-71.644,0.2095],[-71.656,0.2195],[-71.667,0.2235],[-71.698,0.2375],[-71.7265,0.281],[-71.7245,0.288],[-71.7035,0.296],[-71.699,0.304],[-71.705,0.3185],[-71.727,0.3085],[-71.7315,0.302],[-71.734,0.287],[-71.745,0.2895],[-71.7515,0.297],[-71.754,0.3175],[-71.753,0.3315],[-71.7695,0.3275],[-71.789,0.3355],[-71.7845,0.346],[-71.773,0.349],[-71.7705,0.3695],[-71.781,0.364],[-71.791,0.364],[-71.815,0.3735],[-71.814,0.366],[-71.8055,0.3645],[-71.8015,0.3585],[-71.8055,0.3485],[-71.8235,0.3395],[-71.832,0.339],[-71.851,0.3505],[-71.8465,0.3575],[-71.8355,0.366],[-71.833,0.3735],[-71.8365,0.395],[-71.824,0.4035],[-71.8395,0.408],[-71.847,0.4135],[-71.8475,0.438],[-71.857,0.455],[-71.8815,0.4665],[-71.8885,0.4485],[-71.904,0.443],[-71.917,0.4485],[-71.9215,0.459],[-71.9035,0.468],[-71.9055,0.4785],[-71.92,0.478],[-71.9265,0.4825],[-71.929,0.497],[-71.915,0.5105],[-71.913,0.516],[-71.929,0.5435],[-71.9295,0.5535],[-71.9385,0.57],[-71.945,0.568],[-71.9435,0.5505],[-71.9505,0.5405],[-71.9555,0.5415],[-71.964,0.556],[-71.9765,0.561],[-71.987,0.5605],[-71.991,0.5655],[-71.989,0.586],[-71.9925,0.5905],[-72.007,0.5925],[-72.0115,0.599],[-71.9985,0.6035],[-71.99,0.6135],[-71.982,0.629],[-71.994,0.632],[-71.9965,0.6555],[-72.0045,0.658],[-72.0175,0.6545],[-72.0265,0.6645],[-72.033,0.6645],[-72.0485,0.656],[-72.083,0.657],[-72.0855,0.663],[-72.0725,0.666],[-72.067,0.681],[-72.0715,0.695],[-72.081,0.705],[-72.094,0.699],[-72.11,0.705],[-72.1215,0.7215],[-72.1195,0.7345],[-72.129,0.74],[-72.1405,0.718],[-72.146,0.7195],[-72.1595,0.733],[-72.1625,0.7145],[-72.1685,0.712],[-72.178,0.723],[-72.191,0.727],[-72.2005,0.702],[-72.21,0.7],[-72.2205,0.706],[-72.2305,0.716],[-72.2295,0.726],[-72.2245,0.734],[-72.222,0.7475],[-72.226,0.7575],[-72.2385,0.768],[-72.2505,0.79],[-72.266,0.7945],[-72.27,0.7875],[-72.262,0.778],[-72.261,0.767],[-72.2695,0.763],[-72.2805,0.7705],[-72.2935,0.7825],[-72.2995,0.7955],[-72.31,0.8095],[-72.3035,0.8175],[-72.2895,0.817],[-72.288,0.824],[-72.3,0.838],[-72.3015,0.844],[-72.2965,0.854],[-72.287,0.8625],[-72.2885,0.873],[-72.3,0.882],[-72.309,0.8765],[-72.324,0.8755],[-72.3245,0.866],[-72.317,0.8545],[-72.319,0.8445],[-72.329,0.841],[-72.331,0.851],[-72.341,0.863],[-72.343,0.8705],[-72.3325,0.8805],[-72.3455,0.898],[-72.3465,0.908],[-72.34,0.9265],[-72.3545,0.935],[-72.374,0.9175],[-72.3885,0.918],[-72.3925,0.9235],[-72.385,0.9355],[-72.377,0.9575],[-72.4005,0.9675],[-72.4105,0.9875],[-72.4035,0.992],[-72.399,1.0025],[-72.4135,1.0125],[-72.4235,1.0225],[-72.426,1.0375],[-72.4325,1.047],[-72.442,1.054],[-72.455,1.069],[-72.457,1.0805],[-72.468,1.084],[-72.4795,1.079],[-72.484,1.0715],[-72.5,1.0735],[-72.508,1.0675],[-72.5205,1.081],[-72.5345,1.0835],[-72.557,1.0935],[-72.574,1.113],[-72.5865,1.1155],[-72.5895,1.125],[-72.608,1.133],[-72.619,1.134],[-72.635,1.149],[-72.6365,1.1595],[-72.6515,1.1715],[-72.658,1.152],[-72.6645,1.1525],[-72.671,1.164],[-72.6935,1.1635],[-72.694,1.177],[-72.699,1.182],[-72.719,1.188],[-72.7265,1.186],[-72.729,1.178],[-72.7265,1.168],[-72.734,1.1535],[-72.7425,1.1465],[-72.739,1.14],[-72.742,1.1335],[-72.751,1.129],[-72.7645,1.1325],[-72.778,1.148],[-72.7775,1.1645],[-72.769,1.177],[-72.7765,1.1815],[-72.7845,1.1755],[-72.7975,1.176],[-72.805,1.1825],[-72.8225,1.1785],[-72.816,1.168],[-72.8225,1.161],[-72.836,1.156],[-72.844,1.161],[-72.851,1.158],[-72.8495,1.1455],[-72.856,1.1425],[-72.8705,1.1455],[-72.872,1.1345],[-72.8675,1.1205],[-72.849,1.108],[-72.8595,1.1025],[-72.864,1.108],[-72.8755,1.101],[-72.876,1.091],[-72.87,1.0875],[-72.872,1.077],[-72.861,1.072],[-72.8615,1.0575],[-72.8575,1.0435],[-72.8745,1.0365],[-72.867,1.0255],[-72.8755,1.0215],[-72.885,1.024],[-72.895,1.0115],[-72.8975,1.0175],[-72.9095,1.0085],[-72.928,1.016],[-72.933,1.0085],[-72.929,1.002],[-72.9405,0.98],[-72.9525,0.979],[-72.956,0.969],[-72.9825,0.955],[-72.9915,0.949],[-72.987,0.9325],[-73.007,0.932],[-73.006,0.9195],[-73.013,0.9115],[-73.025,0.9215],[-73.0315,0.9145],[-73.0455,0.906],[-73.052,0.9115],[-73.0785,0.895],[-73.0875,0.9105],[-73.103,0.9125],[-73.11,0.9185],[-73.1225,0.922],[-73.13,0.9145],[-73.1395,0.918],[-73.1485,0.941],[-73.1645,0.9455],[-73.1625,0.95],[-73.1755,0.961],[-73.1825,0.971],[-73.1715,0.992],[-73.185,0.9995],[-73.199,0.9985],[-73.2045,1.005],[-73.2165,0.997],[-73.225,1.006],[-73.235,1.009],[-73.248,1.0225],[-73.239,1.032],[-73.2475,1.0395],[-73.2645,1.048],[-73.2775,1.0465],[-73.281,1.06],[-73.302,1.07],[-73.3015,1.0755],[-73.3225,1.0805],[-73.3255,1.0905],[-73.3345,1.094],[-73.334,1.1105],[-73.358,1.1285],[-73.373,1.131],[-73.3745,1.1415],[-73.3925,1.147],[-73.392,1.155],[-73.3965,1.17],[-73.412,1.175],[-73.4165,1.1835],[-73.418,1.198],[-73.415,1.212],[-73.4225,1.2185],[-73.4205,1.226],[-73.414,1.232],[-73.414,1.2455],[-73.427,1.2635],[-73.4225,1.28],[-73.428,1.296],[-73.447,1.291],[-73.454,1.2985],[-73.4535,1.305],[-73.4595,1.312],[-73.4575,1.323],[-73.47,1.341],[-73.47,1.352],[-73.4765,1.3615],[-73.5035,1.37],[-73.508,1.3865],[-73.535,1.39],[-73.538,1.3995],[-73.548,1.407],[-73.5455,1.4165],[-73.5465,1.4365],[-73.555,1.448],[-73.5785,1.47],[-73.5855,1.488],[-73.5935,1.49],[-73.611,1.511],[-73.6135,1.5235],[-73.6265,1.539],[-73.638,1.5455],[-73.649,1.568],[-73.6585,1.5765],[-73.66,1.5905],[-73.6635,1.5965],[-73.658,1.6075],[-73.6565,1.6175]]]},"properties":{"divipola_dep":"18","divipola_dep_n":18,"dpto_nombre":"CAQUETÁ","area_km2":92708.9924}},
{"type":"Feature","geometry":{"type":"Polygon","coordinates":[[[-76.1695,1.588],[-76.1835,1.5735],[-76.1915,1.572],[-76.2025,1.5785],[-76.2005,1.592],[-76.21,1.6005],[-76.2085,1.626],[-76.215,1.6355],[-76.2115,1.6405],[-76.225,1.655],[-76.228,1.662],[-76.2455,1.6825],[-76.253,1.674],[-76.2645,1.677],[-76.2725,1.6745],[-76.2815,1.6765],[-76.287,1.6855],[-76.3015,1.69],[-76.317,1.6835],[-76.325,1.6635],[-76.3415,1.6645],[-76.347,1.662],[-76.3635,1.67],[-76.375,1.6635],[-76.3815,1.667],[-76.376,1.6855],[-76.3775,1.7005],[-76.375,1.7155],[-76.37,1.7325],[-76.372,1.7425],[-76.3825,1.747],[-76.408,1.73],[-76.4145,1.7175],[-76.42,1.7185],[-76.4265,1.727],[-76.4305,1.741],[-76.4235,1.7465],[-76.421,1.756],[-76.4345,1.7905],[-76.449,1.7975],[-76.4535,1.804],[-76.4675,1.814],[-76.475,1.8165],[-76.489,1.826],[-76.4985,1.8255],[-76.5135,1.8335],[-76.5245,1.825],[-76.5335,1.829],[-76.544,1.839],[-76.556,1.8385],[-76.5685,1.8495],[-76.5695,1.856],[-76.5885,1.866],[-76.592,1.881],[-76.584,1.8865],[-76.583,1.9005],[-76.5865,1.909],[-76.595,1.92],[-76.603,1.9205],[-76.6195,1.9265],[-76.6105,1.9465],[-76.622,1.9585],[-76.6245,1.974],[-76.6205,1.9765],[-76.6105,1.995],[-76.6,1.9975],[-76.593,2.0055],[-76.5875,2.0005],[-76.5785,2.003],[-76.5795,2.009],[-76.5725,2.019],[-76.5735,2.0295],[-76.586,2.0345],[-76.5835,2.0475],[-76.5775,2.0555],[-76.584,2.0825],[-76.59,2.095],[-76.59,2.1085],[-76.575,2.1185],[-76.57,2.127],[-76.5535,2.1395],[-76.542,2.134],[-76.5135,2.1355],[-76.504,2.1265],[-76.4875,2.129],[-76.4805,2.111],[-76.4725,2.103],[-76.464,2.1015],[-76.4545,2.1125],[-76.4425,2.119],[-76.433,2.1195],[-76.4245,2.129],[-76.431,2.141],[-76.4375,2.161],[-76.432,2.1705],[-76.4365,2.178],[-76.4335,2.188],[-76.418,2.192],[-76.403,2.2035],[-76.3975,2.231],[-76.389,2.242],[-76.391,2.246],[-76.385,2.2685],[-76.374,2.279],[-76.3635,2.2775],[-76.3605,2.2705],[-76.344,2.272],[-76.3235,2.281],[-76.303,2.2835],[-76.289,2.2745],[-76.275,2.27],[-76.2495,2.2435],[-76.239,2.228],[-76.2245,2.218],[-76.2195,2.2075],[-76.208,2.198],[-76.1975,2.1955],[-76.179,2.198],[-76.159,2.198],[-76.149,2.2005],[-76.1395,2.21],[-76.136,2.221],[-76.121,2.225],[-76.1465,2.294],[-76.126,2.38],[-76.12,2.3905],[-76.109,2.396],[-76.1035,2.406],[-76.099,2.4055],[-76.089,2.416],[-76.08,2.4155],[-76.046,2.4045],[-76.033,2.402],[-76.0215,2.4335],[-76.02,2.4475],[-76.0095,2.4565],[-75.9945,2.477],[-75.9895,2.4805],[-75.9795,2.5035],[-75.961,2.4965],[-75.958,2.4905],[-75.9475,2.486],[-75.9425,2.488],[-75.932,2.4785],[-75.9245,2.4815],[-75.9175,2.474],[-75.918,2.4575],[-75.912,2.455],[-75.9095,2.446],[-75.8895,2.4345],[-75.888,2.4305],[-75.873,2.4315],[-75.864,2.426],[-75.8565,2.433],[-75.86,2.442],[-75.8455,2.4525],[-75.849,2.456],[-75.843,2.4665],[-75.8295,2.4735],[-75.823,2.4835],[-75.822,2.504],[-75.8195,2.5195],[-75.8245,2.529],[-75.8375,2.541],[-75.8335,2.551],[-75.84,2.5585],[-75.836,2.5705],[-75.827,2.5755],[-75.824,2.5915],[-75.81,2.6],[-75.8,2.6235],[-75.789,2.636],[-75.7915,2.6405],[-75.7885,2.6585],[-75.7825,2.658],[-75.7745,2.6675],[-75.772,2.6765],[-75.758,2.6805],[-75.7575,2.6955],[-75.748,2.7195],[-75.754,2.7365],[-75.751,2.7415],[-75.764,2.7525],[-75.777,2.7545],[-75.78,2.762],[-75.7915,2.7615],[-75.806,2.7685],[-75.812,2.7825],[-75.806,2.807],[-75.8065,2.821],[-75.8135,2.8215],[-75.8225,2.8355],[-75.8455,2.843],[-75.8545,2.842],[-75.866,2.8355],[-75.879,2.8335],[-75.896,2.8555],[-76.029,2.9405],[-76.0285,2.9545],[-76.0255,2.9585],[-76.029,2.972],[-76.0265,2.9875],[-76.02,2.9955],[-76.0215,3.005],[-76.0345,3.01],[-76.0415,3.016],[-76.039,3.024],[-76.044,3.0315],[-76.0465,3.044],[-76.053,3.0425],[-76.073,3.0495],[-76.0705,3.067],[-76.0835,3.0915],[-76.0925,3.097],[-76.103,3.096],[-76.1055,3.107],[-76.0965,3.112],[-76.085,3.113],[-76.074,3.122],[-76.0765,3.1325],[-76.0725,3.1395],[-76.078,3.151],[-76.086,3.1555],[-76.078,3.165],[-76.083,3.1725],[-76.0915,3.1755],[-76.091,3.199],[-76.084,3.2035],[-76.07,3.196],[-76.0605,3.2025],[-76.0525,3.219],[-76.0555,3.2235],[-76.0615,3.2135],[-76.068,3.2105],[-76.088,3.2195],[-76.1125,3.2265],[-76.117,3.2225],[-76.1375,3.225],[-76.146,3.2225],[-76.1565,3.236],[-76.1675,3.232],[-76.1915,3.2275],[-76.2025,3.2425],[-76.2065,3.2585],[-76.2295,3.277],[-76.238,3.2755],[-76.251,3.2795],[-76.277,3.2775],[-76.2815,3.283],[-76.2925,3.2865],[-76.3075,3.2845],[-76.312,3.2805],[-76.33,3.2825],[-76.343,3.2805],[-76.3595,3.2895],[-76.373,3.288],[-76.389,3.292],[-76.4065,3.299],[-76.4215,3.3125],[-76.4325,3.313],[-76.448,3.317],[-76.456,3.326],[-76.476,3.314],[-76.4735,3.3045],[-76.4835,3.2955],[-76.494,3.2935],[-76.484,3.2785],[-76.4735,3.28],[-76.471,3.27],[-76.4605,3.266],[-76.469,3.2585],[-76.4655,3.241],[-76.477,3.232],[-76.47,3.227],[-76.4925,3.2065],[-76.491,3.196],[-76.4925,3.176],[-76.502,3.1665],[-76.502,3.1605],[-76.51,3.1505],[-76.5185,3.15],[-76.53,3.124],[-76.546,3.106],[-76.563,3.107],[-76.564,3.1165],[-76.5775,3.1265],[-76.578,3.118],[-76.591,3.1155],[-76.5875,3.1075],[-76.5995,3.1035],[-76.593,3.0935],[-76.61,3.091],[-76.624,3.102],[-76.626,3.124],[-76.63,3.1285],[-76.642,3.118],[-76.6465,3.106],[-76.652,3.1015],[-76.6665,3.098],[-76.677,3.0995],[-76.684,3.108],[-76.6995,3.12],[-76.7225,3.1175],[-76.7335,3.125],[-76.744,3.1355],[-76.75,3.146],[-76.748,3.1565],[-76.74,3.171],[-76.739,3.186],[-76.7515,3.199],[-76.7585,3.2025],[-76.753,3.21],[-76.773,3.2335],[-76.7825,3.23],[-76.7885,3.218],[-76.797,3.216],[-76.811,3.2075],[-76.818,3.2105],[-76.8435,3.2105],[-76.851,3.2075],[-76.8595,3.2125],[-76.88,3.2095],[-76.892,3.202],[-76.8955,3.2045],[-76.909,3.2005],[-76.9135,3.1765],[-76.913,3.1575],[-76.9275,3.1395],[-76.925,3.1305],[-76.938,3.1145],[-76.972,3.119],[-76.979,3.129],[-76.98,3.136],[-76.9885,3.139],[-76.9905,3.148],[-76.9975,3.155],[-77.0115,3.153],[-77.0305,3.167],[-77.037,3.164],[-77.0535,3.17],[-77.064,3.169],[-77.0795,3.18],[-77.1005,3.1855],[-77.1175,3.169],[-77.1285,3.1615],[-77.136,3.17],[-77.1425,3.172],[-77.158,3.1695],[-77.178,3.157],[-77.192,3.1415],[-77.2035,3.1335],[-77.2175,3.1355],[-77.2195,3.1195],[-77.2345,3.108],[-77.2455,3.1175],[-77.253,3.1205],[-77.2615,3.135],[-77.27,3.14],[-77.2845,3.1375],[-77.2905,3.1425],[-77.2865,3.1485],[-77.278,3.1495],[-77.28,3.1595],[-77.289,3.1565],[-77.301,3.1625],[-77.316,3.174],[-77.32,3.1655],[-77.3345,3.151],[-77.341,3.1495],[-77.3455,3.1405],[-77.366,3.1465],[-77.3645,3.1635],[-77.369,3.1695],[-77.383,3.1755],[-77.3825,3.2045],[-77.393,3.214],[-77.404,3.2135],[-77.4065,3.224],[-77.4135,3.2305],[-77.4175,3.2445],[-77.4305,3.254],[-77.44,3.247],[-77.4525,3.242],[-77.455,3.2335],[-77.4695,3.223],[-77.4665,3.2165],[-77.481,3.209],[-77.49,3.2165],[-77.4975,3.2165],[-77.502,3.2105],[-77.495,3.201],[-77.497,3.191],[-77.505,3.187],[-77.517,3.192],[-77.5345,3.2075],[-77.5435,3.213],[-77.5525,3.1985],[-77.5555,3.182],[-77.563,3.1625],[-77.573,3.1445],[-77.5805,3.1385],[-77.6205,3.0855],[-77.6265,3.0795],[-77.6535,3.065],[-77.657,3.0535],[-77.6665,3.046],[-77.691,3.001],[-77.6895,2.9865],[-77.6665,2.984],[-77.667,2.9735],[-77.671,2.9655],[-77.667,2.96],[-77.672,2.9365],[-77.679,2.934],[-77.6925,2.9135],[-77.6905,2.9055],[-77.6985,2.898],[-77.6945,2.887],[-77.7025,2.8625],[-77.707,2.863],[-77.7095,2.846],[-77.721,2.825],[-77.737,2.823],[-77.759,2.8035],[-77.764,2.7965],[-77.736,2.7865],[-77.748,2.773],[-77.7505,2.764],[-77.7565,2.7605],[-77.7645,2.765],[-77.7795,2.7575],[-77.789,2.761],[-77.7975,2.7475],[-77.8005,2.731],[-77.7905,2.73],[-77.792,2.716],[-77.7955,2.7085],[-77.788,2.691],[-77.809,2.685],[-77.834,2.7035],[-77.8425,2.704],[-77.8455,2.6915],[-77.8555,2.692],[-77.8615,2.698],[-77.873,2.6975],[-77.8875,2.686],[-77.899,2.6855],[-77.907,2.681],[-77.914,2.663],[-77.9085,2.6555],[-77.9065,2.646],[-77.916,2.64],[-77.9285,2.6405],[-77.9235,2.6185],[-77.917,2.6055],[-77.9155,2.5935],[-77.9145,2.544],[-77.919,2.523],[-77.9255,2.5105],[-77.925,2.482],[-77.9205,2.4605],[-77.9175,2.456],[-77.919,2.4365],[-77.9175,2.4115],[-77.9125,2.4035],[-77.9025,2.3965],[-77.8955,2.375],[-77.894,2.3655],[-77.883,2.3525],[-77.8805,2.3345],[-77.8835,2.3195],[-77.879,2.313],[-77.8715,2.2905],[-77.866,2.2835],[-77.861,2.268],[-77.848,2.2605],[-77.8505,2.241],[-77.8475,2.2315],[-77.853,2.2145],[-77.853,2.2055],[-77.849,2.191],[-77.8355,2.1765],[-77.8215,2.1785],[-77.801,2.17],[-77.7985,2.164],[-77.7835,2.1535],[-77.7805,2.1485],[-77.751,2.141],[-77.744,2.135],[-77.734,2.134],[-77.6985,2.1535],[-77.6795,2.158],[-77.6625,2.1585],[-77.6455,2.1685],[-77.6035,2.1645],[-77.595,2.173],[-77.574,2.1805],[-77.564,2.1955],[-77.5545,2.2025],[-77.5445,2.1965],[-77.5295,2.1955],[-77.5195,2.2],[-77.5015,2.1935],[-77.488,2.1955],[-77.4845,2.202],[-77.4875,2.216],[-77.4725,2.2415],[-77.4735,2.2625],[-77.48,2.2665],[-77.4775,2.275],[-77.468,2.275],[-77.4595,2.286],[-77.443,2.285],[-77.409,2.271],[-77.402,2.264],[-77.3865,2.2565],[-77.373,2.263],[-77.36,2.2625],[-77.352,2.257],[-77.3475,2.246],[-77.3405,2.2375],[-77.323,2.222],[-77.3225,2.215],[-77.3165,2.2005],[-77.3105,2.2015],[-77.3175,2.1775],[-77.314,2.166],[-77.3075,2.153],[-77.3115,2.13],[-77.308,2.1235],[-77.3075,2.108],[-77.3195,2.072],[-77.3345,2.06],[-77.3325,2.05],[-77.317,2.0435],[-77.306,2.036],[-77.303,2.027],[-77.2795,2.021],[-77.2735,2.0065],[-77.259,1.994],[-77.2275,1.991],[-77.2205,1.988],[-77.2095,1.971],[-77.2105,1.9665],[-77.2035,1.952],[-77.2105,1.9355],[-77.22,1.934],[-77.216,1.9245],[-77.2405,1.916],[-77.2455,1.9115],[-77.2435,1.8875],[-77.2565,1.8695],[-77.2805,1.8605],[-77.282,1.85],[-77.2875,1.847],[-77.295,1.832],[-77.296,1.818],[-77.301,1.816],[-77.309,1.801],[-77.3035,1.798],[-77.308,1.789],[-77.3015,1.7815],[-77.295,1.7655],[-77.298,1.7535],[-77.305,1.7415],[-77.308,1.7275],[-77.3165,1.716],[-77.3295,1.6865],[-77.3275,1.68],[-77.3135,1.6785],[-77.275,1.6625],[-77.2565,1.671],[-77.2455,1.658],[-77.2395,1.6575],[-77.2155,1.668],[-77.1865,1.6775],[-77.179,1.6745],[-77.1725,1.6775],[-77.162,1.676],[-77.158,1.682],[-77.1495,1.684],[-77.1425,1.6735],[-77.144,1.665],[-77.1395,1.657],[-77.1105,1.6615],[-77.095,1.6615],[-77.087,1.6665],[-77.0725,1.669],[-77.0545,1.7005],[-77.0455,1.698],[-77.0395,1.707],[-77.016,1.7145],[-77.0015,1.707],[-76.9875,1.715],[-76.9685,1.7125],[-76.96,1.7225],[-76.936,1.729],[-76.9255,1.7185],[-76.924,1.706],[-76.917,1.7025],[-76.909,1.6755],[-76.9005,1.6615],[-76.895,1.6635],[-76.8775,1.646],[-76.861,1.6365],[-76.8545,1.6375],[-76.834,1.6145],[-76.834,1.6075],[-76.84,1.5975],[-76.841,1.5865],[-76.852,1.5695],[-76.857,1.5655],[-76.8565,1.543],[-76.8515,1.5345],[-76.8585,1.5225],[-76.8735,1.52],[-76.8875,1.523],[-76.907,1.51],[-76.9125,1.5005],[-76.927,1.5],[-76.9285,1.483],[-76.922,1.4515],[-76.9235,1.442],[-76.9185,1.43],[-76.9235,1.41],[-76.932,1.3995],[-76.932,1.386],[-76.926,1.376],[-76.927,1.3665],[-76.9205,1.3455],[-76.914,1.342],[-76.885,1.3725],[-76.8785,1.371],[-76.8615,1.375],[-76.8505,1.385],[-76.8255,1.393],[-76.818,1.4],[-76.8065,1.4015],[-76.8005,1.4085],[-76.79,1.4125],[-76.7795,1.41],[-76.7665,1.4175],[-76.751,1.42],[-76.741,1.4295],[-76.728,1.4315],[-76.7185,1.439],[-76.6975,1.444],[-76.69,1.455],[-76.683,1.458],[-76.6765,1.466],[-76.6645,1.4655],[-76.643,1.4505],[-76.633,1.4305],[-76.625,1.423],[-76.615,1.4235],[-76.6015,1.4135],[-76.602,1.4045],[-76.5915,1.397],[-76.592,1.3925],[-76.576,1.388],[-76.5735,1.3835],[-76.5795,1.374],[-76.577,1.3665],[-76.5775,1.3485],[-76.584,1.346],[-76.5825,1.3375],[-76.572,1.3305],[-76.5755,1.319],[-76.586,1.305],[-76.585,1.298],[-76.574,1.2825],[-76.5695,1.2505],[-76.5625,1.234],[-76.543,1.222],[-76.5375,1.2105],[-76.54,1.205],[-76.5435,1.16],[-76.5495,1.151],[-76.551,1.141],[-76.547,1.132],[-76.5535,1.1125],[-76.568,1.1025],[-76.562,1.0965],[-76.5685,1.089],[-76.561,1.085],[-76.5625,1.0725],[-76.556,1.0695],[-76.555,1.059],[-76.548,1.049],[-76.5445,1.0375],[-76.53,1.035],[-76.5235,1.0305],[-76.495,1.029],[-76.4875,1.019],[-76.4835,1.0045],[-76.467,0.999],[-76.4455,0.9805],[-76.4455,0.9695],[-76.436,0.9685],[-76.422,0.9605],[-76.4095,0.966],[-76.401,0.98],[-76.388,0.975],[-76.3785,0.9775],[-76.3725,0.9835],[-76.349,0.98],[-76.3445,0.9755],[-76.3355,0.9805],[-76.328,0.9685],[-76.3305,0.9585],[-76.312,0.966],[-76.298,0.9605],[-76.2835,0.9705],[-76.28,0.9815],[-76.2715,0.9795],[-76.2665,0.9695],[-76.2565,0.974],[-76.2525,0.9805],[-76.239,0.9645],[-76.2335,0.9655],[-76.238,0.98],[-76.213,0.979],[-76.2025,0.9815],[-76.191,0.993],[-76.1895,1.003],[-76.2085,1.006],[-76.2045,1.017],[-76.1935,1.0105],[-76.1835,1.013],[-76.1835,1.026],[-76.166,1.0295],[-76.153,1.0195],[-76.145,1.018],[-76.1315,1.008],[-76.1255,1.0065],[-76.112,1.013],[-76.105,1.0245],[-76.092,1.019],[-76.0805,1.021],[-76.075,1.0345],[-76.0815,1.0455],[-76.0925,1.049],[-76.085,1.0575],[-76.0805,1.063],[-76.0915,1.071],[-76.102,1.07],[-76.103,1.0785],[-76.114,1.0855],[-76.124,1.0875],[-76.1235,1.101],[-76.129,1.1025],[-76.146,1.1],[-76.152,1.109],[-76.1725,1.111],[-76.18,1.105],[-76.195,1.1075],[-76.2035,1.1155],[-76.219,1.1135],[-76.2325,1.1215],[-76.2485,1.119],[-76.274,1.132],[-76.2805,1.138],[-76.287,1.158],[-76.2855,1.17],[-76.2945,1.179],[-76.3,1.192],[-76.2905,1.2],[-76.29,1.21],[-76.2995,1.2215],[-76.3035,1.236],[-76.293,1.2455],[-76.276,1.265],[-76.2685,1.2665],[-76.2535,1.2805],[-76.2445,1.2925],[-76.2455,1.299],[-76.2315,1.309],[-76.2245,1.3195],[-76.214,1.3205],[-76.217,1.3305],[-76.223,1.338],[-76.204,1.353],[-76.1995,1.374],[-76.202,1.385],[-76.199,1.39],[-76.2005,1.421],[-76.1925,1.421],[-76.1835,1.443],[-76.176,1.451],[-76.186,1.464],[-76.1815,1.4805],[-76.1835,1.4885],[-76.1605,1.525],[-76.1495,1.536],[-76.1495,1.5495],[-76.155,1.5515],[-76.153,1.564],[-76.161,1.583],[-76.1695,1.588]]]},"properties":{"divipola_dep":"19","divipola_dep_n":19,"dpto_nombre":"CAUCA","area_km2":31260.672}},
{"type":"Feature","geometry":{"type":"Polygon","coordinates":[[[-73.7755,8.145],[-73.7735,8.123],[-73.7695,8.1165],[-73.777,8.103],[-73.7885,8.1075],[-73.786,8.096],[-73.773,8.092],[-73.7645,8.0635],[-73.751,8.06],[-73.744,8.053],[-73.744,8.041],[-73.7325,8.0305],[-73.7375,8.025],[-73.722,8.0115],[-73.7255,8.0065],[-73.7205,7.9975],[-73.727,7.9925],[-73.7195,7.983],[-73.724,7.9685],[-73.7165,7.966],[-73.7095,7.97],[-73.695,7.95],[-73.6865,7.9505],[-73.684,7.9405],[-73.6765,7.943],[-73.6725,7.9275],[-73.6775,7.913],[-73.672,7.907],[-73.6705,7.8945],[-73.6755,7.8885],[-73.69,7.8835],[-73.701,7.8655],[-73.71,7.863],[-73.7245,7.8435],[-73.7245,7.8375],[-73.7435,7.831],[-73.751,7.82],[-73.751,7.8035],[-73.7415,7.796],[-73.738,7.7865],[-73.751,7.7735],[-73.756,7.7645],[-73.7585,7.752],[-73.7525,7.7505],[-73.633,7.749],[-73.629,7.7455],[-73.614,7.7415],[-73.6045,7.743],[-73.5805,7.7385],[-73.561,7.727],[-73.5515,7.712],[-73.543,7.711],[-73.5295,7.704],[-73.522,7.7075],[-73.518,7.693],[-73.5055,7.6825],[-73.481,7.6765],[-73.467,7.6845],[-73.4625,7.6925],[-73.44,7.696],[-73.412,7.7165],[-73.4105,7.725],[-73.399,7.7365],[-73.375,7.7745],[-73.352,7.7945],[-73.346,7.8345],[-73.349,7.854],[-73.3535,7.8565],[-73.35,7.872],[-73.352,7.892],[-73.3465,7.8995],[-73.327,7.907],[-73.3045,7.911],[-73.302,7.923],[-73.289,7.928],[-73.2785,7.936],[-73.275,7.9575],[-73.2785,7.986],[-73.282,7.9935],[-73.289,7.9925],[-73.2965,7.985],[-73.304,8.009],[-73.31,8.016],[-73.3235,8.014],[-73.334,8.0215],[-73.3435,8.0175],[-73.355,8.017],[-73.366,8.012],[-73.3655,8.0225],[-73.3715,8.036],[-73.375,8.0515],[-73.369,8.069],[-73.3775,8.1055],[-73.3845,8.112],[-73.4095,8.117],[-73.4155,8.1145],[-73.4305,8.1275],[-73.427,8.135],[-73.4355,8.1445],[-73.4285,8.1655],[-73.4295,8.179],[-73.4345,8.181],[-73.4445,8.197],[-73.4365,8.2035],[-73.429,8.233],[-73.431,8.2475],[-73.442,8.2495],[-73.4405,8.257],[-73.427,8.265],[-73.418,8.2655],[-73.4045,8.2565],[-73.39,8.269],[-73.3765,8.265],[-73.3715,8.2755],[-73.3775,8.303],[-73.3705,8.3185],[-73.359,8.322],[-73.36,8.3275],[-73.3505,8.3345],[-73.353,8.3635],[-73.348,8.3835],[-73.35,8.406],[-73.3405,8.421],[-73.3415,8.434],[-73.3585,8.4515],[-73.372,8.4595],[-73.395,8.4595],[-73.4,8.4555],[-73.4145,8.4595],[-73.413,8.4355],[-73.4085,8.425],[-73.399,8.418],[-73.4035,8.406],[-73.393,8.3825],[-73.41,8.3685],[-73.431,8.3665],[-73.436,8.3625],[-73.442,8.341],[-73.4565,8.3455],[-73.461,8.3545],[-73.4565,8.361],[-73.471,8.3665],[-73.474,8.374],[-73.488,8.384],[-73.515,8.385],[-73.517,8.395],[-73.508,8.4015],[-73.4945,8.4165],[-73.488,8.436],[-73.4725,8.4485],[-73.4745,8.465],[-73.4815,8.472],[-73.4935,8.4775],[-73.5235,8.483],[-73.5295,8.4785],[-73.5475,8.4715],[-73.5525,8.48],[-73.5595,8.4795],[-73.5605,8.49],[-73.574,8.491],[-73.571,8.4975],[-73.575,8.507],[-73.5535,8.508],[-73.5465,8.5175],[-73.532,8.528],[-73.515,8.529],[-73.5285,8.5495],[-73.537,8.554],[-73.539,8.561],[-73.547,8.5645],[-73.5475,8.5825],[-73.542,8.588],[-73.55,8.5955],[-73.552,8.607],[-73.542,8.624],[-73.535,8.625],[-73.526,8.6315],[-73.52,8.645],[-73.5215,8.658],[-73.5155,8.6615],[-73.514,8.67],[-73.507,8.6795],[-73.505,8.6885],[-73.494,8.69],[-73.4895,8.6975],[-73.473,8.706],[-73.4715,8.727],[-73.4625,8.7455],[-73.445,8.755],[-73.4405,8.7605],[-73.416,8.7625],[-73.416,8.7745],[-73.412,8.781],[-73.421,8.793],[-73.4285,8.813],[-73.4295,8.8335],[-73.448,8.862],[-73.4465,8.871],[-73.435,8.8705],[-73.4305,8.878],[-73.4255,8.8995],[-73.4365,8.909],[-73.43,8.919],[-73.431,8.937],[-73.4345,8.959],[-73.4395,8.9745],[-73.437,8.999],[-73.4235,9.0125],[-73.4225,9.029],[-73.412,9.0535],[-73.4165,9.0585],[-73.4165,9.084],[-73.4215,9.095],[-73.4295,9.1025],[-73.424,9.124],[-73.4155,9.1325],[-73.415,9.1445],[-73.4115,9.1545],[-73.403,9.163],[-73.3935,9.1565],[-73.3825,9.1525],[-73.3715,9.158],[-73.3685,9.17],[-73.3645,9.194],[-73.3555,9.216],[-73.3515,9.218],[-73.3345,9.2125],[-73.3265,9.2295],[-73.3215,9.2325],[-73.3165,9.248],[-73.3065,9.263],[-73.2985,9.2705],[-73.2965,9.2865],[-73.2825,9.323],[-73.2725,9.321],[-73.2655,9.327],[-73.261,9.3435],[-73.263,9.3595],[-73.261,9.3705],[-73.2495,9.378],[-73.241,9.392],[-73.241,9.403],[-73.2185,9.4225],[-73.2085,9.423],[-73.2025,9.436],[-73.188,9.4465],[-73.1935,9.4585],[-73.2,9.4615],[-73.2025,9.47],[-73.1965,9.4765],[-73.1755,9.478],[-73.173,9.4905],[-73.1765,9.501],[-73.1585,9.5195],[-73.1455,9.5425],[-73.127,9.555],[-73.1115,9.5535],[-73.1005,9.557],[-73.0845,9.5565],[-73.0855,9.569],[-73.074,9.601],[-73.0695,9.608],[-73.0785,9.614],[-73.074,9.628],[-73.0665,9.637],[-73.0605,9.65],[-73.061,9.66],[-73.055,9.6785],[-73.0455,9.6885],[-73.0345,9.71],[-73.014,9.736],[-73.006,9.741],[-73.0015,9.7655],[-72.9945,9.7835],[-72.988,9.794],[-72.9745,9.8035],[-72.966,9.818],[-72.957,9.821],[-72.9435,9.843],[-72.9505,9.849],[-72.9715,9.855],[-72.971,9.8665],[-72.991,9.874],[-72.9885,9.8825],[-72.978,9.8865],[-72.9885,9.898],[-72.9835,9.907],[-72.999,9.9225],[-72.989,9.9415],[-72.9865,9.9555],[-72.9805,9.9585],[-72.9845,9.9735],[-72.976,9.988],[-72.967,9.996],[-72.961,10.0075],[-72.9625,10.018],[-72.953,10.027],[-72.9545,10.046],[-72.959,10.0535],[-72.955,10.065],[-72.9445,10.0715],[-72.9395,10.0825],[-72.9255,10.0925],[-72.921,10.109],[-72.9115,10.1145],[-72.922,10.138],[-72.917,10.161],[-72.908,10.1755],[-72.907,10.1885],[-72.9095,10.2045],[-72.8995,10.209],[-72.8975,10.2185],[-72.903,10.228],[-72.9005,10.248],[-72.907,10.2685],[-72.906,10.285],[-72.901,10.295],[-72.8965,10.312],[-72.907,10.3255],[-72.905,10.333],[-72.908,10.3445],[-72.9065,10.3535],[-72.886,10.384],[-72.8875,10.394],[-72.8995,10.399],[-72.894,10.4115],[-72.896,10.4305],[-72.901,10.436],[-72.9265,10.432],[-72.941,10.427],[-72.9575,10.413],[-72.973,10.4095],[-72.9745,10.405],[-72.9865,10.4005],[-72.9995,10.4045],[-73.011,10.405],[-73.014,10.4115],[-73.0295,10.409],[-73.038,10.404],[-73.054,10.415],[-73.065,10.4175],[-73.0715,10.424],[-73.088,10.425],[-73.1095,10.4125],[-73.1275,10.399],[-73.1425,10.397],[-73.146,10.4],[-73.145,10.4215],[-73.142,10.435],[-73.1555,10.452],[-73.1675,10.461],[-73.1805,10.4615],[-73.175,10.4805],[-73.1485,10.4995],[-73.1395,10.514],[-73.139,10.525],[-73.1325,10.532],[-73.1275,10.5255],[-73.108,10.5395],[-73.0985,10.551],[-73.1015,10.5705],[-73.093,10.577],[-73.0865,10.5875],[-73.0865,10.6235],[-73.0825,10.6265],[-73.092,10.6465],[-73.0985,10.651],[-73.0965,10.6595],[-73.107,10.6775],[-73.126,10.6815],[-73.139,10.6865],[-73.155,10.7005],[-73.162,10.716],[-73.196,10.7075],[-73.2105,10.7115],[-73.215,10.7305],[-73.2275,10.7315],[-73.237,10.7405],[-73.2485,10.7315],[-73.2645,10.732],[-73.274,10.7365],[-73.2635,10.7575],[-73.2525,10.7705],[-73.258,10.787],[-73.2515,10.8045],[-73.2555,10.827],[-73.264,10.8305],[-73.2645,10.843],[-73.278,10.849],[-73.291,10.862],[-73.3055,10.849],[-73.3125,10.846],[-73.325,10.858],[-73.3375,10.8625],[-73.3445,10.8605],[-73.365,10.8605],[-73.3735,10.858],[-73.3845,10.86],[-73.393,10.8675],[-73.4,10.8655],[-73.416,10.8675],[-73.4425,10.8655],[-73.4485,10.867],[-73.4795,10.867],[-73.4945,10.8575],[-73.5005,10.8595],[-73.52,10.8475],[-73.5385,10.8455],[-73.5655,10.8465],[-73.574,10.842],[-73.5845,10.842],[-73.5985,10.836],[-73.6205,10.8225],[-73.635,10.808],[-73.634,10.7975],[-73.6385,10.7885],[-73.619,10.7865],[-73.6085,10.788],[-73.6045,10.784],[-73.5885,10.7815],[-73.5795,10.77],[-73.568,10.766],[-73.562,10.76],[-73.548,10.7585],[-73.5505,10.75],[-73.5625,10.741],[-73.559,10.731],[-73.5645,10.726],[-73.563,10.716],[-73.594,10.7055],[-73.5965,10.686],[-73.603,10.675],[-73.6115,10.6725],[-73.6125,10.654],[-73.617,10.6445],[-73.5985,10.6395],[-73.5955,10.6335],[-73.6005,10.6185],[-73.5995,10.608],[-73.594,10.6005],[-73.5995,10.576],[-73.6085,10.5645],[-73.598,10.5625],[-73.596,10.5535],[-73.5885,10.548],[-73.572,10.543],[-73.5655,10.5305],[-73.5665,10.5165],[-73.5605,10.5095],[-73.563,10.504],[-73.5745,10.499],[-73.5845,10.502],[-73.592,10.4955],[-73.607,10.5005],[-73.6155,10.501],[-73.632,10.495],[-73.64,10.501],[-73.648,10.4915],[-73.645,10.485],[-73.6525,10.4775],[-73.6455,10.4675],[-73.6595,10.4555],[-73.6825,10.461],[-73.6905,10.4655],[-73.7035,10.4635],[-73.6995,10.4515],[-73.7045,10.443],[-73.7035,10.432],[-73.7315,10.4355],[-73.7415,10.435],[-73.7555,10.4155],[-73.765,10.4115],[-73.7795,10.396],[-73.79,10.397],[-73.7995,10.3925],[-73.807,10.396],[-73.817,10.388],[-73.8305,10.4025],[-73.8415,10.4005],[-73.8585,10.388],[-73.8675,10.3945],[-73.873,10.389],[-73.885,10.388],[-73.893,10.391],[-73.9,10.3815],[-73.906,10.3835],[-73.9175,10.378],[-73.923,10.3705],[-73.9325,10.3645],[-73.932,10.3565],[-73.945,10.3515],[-73.954,10.339],[-73.9615,10.336],[-73.9555,10.3255],[-73.961,10.3205],[-73.958,10.3095],[-73.965,10.288],[-73.9765,10.278],[-73.9995,10.2665],[-74.0125,10.2515],[-74.008,10.2415],[-74.0255,10.2275],[-74.031,10.2275],[-74.0425,10.2165],[-74.0375,10.2135],[-74.041,10.198],[-74.047,10.1955],[-74.0515,10.1845],[-74.0655,10.167],[-74.061,10.1495],[-74.063,10.129],[-74.073,10.1245],[-74.073,10.1165],[-74.067,10.105],[-74.069,10.095],[-74.084,10.074],[-74.084,10.07],[-74.0675,10.0455],[-74.062,10.042],[-74.0545,10.016],[-74.037,10.0065],[-74.031,9.991],[-74.023,9.981],[-74.0115,9.976],[-74.002,9.9465],[-73.9925,9.936],[-73.9725,9.9345],[-73.959,9.9315],[-73.9515,9.9245],[-73.951,9.9155],[-73.9415,9.9095],[-73.927,9.8925],[-73.916,9.8715],[-73.9075,9.862],[-73.8985,9.8445],[-73.898,9.838],[-73.887,9.8335],[-73.8785,9.817],[-73.8535,9.8055],[-73.851,9.7995],[-73.842,9.7975],[-73.837,9.776],[-73.8275,9.753],[-73.8375,9.7375],[-73.836,9.7275],[-73.8245,9.71],[-73.815,9.704],[-73.8095,9.6895],[-73.8105,9.6615],[-73.8035,9.6365],[-73.868,9.601],[-73.876,9.5995],[-73.883,9.6075],[-73.882,9.6135],[-73.8935,9.6165],[-73.91,9.6015],[-73.916,9.6055],[-73.927,9.5995],[-73.939,9.5985],[-73.955,9.5895],[-73.9845,9.5865],[-73.9895,9.58],[-73.997,9.583],[-73.9945,9.5905],[-74.0025,9.595],[-74.014,9.592],[-74.0365,9.5915],[-74.0555,9.567],[-74.064,9.5685],[-74.0775,9.556],[-74.08,9.5485],[-74.0975,9.5325],[-74.1005,9.522],[-74.1115,9.517],[-74.1195,9.504],[-74.137,9.4965],[-74.132,9.4865],[-74.1215,9.4805],[-74.0975,9.4765],[-74.0915,9.4655],[-74.074,9.4535],[-74.0585,9.4325],[-74.044,9.422],[-74.034,9.424],[-74.0235,9.418],[-74,9.395],[-73.9945,9.3985],[-73.983,9.3905],[-73.9845,9.365],[-73.9895,9.3515],[-73.988,9.3315],[-73.992,9.326],[-73.989,9.3165],[-73.975,9.304],[-73.9575,9.3035],[-73.943,9.2895],[-73.946,9.281],[-73.9445,9.2645],[-73.951,9.2565],[-73.9485,9.2435],[-73.9515,9.2335],[-73.965,9.2215],[-73.964,9.2065],[-73.956,9.196],[-73.962,9.1875],[-73.909,9.178],[-73.8915,9.1735],[-73.879,9.186],[-73.864,9.1805],[-73.864,9.163],[-73.8755,9.145],[-73.8755,9.1305],[-73.864,9.112],[-73.809,9.0705],[-73.798,9.0585],[-73.798,9.0495],[-73.81,9.044],[-73.8135,9.026],[-73.826,9.0225],[-73.826,9.0005],[-73.8305,8.997],[-73.8325,8.9785],[-73.8415,8.966],[-73.8505,8.9645],[-73.85,8.956],[-73.863,8.9465],[-73.8675,8.9365],[-73.869,8.922],[-73.8735,8.912],[-73.8665,8.887],[-73.8495,8.8695],[-73.8185,8.835],[-73.808,8.8315],[-73.8025,8.822],[-73.7965,8.8185],[-73.792,8.7905],[-73.795,8.767],[-73.7895,8.749],[-73.7945,8.743],[-73.8115,8.7315],[-73.816,8.72],[-73.809,8.698],[-73.816,8.6795],[-73.8205,8.662],[-73.8145,8.6255],[-73.7985,8.6085],[-73.794,8.59],[-73.7825,8.5665],[-73.7745,8.5585],[-73.778,8.5485],[-73.78,8.512],[-73.7745,8.497],[-73.765,8.4845],[-73.755,8.4765],[-73.747,8.466],[-73.746,8.457],[-73.7495,8.442],[-73.7485,8.43],[-73.75,8.408],[-73.749,8.39],[-73.7505,8.379],[-73.749,8.3605],[-73.757,8.338],[-73.7565,8.3275],[-73.7475,8.315],[-73.7595,8.3035],[-73.7585,8.291],[-73.75,8.2745],[-73.751,8.2695],[-73.7605,8.263],[-73.765,8.25],[-73.7645,8.2405],[-73.7745,8.226],[-73.7795,8.208],[-73.7755,8.198],[-73.7765,8.188],[-73.771,8.162],[-73.7755,8.145]]]},"properties":{"divipola_dep":"20","divipola_dep_n":20,"dpto_nombre":"CESAR","area_km2":22497.9351}},
{"type":"Feature","geometry":{"type":"Polygon","coordinates":[[[-74.8305,8.2],[-74.834,8.2205],[-74.826,8.23],[-74.817,8.2245],[-74.8095,8.2305],[-74.805,8.2415],[-74.797,8.2435],[-74.797,8.2525],[-74.806,8.257],[-74.8085,8.274],[-74.7955,8.269],[-74.781,8.278],[-74.791,8.2835],[-74.8005,8.296],[-74.798,8.308],[-74.789,8.313],[-74.7975,8.3265],[-74.801,8.3375],[-74.81,8.342],[-74.8125,8.3485],[-74.82,8.351],[-74.828,8.3595],[-74.816,8.3715],[-74.813,8.3645],[-74.8035,8.369],[-74.808,8.3865],[-74.8395,8.3845],[-74.8405,8.394],[-74.8495,8.391],[-74.874,8.403],[-74.8775,8.4145],[-74.8865,8.4325],[-74.901,8.4545],[-74.9275,8.4535],[-74.926,8.4995],[-74.994,8.5095],[-75.0025,8.5225],[-75.0085,8.5185],[-75.0075,8.511],[-75.024,8.497],[-75.0335,8.499],[-75.035,8.49],[-75.033,8.471],[-75.0415,8.458],[-75.056,8.466],[-75.0625,8.4535],[-75.0855,8.466],[-75.128,8.4685],[-75.135,8.46],[-75.13,8.45],[-75.14,8.434],[-75.145,8.43],[-75.1565,8.4335],[-75.1565,8.419],[-75.1655,8.416],[-75.1775,8.4],[-75.185,8.397],[-75.196,8.4085],[-75.1965,8.4215],[-75.2085,8.422],[-75.2095,8.4325],[-75.1925,8.4435],[-75.202,8.453],[-75.2135,8.474],[-75.2165,8.4855],[-75.224,8.4815],[-75.231,8.471],[-75.236,8.4835],[-75.2415,8.4875],[-75.2675,8.4875],[-75.2795,8.4915],[-75.289,8.5],[-75.307,8.4965],[-75.3145,8.5025],[-75.3045,8.518],[-75.313,8.5285],[-75.315,8.536],[-75.3245,8.5375],[-75.3225,8.547],[-75.3305,8.553],[-75.3285,8.5625],[-75.322,8.5655],[-75.3175,8.5755],[-75.3185,8.5905],[-75.3305,8.614],[-75.341,8.638],[-75.339,8.646],[-75.3515,8.658],[-75.354,8.671],[-75.3485,8.6905],[-75.341,8.6945],[-75.336,8.7115],[-75.3405,8.72],[-75.3295,8.7255],[-75.328,8.7365],[-75.3315,8.746],[-75.3235,8.7475],[-75.324,8.7555],[-75.3335,8.758],[-75.344,8.777],[-75.363,8.7855],[-75.369,8.792],[-75.3675,8.81],[-75.3715,8.8265],[-75.3635,8.829],[-75.3535,8.8405],[-75.351,8.8505],[-75.3355,8.8535],[-75.3315,8.8655],[-75.319,8.858],[-75.309,8.8595],[-75.296,8.872],[-75.287,8.89],[-75.2895,8.897],[-75.2835,8.9065],[-75.278,8.9035],[-75.271,8.912],[-75.265,8.8955],[-75.2605,8.897],[-75.2445,8.8825],[-75.2375,8.8935],[-75.2325,8.8945],[-75.2255,8.9075],[-75.217,8.916],[-75.2035,8.9155],[-75.1925,8.92],[-75.1865,8.9145],[-75.1805,8.9295],[-75.192,8.936],[-75.188,8.944],[-75.1715,8.929],[-75.1675,8.9445],[-75.1685,8.9525],[-75.1805,8.967],[-75.188,8.9675],[-75.1865,8.9865],[-75.2025,9],[-75.2075,9.0065],[-75.212,9.0355],[-75.209,9.05],[-75.224,9.073],[-75.236,9.067],[-75.2495,9.072],[-75.257,9.0715],[-75.2715,9.077],[-75.281,9.073],[-75.2865,9.081],[-75.293,9.0805],[-75.2975,9.0965],[-75.303,9.0905],[-75.311,9.0965],[-75.3105,9.1175],[-75.321,9.1155],[-75.328,9.1265],[-75.336,9.131],[-75.3465,9.1235],[-75.356,9.1285],[-75.3555,9.1365],[-75.365,9.1395],[-75.3795,9.137],[-75.379,9.1485],[-75.392,9.1595],[-75.4105,9.145],[-75.423,9.1505],[-75.4305,9.1495],[-75.4355,9.1405],[-75.445,9.1405],[-75.4545,9.148],[-75.458,9.1555],[-75.4665,9.158],[-75.458,9.1745],[-75.4595,9.192],[-75.4655,9.2045],[-75.466,9.213],[-75.4595,9.225],[-75.4585,9.2385],[-75.4735,9.2445],[-75.496,9.262],[-75.494,9.2725],[-75.499,9.2855],[-75.508,9.2735],[-75.51,9.2605],[-75.5485,9.26],[-75.5565,9.265],[-75.5585,9.2715],[-75.5695,9.2795],[-75.584,9.273],[-75.589,9.2785],[-75.6095,9.281],[-75.603,9.2995],[-75.594,9.2965],[-75.5875,9.3025],[-75.5955,9.31],[-75.5995,9.3255],[-75.6135,9.3315],[-75.615,9.3375],[-75.625,9.347],[-75.635,9.3525],[-75.641,9.349],[-75.6485,9.362],[-75.661,9.3575],[-75.6715,9.343],[-75.6875,9.356],[-75.689,9.3645],[-75.7045,9.372],[-75.7015,9.3955],[-75.706,9.3995],[-75.7,9.4115],[-75.7245,9.4145],[-75.7285,9.4205],[-75.744,9.42],[-75.7555,9.413],[-75.762,9.4055],[-75.784,9.393],[-75.8025,9.396],[-75.805,9.4],[-75.8245,9.3935],[-75.835,9.4],[-75.827,9.4145],[-75.814,9.4185],[-75.798,9.411],[-75.791,9.418],[-75.794,9.4295],[-75.7995,9.433],[-75.8165,9.431],[-75.82,9.423],[-75.8305,9.43],[-75.876,9.4235],[-75.8865,9.424],[-75.9145,9.435],[-75.9195,9.446],[-75.9255,9.4475],[-75.9485,9.4415],[-75.968,9.419],[-75.963,9.418],[-75.9565,9.4065],[-75.962,9.392],[-75.978,9.3765],[-75.9945,9.3665],[-76.0175,9.355],[-76.035,9.349],[-76.0815,9.337],[-76.0995,9.3135],[-76.1085,9.3065],[-76.112,9.295],[-76.1045,9.292],[-76.1015,9.276],[-76.1085,9.2645],[-76.135,9.245],[-76.1665,9.2325],[-76.17,9.2295],[-76.1695,9.2145],[-76.176,9.2065],[-76.1745,9.1915],[-76.181,9.181],[-76.1755,9.173],[-76.1785,9.166],[-76.178,9.1515],[-76.183,9.1415],[-76.182,9.135],[-76.189,9.1155],[-76.1995,9.103],[-76.2125,9.093],[-76.2155,9.0875],[-76.23,9.0785],[-76.2325,9.072],[-76.251,9.058],[-76.26,9.0375],[-76.265,9.0135],[-76.2655,8.997],[-76.2855,8.9835],[-76.3025,8.968],[-76.323,8.957],[-76.3225,8.9405],[-76.3275,8.9305],[-76.3395,8.919],[-76.3655,8.9075],[-76.3925,8.899],[-76.4165,8.8885],[-76.4135,8.874],[-76.381,8.794],[-76.3895,8.7835],[-76.3995,8.7795],[-76.4155,8.7625],[-76.4195,8.755],[-76.416,8.749],[-76.3995,8.746],[-76.368,8.7205],[-76.3675,8.7145],[-76.3555,8.693],[-76.3555,8.6825],[-76.3515,8.676],[-76.3495,8.6575],[-76.345,8.6425],[-76.34,8.641],[-76.328,8.652],[-76.3185,8.656],[-76.303,8.652],[-76.295,8.653],[-76.2825,8.6445],[-76.266,8.639],[-76.2685,8.6225],[-76.265,8.6175],[-76.2515,8.6125],[-76.255,8.593],[-76.2655,8.584],[-76.244,8.572],[-76.223,8.5735],[-76.223,8.5635],[-76.237,8.5595],[-76.2365,8.5525],[-76.228,8.542],[-76.21,8.523],[-76.2085,8.5025],[-76.21,8.475],[-76.2185,8.4435],[-76.212,8.43],[-76.2035,8.4235],[-76.197,8.4235],[-76.1885,8.4075],[-76.1805,8.396],[-76.2,8.3875],[-76.218,8.3845],[-76.227,8.381],[-76.237,8.37],[-76.243,8.37],[-76.25,8.3625],[-76.2685,8.351],[-76.288,8.328],[-76.2945,8.315],[-76.3035,8.311],[-76.3,8.2985],[-76.3035,8.2845],[-76.3105,8.281],[-76.3145,8.2705],[-76.324,8.2645],[-76.329,8.2445],[-76.334,8.237],[-76.3335,8.2295],[-76.343,8.211],[-76.3515,8.2035],[-76.3535,8.1835],[-76.3495,8.172],[-76.3325,8.1555],[-76.3355,8.1475],[-76.3485,8.1555],[-76.3575,8.146],[-76.367,8.153],[-76.371,8.15],[-76.375,8.1115],[-76.4085,8.0995],[-76.4065,8.088],[-76.4085,8.074],[-76.4225,8.074],[-76.4235,8.061],[-76.4295,8.056],[-76.429,8.0355],[-76.4225,8.0295],[-76.427,8.0185],[-76.418,8.0145],[-76.4115,8.007],[-76.417,7.9825],[-76.4155,7.9545],[-76.423,7.9505],[-76.419,7.927],[-76.421,7.912],[-76.438,7.905],[-76.4455,7.8935],[-76.4495,7.8785],[-76.464,7.872],[-76.465,7.849],[-76.4735,7.839],[-76.481,7.8205],[-76.479,7.813],[-76.4835,7.8035],[-76.4805,7.7765],[-76.4835,7.758],[-76.4965,7.7495],[-76.491,7.7305],[-76.4915,7.717],[-76.4855,7.6895],[-76.4905,7.6625],[-76.4955,7.653],[-76.4925,7.6405],[-76.5025,7.627],[-76.5045,7.6175],[-76.512,7.61],[-76.5085,7.602],[-76.5145,7.5865],[-76.5105,7.5825],[-76.5015,7.5545],[-76.493,7.55],[-76.4945,7.542],[-76.48,7.5375],[-76.4745,7.5215],[-76.4625,7.517],[-76.461,7.509],[-76.4525,7.5005],[-76.4545,7.4825],[-76.445,7.4795],[-76.439,7.4695],[-76.4375,7.457],[-76.427,7.4485],[-76.423,7.441],[-76.424,7.433],[-76.413,7.415],[-76.403,7.413],[-76.39,7.397],[-76.381,7.3915],[-76.1875,7.3755],[-76.008,7.3605],[-75.8455,7.347],[-75.8455,7.354],[-75.8335,7.3715],[-75.8355,7.389],[-75.8295,7.4075],[-75.818,7.4165],[-75.8275,7.4265],[-75.8215,7.444],[-75.8115,7.447],[-75.802,7.446],[-75.7875,7.46],[-75.788,7.4735],[-75.7815,7.4845],[-75.7825,7.4915],[-75.775,7.5015],[-75.787,7.512],[-75.7765,7.5235],[-75.767,7.529],[-75.7765,7.545],[-75.7725,7.554],[-75.7735,7.565],[-75.7685,7.5665],[-75.761,7.5775],[-75.761,7.5885],[-75.7655,7.602],[-75.755,7.608],[-75.7515,7.6135],[-75.7425,7.612],[-75.721,7.5885],[-75.712,7.5815],[-75.6975,7.581],[-75.6805,7.585],[-75.677,7.5955],[-75.6535,7.5925],[-75.6455,7.586],[-75.6195,7.5825],[-75.605,7.5855],[-75.6015,7.5895],[-75.6015,7.602],[-75.5925,7.604],[-75.576,7.617],[-75.571,7.625],[-75.555,7.6245],[-75.5515,7.6325],[-75.5575,7.6435],[-75.549,7.645],[-75.552,7.6545],[-75.5515,7.6665],[-75.54,7.678],[-75.534,7.6915],[-75.534,7.7025],[-75.538,7.715],[-75.5305,7.725],[-75.5185,7.7255],[-75.503,7.7185],[-75.4955,7.7215],[-75.4855,7.7345],[-75.48,7.7465],[-75.4795,7.7655],[-75.4745,7.777],[-75.4615,7.7855],[-75.454,7.803],[-75.4555,7.809],[-75.466,7.819],[-75.467,7.826],[-75.4585,7.834],[-75.4465,7.8295],[-75.435,7.82],[-75.428,7.818],[-75.4185,7.8235],[-75.416,7.839],[-75.405,7.843],[-75.4045,7.8575],[-75.391,7.863],[-75.3765,7.8635],[-75.365,7.868],[-75.3545,7.869],[-75.3435,7.8815],[-75.3445,7.892],[-75.3355,7.907],[-75.3355,7.921],[-75.329,7.927],[-75.33,7.937],[-75.3375,7.939],[-75.336,7.9465],[-75.3095,7.9475],[-75.3015,7.958],[-75.292,7.96],[-75.287,7.9745],[-75.279,7.981],[-75.274,7.992],[-75.2655,8],[-75.252,8.001],[-75.2435,8.009],[-75.2375,8.0315],[-75.248,8.038],[-75.2465,8.043],[-75.2305,8.0535],[-75.227,8.063],[-75.2205,8.0665],[-75.2085,8.0565],[-75.196,8.0565],[-75.193,8.0475],[-75.186,8.0445],[-75.179,8.05],[-75.163,8.053],[-75.155,8.051],[-75.1325,8.0535],[-75.1315,8.0445],[-75.1215,8.0415],[-75.1155,8.0485],[-75.101,8.0555],[-75.0955,8.07],[-75.082,8.063],[-75.0815,8.0545],[-75.056,8.048],[-75.0485,8.0425],[-75.043,8.05],[-75.0275,8.053],[-75.02,8.059],[-75.0135,8.0705],[-75.003,8.075],[-74.99,8.075],[-74.9665,8.09],[-74.9555,8.0795],[-74.928,8.0745],[-74.922,8.089],[-74.911,8.104],[-74.9035,8.106],[-74.894,8.1155],[-74.894,8.1215],[-74.886,8.131],[-74.8835,8.1385],[-74.8685,8.1575],[-74.87,8.166],[-74.8665,8.1785],[-74.868,8.196],[-74.861,8.201],[-74.834,8.202],[-74.8305,8.2]]]},"properties":{"divipola_dep":"23","divipola_dep_n":23,"dpto_nombre":"CÓRDOBA","area_km2":25082.7301}},
{"type":"Feature","geometry":{"type":"Polygon","coordinates":[[[-74.1505,4.005],[-74.1375,4.0005],[-74.1235,4.0015],[-74.124,4.009],[-74.1,4.013],[-74.0925,4.0265],[-74.0815,4.035],[-74.0795,4.043],[-74.0705,4.0575],[-74.0545,4.0625],[-74.035,4.061],[-74.036,4.0815],[-74.03,4.0845],[-74.025,4.0975],[-74.0165,4.098],[-74.005,4.11],[-74.0015,4.103],[-73.991,4.103],[-73.983,4.1095],[-73.9735,4.101],[-73.968,4.0905],[-73.956,4.0995],[-73.9505,4.113],[-73.945,4.1185],[-73.9335,4.149],[-73.921,4.144],[-73.9135,4.149],[-73.8965,4.1425],[-73.892,4.149],[-73.8825,4.1525],[-73.871,4.168],[-73.8375,4.1765],[-73.8255,4.17],[-73.819,4.18],[-73.814,4.2015],[-73.802,4.1975],[-73.7885,4.2005],[-73.7775,4.1965],[-73.7535,4.193],[-73.746,4.1975],[-73.7545,4.2135],[-73.755,4.2285],[-73.7605,4.2365],[-73.7515,4.259],[-73.744,4.266],[-73.763,4.2795],[-73.771,4.2945],[-73.7835,4.3005],[-73.7825,4.322],[-73.7865,4.3415],[-73.793,4.3535],[-73.796,4.3695],[-73.7925,4.381],[-73.801,4.384],[-73.805,4.395],[-73.8115,4.4005],[-73.807,4.422],[-73.7925,4.441],[-73.7835,4.4485],[-73.7695,4.452],[-73.764,4.45],[-73.755,4.462],[-73.7455,4.4555],[-73.7385,4.4605],[-73.734,4.4705],[-73.733,4.4885],[-73.7275,4.5025],[-73.7225,4.503],[-73.7135,4.515],[-73.703,4.518],[-73.6915,4.5175],[-73.686,4.53],[-73.6745,4.5335],[-73.661,4.547],[-73.651,4.5445],[-73.64,4.5475],[-73.6315,4.5585],[-73.622,4.5625],[-73.614,4.5555],[-73.6075,4.556],[-73.602,4.549],[-73.5935,4.545],[-73.581,4.544],[-73.5685,4.5275],[-73.5755,4.5165],[-73.576,4.4985],[-73.5855,4.495],[-73.596,4.487],[-73.6015,4.468],[-73.6025,4.4545],[-73.5915,4.445],[-73.588,4.433],[-73.5725,4.4195],[-73.5765,4.4075],[-73.577,4.396],[-73.572,4.3885],[-73.572,4.3735],[-73.5565,4.3545],[-73.5535,4.347],[-73.554,4.3345],[-73.5495,4.3285],[-73.553,4.3205],[-73.5505,4.308],[-73.531,4.2965],[-73.5165,4.2925],[-73.497,4.284],[-73.484,4.2855],[-73.472,4.2765],[-73.4625,4.2785],[-73.455,4.288],[-73.4465,4.2885],[-73.438,4.295],[-73.4305,4.3065],[-73.4225,4.3055],[-73.415,4.3115],[-73.3865,4.3185],[-73.381,4.318],[-73.3535,4.321],[-73.326,4.306],[-73.2955,4.299],[-73.2825,4.298],[-73.2655,4.2905],[-73.2615,4.294],[-73.2455,4.2875],[-73.235,4.2865],[-73.212,4.274],[-73.204,4.2735],[-73.1815,4.2525],[-73.178,4.2445],[-73.1525,4.2265],[-73.1485,4.2275],[-73.137,4.214],[-73.124,4.26],[-73.088,4.501],[-73.0525,4.7365],[-73.062,4.732],[-73.0725,4.738],[-73.0785,4.7265],[-73.072,4.72],[-73.0805,4.709],[-73.0795,4.7045],[-73.0915,4.689],[-73.0915,4.676],[-73.1005,4.6695],[-73.1035,4.6615],[-73.1125,4.661],[-73.121,4.6715],[-73.1475,4.6555],[-73.1595,4.6625],[-73.1935,4.672],[-73.208,4.6805],[-73.216,4.677],[-73.2235,4.6785],[-73.2345,4.6945],[-73.228,4.715],[-73.2195,4.725],[-73.223,4.7335],[-73.2365,4.7365],[-73.248,4.733],[-73.257,4.7385],[-73.269,4.7405],[-73.283,4.7225],[-73.3065,4.7315],[-73.306,4.7445],[-73.3105,4.753],[-73.314,4.7705],[-73.334,4.7885],[-73.3525,4.796],[-73.358,4.795],[-73.372,4.801],[-73.3725,4.811],[-73.3655,4.8255],[-73.3755,4.832],[-73.3745,4.84],[-73.383,4.848],[-73.391,4.849],[-73.3935,4.866],[-73.402,4.88],[-73.421,4.8795],[-73.432,4.8815],[-73.4465,4.89],[-73.4515,4.883],[-73.4695,4.8925],[-73.4865,4.891],[-73.494,4.884],[-73.521,4.879],[-73.5245,4.8925],[-73.5325,4.891],[-73.5385,4.8965],[-73.541,4.911],[-73.547,4.9235],[-73.5445,4.945],[-73.534,4.954],[-73.524,4.9735],[-73.5185,4.9795],[-73.517,4.9905],[-73.51,4.993],[-73.522,5.0175],[-73.5215,5.0285],[-73.516,5.0355],[-73.496,5.04],[-73.4865,5.051],[-73.4875,5.059],[-73.48,5.0635],[-73.482,5.083],[-73.4945,5.1065],[-73.491,5.1205],[-73.4915,5.129],[-73.485,5.143],[-73.477,5.148],[-73.4815,5.154],[-73.5035,5.1515],[-73.512,5.1625],[-73.5105,5.188],[-73.522,5.192],[-73.5235,5.2205],[-73.515,5.2315],[-73.524,5.2375],[-73.528,5.2445],[-73.527,5.259],[-73.534,5.272],[-73.532,5.278],[-73.55,5.298],[-73.567,5.3045],[-73.5775,5.3015],[-73.589,5.3075],[-73.5995,5.319],[-73.594,5.329],[-73.5945,5.361],[-73.5995,5.3705],[-73.599,5.3785],[-73.59,5.39],[-73.594,5.4005],[-73.6115,5.4055],[-73.618,5.4045],[-73.627,5.4125],[-73.641,5.418],[-73.6535,5.4175],[-73.6555,5.426],[-73.6785,5.435],[-73.675,5.4425],[-73.679,5.454],[-73.6965,5.447],[-73.707,5.456],[-73.7195,5.459],[-73.718,5.4765],[-73.7285,5.479],[-73.743,5.469],[-73.747,5.4895],[-73.759,5.485],[-73.769,5.4865],[-73.7825,5.5],[-73.7915,5.5315],[-73.7885,5.546],[-73.79,5.553],[-73.8045,5.5715],[-73.818,5.554],[-73.831,5.553],[-73.849,5.5435],[-73.8575,5.531],[-73.869,5.5325],[-73.875,5.526],[-73.8845,5.5225],[-73.8905,5.5125],[-73.905,5.5295],[-73.9115,5.523],[-73.906,5.507],[-73.9095,5.5],[-73.905,5.4925],[-73.9015,5.4755],[-73.9055,5.446],[-73.9125,5.432],[-73.9255,5.44],[-73.942,5.434],[-73.9475,5.418],[-73.9645,5.422],[-73.973,5.4195],[-73.9815,5.4035],[-73.9905,5.3755],[-73.9995,5.3675],[-74.02,5.366],[-74.0235,5.3705],[-74.022,5.3865],[-74.0315,5.3875],[-74.0405,5.393],[-74.045,5.4045],[-74.0555,5.4015],[-74.0735,5.408],[-74.093,5.437],[-74.0975,5.44],[-74.094,5.45],[-74.098,5.47],[-74.1165,5.474],[-74.113,5.467],[-74.1195,5.4495],[-74.123,5.429],[-74.129,5.43],[-74.137,5.443],[-74.144,5.4485],[-74.151,5.4445],[-74.159,5.448],[-74.172,5.4605],[-74.1825,5.4635],[-74.1865,5.4735],[-74.202,5.497],[-74.2145,5.498],[-74.226,5.4905],[-74.2325,5.48],[-74.2445,5.4765],[-74.254,5.489],[-74.2545,5.498],[-74.2455,5.5225],[-74.246,5.532],[-74.2405,5.539],[-74.243,5.5445],[-74.2595,5.56],[-74.2725,5.5605],[-74.2915,5.569],[-74.298,5.575],[-74.302,5.5855],[-74.31,5.619],[-74.306,5.6385],[-74.3085,5.647],[-74.2935,5.6595],[-74.285,5.6635],[-74.2835,5.6795],[-74.278,5.6885],[-74.28,5.699],[-74.2935,5.7015],[-74.304,5.7095],[-74.3025,5.724],[-74.287,5.7455],[-74.296,5.7545],[-74.295,5.762],[-74.307,5.772],[-74.3115,5.785],[-74.3015,5.7915],[-74.303,5.8],[-74.3155,5.802],[-74.318,5.814],[-74.334,5.8275],[-74.335,5.837],[-74.3465,5.8305],[-74.346,5.8235],[-74.372,5.8005],[-74.3885,5.7815],[-74.394,5.7845],[-74.4185,5.77],[-74.4315,5.7585],[-74.4405,5.7655],[-74.462,5.7665],[-74.462,5.774],[-74.481,5.776],[-74.4905,5.78],[-74.501,5.779],[-74.511,5.7835],[-74.517,5.791],[-74.524,5.786],[-74.53,5.7905],[-74.5395,5.785],[-74.5415,5.7785],[-74.551,5.773],[-74.551,5.765],[-74.5785,5.7515],[-74.585,5.759],[-74.5915,5.755],[-74.5925,5.747],[-74.6115,5.752],[-74.6115,5.757],[-74.6275,5.762],[-74.6385,5.755],[-74.6395,5.7415],[-74.644,5.735],[-74.652,5.7405],[-74.654,5.7535],[-74.661,5.7525],[-74.658,5.744],[-74.66,5.735],[-74.6575,5.7235],[-74.6495,5.7085],[-74.638,5.709],[-74.6305,5.7045],[-74.6275,5.697],[-74.628,5.678],[-74.6355,5.6615],[-74.637,5.6515],[-74.629,5.6365],[-74.6295,5.6295],[-74.645,5.619],[-74.6445,5.6045],[-74.653,5.574],[-74.6515,5.565],[-74.6415,5.5495],[-74.6415,5.5395],[-74.6565,5.523],[-74.667,5.521],[-74.6745,5.516],[-74.6655,5.4835],[-74.6595,5.449],[-74.677,5.4365],[-74.6765,5.4315],[-74.668,5.4205],[-74.667,5.405],[-74.6815,5.403],[-74.685,5.399],[-74.678,5.378],[-74.689,5.3645],[-74.6975,5.365],[-74.7095,5.34],[-74.7145,5.315],[-74.727,5.306],[-74.733,5.2965],[-74.7345,5.287],[-74.725,5.2645],[-74.7275,5.253],[-74.7235,5.24],[-74.7305,5.232],[-74.7295,5.213],[-74.7335,5.203],[-74.72,5.1985],[-74.7145,5.186],[-74.719,5.1635],[-74.731,5.1495],[-74.7315,5.1405],[-74.72,5.1195],[-74.717,5.0925],[-74.7295,5.0745],[-74.726,5.0585],[-74.73,5.0365],[-74.738,5.0245],[-74.743,5.008],[-74.7335,4.9975],[-74.721,4.995],[-74.706,4.983],[-74.7145,4.972],[-74.7305,4.9775],[-74.744,4.9665],[-74.749,4.952],[-74.7335,4.9345],[-74.732,4.927],[-74.7395,4.911],[-74.74,4.902],[-74.7315,4.894],[-74.737,4.884],[-74.7505,4.889],[-74.755,4.886],[-74.752,4.866],[-74.76,4.852],[-74.7695,4.843],[-74.766,4.8355],[-74.749,4.8295],[-74.7445,4.8235],[-74.746,4.812],[-74.743,4.7905],[-74.7455,4.786],[-74.7685,4.775],[-74.777,4.7595],[-74.777,4.752],[-74.7835,4.748],[-74.7945,4.7475],[-74.8145,4.7355],[-74.819,4.726],[-74.8175,4.716],[-74.804,4.706],[-74.8015,4.7],[-74.8035,4.6865],[-74.8075,4.679],[-74.807,4.6695],[-74.7945,4.664],[-74.788,4.658],[-74.7865,4.6475],[-74.7955,4.643],[-74.8025,4.626],[-74.815,4.6165],[-74.8135,4.6055],[-74.8,4.6005],[-74.7935,4.591],[-74.806,4.5905],[-74.815,4.586],[-74.805,4.567],[-74.809,4.555],[-74.8015,4.544],[-74.805,4.536],[-74.787,4.509],[-74.7945,4.5],[-74.801,4.484],[-74.8045,4.459],[-74.8095,4.4505],[-74.8175,4.445],[-74.833,4.4435],[-74.834,4.434],[-74.8305,4.423],[-74.835,4.412],[-74.8325,4.4055],[-74.838,4.3955],[-74.839,4.3825],[-74.8435,4.375],[-74.8545,4.3665],[-74.852,4.359],[-74.8565,4.334],[-74.865,4.332],[-74.8825,4.3175],[-74.883,4.3],[-74.8895,4.292],[-74.879,4.266],[-74.8635,4.269],[-74.855,4.2685],[-74.8335,4.2755],[-74.813,4.294],[-74.8075,4.286],[-74.797,4.288],[-74.777,4.282],[-74.7775,4.2725],[-74.771,4.2605],[-74.7655,4.257],[-74.752,4.259],[-74.7405,4.2425],[-74.734,4.248],[-74.722,4.231],[-74.711,4.2325],[-74.7005,4.2185],[-74.7015,4.212],[-74.689,4.208],[-74.677,4.2065],[-74.6565,4.2145],[-74.655,4.2035],[-74.6405,4.2105],[-74.64,4.2155],[-74.632,4.224],[-74.6265,4.223],[-74.619,4.2385],[-74.62,4.252],[-74.6045,4.257],[-74.601,4.2625],[-74.5885,4.2675],[-74.58,4.2665],[-74.5625,4.272],[-74.5435,4.2585],[-74.535,4.246],[-74.519,4.2405],[-74.512,4.2185],[-74.5125,4.211],[-74.5015,4.1875],[-74.4835,4.1765],[-74.4835,4.147],[-74.4755,4.1345],[-74.4765,4.1115],[-74.4835,4.107],[-74.4865,4.0965],[-74.5085,4.078],[-74.5255,4.052],[-74.5315,4.0335],[-74.5255,4.014],[-74.5335,3.9935],[-74.531,3.9675],[-74.513,3.9535],[-74.5115,3.9465],[-74.515,3.927],[-74.5225,3.917],[-74.526,3.8955],[-74.523,3.887],[-74.5285,3.8785],[-74.5395,3.846],[-74.5345,3.843],[-74.51,3.833],[-74.507,3.8245],[-74.486,3.8175],[-74.4795,3.8235],[-74.4625,3.819],[-74.45,3.819],[-74.4455,3.801],[-74.4505,3.7945],[-74.458,3.7725],[-74.4575,3.7555],[-74.4635,3.742],[-74.4525,3.7305],[-74.4395,3.7305],[-74.4455,3.735],[-74.4505,3.75],[-74.4335,3.7645],[-74.4335,3.779],[-74.4155,3.7945],[-74.412,3.804],[-74.395,3.824],[-74.3855,3.856],[-74.3865,3.8625],[-74.3755,3.8765],[-74.3595,3.914],[-74.3545,3.9445],[-74.3565,3.9465],[-74.357,3.971],[-74.3655,3.982],[-74.3745,3.986],[-74.362,4.0125],[-74.366,4.0365],[-74.361,4.0485],[-74.351,4.057],[-74.3505,4.0745],[-74.339,4.103],[-74.33,4.1205],[-74.3245,4.1275],[-74.3065,4.111],[-74.296,4.1045],[-74.2795,4.102],[-74.2655,4.0915],[-74.26,4.0915],[-74.2535,4.1],[-74.2455,4.103],[-74.2465,4.1125],[-74.2435,4.1315],[-74.243,4.1595],[-74.24,4.171],[-74.2415,4.181],[-74.232,4.2165],[-74.22,4.2255],[-74.2175,4.2345],[-74.2075,4.2435],[-74.2045,4.253],[-74.2055,4.269],[-74.217,4.273],[-74.222,4.282],[-74.2165,4.287],[-74.214,4.307],[-74.216,4.3415],[-74.214,4.3805],[-74.2125,4.3935],[-74.204,4.418],[-74.198,4.4265],[-74.184,4.463],[-74.1825,4.4795],[-74.178,4.4865],[-74.1815,4.504],[-74.1815,4.5135],[-74.187,4.5275],[-74.174,4.5405],[-74.1775,4.547],[-74.177,4.5605],[-74.184,4.5965],[-74.204,4.601],[-74.2235,4.626],[-74.2125,4.6345],[-74.207,4.6455],[-74.197,4.6505],[-74.187,4.6515],[-74.163,4.6595],[-74.161,4.667],[-74.17,4.669],[-74.175,4.6765],[-74.1675,4.6875],[-74.1725,4.7115],[-74.1605,4.72],[-74.1375,4.731],[-74.1305,4.731],[-74.13,4.746],[-74.117,4.762],[-74.115,4.7855],[-74.108,4.7885],[-74.1055,4.797],[-74.0955,4.799],[-74.08,4.8085],[-74.087,4.816],[-74.079,4.822],[-74.0865,4.8325],[-74.0745,4.837],[-74.071,4.829],[-74.06,4.829],[-74.053,4.833],[-74.0315,4.8235],[-74.009,4.8205],[-74.0005,4.8055],[-74.0055,4.798],[-74.013,4.798],[-74.016,4.788],[-74.019,4.7635],[-74.0105,4.7575],[-74.007,4.7405],[-74.007,4.727],[-74.0125,4.701],[-74.012,4.6855],[-74.002,4.6745],[-74.012,4.6625],[-74.0245,4.6625],[-74.0295,4.6525],[-74.029,4.643],[-74.0095,4.6385],[-74.01,4.6265],[-73.986,4.6295],[-73.9955,4.614],[-73.994,4.601],[-74.0035,4.586],[-74.0055,4.5605],[-74.0145,4.5615],[-74.029,4.5585],[-74.032,4.5395],[-74.0355,4.5355],[-74.0425,4.5125],[-74.056,4.509],[-74.072,4.513],[-74.075,4.4865],[-74.0765,4.4625],[-74.085,4.4565],[-74.092,4.459],[-74.107,4.447],[-74.112,4.433],[-74.1125,4.417],[-74.117,4.4045],[-74.1115,4.386],[-74.1055,4.3795],[-74.0975,4.38],[-74.0945,4.3635],[-74.098,4.3455],[-74.1055,4.3365],[-74.106,4.328],[-74.1125,4.3255],[-74.114,4.3135],[-74.122,4.308],[-74.129,4.284],[-74.136,4.273],[-74.1465,4.265],[-74.152,4.2565],[-74.1455,4.245],[-74.1415,4.2325],[-74.1355,4.228],[-74.138,4.2205],[-74.1355,4.205],[-74.1255,4.193],[-74.1215,4.18],[-74.112,4.1825],[-74.1095,4.1685],[-74.1145,4.1555],[-74.1095,4.1335],[-74.119,4.126],[-74.129,4.1255],[-74.1315,4.1035],[-74.128,4.1],[-74.1325,4.0805],[-74.1265,4.0685],[-74.1255,4.055],[-74.134,4.0345],[-74.147,4.0165],[-74.1505,4.005]]]},"properties":{"divipola_dep":"25","divipola_dep_n":25,"dpto_nombre":"CUNDINAMARCA","area_km2":22343.4851}},
{"type":"Feature","geometry":{"type":"Polygon","coordinates":[[[-76.98,8.2555],[-76.9915,8.2525],[-77.019,8.2505],[-77.036,8.2525],[-77.04,8.2565],[-77.044,8.272],[-77.0645,8.2915],[-77.065,8.297],[-77.0745,8.304],[-77.0785,8.3175],[-77.0765,8.325],[-77.087,8.3295],[-77.0945,8.3475],[-77.1075,8.3575],[-77.1185,8.3755],[-77.1135,8.3825],[-77.128,8.3975],[-77.129,8.4095],[-77.138,8.415],[-77.1545,8.42],[-77.1655,8.434],[-77.1715,8.4335],[-77.19,8.438],[-77.2475,8.471],[-77.2545,8.492],[-77.272,8.5025],[-77.2755,8.5075],[-77.269,8.5265],[-77.2775,8.5385],[-77.2755,8.5485],[-77.287,8.572],[-77.295,8.578],[-77.3095,8.5945],[-77.3205,8.6005],[-77.3275,8.62],[-77.338,8.6225],[-77.3465,8.634],[-77.347,8.6485],[-77.3595,8.6575],[-77.364,8.6705],[-77.37,8.6605],[-77.3675,8.6445],[-77.3715,8.637],[-77.385,8.6425],[-77.392,8.651],[-77.4015,8.65],[-77.409,8.644],[-77.4,8.617],[-77.4045,8.611],[-77.3905,8.587],[-77.405,8.5845],[-77.415,8.589],[-77.4115,8.576],[-77.4175,8.567],[-77.4285,8.558],[-77.4365,8.563],[-77.44,8.5565],[-77.4375,8.539],[-77.4405,8.5225],[-77.445,8.514],[-77.4555,8.5105],[-77.4495,8.5005],[-77.4465,8.4805],[-77.4475,8.4725],[-77.4375,8.471],[-77.425,8.4765],[-77.4135,8.478],[-77.402,8.4765],[-77.4035,8.466],[-77.3975,8.4615],[-77.3945,8.4515],[-77.386,8.4405],[-77.3855,8.4325],[-77.37,8.408],[-77.359,8.401],[-77.3555,8.387],[-77.3615,8.3775],[-77.3585,8.3665],[-77.348,8.357],[-77.3505,8.3375],[-77.3555,8.3175],[-77.3495,8.2965],[-77.3325,8.2815],[-77.334,8.274],[-77.32,8.274],[-77.313,8.2705],[-77.306,8.2835],[-77.2995,8.2815],[-77.2995,8.2685],[-77.286,8.2565],[-77.29,8.244],[-77.28,8.2275],[-77.281,8.218],[-77.2695,8.2115],[-77.2615,8.212],[-77.259,8.2045],[-77.2605,8.1935],[-77.2525,8.189],[-77.248,8.175],[-77.2485,8.1625],[-77.254,8.16],[-77.252,8.15],[-77.2325,8.142],[-77.227,8.137],[-77.235,8.128],[-77.233,8.12],[-77.218,8.089],[-77.2195,8.0735],[-77.2265,8.0705],[-77.23,8.0545],[-77.2215,8.026],[-77.215,8.0195],[-77.2125,8.008],[-77.2,7.9995],[-77.1925,7.9895],[-77.1655,7.974],[-77.164,7.9705],[-77.1795,7.956],[-77.1655,7.9375],[-77.1585,7.9325],[-77.1685,7.9215],[-77.1795,7.917],[-77.19,7.922],[-77.1965,7.9195],[-77.208,7.9225],[-77.215,7.9165],[-77.238,7.921],[-77.2535,7.92],[-77.2695,7.914],[-77.2755,7.908],[-77.29,7.908],[-77.3125,7.8975],[-77.3245,7.896],[-77.323,7.8855],[-77.335,7.876],[-77.341,7.8635],[-77.3365,7.859],[-77.345,7.8495],[-77.3485,7.8415],[-77.3575,7.8345],[-77.3645,7.8345],[-77.364,7.825],[-77.3585,7.819],[-77.356,7.807],[-77.35,7.805],[-77.3485,7.7965],[-77.3365,7.78],[-77.3395,7.766],[-77.3445,7.7625],[-77.3725,7.77],[-77.376,7.7625],[-77.384,7.7575],[-77.391,7.76],[-77.3995,7.724],[-77.4115,7.724],[-77.418,7.718],[-77.417,7.7035],[-77.435,7.687],[-77.44,7.6675],[-77.446,7.6555],[-77.467,7.6555],[-77.47,7.65],[-77.4655,7.6425],[-77.4685,7.6255],[-77.479,7.6155],[-77.4825,7.604],[-77.4895,7.5935],[-77.4925,7.5835],[-77.4875,7.578],[-77.4925,7.5675],[-77.505,7.5685],[-77.515,7.575],[-77.5245,7.572],[-77.5255,7.562],[-77.534,7.543],[-77.5475,7.531],[-77.5485,7.5245],[-77.556,7.52],[-77.5685,7.508],[-77.576,7.515],[-77.584,7.514],[-77.59,7.522],[-77.5905,7.5315],[-77.607,7.541],[-77.6105,7.55],[-77.61,7.5615],[-77.6245,7.579],[-77.631,7.595],[-77.631,7.605],[-77.635,7.6095],[-77.639,7.625],[-77.6445,7.635],[-77.647,7.653],[-77.656,7.661],[-77.6725,7.669],[-77.6805,7.683],[-77.6915,7.685],[-77.6975,7.693],[-77.7105,7.6925],[-77.721,7.6965],[-77.729,7.6955],[-77.7275,7.687],[-77.736,7.6855],[-77.743,7.6785],[-77.742,7.6705],[-77.747,7.647],[-77.7415,7.6395],[-77.7415,7.6275],[-77.7485,7.615],[-77.747,7.6055],[-77.736,7.602],[-77.738,7.587],[-77.7315,7.5675],[-77.7255,7.564],[-77.7105,7.528],[-77.704,7.5205],[-77.7025,7.5095],[-77.714,7.498],[-77.732,7.4735],[-77.7415,7.465],[-77.751,7.4675],[-77.7645,7.4585],[-77.7875,7.464],[-77.7925,7.461],[-77.883,7.2185],[-77.874,7.207],[-77.8675,7.2065],[-77.861,7.1925],[-77.853,7.1925],[-77.853,7.183],[-77.844,7.186],[-77.8375,7.1795],[-77.836,7.166],[-77.8215,7.148],[-77.805,7.1495],[-77.7915,7.1435],[-77.7825,7.1325],[-77.773,7.113],[-77.752,7.092],[-77.7135,7.0595],[-77.6905,7.0355],[-77.681,7.034],[-77.68,7.025],[-77.6625,7],[-77.657,6.9825],[-77.656,6.9675],[-77.6615,6.9545],[-77.6695,6.9485],[-77.6785,6.9545],[-77.6815,6.9465],[-77.696,6.9395],[-77.6965,6.914],[-77.7035,6.9125],[-77.707,6.905],[-77.7075,6.8915],[-77.711,6.8795],[-77.707,6.875],[-77.701,6.849],[-77.695,6.8355],[-77.6885,6.838],[-77.689,6.8465],[-77.6845,6.8705],[-77.6735,6.876],[-77.663,6.8745],[-77.6585,6.8585],[-77.6355,6.853],[-77.617,6.8425],[-77.586,6.8175],[-77.5805,6.803],[-77.5695,6.795],[-77.565,6.785],[-77.5655,6.773],[-77.561,6.771],[-77.559,6.7605],[-77.549,6.7445],[-77.5455,6.732],[-77.5475,6.7255],[-77.538,6.7135],[-77.533,6.6995],[-77.5385,6.687],[-77.5345,6.679],[-77.537,6.669],[-77.5255,6.657],[-77.507,6.653],[-77.51,6.668],[-77.506,6.6735],[-77.5055,6.684],[-77.496,6.6925],[-77.4795,6.6995],[-77.4585,6.7065],[-77.4485,6.706],[-77.428,6.6955],[-77.4265,6.6845],[-77.418,6.6915],[-77.404,6.6855],[-77.3995,6.679],[-77.4055,6.666],[-77.3985,6.665],[-77.397,6.652],[-77.4055,6.6485],[-77.398,6.636],[-77.3975,6.621],[-77.3815,6.611],[-77.37,6.598],[-77.3735,6.5875],[-77.369,6.5815],[-77.357,6.5785],[-77.3455,6.5795],[-77.331,6.564],[-77.3255,6.5495],[-77.337,6.5225],[-77.3395,6.5055],[-77.3455,6.503],[-77.3485,6.495],[-77.3595,6.488],[-77.36,6.4795],[-77.3515,6.4715],[-77.353,6.457],[-77.3625,6.455],[-77.3605,6.4415],[-77.364,6.4305],[-77.3735,6.4305],[-77.3605,6.4045],[-77.3595,6.393],[-77.372,6.387],[-77.381,6.394],[-77.389,6.3875],[-77.4035,6.3935],[-77.411,6.388],[-77.4105,6.381],[-77.402,6.381],[-77.393,6.368],[-77.3795,6.3685],[-77.37,6.355],[-77.3695,6.3465],[-77.377,6.329],[-77.3795,6.306],[-77.3855,6.286],[-77.381,6.2775],[-77.4005,6.2505],[-77.395,6.246],[-77.399,6.229],[-77.409,6.2275],[-77.425,6.25],[-77.429,6.2625],[-77.437,6.2715],[-77.446,6.269],[-77.457,6.2715],[-77.47,6.292],[-77.468,6.271],[-77.468,6.247],[-77.4735,6.23],[-77.474,6.2195],[-77.4785,6.2115],[-77.4825,6.193],[-77.476,6.1845],[-77.472,6.1655],[-77.467,6.1605],[-77.4615,6.146],[-77.456,6.142],[-77.455,6.1335],[-77.447,6.129],[-77.4325,6.1085],[-77.433,6.1045],[-77.4165,6.087],[-77.388,6.062],[-77.373,6.044],[-77.3735,6.039],[-77.3635,6.022],[-77.3635,6.013],[-77.359,6.0005],[-77.353,6.003],[-77.355,6.0285],[-77.362,6.049],[-77.3525,6.0465],[-77.3475,6.0385],[-77.349,6.0155],[-77.3355,6.0015],[-77.3295,5.97],[-77.319,5.9465],[-77.317,5.9365],[-77.309,5.924],[-77.307,5.913],[-77.312,5.91],[-77.309,5.898],[-77.3045,5.892],[-77.303,5.8785],[-77.2945,5.873],[-77.296,5.861],[-77.29,5.856],[-77.29,5.8455],[-77.2785,5.8455],[-77.2755,5.827],[-77.2655,5.8165],[-77.257,5.7945],[-77.2475,5.7955],[-77.2415,5.78],[-77.247,5.774],[-77.258,5.78],[-77.255,5.7465],[-77.256,5.735],[-77.264,5.716],[-77.2785,5.702],[-77.2845,5.69],[-77.3005,5.669],[-77.317,5.6605],[-77.317,5.654],[-77.3275,5.65],[-77.3265,5.641],[-77.3385,5.62],[-77.357,5.6095],[-77.3705,5.608],[-77.377,5.6105],[-77.3865,5.6215],[-77.387,5.6275],[-77.421,5.6255],[-77.429,5.6205],[-77.4385,5.609],[-77.4555,5.598],[-77.469,5.595],[-77.484,5.6],[-77.489,5.608],[-77.497,5.5985],[-77.5035,5.585],[-77.502,5.575],[-77.506,5.5645],[-77.5055,5.555],[-77.5095,5.538],[-77.5075,5.5285],[-77.522,5.513],[-77.5245,5.5025],[-77.5395,5.488],[-77.539,5.4805],[-77.5245,5.48],[-77.51,5.483],[-77.499,5.4785],[-77.488,5.478],[-77.472,5.49],[-77.464,5.49],[-77.45,5.4855],[-77.4315,5.471],[-77.429,5.463],[-77.43,5.44],[-77.4195,5.4365],[-77.419,5.446],[-77.4075,5.454],[-77.404,5.4425],[-77.39,5.4435],[-77.39,5.434],[-77.397,5.4195],[-77.3955,5.409],[-77.4035,5.4035],[-77.413,5.403],[-77.4095,5.39],[-77.4045,5.3625],[-77.3975,5.3495],[-77.3965,5.34],[-77.402,5.3365],[-77.4035,5.325],[-77.393,5.319],[-77.388,5.2885],[-77.39,5.269],[-77.3925,5.264],[-77.391,5.2295],[-77.392,5.203],[-77.397,5.169],[-77.386,5.1475],[-77.384,5.116],[-77.38,5.088],[-77.381,5.0785],[-77.3785,5.0255],[-77.375,4.981],[-77.375,4.9585],[-77.3685,4.951],[-77.3715,4.942],[-77.3645,4.9245],[-77.36,4.9035],[-77.3625,4.892],[-77.353,4.88],[-77.361,4.8735],[-77.36,4.8655],[-77.3485,4.811],[-77.3295,4.7975],[-77.3475,4.781],[-77.3415,4.773],[-77.335,4.7775],[-77.3265,4.7755],[-77.32,4.781],[-77.313,4.774],[-77.3,4.747],[-77.3045,4.7405],[-77.3225,4.7485],[-77.3285,4.7345],[-77.326,4.702],[-77.33,4.6925],[-77.321,4.6895],[-77.321,4.6755],[-77.325,4.664],[-77.325,4.6155],[-77.326,4.5695],[-77.3325,4.56],[-77.336,4.536],[-77.325,4.533],[-77.323,4.5225],[-77.335,4.5135],[-77.342,4.504],[-77.344,4.4825],[-77.3495,4.439],[-77.3535,4.428],[-77.3435,4.428],[-77.349,4.417],[-77.3545,4.4155],[-77.3655,4.3985],[-77.37,4.3845],[-77.369,4.3745],[-77.3785,4.3715],[-77.373,4.386],[-77.376,4.389],[-77.3935,4.364],[-77.4055,4.353],[-77.419,4.3285],[-77.4275,4.3185],[-77.444,4.311],[-77.418,4.3025],[-77.4135,4.299],[-77.4235,4.2865],[-77.4305,4.283],[-77.4375,4.2855],[-77.45,4.2835],[-77.4525,4.2775],[-77.468,4.268],[-77.4765,4.266],[-77.4855,4.2585],[-77.5,4.2645],[-77.4895,4.271],[-77.482,4.2875],[-77.4835,4.293],[-77.499,4.293],[-77.515,4.279],[-77.525,4.2575],[-77.526,4.234],[-77.5315,4.2005],[-77.526,4.188],[-77.524,4.165],[-77.527,4.144],[-77.5255,4.1265],[-77.511,4.1125],[-77.508,4.1055],[-77.4915,4.099],[-77.4855,4.0945],[-77.466,4.0635],[-77.457,4.0465],[-77.4495,4.0385],[-77.4445,4.056],[-77.429,4.091],[-77.429,4.1015],[-77.441,4.1205],[-77.442,4.1365],[-77.436,4.146],[-77.421,4.143],[-77.392,4.1475],[-77.388,4.151],[-77.3895,4.162],[-77.3765,4.1715],[-77.375,4.18],[-77.363,4.1925],[-77.353,4.1975],[-77.3425,4.196],[-77.3305,4.1885],[-77.3185,4.173],[-77.307,4.166],[-77.2895,4.1785],[-77.285,4.19],[-77.2875,4.206],[-77.2805,4.221],[-77.2635,4.2335],[-77.2535,4.234],[-77.2485,4.2195],[-77.2505,4.2],[-77.2485,4.1845],[-77.2405,4.1745],[-77.222,4.1565],[-77.215,4.156],[-77.205,4.1725],[-77.189,4.1725],[-77.167,4.1835],[-77.158,4.183],[-77.143,4.161],[-77.1335,4.1575],[-77.1295,4.1445],[-77.1165,4.133],[-77.123,4.125],[-77.12,4.1165],[-77.1045,4.1075],[-77.096,4.117],[-77.0865,4.1225],[-77.0825,4.1115],[-77.073,4.1065],[-77.066,4.0965],[-77.0605,4.1025],[-77.049,4.095],[-77.0385,4.0975],[-77.0365,4.0915],[-77.0265,4.0945],[-77.0195,4.101],[-77.009,4.096],[-76.9945,4.1205],[-76.984,4.1145],[-76.9755,4.122],[-76.9695,4.1195],[-76.954,4.12],[-76.9345,4.105],[-76.9145,4.0965],[-76.9125,4.0815],[-76.901,4.082],[-76.901,4.073],[-76.8915,4.074],[-76.883,4.061],[-76.8835,4.055],[-76.8725,4.0455],[-76.8675,4.0325],[-76.854,4.032],[-76.85,4.0375],[-76.829,4.035],[-76.8235,4.032],[-76.8255,4.0215],[-76.8205,4.011],[-76.809,4.005],[-76.794,4.011],[-76.7865,4.003],[-76.775,3.997],[-76.7685,3.989],[-76.7595,3.9935],[-76.75,3.9915],[-76.747,3.985],[-76.736,3.982],[-76.713,3.981],[-76.7,3.978],[-76.6925,3.969],[-76.6815,3.965],[-76.6755,3.9715],[-76.6625,3.9775],[-76.65,3.9965],[-76.6245,4.015],[-76.6025,4.0005],[-76.597,4.0025],[-76.589,3.9925],[-76.5865,3.973],[-76.5725,3.986],[-76.5635,3.988],[-76.5575,3.9965],[-76.56,4.0065],[-76.538,4.015],[-76.5415,4.024],[-76.5415,4.0435],[-76.536,4.0535],[-76.5255,4.062],[-76.5245,4.0675],[-76.5095,4.063],[-76.499,4.064],[-76.49,4.0815],[-76.4725,4.1035],[-76.4625,4.1315],[-76.453,4.145],[-76.445,4.1755],[-76.4445,4.1905],[-76.4465,4.2045],[-76.4515,4.2095],[-76.4545,4.229],[-76.466,4.2325],[-76.471,4.2305],[-76.4875,4.236],[-76.491,4.244],[-76.506,4.252],[-76.509,4.268],[-76.515,4.271],[-76.5265,4.2885],[-76.5295,4.3015],[-76.5255,4.311],[-76.5295,4.3245],[-76.5485,4.337],[-76.548,4.349],[-76.562,4.3705],[-76.553,4.402],[-76.5395,4.3965],[-76.5265,4.404],[-76.5155,4.403],[-76.502,4.413],[-76.481,4.4145],[-76.474,4.423],[-76.4535,4.433],[-76.449,4.4405],[-76.4345,4.442],[-76.431,4.4485],[-76.4185,4.4525],[-76.4085,4.46],[-76.41,4.4655],[-76.4015,4.474],[-76.396,4.4735],[-76.3865,4.481],[-76.3825,4.493],[-76.368,4.4895],[-76.3805,4.5115],[-76.394,4.5285],[-76.4035,4.5355],[-76.3845,4.5475],[-76.3815,4.5595],[-76.3575,4.5585],[-76.3445,4.562],[-76.3435,4.5815],[-76.334,4.586],[-76.328,4.5995],[-76.3215,4.6045],[-76.32,4.619],[-76.313,4.6295],[-76.3,4.655],[-76.3035,4.667],[-76.298,4.6865],[-76.2975,4.6995],[-76.2885,4.703],[-76.2855,4.7125],[-76.2985,4.7345],[-76.312,4.7505],[-76.2965,4.759],[-76.287,4.767],[-76.276,4.771],[-76.2605,4.795],[-76.2475,4.794],[-76.2305,4.802],[-76.224,4.8105],[-76.2205,4.821],[-76.2115,4.8295],[-76.192,4.8285],[-76.161,4.8365],[-76.145,4.838],[-76.1295,4.856],[-76.131,4.863],[-76.117,4.8815],[-76.114,4.894],[-76.13,4.907],[-76.12,4.912],[-76.1025,4.9155],[-76.0945,4.93],[-76.0945,4.9415],[-76.089,4.9465],[-76.09,4.98],[-76.0985,4.9995],[-76.0945,5.01],[-76.097,5.031],[-76.0915,5.0425],[-76.077,5.047],[-76.069,5.0755],[-76.07,5.095],[-76.062,5.1015],[-76.059,5.1165],[-76.0605,5.136],[-76.077,5.1465],[-76.077,5.1525],[-76.0965,5.165],[-76.1035,5.1635],[-76.1115,5.1695],[-76.1245,5.173],[-76.1335,5.185],[-76.1385,5.203],[-76.1425,5.206],[-76.141,5.222],[-76.1425,5.234],[-76.1505,5.2415],[-76.1625,5.2475],[-76.164,5.255],[-76.1735,5.2605],[-76.1775,5.2885],[-76.191,5.304],[-76.1935,5.3135],[-76.2015,5.322],[-76.2015,5.338],[-76.2065,5.349],[-76.201,5.36],[-76.204,5.3655],[-76.1955,5.383],[-76.1905,5.397],[-76.191,5.4145],[-76.185,5.4155],[-76.179,5.402],[-76.168,5.4105],[-76.1565,5.412],[-76.1435,5.417],[-76.1185,5.422],[-76.1095,5.442],[-76.098,5.449],[-76.089,5.4455],[-76.078,5.4715],[-76.0805,5.485],[-76.0755,5.4995],[-76.0795,5.5245],[-76.0855,5.5345],[-76.072,5.5485],[-76.0535,5.5525],[-76.037,5.567],[-76.025,5.5635],[-76.009,5.5675],[-76.0065,5.581],[-76.011,5.5945],[-76.0025,5.602],[-76.007,5.611],[-76.006,5.623],[-76.0115,5.6305],[-76.022,5.6355],[-76.0355,5.6515],[-76.044,5.654],[-76.054,5.6615],[-76.066,5.667],[-76.066,5.6715],[-76.087,5.6885],[-76.0805,5.708],[-76.063,5.727],[-76.071,5.7425],[-76.061,5.758],[-76.0655,5.7655],[-76.074,5.7615],[-76.0805,5.769],[-76.0715,5.7815],[-76.0845,5.791],[-76.0815,5.8],[-76.0815,5.8155],[-76.0995,5.831],[-76.099,5.85],[-76.0875,5.866],[-76.0825,5.8805],[-76.074,5.8875],[-76.061,5.886],[-76.0565,5.895],[-76.0565,5.912],[-76.0605,5.9255],[-76.054,5.931],[-76.056,5.942],[-76.051,5.9515],[-76.0675,5.962],[-76.067,5.978],[-76.071,5.984],[-76.0875,5.9905],[-76.089,6],[-76.0965,6.003],[-76.105,6.0185],[-76.1135,6.0215],[-76.1235,6.018],[-76.132,6],[-76.1445,5.998],[-76.149,6.003],[-76.1595,6.0035],[-76.1725,6.0175],[-76.17,6.0255],[-76.1745,6.0435],[-76.183,6.048],[-76.1915,6.0595],[-76.197,6.08],[-76.196,6.1055],[-76.202,6.122],[-76.2035,6.134],[-76.2005,6.141],[-76.206,6.1485],[-76.2025,6.163],[-76.2135,6.167],[-76.2145,6.174],[-76.2095,6.1845],[-76.2235,6.188],[-76.225,6.193],[-76.2375,6.2085],[-76.2505,6.204],[-76.2605,6.2095],[-76.285,6.1935],[-76.2955,6.2005],[-76.3095,6.2],[-76.3265,6.2025],[-76.331,6.197],[-76.3515,6.196],[-76.3625,6.1925],[-76.378,6.1935],[-76.39,6.1915],[-76.405,6.1855],[-76.411,6.1705],[-76.42,6.1655],[-76.438,6.1695],[-76.4505,6.169],[-76.4675,6.1765],[-76.4755,6.171],[-76.475,6.1605],[-76.4815,6.1605],[-76.4895,6.1695],[-76.5005,6.1745],[-76.508,6.174],[-76.5175,6.1795],[-76.5315,6.1775],[-76.56,6.18],[-76.571,6.1865],[-76.5825,6.189],[-76.5965,6.187],[-76.6015,6.1925],[-76.6205,6.183],[-76.6265,6.183],[-76.6455,6.168],[-76.6555,6.1735],[-76.6635,6.1705],[-76.6715,6.1735],[-76.683,6.17],[-76.685,6.163],[-76.694,6.163],[-76.7035,6.169],[-76.716,6.171],[-76.7205,6.1775],[-76.714,6.19],[-76.721,6.1985],[-76.7175,6.215],[-76.727,6.2265],[-76.723,6.237],[-76.7325,6.237],[-76.748,6.245],[-76.756,6.2515],[-76.7595,6.2605],[-76.7495,6.274],[-76.7545,6.2845],[-76.777,6.2855],[-76.784,6.2925],[-76.783,6.309],[-76.79,6.319],[-76.7875,6.326],[-76.778,6.33],[-76.791,6.3385],[-76.7885,6.3515],[-76.774,6.359],[-76.7745,6.3695],[-76.7875,6.375],[-76.7845,6.3815],[-76.7675,6.381],[-76.765,6.3895],[-76.77,6.3975],[-76.792,6.409],[-76.7955,6.4175],[-76.786,6.4245],[-76.772,6.4205],[-76.762,6.432],[-76.7715,6.44],[-76.784,6.433],[-76.796,6.4385],[-76.793,6.4515],[-76.7815,6.4635],[-76.767,6.4705],[-76.7685,6.479],[-76.777,6.489],[-76.792,6.496],[-76.797,6.5055],[-76.805,6.506],[-76.8165,6.488],[-76.8215,6.4895],[-76.823,6.5125],[-76.819,6.5245],[-76.8275,6.5255],[-76.839,6.5195],[-76.8455,6.53],[-76.8515,6.5615],[-76.865,6.572],[-76.875,6.57],[-76.882,6.5605],[-76.8865,6.5615],[-76.8985,6.579],[-76.8985,6.589],[-76.891,6.6035],[-76.884,6.609],[-76.863,6.609],[-76.858,6.6155],[-76.861,6.625],[-76.8755,6.6305],[-76.8945,6.6255],[-76.907,6.627],[-76.9125,6.635],[-76.9105,6.644],[-76.8995,6.654],[-76.895,6.663],[-76.9025,6.672],[-76.9085,6.6705],[-76.9175,6.66],[-76.9245,6.647],[-76.9375,6.6545],[-76.94,6.6775],[-76.9545,6.675],[-76.9635,6.6795],[-76.9635,6.6875],[-76.9475,6.6955],[-76.942,6.706],[-76.9335,6.71],[-76.936,6.719],[-76.945,6.7245],[-76.955,6.7235],[-76.9675,6.744],[-76.962,6.764],[-76.9655,6.7795],[-76.9585,6.7905],[-76.96,6.795],[-76.972,6.798],[-76.97,6.813],[-76.961,6.816],[-76.9315,6.8135],[-76.923,6.8375],[-76.9165,6.8455],[-76.8995,6.8345],[-76.891,6.8385],[-76.884,6.848],[-76.876,6.852],[-76.868,6.8455],[-76.855,6.846],[-76.8505,6.8355],[-76.8365,6.829],[-76.8315,6.8395],[-76.821,6.8355],[-76.819,6.846],[-76.832,6.855],[-76.7935,6.865],[-76.7855,6.8775],[-76.788,6.8905],[-76.7945,6.8965],[-76.7985,6.9255],[-76.797,6.9325],[-76.8,6.9485],[-76.81,6.9535],[-76.811,6.9615],[-76.8235,6.964],[-76.819,6.9725],[-76.829,6.98],[-76.8345,6.9995],[-76.825,7.0055],[-76.7065,7.025],[-76.6845,7.0215],[-76.676,7.0295],[-76.67,7.023],[-76.656,7.0175],[-76.652,7.011],[-76.628,7.016],[-76.616,7.016],[-76.606,7.008],[-76.595,7.0125],[-76.584,6.983],[-76.57,6.9805],[-76.5535,6.994],[-76.548,7.0015],[-76.5455,7.02],[-76.5355,7.0385],[-76.536,7.05],[-76.5305,7.0605],[-76.539,7.0685],[-76.53,7.0795],[-76.531,7.093],[-76.524,7.1],[-76.5235,7.107],[-76.515,7.11],[-76.509,7.125],[-76.508,7.139],[-76.498,7.1375],[-76.491,7.132],[-76.4855,7.136],[-76.4955,7.147],[-76.5,7.168],[-76.508,7.1845],[-76.506,7.197],[-76.513,7.2045],[-76.5175,7.2245],[-76.522,7.2285],[-76.53,7.2545],[-76.547,7.259],[-76.5635,7.2745],[-76.5745,7.2985],[-76.5965,7.303],[-76.6055,7.3135],[-76.618,7.315],[-76.6605,7.448],[-76.801,7.572],[-76.825,7.5815],[-76.899,7.582],[-76.936,7.584],[-76.943,7.589],[-76.9545,7.6235],[-76.9625,7.642],[-77.003,7.6715],[-77.039,7.705],[-77.116,7.7845],[-77.121,7.787],[-77.1235,7.8065],[-77.128,7.8265],[-77.117,7.831],[-77.1055,7.824],[-77.095,7.825],[-77.0805,7.845],[-77.0585,7.8515],[-77.0475,7.8655],[-77.0315,7.88],[-77.0265,7.8905],[-77.022,7.909],[-77.016,7.9215],[-77.0125,7.9385],[-77.018,7.9505],[-77.004,7.953],[-77,7.9585],[-77.0055,7.973],[-77.003,7.9975],[-76.9965,8.019],[-76.987,8.031],[-76.9715,8.032],[-76.96,8.037],[-76.9475,8.05],[-76.9385,8.068],[-76.944,8.0945],[-76.9515,8.099],[-76.951,8.108],[-76.9555,8.1205],[-76.9545,8.1455],[-76.9495,8.1725],[-76.9665,8.192],[-76.9785,8.2275],[-76.98,8.2555]]]},"properties":{"divipola_dep":"27","divipola_dep_n":27,"dpto_nombre":"CHOCÓ","area_km2":48384.7982}},
{"type":"Feature","geometry":{"type":"Polygon","coordinates":[[[-74.4395,3.7305],[-74.4525,3.7305],[-74.4635,3.742],[-74.4575,3.7555],[-74.458,3.7725],[-74.4505,3.7945],[-74.4455,3.801],[-74.45,3.819],[-74.4625,3.819],[-74.4795,3.8235],[-74.486,3.8175],[-74.507,3.8245],[-74.51,3.833],[-74.5345,3.843],[-74.5315,3.8365],[-74.5365,3.8275],[-74.536,3.817],[-74.5415,3.8135],[-74.5465,3.8025],[-74.5465,3.793],[-74.553,3.7845],[-74.5575,3.768],[-74.57,3.754],[-74.5865,3.739],[-74.588,3.7325],[-74.598,3.7225],[-74.605,3.7205],[-74.615,3.712],[-74.625,3.6985],[-74.6405,3.6875],[-74.6555,3.681],[-74.664,3.673],[-74.676,3.671],[-74.6765,3.6665],[-74.6965,3.642],[-74.701,3.6155],[-74.7125,3.6105],[-74.7175,3.615],[-74.725,3.609],[-74.7295,3.5975],[-74.7395,3.586],[-74.735,3.5795],[-74.734,3.5665],[-74.7265,3.562],[-74.7285,3.5515],[-74.7385,3.536],[-74.747,3.528],[-74.7575,3.532],[-74.769,3.53],[-74.775,3.524],[-74.783,3.4925],[-74.781,3.479],[-74.7715,3.464],[-74.7615,3.4545],[-74.7645,3.4405],[-74.7765,3.4355],[-74.784,3.426],[-74.8105,3.412],[-74.818,3.402],[-74.815,3.396],[-74.8255,3.389],[-74.8275,3.376],[-74.8315,3.3695],[-74.8455,3.3565],[-74.848,3.3425],[-74.8645,3.331],[-74.875,3.3265],[-74.875,3.321],[-74.9075,3.2905],[-74.9175,3.2905],[-74.9295,3.283],[-74.934,3.286],[-74.959,3.277],[-74.967,3.2835],[-74.98,3.2855],[-74.99,3.283],[-74.9955,3.277],[-75.0045,3.2775],[-75.011,3.286],[-75.021,3.289],[-75.0355,3.287],[-75.044,3.29],[-75.067,3.294],[-75.0705,3.302],[-75.0635,3.3115],[-75.055,3.3315],[-75.0555,3.3425],[-75.06,3.352],[-75.0545,3.3605],[-75.057,3.378],[-75.043,3.385],[-75.0325,3.386],[-75.028,3.3965],[-75.042,3.407],[-75.0425,3.417],[-75.034,3.4275],[-75.046,3.4315],[-75.0655,3.4315],[-75.1215,3.433],[-75.1315,3.4305],[-75.1495,3.435],[-75.1575,3.4145],[-75.1655,3.4145],[-75.174,3.4085],[-75.175,3.3985],[-75.173,3.3785],[-75.2,3.3845],[-75.201,3.4095],[-75.221,3.412],[-75.2275,3.416],[-75.2415,3.4045],[-75.2465,3.3915],[-75.245,3.387],[-75.2505,3.3675],[-75.2595,3.377],[-75.271,3.384],[-75.277,3.383],[-75.3015,3.399],[-75.3125,3.4145],[-75.321,3.418],[-75.324,3.4075],[-75.3295,3.402],[-75.3395,3.3995],[-75.3415,3.4055],[-75.3565,3.403],[-75.3665,3.4065],[-75.3735,3.396],[-75.3715,3.387],[-75.38,3.3755],[-75.396,3.3775],[-75.4065,3.3695],[-75.413,3.3715],[-75.4225,3.3605],[-75.426,3.353],[-75.4395,3.3475],[-75.445,3.357],[-75.4635,3.3545],[-75.479,3.361],[-75.4865,3.3455],[-75.486,3.332],[-75.4965,3.322],[-75.5105,3.328],[-75.5195,3.325],[-75.5275,3.3175],[-75.523,3.3125],[-75.522,3.302],[-75.5315,3.291],[-75.5305,3.2865],[-75.5425,3.276],[-75.55,3.2565],[-75.5685,3.242],[-75.5775,3.2215],[-75.5725,3.218],[-75.575,3.2055],[-75.5725,3.2005],[-75.5765,3.1885],[-75.585,3.1755],[-75.582,3.169],[-75.5885,3.1565],[-75.583,3.147],[-75.5825,3.124],[-75.5885,3.118],[-75.6025,3.113],[-75.6045,3.1035],[-75.622,3.0755],[-75.618,3.0625],[-75.6055,3.058],[-75.6,3.048],[-75.6015,3.039],[-75.61,3.0315],[-75.627,3.0025],[-75.6355,2.994],[-75.6475,2.9965],[-75.66,2.9865],[-75.6845,2.9895],[-75.6925,2.9935],[-75.6985,2.976],[-75.7105,2.964],[-75.721,2.9615],[-75.7285,2.9535],[-75.744,2.953],[-75.75,2.9465],[-75.76,2.9435],[-75.767,2.9235],[-75.763,2.917],[-75.781,2.9115],[-75.787,2.899],[-75.797,2.8935],[-75.8035,2.8855],[-75.821,2.883],[-75.8315,2.8745],[-75.8465,2.871],[-75.86,2.873],[-75.882,2.8895],[-75.884,2.897],[-75.8935,2.898],[-75.898,2.894],[-75.9065,2.8995],[-75.908,2.909],[-75.9195,2.914],[-75.9275,2.9215],[-75.9425,2.922],[-75.955,2.9195],[-75.958,2.935],[-75.9655,2.9445],[-75.9755,2.9475],[-75.9815,2.956],[-75.983,2.9725],[-75.9915,2.9825],[-76.029,2.9405],[-75.896,2.8555],[-75.879,2.8335],[-75.866,2.8355],[-75.8545,2.842],[-75.8455,2.843],[-75.8225,2.8355],[-75.8135,2.8215],[-75.8065,2.821],[-75.806,2.807],[-75.812,2.7825],[-75.806,2.7685],[-75.7915,2.7615],[-75.78,2.762],[-75.777,2.7545],[-75.764,2.7525],[-75.751,2.7415],[-75.754,2.7365],[-75.748,2.7195],[-75.7575,2.6955],[-75.758,2.6805],[-75.772,2.6765],[-75.7745,2.6675],[-75.7825,2.658],[-75.7885,2.6585],[-75.7915,2.6405],[-75.789,2.636],[-75.8,2.6235],[-75.81,2.6],[-75.824,2.5915],[-75.827,2.5755],[-75.836,2.5705],[-75.84,2.5585],[-75.8335,2.551],[-75.8375,2.541],[-75.8245,2.529],[-75.8195,2.5195],[-75.822,2.504],[-75.823,2.4835],[-75.8295,2.4735],[-75.843,2.4665],[-75.849,2.456],[-75.8455,2.4525],[-75.86,2.442],[-75.8565,2.433],[-75.864,2.426],[-75.873,2.4315],[-75.888,2.4305],[-75.8895,2.4345],[-75.9095,2.446],[-75.912,2.455],[-75.918,2.4575],[-75.9175,2.474],[-75.9245,2.4815],[-75.932,2.4785],[-75.9425,2.488],[-75.9475,2.486],[-75.958,2.4905],[-75.961,2.4965],[-75.9795,2.5035],[-75.9895,2.4805],[-75.9945,2.477],[-76.0095,2.4565],[-76.02,2.4475],[-76.0215,2.4335],[-76.033,2.402],[-76.046,2.4045],[-76.08,2.4155],[-76.089,2.416],[-76.099,2.4055],[-76.1035,2.406],[-76.109,2.396],[-76.12,2.3905],[-76.126,2.38],[-76.1465,2.294],[-76.121,2.225],[-76.136,2.221],[-76.1395,2.21],[-76.149,2.2005],[-76.159,2.198],[-76.179,2.198],[-76.1975,2.1955],[-76.208,2.198],[-76.2195,2.2075],[-76.2245,2.218],[-76.239,2.228],[-76.2495,2.2435],[-76.275,2.27],[-76.289,2.2745],[-76.303,2.2835],[-76.3235,2.281],[-76.344,2.272],[-76.3605,2.2705],[-76.3635,2.2775],[-76.374,2.279],[-76.385,2.2685],[-76.391,2.246],[-76.389,2.242],[-76.3975,2.231],[-76.403,2.2035],[-76.418,2.192],[-76.4335,2.188],[-76.4365,2.178],[-76.432,2.1705],[-76.4375,2.161],[-76.431,2.141],[-76.4245,2.129],[-76.433,2.1195],[-76.4425,2.119],[-76.4545,2.1125],[-76.464,2.1015],[-76.4725,2.103],[-76.4805,2.111],[-76.4875,2.129],[-76.504,2.1265],[-76.5135,2.1355],[-76.542,2.134],[-76.5535,2.1395],[-76.57,2.127],[-76.575,2.1185],[-76.59,2.1085],[-76.59,2.095],[-76.584,2.0825],[-76.5775,2.0555],[-76.5835,2.0475],[-76.586,2.0345],[-76.5735,2.0295],[-76.5725,2.019],[-76.5795,2.009],[-76.5785,2.003],[-76.5875,2.0005],[-76.593,2.0055],[-76.6,1.9975],[-76.6105,1.995],[-76.6205,1.9765],[-76.6245,1.974],[-76.622,1.9585],[-76.6105,1.9465],[-76.6195,1.9265],[-76.603,1.9205],[-76.595,1.92],[-76.5865,1.909],[-76.583,1.9005],[-76.584,1.8865],[-76.592,1.881],[-76.5885,1.866],[-76.5695,1.856],[-76.5685,1.8495],[-76.556,1.8385],[-76.544,1.839],[-76.5335,1.829],[-76.5245,1.825],[-76.5135,1.8335],[-76.4985,1.8255],[-76.489,1.826],[-76.475,1.8165],[-76.4675,1.814],[-76.4535,1.804],[-76.449,1.7975],[-76.4345,1.7905],[-76.421,1.756],[-76.4235,1.7465],[-76.4305,1.741],[-76.4265,1.727],[-76.42,1.7185],[-76.4145,1.7175],[-76.408,1.73],[-76.3825,1.747],[-76.372,1.7425],[-76.37,1.7325],[-76.375,1.7155],[-76.3775,1.7005],[-76.376,1.6855],[-76.3815,1.667],[-76.375,1.6635],[-76.3635,1.67],[-76.347,1.662],[-76.3415,1.6645],[-76.325,1.6635],[-76.317,1.6835],[-76.3015,1.69],[-76.287,1.6855],[-76.2815,1.6765],[-76.2725,1.6745],[-76.2645,1.677],[-76.253,1.674],[-76.2455,1.6825],[-76.228,1.662],[-76.225,1.655],[-76.2115,1.6405],[-76.215,1.6355],[-76.2085,1.626],[-76.21,1.6005],[-76.2005,1.592],[-76.2025,1.5785],[-76.1915,1.572],[-76.1835,1.5735],[-76.1695,1.588],[-76.1515,1.5825],[-76.144,1.575],[-76.1375,1.5745],[-76.1245,1.566],[-76.1205,1.5525],[-76.092,1.567],[-76.0855,1.578],[-76.0745,1.585],[-76.065,1.5855],[-76.055,1.5805],[-76.046,1.5845],[-76.0345,1.583],[-76.0235,1.591],[-76.011,1.6095],[-76.0055,1.615],[-75.9955,1.6145],[-75.983,1.622],[-75.978,1.647],[-75.98,1.6575],[-75.9725,1.661],[-75.9635,1.659],[-75.9545,1.6625],[-75.9525,1.6695],[-75.945,1.6735],[-75.9335,1.693],[-75.9265,1.695],[-75.9205,1.704],[-75.9035,1.717],[-75.8915,1.717],[-75.8855,1.714],[-75.8735,1.714],[-75.8535,1.7255],[-75.8475,1.722],[-75.8415,1.7285],[-75.8375,1.74],[-75.8305,1.7475],[-75.8165,1.7535],[-75.7995,1.75],[-75.7865,1.763],[-75.7795,1.761],[-75.763,1.7685],[-75.757,1.7765],[-75.7445,1.7785],[-75.7345,1.7865],[-75.7315,1.8],[-75.7335,1.8085],[-75.7315,1.8215],[-75.7255,1.8295],[-75.708,1.8395],[-75.7035,1.8505],[-75.7025,1.863],[-75.6895,1.8795],[-75.666,1.891],[-75.6585,1.8925],[-75.6435,1.9135],[-75.641,1.926],[-75.647,1.9375],[-75.6415,1.9495],[-75.641,1.958],[-75.6305,1.966],[-75.616,1.988],[-75.6165,1.997],[-75.588,2.011],[-75.5895,2.0215],[-75.5795,2.0375],[-75.5695,2.0425],[-75.5715,2.0495],[-75.5555,2.0695],[-75.5515,2.083],[-75.5405,2.0905],[-75.5405,2.104],[-75.535,2.1175],[-75.525,2.123],[-75.5015,2.123],[-75.488,2.1345],[-75.4765,2.1355],[-75.4685,2.142],[-75.453,2.146],[-75.445,2.144],[-75.436,2.1675],[-75.428,2.1795],[-75.4275,2.1975],[-75.436,2.201],[-75.4395,2.2105],[-75.4395,2.2205],[-75.431,2.234],[-75.4185,2.2385],[-75.4105,2.2455],[-75.4135,2.2505],[-75.3965,2.2875],[-75.3905,2.2935],[-75.3945,2.3025],[-75.3865,2.3145],[-75.3655,2.3265],[-75.357,2.32],[-75.348,2.324],[-75.343,2.332],[-75.333,2.3595],[-75.3285,2.366],[-75.3155,2.359],[-75.31,2.3615],[-75.301,2.3795],[-75.2925,2.384],[-75.2865,2.3965],[-75.287,2.4095],[-75.277,2.4245],[-75.268,2.4305],[-75.2595,2.441],[-75.2505,2.4445],[-75.2535,2.453],[-75.237,2.472],[-75.231,2.481],[-75.2255,2.5025],[-75.2275,2.5115],[-75.207,2.5085],[-75.1945,2.512],[-75.181,2.507],[-75.1725,2.524],[-75.182,2.529],[-75.171,2.546],[-75.1695,2.5515],[-75.1575,2.5635],[-75.1535,2.582],[-75.1325,2.596],[-75.134,2.605],[-75.1495,2.621],[-75.15,2.6335],[-75.1555,2.646],[-75.154,2.656],[-75.1415,2.667],[-75.133,2.6935],[-75.1495,2.7005],[-75.154,2.7075],[-75.147,2.7225],[-75.14,2.726],[-75.1205,2.7295],[-75.114,2.725],[-75.1075,2.732],[-75.096,2.7375],[-75.089,2.73],[-75.077,2.7435],[-75.0695,2.745],[-75.055,2.7645],[-75.0425,2.777],[-75.036,2.7885],[-75.0265,2.793],[-75.021,2.8035],[-75.0215,2.8125],[-74.9915,2.851],[-74.989,2.858],[-74.9755,2.863],[-74.9715,2.87],[-74.9545,2.886],[-74.9335,2.9095],[-74.911,2.9315],[-74.9025,2.9515],[-74.9045,2.9585],[-74.8965,2.966],[-74.8855,2.965],[-74.883,2.9715],[-74.874,2.9695],[-74.869,2.9735],[-74.868,2.9835],[-74.8625,2.994],[-74.853,2.993],[-74.8475,2.9985],[-74.841,3.012],[-74.82,3.0475],[-74.815,3.0535],[-74.792,3.056],[-74.788,3.0605],[-74.7905,3.0735],[-74.78,3.082],[-74.7655,3.0975],[-74.7645,3.105],[-74.751,3.108],[-74.749,3.1225],[-74.727,3.138],[-74.7225,3.1575],[-74.7115,3.1705],[-74.6965,3.173],[-74.682,3.1835],[-74.6735,3.1865],[-74.6675,3.2045],[-74.6685,3.218],[-74.6665,3.23],[-74.658,3.2405],[-74.6565,3.2475],[-74.6495,3.256],[-74.6355,3.2785],[-74.6165,3.288],[-74.626,3.3],[-74.6165,3.321],[-74.618,3.3305],[-74.627,3.345],[-74.627,3.351],[-74.6395,3.3685],[-74.624,3.3765],[-74.624,3.393],[-74.609,3.406],[-74.606,3.415],[-74.6135,3.419],[-74.618,3.432],[-74.6125,3.4435],[-74.6165,3.4605],[-74.6305,3.4685],[-74.621,3.4855],[-74.615,3.491],[-74.604,3.5075],[-74.603,3.514],[-74.592,3.5225],[-74.5635,3.526],[-74.5505,3.5465],[-74.5375,3.56],[-74.5245,3.5805],[-74.5275,3.5885],[-74.5235,3.5975],[-74.5155,3.6],[-74.5125,3.6215],[-74.508,3.6375],[-74.502,3.647],[-74.49,3.656],[-74.481,3.668],[-74.4745,3.663],[-74.461,3.667],[-74.4545,3.687],[-74.444,3.693],[-74.438,3.7],[-74.4375,3.7085],[-74.4245,3.7085],[-74.4185,3.722],[-74.416,3.741],[-74.4245,3.7415],[-74.4395,3.7305]]]},"properties":{"divipola_dep":"41","divipola_dep_n":41,"dpto_nombre":"HUILA","area_km2":18137.1197}},
{"type":"Feature","geometry":{"type":"Polygon","coordinates":[[[-72.901,10.436],[-72.892,10.4455],[-72.8915,10.4515],[-72.867,10.4605],[-72.86,10.467],[-72.8535,10.4805],[-72.8445,10.486],[-72.8425,10.4985],[-72.8345,10.5185],[-72.8385,10.5305],[-72.837,10.5385],[-72.824,10.552],[-72.823,10.565],[-72.82,10.57],[-72.793,10.5885],[-72.7895,10.604],[-72.781,10.613],[-72.7515,10.6325],[-72.749,10.652],[-72.7385,10.6545],[-72.7395,10.6705],[-72.735,10.6755],[-72.7295,10.697],[-72.716,10.7075],[-72.7195,10.72],[-72.7145,10.7345],[-72.7115,10.752],[-72.705,10.7585],[-72.689,10.757],[-72.68,10.764],[-72.6825,10.7705],[-72.6785,10.784],[-72.6825,10.7945],[-72.6765,10.804],[-72.674,10.8215],[-72.6615,10.832],[-72.663,10.839],[-72.65,10.8665],[-72.6495,10.8775],[-72.638,10.885],[-72.6185,10.887],[-72.6125,10.8825],[-72.6055,10.8955],[-72.5935,10.905],[-72.58,10.911],[-72.5725,10.922],[-72.5635,10.928],[-72.5535,10.941],[-72.55,10.952],[-72.537,10.975],[-72.535,10.9875],[-72.519,11.003],[-72.526,11.012],[-72.509,11.0225],[-72.5075,11.034],[-72.4985,11.0415],[-72.485,11.0615],[-72.4915,11.0795],[-72.497,11.0865],[-72.4895,11.09],[-72.4845,11.099],[-72.4645,11.1135],[-72.46,11.114],[-72.449,11.125],[-72.4425,11.123],[-72.438,11.1155],[-72.4235,11.126],[-72.408,11.1265],[-72.3875,11.134],[-72.3735,11.1365],[-72.36,11.1425],[-72.3495,11.1515],[-72.3155,11.144],[-72.296,11.1445],[-72.272,11.1385],[-72.25,11.14],[-72.2455,11.145],[-72.144,11.332],[-72.0355,11.529],[-72.0255,11.5455],[-71.9715,11.6465],[-71.9315,11.653],[-71.8415,11.674],[-71.802,11.68],[-71.7145,11.71],[-71.648,11.7325],[-71.611,11.7465],[-71.5195,11.7705],[-71.483,11.779],[-71.457,11.7865],[-71.3785,11.812],[-71.3885,11.818],[-71.3885,11.828],[-71.377,11.831],[-71.3655,11.83],[-71.3465,11.843],[-71.3415,11.849],[-71.3325,11.8495],[-71.324,11.837],[-71.3235,11.8555],[-71.309,11.8835],[-71.303,11.887],[-71.3015,11.8985],[-71.2965,11.9095],[-71.306,11.909],[-71.3155,11.9025],[-71.3305,11.9035],[-71.327,11.921],[-71.316,11.917],[-71.3135,11.9285],[-71.3005,11.918],[-71.289,11.915],[-71.282,11.906],[-71.268,11.914],[-71.2665,11.9215],[-71.2355,11.9525],[-71.231,11.952],[-71.2205,11.963],[-71.2145,11.965],[-71.1915,11.9805],[-71.1795,11.981],[-71.175,11.9895],[-71.1535,11.9985],[-71.136,12.0025],[-71.116,12.0345],[-71.113,12.0505],[-71.117,12.068],[-71.115,12.085],[-71.125,12.105],[-71.135,12.1185],[-71.163,12.163],[-71.175,12.186],[-71.192,12.2125],[-71.202,12.2335],[-71.2195,12.2605],[-71.225,12.2725],[-71.2285,12.3005],[-71.234,12.3025],[-71.246,12.3155],[-71.258,12.321],[-71.2585,12.3255],[-71.2825,12.343],[-71.3015,12.3535],[-71.3095,12.3545],[-71.3165,12.3485],[-71.3265,12.349],[-71.3525,12.3685],[-71.356,12.3675],[-71.383,12.378],[-71.3985,12.3805],[-71.4025,12.384],[-71.4175,12.382],[-71.4285,12.386],[-71.4335,12.3805],[-71.443,12.385],[-71.452,12.3945],[-71.457,12.4045],[-71.468,12.4085],[-71.478,12.418],[-71.5105,12.4285],[-71.524,12.436],[-71.5305,12.435],[-71.5425,12.4405],[-71.557,12.435],[-71.5735,12.4425],[-71.5765,12.436],[-71.603,12.439],[-71.6105,12.437],[-71.624,12.44],[-71.6445,12.4535],[-71.664,12.4595],[-71.6705,12.4595],[-71.685,12.4535],[-71.69,12.4475],[-71.7195,12.4375],[-71.7285,12.428],[-71.735,12.4145],[-71.7345,12.4085],[-71.712,12.4175],[-71.699,12.4355],[-71.6835,12.438],[-71.702,12.421],[-71.7,12.4175],[-71.683,12.4225],[-71.6735,12.428],[-71.652,12.4335],[-71.657,12.4245],[-71.669,12.4115],[-71.6655,12.406],[-71.657,12.4115],[-71.6285,12.413],[-71.6275,12.4075],[-71.64,12.402],[-71.649,12.4065],[-71.658,12.3975],[-71.6745,12.3895],[-71.687,12.391],[-71.7,12.3815],[-71.69,12.3775],[-71.6865,12.3715],[-71.692,12.365],[-71.703,12.3765],[-71.707,12.373],[-71.7245,12.377],[-71.7255,12.387],[-71.7125,12.394],[-71.718,12.412],[-71.728,12.41],[-71.7345,12.394],[-71.7565,12.38],[-71.742,12.377],[-71.7375,12.3705],[-71.7375,12.359],[-71.7435,12.3455],[-71.753,12.3355],[-71.7645,12.3295],[-71.7865,12.331],[-71.7935,12.3285],[-71.799,12.3185],[-71.799,12.308],[-71.8055,12.305],[-71.8215,12.311],[-71.8305,12.32],[-71.8395,12.339],[-71.8265,12.354],[-71.814,12.3595],[-71.807,12.366],[-71.813,12.3725],[-71.8225,12.3715],[-71.827,12.3615],[-71.8445,12.351],[-71.86,12.356],[-71.875,12.3395],[-71.901,12.3145],[-71.928,12.2975],[-71.9415,12.281],[-71.951,12.2765],[-71.9445,12.2665],[-71.94,12.276],[-71.9215,12.274],[-71.9,12.278],[-71.888,12.2715],[-71.8915,12.2625],[-71.8905,12.252],[-71.877,12.252],[-71.874,12.244],[-71.878,12.232],[-71.8715,12.227],[-71.8605,12.2105],[-71.8715,12.1905],[-71.897,12.195],[-71.9005,12.1895],[-71.91,12.188],[-71.9215,12.181],[-71.9185,12.1685],[-71.9275,12.1585],[-71.9475,12.152],[-71.964,12.151],[-71.9645,12.1645],[-71.979,12.15],[-71.986,12.154],[-71.979,12.1725],[-71.988,12.1835],[-71.995,12.1865],[-71.996,12.197],[-71.988,12.1985],[-71.9885,12.21],[-71.9695,12.22],[-71.965,12.2275],[-71.957,12.2485],[-71.9645,12.2565],[-71.971,12.2565],[-71.9855,12.2505],[-72.011,12.243],[-72.031,12.243],[-72.053,12.237],[-72.075,12.2335],[-72.1125,12.2345],[-72.129,12.239],[-72.143,12.2395],[-72.144,12.234],[-72.155,12.232],[-72.165,12.221],[-72.177,12.217],[-72.1805,12.2075],[-72.152,12.205],[-72.1485,12.1995],[-72.142,12.1575],[-72.144,12.1485],[-72.141,12.139],[-72.142,12.1205],[-72.139,12.1045],[-72.1445,12.088],[-72.151,12.0765],[-72.1635,12.0445],[-72.178,12.0195],[-72.185,11.996],[-72.1995,11.9775],[-72.208,11.9465],[-72.2145,11.9305],[-72.225,11.9135],[-72.241,11.896],[-72.2375,11.8855],[-72.2435,11.879],[-72.2495,11.883],[-72.2465,11.8915],[-72.269,11.8785],[-72.294,11.859],[-72.323,11.847],[-72.3265,11.8425],[-72.3385,11.839],[-72.3445,11.8315],[-72.381,11.8185],[-72.384,11.8135],[-72.4125,11.7925],[-72.4395,11.7855],[-72.4435,11.7805],[-72.458,11.778],[-72.4855,11.7785],[-72.498,11.7755],[-72.515,11.777],[-72.532,11.7695],[-72.547,11.7545],[-72.5585,11.7465],[-72.57,11.743],[-72.5835,11.7475],[-72.596,11.7455],[-72.6245,11.721],[-72.6445,11.717],[-72.6615,11.717],[-72.695,11.703],[-72.723,11.7],[-72.7285,11.6955],[-72.7775,11.674],[-72.788,11.6605],[-72.8045,11.647],[-72.8265,11.6355],[-72.8355,11.627],[-72.8465,11.609],[-72.86,11.5965],[-72.87,11.585],[-72.8795,11.567],[-72.884,11.563],[-72.909,11.5545],[-72.939,11.5375],[-72.9475,11.534],[-72.965,11.5215],[-72.992,11.513],[-73.0245,11.495],[-73.0485,11.474],[-73.059,11.461],[-73.0935,11.4265],[-73.118,11.414],[-73.143,11.4075],[-73.1585,11.386],[-73.189,11.366],[-73.1915,11.3525],[-73.1955,11.345],[-73.2195,11.326],[-73.252,11.308],[-73.2525,11.303],[-73.2755,11.2865],[-73.3015,11.277],[-73.3385,11.2695],[-73.3475,11.264],[-73.3625,11.262],[-73.3965,11.262],[-73.4175,11.2625],[-73.4245,11.259],[-73.4445,11.2575],[-73.482,11.263],[-73.4895,11.26],[-73.5065,11.2585],[-73.5155,11.2535],[-73.5265,11.2545],[-73.532,11.251],[-73.575,11.2595],[-73.5655,11.2555],[-73.568,11.249],[-73.568,11.2325],[-73.582,11.2165],[-73.583,11.192],[-73.5875,11.1915],[-73.5915,11.178],[-73.5975,11.18],[-73.612,11.1695],[-73.6195,11.16],[-73.6185,11.151],[-73.6315,11.1465],[-73.6445,11.138],[-73.6535,11.1375],[-73.652,11.1275],[-73.642,11.1205],[-73.6375,11.109],[-73.6485,11.097],[-73.6475,11.0805],[-73.6415,11.0765],[-73.649,11.06],[-73.641,11.054],[-73.6365,11.0405],[-73.6535,11.0285],[-73.6485,11.0155],[-73.658,11.0055],[-73.665,10.9895],[-73.6615,10.981],[-73.6485,10.9735],[-73.642,10.9635],[-73.644,10.9565],[-73.6375,10.946],[-73.6405,10.929],[-73.6355,10.9155],[-73.6335,10.9005],[-73.625,10.888],[-73.6155,10.8825],[-73.611,10.8605],[-73.5985,10.836],[-73.5845,10.842],[-73.574,10.842],[-73.5655,10.8465],[-73.5385,10.8455],[-73.52,10.8475],[-73.5005,10.8595],[-73.4945,10.8575],[-73.4795,10.867],[-73.4485,10.867],[-73.4425,10.8655],[-73.416,10.8675],[-73.4,10.8655],[-73.393,10.8675],[-73.3845,10.86],[-73.3735,10.858],[-73.365,10.8605],[-73.3445,10.8605],[-73.3375,10.8625],[-73.325,10.858],[-73.3125,10.846],[-73.3055,10.849],[-73.291,10.862],[-73.278,10.849],[-73.2645,10.843],[-73.264,10.8305],[-73.2555,10.827],[-73.2515,10.8045],[-73.258,10.787],[-73.2525,10.7705],[-73.2635,10.7575],[-73.274,10.7365],[-73.2645,10.732],[-73.2485,10.7315],[-73.237,10.7405],[-73.2275,10.7315],[-73.215,10.7305],[-73.2105,10.7115],[-73.196,10.7075],[-73.162,10.716],[-73.155,10.7005],[-73.139,10.6865],[-73.126,10.6815],[-73.107,10.6775],[-73.0965,10.6595],[-73.0985,10.651],[-73.092,10.6465],[-73.0825,10.6265],[-73.0865,10.6235],[-73.0865,10.5875],[-73.093,10.577],[-73.1015,10.5705],[-73.0985,10.551],[-73.108,10.5395],[-73.1275,10.5255],[-73.1325,10.532],[-73.139,10.525],[-73.1395,10.514],[-73.1485,10.4995],[-73.175,10.4805],[-73.1805,10.4615],[-73.1675,10.461],[-73.1555,10.452],[-73.142,10.435],[-73.145,10.4215],[-73.146,10.4],[-73.1425,10.397],[-73.1275,10.399],[-73.1095,10.4125],[-73.088,10.425],[-73.0715,10.424],[-73.065,10.4175],[-73.054,10.415],[-73.038,10.404],[-73.0295,10.409],[-73.014,10.4115],[-73.011,10.405],[-72.9995,10.4045],[-72.9865,10.4005],[-72.9745,10.405],[-72.973,10.4095],[-72.9575,10.413],[-72.941,10.427],[-72.9265,10.432],[-72.901,10.436]]]},"properties":{"divipola_dep":"44","divipola_dep_n":44,"dpto_nombre":"LA GUAJIRA","area_km2":20572.5198}},
{"type":"Feature","geometry":{"type":"Polygon","coordinates":[[[-74.911,10.254],[-74.918,10.231],[-74.925,10.224],[-74.932,10.198],[-74.9315,10.184],[-74.9385,10.1615],[-74.944,10.1515],[-74.9465,10.139],[-74.9435,10.1245],[-74.9365,10.114],[-74.9265,10.108],[-74.9145,10.1065],[-74.896,10.107],[-74.875,10.0965],[-74.8595,10.091],[-74.8395,10.0785],[-74.8265,10.062],[-74.8165,10.0405],[-74.794,10.02],[-74.7875,10.008],[-74.7995,9.99],[-74.8135,9.977],[-74.8205,9.9675],[-74.838,9.958],[-74.8455,9.958],[-74.858,9.95],[-74.8655,9.94],[-74.8735,9.9355],[-74.8705,9.9135],[-74.8715,9.902],[-74.8805,9.887],[-74.8825,9.873],[-74.873,9.8485],[-74.8645,9.8455],[-74.8555,9.8275],[-74.815,9.7845],[-74.805,9.761],[-74.8155,9.734],[-74.7995,9.7095],[-74.7885,9.699],[-74.7925,9.6865],[-74.802,9.6835],[-74.806,9.6755],[-74.8035,9.6675],[-74.7855,9.646],[-74.777,9.626],[-74.772,9.6045],[-74.7745,9.5835],[-74.781,9.5735],[-74.7955,9.5605],[-74.8055,9.554],[-74.807,9.5455],[-74.7875,9.5265],[-74.7765,9.505],[-74.777,9.496],[-74.79,9.4785],[-74.807,9.4655],[-74.809,9.4565],[-74.801,9.442],[-74.7785,9.462],[-74.764,9.464],[-74.7555,9.461],[-74.742,9.446],[-74.7365,9.422],[-74.72,9.4175],[-74.6985,9.427],[-74.6915,9.4195],[-74.6735,9.414],[-74.6645,9.3915],[-74.6525,9.3825],[-74.6295,9.379],[-74.621,9.3745],[-74.6135,9.361],[-74.616,9.342],[-74.5925,9.3235],[-74.575,9.3195],[-74.564,9.311],[-74.5615,9.294],[-74.549,9.277],[-74.5335,9.261],[-74.5305,9.2465],[-74.514,9.234],[-74.5085,9.235],[-74.487,9.2505],[-74.472,9.267],[-74.464,9.2715],[-74.448,9.269],[-74.4395,9.274],[-74.431,9.271],[-74.432,9.2625],[-74.4225,9.2405],[-74.403,9.2135],[-74.3935,9.2145],[-74.36,9.2315],[-74.349,9.2335],[-74.342,9.2305],[-74.328,9.2195],[-74.2955,9.202],[-74.291,9.1915],[-74.2995,9.1705],[-74.296,9.159],[-74.284,9.1575],[-74.2665,9.1695],[-74.2485,9.1645],[-74.236,9.148],[-74.2195,9.135],[-74.2265,9.131],[-74.2285,9.124],[-74.2145,9.1205],[-74.2025,9.102],[-74.189,9.094],[-74.1765,9.089],[-74.178,9.078],[-74.157,9.07],[-74.1575,9.0575],[-74.151,9.0565],[-74.1365,9.064],[-74.128,9.0535],[-74.118,9.0485],[-74.1235,9.043],[-74.137,9.043],[-74.141,9.031],[-74.1315,9.0275],[-74.1245,9.03],[-74.119,9.04],[-74.1125,9.041],[-74.1045,9.022],[-74.0985,9.016],[-74.0885,9.017],[-74.083,9.0235],[-74.0745,9.026],[-74.0585,9.0185],[-74.0475,9.023],[-74.043,9.0405],[-74.0345,9.0365],[-74.0285,9.027],[-74.019,9.0255],[-74.012,9.0315],[-74.004,9.0305],[-73.99,9.0085],[-74.001,9.0105],[-74.005,9.0025],[-74.002,8.9955],[-73.9895,8.9955],[-73.9775,8.984],[-73.967,8.9945],[-73.9575,8.996],[-73.9375,8.9845],[-73.915,8.9775],[-73.9005,8.981],[-73.894,8.978],[-73.883,8.966],[-73.871,8.9615],[-73.8655,8.9475],[-73.8675,8.9365],[-73.863,8.9465],[-73.85,8.956],[-73.8505,8.9645],[-73.8415,8.966],[-73.8325,8.9785],[-73.8305,8.997],[-73.826,9.0005],[-73.826,9.0225],[-73.8135,9.026],[-73.81,9.044],[-73.798,9.0495],[-73.798,9.0585],[-73.809,9.0705],[-73.864,9.112],[-73.8755,9.1305],[-73.8755,9.145],[-73.864,9.163],[-73.864,9.1805],[-73.879,9.186],[-73.8915,9.1735],[-73.909,9.178],[-73.962,9.1875],[-73.956,9.196],[-73.964,9.2065],[-73.965,9.2215],[-73.9515,9.2335],[-73.9485,9.2435],[-73.951,9.2565],[-73.9445,9.2645],[-73.946,9.281],[-73.943,9.2895],[-73.9575,9.3035],[-73.975,9.304],[-73.989,9.3165],[-73.992,9.326],[-73.988,9.3315],[-73.9895,9.3515],[-73.9845,9.365],[-73.983,9.3905],[-73.9945,9.3985],[-74,9.395],[-74.0235,9.418],[-74.034,9.424],[-74.044,9.422],[-74.0585,9.4325],[-74.074,9.4535],[-74.0915,9.4655],[-74.0975,9.4765],[-74.1215,9.4805],[-74.132,9.4865],[-74.137,9.4965],[-74.1195,9.504],[-74.1115,9.517],[-74.1005,9.522],[-74.0975,9.5325],[-74.08,9.5485],[-74.0775,9.556],[-74.064,9.5685],[-74.0555,9.567],[-74.0365,9.5915],[-74.014,9.592],[-74.0025,9.595],[-73.9945,9.5905],[-73.997,9.583],[-73.9895,9.58],[-73.9845,9.5865],[-73.955,9.5895],[-73.939,9.5985],[-73.927,9.5995],[-73.916,9.6055],[-73.91,9.6015],[-73.8935,9.6165],[-73.882,9.6135],[-73.883,9.6075],[-73.876,9.5995],[-73.868,9.601],[-73.8035,9.6365],[-73.8105,9.6615],[-73.8095,9.6895],[-73.815,9.704],[-73.8245,9.71],[-73.836,9.7275],[-73.8375,9.7375],[-73.8275,9.753],[-73.837,9.776],[-73.842,9.7975],[-73.851,9.7995],[-73.8535,9.8055],[-73.8785,9.817],[-73.887,9.8335],[-73.898,9.838],[-73.8985,9.8445],[-73.9075,9.862],[-73.916,9.8715],[-73.927,9.8925],[-73.9415,9.9095],[-73.951,9.9155],[-73.9515,9.9245],[-73.959,9.9315],[-73.9725,9.9345],[-73.9925,9.936],[-74.002,9.9465],[-74.0115,9.976],[-74.023,9.981],[-74.031,9.991],[-74.037,10.0065],[-74.0545,10.016],[-74.062,10.042],[-74.0675,10.0455],[-74.084,10.07],[-74.084,10.074],[-74.069,10.095],[-74.067,10.105],[-74.073,10.1165],[-74.073,10.1245],[-74.063,10.129],[-74.061,10.1495],[-74.0655,10.167],[-74.0515,10.1845],[-74.047,10.1955],[-74.041,10.198],[-74.0375,10.2135],[-74.0425,10.2165],[-74.031,10.2275],[-74.0255,10.2275],[-74.008,10.2415],[-74.0125,10.2515],[-73.9995,10.2665],[-73.9765,10.278],[-73.965,10.288],[-73.958,10.3095],[-73.961,10.3205],[-73.9555,10.3255],[-73.9615,10.336],[-73.954,10.339],[-73.945,10.3515],[-73.932,10.3565],[-73.9325,10.3645],[-73.923,10.3705],[-73.9175,10.378],[-73.906,10.3835],[-73.9,10.3815],[-73.893,10.391],[-73.885,10.388],[-73.873,10.389],[-73.8675,10.3945],[-73.8585,10.388],[-73.8415,10.4005],[-73.8305,10.4025],[-73.817,10.388],[-73.807,10.396],[-73.7995,10.3925],[-73.79,10.397],[-73.7795,10.396],[-73.765,10.4115],[-73.7555,10.4155],[-73.7415,10.435],[-73.7315,10.4355],[-73.7035,10.432],[-73.7045,10.443],[-73.6995,10.4515],[-73.7035,10.4635],[-73.6905,10.4655],[-73.6825,10.461],[-73.6595,10.4555],[-73.6455,10.4675],[-73.6525,10.4775],[-73.645,10.485],[-73.648,10.4915],[-73.64,10.501],[-73.632,10.495],[-73.6155,10.501],[-73.607,10.5005],[-73.592,10.4955],[-73.5845,10.502],[-73.5745,10.499],[-73.563,10.504],[-73.5605,10.5095],[-73.5665,10.5165],[-73.5655,10.5305],[-73.572,10.543],[-73.5885,10.548],[-73.596,10.5535],[-73.598,10.5625],[-73.6085,10.5645],[-73.5995,10.576],[-73.594,10.6005],[-73.5995,10.608],[-73.6005,10.6185],[-73.5955,10.6335],[-73.5985,10.6395],[-73.617,10.6445],[-73.6125,10.654],[-73.6115,10.6725],[-73.603,10.675],[-73.5965,10.686],[-73.594,10.7055],[-73.563,10.716],[-73.5645,10.726],[-73.559,10.731],[-73.5625,10.741],[-73.5505,10.75],[-73.548,10.7585],[-73.562,10.76],[-73.568,10.766],[-73.5795,10.77],[-73.5885,10.7815],[-73.6045,10.784],[-73.6085,10.788],[-73.619,10.7865],[-73.6385,10.7885],[-73.634,10.7975],[-73.635,10.808],[-73.6205,10.8225],[-73.5985,10.836],[-73.611,10.8605],[-73.6155,10.8825],[-73.625,10.888],[-73.6335,10.9005],[-73.6355,10.9155],[-73.6405,10.929],[-73.6375,10.946],[-73.644,10.9565],[-73.642,10.9635],[-73.6485,10.9735],[-73.6615,10.981],[-73.665,10.9895],[-73.658,11.0055],[-73.6485,11.0155],[-73.6535,11.0285],[-73.6365,11.0405],[-73.641,11.054],[-73.649,11.06],[-73.6415,11.0765],[-73.6475,11.0805],[-73.6485,11.097],[-73.6375,11.109],[-73.642,11.1205],[-73.652,11.1275],[-73.6535,11.1375],[-73.6445,11.138],[-73.6315,11.1465],[-73.6185,11.151],[-73.6195,11.16],[-73.612,11.1695],[-73.5975,11.18],[-73.5915,11.178],[-73.5875,11.1915],[-73.583,11.192],[-73.582,11.2165],[-73.568,11.2325],[-73.568,11.249],[-73.5655,11.2555],[-73.575,11.2595],[-73.5925,11.263],[-73.613,11.2585],[-73.6255,11.2585],[-73.649,11.2555],[-73.6605,11.252],[-73.7,11.261],[-73.715,11.254],[-73.7595,11.265],[-73.772,11.262],[-73.7765,11.2575],[-73.7905,11.2565],[-73.8295,11.2665],[-73.8485,11.273],[-73.857,11.274],[-73.8735,11.282],[-73.8915,11.297],[-73.908,11.3015],[-73.9515,11.317],[-73.9675,11.3315],[-73.9795,11.34],[-73.988,11.3375],[-73.9935,11.341],[-74.026,11.346],[-74.0365,11.3395],[-74.0415,11.348],[-74.0495,11.3465],[-74.0575,11.328],[-74.065,11.3415],[-74.075,11.342],[-74.0805,11.333],[-74.0775,11.3175],[-74.1,11.3225],[-74.098,11.334],[-74.111,11.3455],[-74.104,11.3235],[-74.1165,11.3245],[-74.117,11.331],[-74.1265,11.334],[-74.1285,11.3185],[-74.1385,11.3325],[-74.146,11.3355],[-74.151,11.3265],[-74.1565,11.3245],[-74.1525,11.296],[-74.167,11.3055],[-74.1765,11.306],[-74.1855,11.2985],[-74.1985,11.28],[-74.197,11.2715],[-74.191,11.2655],[-74.21,11.2555],[-74.218,11.2385],[-74.2245,11.23],[-74.2375,11.222],[-74.228,11.203],[-74.2315,11.1925],[-74.2395,11.1815],[-74.231,11.167],[-74.2265,11.149],[-74.227,11.1405],[-74.2335,11.1175],[-74.2215,11.099],[-74.2145,11.0755],[-74.218,11.0655],[-74.23,11.049],[-74.242,11.0365],[-74.245,11.0245],[-74.2635,11.0075],[-74.303,10.9855],[-74.3195,10.981],[-74.356,10.9755],[-74.421,10.975],[-74.446,10.976],[-74.474,10.979],[-74.514,10.9865],[-74.544,10.9935],[-74.5985,11.0085],[-74.685,11.04],[-74.725,11.0565],[-74.773,11.078],[-74.7925,11.084],[-74.8065,11.086],[-74.832,11.099],[-74.8365,11.098],[-74.852,11.1055],[-74.8485,11.093],[-74.846,11.0755],[-74.838,11.0575],[-74.827,11.0465],[-74.803,11.033],[-74.785,11.018],[-74.771,11.005],[-74.7635,10.995],[-74.756,10.9705],[-74.7565,10.9415],[-74.754,10.936],[-74.7355,10.9205],[-74.7185,10.9095],[-74.7315,10.8965],[-74.7365,10.8885],[-74.7375,10.8605],[-74.7415,10.846],[-74.7375,10.8075],[-74.734,10.7945],[-74.7275,10.781],[-74.7255,10.7675],[-74.7275,10.7605],[-74.726,10.736],[-74.725,10.6885],[-74.7235,10.667],[-74.7435,10.6545],[-74.747,10.6465],[-74.74,10.6345],[-74.73,10.6295],[-74.725,10.6195],[-74.725,10.6035],[-74.734,10.5925],[-74.7385,10.58],[-74.736,10.5505],[-74.7445,10.538],[-74.767,10.528],[-74.7825,10.5155],[-74.7985,10.496],[-74.81,10.4755],[-74.812,10.442],[-74.818,10.425],[-74.827,10.411],[-74.836,10.4105],[-74.8475,10.403],[-74.858,10.393],[-74.8645,10.379],[-74.8655,10.371],[-74.861,10.354],[-74.88,10.3185],[-74.8955,10.2955],[-74.903,10.275],[-74.908,10.254],[-74.911,10.254]]]},"properties":{"divipola_dep":"47","divipola_dep_n":47,"dpto_nombre":"MAGDALENA","area_km2":23109.6572}},
{"type":"Feature","geometry":{"type":"Polygon","coordinates":[[[-74.416,3.741],[-74.4185,3.722],[-74.4245,3.7085],[-74.4375,3.7085],[-74.438,3.7],[-74.444,3.693],[-74.4545,3.687],[-74.461,3.667],[-74.4745,3.663],[-74.481,3.668],[-74.49,3.656],[-74.502,3.647],[-74.508,3.6375],[-74.5125,3.6215],[-74.5155,3.6],[-74.5235,3.5975],[-74.5275,3.5885],[-74.5245,3.5805],[-74.5375,3.56],[-74.5505,3.5465],[-74.5635,3.526],[-74.592,3.5225],[-74.603,3.514],[-74.604,3.5075],[-74.615,3.491],[-74.621,3.4855],[-74.6305,3.4685],[-74.6165,3.4605],[-74.6125,3.4435],[-74.618,3.432],[-74.6135,3.419],[-74.606,3.415],[-74.609,3.406],[-74.624,3.393],[-74.624,3.3765],[-74.6395,3.3685],[-74.627,3.351],[-74.627,3.345],[-74.618,3.3305],[-74.6165,3.321],[-74.626,3.3],[-74.6165,3.288],[-74.6355,3.2785],[-74.6495,3.256],[-74.6565,3.2475],[-74.658,3.2405],[-74.6665,3.23],[-74.6685,3.218],[-74.6675,3.2045],[-74.6735,3.1865],[-74.682,3.1835],[-74.6965,3.173],[-74.7115,3.1705],[-74.7225,3.1575],[-74.727,3.138],[-74.749,3.1225],[-74.751,3.108],[-74.7645,3.105],[-74.7655,3.0975],[-74.78,3.082],[-74.7905,3.0735],[-74.788,3.0605],[-74.792,3.056],[-74.815,3.0535],[-74.82,3.0475],[-74.841,3.012],[-74.8475,2.9985],[-74.853,2.993],[-74.8625,2.994],[-74.868,2.9835],[-74.869,2.9735],[-74.874,2.9695],[-74.883,2.9715],[-74.8855,2.965],[-74.8965,2.966],[-74.9045,2.9585],[-74.9025,2.9515],[-74.911,2.9315],[-74.9335,2.9095],[-74.9205,2.9035],[-74.918,2.8915],[-74.9105,2.8835],[-74.9,2.8925],[-74.894,2.905],[-74.871,2.9165],[-74.8455,2.9165],[-74.837,2.9085],[-74.8315,2.9175],[-74.8175,2.924],[-74.799,2.938],[-74.789,2.926],[-74.794,2.915],[-74.79,2.9075],[-74.7825,2.9055],[-74.7785,2.886],[-74.7695,2.873],[-74.7615,2.8725],[-74.725,2.8835],[-74.7085,2.8905],[-74.692,2.8935],[-74.6735,2.8885],[-74.673,2.8765],[-74.6665,2.8705],[-74.6615,2.842],[-74.6715,2.8315],[-74.666,2.824],[-74.6665,2.805],[-74.658,2.804],[-74.653,2.7825],[-74.6445,2.7715],[-74.6435,2.756],[-74.627,2.756],[-74.6175,2.7535],[-74.63,2.734],[-74.627,2.7215],[-74.638,2.7085],[-74.6375,2.701],[-74.6235,2.7],[-74.614,2.6945],[-74.616,2.6835],[-74.6065,2.683],[-74.59,2.6735],[-74.586,2.6655],[-74.593,2.6565],[-74.6,2.6365],[-74.609,2.6335],[-74.612,2.6235],[-74.6215,2.6265],[-74.625,2.6185],[-74.6415,2.609],[-74.649,2.5975],[-74.646,2.59],[-74.654,2.5805],[-74.6625,2.577],[-74.6785,2.5595],[-74.6815,2.5585],[-74.6755,2.539],[-74.679,2.533],[-74.6735,2.5195],[-74.657,2.5125],[-74.6475,2.4935],[-74.663,2.4885],[-74.6615,2.4755],[-74.6685,2.4515],[-74.673,2.4465],[-74.673,2.425],[-74.685,2.425],[-74.693,2.42],[-74.7045,2.3935],[-74.7065,2.3815],[-74.719,2.36],[-74.727,2.359],[-74.733,2.3485],[-74.7405,2.3265],[-74.741,2.313],[-74.7485,2.2825],[-74.7485,2.274],[-74.7415,2.272],[-74.73,2.28],[-74.729,2.269],[-74.7215,2.265],[-74.716,2.269],[-74.709,2.284],[-74.698,2.285],[-74.7,2.2705],[-74.6935,2.2705],[-74.684,2.26],[-74.666,2.2515],[-74.659,2.252],[-74.651,2.2415],[-74.651,2.2275],[-74.66,2.2265],[-74.6625,2.2115],[-74.6525,2.208],[-74.644,2.211],[-74.6425,2.2025],[-74.634,2.1955],[-74.616,2.1995],[-74.6075,2.208],[-74.5915,2.2015],[-74.589,2.1925],[-74.5915,2.1795],[-74.589,2.1715],[-74.592,2.164],[-74.6015,2.1635],[-74.604,2.158],[-74.5935,2.1435],[-74.5935,2.1345],[-74.5865,2.133],[-74.579,2.124],[-74.5595,2.1265],[-74.553,2.124],[-74.546,2.129],[-74.543,2.115],[-74.5385,2.11],[-74.53,2.113],[-74.5215,2.122],[-74.5115,2.1215],[-74.5095,2.1315],[-74.491,2.1365],[-74.4905,2.1475],[-74.4835,2.1475],[-74.4815,2.1295],[-74.4775,2.121],[-74.484,2.11],[-74.4815,2.104],[-74.4685,2.094],[-74.459,2.092],[-74.4315,2.091],[-74.429,2.083],[-74.4175,2.0785],[-74.401,2.0845],[-74.384,2.081],[-74.3665,2.0605],[-74.3455,2.06],[-74.319,2.062],[-74.305,2.0595],[-74.253,2.0585],[-74.236,2.0545],[-74.2315,2.0495],[-74.228,2.0275],[-74.2235,2.019],[-74.204,1.9955],[-74.1925,1.9875],[-74.182,1.986],[-74.173,1.98],[-74.1645,1.9835],[-74.1535,1.9795],[-74.1435,1.993],[-74.125,1.993],[-74.1215,1.987],[-74.108,1.9815],[-74.105,1.9725],[-74.0925,1.9775],[-74.066,1.979],[-74.054,1.9715],[-74.04,1.971],[-73.8535,1.799],[-73.758,1.711],[-73.6565,1.6175],[-73.657,1.862],[-73.657,2.0355],[-73.657,2.182],[-73.657,2.2945],[-73.646,2.2845],[-73.6335,2.2885],[-73.629,2.2995],[-73.6325,2.304],[-73.6355,2.3215],[-73.6305,2.331],[-73.6185,2.333],[-73.614,2.341],[-73.6185,2.3465],[-73.6315,2.3535],[-73.632,2.363],[-73.6185,2.3765],[-73.599,2.3805],[-73.589,2.39],[-73.5845,2.3875],[-73.5825,2.376],[-73.588,2.366],[-73.5835,2.3575],[-73.574,2.355],[-73.564,2.36],[-73.5585,2.3685],[-73.5415,2.376],[-73.534,2.386],[-73.524,2.3835],[-73.5225,2.368],[-73.514,2.3495],[-73.5185,2.337],[-73.5065,2.335],[-73.5085,2.3495],[-73.499,2.3585],[-73.4855,2.357],[-73.474,2.362],[-73.463,2.353],[-73.459,2.338],[-73.447,2.344],[-73.447,2.3535],[-73.4555,2.379],[-73.4525,2.3845],[-73.4385,2.383],[-73.4315,2.363],[-73.4335,2.35],[-73.441,2.3345],[-73.435,2.3255],[-73.424,2.33],[-73.4245,2.3465],[-73.42,2.354],[-73.4115,2.357],[-73.391,2.3515],[-73.388,2.342],[-73.3955,2.335],[-73.396,2.3285],[-73.3805,2.3245],[-73.3745,2.3295],[-73.374,2.3635],[-73.3565,2.3685],[-73.3485,2.3635],[-73.3455,2.3485],[-73.349,2.3425],[-73.3585,2.3365],[-73.356,2.324],[-73.338,2.329],[-73.33,2.344],[-73.336,2.354],[-73.325,2.361],[-73.3195,2.3585],[-73.309,2.343],[-73.299,2.336],[-73.28,2.353],[-73.2705,2.358],[-73.2555,2.3555],[-73.2475,2.348],[-73.238,2.354],[-73.2385,2.366],[-73.244,2.3735],[-73.2635,2.372],[-73.2675,2.3815],[-73.253,2.3815],[-73.2395,2.389],[-73.2245,2.39],[-73.218,2.4045],[-73.2115,2.3985],[-73.217,2.3855],[-73.2,2.3825],[-73.186,2.3885],[-73.1825,2.3965],[-73.174,2.401],[-73.164,2.396],[-73.1675,2.37],[-73.156,2.3655],[-73.142,2.3775],[-73.13,2.3765],[-73.123,2.382],[-73.1265,2.388],[-73.1405,2.395],[-73.1345,2.4075],[-73.123,2.4115],[-73.118,2.407],[-73.1135,2.3815],[-73.0965,2.393],[-73.082,2.411],[-73.074,2.415],[-73.0665,2.427],[-73.056,2.4265],[-73.043,2.438],[-73.038,2.433],[-73.035,2.413],[-73.012,2.4335],[-72.9935,2.4435],[-72.9865,2.4515],[-72.963,2.4525],[-72.9715,2.461],[-72.9705,2.4715],[-72.96,2.481],[-72.938,2.4645],[-72.93,2.469],[-72.9275,2.4755],[-72.9305,2.4915],[-72.9365,2.5025],[-72.944,2.5035],[-72.9505,2.4955],[-72.958,2.4995],[-72.956,2.5145],[-72.948,2.524],[-72.933,2.5245],[-72.9245,2.5295],[-72.919,2.54],[-72.923,2.5535],[-72.922,2.5605],[-72.911,2.567],[-72.898,2.563],[-72.8925,2.5705],[-72.8795,2.5775],[-72.868,2.5785],[-72.8485,2.597],[-72.83,2.606],[-72.8165,2.6145],[-72.803,2.614],[-72.796,2.608],[-72.789,2.589],[-72.7615,2.573],[-72.7475,2.57],[-72.736,2.571],[-72.7195,2.5845],[-72.706,2.613],[-72.6995,2.62],[-72.682,2.623],[-72.6725,2.618],[-72.667,2.6105],[-72.663,2.5885],[-72.6635,2.576],[-72.653,2.5715],[-72.643,2.581],[-72.6465,2.5965],[-72.6445,2.604],[-72.6375,2.61],[-72.6245,2.627],[-72.6065,2.623],[-72.5995,2.6145],[-72.5975,2.6015],[-72.6,2.592],[-72.5975,2.5845],[-72.583,2.5855],[-72.5805,2.592],[-72.581,2.6085],[-72.5875,2.631],[-72.5865,2.6395],[-72.5775,2.6465],[-72.5615,2.647],[-72.555,2.651],[-72.559,2.663],[-72.571,2.6665],[-72.5715,2.674],[-72.563,2.682],[-72.5485,2.679],[-72.5355,2.6855],[-72.5385,2.6985],[-72.5305,2.703],[-72.5195,2.6985],[-72.51,2.691],[-72.4855,2.686],[-72.472,2.6895],[-72.465,2.6965],[-72.464,2.717],[-72.472,2.7295],[-72.4695,2.7345],[-72.443,2.735],[-72.433,2.7395],[-72.4115,2.7255],[-72.4065,2.726],[-72.3895,2.7365],[-72.3725,2.7575],[-72.3585,2.781],[-72.348,2.7865],[-72.3355,2.7965],[-72.3165,2.7995],[-72.309,2.7975],[-72.2945,2.774],[-72.2875,2.773],[-72.273,2.7795],[-72.266,2.788],[-72.265,2.7965],[-72.2715,2.808],[-72.271,2.816],[-72.2645,2.823],[-72.2515,2.823],[-72.238,2.805],[-72.226,2.7845],[-72.215,2.7755],[-72.1985,2.7705],[-72.1895,2.775],[-72.184,2.7905],[-72.1875,2.799],[-72.2045,2.8125],[-72.208,2.8365],[-72.2045,2.859],[-72.199,2.8695],[-72.1895,2.8745],[-72.174,2.8735],[-72.1585,2.8665],[-72.142,2.8665],[-72.139,2.8835],[-72.135,2.889],[-72.127,2.8885],[-72.1125,2.8755],[-72.096,2.836],[-72.08,2.825],[-72.0595,2.8175],[-72.047,2.818],[-72.026,2.828],[-72.0075,2.83],[-71.992,2.8235],[-71.9865,2.8075],[-71.9815,2.8015],[-71.9675,2.822],[-71.953,2.832],[-71.9405,2.8335],[-71.9245,2.8285],[-71.912,2.828],[-71.8885,2.833],[-71.858,2.8425],[-71.8495,2.843],[-71.829,2.837],[-71.824,2.842],[-71.8185,2.858],[-71.821,2.8665],[-71.828,2.8725],[-71.8495,2.869],[-71.8505,2.8725],[-71.8175,2.8795],[-71.7975,2.8755],[-71.79,2.8715],[-71.784,2.858],[-71.7855,2.844],[-71.789,2.8355],[-71.789,2.822],[-71.78,2.818],[-71.769,2.831],[-71.7585,2.851],[-71.757,2.8615],[-71.7595,2.8725],[-71.766,2.882],[-71.7675,2.8925],[-71.7555,2.897],[-71.7415,2.8845],[-71.729,2.8605],[-71.702,2.8405],[-71.694,2.838],[-71.6825,2.8525],[-71.6815,2.8715],[-71.6715,2.8745],[-71.662,2.8725],[-71.658,2.861],[-71.663,2.847],[-71.6735,2.8315],[-71.6705,2.823],[-71.652,2.82],[-71.6415,2.821],[-71.6335,2.8255],[-71.6305,2.834],[-71.624,2.841],[-71.608,2.847],[-71.597,2.847],[-71.5815,2.8425],[-71.5715,2.851],[-71.5765,2.8595],[-71.5845,2.866],[-71.574,2.872],[-71.546,2.859],[-71.542,2.8605],[-71.528,2.8795],[-71.5115,2.877],[-71.4915,2.8705],[-71.488,2.862],[-71.48,2.853],[-71.4735,2.852],[-71.465,2.857],[-71.464,2.87],[-71.4685,2.894],[-71.4645,2.899],[-71.45,2.885],[-71.4355,2.8735],[-71.42,2.868],[-71.3985,2.8475],[-71.3895,2.845],[-71.383,2.8555],[-71.379,2.8725],[-71.3825,2.888],[-71.366,2.8925],[-71.358,2.8865],[-71.3565,2.8775],[-71.359,2.864],[-71.355,2.858],[-71.3465,2.859],[-71.3385,2.8705],[-71.3285,2.893],[-71.333,2.91],[-71.331,2.921],[-71.3265,2.924],[-71.3135,2.925],[-71.3035,2.9165],[-71.3,2.901],[-71.3,2.8775],[-71.2945,2.8715],[-71.278,2.868],[-71.262,2.8855],[-71.2545,2.885],[-71.2495,2.877],[-71.2495,2.8655],[-71.2405,2.8615],[-71.222,2.8655],[-71.218,2.8685],[-71.213,2.886],[-71.208,2.8905],[-71.194,2.8905],[-71.188,2.893],[-71.1835,2.905],[-71.173,2.8985],[-71.1695,2.889],[-71.1565,2.874],[-71.1515,2.872],[-71.139,2.883],[-71.141,2.9015],[-71.1355,2.903],[-71.116,2.875],[-71.103,2.8725],[-71.088,2.883],[-71.0775,2.882],[-71.0775,3.052],[-71.0775,3.2955],[-71.0775,3.443],[-71.0775,3.649],[-71.0775,3.82],[-71.0775,3.973],[-71.0775,4.1755],[-71.0775,4.3285],[-71.0775,4.495],[-71.0775,4.7265],[-71.078,4.899],[-71.0825,4.8945],[-71.094,4.8925],[-71.107,4.884],[-71.113,4.8745],[-71.139,4.867],[-71.15,4.8615],[-71.169,4.8425],[-71.179,4.838],[-71.196,4.825],[-71.2115,4.8175],[-71.239,4.8175],[-71.273,4.8],[-71.2835,4.8035],[-71.3005,4.792],[-71.311,4.7825],[-71.32,4.769],[-71.331,4.767],[-71.3465,4.758],[-71.376,4.751],[-71.3865,4.757],[-71.3945,4.7535],[-71.402,4.7445],[-71.426,4.7255],[-71.45,4.7155],[-71.474,4.7085],[-71.484,4.707],[-71.4925,4.702],[-71.511,4.6975],[-71.5235,4.682],[-71.56,4.68],[-71.5785,4.674],[-71.598,4.6455],[-71.6185,4.637],[-71.6345,4.6225],[-71.651,4.613],[-71.6665,4.6115],[-71.6805,4.602],[-71.711,4.5895],[-71.735,4.5745],[-71.7565,4.5775],[-71.7635,4.5815],[-71.7775,4.5795],[-71.787,4.586],[-71.8025,4.5855],[-71.8135,4.575],[-71.8195,4.5575],[-71.8275,4.5485],[-71.85,4.5325],[-71.868,4.5055],[-71.8905,4.4965],[-71.9015,4.4835],[-71.905,4.468],[-71.919,4.453],[-71.9305,4.4485],[-71.94,4.4345],[-71.956,4.422],[-71.9565,4.412],[-71.971,4.408],[-71.9755,4.394],[-71.9905,4.3835],[-71.9985,4.3825],[-72.024,4.387],[-72.0345,4.385],[-72.0565,4.3745],[-72.0695,4.3835],[-72.073,4.392],[-72.069,4.399],[-72.0705,4.4075],[-72.0955,4.4225],[-72.118,4.4335],[-72.132,4.4355],[-72.143,4.4405],[-72.1585,4.4415],[-72.174,4.437],[-72.18,4.431],[-72.199,4.4285],[-72.2105,4.4335],[-72.2265,4.433],[-72.2345,4.4355],[-72.249,4.4305],[-72.255,4.419],[-72.2655,4.416],[-72.2865,4.4175],[-72.3035,4.4075],[-72.3105,4.382],[-72.324,4.3695],[-72.337,4.3725],[-72.3475,4.3515],[-72.356,4.3415],[-72.3695,4.3365],[-72.3895,4.332],[-72.405,4.318],[-72.4185,4.3245],[-72.415,4.338],[-72.418,4.348],[-72.4265,4.353],[-72.437,4.35],[-72.444,4.339],[-72.451,4.334],[-72.455,4.326],[-72.4675,4.3175],[-72.481,4.3265],[-72.493,4.3275],[-72.5155,4.3385],[-72.5325,4.3395],[-72.54,4.351],[-72.5505,4.354],[-72.5545,4.337],[-72.567,4.3325],[-72.5745,4.3205],[-72.5695,4.3075],[-72.58,4.3005],[-72.5965,4.3125],[-72.606,4.3155],[-72.6245,4.307],[-72.642,4.303],[-72.658,4.3165],[-72.676,4.3175],[-72.6875,4.312],[-72.6875,4.2925],[-72.6945,4.2875],[-72.703,4.2915],[-72.7145,4.2925],[-72.726,4.306],[-72.74,4.3095],[-72.74,4.3235],[-72.7465,4.3285],[-72.7695,4.333],[-72.7655,4.3495],[-72.767,4.3625],[-72.7725,4.37],[-72.7815,4.3705],[-72.8,4.377],[-72.7985,4.384],[-72.788,4.3925],[-72.7935,4.399],[-72.8065,4.397],[-72.807,4.406],[-72.8225,4.4145],[-72.8215,4.421],[-72.812,4.425],[-72.832,4.432],[-72.8415,4.4315],[-72.8515,4.4495],[-72.8585,4.4535],[-72.871,4.4515],[-72.8775,4.4635],[-72.897,4.4745],[-72.902,4.4855],[-72.902,4.4945],[-72.9235,4.5205],[-72.9385,4.5245],[-72.939,4.5335],[-72.9475,4.5475],[-72.9525,4.5515],[-72.95,4.5595],[-72.962,4.571],[-72.965,4.5795],[-72.968,4.599],[-72.9775,4.61],[-72.992,4.6175],[-72.997,4.617],[-73.004,4.628],[-73.017,4.6355],[-73.017,4.6475],[-73.027,4.653],[-73.0365,4.6665],[-73.04,4.677],[-73.05,4.6925],[-73.0545,4.703],[-73.0525,4.7195],[-73.048,4.7275],[-73.0525,4.7365],[-73.088,4.501],[-73.124,4.26],[-73.137,4.214],[-73.1485,4.2275],[-73.1525,4.2265],[-73.178,4.2445],[-73.1815,4.2525],[-73.204,4.2735],[-73.212,4.274],[-73.235,4.2865],[-73.2455,4.2875],[-73.2615,4.294],[-73.2655,4.2905],[-73.2825,4.298],[-73.2955,4.299],[-73.326,4.306],[-73.3535,4.321],[-73.381,4.318],[-73.3865,4.3185],[-73.415,4.3115],[-73.4225,4.3055],[-73.4305,4.3065],[-73.438,4.295],[-73.4465,4.2885],[-73.455,4.288],[-73.4625,4.2785],[-73.472,4.2765],[-73.484,4.2855],[-73.497,4.284],[-73.5165,4.2925],[-73.531,4.2965],[-73.5505,4.308],[-73.553,4.3205],[-73.5495,4.3285],[-73.554,4.3345],[-73.5535,4.347],[-73.5565,4.3545],[-73.572,4.3735],[-73.572,4.3885],[-73.577,4.396],[-73.5765,4.4075],[-73.5725,4.4195],[-73.588,4.433],[-73.5915,4.445],[-73.6025,4.4545],[-73.6015,4.468],[-73.596,4.487],[-73.5855,4.495],[-73.576,4.4985],[-73.5755,4.5165],[-73.5685,4.5275],[-73.581,4.544],[-73.5935,4.545],[-73.602,4.549],[-73.6075,4.556],[-73.614,4.5555],[-73.622,4.5625],[-73.6315,4.5585],[-73.64,4.5475],[-73.651,4.5445],[-73.661,4.547],[-73.6745,4.5335],[-73.686,4.53],[-73.6915,4.5175],[-73.703,4.518],[-73.7135,4.515],[-73.7225,4.503],[-73.7275,4.5025],[-73.733,4.4885],[-73.734,4.4705],[-73.7385,4.4605],[-73.7455,4.4555],[-73.755,4.462],[-73.764,4.45],[-73.7695,4.452],[-73.7835,4.4485],[-73.7925,4.441],[-73.807,4.422],[-73.8115,4.4005],[-73.805,4.395],[-73.801,4.384],[-73.7925,4.381],[-73.796,4.3695],[-73.793,4.3535],[-73.7865,4.3415],[-73.7825,4.322],[-73.7835,4.3005],[-73.771,4.2945],[-73.763,4.2795],[-73.744,4.266],[-73.7515,4.259],[-73.7605,4.2365],[-73.755,4.2285],[-73.7545,4.2135],[-73.746,4.1975],[-73.7535,4.193],[-73.7775,4.1965],[-73.7885,4.2005],[-73.802,4.1975],[-73.814,4.2015],[-73.819,4.18],[-73.8255,4.17],[-73.8375,4.1765],[-73.871,4.168],[-73.8825,4.1525],[-73.892,4.149],[-73.8965,4.1425],[-73.9135,4.149],[-73.921,4.144],[-73.9335,4.149],[-73.945,4.1185],[-73.9505,4.113],[-73.956,4.0995],[-73.968,4.0905],[-73.9735,4.101],[-73.983,4.1095],[-73.991,4.103],[-74.0015,4.103],[-74.005,4.11],[-74.0165,4.098],[-74.025,4.0975],[-74.03,4.0845],[-74.036,4.0815],[-74.035,4.061],[-74.0545,4.0625],[-74.0705,4.0575],[-74.0795,4.043],[-74.0815,4.035],[-74.0925,4.0265],[-74.1,4.013],[-74.124,4.009],[-74.1235,4.0015],[-74.1375,4.0005],[-74.1505,4.005],[-74.1605,4.018],[-74.1755,4.018],[-74.184,4.009],[-74.195,4.0165],[-74.207,4.014],[-74.2175,4.008],[-74.2295,3.9945],[-74.233,3.978],[-74.2395,3.969],[-74.244,3.955],[-74.251,3.9475],[-74.26,3.9475],[-74.2565,3.928],[-74.265,3.929],[-74.274,3.9245],[-74.276,3.913],[-74.2815,3.9015],[-74.2975,3.8835],[-74.3105,3.888],[-74.3175,3.879],[-74.304,3.8505],[-74.307,3.8405],[-74.2945,3.8325],[-74.2985,3.8175],[-74.307,3.819],[-74.317,3.815],[-74.3185,3.8235],[-74.3265,3.8265],[-74.3355,3.8215],[-74.3365,3.8115],[-74.3435,3.8125],[-74.3525,3.8045],[-74.3525,3.8],[-74.3625,3.7895],[-74.377,3.783],[-74.377,3.778],[-74.394,3.77],[-74.387,3.7605],[-74.387,3.7525],[-74.399,3.7515],[-74.4015,3.7375],[-74.416,3.741]]]},"properties":{"divipola_dep":"50","divipola_dep_n":50,"dpto_nombre":"META","area_km2":82663.8223}},
{"type":"Feature","geometry":{"type":"Polygon","coordinates":[[[-77.9285,2.6405],[-77.9345,2.638],[-77.934,2.627],[-77.946,2.626],[-77.9545,2.6345],[-77.9645,2.64],[-77.973,2.6605],[-78.004,2.6515],[-78.01,2.652],[-78.02,2.644],[-78.0355,2.648],[-78.058,2.617],[-78.0725,2.611],[-78.083,2.6365],[-78.097,2.6475],[-78.1035,2.6475],[-78.126,2.6405],[-78.1375,2.644],[-78.1385,2.657],[-78.1345,2.661],[-78.1425,2.6715],[-78.1425,2.6805],[-78.1505,2.684],[-78.159,2.6825],[-78.1635,2.676],[-78.175,2.6755],[-78.1845,2.672],[-78.209,2.6695],[-78.248,2.6625],[-78.2605,2.662],[-78.272,2.656],[-78.293,2.656],[-78.303,2.659],[-78.3335,2.656],[-78.3515,2.6485],[-78.371,2.637],[-78.381,2.627],[-78.3955,2.603],[-78.419,2.603],[-78.437,2.598],[-78.455,2.596],[-78.457,2.5885],[-78.451,2.582],[-78.4605,2.5745],[-78.4695,2.555],[-78.477,2.5545],[-78.4875,2.548],[-78.5085,2.521],[-78.5075,2.508],[-78.5275,2.506],[-78.55,2.4925],[-78.556,2.464],[-78.5575,2.4375],[-78.564,2.433],[-78.574,2.4445],[-78.6,2.403],[-78.6245,2.372],[-78.6275,2.3445],[-78.6305,2.334],[-78.625,2.3305],[-78.628,2.3205],[-78.639,2.3125],[-78.652,2.294],[-78.6605,2.287],[-78.6655,2.27],[-78.6615,2.261],[-78.673,2.2405],[-78.6825,2.2455],[-78.6885,2.2335],[-78.697,2.23],[-78.693,2.222],[-78.7015,2.2115],[-78.7065,2.188],[-78.7115,2.176],[-78.713,2.1645],[-78.7035,2.1185],[-78.6905,2.1095],[-78.689,2.094],[-78.686,2.087],[-78.6815,2.0635],[-78.678,2.057],[-78.6715,2.0305],[-78.6685,2.0075],[-78.669,1.991],[-78.6735,1.983],[-78.6685,1.9725],[-78.659,1.9785],[-78.65,1.977],[-78.6475,1.9875],[-78.6355,1.999],[-78.629,2.01],[-78.624,1.9995],[-78.617,1.996],[-78.6065,1.9965],[-78.5965,1.9805],[-78.5865,1.9725],[-78.5885,1.9575],[-78.602,1.9455],[-78.599,1.9],[-78.5905,1.893],[-78.5705,1.9005],[-78.5565,1.9],[-78.5475,1.8855],[-78.544,1.8615],[-78.5395,1.857],[-78.5445,1.8405],[-78.551,1.8355],[-78.55,1.797],[-78.5635,1.7925],[-78.5605,1.785],[-78.5625,1.761],[-78.5685,1.751],[-78.577,1.774],[-78.5855,1.7785],[-78.5945,1.7715],[-78.6,1.782],[-78.5945,1.7895],[-78.602,1.7945],[-78.6365,1.791],[-78.6515,1.7935],[-78.66,1.7855],[-78.6795,1.789],[-78.691,1.7755],[-78.707,1.7785],[-78.715,1.793],[-78.7195,1.785],[-78.717,1.7695],[-78.719,1.748],[-78.7245,1.7425],[-78.727,1.7665],[-78.7355,1.7825],[-78.7385,1.797],[-78.751,1.801],[-78.7595,1.789],[-78.776,1.789],[-78.7805,1.803],[-78.7655,1.8035],[-78.76,1.8195],[-78.754,1.8175],[-78.755,1.8065],[-78.738,1.809],[-78.7365,1.8145],[-78.724,1.824],[-78.731,1.8305],[-78.739,1.828],[-78.7545,1.8185],[-78.7685,1.8225],[-78.7745,1.817],[-78.77,1.811],[-78.784,1.806],[-78.7885,1.801],[-78.796,1.8065],[-78.7995,1.8155],[-78.785,1.819],[-78.785,1.828],[-78.8095,1.8295],[-78.827,1.8235],[-78.8535,1.807],[-78.8605,1.807],[-78.8735,1.7935],[-78.889,1.7725],[-78.925,1.7415],[-78.94,1.722],[-78.953,1.6995],[-78.9545,1.6845],[-78.962,1.6875],[-78.9755,1.675],[-78.9915,1.669],[-79.007,1.658],[-79.009,1.649],[-78.9985,1.6445],[-79.004,1.6285],[-78.9955,1.6105],[-78.981,1.5935],[-78.9765,1.599],[-78.965,1.5985],[-78.954,1.594],[-78.941,1.5785],[-78.9315,1.563],[-78.92,1.5565],[-78.914,1.5615],[-78.9025,1.543],[-78.893,1.544],[-78.885,1.553],[-78.8715,1.5555],[-78.8635,1.551],[-78.87,1.5375],[-78.8665,1.526],[-78.873,1.523],[-78.874,1.5125],[-78.87,1.4985],[-78.8565,1.4805],[-78.8495,1.4755],[-78.8385,1.4785],[-78.819,1.473],[-78.823,1.4655],[-78.8345,1.4565],[-78.833,1.45],[-78.82,1.4505],[-78.815,1.4335],[-78.798,1.427],[-78.791,1.408],[-78.78,1.4095],[-78.7765,1.4055],[-78.779,1.3925],[-78.774,1.391],[-78.76,1.3955],[-78.752,1.3885],[-78.747,1.3785],[-78.741,1.377],[-78.7315,1.368],[-78.7205,1.369],[-78.7095,1.359],[-78.7045,1.35],[-78.703,1.3395],[-78.695,1.334],[-78.682,1.3315],[-78.662,1.3125],[-78.6465,1.2895],[-78.649,1.2775],[-78.6415,1.2685],[-78.635,1.268],[-78.627,1.261],[-78.622,1.2505],[-78.605,1.2465],[-78.591,1.2395],[-78.588,1.243],[-78.5505,1.2435],[-78.5445,1.2445],[-78.542,1.2295],[-78.5225,1.2215],[-78.5225,1.215],[-78.5145,1.2125],[-78.516,1.205],[-78.5065,1.1965],[-78.494,1.193],[-78.49,1.186],[-78.48,1.192],[-78.47,1.189],[-78.469,1.181],[-78.4625,1.1765],[-78.454,1.177],[-78.438,1.191],[-78.43,1.1865],[-78.427,1.1715],[-78.438,1.1575],[-78.4335,1.1435],[-78.428,1.139],[-78.4165,1.139],[-78.4175,1.1485],[-78.425,1.154],[-78.4175,1.16],[-78.407,1.16],[-78.403,1.153],[-78.395,1.1525],[-78.3825,1.1595],[-78.3805,1.171],[-78.3685,1.176],[-78.3605,1.1745],[-78.355,1.1805],[-78.327,1.1855],[-78.326,1.195],[-78.3145,1.1905],[-78.305,1.1785],[-78.305,1.173],[-78.295,1.1695],[-78.2985,1.156],[-78.2905,1.1375],[-78.291,1.133],[-78.276,1.109],[-78.2655,1.1115],[-78.266,1.101],[-78.2525,1.0935],[-78.252,1.079],[-78.261,1.0825],[-78.28,1.068],[-78.2815,1.058],[-78.2705,1.0465],[-78.2575,1.0405],[-78.251,1.029],[-78.2425,1.029],[-78.2345,1.0155],[-78.2105,1.0055],[-78.2025,0.997],[-78.2025,0.992],[-78.195,0.9845],[-78.195,0.9755],[-78.191,0.9605],[-78.197,0.949],[-78.1855,0.9385],[-78.177,0.9375],[-78.1535,0.924],[-78.1445,0.9265],[-78.1325,0.935],[-78.121,0.936],[-78.108,0.929],[-78.1045,0.911],[-78.089,0.897],[-78.0715,0.8975],[-78.0655,0.89],[-78.054,0.8885],[-78.046,0.8815],[-78.0335,0.8795],[-77.9905,0.8515],[-77.9745,0.834],[-77.967,0.831],[-77.965,0.824],[-77.9545,0.824],[-77.9295,0.8195],[-77.911,0.811],[-77.8915,0.8105],[-77.867,0.8015],[-77.8465,0.802],[-77.8195,0.8085],[-77.805,0.831],[-77.789,0.8355],[-77.784,0.834],[-77.7735,0.84],[-77.7615,0.84],[-77.747,0.833],[-77.737,0.837],[-77.721,0.849],[-77.713,0.851],[-77.704,0.8415],[-77.6955,0.841],[-77.693,0.833],[-77.6795,0.822],[-77.673,0.824],[-77.666,0.8185],[-77.664,0.811],[-77.6745,0.8015],[-77.6765,0.791],[-77.6615,0.79],[-77.6715,0.7805],[-77.6825,0.776],[-77.6975,0.7545],[-77.698,0.7415],[-77.6755,0.737],[-77.6745,0.7215],[-77.666,0.705],[-77.652,0.706],[-77.6395,0.7025],[-77.6075,0.686],[-77.6015,0.675],[-77.5895,0.6735],[-77.5765,0.66],[-77.5645,0.6515],[-77.548,0.649],[-77.5275,0.656],[-77.498,0.659],[-77.492,0.6625],[-77.486,0.656],[-77.4795,0.641],[-77.4825,0.6055],[-77.4875,0.599],[-77.489,0.585],[-77.5035,0.5755],[-77.5045,0.5675],[-77.511,0.565],[-77.512,0.551],[-77.5225,0.5315],[-77.5235,0.5205],[-77.518,0.5095],[-77.5195,0.4935],[-77.5255,0.4765],[-77.519,0.4535],[-77.523,0.4435],[-77.5195,0.4365],[-77.5225,0.429],[-77.523,0.4155],[-77.53,0.41],[-77.527,0.4005],[-77.5145,0.4055],[-77.4915,0.404],[-77.4625,0.399],[-77.453,0.396],[-77.4245,0.392],[-77.4075,0.405],[-77.398,0.4015],[-77.3895,0.3885],[-77.3835,0.395],[-77.3685,0.3985],[-77.3575,0.396],[-77.35,0.3905],[-77.3255,0.3875],[-77.3135,0.3805],[-77.311,0.374],[-77.2975,0.365],[-77.288,0.3635],[-77.261,0.3695],[-77.254,0.364],[-77.2445,0.3615],[-77.2245,0.365],[-77.2135,0.363],[-77.2015,0.368],[-77.1995,0.3745],[-77.188,0.3805],[-77.179,0.39],[-77.1635,0.3875],[-77.1505,0.3765],[-77.136,0.3745],[-77.126,0.38],[-77.1125,0.3725],[-77.113,0.3815],[-77.0975,0.383],[-77.093,0.4065],[-77.099,0.4115],[-77.0905,0.418],[-77.0905,0.426],[-77.105,0.4325],[-77.1085,0.4495],[-77.1015,0.4645],[-77.105,0.477],[-77.1155,0.483],[-77.1205,0.5085],[-77.1305,0.525],[-77.1315,0.5395],[-77.1265,0.556],[-77.1155,0.564],[-77.1205,0.5755],[-77.1175,0.5895],[-77.128,0.6015],[-77.156,0.606],[-77.176,0.617],[-77.187,0.631],[-77.157,0.7525],[-77.139,0.8215],[-77.1175,0.827],[-77.1025,0.8335],[-77.114,0.8495],[-77.118,0.8585],[-77.1165,0.8765],[-77.1225,0.8805],[-77.1175,0.9005],[-77.108,0.9045],[-77.1005,0.9125],[-77.091,0.914],[-77.0795,0.9405],[-77.073,0.9425],[-77.0785,0.962],[-77.0725,0.971],[-77.056,0.977],[-77.0495,0.977],[-77.039,0.993],[-77.028,0.9955],[-77.0265,1.0135],[-77.0395,1.0395],[-77.0545,1.0335],[-77.0665,1.042],[-77.0645,1.0515],[-77.0725,1.0585],[-77.084,1.062],[-77.095,1.0825],[-77.092,1.1105],[-77.096,1.13],[-77.1015,1.1425],[-77.0975,1.1635],[-77.087,1.1725],[-77.0885,1.1835],[-77.069,1.185],[-77.059,1.1935],[-77.0405,1.2015],[-77.021,1.196],[-77.013,1.2065],[-77.0035,1.2125],[-76.981,1.223],[-76.9715,1.2525],[-76.983,1.267],[-76.9785,1.2785],[-76.9795,1.2865],[-76.9615,1.2835],[-76.964,1.277],[-76.94,1.2725],[-76.934,1.2785],[-76.9305,1.2955],[-76.9135,1.311],[-76.907,1.3225],[-76.91,1.328],[-76.9215,1.338],[-76.9205,1.3455],[-76.927,1.3665],[-76.926,1.376],[-76.932,1.386],[-76.932,1.3995],[-76.9235,1.41],[-76.9185,1.43],[-76.9235,1.442],[-76.922,1.4515],[-76.9285,1.483],[-76.927,1.5],[-76.9125,1.5005],[-76.907,1.51],[-76.8875,1.523],[-76.8735,1.52],[-76.8585,1.5225],[-76.8515,1.5345],[-76.8565,1.543],[-76.857,1.5655],[-76.852,1.5695],[-76.841,1.5865],[-76.84,1.5975],[-76.834,1.6075],[-76.834,1.6145],[-76.8545,1.6375],[-76.861,1.6365],[-76.8775,1.646],[-76.895,1.6635],[-76.9005,1.6615],[-76.909,1.6755],[-76.917,1.7025],[-76.924,1.706],[-76.9255,1.7185],[-76.936,1.729],[-76.96,1.7225],[-76.9685,1.7125],[-76.9875,1.715],[-77.0015,1.707],[-77.016,1.7145],[-77.0395,1.707],[-77.0455,1.698],[-77.0545,1.7005],[-77.0725,1.669],[-77.087,1.6665],[-77.095,1.6615],[-77.1105,1.6615],[-77.1395,1.657],[-77.144,1.665],[-77.1425,1.6735],[-77.1495,1.684],[-77.158,1.682],[-77.162,1.676],[-77.1725,1.6775],[-77.179,1.6745],[-77.1865,1.6775],[-77.2155,1.668],[-77.2395,1.6575],[-77.2455,1.658],[-77.2565,1.671],[-77.275,1.6625],[-77.3135,1.6785],[-77.3275,1.68],[-77.3295,1.6865],[-77.3165,1.716],[-77.308,1.7275],[-77.305,1.7415],[-77.298,1.7535],[-77.295,1.7655],[-77.3015,1.7815],[-77.308,1.789],[-77.3035,1.798],[-77.309,1.801],[-77.301,1.816],[-77.296,1.818],[-77.295,1.832],[-77.2875,1.847],[-77.282,1.85],[-77.2805,1.8605],[-77.2565,1.8695],[-77.2435,1.8875],[-77.2455,1.9115],[-77.2405,1.916],[-77.216,1.9245],[-77.22,1.934],[-77.2105,1.9355],[-77.2035,1.952],[-77.2105,1.9665],[-77.2095,1.971],[-77.2205,1.988],[-77.2275,1.991],[-77.259,1.994],[-77.2735,2.0065],[-77.2795,2.021],[-77.303,2.027],[-77.306,2.036],[-77.317,2.0435],[-77.3325,2.05],[-77.3345,2.06],[-77.3195,2.072],[-77.3075,2.108],[-77.308,2.1235],[-77.3115,2.13],[-77.3075,2.153],[-77.314,2.166],[-77.3175,2.1775],[-77.3105,2.2015],[-77.3165,2.2005],[-77.3225,2.215],[-77.323,2.222],[-77.3405,2.2375],[-77.3475,2.246],[-77.352,2.257],[-77.36,2.2625],[-77.373,2.263],[-77.3865,2.2565],[-77.402,2.264],[-77.409,2.271],[-77.443,2.285],[-77.4595,2.286],[-77.468,2.275],[-77.4775,2.275],[-77.48,2.2665],[-77.4735,2.2625],[-77.4725,2.2415],[-77.4875,2.216],[-77.4845,2.202],[-77.488,2.1955],[-77.5015,2.1935],[-77.5195,2.2],[-77.5295,2.1955],[-77.5445,2.1965],[-77.5545,2.2025],[-77.564,2.1955],[-77.574,2.1805],[-77.595,2.173],[-77.6035,2.1645],[-77.6455,2.1685],[-77.6625,2.1585],[-77.6795,2.158],[-77.6985,2.1535],[-77.734,2.134],[-77.744,2.135],[-77.751,2.141],[-77.7805,2.1485],[-77.7835,2.1535],[-77.7985,2.164],[-77.801,2.17],[-77.8215,2.1785],[-77.8355,2.1765],[-77.849,2.191],[-77.853,2.2055],[-77.853,2.2145],[-77.8475,2.2315],[-77.8505,2.241],[-77.848,2.2605],[-77.861,2.268],[-77.866,2.2835],[-77.8715,2.2905],[-77.879,2.313],[-77.8835,2.3195],[-77.8805,2.3345],[-77.883,2.3525],[-77.894,2.3655],[-77.8955,2.375],[-77.9025,2.3965],[-77.9125,2.4035],[-77.9175,2.4115],[-77.919,2.4365],[-77.9175,2.456],[-77.9205,2.4605],[-77.925,2.482],[-77.9255,2.5105],[-77.919,2.523],[-77.9145,2.544],[-77.9155,2.5935],[-77.917,2.6055],[-77.9235,2.6185],[-77.9285,2.6405]]]},"properties":{"divipola_dep":"52","divipola_dep_n":52,"dpto_nombre":"NARIÑO","area_km2":31536.974}},
{"type":"Feature","geometry":{"type":"Polygon","coordinates":[[[-72.0475,7.0385],[-72.1705,7.252],[-72.1745,7.2575],[-72.168,7.272],[-72.1705,7.29],[-72.1585,7.3145],[-72.154,7.328],[-72.1715,7.345],[-72.1805,7.357],[-72.1875,7.375],[-72.1985,7.3865],[-72.2055,7.387],[-72.22,7.395],[-72.233,7.3905],[-72.2415,7.391],[-72.2555,7.3785],[-72.2835,7.3855],[-72.287,7.3885],[-72.3045,7.3895],[-72.313,7.381],[-72.3245,7.376],[-72.3495,7.395],[-72.358,7.3945],[-72.3795,7.3985],[-72.425,7.4015],[-72.4305,7.4035],[-72.4425,7.4225],[-72.441,7.432],[-72.447,7.4615],[-72.4555,7.4695],[-72.462,7.482],[-72.4715,7.4835],[-72.478,7.4985],[-72.4745,7.5035],[-72.471,7.5265],[-72.4555,7.548],[-72.4525,7.565],[-72.4545,7.576],[-72.46,7.5885],[-72.465,7.592],[-72.466,7.602],[-72.4715,7.6235],[-72.476,7.6335],[-72.477,7.6465],[-72.473,7.653],[-72.4755,7.681],[-72.472,7.7105],[-72.4705,7.736],[-72.474,7.7485],[-72.4685,7.775],[-72.469,7.794],[-72.4585,7.803],[-72.447,7.827],[-72.4515,7.8395],[-72.4495,7.8525],[-72.4445,7.86],[-72.453,7.88],[-72.457,7.881],[-72.4625,7.9165],[-72.4725,7.917],[-72.48,7.93],[-72.4895,7.9305],[-72.487,7.945],[-72.471,7.9605],[-72.449,7.968],[-72.44,7.9785],[-72.437,7.9915],[-72.424,7.99],[-72.4185,7.9965],[-72.421,8.009],[-72.4115,8.0215],[-72.4135,8.0345],[-72.3985,8.032],[-72.3835,8.0345],[-72.3655,8.018],[-72.3625,8.011],[-72.3515,8.0045],[-72.347,8.0165],[-72.3545,8.0265],[-72.3465,8.0375],[-72.3535,8.0875],[-72.3705,8.0935],[-72.3735,8.105],[-72.3665,8.1175],[-72.3585,8.1205],[-72.3635,8.131],[-72.3655,8.1475],[-72.3535,8.1565],[-72.3585,8.1745],[-72.3735,8.197],[-72.3765,8.2095],[-72.3755,8.216],[-72.3835,8.232],[-72.388,8.2525],[-72.389,8.2685],[-72.3845,8.278],[-72.3885,8.287],[-72.386,8.3035],[-72.382,8.3115],[-72.3925,8.3205],[-72.395,8.3315],[-72.3885,8.349],[-72.393,8.3585],[-72.404,8.357],[-72.4095,8.3755],[-72.4205,8.383],[-72.4285,8.382],[-72.5755,8.541],[-72.5965,8.572],[-72.617,8.595],[-72.627,8.5975],[-72.629,8.6065],[-72.638,8.607],[-72.655,8.6155],[-72.6725,8.695],[-72.698,8.8065],[-72.72,8.9405],[-72.747,9.0145],[-72.763,9.0765],[-72.763,9.0925],[-72.7665,9.1005],[-72.7765,9.106],[-72.7785,9.115],[-72.786,9.115],[-72.791,9.1055],[-72.8,9.121],[-72.811,9.1345],[-72.8195,9.1405],[-72.8245,9.135],[-72.8225,9.1235],[-72.8335,9.122],[-72.844,9.13],[-72.883,9.1305],[-72.887,9.114],[-72.8865,9.104],[-72.894,9.1035],[-72.8995,9.0975],[-72.9075,9.0975],[-72.933,9.083],[-72.94,9.091],[-72.9485,9.0925],[-72.948,9.106],[-72.9595,9.1125],[-72.972,9.136],[-72.985,9.141],[-72.982,9.147],[-72.964,9.1575],[-72.962,9.172],[-72.9555,9.1785],[-72.9625,9.186],[-72.9645,9.1995],[-72.971,9.213],[-72.98,9.2165],[-72.9885,9.2275],[-72.988,9.244],[-72.9845,9.2515],[-72.996,9.2585],[-72.995,9.2725],[-73.006,9.276],[-73.0025,9.2855],[-73.008,9.2905],[-73.031,9.285],[-73.0375,9.28],[-73.041,9.2695],[-73.05,9.2585],[-73.057,9.263],[-73.07,9.2645],[-73.0765,9.254],[-73.081,9.2405],[-73.0905,9.2255],[-73.105,9.231],[-73.122,9.227],[-73.1285,9.2285],[-73.133,9.219],[-73.1525,9.2075],[-73.15,9.201],[-73.1765,9.177],[-73.193,9.1745],[-73.1985,9.1785],[-73.214,9.1805],[-73.2355,9.173],[-73.2405,9.165],[-73.2515,9.1585],[-73.257,9.1625],[-73.275,9.1645],[-73.28,9.1625],[-73.3005,9.1715],[-73.3265,9.169],[-73.3385,9.1735],[-73.347,9.1735],[-73.359,9.1675],[-73.3685,9.17],[-73.3715,9.158],[-73.3825,9.1525],[-73.3935,9.1565],[-73.403,9.163],[-73.4115,9.1545],[-73.415,9.1445],[-73.4155,9.1325],[-73.424,9.124],[-73.4295,9.1025],[-73.4215,9.095],[-73.4165,9.084],[-73.4165,9.0585],[-73.412,9.0535],[-73.4225,9.029],[-73.4235,9.0125],[-73.437,8.999],[-73.4395,8.9745],[-73.4345,8.959],[-73.431,8.937],[-73.43,8.919],[-73.4365,8.909],[-73.4255,8.8995],[-73.4305,8.878],[-73.435,8.8705],[-73.4465,8.871],[-73.448,8.862],[-73.4295,8.8335],[-73.4285,8.813],[-73.421,8.793],[-73.412,8.781],[-73.416,8.7745],[-73.416,8.7625],[-73.4405,8.7605],[-73.445,8.755],[-73.4625,8.7455],[-73.4715,8.727],[-73.473,8.706],[-73.4895,8.6975],[-73.494,8.69],[-73.505,8.6885],[-73.507,8.6795],[-73.514,8.67],[-73.5155,8.6615],[-73.5215,8.658],[-73.52,8.645],[-73.526,8.6315],[-73.535,8.625],[-73.542,8.624],[-73.552,8.607],[-73.55,8.5955],[-73.542,8.588],[-73.5475,8.5825],[-73.547,8.5645],[-73.539,8.561],[-73.537,8.554],[-73.5285,8.5495],[-73.515,8.529],[-73.532,8.528],[-73.5465,8.5175],[-73.5535,8.508],[-73.575,8.507],[-73.571,8.4975],[-73.574,8.491],[-73.5605,8.49],[-73.5595,8.4795],[-73.5525,8.48],[-73.5475,8.4715],[-73.5295,8.4785],[-73.5235,8.483],[-73.4935,8.4775],[-73.4815,8.472],[-73.4745,8.465],[-73.4725,8.4485],[-73.488,8.436],[-73.4945,8.4165],[-73.508,8.4015],[-73.517,8.395],[-73.515,8.385],[-73.488,8.384],[-73.474,8.374],[-73.471,8.3665],[-73.4565,8.361],[-73.461,8.3545],[-73.4565,8.3455],[-73.442,8.341],[-73.436,8.3625],[-73.431,8.3665],[-73.41,8.3685],[-73.393,8.3825],[-73.4035,8.406],[-73.399,8.418],[-73.4085,8.425],[-73.413,8.4355],[-73.4145,8.4595],[-73.4,8.4555],[-73.395,8.4595],[-73.372,8.4595],[-73.3585,8.4515],[-73.3415,8.434],[-73.3405,8.421],[-73.35,8.406],[-73.348,8.3835],[-73.353,8.3635],[-73.3505,8.3345],[-73.36,8.3275],[-73.359,8.322],[-73.3705,8.3185],[-73.3775,8.303],[-73.3715,8.2755],[-73.3765,8.265],[-73.39,8.269],[-73.4045,8.2565],[-73.418,8.2655],[-73.427,8.265],[-73.4405,8.257],[-73.442,8.2495],[-73.431,8.2475],[-73.429,8.233],[-73.4365,8.2035],[-73.4445,8.197],[-73.4345,8.181],[-73.4295,8.179],[-73.4285,8.1655],[-73.4355,8.1445],[-73.427,8.135],[-73.4305,8.1275],[-73.4155,8.1145],[-73.4095,8.117],[-73.3845,8.112],[-73.3775,8.1055],[-73.369,8.069],[-73.375,8.0515],[-73.3715,8.036],[-73.3655,8.0225],[-73.366,8.012],[-73.355,8.017],[-73.3435,8.0175],[-73.334,8.0215],[-73.3235,8.014],[-73.31,8.016],[-73.304,8.009],[-73.2965,7.985],[-73.289,7.9925],[-73.282,7.9935],[-73.2785,7.986],[-73.275,7.9575],[-73.2785,7.936],[-73.289,7.928],[-73.302,7.923],[-73.3045,7.911],[-73.327,7.907],[-73.3465,7.8995],[-73.352,7.892],[-73.35,7.872],[-73.3535,7.8565],[-73.349,7.854],[-73.346,7.8345],[-73.352,7.7945],[-73.375,7.7745],[-73.399,7.7365],[-73.4105,7.725],[-73.412,7.7165],[-73.44,7.696],[-73.4625,7.6925],[-73.467,7.6845],[-73.481,7.6765],[-73.5055,7.6825],[-73.518,7.693],[-73.522,7.7075],[-73.5295,7.704],[-73.543,7.711],[-73.5515,7.712],[-73.561,7.727],[-73.5805,7.7385],[-73.6045,7.743],[-73.614,7.7415],[-73.629,7.7455],[-73.633,7.749],[-73.632,7.7415],[-73.6205,7.74],[-73.614,7.731],[-73.599,7.724],[-73.6025,7.713],[-73.597,7.7015],[-73.582,7.6955],[-73.573,7.6985],[-73.557,7.6875],[-73.561,7.677],[-73.5545,7.6695],[-73.543,7.6625],[-73.537,7.663],[-73.527,7.6445],[-73.517,7.637],[-73.5205,7.6245],[-73.5085,7.6115],[-73.51,7.6055],[-73.505,7.5955],[-73.489,7.5935],[-73.4885,7.589],[-73.477,7.5855],[-73.4625,7.5745],[-73.4445,7.572],[-73.4395,7.574],[-73.4075,7.565],[-73.3955,7.568],[-73.399,7.5765],[-73.387,7.582],[-73.3715,7.5655],[-73.3635,7.5475],[-73.355,7.5445],[-73.32,7.549],[-73.3095,7.546],[-73.2985,7.5485],[-73.2815,7.548],[-73.278,7.54],[-73.27,7.5395],[-73.263,7.5305],[-73.2525,7.538],[-73.2475,7.5585],[-73.2535,7.575],[-73.259,7.5795],[-73.259,7.588],[-73.244,7.6],[-73.2365,7.6185],[-73.2285,7.6265],[-73.218,7.632],[-73.212,7.6265],[-73.205,7.629],[-73.1895,7.6205],[-73.1765,7.6195],[-73.1665,7.6255],[-73.1595,7.6205],[-73.131,7.614],[-73.1205,7.6085],[-73.1005,7.6195],[-73.0905,7.61],[-73.0605,7.6105],[-73.0485,7.6065],[-73.0345,7.623],[-73.023,7.6205],[-73.012,7.6225],[-73.0035,7.6185],[-72.9825,7.6205],[-72.98,7.6135],[-72.992,7.5975],[-72.984,7.5565],[-72.985,7.5495],[-72.9775,7.539],[-72.9785,7.529],[-72.968,7.5215],[-72.9395,7.5125],[-72.9315,7.504],[-72.928,7.495],[-72.911,7.4895],[-72.902,7.477],[-72.893,7.4745],[-72.9015,7.4455],[-72.9005,7.4335],[-72.892,7.42],[-72.877,7.406],[-72.872,7.3875],[-72.8505,7.3735],[-72.856,7.363],[-72.8405,7.3615],[-72.837,7.3555],[-72.8395,7.3425],[-72.8395,7.3215],[-72.843,7.3155],[-72.834,7.3045],[-72.856,7.2845],[-72.87,7.278],[-72.876,7.2635],[-72.868,7.2575],[-72.8645,7.244],[-72.8655,7.2335],[-72.857,7.2255],[-72.856,7.2165],[-72.8345,7.199],[-72.841,7.195],[-72.8415,7.1745],[-72.8435,7.166],[-72.8585,7.1535],[-72.8465,7.1355],[-72.8565,7.1175],[-72.868,7.1085],[-72.882,7.0825],[-72.884,7.069],[-72.8775,7.056],[-72.855,7.0555],[-72.84,7.0445],[-72.8275,7.0465],[-72.824,7.041],[-72.8095,7.0375],[-72.79,7.0375],[-72.7845,7.0315],[-72.7855,7.0235],[-72.7575,7.013],[-72.751,7.0045],[-72.746,6.9895],[-72.7395,6.9845],[-72.7265,6.992],[-72.7225,7.0045],[-72.709,7.005],[-72.6995,7.001],[-72.6925,7.008],[-72.6845,7.0095],[-72.678,7.003],[-72.673,6.987],[-72.671,6.972],[-72.657,6.985],[-72.6575,6.9915],[-72.648,6.9975],[-72.6315,6.987],[-72.621,6.9875],[-72.614,6.9935],[-72.6,6.9895],[-72.5895,6.9975],[-72.5745,7.002],[-72.5625,7],[-72.553,6.985],[-72.5545,6.969],[-72.5435,6.952],[-72.542,6.9365],[-72.5525,6.9215],[-72.553,6.9095],[-72.548,6.9025],[-72.547,6.891],[-72.5255,6.8865],[-72.5135,6.888],[-72.512,6.9035],[-72.503,6.908],[-72.4965,6.9215],[-72.488,6.9245],[-72.474,6.9125],[-72.4645,6.9015],[-72.44,6.8915],[-72.4325,6.883],[-72.4225,6.8815],[-72.4085,6.8745],[-72.3925,6.872],[-72.3785,6.8845],[-72.3615,6.894],[-72.3525,6.8915],[-72.35,6.899],[-72.3375,6.908],[-72.325,6.9225],[-72.3135,6.932],[-72.304,6.956],[-72.302,6.9685],[-72.2915,6.9945],[-72.283,7.0085],[-72.2765,7.013],[-72.2535,7.008],[-72.2555,6.985],[-72.245,6.977],[-72.2205,6.9865],[-72.22,6.9905],[-72.2045,7.012],[-72.2055,7.023],[-72.1985,7.034],[-72.1995,7.041],[-72.1905,7.0475],[-72.184,7.039],[-72.183,7.029],[-72.173,7.0345],[-72.1675,7.0455],[-72.162,7.047],[-72.1545,7.0345],[-72.1465,7.0335],[-72.148,7.0175],[-72.141,7.0095],[-72.1135,6.997],[-72.106,7.013],[-72.094,7.0225],[-72.0815,7.0455],[-72.068,7.046],[-72.0475,7.0385]]]},"properties":{"divipola_dep":"54","divipola_dep_n":54,"dpto_nombre":"NORTE DE SANTANDER","area_km2":21939.8366}},
{"type":"Feature","geometry":{"type":"Polygon","coordinates":[[[-75.7135,4.714],[-75.707,4.657],[-75.725,4.652],[-75.7365,4.655],[-75.758,4.6505],[-75.772,4.6545],[-75.7825,4.6525],[-75.7895,4.66],[-75.8065,4.6575],[-75.825,4.6635],[-75.8365,4.644],[-75.8475,4.6385],[-75.849,4.63],[-75.867,4.608],[-75.86,4.5945],[-75.871,4.5865],[-75.8725,4.579],[-75.8675,4.5725],[-75.8705,4.5475],[-75.879,4.539],[-75.8775,4.5255],[-75.8715,4.5235],[-75.8705,4.5125],[-75.8725,4.499],[-75.8785,4.485],[-75.872,4.4805],[-75.8735,4.4715],[-75.881,4.469],[-75.879,4.4605],[-75.8695,4.4545],[-75.8815,4.4485],[-75.888,4.439],[-75.8875,4.43],[-75.8955,4.4235],[-75.8845,4.411],[-75.8695,4.41],[-75.8585,4.415],[-75.84,4.4015],[-75.8285,4.4075],[-75.803,4.396],[-75.8045,4.385],[-75.8035,4.368],[-75.79,4.3535],[-75.7935,4.3415],[-75.7915,4.3345],[-75.7965,4.322],[-75.795,4.304],[-75.7875,4.2945],[-75.793,4.2855],[-75.7985,4.264],[-75.808,4.255],[-75.8105,4.2475],[-75.8225,4.2285],[-75.825,4.212],[-75.8195,4.2025],[-75.8275,4.182],[-75.833,4.174],[-75.838,4.159],[-75.842,4.156],[-75.841,4.122],[-75.834,4.11],[-75.8395,4.1015],[-75.8025,4.0935],[-75.7885,4.088],[-75.7745,4.076],[-75.7525,4.0775],[-75.747,4.0955],[-75.732,4.104],[-75.7335,4.1135],[-75.7195,4.113],[-75.7145,4.1265],[-75.6965,4.132],[-75.6915,4.139],[-75.6925,4.1525],[-75.6885,4.167],[-75.669,4.185],[-75.6665,4.194],[-75.656,4.2005],[-75.6545,4.2145],[-75.6575,4.223],[-75.648,4.2305],[-75.6435,4.246],[-75.6235,4.2575],[-75.617,4.2725],[-75.6065,4.2725],[-75.596,4.2825],[-75.6045,4.289],[-75.598,4.3105],[-75.593,4.3185],[-75.6005,4.334],[-75.593,4.3485],[-75.5935,4.362],[-75.583,4.3865],[-75.579,4.4095],[-75.583,4.4285],[-75.578,4.4335],[-75.5775,4.452],[-75.5705,4.457],[-75.5605,4.471],[-75.5525,4.4735],[-75.5355,4.4945],[-75.5245,4.4985],[-75.5275,4.514],[-75.522,4.527],[-75.5245,4.5395],[-75.515,4.5555],[-75.506,4.559],[-75.49,4.5695],[-75.4845,4.582],[-75.472,4.588],[-75.469,4.5985],[-75.458,4.602],[-75.436,4.603],[-75.421,4.611],[-75.4155,4.6225],[-75.416,4.634],[-75.422,4.6435],[-75.4215,4.6585],[-75.416,4.671],[-75.408,4.6785],[-75.401,4.6905],[-75.387,4.6995],[-75.3835,4.7085],[-75.3885,4.7155],[-75.396,4.7155],[-75.408,4.708],[-75.4115,4.6995],[-75.423,4.6935],[-75.4335,4.6965],[-75.441,4.681],[-75.4645,4.6795],[-75.4795,4.663],[-75.492,4.6665],[-75.501,4.676],[-75.5075,4.6875],[-75.515,4.6935],[-75.526,4.693],[-75.5455,4.701],[-75.561,4.6995],[-75.5825,4.7075],[-75.594,4.703],[-75.6065,4.7095],[-75.6145,4.7015],[-75.6395,4.706],[-75.647,4.709],[-75.66,4.7],[-75.6685,4.703],[-75.6835,4.7145],[-75.698,4.721],[-75.7135,4.714]]]},"properties":{"divipola_dep":"63","divipola_dep_n":63,"dpto_nombre":"QUINDÍO","area_km2":1933.1591}},
{"type":"Feature","geometry":{"type":"Polygon","coordinates":[[[-76.009,5.5675],[-76.025,5.5635],[-76.037,5.567],[-76.0535,5.5525],[-76.072,5.5485],[-76.0855,5.5345],[-76.0795,5.5245],[-76.0755,5.4995],[-76.0805,5.485],[-76.078,5.4715],[-76.089,5.4455],[-76.098,5.449],[-76.1095,5.442],[-76.1185,5.422],[-76.1435,5.417],[-76.1565,5.412],[-76.168,5.4105],[-76.179,5.402],[-76.185,5.4155],[-76.191,5.4145],[-76.1905,5.397],[-76.1955,5.383],[-76.204,5.3655],[-76.201,5.36],[-76.2065,5.349],[-76.2015,5.338],[-76.2015,5.322],[-76.1935,5.3135],[-76.191,5.304],[-76.1775,5.2885],[-76.1735,5.2605],[-76.164,5.255],[-76.1625,5.2475],[-76.1505,5.2415],[-76.1425,5.234],[-76.141,5.222],[-76.1425,5.206],[-76.1385,5.203],[-76.1335,5.185],[-76.1245,5.173],[-76.1115,5.1695],[-76.1035,5.1635],[-76.0965,5.165],[-76.077,5.1525],[-76.077,5.1465],[-76.0605,5.136],[-76.059,5.1165],[-76.062,5.1015],[-76.07,5.095],[-76.069,5.0755],[-76.077,5.047],[-76.0795,5.0405],[-76.064,5.0155],[-76.049,5.007],[-76.044,4.993],[-76.046,4.986],[-76.0405,4.9795],[-76.0325,4.962],[-76.034,4.957],[-76.0275,4.9385],[-76.021,4.936],[-76.009,4.924],[-75.989,4.913],[-75.986,4.905],[-75.9895,4.8825],[-75.9875,4.874],[-75.975,4.8615],[-75.9675,4.86],[-75.958,4.8645],[-75.943,4.857],[-75.939,4.861],[-75.928,4.8625],[-75.9145,4.8725],[-75.9115,4.8615],[-75.901,4.853],[-75.9055,4.8485],[-75.9025,4.837],[-75.9095,4.829],[-75.9105,4.8175],[-75.9205,4.8175],[-75.935,4.8095],[-75.9305,4.801],[-75.923,4.8025],[-75.9175,4.794],[-75.926,4.789],[-75.9295,4.769],[-75.9245,4.763],[-75.909,4.7525],[-75.897,4.759],[-75.889,4.7545],[-75.8785,4.7635],[-75.874,4.7715],[-75.864,4.773],[-75.853,4.779],[-75.848,4.777],[-75.845,4.7665],[-75.8485,4.7385],[-75.856,4.732],[-75.8435,4.7275],[-75.8315,4.738],[-75.8105,4.7275],[-75.8025,4.728],[-75.8,4.7215],[-75.7915,4.718],[-75.7745,4.719],[-75.76,4.711],[-75.7395,4.711],[-75.733,4.708],[-75.7135,4.714],[-75.698,4.721],[-75.6835,4.7145],[-75.6685,4.703],[-75.66,4.7],[-75.647,4.709],[-75.6395,4.706],[-75.6145,4.7015],[-75.6065,4.7095],[-75.594,4.703],[-75.5825,4.7075],[-75.561,4.6995],[-75.5455,4.701],[-75.526,4.693],[-75.515,4.6935],[-75.5075,4.6875],[-75.501,4.676],[-75.492,4.6665],[-75.4795,4.663],[-75.4645,4.6795],[-75.441,4.681],[-75.4335,4.6965],[-75.423,4.6935],[-75.4115,4.6995],[-75.408,4.708],[-75.396,4.7155],[-75.3885,4.7155],[-75.378,4.7305],[-75.388,4.7465],[-75.3775,4.769],[-75.38,4.7765],[-75.3765,4.788],[-75.3755,4.8025],[-75.383,4.8],[-75.4005,4.8075],[-75.411,4.809],[-75.427,4.8165],[-75.4315,4.8365],[-75.4375,4.839],[-75.4385,4.855],[-75.452,4.8695],[-75.459,4.8885],[-75.473,4.891],[-75.474,4.9025],[-75.4825,4.9075],[-75.483,4.9165],[-75.512,4.9245],[-75.5225,4.9225],[-75.5375,4.9165],[-75.5435,4.9285],[-75.5575,4.924],[-75.5645,4.938],[-75.5755,4.933],[-75.5905,4.933],[-75.597,4.9295],[-75.617,4.937],[-75.616,4.9455],[-75.6195,4.9625],[-75.624,4.9715],[-75.6365,4.9715],[-75.654,4.958],[-75.6525,4.951],[-75.666,4.9425],[-75.678,4.946],[-75.6825,4.943],[-75.6985,4.944],[-75.7075,4.954],[-75.714,4.9565],[-75.715,4.9765],[-75.7195,4.983],[-75.7235,4.9995],[-75.7295,5.013],[-75.734,5.017],[-75.7465,5.0465],[-75.7585,5.038],[-75.7635,5.0235],[-75.7725,5.02],[-75.777,5.0065],[-75.784,4.9995],[-75.7865,4.984],[-75.793,4.9805],[-75.7915,4.973],[-75.796,4.9665],[-75.7885,4.9495],[-75.7925,4.937],[-75.8005,4.937],[-75.815,4.9195],[-75.8215,4.9205],[-75.84,4.9295],[-75.856,4.9305],[-75.864,4.938],[-75.8605,4.942],[-75.88,4.9515],[-75.8825,4.959],[-75.8905,4.96],[-75.8965,4.9725],[-75.8975,4.983],[-75.9035,4.992],[-75.9025,5.0125],[-75.904,5.0235],[-75.913,5.029],[-75.9225,5.0455],[-75.9125,5.0735],[-75.9175,5.0785],[-75.9155,5.086],[-75.909,5.091],[-75.899,5.1065],[-75.8995,5.118],[-75.8885,5.1165],[-75.892,5.131],[-75.877,5.133],[-75.855,5.112],[-75.8445,5.108],[-75.8355,5.1175],[-75.8365,5.1285],[-75.8325,5.137],[-75.8335,5.1505],[-75.8275,5.154],[-75.824,5.1675],[-75.8025,5.198],[-75.808,5.21],[-75.8035,5.2245],[-75.805,5.2355],[-75.8205,5.2435],[-75.825,5.2595],[-75.8235,5.27],[-75.814,5.271],[-75.8035,5.281],[-75.787,5.285],[-75.773,5.274],[-75.763,5.2735],[-75.7545,5.283],[-75.7485,5.2845],[-75.746,5.275],[-75.73,5.2655],[-75.719,5.2615],[-75.6995,5.2615],[-75.6935,5.255],[-75.6685,5.266],[-75.665,5.271],[-75.662,5.29],[-75.648,5.3085],[-75.659,5.318],[-75.662,5.3315],[-75.6665,5.3385],[-75.666,5.354],[-75.678,5.3545],[-75.69,5.371],[-75.698,5.3775],[-75.6985,5.388],[-75.7125,5.386],[-75.721,5.395],[-75.7395,5.3975],[-75.7475,5.386],[-75.7625,5.387],[-75.792,5.3655],[-75.795,5.368],[-75.8105,5.362],[-75.8285,5.3675],[-75.8475,5.3695],[-75.858,5.377],[-75.8525,5.4015],[-75.8525,5.4185],[-75.858,5.427],[-75.858,5.438],[-75.8635,5.4425],[-75.8655,5.475],[-75.868,5.49],[-75.8745,5.4905],[-75.8835,5.4835],[-75.905,5.48],[-75.9095,5.487],[-75.9225,5.493],[-75.9305,5.508],[-75.936,5.51],[-75.9535,5.509],[-75.9695,5.5125],[-75.983,5.519],[-75.988,5.5285],[-75.988,5.5375],[-75.9985,5.541],[-76.0025,5.56],[-76.009,5.5675]]]},"properties":{"divipola_dep":"66","divipola_dep_n":66,"dpto_nombre":"RISARALDA","area_km2":3556.4336}},
{"type":"Feature","geometry":{"type":"Polygon","coordinates":[[[-74.5265,6.2735],[-74.529,6.263],[-74.5205,6.2505],[-74.5225,6.244],[-74.511,6.2305],[-74.513,6.224],[-74.5055,6.2135],[-74.4995,6.213],[-74.483,6.2],[-74.4755,6.204],[-74.473,6.18],[-74.478,6.1565],[-74.4695,6.1545],[-74.4525,6.1355],[-74.4555,6.1265],[-74.45,6.105],[-74.4515,6.0995],[-74.431,6.0875],[-74.412,6.0885],[-74.401,6.079],[-74.398,6.061],[-74.3895,6.0565],[-74.379,6.0395],[-74.369,6.0465],[-74.362,6.0395],[-74.3475,6.039],[-74.344,6.052],[-74.338,6.0625],[-74.3195,6.0705],[-74.3035,6.0745],[-74.298,6.084],[-74.287,6.0825],[-74.2585,6.0655],[-74.258,6.0605],[-74.2635,6.0445],[-74.264,6.0305],[-74.261,6.0155],[-74.2465,5.994],[-74.2385,5.988],[-74.222,5.968],[-74.237,5.945],[-74.2375,5.936],[-74.2275,5.931],[-74.2245,5.9235],[-74.228,5.9125],[-74.239,5.897],[-74.2525,5.892],[-74.258,5.883],[-74.273,5.872],[-74.2745,5.8645],[-74.2705,5.8545],[-74.266,5.8345],[-74.244,5.8335],[-74.226,5.839],[-74.2145,5.854],[-74.2025,5.851],[-74.195,5.8555],[-74.1945,5.8655],[-74.199,5.87],[-74.1975,5.878],[-74.1895,5.884],[-74.1875,5.899],[-74.1805,5.911],[-74.166,5.898],[-74.1475,5.89],[-74.1335,5.876],[-74.113,5.8755],[-74.107,5.879],[-74.0915,5.8585],[-74.089,5.8415],[-74.082,5.8375],[-74.0795,5.8185],[-74.0645,5.8155],[-74.0595,5.8205],[-74.0265,5.807],[-74.028,5.8035],[-74.021,5.782],[-74.011,5.7745],[-74.014,5.765],[-74.008,5.763],[-73.999,5.749],[-73.998,5.741],[-73.9825,5.721],[-73.962,5.7395],[-73.945,5.736],[-73.9255,5.743],[-73.916,5.7365],[-73.9045,5.74],[-73.8855,5.735],[-73.888,5.73],[-73.878,5.718],[-73.883,5.7075],[-73.862,5.711],[-73.854,5.7265],[-73.837,5.7395],[-73.8235,5.7405],[-73.819,5.7375],[-73.819,5.7155],[-73.8125,5.715],[-73.804,5.7245],[-73.7945,5.7295],[-73.79,5.74],[-73.782,5.747],[-73.765,5.7715],[-73.7515,5.7685],[-73.736,5.7725],[-73.7255,5.771],[-73.711,5.7765],[-73.7015,5.7695],[-73.6935,5.7575],[-73.6845,5.751],[-73.673,5.7485],[-73.6635,5.728],[-73.6515,5.7145],[-73.647,5.7135],[-73.639,5.724],[-73.636,5.738],[-73.6295,5.7475],[-73.629,5.7625],[-73.626,5.7685],[-73.629,5.7895],[-73.6205,5.8185],[-73.619,5.827],[-73.6075,5.8485],[-73.6,5.8695],[-73.6115,5.887],[-73.6305,5.894],[-73.6315,5.9055],[-73.6215,5.9245],[-73.6075,5.9305],[-73.594,5.956],[-73.591,5.9655],[-73.592,5.9805],[-73.586,6.0065],[-73.582,6.012],[-73.5655,6.0185],[-73.5595,6.029],[-73.548,6.032],[-73.5395,6.0375],[-73.535,6.049],[-73.5275,6.0585],[-73.5255,6.0775],[-73.514,6.0875],[-73.513,6.0995],[-73.4975,6.108],[-73.49,6.1015],[-73.4715,6.095],[-73.458,6.0845],[-73.4295,6.0685],[-73.4215,6.072],[-73.412,6.06],[-73.403,6.0545],[-73.389,6.031],[-73.3875,6.023],[-73.3775,6.0105],[-73.3715,6.006],[-73.3715,5.9915],[-73.3745,5.988],[-73.3765,5.9625],[-73.387,5.947],[-73.3865,5.936],[-73.3975,5.921],[-73.396,5.9155],[-73.4015,5.9015],[-73.412,5.891],[-73.4205,5.8895],[-73.434,5.8985],[-73.4445,5.902],[-73.4565,5.89],[-73.449,5.88],[-73.451,5.8665],[-73.459,5.8525],[-73.4735,5.817],[-73.4595,5.813],[-73.45,5.804],[-73.4395,5.8005],[-73.4315,5.793],[-73.432,5.7835],[-73.4275,5.775],[-73.427,5.7655],[-73.4175,5.769],[-73.41,5.7625],[-73.398,5.759],[-73.3905,5.751],[-73.379,5.7635],[-73.3715,5.7865],[-73.3595,5.7985],[-73.3565,5.817],[-73.351,5.823],[-73.3535,5.8315],[-73.3455,5.842],[-73.3505,5.8515],[-73.3425,5.8615],[-73.33,5.852],[-73.3165,5.855],[-73.29,5.8505],[-73.282,5.859],[-73.269,5.8525],[-73.264,5.8445],[-73.266,5.837],[-73.259,5.8315],[-73.2515,5.8185],[-73.2465,5.816],[-73.229,5.825],[-73.2065,5.826],[-73.195,5.835],[-73.184,5.8505],[-73.1975,5.873],[-73.2035,5.8765],[-73.2095,5.8905],[-73.221,5.8905],[-73.2195,5.9125],[-73.2085,5.921],[-73.2175,5.936],[-73.224,5.9425],[-73.2195,5.96],[-73.2185,5.9815],[-73.2105,5.988],[-73.1995,6.003],[-73.1755,5.9945],[-73.155,5.9785],[-73.154,5.9685],[-73.1425,5.961],[-73.1305,5.9595],[-73.1125,5.964],[-73.1015,5.962],[-73.09,5.9645],[-73.081,5.97],[-73.0775,5.9775],[-73.0675,5.9825],[-73.062,6.011],[-73.041,6.022],[-73.0315,6.023],[-73.0275,6.0115],[-73.028,5.9965],[-73.0215,5.9915],[-73.0205,5.978],[-73.014,5.965],[-73.009,5.9645],[-72.997,5.985],[-72.991,5.988],[-72.983,6.01],[-72.962,6.0285],[-72.96,6.0435],[-72.953,6.0495],[-72.954,6.065],[-72.9445,6.0765],[-72.9355,6.0785],[-72.9315,6.0855],[-72.923,6.088],[-72.9235,6.0985],[-72.916,6.1075],[-72.9075,6.1075],[-72.9,6.1125],[-72.8935,6.124],[-72.873,6.1245],[-72.8685,6.1445],[-72.8435,6.144],[-72.8315,6.149],[-72.8255,6.158],[-72.826,6.1655],[-72.82,6.181],[-72.8115,6.192],[-72.804,6.2155],[-72.7935,6.219],[-72.7795,6.2105],[-72.775,6.2105],[-72.767,6.2205],[-72.755,6.219],[-72.7445,6.2355],[-72.7485,6.238],[-72.7495,6.2525],[-72.744,6.2595],[-72.746,6.275],[-72.755,6.2805],[-72.7545,6.296],[-72.7585,6.306],[-72.7575,6.317],[-72.75,6.3235],[-72.7505,6.3355],[-72.7485,6.3475],[-72.7315,6.357],[-72.7315,6.3665],[-72.7255,6.372],[-72.733,6.3855],[-72.735,6.4085],[-72.735,6.432],[-72.7375,6.4415],[-72.7255,6.456],[-72.728,6.464],[-72.737,6.473],[-72.736,6.4905],[-72.748,6.4945],[-72.756,6.494],[-72.7655,6.4995],[-72.7725,6.5085],[-72.774,6.5205],[-72.779,6.5295],[-72.7945,6.53],[-72.8095,6.5425],[-72.806,6.546],[-72.804,6.5605],[-72.7955,6.569],[-72.7665,6.583],[-72.7595,6.581],[-72.748,6.57],[-72.7435,6.559],[-72.73,6.5515],[-72.721,6.554],[-72.712,6.543],[-72.704,6.5395],[-72.6965,6.5265],[-72.694,6.514],[-72.687,6.5085],[-72.6795,6.4895],[-72.678,6.478],[-72.6605,6.443],[-72.6495,6.4365],[-72.6215,6.441],[-72.6025,6.4515],[-72.602,6.458],[-72.5925,6.4635],[-72.583,6.4765],[-72.568,6.4835],[-72.5565,6.4865],[-72.539,6.488],[-72.5345,6.496],[-72.545,6.504],[-72.5445,6.514],[-72.5495,6.5215],[-72.541,6.537],[-72.5365,6.5405],[-72.5375,6.554],[-72.546,6.567],[-72.5425,6.583],[-72.5375,6.5885],[-72.527,6.5915],[-72.5205,6.6045],[-72.52,6.6175],[-72.5135,6.6275],[-72.497,6.634],[-72.4985,6.6395],[-72.4855,6.657],[-72.487,6.676],[-72.491,6.681],[-72.485,6.6955],[-72.488,6.716],[-72.4975,6.7245],[-72.499,6.7345],[-72.4875,6.7435],[-72.491,6.7595],[-72.4975,6.7665],[-72.4955,6.783],[-72.4985,6.7985],[-72.4825,6.8115],[-72.4835,6.8215],[-72.478,6.8355],[-72.4785,6.843],[-72.487,6.8525],[-72.4915,6.8665],[-72.4985,6.868],[-72.5025,6.882],[-72.4965,6.886],[-72.4965,6.8965],[-72.503,6.908],[-72.512,6.9035],[-72.5135,6.888],[-72.5255,6.8865],[-72.547,6.891],[-72.548,6.9025],[-72.553,6.9095],[-72.5525,6.9215],[-72.542,6.9365],[-72.5435,6.952],[-72.5545,6.969],[-72.553,6.985],[-72.5625,7],[-72.5745,7.002],[-72.5895,6.9975],[-72.6,6.9895],[-72.614,6.9935],[-72.621,6.9875],[-72.6315,6.987],[-72.648,6.9975],[-72.6575,6.9915],[-72.657,6.985],[-72.671,6.972],[-72.673,6.987],[-72.678,7.003],[-72.6845,7.0095],[-72.6925,7.008],[-72.6995,7.001],[-72.709,7.005],[-72.7225,7.0045],[-72.7265,6.992],[-72.7395,6.9845],[-72.746,6.9895],[-72.751,7.0045],[-72.7575,7.013],[-72.7855,7.0235],[-72.7845,7.0315],[-72.79,7.0375],[-72.8095,7.0375],[-72.824,7.041],[-72.8275,7.0465],[-72.84,7.0445],[-72.855,7.0555],[-72.8775,7.056],[-72.884,7.069],[-72.882,7.0825],[-72.868,7.1085],[-72.8565,7.1175],[-72.8465,7.1355],[-72.8585,7.1535],[-72.8435,7.166],[-72.8415,7.1745],[-72.841,7.195],[-72.8345,7.199],[-72.856,7.2165],[-72.857,7.2255],[-72.8655,7.2335],[-72.8645,7.244],[-72.868,7.2575],[-72.876,7.2635],[-72.87,7.278],[-72.856,7.2845],[-72.834,7.3045],[-72.843,7.3155],[-72.8395,7.3215],[-72.8395,7.3425],[-72.837,7.3555],[-72.8405,7.3615],[-72.856,7.363],[-72.8505,7.3735],[-72.872,7.3875],[-72.877,7.406],[-72.892,7.42],[-72.9005,7.4335],[-72.9015,7.4455],[-72.893,7.4745],[-72.902,7.477],[-72.911,7.4895],[-72.928,7.495],[-72.9315,7.504],[-72.9395,7.5125],[-72.968,7.5215],[-72.9785,7.529],[-72.9775,7.539],[-72.985,7.5495],[-72.984,7.5565],[-72.992,7.5975],[-72.98,7.6135],[-72.9825,7.6205],[-73.0035,7.6185],[-73.012,7.6225],[-73.023,7.6205],[-73.0345,7.623],[-73.0485,7.6065],[-73.0605,7.6105],[-73.0905,7.61],[-73.1005,7.6195],[-73.1205,7.6085],[-73.131,7.614],[-73.1595,7.6205],[-73.1665,7.6255],[-73.1765,7.6195],[-73.1895,7.6205],[-73.205,7.629],[-73.212,7.6265],[-73.218,7.632],[-73.2285,7.6265],[-73.2365,7.6185],[-73.244,7.6],[-73.259,7.588],[-73.259,7.5795],[-73.2535,7.575],[-73.2475,7.5585],[-73.2525,7.538],[-73.263,7.5305],[-73.27,7.5395],[-73.278,7.54],[-73.2815,7.548],[-73.2985,7.5485],[-73.3095,7.546],[-73.32,7.549],[-73.355,7.5445],[-73.3635,7.5475],[-73.3715,7.5655],[-73.387,7.582],[-73.399,7.5765],[-73.3955,7.568],[-73.4075,7.565],[-73.4395,7.574],[-73.4445,7.572],[-73.4625,7.5745],[-73.477,7.5855],[-73.4885,7.589],[-73.489,7.5935],[-73.505,7.5955],[-73.51,7.6055],[-73.5085,7.6115],[-73.5205,7.6245],[-73.517,7.637],[-73.527,7.6445],[-73.537,7.663],[-73.543,7.6625],[-73.5545,7.6695],[-73.561,7.677],[-73.557,7.6875],[-73.573,7.6985],[-73.582,7.6955],[-73.597,7.7015],[-73.6025,7.713],[-73.599,7.724],[-73.614,7.731],[-73.6205,7.74],[-73.632,7.7415],[-73.633,7.749],[-73.7525,7.7505],[-73.7585,7.752],[-73.756,7.7645],[-73.751,7.7735],[-73.738,7.7865],[-73.7415,7.796],[-73.751,7.8035],[-73.751,7.82],[-73.7435,7.831],[-73.7245,7.8375],[-73.7245,7.8435],[-73.71,7.863],[-73.701,7.8655],[-73.69,7.8835],[-73.6755,7.8885],[-73.6705,7.8945],[-73.672,7.907],[-73.6775,7.913],[-73.6725,7.9275],[-73.6765,7.943],[-73.684,7.9405],[-73.6865,7.9505],[-73.695,7.95],[-73.7095,7.97],[-73.7165,7.966],[-73.724,7.9685],[-73.7195,7.983],[-73.727,7.9925],[-73.7205,7.9975],[-73.7255,8.0065],[-73.722,8.0115],[-73.7375,8.025],[-73.7325,8.0305],[-73.744,8.041],[-73.744,8.053],[-73.751,8.06],[-73.7645,8.0635],[-73.773,8.092],[-73.786,8.096],[-73.7885,8.1075],[-73.777,8.103],[-73.7695,8.1165],[-73.7735,8.123],[-73.7755,8.145],[-73.7865,8.1345],[-73.807,8.1305],[-73.8125,8.119],[-73.8235,8.1055],[-73.8305,8.1025],[-73.8465,8.0885],[-73.856,8.0835],[-73.8665,8.07],[-73.8665,8.053],[-73.8715,8.019],[-73.869,7.9895],[-73.8615,7.9715],[-73.839,7.9505],[-73.831,7.932],[-73.834,7.927],[-73.8325,7.9125],[-73.8355,7.9035],[-73.834,7.885],[-73.821,7.865],[-73.82,7.848],[-73.822,7.826],[-73.8105,7.809],[-73.8065,7.7915],[-73.798,7.7715],[-73.818,7.743],[-73.828,7.739],[-73.8305,7.727],[-73.8205,7.719],[-73.811,7.706],[-73.8155,7.692],[-73.809,7.67],[-73.798,7.657],[-73.8035,7.6445],[-73.812,7.647],[-73.8185,7.6365],[-73.811,7.624],[-73.8145,7.61],[-73.827,7.6045],[-73.8305,7.5755],[-73.84,7.5675],[-73.8465,7.5415],[-73.854,7.5325],[-73.865,7.5335],[-73.87,7.524],[-73.8775,7.517],[-73.8795,7.508],[-73.8895,7.5035],[-73.91,7.498],[-73.9165,7.4815],[-73.917,7.472],[-73.908,7.461],[-73.909,7.4535],[-73.902,7.446],[-73.8955,7.4315],[-73.896,7.409],[-73.901,7.386],[-73.9075,7.3815],[-73.904,7.359],[-73.9105,7.3285],[-73.9135,7.3185],[-73.916,7.2955],[-73.9245,7.2675],[-73.924,7.2555],[-73.92,7.242],[-73.925,7.2075],[-73.939,7.1825],[-73.938,7.1715],[-73.933,7.1635],[-73.9305,7.151],[-73.933,7.125],[-73.9295,7.1155],[-73.9185,7.105],[-73.9125,7.095],[-73.8995,7.084],[-73.888,7.07],[-73.888,7.0595],[-73.8835,7.034],[-73.8815,7.013],[-73.8855,7.002],[-73.898,6.986],[-73.9155,6.969],[-73.924,6.9675],[-73.9355,6.955],[-73.949,6.952],[-73.9745,6.936],[-73.9875,6.9295],[-73.998,6.919],[-74.0105,6.9135],[-74.023,6.8915],[-74.039,6.8765],[-74.051,6.869],[-74.0635,6.8565],[-74.0675,6.8495],[-74.079,6.8395],[-74.08,6.8245],[-74.095,6.8025],[-74.0965,6.7975],[-74.115,6.7655],[-74.133,6.755],[-74.1425,6.7565],[-74.1595,6.736],[-74.168,6.734],[-74.1775,6.725],[-74.193,6.72],[-74.206,6.7225],[-74.231,6.7105],[-74.2455,6.694],[-74.2565,6.675],[-74.2765,6.6635],[-74.293,6.6575],[-74.312,6.6545],[-74.3285,6.631],[-74.346,6.6345],[-74.3595,6.633],[-74.3675,6.623],[-74.38,6.616],[-74.3875,6.6035],[-74.4045,6.594],[-74.409,6.5865],[-74.4075,6.576],[-74.403,6.568],[-74.4065,6.5495],[-74.403,6.5275],[-74.3945,6.506],[-74.3945,6.494],[-74.4045,6.4775],[-74.4045,6.471],[-74.397,6.452],[-74.391,6.4435],[-74.374,6.429],[-74.3685,6.415],[-74.373,6.406],[-74.3905,6.394],[-74.4205,6.3925],[-74.4405,6.371],[-74.445,6.3565],[-74.4465,6.3405],[-74.4505,6.332],[-74.4725,6.3105],[-74.485,6.3055],[-74.497,6.295],[-74.5005,6.289],[-74.516,6.282],[-74.5265,6.2735]]]},"properties":{"divipola_dep":"68","divipola_dep_n":68,"dpto_nombre":"SANTANDER","area_km2":30436.3116}},
{"type":"Feature","geometry":{"type":"Polygon","coordinates":[[[-75.5735,10.0865],[-75.57,10.07],[-75.5765,10.0535],[-75.571,10.023],[-75.5745,10.0075],[-75.584,9.998],[-75.578,9.992],[-75.575,9.9825],[-75.576,9.9705],[-75.5815,9.9515],[-75.5955,9.935],[-75.593,9.9225],[-75.598,9.9055],[-75.606,9.892],[-75.6135,9.8865],[-75.621,9.8765],[-75.6195,9.864],[-75.6135,9.851],[-75.622,9.827],[-75.6195,9.8195],[-75.624,9.805],[-75.6315,9.787],[-75.645,9.775],[-75.641,9.7635],[-75.6495,9.7525],[-75.678,9.734],[-75.679,9.727],[-75.6875,9.7235],[-75.6915,9.711],[-75.6815,9.7045],[-75.655,9.7075],[-75.6455,9.7045],[-75.631,9.692],[-75.618,9.696],[-75.6095,9.69],[-75.603,9.6795],[-75.596,9.659],[-75.5835,9.647],[-75.5705,9.6185],[-75.5715,9.585],[-75.576,9.555],[-75.583,9.5315],[-75.597,9.49],[-75.6075,9.4685],[-75.625,9.441],[-75.636,9.428],[-75.6465,9.419],[-75.6525,9.4205],[-75.666,9.4085],[-75.6765,9.4035],[-75.6895,9.411],[-75.7,9.4115],[-75.706,9.3995],[-75.7015,9.3955],[-75.7045,9.372],[-75.689,9.3645],[-75.6875,9.356],[-75.6715,9.343],[-75.661,9.3575],[-75.6485,9.362],[-75.641,9.349],[-75.635,9.3525],[-75.625,9.347],[-75.615,9.3375],[-75.6135,9.3315],[-75.5995,9.3255],[-75.5955,9.31],[-75.5875,9.3025],[-75.594,9.2965],[-75.603,9.2995],[-75.6095,9.281],[-75.589,9.2785],[-75.584,9.273],[-75.5695,9.2795],[-75.5585,9.2715],[-75.5565,9.265],[-75.5485,9.26],[-75.51,9.2605],[-75.508,9.2735],[-75.499,9.2855],[-75.494,9.2725],[-75.496,9.262],[-75.4735,9.2445],[-75.4585,9.2385],[-75.4595,9.225],[-75.466,9.213],[-75.4655,9.2045],[-75.4595,9.192],[-75.458,9.1745],[-75.4665,9.158],[-75.458,9.1555],[-75.4545,9.148],[-75.445,9.1405],[-75.4355,9.1405],[-75.4305,9.1495],[-75.423,9.1505],[-75.4105,9.145],[-75.392,9.1595],[-75.379,9.1485],[-75.3795,9.137],[-75.365,9.1395],[-75.3555,9.1365],[-75.356,9.1285],[-75.3465,9.1235],[-75.336,9.131],[-75.328,9.1265],[-75.321,9.1155],[-75.3105,9.1175],[-75.311,9.0965],[-75.303,9.0905],[-75.2975,9.0965],[-75.293,9.0805],[-75.2865,9.081],[-75.281,9.073],[-75.2715,9.077],[-75.257,9.0715],[-75.2495,9.072],[-75.236,9.067],[-75.224,9.073],[-75.209,9.05],[-75.212,9.0355],[-75.2075,9.0065],[-75.2025,9],[-75.1865,8.9865],[-75.188,8.9675],[-75.1805,8.967],[-75.1685,8.9525],[-75.1675,8.9445],[-75.1715,8.929],[-75.188,8.944],[-75.192,8.936],[-75.1805,8.9295],[-75.1865,8.9145],[-75.1925,8.92],[-75.2035,8.9155],[-75.217,8.916],[-75.2255,8.9075],[-75.2325,8.8945],[-75.2375,8.8935],[-75.2445,8.8825],[-75.2605,8.897],[-75.265,8.8955],[-75.271,8.912],[-75.278,8.9035],[-75.2835,8.9065],[-75.2895,8.897],[-75.287,8.89],[-75.296,8.872],[-75.309,8.8595],[-75.319,8.858],[-75.3315,8.8655],[-75.3355,8.8535],[-75.351,8.8505],[-75.3535,8.8405],[-75.3635,8.829],[-75.3715,8.8265],[-75.3675,8.81],[-75.369,8.792],[-75.363,8.7855],[-75.344,8.777],[-75.3335,8.758],[-75.324,8.7555],[-75.3235,8.7475],[-75.3315,8.746],[-75.328,8.7365],[-75.3295,8.7255],[-75.3405,8.72],[-75.336,8.7115],[-75.341,8.6945],[-75.3485,8.6905],[-75.354,8.671],[-75.3515,8.658],[-75.339,8.646],[-75.341,8.638],[-75.3305,8.614],[-75.3185,8.5905],[-75.3175,8.5755],[-75.322,8.5655],[-75.3285,8.5625],[-75.3305,8.553],[-75.3225,8.547],[-75.3245,8.5375],[-75.315,8.536],[-75.313,8.5285],[-75.3045,8.518],[-75.3145,8.5025],[-75.307,8.4965],[-75.289,8.5],[-75.2795,8.4915],[-75.2675,8.4875],[-75.2415,8.4875],[-75.236,8.4835],[-75.231,8.471],[-75.224,8.4815],[-75.2165,8.4855],[-75.2135,8.474],[-75.202,8.453],[-75.1925,8.4435],[-75.2095,8.4325],[-75.2085,8.422],[-75.1965,8.4215],[-75.196,8.4085],[-75.185,8.397],[-75.1775,8.4],[-75.1655,8.416],[-75.1565,8.419],[-75.1565,8.4335],[-75.145,8.43],[-75.14,8.434],[-75.13,8.45],[-75.135,8.46],[-75.128,8.4685],[-75.0855,8.466],[-75.0625,8.4535],[-75.056,8.466],[-75.0415,8.458],[-75.033,8.471],[-75.035,8.49],[-75.0335,8.499],[-75.024,8.497],[-75.0075,8.511],[-75.0085,8.5185],[-75.0025,8.5225],[-74.994,8.5095],[-74.926,8.4995],[-74.9275,8.4535],[-74.901,8.4545],[-74.8865,8.4325],[-74.8775,8.4145],[-74.874,8.403],[-74.8495,8.391],[-74.8405,8.394],[-74.8395,8.3845],[-74.808,8.3865],[-74.8035,8.369],[-74.813,8.3645],[-74.816,8.3715],[-74.828,8.3595],[-74.82,8.351],[-74.8125,8.3485],[-74.81,8.342],[-74.801,8.3375],[-74.7975,8.3265],[-74.789,8.313],[-74.798,8.308],[-74.8005,8.296],[-74.791,8.2835],[-74.781,8.278],[-74.771,8.2795],[-74.7645,8.2945],[-74.748,8.299],[-74.735,8.2885],[-74.7245,8.287],[-74.723,8.301],[-74.7125,8.304],[-74.6855,8.2925],[-74.668,8.2955],[-74.6615,8.2895],[-74.6595,8.2795],[-74.65,8.2855],[-74.652,8.2985],[-74.6485,8.3135],[-74.6315,8.3265],[-74.616,8.3465],[-74.618,8.358],[-74.611,8.376],[-74.616,8.386],[-74.6075,8.407],[-74.598,8.4035],[-74.5865,8.386],[-74.5775,8.3855],[-74.561,8.39],[-74.5595,8.4045],[-74.5545,8.4135],[-74.54,8.426],[-74.5375,8.4465],[-74.5335,8.4525],[-74.5345,8.4765],[-74.546,8.4955],[-74.5565,8.5085],[-74.568,8.507],[-74.567,8.517],[-74.574,8.53],[-74.5725,8.5475],[-74.564,8.549],[-74.564,8.572],[-74.573,8.5815],[-74.5865,8.5895],[-74.594,8.591],[-74.5955,8.6005],[-74.588,8.6105],[-74.59,8.6165],[-74.5865,8.631],[-74.589,8.6375],[-74.5985,8.6515],[-74.592,8.6655],[-74.597,8.678],[-74.5945,8.6885],[-74.601,8.712],[-74.606,8.716],[-74.6085,8.7305],[-74.6005,8.74],[-74.6,8.745],[-74.61,8.7535],[-74.6065,8.763],[-74.5895,8.761],[-74.588,8.7675],[-74.576,8.7745],[-74.575,8.7855],[-74.564,8.7955],[-74.5395,8.8055],[-74.5565,8.825],[-74.5615,8.8265],[-74.565,8.837],[-74.586,8.841],[-74.582,8.848],[-74.579,8.869],[-74.5895,8.8715],[-74.592,8.887],[-74.599,8.903],[-74.6085,8.9195],[-74.6065,8.9315],[-74.6235,8.9305],[-74.6235,8.939],[-74.631,8.9545],[-74.639,8.977],[-74.652,8.989],[-74.6605,8.99],[-74.67,8.998],[-74.669,9.005],[-74.685,9.0115],[-74.705,9.008],[-74.7265,9.0155],[-74.737,9.016],[-74.7475,9.0275],[-74.7475,9.039],[-74.7555,9.0445],[-74.771,9.037],[-74.784,9.038],[-74.7855,9.047],[-74.8135,9.0505],[-74.828,9.062],[-74.829,9.0855],[-74.838,9.094],[-74.8385,9.1005],[-74.846,9.11],[-74.8465,9.122],[-74.8575,9.1325],[-74.8645,9.1485],[-74.8805,9.1605],[-74.8905,9.1585],[-74.903,9.1635],[-74.9065,9.174],[-74.9025,9.1935],[-74.9085,9.2005],[-74.91,9.2095],[-74.905,9.22],[-74.91,9.2445],[-74.9175,9.25],[-74.928,9.251],[-74.931,9.26],[-74.924,9.2685],[-74.931,9.2915],[-74.941,9.292],[-74.9425,9.3035],[-74.9375,9.309],[-74.933,9.3285],[-74.9435,9.335],[-74.9505,9.348],[-74.942,9.3515],[-74.93,9.3715],[-74.9225,9.389],[-74.922,9.3995],[-74.9125,9.416],[-74.8865,9.425],[-74.8995,9.433],[-74.9095,9.433],[-74.914,9.4405],[-74.9355,9.448],[-74.946,9.437],[-74.9545,9.434],[-74.9695,9.4355],[-74.981,9.4455],[-74.9965,9.4465],[-75.032,9.4665],[-75.0365,9.477],[-75.032,9.4825],[-75.027,9.4965],[-75.029,9.51],[-75.0215,9.5175],[-75.0205,9.525],[-75.0425,9.5405],[-75.0565,9.5325],[-75.069,9.5355],[-75.0775,9.5325],[-75.0845,9.538],[-75.085,9.5455],[-75.1185,9.574],[-75.1325,9.5805],[-75.133,9.596],[-75.154,9.6005],[-75.1675,9.6135],[-75.178,9.603],[-75.1855,9.611],[-75.1825,9.6155],[-75.188,9.6245],[-75.1675,9.6395],[-75.18,9.639],[-75.202,9.651],[-75.2295,9.651],[-75.2475,9.661],[-75.2545,9.66],[-75.2695,9.67],[-75.2695,9.685],[-75.2795,9.6855],[-75.3,9.67],[-75.3005,9.658],[-75.3145,9.653],[-75.324,9.6255],[-75.3375,9.634],[-75.3445,9.6435],[-75.362,9.646],[-75.3625,9.6305],[-75.3745,9.631],[-75.376,9.6465],[-75.3835,9.6505],[-75.3755,9.6575],[-75.3715,9.6755],[-75.379,9.6765],[-75.372,9.6895],[-75.3715,9.7],[-75.377,9.7035],[-75.372,9.7115],[-75.377,9.7155],[-75.367,9.726],[-75.36,9.7375],[-75.357,9.7515],[-75.347,9.7735],[-75.3355,9.812],[-75.341,9.822],[-75.3385,9.828],[-75.3525,9.8385],[-75.377,9.8495],[-75.379,9.86],[-75.3915,9.874],[-75.3935,9.881],[-75.417,9.885],[-75.4185,9.8905],[-75.398,9.8905],[-75.398,9.894],[-75.4215,9.893],[-75.433,9.897],[-75.4305,9.9095],[-75.4435,9.914],[-75.454,9.8995],[-75.4535,9.8935],[-75.4655,9.892],[-75.469,9.898],[-75.466,9.909],[-75.4765,9.917],[-75.4735,9.9225],[-75.478,9.935],[-75.464,9.961],[-75.4695,9.972],[-75.4775,9.9735],[-75.4775,9.9925],[-75.4705,10.0025],[-75.4845,10.007],[-75.476,10.0185],[-75.4915,10.0385],[-75.5015,10.0355],[-75.5105,10.025],[-75.5205,10.026],[-75.5335,10.0385],[-75.5425,10.039],[-75.545,10.0465],[-75.4975,10.1455],[-75.5735,10.0865]]]},"properties":{"divipola_dep":"70","divipola_dep_n":70,"dpto_nombre":"SUCRE","area_km2":10585.9129}},
{"type":"Feature","geometry":{"type":"Polygon","coordinates":[[[-75.3755,4.8025],[-75.3765,4.788],[-75.38,4.7765],[-75.3775,4.769],[-75.388,4.7465],[-75.378,4.7305],[-75.3885,4.7155],[-75.3835,4.7085],[-75.387,4.6995],[-75.401,4.6905],[-75.408,4.6785],[-75.416,4.671],[-75.4215,4.6585],[-75.422,4.6435],[-75.416,4.634],[-75.4155,4.6225],[-75.421,4.611],[-75.436,4.603],[-75.458,4.602],[-75.469,4.5985],[-75.472,4.588],[-75.4845,4.582],[-75.49,4.5695],[-75.506,4.559],[-75.515,4.5555],[-75.5245,4.5395],[-75.522,4.527],[-75.5275,4.514],[-75.5245,4.4985],[-75.5355,4.4945],[-75.5525,4.4735],[-75.5605,4.471],[-75.5705,4.457],[-75.5775,4.452],[-75.578,4.4335],[-75.583,4.4285],[-75.579,4.4095],[-75.583,4.3865],[-75.5935,4.362],[-75.593,4.3485],[-75.6005,4.334],[-75.593,4.3185],[-75.598,4.3105],[-75.6045,4.289],[-75.596,4.2825],[-75.6065,4.2725],[-75.617,4.2725],[-75.6235,4.2575],[-75.6435,4.246],[-75.648,4.2305],[-75.6575,4.223],[-75.6545,4.2145],[-75.656,4.2005],[-75.6665,4.194],[-75.669,4.185],[-75.6885,4.167],[-75.6925,4.1525],[-75.6915,4.139],[-75.6965,4.132],[-75.7145,4.1265],[-75.7195,4.113],[-75.7335,4.1135],[-75.732,4.104],[-75.747,4.0955],[-75.7525,4.0775],[-75.7475,4.0635],[-75.738,4.0555],[-75.748,4.04],[-75.7615,4.0245],[-75.7695,4.0205],[-75.7775,4.0035],[-75.784,4.008],[-75.7955,4.005],[-75.7915,3.971],[-75.7975,3.96],[-75.8055,3.953],[-75.809,3.937],[-75.8075,3.9305],[-75.82,3.9105],[-75.8285,3.9035],[-75.834,3.9095],[-75.842,3.897],[-75.857,3.883],[-75.8615,3.874],[-75.861,3.8625],[-75.853,3.8545],[-75.861,3.849],[-75.8645,3.8365],[-75.872,3.8245],[-75.8835,3.814],[-75.893,3.813],[-75.894,3.802],[-75.9035,3.7965],[-75.9015,3.785],[-75.9065,3.781],[-75.916,3.759],[-75.9155,3.751],[-75.922,3.7385],[-75.93,3.739],[-75.945,3.7265],[-75.9455,3.716],[-75.9555,3.7135],[-75.9605,3.7055],[-75.9605,3.6965],[-75.95,3.677],[-75.958,3.6635],[-75.9655,3.6645],[-75.9755,3.658],[-75.977,3.644],[-75.9885,3.6425],[-75.9935,3.636],[-75.9865,3.6235],[-75.9935,3.6095],[-75.9915,3.5995],[-75.9845,3.589],[-75.9895,3.5755],[-75.984,3.56],[-75.994,3.546],[-75.998,3.533],[-76.003,3.528],[-76.0015,3.52],[-76.0145,3.508],[-76.0275,3.487],[-76.0215,3.4795],[-76.027,3.4665],[-76.029,3.4525],[-76.037,3.4525],[-76.0415,3.4385],[-76.0385,3.4175],[-76.0425,3.4095],[-76.042,3.395],[-76.029,3.39],[-76.0315,3.3825],[-76.047,3.3745],[-76.0475,3.3655],[-76.061,3.3545],[-76.055,3.348],[-76.052,3.3365],[-76.056,3.3285],[-76.045,3.319],[-76.038,3.301],[-76.043,3.2885],[-76.0505,3.282],[-76.048,3.265],[-76.041,3.259],[-76.04,3.248],[-76.055,3.237],[-76.0595,3.2305],[-76.0555,3.2235],[-76.0525,3.219],[-76.0605,3.2025],[-76.07,3.196],[-76.084,3.2035],[-76.091,3.199],[-76.0915,3.1755],[-76.083,3.1725],[-76.078,3.165],[-76.086,3.1555],[-76.078,3.151],[-76.0725,3.1395],[-76.0765,3.1325],[-76.074,3.122],[-76.085,3.113],[-76.0965,3.112],[-76.1055,3.107],[-76.103,3.096],[-76.0925,3.097],[-76.0835,3.0915],[-76.0705,3.067],[-76.073,3.0495],[-76.053,3.0425],[-76.0465,3.044],[-76.044,3.0315],[-76.039,3.024],[-76.0415,3.016],[-76.0345,3.01],[-76.0215,3.005],[-76.02,2.9955],[-76.0265,2.9875],[-76.029,2.972],[-76.0255,2.9585],[-76.0285,2.9545],[-76.029,2.9405],[-75.9915,2.9825],[-75.983,2.9725],[-75.9815,2.956],[-75.9755,2.9475],[-75.9655,2.9445],[-75.958,2.935],[-75.955,2.9195],[-75.9425,2.922],[-75.9275,2.9215],[-75.9195,2.914],[-75.908,2.909],[-75.9065,2.8995],[-75.898,2.894],[-75.8935,2.898],[-75.884,2.897],[-75.882,2.8895],[-75.86,2.873],[-75.8465,2.871],[-75.8315,2.8745],[-75.821,2.883],[-75.8035,2.8855],[-75.797,2.8935],[-75.787,2.899],[-75.781,2.9115],[-75.763,2.917],[-75.767,2.9235],[-75.76,2.9435],[-75.75,2.9465],[-75.744,2.953],[-75.7285,2.9535],[-75.721,2.9615],[-75.7105,2.964],[-75.6985,2.976],[-75.6925,2.9935],[-75.6845,2.9895],[-75.66,2.9865],[-75.6475,2.9965],[-75.6355,2.994],[-75.627,3.0025],[-75.61,3.0315],[-75.6015,3.039],[-75.6,3.048],[-75.6055,3.058],[-75.618,3.0625],[-75.622,3.0755],[-75.6045,3.1035],[-75.6025,3.113],[-75.5885,3.118],[-75.5825,3.124],[-75.583,3.147],[-75.5885,3.1565],[-75.582,3.169],[-75.585,3.1755],[-75.5765,3.1885],[-75.5725,3.2005],[-75.575,3.2055],[-75.5725,3.218],[-75.5775,3.2215],[-75.5685,3.242],[-75.55,3.2565],[-75.5425,3.276],[-75.5305,3.2865],[-75.5315,3.291],[-75.522,3.302],[-75.523,3.3125],[-75.5275,3.3175],[-75.5195,3.325],[-75.5105,3.328],[-75.4965,3.322],[-75.486,3.332],[-75.4865,3.3455],[-75.479,3.361],[-75.4635,3.3545],[-75.445,3.357],[-75.4395,3.3475],[-75.426,3.353],[-75.4225,3.3605],[-75.413,3.3715],[-75.4065,3.3695],[-75.396,3.3775],[-75.38,3.3755],[-75.3715,3.387],[-75.3735,3.396],[-75.3665,3.4065],[-75.3565,3.403],[-75.3415,3.4055],[-75.3395,3.3995],[-75.3295,3.402],[-75.324,3.4075],[-75.321,3.418],[-75.3125,3.4145],[-75.3015,3.399],[-75.277,3.383],[-75.271,3.384],[-75.2595,3.377],[-75.2505,3.3675],[-75.245,3.387],[-75.2465,3.3915],[-75.2415,3.4045],[-75.2275,3.416],[-75.221,3.412],[-75.201,3.4095],[-75.2,3.3845],[-75.173,3.3785],[-75.175,3.3985],[-75.174,3.4085],[-75.1655,3.4145],[-75.1575,3.4145],[-75.1495,3.435],[-75.1315,3.4305],[-75.1215,3.433],[-75.0655,3.4315],[-75.046,3.4315],[-75.034,3.4275],[-75.0425,3.417],[-75.042,3.407],[-75.028,3.3965],[-75.0325,3.386],[-75.043,3.385],[-75.057,3.378],[-75.0545,3.3605],[-75.06,3.352],[-75.0555,3.3425],[-75.055,3.3315],[-75.0635,3.3115],[-75.0705,3.302],[-75.067,3.294],[-75.044,3.29],[-75.0355,3.287],[-75.021,3.289],[-75.011,3.286],[-75.0045,3.2775],[-74.9955,3.277],[-74.99,3.283],[-74.98,3.2855],[-74.967,3.2835],[-74.959,3.277],[-74.934,3.286],[-74.9295,3.283],[-74.9175,3.2905],[-74.9075,3.2905],[-74.875,3.321],[-74.875,3.3265],[-74.8645,3.331],[-74.848,3.3425],[-74.8455,3.3565],[-74.8315,3.3695],[-74.8275,3.376],[-74.8255,3.389],[-74.815,3.396],[-74.818,3.402],[-74.8105,3.412],[-74.784,3.426],[-74.7765,3.4355],[-74.7645,3.4405],[-74.7615,3.4545],[-74.7715,3.464],[-74.781,3.479],[-74.783,3.4925],[-74.775,3.524],[-74.769,3.53],[-74.7575,3.532],[-74.747,3.528],[-74.7385,3.536],[-74.7285,3.5515],[-74.7265,3.562],[-74.734,3.5665],[-74.735,3.5795],[-74.7395,3.586],[-74.7295,3.5975],[-74.725,3.609],[-74.7175,3.615],[-74.7125,3.6105],[-74.701,3.6155],[-74.6965,3.642],[-74.6765,3.6665],[-74.676,3.671],[-74.664,3.673],[-74.6555,3.681],[-74.6405,3.6875],[-74.625,3.6985],[-74.615,3.712],[-74.605,3.7205],[-74.598,3.7225],[-74.588,3.7325],[-74.5865,3.739],[-74.57,3.754],[-74.5575,3.768],[-74.553,3.7845],[-74.5465,3.793],[-74.5465,3.8025],[-74.5415,3.8135],[-74.536,3.817],[-74.5365,3.8275],[-74.5315,3.8365],[-74.5345,3.843],[-74.5395,3.846],[-74.5285,3.8785],[-74.523,3.887],[-74.526,3.8955],[-74.5225,3.917],[-74.515,3.927],[-74.5115,3.9465],[-74.513,3.9535],[-74.531,3.9675],[-74.5335,3.9935],[-74.5255,4.014],[-74.5315,4.0335],[-74.5255,4.052],[-74.5085,4.078],[-74.4865,4.0965],[-74.4835,4.107],[-74.4765,4.1115],[-74.4755,4.1345],[-74.4835,4.147],[-74.4835,4.1765],[-74.5015,4.1875],[-74.5125,4.211],[-74.512,4.2185],[-74.519,4.2405],[-74.535,4.246],[-74.5435,4.2585],[-74.5625,4.272],[-74.58,4.2665],[-74.5885,4.2675],[-74.601,4.2625],[-74.6045,4.257],[-74.62,4.252],[-74.619,4.2385],[-74.6265,4.223],[-74.632,4.224],[-74.64,4.2155],[-74.6405,4.2105],[-74.655,4.2035],[-74.6565,4.2145],[-74.677,4.2065],[-74.689,4.208],[-74.7015,4.212],[-74.7005,4.2185],[-74.711,4.2325],[-74.722,4.231],[-74.734,4.248],[-74.7405,4.2425],[-74.752,4.259],[-74.7655,4.257],[-74.771,4.2605],[-74.7775,4.2725],[-74.777,4.282],[-74.797,4.288],[-74.8075,4.286],[-74.813,4.294],[-74.8335,4.2755],[-74.855,4.2685],[-74.8635,4.269],[-74.879,4.266],[-74.8895,4.292],[-74.883,4.3],[-74.8825,4.3175],[-74.865,4.332],[-74.8565,4.334],[-74.852,4.359],[-74.8545,4.3665],[-74.8435,4.375],[-74.839,4.3825],[-74.838,4.3955],[-74.8325,4.4055],[-74.835,4.412],[-74.8305,4.423],[-74.834,4.434],[-74.833,4.4435],[-74.8175,4.445],[-74.8095,4.4505],[-74.8045,4.459],[-74.801,4.484],[-74.7945,4.5],[-74.787,4.509],[-74.805,4.536],[-74.8015,4.544],[-74.809,4.555],[-74.805,4.567],[-74.815,4.586],[-74.806,4.5905],[-74.7935,4.591],[-74.8,4.6005],[-74.8135,4.6055],[-74.815,4.6165],[-74.8025,4.626],[-74.7955,4.643],[-74.7865,4.6475],[-74.788,4.658],[-74.7945,4.664],[-74.807,4.6695],[-74.8075,4.679],[-74.8035,4.6865],[-74.8015,4.7],[-74.804,4.706],[-74.8175,4.716],[-74.819,4.726],[-74.8145,4.7355],[-74.7945,4.7475],[-74.7835,4.748],[-74.777,4.752],[-74.777,4.7595],[-74.7685,4.775],[-74.7455,4.786],[-74.743,4.7905],[-74.746,4.812],[-74.7445,4.8235],[-74.749,4.8295],[-74.766,4.8355],[-74.7695,4.843],[-74.76,4.852],[-74.752,4.866],[-74.755,4.886],[-74.7505,4.889],[-74.737,4.884],[-74.7315,4.894],[-74.74,4.902],[-74.7395,4.911],[-74.732,4.927],[-74.7335,4.9345],[-74.749,4.952],[-74.744,4.9665],[-74.7305,4.9775],[-74.7145,4.972],[-74.706,4.983],[-74.721,4.995],[-74.7335,4.9975],[-74.743,5.008],[-74.738,5.0245],[-74.73,5.0365],[-74.726,5.0585],[-74.7295,5.0745],[-74.717,5.0925],[-74.72,5.1195],[-74.7315,5.1405],[-74.731,5.1495],[-74.719,5.1635],[-74.7145,5.186],[-74.72,5.1985],[-74.7335,5.203],[-74.7295,5.213],[-74.7305,5.232],[-74.7235,5.24],[-74.7275,5.253],[-74.725,5.2645],[-74.7345,5.287],[-74.741,5.2855],[-74.766,5.288],[-74.7735,5.298],[-74.7845,5.297],[-74.812,5.306],[-74.8225,5.318],[-74.841,5.317],[-74.8515,5.314],[-74.8615,5.3055],[-74.869,5.305],[-74.871,5.2965],[-74.8985,5.299],[-74.909,5.3085],[-74.921,5.309],[-74.9395,5.313],[-74.955,5.3015],[-74.9665,5.3015],[-74.9695,5.2965],[-74.9795,5.295],[-74.987,5.2885],[-75.0085,5.292],[-75.0255,5.288],[-75.036,5.2765],[-75.0565,5.2755],[-75.063,5.2645],[-75.0615,5.2565],[-75.0665,5.2475],[-75.075,5.244],[-75.085,5.2235],[-75.098,5.211],[-75.1135,5.1815],[-75.1165,5.1605],[-75.1245,5.161],[-75.131,5.156],[-75.1395,5.158],[-75.1545,5.171],[-75.172,5.171],[-75.179,5.1645],[-75.195,5.1635],[-75.2055,5.1545],[-75.207,5.1445],[-75.219,5.134],[-75.229,5.133],[-75.235,5.126],[-75.252,5.13],[-75.2755,5.1405],[-75.2875,5.1385],[-75.3045,5.119],[-75.3085,5.111],[-75.345,5.081],[-75.3425,5.0765],[-75.349,5.0575],[-75.338,5.0445],[-75.329,5.0425],[-75.318,5.0285],[-75.318,5.0145],[-75.3255,5.001],[-75.3255,4.995],[-75.3355,4.9745],[-75.3505,4.9685],[-75.3535,4.9625],[-75.3515,4.951],[-75.352,4.9385],[-75.3475,4.931],[-75.3435,4.9145],[-75.334,4.899],[-75.319,4.893],[-75.3235,4.866],[-75.332,4.856],[-75.3385,4.8525],[-75.3455,4.842],[-75.3525,4.842],[-75.357,4.827],[-75.3655,4.818],[-75.3755,4.8025]]]},"properties":{"divipola_dep":"73","divipola_dep_n":73,"dpto_nombre":"TOLIMA","area_km2":24128.102}},
{"type":"Feature","geometry":{"type":"MultiPolygon","coordinates":[[[[-76.0555,3.2235],[-76.0595,3.2305],[-76.055,3.237],[-76.04,3.248],[-76.041,3.259],[-76.048,3.265],[-76.0505,3.282],[-76.043,3.2885],[-76.038,3.301],[-76.045,3.319],[-76.056,3.3285],[-76.052,3.3365],[-76.055,3.348],[-76.061,3.3545],[-76.0475,3.3655],[-76.047,3.3745],[-76.0315,3.3825],[-76.029,3.39],[-76.042,3.395],[-76.0425,3.4095],[-76.0385,3.4175],[-76.0415,3.4385],[-76.037,3.4525],[-76.029,3.4525],[-76.027,3.4665],[-76.0215,3.4795],[-76.0275,3.487],[-76.0145,3.508],[-76.0015,3.52],[-76.003,3.528],[-75.998,3.533],[-75.994,3.546],[-75.984,3.56],[-75.9895,3.5755],[-75.9845,3.589],[-75.9915,3.5995],[-75.9935,3.6095],[-75.9865,3.6235],[-75.9935,3.636],[-75.9885,3.6425],[-75.977,3.644],[-75.9755,3.658],[-75.9655,3.6645],[-75.958,3.6635],[-75.95,3.677],[-75.9605,3.6965],[-75.9605,3.7055],[-75.9555,3.7135],[-75.9455,3.716],[-75.945,3.7265],[-75.93,3.739],[-75.922,3.7385],[-75.9155,3.751],[-75.916,3.759],[-75.9065,3.781],[-75.9015,3.785],[-75.9035,3.7965],[-75.894,3.802],[-75.893,3.813],[-75.8835,3.814],[-75.872,3.8245],[-75.8645,3.8365],[-75.861,3.849],[-75.853,3.8545],[-75.861,3.8625],[-75.8615,3.874],[-75.857,3.883],[-75.842,3.897],[-75.834,3.9095],[-75.8285,3.9035],[-75.82,3.9105],[-75.8075,3.9305],[-75.809,3.937],[-75.8055,3.953],[-75.7975,3.96],[-75.7915,3.971],[-75.7955,4.005],[-75.784,4.008],[-75.7775,4.0035],[-75.7695,4.0205],[-75.7615,4.0245],[-75.748,4.04],[-75.738,4.0555],[-75.7475,4.0635],[-75.7525,4.0775],[-75.7745,4.076],[-75.7885,4.088],[-75.8025,4.0935],[-75.8395,4.1015],[-75.834,4.11],[-75.841,4.122],[-75.842,4.156],[-75.838,4.159],[-75.833,4.174],[-75.8275,4.182],[-75.8195,4.2025],[-75.825,4.212],[-75.8225,4.2285],[-75.8105,4.2475],[-75.808,4.255],[-75.7985,4.264],[-75.793,4.2855],[-75.7875,4.2945],[-75.795,4.304],[-75.7965,4.322],[-75.7915,4.3345],[-75.7935,4.3415],[-75.79,4.3535],[-75.8035,4.368],[-75.8045,4.385],[-75.803,4.396],[-75.8285,4.4075],[-75.84,4.4015],[-75.8585,4.415],[-75.8695,4.41],[-75.8845,4.411],[-75.8955,4.4235],[-75.8875,4.43],[-75.888,4.439],[-75.8815,4.4485],[-75.8695,4.4545],[-75.879,4.4605],[-75.881,4.469],[-75.8735,4.4715],[-75.872,4.4805],[-75.8785,4.485],[-75.8725,4.499],[-75.8705,4.5125],[-75.8715,4.5235],[-75.8775,4.5255],[-75.879,4.539],[-75.8705,4.5475],[-75.8675,4.5725],[-75.8725,4.579],[-75.871,4.5865],[-75.86,4.5945],[-75.867,4.608],[-75.849,4.63],[-75.8475,4.6385],[-75.8365,4.644],[-75.825,4.6635],[-75.8065,4.6575],[-75.7895,4.66],[-75.7825,4.6525],[-75.772,4.6545],[-75.758,4.6505],[-75.7365,4.655],[-75.725,4.652],[-75.707,4.657],[-75.7135,4.714],[-75.733,4.708],[-75.7395,4.711],[-75.76,4.711],[-75.7745,4.719],[-75.7915,4.718],[-75.8,4.7215],[-75.8025,4.728],[-75.8105,4.7275],[-75.8315,4.738],[-75.8435,4.7275],[-75.856,4.732],[-75.8485,4.7385],[-75.845,4.7665],[-75.848,4.777],[-75.853,4.779],[-75.864,4.773],[-75.874,4.7715],[-75.8785,4.7635],[-75.889,4.7545],[-75.897,4.759],[-75.909,4.7525],[-75.9245,4.763],[-75.9295,4.769],[-75.926,4.789],[-75.9175,4.794],[-75.923,4.8025],[-75.9305,4.801],[-75.935,4.8095],[-75.9205,4.8175],[-75.9105,4.8175],[-75.9095,4.829],[-75.9025,4.837],[-75.9055,4.8485],[-75.901,4.853],[-75.9115,4.8615],[-75.9145,4.8725],[-75.928,4.8625],[-75.939,4.861],[-75.943,4.857],[-75.958,4.8645],[-75.9675,4.86],[-75.975,4.8615],[-75.9875,4.874],[-75.9895,4.8825],[-75.986,4.905],[-75.989,4.913],[-76.009,4.924],[-76.021,4.936],[-76.0275,4.9385],[-76.034,4.957],[-76.0325,4.962],[-76.0405,4.9795],[-76.046,4.986],[-76.044,4.993],[-76.049,5.007],[-76.064,5.0155],[-76.0795,5.0405],[-76.077,5.047],[-76.0915,5.0425],[-76.097,5.031],[-76.0945,5.01],[-76.0985,4.9995],[-76.09,4.98],[-76.089,4.9465],[-76.0945,4.9415],[-76.0945,4.93],[-76.1025,4.9155],[-76.12,4.912],[-76.13,4.907],[-76.114,4.894],[-76.117,4.8815],[-76.131,4.863],[-76.1295,4.856],[-76.145,4.838],[-76.161,4.8365],[-76.192,4.8285],[-76.2115,4.8295],[-76.2205,4.821],[-76.224,4.8105],[-76.2305,4.802],[-76.2475,4.794],[-76.2605,4.795],[-76.276,4.771],[-76.287,4.767],[-76.2965,4.759],[-76.312,4.7505],[-76.2985,4.7345],[-76.2855,4.7125],[-76.2885,4.703],[-76.2975,4.6995],[-76.298,4.6865],[-76.3035,4.667],[-76.3,4.655],[-76.313,4.6295],[-76.32,4.619],[-76.3215,4.6045],[-76.328,4.5995],[-76.334,4.586],[-76.3435,4.5815],[-76.3445,4.562],[-76.3575,4.5585],[-76.3815,4.5595],[-76.3845,4.5475],[-76.4035,4.5355],[-76.394,4.5285],[-76.3805,4.5115],[-76.368,4.4895],[-76.3825,4.493],[-76.3865,4.481],[-76.396,4.4735],[-76.4015,4.474],[-76.41,4.4655],[-76.4085,4.46],[-76.4185,4.4525],[-76.431,4.4485],[-76.4345,4.442],[-76.449,4.4405],[-76.4535,4.433],[-76.474,4.423],[-76.481,4.4145],[-76.502,4.413],[-76.5155,4.403],[-76.5265,4.404],[-76.5395,4.3965],[-76.553,4.402],[-76.562,4.3705],[-76.548,4.349],[-76.5485,4.337],[-76.5295,4.3245],[-76.5255,4.311],[-76.5295,4.3015],[-76.5265,4.2885],[-76.515,4.271],[-76.509,4.268],[-76.506,4.252],[-76.491,4.244],[-76.4875,4.236],[-76.471,4.2305],[-76.466,4.2325],[-76.4545,4.229],[-76.4515,4.2095],[-76.4465,4.2045],[-76.4445,4.1905],[-76.445,4.1755],[-76.453,4.145],[-76.4625,4.1315],[-76.4725,4.1035],[-76.49,4.0815],[-76.499,4.064],[-76.5095,4.063],[-76.5245,4.0675],[-76.5255,4.062],[-76.536,4.0535],[-76.5415,4.0435],[-76.5415,4.024],[-76.538,4.015],[-76.56,4.0065],[-76.5575,3.9965],[-76.5635,3.988],[-76.5725,3.986],[-76.5865,3.973],[-76.589,3.9925],[-76.597,4.0025],[-76.6025,4.0005],[-76.6245,4.015],[-76.65,3.9965],[-76.6625,3.9775],[-76.6755,3.9715],[-76.6815,3.965],[-76.6925,3.969],[-76.7,3.978],[-76.713,3.981],[-76.736,3.982],[-76.747,3.985],[-76.75,3.9915],[-76.7595,3.9935],[-76.7685,3.989],[-76.775,3.997],[-76.7865,4.003],[-76.794,4.011],[-76.809,4.005],[-76.8205,4.011],[-76.8255,4.0215],[-76.8235,4.032],[-76.829,4.035],[-76.85,4.0375],[-76.854,4.032],[-76.8675,4.0325],[-76.8725,4.0455],[-76.8835,4.055],[-76.883,4.061],[-76.8915,4.074],[-76.901,4.073],[-76.901,4.082],[-76.9125,4.0815],[-76.9145,4.0965],[-76.9345,4.105],[-76.954,4.12],[-76.9695,4.1195],[-76.9755,4.122],[-76.984,4.1145],[-76.9945,4.1205],[-77.009,4.096],[-77.0195,4.101],[-77.0265,4.0945],[-77.0365,4.0915],[-77.0385,4.0975],[-77.049,4.095],[-77.0605,4.1025],[-77.066,4.0965],[-77.073,4.1065],[-77.0825,4.1115],[-77.0865,4.1225],[-77.096,4.117],[-77.1045,4.1075],[-77.12,4.1165],[-77.123,4.125],[-77.1165,4.133],[-77.1295,4.1445],[-77.1335,4.1575],[-77.143,4.161],[-77.158,4.183],[-77.167,4.1835],[-77.189,4.1725],[-77.205,4.1725],[-77.215,4.156],[-77.222,4.1565],[-77.2405,4.1745],[-77.2485,4.1845],[-77.2505,4.2],[-77.2485,4.2195],[-77.2535,4.234],[-77.2635,4.2335],[-77.2805,4.221],[-77.2875,4.206],[-77.285,4.19],[-77.2895,4.1785],[-77.307,4.166],[-77.3185,4.173],[-77.3305,4.1885],[-77.3425,4.196],[-77.353,4.1975],[-77.363,4.1925],[-77.375,4.18],[-77.3765,4.1715],[-77.3895,4.162],[-77.388,4.151],[-77.392,4.1475],[-77.421,4.143],[-77.436,4.146],[-77.442,4.1365],[-77.441,4.1205],[-77.429,4.1015],[-77.429,4.091],[-77.4445,4.056],[-77.4495,4.0385],[-77.44,4.026],[-77.434,4.01],[-77.411,3.992],[-77.3905,3.973],[-77.388,3.9735],[-77.3715,3.951],[-77.366,3.935],[-77.3595,3.9265],[-77.3475,3.9325],[-77.335,3.9725],[-77.326,3.9795],[-77.3195,3.995],[-77.323,3.9975],[-77.3145,4.029],[-77.308,4.0305],[-77.307,4.04],[-77.2985,4.049],[-77.2855,4.051],[-77.2735,4.0715],[-77.2615,4.0605],[-77.255,4.068],[-77.2475,4.0715],[-77.2425,4.083],[-77.2325,4.0815],[-77.227,4.073],[-77.2285,4.059],[-77.2125,4.061],[-77.2105,4.056],[-77.199,4.0565],[-77.1945,4.053],[-77.2015,4.0355],[-77.1995,4.029],[-77.214,4.0155],[-77.2125,4.0095],[-77.2285,3.9975],[-77.244,3.989],[-77.254,3.98],[-77.268,3.987],[-77.275,3.986],[-77.2905,3.9735],[-77.3015,3.959],[-77.3175,3.9505],[-77.3115,3.9305],[-77.319,3.919],[-77.322,3.909],[-77.317,3.9025],[-77.311,3.9085],[-77.3045,3.9015],[-77.298,3.902],[-77.2865,3.8955],[-77.294,3.8765],[-77.303,3.8745],[-77.302,3.8615],[-77.2935,3.8585],[-77.285,3.849],[-77.283,3.8425],[-77.274,3.8405],[-77.2645,3.8335],[-77.259,3.8355],[-77.248,3.8285],[-77.235,3.836],[-77.2275,3.8305],[-77.22,3.836],[-77.2045,3.834],[-77.1945,3.839],[-77.18,3.8325],[-77.1715,3.8485],[-77.1485,3.858],[-77.132,3.8725],[-77.1265,3.871],[-77.116,3.8755],[-77.1085,3.8715],[-77.1005,3.8735],[-77.0945,3.88],[-77.095,3.9005],[-77.0865,3.905],[-77.0805,3.9015],[-77.079,3.8875],[-77.0635,3.8735],[-77.053,3.8755],[-77.054,3.8675],[-77.061,3.8615],[-77.0715,3.8585],[-77.087,3.858],[-77.0985,3.8505],[-77.106,3.849],[-77.1135,3.8355],[-77.113,3.8265],[-77.118,3.819],[-77.126,3.8185],[-77.138,3.8055],[-77.1475,3.81],[-77.1495,3.803],[-77.168,3.804],[-77.182,3.8085],[-77.176,3.7905],[-77.172,3.7705],[-77.166,3.7575],[-77.1715,3.7505],[-77.186,3.748],[-77.1925,3.753],[-77.1985,3.747],[-77.197,3.721],[-77.1935,3.713],[-77.189,3.681],[-77.1785,3.692],[-77.1715,3.6915],[-77.1655,3.685],[-77.1665,3.674],[-77.1655,3.6445],[-77.1835,3.655],[-77.1895,3.653],[-77.1875,3.641],[-77.1925,3.635],[-77.1955,3.6105],[-77.2065,3.608],[-77.228,3.5825],[-77.238,3.5855],[-77.271,3.573],[-77.2875,3.569],[-77.2935,3.576],[-77.3005,3.57],[-77.314,3.5505],[-77.3305,3.5305],[-77.3335,3.517],[-77.367,3.4835],[-77.371,3.4725],[-77.3645,3.4655],[-77.352,3.459],[-77.337,3.448],[-77.338,3.4355],[-77.333,3.4255],[-77.35,3.417],[-77.3555,3.4105],[-77.364,3.4205],[-77.3615,3.4335],[-77.3625,3.445],[-77.3715,3.438],[-77.376,3.4255],[-77.3895,3.402],[-77.4065,3.3835],[-77.4065,3.3725],[-77.414,3.359],[-77.42,3.361],[-77.4235,3.3695],[-77.431,3.3655],[-77.4495,3.3455],[-77.462,3.3335],[-77.48,3.323],[-77.484,3.3085],[-77.4945,3.306],[-77.5055,3.29],[-77.5285,3.2615],[-77.55,3.2305],[-77.542,3.224],[-77.526,3.234],[-77.51,3.2365],[-77.5015,3.2315],[-77.5055,3.225],[-77.4975,3.2165],[-77.49,3.2165],[-77.481,3.209],[-77.4665,3.2165],[-77.4695,3.223],[-77.455,3.2335],[-77.4525,3.242],[-77.44,3.247],[-77.4305,3.254],[-77.4175,3.2445],[-77.4135,3.2305],[-77.4065,3.224],[-77.404,3.2135],[-77.393,3.214],[-77.3825,3.2045],[-77.383,3.1755],[-77.369,3.1695],[-77.3645,3.1635],[-77.366,3.1465],[-77.3455,3.1405],[-77.341,3.1495],[-77.3345,3.151],[-77.32,3.1655],[-77.316,3.174],[-77.301,3.1625],[-77.289,3.1565],[-77.28,3.1595],[-77.278,3.1495],[-77.2865,3.1485],[-77.2905,3.1425],[-77.2845,3.1375],[-77.27,3.14],[-77.2615,3.135],[-77.253,3.1205],[-77.2455,3.1175],[-77.2345,3.108],[-77.2195,3.1195],[-77.2175,3.1355],[-77.2035,3.1335],[-77.192,3.1415],[-77.178,3.157],[-77.158,3.1695],[-77.1425,3.172],[-77.136,3.17],[-77.1285,3.1615],[-77.1175,3.169],[-77.1005,3.1855],[-77.0795,3.18],[-77.064,3.169],[-77.0535,3.17],[-77.037,3.164],[-77.0305,3.167],[-77.0115,3.153],[-76.9975,3.155],[-76.9905,3.148],[-76.9885,3.139],[-76.98,3.136],[-76.979,3.129],[-76.972,3.119],[-76.938,3.1145],[-76.925,3.1305],[-76.9275,3.1395],[-76.913,3.1575],[-76.9135,3.1765],[-76.909,3.2005],[-76.8955,3.2045],[-76.892,3.202],[-76.88,3.2095],[-76.8595,3.2125],[-76.851,3.2075],[-76.8435,3.2105],[-76.818,3.2105],[-76.811,3.2075],[-76.797,3.216],[-76.7885,3.218],[-76.7825,3.23],[-76.773,3.2335],[-76.753,3.21],[-76.7585,3.2025],[-76.7515,3.199],[-76.739,3.186],[-76.74,3.171],[-76.748,3.1565],[-76.75,3.146],[-76.744,3.1355],[-76.7335,3.125],[-76.7225,3.1175],[-76.6995,3.12],[-76.684,3.108],[-76.677,3.0995],[-76.6665,3.098],[-76.652,3.1015],[-76.6465,3.106],[-76.642,3.118],[-76.63,3.1285],[-76.626,3.124],[-76.624,3.102],[-76.61,3.091],[-76.593,3.0935],[-76.5995,3.1035],[-76.5875,3.1075],[-76.591,3.1155],[-76.578,3.118],[-76.5775,3.1265],[-76.564,3.1165],[-76.563,3.107],[-76.546,3.106],[-76.53,3.124],[-76.5185,3.15],[-76.51,3.1505],[-76.502,3.1605],[-76.502,3.1665],[-76.4925,3.176],[-76.491,3.196],[-76.4925,3.2065],[-76.47,3.227],[-76.477,3.232],[-76.4655,3.241],[-76.469,3.2585],[-76.4605,3.266],[-76.471,3.27],[-76.4735,3.28],[-76.484,3.2785],[-76.494,3.2935],[-76.4835,3.2955],[-76.4735,3.3045],[-76.476,3.314],[-76.456,3.326],[-76.448,3.317],[-76.4325,3.313],[-76.4215,3.3125],[-76.4065,3.299],[-76.389,3.292],[-76.373,3.288],[-76.3595,3.2895],[-76.343,3.2805],[-76.33,3.2825],[-76.312,3.2805],[-76.3075,3.2845],[-76.2925,3.2865],[-76.2815,3.283],[-76.277,3.2775],[-76.251,3.2795],[-76.238,3.2755],[-76.2295,3.277],[-76.2065,3.2585],[-76.2025,3.2425],[-76.1915,3.2275],[-76.1675,3.232],[-76.1565,3.236],[-76.146,3.2225],[-76.1375,3.225],[-76.117,3.2225],[-76.1125,3.2265],[-76.088,3.2195],[-76.068,3.2105],[-76.0615,3.2135],[-76.0555,3.2235]]],[[[-77.2375,4.0815],[-77.2425,4.082],[-77.244,4.0695],[-77.2325,4.0735],[-77.2375,4.0815]]]]},"properties":{"divipola_dep":"76","divipola_dep_n":76,"dpto_nombre":"VALLE DEL CAUCA","area_km2":20677.3686}},
{"type":"Feature","geometry":{"type":"Polygon","coordinates":[[[-72.3385,6.3455],[-72.3465,6.341],[-72.3525,6.331],[-72.353,6.3195],[-72.3625,6.314],[-72.3665,6.307],[-72.3595,6.285],[-72.3635,6.271],[-72.3585,6.2575],[-72.347,6.2435],[-72.344,6.226],[-72.339,6.221],[-72.3295,6.221],[-72.325,6.21],[-72.3135,6.2065],[-72.292,6.204],[-72.285,6.197],[-72.2875,6.1885],[-72.282,6.1765],[-72.289,6.163],[-72.2795,6.157],[-72.2775,6.1365],[-72.261,6.1225],[-72.2565,6.122],[-72.224,6.1045],[-72.213,6.104],[-72.191,6.095],[-72.187,6.089],[-72.157,6.072],[-72.1375,6.0665],[-72.126,6.068],[-72.112,6.0755],[-72.0995,6.0895],[-72.092,6.0945],[-72.0775,6.113],[-72.0605,6.1175],[-72.052,6.122],[-72.0385,6.121],[-72.0105,6.13],[-71.9885,6.149],[-71.9605,6.1665],[-71.9505,6.17],[-71.937,6.17],[-71.9095,6.1605],[-71.8795,6.159],[-71.863,6.162],[-71.844,6.172],[-71.8305,6.185],[-71.8215,6.1875],[-71.7905,6.1895],[-71.777,6.1935],[-71.745,6.191],[-71.739,6.193],[-71.694,6.1905],[-71.6675,6.192],[-71.6445,6.2075],[-71.6425,6.2215],[-71.614,6.227],[-71.608,6.209],[-71.5955,6.212],[-71.5895,6.209],[-71.579,6.1935],[-71.5705,6.1985],[-71.575,6.2045],[-71.5685,6.212],[-71.558,6.1975],[-71.5505,6.199],[-71.5515,6.212],[-71.5385,6.21],[-71.533,6.214],[-71.5035,6.2],[-71.5015,6.2125],[-71.493,6.214],[-71.4875,6.2015],[-71.4705,6.212],[-71.462,6.2115],[-71.4565,6.223],[-71.4445,6.2145],[-71.438,6.2185],[-71.439,6.23],[-71.45,6.242],[-71.4465,6.246],[-71.4325,6.2375],[-71.4255,6.2265],[-71.4175,6.2255],[-71.417,6.2425],[-71.404,6.242],[-71.398,6.2375],[-71.3875,6.2415],[-71.38,6.2405],[-71.3815,6.228],[-71.3705,6.235],[-71.364,6.2285],[-71.3455,6.2315],[-71.343,6.2435],[-71.333,6.244],[-71.331,6.2575],[-71.318,6.2535],[-71.3115,6.2565],[-71.3025,6.269],[-71.2855,6.275],[-71.276,6.272],[-71.2655,6.285],[-71.2565,6.28],[-71.251,6.2715],[-71.2365,6.2635],[-71.235,6.273],[-71.2275,6.2825],[-71.2195,6.2985],[-71.208,6.288],[-71.19,6.2785],[-71.1815,6.281],[-71.1745,6.276],[-71.1605,6.272],[-71.158,6.263],[-71.1415,6.2645],[-71.132,6.26],[-71.127,6.2725],[-71.119,6.2745],[-71.117,6.2655],[-71.107,6.2665],[-71.0965,6.2775],[-71.089,6.277],[-71.083,6.269],[-71.071,6.2645],[-71.0635,6.256],[-71.0335,6.2575],[-71.0335,6.2655],[-71.0195,6.2535],[-71.0115,6.254],[-70.984,6.229],[-70.972,6.2355],[-70.9525,6.235],[-70.944,6.2275],[-70.9355,6.226],[-70.93,6.2305],[-70.9155,6.235],[-70.906,6.2315],[-70.895,6.2355],[-70.8895,6.2295],[-70.879,6.232],[-70.8695,6.2215],[-70.8635,6.2245],[-70.8645,6.2365],[-70.856,6.239],[-70.848,6.2365],[-70.831,6.239],[-70.821,6.252],[-70.8065,6.25],[-70.7965,6.2535],[-70.787,6.251],[-70.78,6.242],[-70.772,6.244],[-70.7695,6.2285],[-70.754,6.2315],[-70.745,6.2245],[-70.732,6.227],[-70.7315,6.2205],[-70.724,6.217],[-70.7135,6.225],[-70.705,6.221],[-70.692,6.2275],[-70.6785,6.2205],[-70.6715,6.226],[-70.648,6.231],[-70.641,6.235],[-70.631,6.227],[-70.6245,6.2345],[-70.6175,6.2335],[-70.6095,6.24],[-70.6005,6.237],[-70.597,6.242],[-70.588,6.2385],[-70.575,6.242],[-70.5685,6.24],[-70.556,6.2455],[-70.5505,6.238],[-70.5435,6.2455],[-70.5365,6.2435],[-70.5305,6.23],[-70.5175,6.2345],[-70.503,6.247],[-70.482,6.251],[-70.4775,6.264],[-70.4645,6.2655],[-70.449,6.2735],[-70.438,6.275],[-70.4285,6.2795],[-70.4305,6.2915],[-70.407,6.2915],[-70.3905,6.293],[-70.3805,6.3025],[-70.3735,6.299],[-70.367,6.3025],[-70.3555,6.296],[-70.3305,6.294],[-70.3225,6.2885],[-70.323,6.28],[-70.3135,6.2795],[-70.3075,6.287],[-70.2985,6.278],[-70.2895,6.285],[-70.2735,6.2745],[-70.2545,6.287],[-70.2385,6.2865],[-70.224,6.293],[-70.2095,6.2875],[-70.1995,6.2955],[-70.194,6.2935],[-70.185,6.2825],[-70.1765,6.279],[-70.168,6.2855],[-70.163,6.2985],[-70.1545,6.297],[-70.1545,6.276],[-70.147,6.268],[-70.135,6.2705],[-70.125,6.265],[-70.121,6.258],[-70.12,6.241],[-70.1145,6.233],[-70.0975,6.234],[-70.081,6.2175],[-70.064,6.209],[-70.064,6.191],[-70.059,6.1845],[-70.048,6.1865],[-70.041,6.178],[-70.059,6.173],[-70.0625,6.163],[-70.051,6.1555],[-70.0415,6.155],[-70.03,6.162],[-70.007,6.149],[-69.9965,6.154],[-69.992,6.166],[-69.9825,6.1585],[-69.987,6.14],[-69.978,6.134],[-69.967,6.136],[-69.953,6.143],[-69.9435,6.139],[-69.9365,6.1285],[-69.9325,6.1165],[-69.919,6.1075],[-69.911,6.1055],[-69.8995,6.0965],[-69.9035,6.083],[-69.904,6.073],[-69.899,6.0625],[-69.887,6.05],[-69.868,6.0415],[-69.836,6.0415],[-69.804,6.0555],[-69.7845,6.0585],[-69.744,6.043],[-69.732,6.0445],[-69.7045,6.0455],[-69.6825,6.0385],[-69.658,6.04],[-69.6395,6.0365],[-69.614,6.0365],[-69.571,6.0445],[-69.5355,6.045],[-69.503,6.059],[-69.4855,6.07],[-69.4695,6.0755],[-69.453,6.083],[-69.445,6.09],[-69.436,6.1045],[-69.429,6.109],[-69.586,6.308],[-69.7175,6.4745],[-69.814,6.597],[-69.9275,6.74],[-69.985,6.813],[-70.1005,6.959],[-70.118,6.9795],[-70.133,6.975],[-70.1455,6.979],[-70.1495,6.9845],[-70.174,6.9765],[-70.1795,6.9795],[-70.1925,6.9765],[-70.205,6.9785],[-70.212,6.9745],[-70.2245,6.9745],[-70.2305,6.9655],[-70.244,6.9595],[-70.2565,6.947],[-70.2665,6.941],[-70.2815,6.9405],[-70.2935,6.934],[-70.3095,6.9375],[-70.3225,6.9345],[-70.3285,6.941],[-70.344,6.9445],[-70.3615,6.966],[-70.3715,6.972],[-70.3715,6.98],[-70.3885,6.9855],[-70.397,6.9815],[-70.403,6.988],[-70.4165,6.981],[-70.4275,6.994],[-70.4305,7.007],[-70.4405,7.0075],[-70.4475,7.0025],[-70.4525,7.011],[-70.4595,7.0035],[-70.475,7.0015],[-70.4905,7.009],[-70.503,7.006],[-70.5085,7.0135],[-70.5165,7.0315],[-70.5275,7.0415],[-70.5385,7.04],[-70.5415,7.0485],[-70.5355,7.0535],[-70.5485,7.074],[-70.5675,7.081],[-70.585,7.069],[-70.6085,7.064],[-70.6245,7.0705],[-70.641,7.069],[-70.648,7.0785],[-70.671,7.085],[-70.68,7.0925],[-70.6845,7.1035],[-70.6885,7.104],[-70.697,7.094],[-70.715,7.094],[-70.7335,7.089],[-70.7425,7.089],[-70.7585,7.0975],[-70.77,7.089],[-70.7775,7.0765],[-70.7875,7.0835],[-70.797,7.083],[-70.8145,7.079],[-70.8215,7.07],[-70.835,7.078],[-70.848,7.0745],[-70.8525,7.0605],[-70.861,7.0545],[-70.8725,7.064],[-70.884,7.065],[-70.8955,7.0595],[-70.9025,7.0455],[-70.9075,7.0415],[-70.9155,7.0525],[-70.9275,7.046],[-70.926,7.034],[-70.9195,7.029],[-70.9235,7.0225],[-70.9375,7.0185],[-70.9385,7.0125],[-70.963,7.0175],[-70.974,7.0135],[-70.9755,7.004],[-70.9915,6.9905],[-70.9955,6.983],[-71.022,6.974],[-71.0415,6.982],[-71.066,6.9805],[-71.073,6.983],[-71.091,6.9835],[-71.096,6.9875],[-71.1115,6.99],[-71.1115,7.012],[-71.121,7.011],[-71.123,7.023],[-71.1285,7.032],[-71.145,7.0325],[-71.15,7.027],[-71.166,7.0265],[-71.1915,7.019],[-71.202,7.025],[-71.212,7.019],[-71.228,7.0275],[-71.2335,7.024],[-71.2395,7.0125],[-71.2495,7.0185],[-71.2585,7.019],[-71.2625,7.03],[-71.27,7.031],[-71.2865,7.0245],[-71.2995,7.029],[-71.309,7.0235],[-71.334,7.017],[-71.3585,7.0195],[-71.3675,7.016],[-71.379,7.018],[-71.3915,7.036],[-71.4115,7.0355],[-71.4245,7.039],[-71.4315,7.034],[-71.4355,7.025],[-71.447,7.028],[-71.449,7.014],[-71.459,7.0135],[-71.4585,7.0365],[-71.465,7.042],[-71.4725,7.0335],[-71.469,7.0235],[-71.4755,7.0165],[-71.486,7.0165],[-71.492,7.0315],[-71.4975,7.036],[-71.5045,7.0325],[-71.509,7.023],[-71.514,7.0215],[-71.5345,7.035],[-71.5405,7.0345],[-71.556,7.0275],[-71.5745,7.026],[-71.5815,7.0185],[-71.591,7.0185],[-71.5925,7.0325],[-71.5845,7.043],[-71.584,7.052],[-71.592,7.0545],[-71.5955,7.048],[-71.6165,7.0425],[-71.625,7.0445],[-71.631,7.0515],[-71.6405,7.0535],[-71.6485,7.0505],[-71.656,7.0365],[-71.6645,7.033],[-71.6775,7.038],[-71.6975,7.0365],[-71.705,7.0325],[-71.7145,7.0345],[-71.7175,7.054],[-71.7355,7.0585],[-71.746,7.0655],[-71.767,7.0665],[-71.795,7.0625],[-71.812,7.0625],[-71.826,7.0555],[-71.822,7.037],[-71.835,7.0255],[-71.8515,7.028],[-71.8625,7.0205],[-71.878,7.018],[-71.889,7.0215],[-71.9075,7.016],[-71.9155,7.017],[-71.9275,7.0085],[-71.938,7.006],[-71.949,7.0115],[-71.96,7.0015],[-71.962,6.9895],[-71.978,6.965],[-71.9805,6.955],[-71.9935,6.927],[-71.9965,6.909],[-72.0175,6.8675],[-72.018,6.861],[-72.0345,6.8295],[-72.0385,6.8145],[-72.0385,6.7945],[-72.0445,6.787],[-72.051,6.7685],[-72.06,6.7675],[-72.0785,6.751],[-72.0925,6.754],[-72.1,6.7465],[-72.095,6.7295],[-72.1,6.7235],[-72.0995,6.697],[-72.095,6.684],[-72.0985,6.6795],[-72.0915,6.6485],[-72.0945,6.6345],[-72.1015,6.6285],[-72.113,6.612],[-72.112,6.5915],[-72.1185,6.5795],[-72.124,6.54],[-72.129,6.525],[-72.1385,6.514],[-72.153,6.5135],[-72.167,6.5005],[-72.178,6.497],[-72.173,6.48],[-72.176,6.4705],[-72.1745,6.463],[-72.1815,6.4595],[-72.203,6.469],[-72.213,6.466],[-72.217,6.456],[-72.2155,6.446],[-72.219,6.4385],[-72.233,6.4235],[-72.246,6.4205],[-72.248,6.4295],[-72.2605,6.442],[-72.2715,6.4365],[-72.272,6.428],[-72.2825,6.4165],[-72.282,6.4095],[-72.2865,6.396],[-72.281,6.3935],[-72.284,6.3785],[-72.292,6.377],[-72.302,6.3595],[-72.3155,6.3575],[-72.317,6.3345],[-72.334,6.338],[-72.3385,6.3455]]]},"properties":{"divipola_dep":"81","divipola_dep_n":81,"dpto_nombre":"ARAUCA","area_km2":23773.1287}},
{"type":"Feature","geometry":{"type":"Polygon","coordinates":[[[-73.0525,4.7365],[-73.048,4.7275],[-73.0525,4.7195],[-73.0545,4.703],[-73.05,4.6925],[-73.04,4.677],[-73.0365,4.6665],[-73.027,4.653],[-73.017,4.6475],[-73.017,4.6355],[-73.004,4.628],[-72.997,4.617],[-72.992,4.6175],[-72.9775,4.61],[-72.968,4.599],[-72.965,4.5795],[-72.962,4.571],[-72.95,4.5595],[-72.9525,4.5515],[-72.9475,4.5475],[-72.939,4.5335],[-72.9385,4.5245],[-72.9235,4.5205],[-72.902,4.4945],[-72.902,4.4855],[-72.897,4.4745],[-72.8775,4.4635],[-72.871,4.4515],[-72.8585,4.4535],[-72.8515,4.4495],[-72.8415,4.4315],[-72.832,4.432],[-72.812,4.425],[-72.8215,4.421],[-72.8225,4.4145],[-72.807,4.406],[-72.8065,4.397],[-72.7935,4.399],[-72.788,4.3925],[-72.7985,4.384],[-72.8,4.377],[-72.7815,4.3705],[-72.7725,4.37],[-72.767,4.3625],[-72.7655,4.3495],[-72.7695,4.333],[-72.7465,4.3285],[-72.74,4.3235],[-72.74,4.3095],[-72.726,4.306],[-72.7145,4.2925],[-72.703,4.2915],[-72.6945,4.2875],[-72.6875,4.2925],[-72.6875,4.312],[-72.676,4.3175],[-72.658,4.3165],[-72.642,4.303],[-72.6245,4.307],[-72.606,4.3155],[-72.5965,4.3125],[-72.58,4.3005],[-72.5695,4.3075],[-72.5745,4.3205],[-72.567,4.3325],[-72.5545,4.337],[-72.5505,4.354],[-72.54,4.351],[-72.5325,4.3395],[-72.5155,4.3385],[-72.493,4.3275],[-72.481,4.3265],[-72.4675,4.3175],[-72.455,4.326],[-72.451,4.334],[-72.444,4.339],[-72.437,4.35],[-72.4265,4.353],[-72.418,4.348],[-72.415,4.338],[-72.4185,4.3245],[-72.405,4.318],[-72.3895,4.332],[-72.3695,4.3365],[-72.356,4.3415],[-72.3475,4.3515],[-72.337,4.3725],[-72.324,4.3695],[-72.3105,4.382],[-72.3035,4.4075],[-72.2865,4.4175],[-72.2655,4.416],[-72.255,4.419],[-72.249,4.4305],[-72.2345,4.4355],[-72.2265,4.433],[-72.2105,4.4335],[-72.199,4.4285],[-72.18,4.431],[-72.174,4.437],[-72.1585,4.4415],[-72.143,4.4405],[-72.132,4.4355],[-72.118,4.4335],[-72.0955,4.4225],[-72.0705,4.4075],[-72.069,4.399],[-72.073,4.392],[-72.0695,4.3835],[-72.0565,4.3745],[-72.0345,4.385],[-72.024,4.387],[-71.9985,4.3825],[-71.9905,4.3835],[-71.9755,4.394],[-71.971,4.408],[-71.9565,4.412],[-71.956,4.422],[-71.94,4.4345],[-71.9305,4.4485],[-71.919,4.453],[-71.905,4.468],[-71.9015,4.4835],[-71.8905,4.4965],[-71.868,4.5055],[-71.85,4.5325],[-71.8275,4.5485],[-71.8195,4.5575],[-71.8135,4.575],[-71.8025,4.5855],[-71.787,4.586],[-71.7775,4.5795],[-71.7635,4.5815],[-71.7565,4.5775],[-71.735,4.5745],[-71.711,4.5895],[-71.6805,4.602],[-71.6665,4.6115],[-71.651,4.613],[-71.6345,4.6225],[-71.6185,4.637],[-71.598,4.6455],[-71.5785,4.674],[-71.56,4.68],[-71.5235,4.682],[-71.511,4.6975],[-71.4925,4.702],[-71.484,4.707],[-71.474,4.7085],[-71.45,4.7155],[-71.426,4.7255],[-71.402,4.7445],[-71.3945,4.7535],[-71.3865,4.757],[-71.376,4.751],[-71.3465,4.758],[-71.331,4.767],[-71.32,4.769],[-71.311,4.7825],[-71.3005,4.792],[-71.2835,4.8035],[-71.273,4.8],[-71.239,4.8175],[-71.2115,4.8175],[-71.196,4.825],[-71.179,4.838],[-71.169,4.8425],[-71.15,4.8615],[-71.139,4.867],[-71.113,4.8745],[-71.107,4.884],[-71.094,4.8925],[-71.0825,4.8945],[-71.078,4.899],[-71.068,4.906],[-71.056,4.9065],[-71.0415,4.9245],[-71.0385,4.9415],[-71.0235,4.956],[-71.013,4.9775],[-71.0025,4.98],[-70.9985,4.9995],[-70.985,5.0355],[-70.987,5.0435],[-70.9675,5.0585],[-70.97,5.0705],[-70.9745,5.0795],[-70.956,5.096],[-70.954,5.111],[-70.942,5.1255],[-70.916,5.14],[-70.8855,5.144],[-70.877,5.148],[-70.866,5.1435],[-70.846,5.157],[-70.8345,5.169],[-70.8235,5.1865],[-70.814,5.1875],[-70.8085,5.196],[-70.7635,5.2255],[-70.7455,5.245],[-70.7365,5.25],[-70.723,5.2635],[-70.7065,5.273],[-70.694,5.2835],[-70.6855,5.3005],[-70.674,5.3155],[-70.675,5.3275],[-70.6815,5.348],[-70.682,5.3575],[-70.678,5.364],[-70.666,5.374],[-70.6525,5.373],[-70.6495,5.38],[-70.6205,5.4005],[-70.601,5.425],[-70.57,5.436],[-70.5695,5.442],[-70.5545,5.452],[-70.5315,5.4715],[-70.511,5.476],[-70.5015,5.4935],[-70.481,5.5065],[-70.4685,5.511],[-70.4655,5.516],[-70.4455,5.531],[-70.4345,5.531],[-70.42,5.535],[-70.4185,5.546],[-70.401,5.5595],[-70.391,5.561],[-70.358,5.5875],[-70.3365,5.5745],[-70.3155,5.574],[-70.2985,5.5775],[-70.2645,5.5635],[-70.2305,5.579],[-70.2155,5.5835],[-70.205,5.5965],[-70.1945,5.603],[-70.186,5.5995],[-70.171,5.6035],[-70.16,5.599],[-70.153,5.601],[-70.128,5.6205],[-70.1225,5.63],[-70.1145,5.632],[-70.106,5.652],[-70.079,5.687],[-70.0715,5.689],[-70.0675,5.6975],[-70.0575,5.7025],[-70.0475,5.7205],[-70.044,5.746],[-70.03,5.7525],[-70.023,5.761],[-70.0115,5.767],[-69.991,5.791],[-69.979,5.8075],[-69.9675,5.826],[-69.969,5.8565],[-69.9605,5.8655],[-69.9535,5.8665],[-69.9345,5.875],[-69.93,5.883],[-69.93,5.8945],[-69.9245,5.9105],[-69.903,5.9295],[-69.901,5.9395],[-69.8905,5.952],[-69.883,5.97],[-69.865,5.975],[-69.8545,5.9845],[-69.848,5.9985],[-69.843,6.0325],[-69.836,6.0415],[-69.868,6.0415],[-69.887,6.05],[-69.899,6.0625],[-69.904,6.073],[-69.9035,6.083],[-69.8995,6.0965],[-69.911,6.1055],[-69.919,6.1075],[-69.9325,6.1165],[-69.9365,6.1285],[-69.9435,6.139],[-69.953,6.143],[-69.967,6.136],[-69.978,6.134],[-69.987,6.14],[-69.9825,6.1585],[-69.992,6.166],[-69.9965,6.154],[-70.007,6.149],[-70.03,6.162],[-70.0415,6.155],[-70.051,6.1555],[-70.0625,6.163],[-70.059,6.173],[-70.041,6.178],[-70.048,6.1865],[-70.059,6.1845],[-70.064,6.191],[-70.064,6.209],[-70.081,6.2175],[-70.0975,6.234],[-70.1145,6.233],[-70.12,6.241],[-70.121,6.258],[-70.125,6.265],[-70.135,6.2705],[-70.147,6.268],[-70.1545,6.276],[-70.1545,6.297],[-70.163,6.2985],[-70.168,6.2855],[-70.1765,6.279],[-70.185,6.2825],[-70.194,6.2935],[-70.1995,6.2955],[-70.2095,6.2875],[-70.224,6.293],[-70.2385,6.2865],[-70.2545,6.287],[-70.2735,6.2745],[-70.2895,6.285],[-70.2985,6.278],[-70.3075,6.287],[-70.3135,6.2795],[-70.323,6.28],[-70.3225,6.2885],[-70.3305,6.294],[-70.3555,6.296],[-70.367,6.3025],[-70.3735,6.299],[-70.3805,6.3025],[-70.3905,6.293],[-70.407,6.2915],[-70.4305,6.2915],[-70.4285,6.2795],[-70.438,6.275],[-70.449,6.2735],[-70.4645,6.2655],[-70.4775,6.264],[-70.482,6.251],[-70.503,6.247],[-70.5175,6.2345],[-70.5305,6.23],[-70.5365,6.2435],[-70.5435,6.2455],[-70.5505,6.238],[-70.556,6.2455],[-70.5685,6.24],[-70.575,6.242],[-70.588,6.2385],[-70.597,6.242],[-70.6005,6.237],[-70.6095,6.24],[-70.6175,6.2335],[-70.6245,6.2345],[-70.631,6.227],[-70.641,6.235],[-70.648,6.231],[-70.6715,6.226],[-70.6785,6.2205],[-70.692,6.2275],[-70.705,6.221],[-70.7135,6.225],[-70.724,6.217],[-70.7315,6.2205],[-70.732,6.227],[-70.745,6.2245],[-70.754,6.2315],[-70.7695,6.2285],[-70.772,6.244],[-70.78,6.242],[-70.787,6.251],[-70.7965,6.2535],[-70.8065,6.25],[-70.821,6.252],[-70.831,6.239],[-70.848,6.2365],[-70.856,6.239],[-70.8645,6.2365],[-70.8635,6.2245],[-70.8695,6.2215],[-70.879,6.232],[-70.8895,6.2295],[-70.895,6.2355],[-70.906,6.2315],[-70.9155,6.235],[-70.93,6.2305],[-70.9355,6.226],[-70.944,6.2275],[-70.9525,6.235],[-70.972,6.2355],[-70.984,6.229],[-71.0115,6.254],[-71.0195,6.2535],[-71.0335,6.2655],[-71.0335,6.2575],[-71.0635,6.256],[-71.071,6.2645],[-71.083,6.269],[-71.089,6.277],[-71.0965,6.2775],[-71.107,6.2665],[-71.117,6.2655],[-71.119,6.2745],[-71.127,6.2725],[-71.132,6.26],[-71.1415,6.2645],[-71.158,6.263],[-71.1605,6.272],[-71.1745,6.276],[-71.1815,6.281],[-71.19,6.2785],[-71.208,6.288],[-71.2195,6.2985],[-71.2275,6.2825],[-71.235,6.273],[-71.2365,6.2635],[-71.251,6.2715],[-71.2565,6.28],[-71.2655,6.285],[-71.276,6.272],[-71.2855,6.275],[-71.3025,6.269],[-71.3115,6.2565],[-71.318,6.2535],[-71.331,6.2575],[-71.333,6.244],[-71.343,6.2435],[-71.3455,6.2315],[-71.364,6.2285],[-71.3705,6.235],[-71.3815,6.228],[-71.38,6.2405],[-71.3875,6.2415],[-71.398,6.2375],[-71.404,6.242],[-71.417,6.2425],[-71.4175,6.2255],[-71.4255,6.2265],[-71.4325,6.2375],[-71.4465,6.246],[-71.45,6.242],[-71.439,6.23],[-71.438,6.2185],[-71.4445,6.2145],[-71.4565,6.223],[-71.462,6.2115],[-71.4705,6.212],[-71.4875,6.2015],[-71.493,6.214],[-71.5015,6.2125],[-71.5035,6.2],[-71.533,6.214],[-71.5385,6.21],[-71.5515,6.212],[-71.5505,6.199],[-71.558,6.1975],[-71.5685,6.212],[-71.575,6.2045],[-71.5705,6.1985],[-71.579,6.1935],[-71.5895,6.209],[-71.5955,6.212],[-71.608,6.209],[-71.614,6.227],[-71.6425,6.2215],[-71.6445,6.2075],[-71.6675,6.192],[-71.694,6.1905],[-71.739,6.193],[-71.745,6.191],[-71.777,6.1935],[-71.7905,6.1895],[-71.8215,6.1875],[-71.8305,6.185],[-71.844,6.172],[-71.863,6.162],[-71.8795,6.159],[-71.9095,6.1605],[-71.937,6.17],[-71.9505,6.17],[-71.9605,6.1665],[-71.9885,6.149],[-72.0105,6.13],[-72.0385,6.121],[-72.052,6.122],[-72.0605,6.1175],[-72.0775,6.113],[-72.092,6.0945],[-72.0995,6.0895],[-72.112,6.0755],[-72.126,6.068],[-72.1375,6.0665],[-72.157,6.072],[-72.187,6.089],[-72.191,6.095],[-72.213,6.104],[-72.224,6.1045],[-72.2565,6.122],[-72.261,6.1225],[-72.2775,6.1365],[-72.2795,6.157],[-72.289,6.163],[-72.282,6.1765],[-72.2875,6.1885],[-72.285,6.197],[-72.292,6.204],[-72.3135,6.2065],[-72.325,6.21],[-72.3295,6.221],[-72.339,6.221],[-72.344,6.226],[-72.347,6.2435],[-72.3585,6.2575],[-72.3635,6.271],[-72.3595,6.285],[-72.3665,6.307],[-72.3625,6.314],[-72.353,6.3195],[-72.3525,6.331],[-72.3465,6.341],[-72.3385,6.3455],[-72.352,6.3445],[-72.3635,6.326],[-72.3715,6.319],[-72.379,6.293],[-72.39,6.2825],[-72.3965,6.272],[-72.387,6.2615],[-72.398,6.2375],[-72.3985,6.2185],[-72.4125,6.188],[-72.4055,6.19],[-72.3925,6.187],[-72.393,6.1615],[-72.3865,6.162],[-72.3745,6.15],[-72.377,6.134],[-72.3845,6.1325],[-72.389,6.1235],[-72.384,6.114],[-72.365,6.1],[-72.3755,6.0925],[-72.3665,6.077],[-72.362,6.075],[-72.3275,6.0855],[-72.3185,6.0785],[-72.3215,6.068],[-72.3535,6.0435],[-72.3615,6.044],[-72.3655,6.0365],[-72.362,6.0255],[-72.3565,6.0235],[-72.3465,6.006],[-72.3395,5.9975],[-72.3415,5.9895],[-72.3425,5.965],[-72.336,5.944],[-72.325,5.935],[-72.3285,5.911],[-72.3275,5.9015],[-72.333,5.892],[-72.34,5.8915],[-72.3685,5.8975],[-72.375,5.895],[-72.392,5.902],[-72.4065,5.9],[-72.416,5.9035],[-72.443,5.882],[-72.451,5.8785],[-72.4525,5.871],[-72.4615,5.8595],[-72.4585,5.851],[-72.435,5.8485],[-72.4295,5.843],[-72.422,5.8435],[-72.4015,5.8365],[-72.393,5.8205],[-72.364,5.8105],[-72.3505,5.811],[-72.3485,5.806],[-72.331,5.8025],[-72.3285,5.795],[-72.3095,5.7935],[-72.305,5.779],[-72.297,5.771],[-72.301,5.7595],[-72.29,5.7505],[-72.281,5.7485],[-72.2765,5.743],[-72.277,5.7325],[-72.271,5.7285],[-72.2565,5.703],[-72.243,5.687],[-72.232,5.685],[-72.222,5.6725],[-72.226,5.6675],[-72.244,5.6665],[-72.2575,5.6625],[-72.269,5.6635],[-72.2735,5.655],[-72.2625,5.6335],[-72.271,5.622],[-72.2875,5.6055],[-72.289,5.595],[-72.2855,5.5865],[-72.285,5.5745],[-72.295,5.556],[-72.2965,5.547],[-72.2955,5.515],[-72.301,5.506],[-72.3175,5.498],[-72.3305,5.4975],[-72.346,5.507],[-72.347,5.512],[-72.357,5.518],[-72.3625,5.5285],[-72.375,5.5375],[-72.376,5.5445],[-72.384,5.56],[-72.3965,5.57],[-72.4035,5.57],[-72.421,5.563],[-72.4265,5.5475],[-72.4355,5.5375],[-72.4475,5.5165],[-72.46,5.509],[-72.471,5.4955],[-72.49,5.482],[-72.492,5.4685],[-72.502,5.445],[-72.5085,5.4375],[-72.5155,5.436],[-72.529,5.4275],[-72.537,5.4145],[-72.5535,5.4055],[-72.584,5.382],[-72.567,5.3735],[-72.571,5.364],[-72.5815,5.3505],[-72.589,5.3545],[-72.6015,5.3535],[-72.6095,5.3485],[-72.619,5.3515],[-72.6375,5.336],[-72.637,5.3285],[-72.6485,5.322],[-72.653,5.306],[-72.666,5.3015],[-72.667,5.2945],[-72.6815,5.2905],[-72.688,5.282],[-72.7065,5.2765],[-72.715,5.2805],[-72.72,5.2885],[-72.722,5.3125],[-72.7265,5.319],[-72.7425,5.3225],[-72.7465,5.3275],[-72.761,5.3355],[-72.7755,5.3565],[-72.7785,5.366],[-72.7985,5.38],[-72.811,5.3825],[-72.822,5.3695],[-72.842,5.3635],[-72.846,5.3535],[-72.8555,5.342],[-72.8665,5.3405],[-72.8665,5.3525],[-72.8825,5.363],[-72.8865,5.3545],[-72.88,5.3505],[-72.8895,5.331],[-72.888,5.316],[-72.8995,5.2995],[-72.9005,5.294],[-72.892,5.287],[-72.897,5.26],[-72.9105,5.2455],[-72.9235,5.2155],[-72.935,5.2055],[-72.949,5.1905],[-72.9485,5.1825],[-72.9635,5.156],[-72.971,5.154],[-72.973,5.146],[-72.9645,5.133],[-72.957,5.131],[-72.937,5.114],[-72.9285,5.0995],[-72.9095,5.1035],[-72.906,5.095],[-72.904,5.068],[-72.9285,5.047],[-72.93,5.0265],[-72.939,5.023],[-72.953,5.0095],[-72.957,4.997],[-72.966,4.991],[-72.9705,4.9795],[-72.9795,4.9805],[-72.9995,4.9895],[-73.0045,4.997],[-73.015,5.002],[-73.023,4.989],[-73.031,4.9815],[-73.0295,4.97],[-73.0355,4.962],[-73.042,4.9375],[-73.049,4.9225],[-73.0475,4.902],[-73.042,4.8905],[-73.0415,4.879],[-73.0525,4.8685],[-73.0515,4.862],[-73.0615,4.855],[-73.0605,4.85],[-73.068,4.838],[-73.0775,4.812],[-73.07,4.802],[-73.072,4.7955],[-73.065,4.7915],[-73.06,4.779],[-73.0545,4.7735],[-73.045,4.751],[-73.0525,4.7365]]]},"properties":{"divipola_dep":"85","divipola_dep_n":85,"dpto_nombre":"CASANARE","area_km2":44267.0097}},
{"type":"Feature","geometry":{"type":"Polygon","coordinates":[[[-76.085,1.0575],[-76.0925,1.049],[-76.0815,1.0455],[-76.075,1.0345],[-76.0805,1.021],[-76.092,1.019],[-76.105,1.0245],[-76.112,1.013],[-76.1255,1.0065],[-76.1315,1.008],[-76.145,1.018],[-76.153,1.0195],[-76.166,1.0295],[-76.1835,1.026],[-76.1835,1.013],[-76.1935,1.0105],[-76.2045,1.017],[-76.2085,1.006],[-76.1895,1.003],[-76.191,0.993],[-76.2025,0.9815],[-76.213,0.979],[-76.238,0.98],[-76.2335,0.9655],[-76.239,0.9645],[-76.2525,0.9805],[-76.2565,0.974],[-76.2665,0.9695],[-76.2715,0.9795],[-76.28,0.9815],[-76.2835,0.9705],[-76.298,0.9605],[-76.312,0.966],[-76.3305,0.9585],[-76.328,0.9685],[-76.3355,0.9805],[-76.3445,0.9755],[-76.349,0.98],[-76.3725,0.9835],[-76.3785,0.9775],[-76.388,0.975],[-76.401,0.98],[-76.4095,0.966],[-76.422,0.9605],[-76.436,0.9685],[-76.4455,0.9695],[-76.4455,0.9805],[-76.467,0.999],[-76.4835,1.0045],[-76.4875,1.019],[-76.495,1.029],[-76.5235,1.0305],[-76.53,1.035],[-76.5445,1.0375],[-76.548,1.049],[-76.555,1.059],[-76.556,1.0695],[-76.5625,1.0725],[-76.561,1.085],[-76.5685,1.089],[-76.562,1.0965],[-76.568,1.1025],[-76.5535,1.1125],[-76.547,1.132],[-76.551,1.141],[-76.5495,1.151],[-76.5435,1.16],[-76.54,1.205],[-76.5375,1.2105],[-76.543,1.222],[-76.5625,1.234],[-76.5695,1.2505],[-76.574,1.2825],[-76.585,1.298],[-76.586,1.305],[-76.5755,1.319],[-76.572,1.3305],[-76.5825,1.3375],[-76.584,1.346],[-76.5775,1.3485],[-76.577,1.3665],[-76.5795,1.374],[-76.5735,1.3835],[-76.576,1.388],[-76.592,1.3925],[-76.5915,1.397],[-76.602,1.4045],[-76.6015,1.4135],[-76.615,1.4235],[-76.625,1.423],[-76.633,1.4305],[-76.643,1.4505],[-76.6645,1.4655],[-76.6765,1.466],[-76.683,1.458],[-76.69,1.455],[-76.6975,1.444],[-76.7185,1.439],[-76.728,1.4315],[-76.741,1.4295],[-76.751,1.42],[-76.7665,1.4175],[-76.7795,1.41],[-76.79,1.4125],[-76.8005,1.4085],[-76.8065,1.4015],[-76.818,1.4],[-76.8255,1.393],[-76.8505,1.385],[-76.8615,1.375],[-76.8785,1.371],[-76.885,1.3725],[-76.914,1.342],[-76.9205,1.3455],[-76.9215,1.338],[-76.91,1.328],[-76.907,1.3225],[-76.9135,1.311],[-76.9305,1.2955],[-76.934,1.2785],[-76.94,1.2725],[-76.964,1.277],[-76.9615,1.2835],[-76.9795,1.2865],[-76.9785,1.2785],[-76.983,1.267],[-76.9715,1.2525],[-76.981,1.223],[-77.0035,1.2125],[-77.013,1.2065],[-77.021,1.196],[-77.0405,1.2015],[-77.059,1.1935],[-77.069,1.185],[-77.0885,1.1835],[-77.087,1.1725],[-77.0975,1.1635],[-77.1015,1.1425],[-77.096,1.13],[-77.092,1.1105],[-77.095,1.0825],[-77.084,1.062],[-77.0725,1.0585],[-77.0645,1.0515],[-77.0665,1.042],[-77.0545,1.0335],[-77.0395,1.0395],[-77.0265,1.0135],[-77.028,0.9955],[-77.039,0.993],[-77.0495,0.977],[-77.056,0.977],[-77.0725,0.971],[-77.0785,0.962],[-77.073,0.9425],[-77.0795,0.9405],[-77.091,0.914],[-77.1005,0.9125],[-77.108,0.9045],[-77.1175,0.9005],[-77.1225,0.8805],[-77.1165,0.8765],[-77.118,0.8585],[-77.114,0.8495],[-77.1025,0.8335],[-77.1175,0.827],[-77.139,0.8215],[-77.157,0.7525],[-77.187,0.631],[-77.176,0.617],[-77.156,0.606],[-77.128,0.6015],[-77.1175,0.5895],[-77.1205,0.5755],[-77.1155,0.564],[-77.1265,0.556],[-77.1315,0.5395],[-77.1305,0.525],[-77.1205,0.5085],[-77.1155,0.483],[-77.105,0.477],[-77.1015,0.4645],[-77.1085,0.4495],[-77.105,0.4325],[-77.0905,0.426],[-77.0905,0.418],[-77.099,0.4115],[-77.093,0.4065],[-77.0975,0.383],[-77.113,0.3815],[-77.1125,0.3725],[-77.107,0.3575],[-77.108,0.3495],[-77.0965,0.3265],[-77.0845,0.3195],[-77.081,0.3105],[-77.089,0.3035],[-77.0805,0.2875],[-77.0715,0.288],[-77.056,0.285],[-77.049,0.2895],[-77.026,0.2785],[-77.0135,0.2925],[-77.0055,0.295],[-76.999,0.29],[-76.9965,0.2795],[-76.9845,0.2685],[-76.971,0.271],[-76.9495,0.2685],[-76.9325,0.276],[-76.929,0.2725],[-76.9345,0.261],[-76.9145,0.2495],[-76.9035,0.245],[-76.887,0.2465],[-76.8795,0.2515],[-76.8585,0.246],[-76.8485,0.2395],[-76.839,0.242],[-76.8235,0.255],[-76.8135,0.2575],[-76.798,0.265],[-76.786,0.263],[-76.7705,0.245],[-76.753,0.2505],[-76.7535,0.259],[-76.7635,0.258],[-76.7665,0.2635],[-76.755,0.2735],[-76.744,0.2775],[-76.7325,0.2885],[-76.7275,0.285],[-76.7125,0.269],[-76.702,0.278],[-76.691,0.276],[-76.6775,0.27],[-76.659,0.273],[-76.6535,0.2665],[-76.6565,0.2545],[-76.651,0.2515],[-76.6365,0.263],[-76.6295,0.263],[-76.619,0.256],[-76.614,0.245],[-76.603,0.2295],[-76.594,0.227],[-76.584,0.22],[-76.579,0.2305],[-76.5665,0.2445],[-76.5355,0.259],[-76.5275,0.2555],[-76.512,0.24],[-76.5035,0.236],[-76.488,0.241],[-76.4765,0.2395],[-76.452,0.239],[-76.446,0.241],[-76.4455,0.254],[-76.4335,0.259],[-76.4275,0.2565],[-76.4245,0.248],[-76.4285,0.2355],[-76.421,0.236],[-76.4125,0.2415],[-76.412,0.379],[-76.397,0.3815],[-76.3775,0.3915],[-76.366,0.393],[-76.354,0.3785],[-76.3365,0.3845],[-76.3315,0.41],[-76.327,0.419],[-76.3125,0.4335],[-76.306,0.423],[-76.292,0.4225],[-76.2815,0.4355],[-76.274,0.435],[-76.2625,0.4265],[-76.2615,0.404],[-76.248,0.397],[-76.24,0.403],[-76.2315,0.398],[-76.2295,0.376],[-76.21,0.385],[-76.2045,0.383],[-76.1995,0.3725],[-76.1785,0.3705],[-76.1645,0.379],[-76.1585,0.388],[-76.1535,0.379],[-76.133,0.37],[-76.129,0.3635],[-76.1205,0.339],[-76.123,0.3305],[-76.1215,0.3195],[-76.114,0.3135],[-76.104,0.311],[-76.095,0.3175],[-76.085,0.3325],[-76.074,0.335],[-76.064,0.3335],[-76.0545,0.328],[-76.0465,0.304],[-76.038,0.3015],[-76.028,0.3025],[-76.0105,0.299],[-76.004,0.2915],[-76.0065,0.278],[-75.997,0.263],[-75.9865,0.262],[-75.986,0.256],[-76.006,0.2565],[-76.0045,0.247],[-75.9915,0.242],[-75.966,0.2365],[-75.96,0.2245],[-75.9535,0.2205],[-75.96,0.211],[-75.9555,0.201],[-75.94,0.199],[-75.9305,0.192],[-75.9295,0.1815],[-75.9095,0.1645],[-75.903,0.164],[-75.899,0.154],[-75.907,0.146],[-75.907,0.1375],[-75.898,0.136],[-75.889,0.1405],[-75.881,0.1335],[-75.884,0.12],[-75.871,0.118],[-75.8675,0.1265],[-75.86,0.1335],[-75.854,0.131],[-75.8445,0.104],[-75.8225,0.082],[-75.818,0.075],[-75.819,0.0645],[-75.812,0.051],[-75.802,0.047],[-75.788,0.054],[-75.7805,0.0425],[-75.766,0.039],[-75.757,0.034],[-75.7395,0.0315],[-75.7255,0.0345],[-75.6965,0.031],[-75.6825,0.0335],[-75.6755,0.0385],[-75.6635,0.035],[-75.6495,0.0265],[-75.645,0.029],[-75.634,0.0455],[-75.6305,0.038],[-75.6155,0.0275],[-75.612,0.0145],[-75.604,0.01],[-75.588,0.015],[-75.5815,0.014],[-75.581,0.003],[-75.5875,-0.011],[-75.58,-0.025],[-75.5695,-0.0305],[-75.5525,-0.025],[-75.539,-0.028],[-75.53,-0.0265],[-75.5215,-0.031],[-75.5085,-0.048],[-75.4995,-0.053],[-75.4805,-0.0515],[-75.467,-0.0595],[-75.4595,-0.0605],[-75.4515,-0.075],[-75.4255,-0.0895],[-75.4155,-0.0915],[-75.3915,-0.102],[-75.3815,-0.1005],[-75.367,-0.092],[-75.3585,-0.092],[-75.3375,-0.108],[-75.3175,-0.1085],[-75.308,-0.1165],[-75.299,-0.117],[-75.276,-0.1275],[-75.2685,-0.1265],[-75.2515,-0.1165],[-75.225,-0.09],[-75.218,-0.078],[-75.2135,-0.056],[-75.202,-0.045],[-75.1875,-0.042],[-75.1765,-0.0465],[-75.1695,-0.0455],[-75.1615,-0.0565],[-75.146,-0.068],[-75.1355,-0.071],[-75.1215,-0.08],[-75.1005,-0.0815],[-75.0795,-0.0935],[-75.069,-0.095],[-75.0615,-0.1065],[-75.0535,-0.1125],[-75.052,-0.1225],[-75.044,-0.13],[-75.037,-0.1315],[-75.018,-0.1475],[-74.998,-0.1545],[-74.981,-0.1555],[-74.974,-0.1585],[-74.9715,-0.167],[-74.978,-0.177],[-74.9765,-0.1845],[-74.959,-0.195],[-74.9445,-0.2085],[-74.9285,-0.229],[-74.917,-0.2255],[-74.914,-0.2145],[-74.906,-0.219],[-74.8965,-0.238],[-74.887,-0.245],[-74.8735,-0.241],[-74.8545,-0.2435],[-74.8475,-0.238],[-74.8365,-0.221],[-74.835,-0.2155],[-74.8095,-0.193],[-74.801,-0.2015],[-74.788,-0.2005],[-74.778,-0.208],[-74.7725,-0.228],[-74.7635,-0.23],[-74.7535,-0.254],[-74.753,-0.274],[-74.7505,-0.285],[-74.7325,-0.3015],[-74.731,-0.3115],[-74.738,-0.329],[-74.733,-0.34],[-74.7255,-0.3495],[-74.7105,-0.3535],[-74.702,-0.3525],[-74.6965,-0.3385],[-74.684,-0.3315],[-74.681,-0.3395],[-74.6835,-0.351],[-74.6895,-0.3575],[-74.6875,-0.365],[-74.6785,-0.3665],[-74.675,-0.3725],[-74.656,-0.377],[-74.6515,-0.3755],[-74.6355,-0.361],[-74.6265,-0.3595],[-74.6115,-0.353],[-74.609,-0.3565],[-74.617,-0.3705],[-74.612,-0.3825],[-74.5915,-0.384],[-74.581,-0.3895],[-74.576,-0.3955],[-74.5735,-0.413],[-74.5565,-0.4185],[-74.5495,-0.423],[-74.548,-0.438],[-74.543,-0.4445],[-74.538,-0.463],[-74.5305,-0.47],[-74.5145,-0.4725],[-74.509,-0.4655],[-74.502,-0.476],[-74.503,-0.4845],[-74.4895,-0.491],[-74.4835,-0.486],[-74.4815,-0.4775],[-74.4695,-0.4815],[-74.4685,-0.4965],[-74.4575,-0.5055],[-74.452,-0.506],[-74.4425,-0.4975],[-74.4295,-0.499],[-74.4225,-0.5075],[-74.4305,-0.5285],[-74.4295,-0.5405],[-74.4215,-0.561],[-74.4085,-0.557],[-74.398,-0.5425],[-74.3925,-0.544],[-74.389,-0.5535],[-74.2485,-0.514],[-74.0635,-0.4615],[-73.8415,-0.398],[-73.859,-0.3835],[-73.88,-0.3705],[-73.901,-0.3685],[-73.945,-0.355],[-73.999,-0.3445],[-74.017,-0.333],[-74.0255,-0.3165],[-74.0355,-0.31],[-74.041,-0.297],[-74.04,-0.2825],[-74.0445,-0.275],[-74.054,-0.2725],[-74.07,-0.2805],[-74.084,-0.278],[-74.094,-0.259],[-74.1095,-0.2365],[-74.1225,-0.2325],[-74.1345,-0.2335],[-74.146,-0.241],[-74.1565,-0.261],[-74.162,-0.2655],[-74.1755,-0.266],[-74.1885,-0.2585],[-74.1905,-0.227],[-74.1945,-0.216],[-74.2085,-0.2075],[-74.2175,-0.21],[-74.223,-0.234],[-74.234,-0.2375],[-74.261,-0.222],[-74.29,-0.197],[-74.287,-0.177],[-74.269,-0.1625],[-74.264,-0.1555],[-74.2655,-0.1445],[-74.278,-0.1395],[-74.299,-0.148],[-74.3065,-0.146],[-74.3175,-0.1335],[-74.323,-0.1225],[-74.3305,-0.116],[-74.351,-0.1065],[-74.371,-0.1115],[-74.395,-0.113],[-74.4115,-0.118],[-74.429,-0.1325],[-74.4445,-0.14],[-74.447,-0.129],[-74.4265,-0.1125],[-74.4235,-0.098],[-74.4275,-0.088],[-74.4395,-0.075],[-74.4515,-0.07],[-74.4575,-0.0725],[-74.462,-0.082],[-74.4645,-0.111],[-74.475,-0.1305],[-74.486,-0.138],[-74.4995,-0.137],[-74.5085,-0.127],[-74.5065,-0.1035],[-74.514,-0.0915],[-74.5305,-0.089],[-74.5345,-0.102],[-74.524,-0.116],[-74.53,-0.126],[-74.541,-0.1205],[-74.582,-0.1095],[-74.5985,-0.0985],[-74.617,-0.094],[-74.632,-0.0885],[-74.6325,-0.083],[-74.618,-0.0715],[-74.6165,-0.0565],[-74.63,-0.045],[-74.6455,-0.0385],[-74.6645,-0.0525],[-74.6715,-0.06],[-74.6815,-0.056],[-74.6795,-0.047],[-74.662,-0.0385],[-74.657,-0.028],[-74.658,-0.0085],[-74.6765,0.01],[-74.69,0.019],[-74.704,0.037],[-74.702,0.0445],[-74.6835,0.0425],[-74.663,0.0535],[-74.6565,0.0665],[-74.658,0.0765],[-74.6705,0.0825],[-74.692,0.0785],[-74.704,0.082],[-74.7115,0.089],[-74.707,0.0975],[-74.6965,0.0895],[-74.6885,0.0885],[-74.6805,0.092],[-74.6735,0.105],[-74.673,0.1175],[-74.6755,0.131],[-74.675,0.1435],[-74.678,0.16],[-74.692,0.1765],[-74.7035,0.1845],[-74.7075,0.1935],[-74.7165,0.2015],[-74.7365,0.2095],[-74.7685,0.2125],[-74.7815,0.2085],[-74.815,0.2165],[-74.831,0.213],[-74.8445,0.214],[-74.8655,0.225],[-74.881,0.241],[-74.893,0.249],[-74.9135,0.2525],[-74.9285,0.2505],[-74.943,0.2435],[-74.954,0.242],[-74.9655,0.245],[-74.9855,0.2655],[-75.004,0.273],[-75.0105,0.281],[-75.011,0.29],[-75.0065,0.2965],[-74.9895,0.2995],[-74.98,0.3115],[-74.982,0.319],[-75,0.3335],[-75.007,0.3425],[-75.012,0.3535],[-75.0155,0.3865],[-75.007,0.393],[-74.9885,0.3965],[-74.985,0.3995],[-74.9835,0.4125],[-74.988,0.421],[-75.0055,0.438],[-75.0135,0.464],[-75.0255,0.48],[-75.034,0.4845],[-75.0455,0.48],[-75.0585,0.4795],[-75.07,0.476],[-75.086,0.4765],[-75.101,0.4725],[-75.1065,0.4785],[-75.0965,0.4875],[-75.094,0.501],[-75.099,0.511],[-75.117,0.5115],[-75.125,0.507],[-75.143,0.4875],[-75.161,0.4805],[-75.176,0.4865],[-75.187,0.485],[-75.196,0.479],[-75.21,0.482],[-75.217,0.4865],[-75.2155,0.4955],[-75.2015,0.499],[-75.1985,0.5045],[-75.2025,0.5125],[-75.213,0.5205],[-75.225,0.5355],[-75.2355,0.5665],[-75.231,0.581],[-75.2125,0.588],[-75.2075,0.6015],[-75.215,0.6155],[-75.22,0.632],[-75.231,0.646],[-75.2585,0.658],[-75.271,0.6615],[-75.276,0.6675],[-75.2755,0.676],[-75.264,0.688],[-75.257,0.703],[-75.2585,0.713],[-75.2655,0.7255],[-75.285,0.7295],[-75.295,0.7285],[-75.3095,0.7475],[-75.3245,0.746],[-75.331,0.752],[-75.339,0.7685],[-75.3475,0.766],[-75.36,0.7505],[-75.3785,0.7545],[-75.3845,0.754],[-75.403,0.7385],[-75.423,0.7385],[-75.44,0.7475],[-75.4685,0.759],[-75.473,0.773],[-75.483,0.783],[-75.4895,0.7815],[-75.504,0.767],[-75.521,0.7755],[-75.5245,0.7825],[-75.539,0.79],[-75.5375,0.8045],[-75.538,0.827],[-75.547,0.8325],[-75.5745,0.8345],[-75.5865,0.839],[-75.6055,0.837],[-75.6135,0.846],[-75.6135,0.8575],[-75.619,0.8675],[-75.6365,0.8765],[-75.6605,0.8735],[-75.675,0.86],[-75.682,0.857],[-75.6935,0.8575],[-75.711,0.8625],[-75.7205,0.8615],[-75.7425,0.8535],[-75.758,0.837],[-75.7665,0.845],[-75.765,0.8535],[-75.7775,0.873],[-75.7845,0.877],[-75.7975,0.894],[-75.806,0.896],[-75.814,0.893],[-75.8245,0.8755],[-75.832,0.874],[-75.8435,0.877],[-75.8565,0.885],[-75.8655,0.9065],[-75.866,0.919],[-75.87,0.9255],[-75.895,0.9355],[-75.903,0.95],[-75.9045,0.9655],[-75.909,0.973],[-75.9205,0.9775],[-75.9455,0.981],[-75.944,0.989],[-75.932,0.994],[-75.931,1.0065],[-75.922,1.019],[-75.921,1.029],[-75.927,1.034],[-75.935,1.03],[-75.9515,1.0335],[-75.9755,1.0615],[-75.9865,1.07],[-76,1.0695],[-75.9985,1.061],[-75.989,1.0555],[-75.9855,1.0445],[-75.994,1.027],[-76.0005,1.031],[-76.001,1.0475],[-76.006,1.055],[-76.02,1.048],[-76.0385,1.053],[-76.047,1.046],[-76.0555,1.0475],[-76.064,1.0545],[-76.085,1.0575]]]},"properties":{"divipola_dep":"86","divipola_dep_n":86,"dpto_nombre":"PUTUMAYO","area_km2":25974.525}},
{"type":"Feature","geometry":{"type":"MultiPolygon","coordinates":[[[[-81.704,12.595],[-81.7085,12.5935],[-81.7225,12.578],[-81.723,12.567],[-81.731,12.5585],[-81.731,12.5495],[-81.7355,12.531],[-81.7285,12.523],[-81.73,12.504],[-81.735,12.497],[-81.7335,12.4825],[-81.7275,12.4815],[-81.7155,12.5045],[-81.713,12.524],[-81.7065,12.5315],[-81.7035,12.5435],[-81.7035,12.561],[-81.7005,12.5645],[-81.703,12.5755],[-81.6885,12.583],[-81.6995,12.588],[-81.704,12.595]]],[[[-81.3645,13.3855],[-81.37,13.3815],[-81.3745,13.3695],[-81.3845,13.3705],[-81.3935,13.356],[-81.3955,13.3385],[-81.3905,13.3215],[-81.377,13.324],[-81.3685,13.332],[-81.3595,13.3345],[-81.3555,13.3445],[-81.355,13.363],[-81.3645,13.3855]]],[[[-81.371,13.3945],[-81.3795,13.3915],[-81.377,13.3815],[-81.3705,13.383],[-81.371,13.3945]]]]},"properties":{"divipola_dep":"88","divipola_dep_n":88,"dpto_nombre":"ARCHIPIÉLAGO DE SAN ANDRÉS, PROVIDENCIA Y SANTA CATALINA","area_km2":49.5886}},
{"type":"Feature","geometry":{"type":"Polygon","coordinates":[[[-73.8415,-0.398],[-74.0635,-0.4615],[-74.2485,-0.514],[-74.389,-0.5535],[-74.391,-0.5675],[-74.3965,-0.581],[-74.395,-0.5875],[-74.383,-0.599],[-74.3795,-0.6075],[-74.367,-0.614],[-74.3635,-0.6215],[-74.3715,-0.628],[-74.3785,-0.6395],[-74.376,-0.652],[-74.369,-0.664],[-74.349,-0.675],[-74.348,-0.6875],[-74.342,-0.694],[-74.351,-0.704],[-74.3705,-0.7075],[-74.3815,-0.7195],[-74.376,-0.7345],[-74.361,-0.747],[-74.355,-0.755],[-74.3415,-0.7615],[-74.327,-0.7605],[-74.314,-0.768],[-74.3215,-0.7865],[-74.32,-0.793],[-74.303,-0.795],[-74.2905,-0.7835],[-74.2865,-0.793],[-74.294,-0.81],[-74.2935,-0.8185],[-74.2805,-0.8295],[-74.267,-0.8275],[-74.2565,-0.82],[-74.2575,-0.8325],[-74.268,-0.839],[-74.2735,-0.8555],[-74.2685,-0.871],[-74.2715,-0.879],[-74.279,-0.8785],[-74.285,-0.8705],[-74.3,-0.8635],[-74.3095,-0.8645],[-74.318,-0.8715],[-74.322,-0.8795],[-74.3185,-0.8935],[-74.3095,-0.898],[-74.2975,-0.896],[-74.2775,-0.907],[-74.275,-0.9115],[-74.272,-0.933],[-74.264,-0.9415],[-74.2655,-0.9515],[-74.277,-0.961],[-74.2745,-0.98],[-74.264,-0.9845],[-74.2405,-1.0045],[-74.235,-1.0035],[-74.2215,-1.0115],[-74.186,-1.0115],[-74.175,-1.007],[-74.1555,-1.015],[-74.147,-1.024],[-74.1185,-1.0385],[-74.113,-1.0435],[-74.0865,-1.0545],[-74.0755,-1.052],[-74.06,-1.057],[-74.047,-1.051],[-74.036,-1.0355],[-74.037,-1.023],[-74.0345,-1.014],[-74.028,-1.006],[-74.02,-1.0105],[-74.0155,-1.0175],[-74.0265,-1.0435],[-74.0275,-1.0645],[-74.0115,-1.0985],[-73.9945,-1.1075],[-73.983,-1.11],[-73.974,-1.1015],[-73.973,-1.091],[-73.9645,-1.0845],[-73.952,-1.094],[-73.954,-1.1],[-73.968,-1.1155],[-73.97,-1.1255],[-73.9525,-1.1335],[-73.9355,-1.134],[-73.9235,-1.123],[-73.905,-1.1285],[-73.9025,-1.141],[-73.8975,-1.152],[-73.899,-1.162],[-73.8895,-1.1825],[-73.877,-1.194],[-73.869,-1.211],[-73.8695,-1.2245],[-73.862,-1.2305],[-73.847,-1.238],[-73.8365,-1.238],[-73.814,-1.25],[-73.796,-1.251],[-73.7905,-1.242],[-73.783,-1.2455],[-73.785,-1.2585],[-73.7735,-1.263],[-73.762,-1.2595],[-73.757,-1.245],[-73.7515,-1.239],[-73.7515,-1.2175],[-73.7455,-1.21],[-73.744,-1.231],[-73.7415,-1.24],[-73.728,-1.254],[-73.708,-1.2555],[-73.697,-1.253],[-73.6825,-1.2415],[-73.6685,-1.246],[-73.657,-1.263],[-73.648,-1.269],[-73.6315,-1.272],[-73.6195,-1.2655],[-73.621,-1.291],[-73.613,-1.3195],[-73.598,-1.33],[-73.585,-1.33],[-73.574,-1.32],[-73.5705,-1.332],[-73.58,-1.3365],[-73.582,-1.348],[-73.5795,-1.3535],[-73.5835,-1.37],[-73.5795,-1.381],[-73.563,-1.3805],[-73.5585,-1.3855],[-73.5525,-1.402],[-73.5595,-1.4175],[-73.574,-1.4125],[-73.5875,-1.417],[-73.5875,-1.424],[-73.5755,-1.431],[-73.56,-1.4315],[-73.548,-1.435],[-73.54,-1.4325],[-73.535,-1.437],[-73.5315,-1.452],[-73.5345,-1.4735],[-73.5275,-1.4805],[-73.507,-1.4865],[-73.4905,-1.485],[-73.489,-1.499],[-73.4965,-1.512],[-73.4935,-1.52],[-73.482,-1.523],[-73.479,-1.529],[-73.483,-1.5405],[-73.4995,-1.554],[-73.496,-1.569],[-73.4795,-1.579],[-73.4635,-1.5695],[-73.4585,-1.578],[-73.4645,-1.5895],[-73.4855,-1.6035],[-73.505,-1.6195],[-73.5175,-1.6415],[-73.5165,-1.656],[-73.5225,-1.671],[-73.538,-1.6815],[-73.541,-1.699],[-73.5345,-1.7075],[-73.5065,-1.7315],[-73.478,-1.7365],[-73.452,-1.7485],[-73.4375,-1.7635],[-73.437,-1.7795],[-73.4285,-1.7915],[-73.3995,-1.788],[-73.392,-1.783],[-73.3805,-1.781],[-73.367,-1.7885],[-73.352,-1.8005],[-73.335,-1.804],[-73.3285,-1.8105],[-73.3265,-1.822],[-73.315,-1.8285],[-73.3035,-1.829],[-73.2975,-1.8245],[-73.2975,-1.814],[-73.3055,-1.8],[-73.2965,-1.789],[-73.282,-1.78],[-73.273,-1.784],[-73.259,-1.7845],[-73.251,-1.7815],[-73.2445,-1.7915],[-73.2575,-1.7955],[-73.2585,-1.8055],[-73.2455,-1.808],[-73.2325,-1.803],[-73.2255,-1.788],[-73.228,-1.7655],[-73.227,-1.7555],[-73.216,-1.751],[-73.209,-1.7585],[-73.197,-1.7895],[-73.1925,-1.793],[-73.1855,-1.808],[-73.1705,-1.803],[-73.147,-1.805],[-73.1495,-1.8345],[-73.157,-1.853],[-73.154,-1.861],[-73.1395,-1.8725],[-73.1285,-1.8745],[-73.1135,-1.874],[-73.109,-1.884],[-73.1115,-1.896],[-73.1185,-1.9045],[-73.1205,-1.9165],[-73.1145,-1.931],[-73.1145,-1.9515],[-73.118,-1.972],[-73.1295,-1.9865],[-73.13,-1.994],[-73.125,-2.001],[-73.1215,-2.016],[-73.114,-2.0225],[-73.0985,-2.0275],[-73.094,-2.034],[-73.095,-2.044],[-73.1065,-2.056],[-73.114,-2.069],[-73.1105,-2.081],[-73.0995,-2.0845],[-73.07,-2.085],[-73.071,-2.096],[-73.076,-2.105],[-73.0955,-2.116],[-73.11,-2.1215],[-73.1185,-2.1315],[-73.126,-2.168],[-73.1325,-2.1795],[-73.138,-2.183],[-73.1535,-2.185],[-73.169,-2.1835],[-73.175,-2.1975],[-73.1705,-2.204],[-73.173,-2.2205],[-73.162,-2.2485],[-73.1565,-2.2595],[-73.139,-2.278],[-73.133,-2.291],[-73.1255,-2.2965],[-73.127,-2.323],[-73.1195,-2.3285],[-73.0975,-2.327],[-73.094,-2.331],[-73.072,-2.343],[-73.0705,-2.3575],[-73.066,-2.363],[-73.0535,-2.366],[-73.0445,-2.3605],[-73.0385,-2.348],[-73.041,-2.3295],[-73.0215,-2.3315],[-73.017,-2.349],[-73.0015,-2.363],[-72.991,-2.36],[-72.9825,-2.345],[-72.972,-2.3485],[-72.97,-2.363],[-72.9585,-2.3775],[-72.957,-2.3925],[-72.952,-2.4035],[-72.9355,-2.414],[-72.9325,-2.433],[-72.938,-2.4405],[-72.939,-2.4505],[-72.9325,-2.458],[-72.9245,-2.456],[-72.9155,-2.4475],[-72.906,-2.444],[-72.8865,-2.4435],[-72.8795,-2.439],[-72.8695,-2.4415],[-72.8575,-2.4405],[-72.8315,-2.431],[-72.82,-2.4205],[-72.804,-2.415],[-72.793,-2.408],[-72.786,-2.3965],[-72.772,-2.394],[-72.762,-2.3995],[-72.757,-2.4245],[-72.751,-2.4295],[-72.7385,-2.428],[-72.73,-2.421],[-72.729,-2.399],[-72.704,-2.3975],[-72.699,-2.4035],[-72.705,-2.415],[-72.696,-2.424],[-72.6925,-2.4325],[-72.693,-2.452],[-72.68,-2.4525],[-72.663,-2.4415],[-72.66,-2.4345],[-72.66,-2.4185],[-72.6545,-2.4065],[-72.635,-2.39],[-72.634,-2.3765],[-72.6395,-2.365],[-72.631,-2.3595],[-72.621,-2.364],[-72.6085,-2.3635],[-72.597,-2.368],[-72.585,-2.3845],[-72.5795,-2.3955],[-72.568,-2.405],[-72.5565,-2.407],[-72.545,-2.4045],[-72.5325,-2.411],[-72.5255,-2.423],[-72.5105,-2.4265],[-72.5,-2.4185],[-72.4865,-2.422],[-72.4765,-2.4205],[-72.4635,-2.426],[-72.444,-2.4405],[-72.4365,-2.4425],[-72.423,-2.438],[-72.415,-2.43],[-72.4095,-2.4165],[-72.401,-2.4345],[-72.406,-2.4495],[-72.3985,-2.4705],[-72.3825,-2.477],[-72.3785,-2.489],[-72.3655,-2.493],[-72.345,-2.4825],[-72.329,-2.483],[-72.313,-2.476],[-72.296,-2.4775],[-72.289,-2.473],[-72.284,-2.4545],[-72.259,-2.4605],[-72.2525,-2.455],[-72.2535,-2.4465],[-72.2605,-2.4385],[-72.2565,-2.432],[-72.246,-2.432],[-72.239,-2.4355],[-72.228,-2.4485],[-72.2055,-2.4485],[-72.1875,-2.4355],[-72.1855,-2.4415],[-72.176,-2.4445],[-72.17,-2.453],[-72.1715,-2.472],[-72.1685,-2.4795],[-72.1565,-2.481],[-72.142,-2.4695],[-72.1345,-2.453],[-72.1305,-2.438],[-72.132,-2.4225],[-72.1205,-2.4045],[-72.115,-2.403],[-72.0965,-2.3905],[-72.0805,-2.374],[-72.064,-2.35],[-72.049,-2.339],[-72.042,-2.3385],[-72.028,-2.3465],[-72.022,-2.3615],[-72.0155,-2.3685],[-71.988,-2.3735],[-71.973,-2.37],[-71.9595,-2.364],[-71.9335,-2.382],[-71.9235,-2.383],[-71.918,-2.379],[-71.9155,-2.368],[-71.9325,-2.3265],[-71.924,-2.313],[-71.9185,-2.311],[-71.8975,-2.3155],[-71.883,-2.3135],[-71.868,-2.2935],[-71.86,-2.271],[-71.859,-2.26],[-71.8455,-2.234],[-71.8335,-2.197],[-71.8145,-2.198],[-71.81,-2.2055],[-71.8,-2.208],[-71.794,-2.2045],[-71.789,-2.188],[-71.773,-2.183],[-71.763,-2.1745],[-71.7485,-2.1745],[-71.743,-2.1615],[-71.7475,-2.1495],[-71.7415,-2.1465],[-71.723,-2.155],[-71.7195,-2.164],[-71.724,-2.1805],[-71.733,-2.197],[-71.7345,-2.215],[-71.7315,-2.225],[-71.721,-2.231],[-71.7095,-2.233],[-71.6865,-2.2205],[-71.6735,-2.209],[-71.658,-2.2035],[-71.6485,-2.2035],[-71.629,-2.211],[-71.613,-2.2335],[-71.608,-2.237],[-71.5865,-2.242],[-71.5715,-2.25],[-71.556,-2.2485],[-71.5305,-2.2525],[-71.5195,-2.252],[-71.5165,-2.259],[-71.5235,-2.299],[-71.522,-2.3095],[-71.526,-2.3205],[-71.517,-2.331],[-71.507,-2.348],[-71.4985,-2.356],[-71.4835,-2.354],[-71.479,-2.3485],[-71.478,-2.3295],[-71.488,-2.302],[-71.4825,-2.2885],[-71.4705,-2.275],[-71.463,-2.2745],[-71.45,-2.2845],[-71.434,-2.3145],[-71.432,-2.3225],[-71.4235,-2.332],[-71.413,-2.337],[-71.41,-2.346],[-71.399,-2.359],[-71.4,-2.3665],[-71.409,-2.383],[-71.4095,-2.3925],[-71.404,-2.4045],[-71.395,-2.4115],[-71.3845,-2.409],[-71.3765,-2.403],[-71.3695,-2.393],[-71.3515,-2.3915],[-71.338,-2.3835],[-71.33,-2.385],[-71.317,-2.3805],[-71.309,-2.3695],[-71.3065,-2.3555],[-71.3015,-2.349],[-71.285,-2.3475],[-71.277,-2.3515],[-71.2795,-2.36],[-71.293,-2.3775],[-71.291,-2.384],[-71.2815,-2.389],[-71.271,-2.386],[-71.2595,-2.3615],[-71.2525,-2.356],[-71.2295,-2.3485],[-71.217,-2.3535],[-71.216,-2.3645],[-71.2115,-2.3705],[-71.1935,-2.383],[-71.1785,-2.3835],[-71.17,-2.379],[-71.1675,-2.3455],[-71.1515,-2.3375],[-71.141,-2.3455],[-71.1315,-2.344],[-71.1275,-2.3385],[-71.131,-2.3165],[-71.14,-2.301],[-71.132,-2.288],[-71.111,-2.2835],[-71.093,-2.2845],[-71.0645,-2.273],[-71.0365,-2.276],[-71.026,-2.283],[-71.02,-2.2985],[-71.005,-2.309],[-70.9965,-2.3095],[-70.989,-2.3045],[-70.987,-2.2915],[-70.9925,-2.277],[-71.002,-2.263],[-71.002,-2.254],[-71.0105,-2.239],[-71.014,-2.2265],[-71.0025,-2.2115],[-70.9815,-2.214],[-70.976,-2.219],[-70.973,-2.23],[-70.964,-2.241],[-70.95,-2.252],[-70.9365,-2.257],[-70.925,-2.2555],[-70.917,-2.251],[-70.905,-2.238],[-70.9005,-2.229],[-70.8865,-2.2235],[-70.869,-2.2275],[-70.86,-2.235],[-70.855,-2.244],[-70.8465,-2.2735],[-70.846,-2.2815],[-70.84,-2.2915],[-70.833,-2.2955],[-70.815,-2.299],[-70.794,-2.2955],[-70.7705,-2.299],[-70.765,-2.3155],[-70.757,-2.328],[-70.745,-2.3345],[-70.7135,-2.339],[-70.7055,-2.3435],[-70.6875,-2.344],[-70.682,-2.35],[-70.6635,-2.3595],[-70.664,-2.367],[-70.68,-2.389],[-70.683,-2.404],[-70.678,-2.411],[-70.667,-2.4145],[-70.643,-2.414],[-70.628,-2.403],[-70.6325,-2.4215],[-70.6445,-2.4475],[-70.6435,-2.463],[-70.6395,-2.47],[-70.629,-2.4795],[-70.6105,-2.487],[-70.5985,-2.488],[-70.568,-2.485],[-70.5585,-2.4785],[-70.548,-2.4665],[-70.5445,-2.4535],[-70.5475,-2.4475],[-70.5635,-2.437],[-70.5815,-2.432],[-70.584,-2.425],[-70.565,-2.42],[-70.55,-2.427],[-70.5365,-2.444],[-70.527,-2.4655],[-70.5175,-2.475],[-70.5025,-2.4785],[-70.487,-2.473],[-70.4735,-2.457],[-70.4695,-2.457],[-70.457,-2.4765],[-70.4505,-2.511],[-70.439,-2.5265],[-70.425,-2.5315],[-70.4085,-2.5295],[-70.397,-2.5215],[-70.385,-2.5055],[-70.3735,-2.4975],[-70.358,-2.494],[-70.341,-2.498],[-70.329,-2.5085],[-70.316,-2.5105],[-70.3045,-2.505],[-70.2995,-2.507],[-70.2995,-2.5205],[-70.305,-2.528],[-70.3195,-2.534],[-70.339,-2.534],[-70.349,-2.537],[-70.36,-2.5455],[-70.3625,-2.559],[-70.358,-2.5675],[-70.343,-2.5775],[-70.328,-2.5825],[-70.306,-2.5785],[-70.298,-2.5745],[-70.2795,-2.56],[-70.261,-2.5545],[-70.2495,-2.5555],[-70.242,-2.5625],[-70.2375,-2.578],[-70.23,-2.5935],[-70.2285,-2.6165],[-70.23,-2.6275],[-70.2265,-2.6425],[-70.2195,-2.6565],[-70.2005,-2.664],[-70.187,-2.658],[-70.1795,-2.6345],[-70.1735,-2.634],[-70.1655,-2.643],[-70.1585,-2.6635],[-70.169,-2.6945],[-70.1625,-2.7135],[-70.147,-2.718],[-70.14,-2.715],[-70.132,-2.706],[-70.122,-2.7045],[-70.1125,-2.6985],[-70.1035,-2.6775],[-70.101,-2.662],[-70.08,-2.6615],[-70.0755,-2.664],[-70.071,-2.682],[-70.072,-2.7035],[-70.075,-2.7205],[-70.074,-2.7325],[-70.07,-2.75],[-70.0605,-2.7595],[-70.0735,-2.791],[-70.0805,-2.795],[-70.1105,-2.842],[-70.2115,-3],[-70.283,-3.113],[-70.3765,-3.262],[-70.4395,-3.362],[-70.5375,-3.517],[-70.6045,-3.623],[-70.713,-3.7955],[-70.702,-3.792],[-70.688,-3.793],[-70.673,-3.8045],[-70.653,-3.83],[-70.6275,-3.8325],[-70.622,-3.8395],[-70.6115,-3.837],[-70.604,-3.828],[-70.592,-3.8195],[-70.58,-3.8165],[-70.564,-3.8245],[-70.5545,-3.8365],[-70.5425,-3.864],[-70.531,-3.878],[-70.52,-3.8805],[-70.4865,-3.8765],[-70.47,-3.8705],[-70.4485,-3.859],[-70.4285,-3.842],[-70.419,-3.8295],[-70.408,-3.8255],[-70.384,-3.825],[-70.376,-3.8215],[-70.3545,-3.8],[-70.3475,-3.8005],[-70.3075,-3.812],[-70.288,-3.8205],[-70.2785,-3.8275],[-70.2705,-3.84],[-70.262,-3.8685],[-70.256,-3.883],[-70.248,-3.895],[-70.2215,-3.915],[-70.192,-3.9235],[-70.183,-3.9285],[-70.175,-3.9535],[-70.172,-3.9885],[-70.1765,-4.01],[-70.1765,-4.035],[-70.1675,-4.0515],[-70.145,-4.0615],[-70.1235,-4.0645],[-70.102,-4.063],[-70.089,-4.065],[-70.065,-4.081],[-70.056,-4.0905],[-70.045,-4.1185],[-70.034,-4.132],[-70.017,-4.143],[-69.9965,-4.168],[-69.983,-4.19],[-69.969,-4.1975],[-69.957,-4.2105],[-69.95,-4.2295],[-69.933,-4.2195],[-69.909,-4.0845],[-69.8835,-3.9415],[-69.849,-3.7515],[-69.825,-3.6175],[-69.801,-3.485],[-69.7675,-3.2985],[-69.7395,-3.144],[-69.714,-3.0025],[-69.6905,-2.87],[-69.6685,-2.7465],[-69.6415,-2.5965],[-69.598,-2.353],[-69.5695,-2.196],[-69.535,-2.0025],[-69.491,-1.7585],[-69.4515,-1.539],[-69.451,-1.5275],[-69.4555,-1.515],[-69.456,-1.4885],[-69.451,-1.4785],[-69.4375,-1.4645],[-69.4325,-1.453],[-69.4355,-1.4115],[-69.4285,-1.388],[-69.417,-1.375],[-69.399,-1.366],[-69.398,-1.354],[-69.408,-1.3275],[-69.4095,-1.3135],[-69.407,-1.29],[-69.414,-1.2685],[-69.422,-1.257],[-69.4295,-1.235],[-69.43,-1.2185],[-69.4255,-1.2055],[-69.4155,-1.185],[-69.4135,-1.159],[-69.408,-1.1465],[-69.4,-1.1435],[-69.396,-1.1365],[-69.3955,-1.122],[-69.407,-1.1],[-69.4255,-1.0765],[-69.433,-1.0695],[-69.452,-1.071],[-69.4625,-1.0775],[-69.4705,-1.0935],[-69.468,-1.1105],[-69.4595,-1.1265],[-69.4625,-1.142],[-69.468,-1.146],[-69.4835,-1.145],[-69.4875,-1.155],[-69.4755,-1.159],[-69.466,-1.1715],[-69.465,-1.1895],[-69.468,-1.2],[-69.4815,-1.214],[-69.4905,-1.217],[-69.511,-1.2155],[-69.5295,-1.198],[-69.539,-1.192],[-69.5495,-1.191],[-69.552,-1.1955],[-69.5665,-1.191],[-69.5705,-1.1775],[-69.5775,-1.1625],[-69.578,-1.1555],[-69.592,-1.146],[-69.619,-1.1645],[-69.6305,-1.165],[-69.6365,-1.1705],[-69.6345,-1.1975],[-69.637,-1.212],[-69.65,-1.227],[-69.6645,-1.226],[-69.672,-1.22],[-69.68,-1.203],[-69.6815,-1.1895],[-69.678,-1.1535],[-69.681,-1.124],[-69.68,-1.118],[-69.6695,-1.115],[-69.66,-1.1185],[-69.6585,-1.1265],[-69.649,-1.13],[-69.6495,-1.116],[-69.6605,-1.103],[-69.6815,-1.0825],[-69.699,-1.054],[-69.7045,-1.048],[-69.724,-1.0385],[-69.735,-1.0425],[-69.741,-1.0395],[-69.7495,-1.0275],[-69.7595,-1.0335],[-69.7725,-1.0365],[-69.7645,-1.0645],[-69.754,-1.076],[-69.7395,-1.077],[-69.734,-1.087],[-69.7385,-1.094],[-69.7565,-1.099],[-69.769,-1.096],[-69.7845,-1.086],[-69.7925,-1.0745],[-69.815,-1.0355],[-69.822,-1.029],[-69.84,-1.0285],[-69.8535,-1.039],[-69.8695,-1.0735],[-69.8765,-1.0785],[-69.889,-1.081],[-69.9105,-1.081],[-69.9365,-1.096],[-69.9465,-1.0975],[-69.964,-1.091],[-69.971,-1.079],[-69.9715,-1.071],[-69.967,-1.0605],[-69.9545,-1.0455],[-69.944,-1.0395],[-69.941,-1.0335],[-69.944,-1.021],[-69.9545,-1.006],[-69.951,-0.9915],[-69.9205,-0.973],[-69.906,-0.98],[-69.902,-0.9745],[-69.908,-0.9635],[-69.933,-0.9485],[-69.942,-0.9465],[-69.9515,-0.956],[-69.96,-0.9685],[-69.988,-0.9765],[-69.998,-0.9765],[-70.007,-0.9695],[-70.008,-0.9615],[-70.0005,-0.947],[-70.0095,-0.938],[-70.0235,-0.9395],[-70.0265,-0.9485],[-70.0225,-0.9675],[-70.0275,-0.977],[-70.0445,-0.9795],[-70.0535,-0.9725],[-70.0625,-0.958],[-70.0705,-0.95],[-70.08,-0.947],[-70.1005,-0.953],[-70.1225,-0.973],[-70.137,-0.991],[-70.14,-0.999],[-70.137,-1.013],[-70.1315,-1.0195],[-70.122,-1.021],[-70.1095,-1.012],[-70.101,-1.01],[-70.0875,-1.0125],[-70.08,-1.0235],[-70.0785,-1.036],[-70.088,-1.0515],[-70.1135,-1.078],[-70.12,-1.0985],[-70.1265,-1.1095],[-70.137,-1.115],[-70.15,-1.117],[-70.1695,-1.1125],[-70.178,-1.1],[-70.177,-1.0755],[-70.183,-1.0725],[-70.197,-1.0725],[-70.2175,-1.065],[-70.2275,-1.05],[-70.2275,-1.038],[-70.217,-1.0235],[-70.2005,-1.0105],[-70.1945,-0.991],[-70.2045,-0.982],[-70.22,-0.9855],[-70.2285,-0.999],[-70.2305,-1.012],[-70.2385,-1.02],[-70.255,-1.0205],[-70.267,-1.0145],[-70.286,-0.9975],[-70.3025,-0.978],[-70.307,-0.9655],[-70.3035,-0.95],[-70.296,-0.9365],[-70.2835,-0.934],[-70.27,-0.94],[-70.2605,-0.938],[-70.255,-0.928],[-70.2505,-0.91],[-70.225,-0.8955],[-70.221,-0.887],[-70.224,-0.88],[-70.2355,-0.87],[-70.2435,-0.8575],[-70.2525,-0.84],[-70.2625,-0.8285],[-70.278,-0.82],[-70.2905,-0.808],[-70.297,-0.7925],[-70.295,-0.765],[-70.29,-0.7525],[-70.2755,-0.7445],[-70.2655,-0.7475],[-70.252,-0.745],[-70.2495,-0.7315],[-70.258,-0.722],[-70.262,-0.7135],[-70.2605,-0.697],[-70.2535,-0.679],[-70.254,-0.665],[-70.2605,-0.653],[-70.2565,-0.646],[-70.255,-0.6265],[-70.2605,-0.6165],[-70.256,-0.6035],[-70.2615,-0.5965],[-70.2645,-0.5815],[-70.2815,-0.559],[-70.2965,-0.5565],[-70.3025,-0.5635],[-70.3005,-0.5775],[-70.303,-0.586],[-70.3105,-0.5905],[-70.325,-0.579],[-70.326,-0.5685],[-70.32,-0.5495],[-70.292,-0.5125],[-70.2785,-0.5035],[-70.269,-0.5005],[-70.257,-0.492],[-70.245,-0.47],[-70.232,-0.468],[-70.2085,-0.4775],[-70.2,-0.469],[-70.2005,-0.457],[-70.21,-0.442],[-70.223,-0.436],[-70.241,-0.4455],[-70.249,-0.4445],[-70.258,-0.4295],[-70.268,-0.418],[-70.2815,-0.413],[-70.2945,-0.415],[-70.301,-0.4295],[-70.31,-0.4415],[-70.3215,-0.4425],[-70.334,-0.438],[-70.346,-0.448],[-70.361,-0.451],[-70.3665,-0.46],[-70.3615,-0.4675],[-70.3425,-0.4735],[-70.3285,-0.4675],[-70.323,-0.4675],[-70.3195,-0.481],[-70.324,-0.492],[-70.3345,-0.4995],[-70.343,-0.5005],[-70.361,-0.4975],[-70.3795,-0.4965],[-70.383,-0.489],[-70.3875,-0.468],[-70.4035,-0.463],[-70.437,-0.478],[-70.4495,-0.4925],[-70.456,-0.496],[-70.4625,-0.491],[-70.4645,-0.4805],[-70.4605,-0.4725],[-70.4485,-0.4605],[-70.449,-0.449],[-70.4565,-0.4315],[-70.4695,-0.4165],[-70.4775,-0.4005],[-70.497,-0.386],[-70.5115,-0.3715],[-70.517,-0.36],[-70.53,-0.3595],[-70.53,-0.374],[-70.5435,-0.3645],[-70.555,-0.3625],[-70.5645,-0.3705],[-70.567,-0.3855],[-70.573,-0.3925],[-70.5855,-0.3895],[-70.5985,-0.3695],[-70.6065,-0.3455],[-70.6155,-0.339],[-70.626,-0.323],[-70.6375,-0.32],[-70.6555,-0.3335],[-70.6655,-0.35],[-70.678,-0.352],[-70.6825,-0.348],[-70.689,-0.333],[-70.701,-0.3205],[-70.7155,-0.31],[-70.73,-0.29],[-70.739,-0.2865],[-70.7475,-0.2915],[-70.76,-0.293],[-70.772,-0.3],[-70.78,-0.3125],[-70.7785,-0.3175],[-70.7615,-0.3175],[-70.759,-0.3275],[-70.7715,-0.3355],[-70.806,-0.346],[-70.8085,-0.362],[-70.812,-0.3655],[-70.8275,-0.3645],[-70.8315,-0.3585],[-70.832,-0.347],[-70.84,-0.3395],[-70.8425,-0.3275],[-70.858,-0.317],[-70.8665,-0.3055],[-70.8685,-0.29],[-70.878,-0.28],[-70.8725,-0.261],[-70.8745,-0.241],[-70.8825,-0.231],[-70.8855,-0.2105],[-70.8985,-0.2055],[-70.9135,-0.203],[-70.9175,-0.184],[-70.935,-0.173],[-70.9445,-0.1595],[-70.947,-0.1485],[-70.9445,-0.1415],[-70.9345,-0.1315],[-70.92,-0.1235],[-70.912,-0.1235],[-70.9015,-0.1325],[-70.892,-0.116],[-70.8965,-0.1035],[-70.903,-0.1],[-70.917,-0.099],[-70.927,-0.0865],[-70.9305,-0.0765],[-70.926,-0.0705],[-70.9275,-0.052],[-70.936,-0.051],[-70.9425,-0.0435],[-70.9595,-0.041],[-70.973,-0.027],[-70.968,-0.0125],[-70.9705,-0.008],[-70.982,-0.004],[-70.9985,-0.0025],[-71.0155,-0.0125],[-71.0175,-0.0285],[-71.0115,-0.04],[-71.0215,-0.048],[-71.0285,-0.0485],[-71.05,-0.0345],[-71.0525,-0.024],[-71.0405,-0.019],[-71.035,-0.011],[-71.047,-0.0035],[-71.0615,-0.01],[-71.069,-0.0075],[-71.077,0.0015],[-71.0845,0],[-71.089,-0.0065],[-71.0995,-0.0015],[-71.0975,0.01],[-71.1005,0.024],[-71.112,0.0245],[-71.1165,0.011],[-71.123,0.004],[-71.1365,0.0075],[-71.142,0.026],[-71.1495,0.0385],[-71.1455,0.0515],[-71.1455,0.063],[-71.16,0.0745],[-71.169,0.0885],[-71.1845,0.097],[-71.192,0.0955],[-71.1875,0.0865],[-71.189,0.08],[-71.199,0.078],[-71.205,0.071],[-71.216,0.0655],[-71.2275,0.055],[-71.235,0.0665],[-71.2485,0.0585],[-71.254,0.0595],[-71.262,0.0525],[-71.262,0.045],[-71.2715,0.035],[-71.2855,0.038],[-71.2935,0.0335],[-71.3035,0.0325],[-71.315,0.0205],[-71.342,0.019],[-71.364,0.032],[-71.386,0.026],[-71.386,0.0145],[-71.4005,0.0055],[-71.4205,0.0035],[-71.431,0.007],[-71.4485,0.0035],[-71.452,-0.0115],[-71.466,-0.008],[-71.475,-0.012],[-71.4855,-0.0085],[-71.5005,0.001],[-71.515,0.0055],[-71.55,0.022],[-71.5675,0.02],[-71.577,0.0155],[-71.582,0.0095],[-71.578,-0.001],[-71.5935,-0.0145],[-71.626,-0.0345],[-71.6475,-0.0385],[-71.672,-0.06],[-71.6865,-0.064],[-71.6985,-0.064],[-71.705,-0.0675],[-71.701,-0.0875],[-71.7035,-0.1015],[-71.7145,-0.109],[-71.7185,-0.1195],[-71.7255,-0.1215],[-71.7365,-0.1545],[-71.736,-0.1635],[-71.723,-0.1825],[-71.7145,-0.2035],[-71.7105,-0.2325],[-71.723,-0.2345],[-71.738,-0.242],[-71.74,-0.25],[-71.7725,-0.2565],[-71.773,-0.2635],[-71.7895,-0.2705],[-71.7985,-0.2655],[-71.8115,-0.2635],[-71.8205,-0.2745],[-71.848,-0.277],[-71.8575,-0.2725],[-71.872,-0.27],[-71.91,-0.2735],[-71.9135,-0.268],[-71.928,-0.2655],[-71.9685,-0.269],[-71.9805,-0.2735],[-71.9865,-0.279],[-71.998,-0.2755],[-72.0195,-0.264],[-72.042,-0.269],[-72.046,-0.2825],[-72.0615,-0.296],[-72.057,-0.3095],[-72.0625,-0.3245],[-72.0725,-0.326],[-72.083,-0.3385],[-72.0895,-0.331],[-72.097,-0.329],[-72.112,-0.333],[-72.1205,-0.339],[-72.1435,-0.3475],[-72.144,-0.356],[-72.1535,-0.3555],[-72.157,-0.363],[-72.159,-0.3825],[-72.148,-0.393],[-72.155,-0.4055],[-72.163,-0.4115],[-72.1675,-0.4345],[-72.183,-0.461],[-72.195,-0.4675],[-72.2075,-0.4835],[-72.2305,-0.493],[-72.23,-0.504],[-72.2345,-0.512],[-72.233,-0.5235],[-72.2375,-0.53],[-72.24,-0.562],[-72.245,-0.5745],[-72.2465,-0.5855],[-72.243,-0.6055],[-72.249,-0.6135],[-72.2635,-0.6225],[-72.2855,-0.6305],[-72.2915,-0.643],[-72.2985,-0.648],[-72.3175,-0.652],[-72.3355,-0.6425],[-72.358,-0.636],[-72.369,-0.6245],[-72.387,-0.618],[-72.3965,-0.6125],[-72.408,-0.5995],[-72.404,-0.5845],[-72.408,-0.5675],[-72.412,-0.564],[-72.425,-0.5625],[-72.4335,-0.5665],[-72.4695,-0.602],[-72.4755,-0.6115],[-72.4995,-0.6345],[-72.514,-0.657],[-72.528,-0.665],[-72.5385,-0.677],[-72.5445,-0.689],[-72.5565,-0.706],[-72.563,-0.7055],[-72.592,-0.6935],[-72.604,-0.6855],[-72.638,-0.6575],[-72.6635,-0.642],[-72.677,-0.6315],[-72.677,-0.618],[-72.6945,-0.6105],[-72.7025,-0.6045],[-72.7145,-0.589],[-72.728,-0.5835],[-72.7365,-0.5835],[-72.7435,-0.5755],[-72.745,-0.5605],[-72.754,-0.555],[-72.763,-0.5605],[-72.7765,-0.5775],[-72.7965,-0.5765],[-72.8075,-0.5855],[-72.811,-0.597],[-72.8215,-0.5995],[-72.831,-0.598],[-72.854,-0.612],[-72.8775,-0.6175],[-72.9175,-0.6155],[-72.937,-0.606],[-72.942,-0.597],[-72.945,-0.584],[-72.956,-0.563],[-72.968,-0.5515],[-72.9895,-0.537],[-73.0155,-0.527],[-73.0265,-0.527],[-73.044,-0.535],[-73.0575,-0.556],[-73.061,-0.5755],[-73.0705,-0.5925],[-73.075,-0.6215],[-73.085,-0.623],[-73.099,-0.61],[-73.1125,-0.6045],[-73.137,-0.607],[-73.154,-0.6145],[-73.1615,-0.6205],[-73.197,-0.6265],[-73.209,-0.6245],[-73.2205,-0.606],[-73.2395,-0.587],[-73.2525,-0.5825],[-73.2575,-0.577],[-73.2595,-0.565],[-73.2675,-0.5535],[-73.2795,-0.5455],[-73.2995,-0.542],[-73.3155,-0.531],[-73.325,-0.521],[-73.3285,-0.5095],[-73.3355,-0.506],[-73.3545,-0.5135],[-73.3665,-0.522],[-73.3715,-0.5335],[-73.3785,-0.5365],[-73.3955,-0.5305],[-73.4075,-0.5185],[-73.425,-0.5115],[-73.435,-0.511],[-73.453,-0.515],[-73.4885,-0.528],[-73.507,-0.525],[-73.517,-0.521],[-73.529,-0.5015],[-73.529,-0.4925],[-73.536,-0.4875],[-73.5455,-0.5095],[-73.56,-0.518],[-73.571,-0.5155],[-73.5695,-0.4945],[-73.5795,-0.48],[-73.58,-0.455],[-73.5935,-0.442],[-73.609,-0.4395],[-73.625,-0.447],[-73.6505,-0.4575],[-73.6525,-0.4515],[-73.6405,-0.4405],[-73.6355,-0.43],[-73.6415,-0.4165],[-73.6515,-0.4165],[-73.6645,-0.4215],[-73.6765,-0.4215],[-73.69,-0.415],[-73.708,-0.3865],[-73.719,-0.381],[-73.73,-0.3805],[-73.7385,-0.384],[-73.7525,-0.4015],[-73.7645,-0.4075],[-73.7885,-0.409],[-73.8105,-0.412],[-73.8305,-0.4055],[-73.8415,-0.398]]]},"properties":{"divipola_dep":"91","divipola_dep_n":91,"dpto_nombre":"AMAZONAS","area_km2":109174.8285}},
{"type":"Feature","geometry":{"type":"Polygon","coordinates":[[[-69.8455,1.714],[-69.8385,1.7175],[-69.835,1.7095],[-69.828,1.7075],[-69.8095,1.695],[-69.806,1.6995],[-69.7805,1.6955],[-69.771,1.711],[-69.7485,1.715],[-69.752,1.724],[-69.745,1.73],[-69.713,1.732],[-69.7045,1.735],[-69.6955,1.7295],[-69.6855,1.731],[-69.6765,1.7285],[-69.665,1.73],[-69.654,1.718],[-69.6445,1.7295],[-69.637,1.723],[-69.629,1.7235],[-69.625,1.732],[-69.617,1.7305],[-69.6035,1.7475],[-69.5905,1.7535],[-69.5835,1.76],[-69.579,1.7555],[-69.5705,1.758],[-69.5455,1.7755],[-69.5345,1.777],[-69.527,1.7695],[-69.514,1.7665],[-69.508,1.7585],[-69.496,1.761],[-69.475,1.7435],[-69.4675,1.753],[-69.4475,1.7425],[-69.4375,1.7445],[-69.4315,1.7385],[-69.4085,1.741],[-69.4065,1.7325],[-69.3935,1.7265],[-69.2755,1.727],[-69.082,1.727],[-68.9515,1.727],[-68.814,1.727],[-68.593,1.7275],[-68.4495,1.7275],[-68.2655,1.7275],[-68.1635,1.728],[-68.167,1.74],[-68.172,1.7435],[-68.1775,1.733],[-68.184,1.731],[-68.193,1.7385],[-68.179,1.768],[-68.1895,1.7745],[-68.1915,1.7795],[-68.2075,1.781],[-68.212,1.774],[-68.2255,1.7735],[-68.231,1.781],[-68.24,1.772],[-68.245,1.7845],[-68.238,1.809],[-68.233,1.814],[-68.236,1.8215],[-68.2465,1.8245],[-68.2755,1.82],[-68.2765,1.832],[-68.2845,1.8365],[-68.277,1.8475],[-68.2645,1.87],[-68.2535,1.8805],[-68.252,1.8935],[-68.2475,1.899],[-68.248,1.909],[-68.244,1.9175],[-68.245,1.927],[-68.2345,1.938],[-68.23,1.9485],[-68.2225,1.9545],[-68.2125,1.974],[-68.2155,1.9805],[-68.205,1.9875],[-68.2015,2.001],[-68.201,2.032],[-68.194,2.039],[-68.1885,2.0025],[-68.1885,1.9925],[-68.182,1.9775],[-68.1665,1.9635],[-68.145,1.973],[-68.13,1.961],[-68.1315,1.9525],[-68.1215,1.946],[-68.119,1.9385],[-68.108,1.9265],[-68.1035,1.909],[-68.093,1.896],[-68.0855,1.899],[-68.0725,1.8905],[-68.063,1.8925],[-68.0625,1.883],[-68.0485,1.859],[-68.0425,1.8545],[-68.047,1.8415],[-68.036,1.8275],[-68.04,1.819],[-68.031,1.811],[-68.024,1.8125],[-68.0155,1.831],[-67.998,1.8455],[-67.987,1.843],[-67.972,1.8285],[-67.96,1.833],[-67.9485,1.8275],[-67.942,1.8205],[-67.929,1.817],[-67.9075,1.805],[-67.9095,1.815],[-67.922,1.8205],[-67.9145,1.8275],[-67.9145,1.8365],[-67.9225,1.8585],[-67.909,1.864],[-67.916,1.88],[-67.9205,1.882],[-67.9215,1.8925],[-67.916,1.8975],[-67.885,1.8945],[-67.872,1.9125],[-67.8695,1.9235],[-67.856,1.931],[-67.847,1.9385],[-67.8325,1.9395],[-67.8265,1.961],[-67.8155,1.9675],[-67.808,1.977],[-67.8085,1.986],[-67.8015,1.9935],[-67.7835,2],[-67.783,2.008],[-67.775,2.0125],[-67.778,2.0255],[-67.7755,2.035],[-67.7595,2.0345],[-67.7515,2.0305],[-67.731,2.026],[-67.7305,2.0115],[-67.711,2.0085],[-67.701,2.0095],[-67.697,2.0015],[-67.684,2.0025],[-67.677,2.009],[-67.6585,1.9905],[-67.648,2.0015],[-67.637,2.0075],[-67.636,2.014],[-67.6275,2.021],[-67.631,2.031],[-67.625,2.0405],[-67.6185,2.037],[-67.613,2.043],[-67.6015,2.044],[-67.598,2.065],[-67.5935,2.065],[-67.5855,2.0825],[-67.5845,2.091],[-67.5785,2.094],[-67.574,2.1035],[-67.58,2.1065],[-67.58,2.115],[-67.5865,2.1215],[-67.586,2.136],[-67.5805,2.1445],[-67.58,2.1555],[-67.573,2.163],[-67.5585,2.157],[-67.551,2.1495],[-67.535,2.1505],[-67.5295,2.159],[-67.521,2.156],[-67.5105,2.164],[-67.4905,2.164],[-67.4845,2.159],[-67.4775,2.166],[-67.463,2.1705],[-67.4505,2.169],[-67.4475,2.1825],[-67.438,2.197],[-67.4245,2.1935],[-67.425,2.203],[-67.419,2.212],[-67.418,2.2205],[-67.4115,2.226],[-67.3945,2.2325],[-67.381,2.2205],[-67.3685,2.216],[-67.365,2.2075],[-67.367,2.1975],[-67.3615,2.1885],[-67.3615,2.171],[-67.351,2.175],[-67.331,2.165],[-67.3275,2.155],[-67.3295,2.1465],[-67.3385,2.1375],[-67.3565,2.111],[-67.3585,2.0945],[-67.354,2.087],[-67.345,2.086],[-67.35,2.076],[-67.349,2.0655],[-67.358,2.05],[-67.3585,2.0415],[-67.354,2.029],[-67.3415,2.0265],[-67.349,1.9975],[-67.3475,1.985],[-67.334,1.9755],[-67.329,1.966],[-67.325,1.941],[-67.319,1.939],[-67.3115,1.916],[-67.303,1.9005],[-67.294,1.9005],[-67.277,1.9115],[-67.2755,1.9235],[-67.263,1.913],[-67.245,1.9145],[-67.2405,1.9105],[-67.2265,1.9125],[-67.22,1.918],[-67.2155,1.8925],[-67.209,1.8855],[-67.2125,1.871],[-67.2085,1.8585],[-67.1995,1.8515],[-67.189,1.8505],[-67.182,1.843],[-67.177,1.8455],[-67.1695,1.8295],[-67.1625,1.8305],[-67.1515,1.816],[-67.1625,1.811],[-67.163,1.8015],[-67.1565,1.796],[-67.1425,1.7985],[-67.134,1.7955],[-67.136,1.7835],[-67.1275,1.777],[-67.1425,1.7635],[-67.146,1.7545],[-67.141,1.75],[-67.139,1.731],[-67.149,1.7315],[-67.1475,1.722],[-67.1405,1.7115],[-67.14,1.698],[-67.1325,1.694],[-67.13,1.684],[-67.1375,1.681],[-67.1365,1.6555],[-67.132,1.644],[-67.134,1.632],[-67.1405,1.629],[-67.143,1.604],[-67.137,1.6085],[-67.1305,1.6005],[-67.113,1.5945],[-67.115,1.5855],[-67.104,1.579],[-67.102,1.5565],[-67.0955,1.541],[-67.1005,1.53],[-67.1,1.5045],[-67.0915,1.492],[-67.0895,1.476],[-67.079,1.4735],[-67.0765,1.4565],[-67.0825,1.451],[-67.085,1.4295],[-67.0785,1.4245],[-67.087,1.4185],[-67.0805,1.407],[-67.0785,1.3945],[-67.082,1.391],[-67.0755,1.3725],[-67.076,1.367],[-67.0855,1.363],[-67.099,1.348],[-67.103,1.34],[-67.1115,1.3375],[-67.123,1.34],[-67.136,1.3495],[-67.1385,1.344],[-67.1515,1.3455],[-67.153,1.3285],[-67.156,1.317],[-67.145,1.314],[-67.144,1.3005],[-67.1365,1.2905],[-67.1255,1.2845],[-67.1265,1.2705],[-67.11,1.266],[-67.1005,1.2595],[-67.0985,1.2485],[-67.1005,1.235],[-67.0905,1.2275],[-67.0915,1.214],[-67.087,1.2105],[-67.0855,1.192],[-67.093,1.171],[-67.089,1.1655],[-66.857,1.228],[-66.8505,1.2265],[-66.856,1.2435],[-66.876,1.2635],[-66.881,1.2815],[-66.881,1.2905],[-66.8735,1.305],[-66.867,1.31],[-66.854,1.312],[-66.847,1.3225],[-66.8475,1.3355],[-66.856,1.3695],[-66.875,1.398],[-66.9015,1.409],[-66.909,1.418],[-66.912,1.427],[-66.911,1.4615],[-66.908,1.482],[-66.9105,1.4965],[-66.9185,1.515],[-66.921,1.531],[-66.931,1.5495],[-66.9335,1.5595],[-66.9425,1.575],[-66.9485,1.5815],[-66.959,1.5845],[-66.9635,1.5975],[-66.9595,1.609],[-66.959,1.629],[-66.9645,1.6445],[-66.962,1.6665],[-66.969,1.679],[-66.9895,1.6905],[-66.992,1.702],[-67.0035,1.729],[-67.012,1.739],[-67.0145,1.759],[-67.0215,1.7715],[-67.033,1.7865],[-67.0375,1.809],[-67.0355,1.8455],[-67.047,1.8595],[-67.0585,1.893],[-67.06,1.906],[-67.0715,1.934],[-67.084,1.9405],[-67.0915,1.951],[-67.1035,1.9585],[-67.114,1.975],[-67.123,1.9795],[-67.1205,1.9975],[-67.116,2.0055],[-67.115,2.02],[-67.097,2.0515],[-67.099,2.0735],[-67.106,2.094],[-67.108,2.1195],[-67.1145,2.1335],[-67.1215,2.137],[-67.1335,2.1345],[-67.1465,2.126],[-67.154,2.1265],[-67.1615,2.133],[-67.175,2.151],[-67.186,2.168],[-67.194,2.1855],[-67.1955,2.1975],[-67.2015,2.2105],[-67.2025,2.2235],[-67.2205,2.2505],[-67.2205,2.2635],[-67.216,2.2685],[-67.214,2.2805],[-67.218,2.2925],[-67.2135,2.3095],[-67.1985,2.3205],[-67.1865,2.34],[-67.188,2.3505],[-67.2005,2.364],[-67.213,2.3805],[-67.216,2.3925],[-67.2255,2.4015],[-67.2395,2.4085],[-67.2625,2.43],[-67.2765,2.4295],[-67.2975,2.4425],[-67.302,2.458],[-67.313,2.4685],[-67.316,2.477],[-67.3285,2.486],[-67.3365,2.5005],[-67.336,2.5125],[-67.3445,2.5245],[-67.352,2.5295],[-67.3835,2.544],[-67.3865,2.563],[-67.3905,2.572],[-67.4145,2.5835],[-67.4305,2.5965],[-67.435,2.6035],[-67.45,2.6185],[-67.465,2.6185],[-67.4705,2.624],[-67.483,2.662],[-67.4865,2.667],[-67.5055,2.6665],[-67.5195,2.673],[-67.539,2.6685],[-67.5545,2.6535],[-67.563,2.657],[-67.569,2.6685],[-67.5695,2.681],[-67.5655,2.697],[-67.563,2.7215],[-67.5645,2.7275],[-67.5845,2.744],[-67.586,2.7605],[-67.5835,2.7715],[-67.5925,2.7875],[-67.6105,2.804],[-67.6125,2.81],[-67.6215,2.814],[-67.6405,2.809],[-67.65,2.798],[-67.6585,2.7965],[-67.672,2.801],[-67.6855,2.8025],[-67.7255,2.813],[-67.7355,2.817],[-67.738,2.823],[-67.7345,2.831],[-67.74,2.838],[-67.7535,2.837],[-67.7635,2.832],[-67.788,2.8265],[-67.811,2.832],[-67.8225,2.827],[-67.833,2.809],[-67.838,2.7935],[-67.864,2.7895],[-67.863,2.865],[-67.731,2.983],[-67.5455,3.149],[-67.5165,3.1745],[-67.435,3.2485],[-67.381,3.2485],[-67.3845,3.265],[-67.381,3.282],[-67.3815,3.2925],[-67.375,3.301],[-67.3565,3.3095],[-67.352,3.3165],[-67.3345,3.3355],[-67.333,3.342],[-67.325,3.3565],[-67.3225,3.3665],[-67.311,3.378],[-67.313,3.3945],[-67.33,3.4255],[-67.339,3.451],[-67.3565,3.4575],[-67.3675,3.466],[-67.381,3.4705],[-67.3945,3.4715],[-67.4015,3.48],[-67.408,3.506],[-67.4075,3.5175],[-67.412,3.539],[-67.4305,3.562],[-67.4315,3.575],[-67.444,3.585],[-67.449,3.6115],[-67.4455,3.614],[-67.439,3.64],[-67.44,3.6465],[-67.4515,3.652],[-67.4535,3.659],[-67.448,3.6765],[-67.4545,3.6825],[-67.466,3.6845],[-67.483,3.712],[-67.486,3.724],[-67.4865,3.7425],[-67.5015,3.7675],[-67.516,3.775],[-67.525,3.7735],[-67.5375,3.7585],[-67.548,3.755],[-67.556,3.757],[-67.5945,3.7515],[-67.607,3.752],[-67.6125,3.7555],[-67.6225,3.778],[-67.6345,3.7855],[-67.6355,3.793],[-67.645,3.815],[-67.6455,3.8525],[-67.65,3.869],[-67.659,3.882],[-67.663,3.897],[-67.6765,3.9125],[-67.6835,3.916],[-67.685,3.924],[-67.6925,3.936],[-67.691,3.9525],[-67.6975,3.977],[-67.698,4.011],[-67.7035,4.0395],[-67.7075,4.045],[-67.7195,4.037],[-67.752,4.0235],[-67.7935,3.9985],[-67.8195,3.9795],[-67.8685,3.9255],[-67.8795,3.917],[-67.906,3.9105],[-67.9195,3.9105],[-67.922,3.9355],[-67.9305,3.9565],[-67.945,3.9655],[-67.961,3.9625],[-67.9835,3.97],[-67.9935,3.9805],[-68.019,3.974],[-68.028,3.978],[-68.032,3.989],[-68.029,4.0015],[-68.0345,4.0115],[-68.043,4.0115],[-68.051,3.9975],[-68.056,3.9775],[-68.0735,3.9385],[-68.084,3.941],[-68.083,3.948],[-68.0725,3.963],[-68.0725,3.9735],[-68.0785,3.9805],[-68.0915,3.9795],[-68.0985,3.9745],[-68.1055,3.9495],[-68.1205,3.9395],[-68.1285,3.9425],[-68.1365,3.9535],[-68.123,3.9705],[-68.1195,3.982],[-68.121,3.9915],[-68.127,3.9995],[-68.1345,4.0015],[-68.147,3.9985],[-68.167,3.9875],[-68.187,3.9875],[-68.2,3.997],[-68.207,3.991],[-68.1995,3.981],[-68.2005,3.962],[-68.2065,3.957],[-68.213,3.959],[-68.2315,3.973],[-68.2425,3.976],[-68.2625,3.976],[-68.282,3.9795],[-68.3,3.9775],[-68.314,3.978],[-68.3285,3.99],[-68.34,3.994],[-68.349,3.9885],[-68.346,3.9785],[-68.348,3.968],[-68.354,3.96],[-68.3545,3.9475],[-68.3425,3.9355],[-68.3465,3.924],[-68.3645,3.921],[-68.3705,3.9145],[-68.3845,3.913],[-68.404,3.9245],[-68.4205,3.9265],[-68.433,3.92],[-68.4375,3.9075],[-68.4295,3.896],[-68.3975,3.878],[-68.3915,3.8705],[-68.39,3.8605],[-68.3935,3.852],[-68.4045,3.8475],[-68.4145,3.853],[-68.426,3.875],[-68.4335,3.884],[-68.447,3.8845],[-68.4505,3.8685],[-68.44,3.854],[-68.4425,3.8405],[-68.454,3.839],[-68.466,3.8505],[-68.476,3.852],[-68.4835,3.8495],[-68.4965,3.8375],[-68.5065,3.832],[-68.5135,3.8235],[-68.5155,3.8115],[-68.5025,3.792],[-68.507,3.7805],[-68.519,3.7795],[-68.527,3.7855],[-68.55,3.813],[-68.5625,3.82],[-68.5705,3.817],[-68.574,3.8105],[-68.57,3.7975],[-68.555,3.7845],[-68.5475,3.7715],[-68.5555,3.765],[-68.5665,3.7845],[-68.58,3.79],[-68.5895,3.777],[-68.6015,3.784],[-68.6115,3.783],[-68.6265,3.773],[-68.636,3.774],[-68.645,3.784],[-68.655,3.8045],[-68.6635,3.81],[-68.676,3.811],[-68.6815,3.804],[-68.674,3.789],[-68.657,3.7835],[-68.645,3.7715],[-68.6455,3.7645],[-68.653,3.7615],[-68.6625,3.7715],[-68.6705,3.776],[-68.683,3.7755],[-68.696,3.7685],[-68.7095,3.7675],[-68.732,3.773],[-68.7425,3.7805],[-68.7535,3.7835],[-68.76,3.7805],[-68.768,3.77],[-68.769,3.747],[-68.775,3.735],[-68.782,3.7285],[-68.8005,3.72],[-68.8125,3.72],[-68.826,3.736],[-68.838,3.744],[-68.848,3.7425],[-68.8525,3.738],[-68.852,3.7185],[-68.8385,3.701],[-68.8365,3.6915],[-68.83,3.684],[-68.8295,3.675],[-68.8405,3.6725],[-68.8445,3.6875],[-68.8515,3.7],[-68.8635,3.706],[-68.8755,3.7055],[-68.8875,3.6995],[-68.8995,3.6865],[-68.9115,3.6825],[-68.927,3.688],[-68.9295,3.6935],[-68.929,3.7115],[-68.925,3.7295],[-68.929,3.7385],[-68.937,3.7425],[-68.9445,3.74],[-68.948,3.7305],[-68.9385,3.714],[-68.9355,3.6975],[-68.9415,3.6835],[-68.9495,3.679],[-68.9585,3.6805],[-68.9755,3.693],[-68.992,3.693],[-69.012,3.682],[-69.0395,3.654],[-69.044,3.6455],[-69.056,3.6385],[-69.0655,3.642],[-69.071,3.653],[-69.082,3.655],[-69.087,3.6395],[-69.095,3.636],[-69.1055,3.643],[-69.109,3.652],[-69.1105,3.6675],[-69.114,3.675],[-69.1275,3.6735],[-69.1415,3.6535],[-69.152,3.643],[-69.1675,3.634],[-69.1865,3.634],[-69.1875,3.642],[-69.1705,3.6555],[-69.1685,3.672],[-69.18,3.676],[-69.1945,3.667],[-69.203,3.675],[-69.1965,3.693],[-69.198,3.698],[-69.2105,3.7015],[-69.2205,3.6795],[-69.233,3.6735],[-69.242,3.684],[-69.24,3.6965],[-69.242,3.7055],[-69.2505,3.718],[-69.2625,3.7235],[-69.2795,3.7265],[-69.287,3.7225],[-69.2845,3.707],[-69.271,3.6965],[-69.268,3.6855],[-69.271,3.6705],[-69.2815,3.6525],[-69.292,3.645],[-69.2995,3.645],[-69.3055,3.652],[-69.3035,3.666],[-69.2915,3.69],[-69.2895,3.7],[-69.292,3.7095],[-69.3055,3.7175],[-69.312,3.7135],[-69.3205,3.696],[-69.329,3.6935],[-69.3575,3.675],[-69.3665,3.6655],[-69.3775,3.6695],[-69.3785,3.678],[-69.384,3.685],[-69.3955,3.6805],[-69.4,3.666],[-69.4065,3.66],[-69.4145,3.6605],[-69.4245,3.6675],[-69.4315,3.687],[-69.4445,3.7065],[-69.462,3.709],[-69.478,3.696],[-69.4875,3.6745],[-69.4855,3.66],[-69.493,3.6505],[-69.4995,3.655],[-69.496,3.6645],[-69.4975,3.6725],[-69.5105,3.679],[-69.533,3.6745],[-69.56,3.678],[-69.579,3.6835],[-69.59,3.683],[-69.5905,3.672],[-69.5805,3.6775],[-69.574,3.6765],[-69.571,3.667],[-69.579,3.6595],[-69.5815,3.638],[-69.5775,3.629],[-69.576,3.616],[-69.5785,3.6035],[-69.5875,3.5825],[-69.59,3.572],[-69.5955,3.57],[-69.6015,3.588],[-69.6125,3.5955],[-69.6205,3.5905],[-69.6205,3.5785],[-69.625,3.57],[-69.643,3.571],[-69.65,3.58],[-69.6625,3.5855],[-69.6735,3.579],[-69.6805,3.558],[-69.691,3.544],[-69.7015,3.5425],[-69.702,3.5595],[-69.7095,3.576],[-69.7175,3.584],[-69.7295,3.5915],[-69.7395,3.591],[-69.745,3.5865],[-69.7415,3.575],[-69.7205,3.5695],[-69.7165,3.5645],[-69.713,3.5505],[-69.7225,3.543],[-69.734,3.543],[-69.747,3.555],[-69.7575,3.5615],[-69.775,3.565],[-69.784,3.5595],[-69.7895,3.5505],[-69.7865,3.5245],[-69.798,3.51],[-69.8055,3.507],[-69.8155,3.516],[-69.813,3.539],[-69.814,3.5465],[-69.821,3.5555],[-69.834,3.5565],[-69.846,3.544],[-69.845,3.5315],[-69.833,3.509],[-69.816,3.4895],[-69.814,3.4845],[-69.822,3.477],[-69.8475,3.4875],[-69.858,3.503],[-69.8725,3.536],[-69.88,3.54],[-69.8895,3.5395],[-69.897,3.533],[-69.8955,3.517],[-69.8755,3.4985],[-69.8705,3.4885],[-69.863,3.482],[-69.8615,3.4755],[-69.8715,3.462],[-69.8705,3.4445],[-69.874,3.4335],[-69.8865,3.4265],[-69.905,3.4265],[-69.908,3.437],[-69.915,3.447],[-69.946,3.459],[-69.9605,3.457],[-69.9635,3.447],[-69.961,3.4375],[-69.946,3.4245],[-69.9395,3.414],[-69.939,3.403],[-69.9435,3.395],[-69.9695,3.3885],[-69.9855,3.3815],[-69.999,3.373],[-70.006,3.3735],[-70.017,3.384],[-70.014,3.403],[-70.0155,3.4085],[-70.026,3.4175],[-70.034,3.418],[-70.043,3.411],[-70.0495,3.4005],[-70.073,3.388],[-70.1005,3.3845],[-70.1125,3.3865],[-70.113,3.3975],[-70.119,3.403],[-70.1305,3.396],[-70.1295,3.372],[-70.138,3.3615],[-70.1705,3.3535],[-70.172,3.345],[-70.1535,3.3245],[-70.143,3.3205],[-70.124,3.3045],[-70.113,3.3],[-70.1085,3.2925],[-70.1095,3.2845],[-70.1195,3.28],[-70.1325,3.293],[-70.1475,3.291],[-70.158,3.2815],[-70.158,3.26],[-70.1535,3.2545],[-70.136,3.2495],[-70.132,3.244],[-70.1275,3.222],[-70.1275,3.203],[-70.142,3.19],[-70.1525,3.1975],[-70.1535,3.2205],[-70.157,3.2295],[-70.1675,3.2365],[-70.1785,3.231],[-70.178,3.217],[-70.1605,3.199],[-70.158,3.19],[-70.1725,3.1755],[-70.1855,3.172],[-70.194,3.1745],[-70.198,3.1815],[-70.1995,3.195],[-70.2095,3.207],[-70.218,3.206],[-70.22,3.197],[-70.2065,3.185],[-70.2065,3.173],[-70.218,3.169],[-70.225,3.1775],[-70.234,3.1825],[-70.2475,3.1765],[-70.251,3.163],[-70.26,3.1435],[-70.284,3.129],[-70.2875,3.118],[-70.281,3.1095],[-70.2785,3.0995],[-70.2825,3.0925],[-70.294,3.09],[-70.313,3.09],[-70.3215,3.083],[-70.3175,3.072],[-70.3115,3.07],[-70.2855,3.0715],[-70.2725,3.066],[-70.2585,3.0495],[-70.2555,3.0385],[-70.272,3.031],[-70.295,3.0355],[-70.3035,3.0335],[-70.302,3.026],[-70.29,3.0115],[-70.285,3.001],[-70.28,2.9805],[-70.278,2.9545],[-70.28,2.9345],[-70.2985,2.9305],[-70.308,2.922],[-70.324,2.9135],[-70.351,2.916],[-70.356,2.904],[-70.349,2.8785],[-70.3515,2.86],[-70.3585,2.852],[-70.374,2.849],[-70.4045,2.831],[-70.448,2.8195],[-70.4675,2.817],[-70.499,2.8085],[-70.4965,2.796],[-70.501,2.788],[-70.6205,2.739],[-70.817,2.658],[-70.9425,2.6065],[-70.9335,2.5875],[-70.93,2.573],[-70.917,2.56],[-70.902,2.5665],[-70.9,2.562],[-70.888,2.5575],[-70.876,2.5605],[-70.8705,2.566],[-70.848,2.568],[-70.838,2.5565],[-70.83,2.541],[-70.8295,2.5325],[-70.8095,2.529],[-70.7925,2.52],[-70.7795,2.535],[-70.766,2.5395],[-70.754,2.537],[-70.7475,2.53],[-70.743,2.514],[-70.7435,2.5],[-70.7245,2.478],[-70.707,2.4715],[-70.6905,2.444],[-70.6795,2.441],[-70.6765,2.434],[-70.6815,2.428],[-70.6745,2.411],[-70.6675,2.4045],[-70.666,2.3945],[-70.655,2.3805],[-70.642,2.3525],[-70.6365,2.3475],[-70.6375,2.338],[-70.633,2.333],[-70.63,2.313],[-70.6155,2.3055],[-70.604,2.2965],[-70.588,2.2925],[-70.5815,2.2885],[-70.5735,2.293],[-70.562,2.293],[-70.548,2.2855],[-70.5305,2.2685],[-70.52,2.27],[-70.519,2.2805],[-70.5085,2.2805],[-70.5125,2.271],[-70.501,2.2595],[-70.513,2.258],[-70.5135,2.2445],[-70.497,2.2335],[-70.484,2.2345],[-70.4745,2.2435],[-70.466,2.234],[-70.456,2.246],[-70.464,2.249],[-70.458,2.2575],[-70.438,2.2595],[-70.4265,2.2675],[-70.4175,2.267],[-70.4155,2.2545],[-70.406,2.2555],[-70.404,2.2655],[-70.3955,2.266],[-70.394,2.256],[-70.383,2.245],[-70.3615,2.2345],[-70.347,2.2475],[-70.341,2.246],[-70.3415,2.233],[-70.335,2.227],[-70.325,2.2235],[-70.31,2.209],[-70.2935,2.2255],[-70.297,2.241],[-70.3085,2.248],[-70.3055,2.253],[-70.2955,2.2525],[-70.277,2.2375],[-70.2705,2.24],[-70.2665,2.248],[-70.2515,2.264],[-70.237,2.2625],[-70.2355,2.256],[-70.245,2.2535],[-70.2475,2.2435],[-70.2355,2.24],[-70.2235,2.246],[-70.2145,2.234],[-70.203,2.2405],[-70.1995,2.2305],[-70.189,2.2315],[-70.1825,2.24],[-70.172,2.2375],[-70.166,2.242],[-70.1565,2.241],[-70.161,2.2595],[-70.155,2.264],[-70.148,2.249],[-70.1405,2.253],[-70.1375,2.2615],[-70.1505,2.2655],[-70.1525,2.273],[-70.1415,2.277],[-70.121,2.263],[-70.107,2.268],[-70.087,2.263],[-70.081,2.266],[-70.073,2.2765],[-70.071,2.292],[-70.0625,2.2955],[-70.0445,2.2895],[-70.054,2.2815],[-70.0425,2.2745],[-70.038,2.2665],[-70.028,2.262],[-70.0255,2.239],[-70.0225,2.2335],[-69.9955,2.224],[-69.997,2.2145],[-70.002,2.208],[-70.014,2.1855],[-70.036,2.182],[-70.0285,2.1745],[-70.032,2.16],[-70.0375,2.163],[-70.0545,2.162],[-70.052,2.1565],[-70.0585,2.1455],[-70.081,2.138],[-70.083,2.1315],[-70.097,2.124],[-70.1015,2.118],[-70.117,2.1125],[-70.1095,2.099],[-70.1045,2.0955],[-70.113,2.0845],[-70.1095,2.08],[-70.119,2.059],[-70.122,2.032],[-70.1135,2.014],[-70.115,1.999],[-70.127,1.992],[-70.1405,1.98],[-70.141,1.969],[-70.1375,1.9645],[-70.1425,1.9505],[-70.1585,1.9435],[-70.1655,1.934],[-70.1635,1.92],[-70.175,1.9035],[-70.1805,1.8855],[-70.1755,1.87],[-70.1545,1.8695],[-70.1485,1.8675],[-70.134,1.8485],[-70.1235,1.8375],[-70.1145,1.836],[-70.103,1.8255],[-70.0945,1.8115],[-70.0845,1.8065],[-70.0805,1.8005],[-70.071,1.8005],[-70.0545,1.7765],[-70.047,1.7725],[-70.026,1.7675],[-70.016,1.761],[-70.0055,1.763],[-69.994,1.7525],[-69.9785,1.7485],[-69.975,1.743],[-69.965,1.7465],[-69.9385,1.7455],[-69.9295,1.7485],[-69.9075,1.742],[-69.9025,1.7425],[-69.8835,1.7275],[-69.875,1.729],[-69.8605,1.7145],[-69.8515,1.708],[-69.8455,1.714]]]},"properties":{"divipola_dep":"94","divipola_dep_n":94,"dpto_nombre":"GUAINÍA","area_km2":70953.4223}},
{"type":"Feature","geometry":{"type":"Polygon","coordinates":[[[-72.033,0.6645],[-71.9655,0.7305],[-71.8035,0.888],[-71.797,0.893],[-71.787,0.8955],[-71.774,0.906],[-71.7675,0.931],[-71.7705,0.94],[-71.77,0.9515],[-71.7655,0.9615],[-71.7585,0.962],[-71.74,0.985],[-71.7285,0.9835],[-71.7105,0.9905],[-71.699,0.9825],[-71.692,0.9825],[-71.6885,0.9705],[-71.667,0.9725],[-71.6495,0.9845],[-71.6405,0.9945],[-71.632,1.0155],[-71.622,1.025],[-71.616,1.037],[-71.595,1.045],[-71.586,1.044],[-71.592,1.0575],[-71.5745,1.0815],[-71.58,1.085],[-71.583,1.102],[-71.575,1.1085],[-71.574,1.1225],[-71.5625,1.129],[-71.5505,1.112],[-71.5405,1.113],[-71.54,1.1205],[-71.557,1.1445],[-71.556,1.1555],[-71.5375,1.163],[-71.5315,1.1605],[-71.5305,1.1465],[-71.535,1.1355],[-71.5355,1.124],[-71.524,1.114],[-71.5005,1.103],[-71.4885,1.1065],[-71.4835,1.112],[-71.495,1.1335],[-71.5085,1.139],[-71.512,1.161],[-71.5155,1.1715],[-71.5315,1.179],[-71.5275,1.1915],[-71.531,1.199],[-71.5515,1.2055],[-71.5515,1.2195],[-71.544,1.2225],[-71.539,1.23],[-71.545,1.2505],[-71.547,1.27],[-71.531,1.278],[-71.5305,1.2955],[-71.521,1.301],[-71.5225,1.3155],[-71.5135,1.3255],[-71.505,1.342],[-71.506,1.3545],[-71.503,1.363],[-71.4945,1.3655],[-71.4875,1.373],[-71.4895,1.3835],[-71.484,1.391],[-71.4785,1.4065],[-71.4785,1.431],[-71.4825,1.436],[-71.4795,1.4465],[-71.46,1.464],[-71.455,1.465],[-71.454,1.4855],[-71.4475,1.4915],[-71.4425,1.514],[-71.438,1.526],[-71.4385,1.5465],[-71.426,1.5595],[-71.422,1.5685],[-71.412,1.5705],[-71.39,1.5985],[-71.3945,1.608],[-71.3925,1.6165],[-71.3985,1.629],[-71.389,1.657],[-71.3965,1.6725],[-71.4015,1.7005],[-71.403,1.7225],[-71.398,1.7335],[-71.3735,1.736],[-71.3605,1.7275],[-71.3515,1.7265],[-71.345,1.716],[-71.3305,1.705],[-71.322,1.7075],[-71.315,1.7145],[-71.306,1.701],[-71.2975,1.6985],[-71.292,1.6895],[-71.284,1.684],[-71.2665,1.6785],[-71.259,1.668],[-71.246,1.672],[-71.2385,1.685],[-71.231,1.688],[-71.2215,1.7],[-71.208,1.7095],[-71.198,1.723],[-71.1985,1.727],[-71.1655,1.7555],[-71.1545,1.7595],[-71.144,1.7605],[-71.1415,1.766],[-71.128,1.7715],[-71.126,1.783],[-71.097,1.7835],[-71.082,1.798],[-71.068,1.8055],[-71.0525,1.8025],[-71.037,1.8115],[-71.026,1.8105],[-71.0095,1.8165],[-71.0035,1.8225],[-70.9885,1.824],[-70.9745,1.843],[-70.9645,1.8405],[-70.944,1.8585],[-70.944,1.862],[-70.925,1.876],[-70.9175,1.8855],[-70.913,1.8825],[-70.903,1.888],[-70.908,1.8955],[-70.899,1.9],[-70.8945,1.9105],[-70.895,1.9195],[-70.883,1.9235],[-70.87,1.9205],[-70.8665,1.909],[-70.8575,1.9115],[-70.8475,1.9205],[-70.841,1.9145],[-70.828,1.917],[-70.8195,1.909],[-70.81,1.913],[-70.796,1.9095],[-70.7965,1.917],[-70.781,1.912],[-70.778,1.9225],[-70.77,1.9275],[-70.763,1.92],[-70.7605,1.91],[-70.748,1.9125],[-70.7435,1.922],[-70.722,1.9195],[-70.721,1.9105],[-70.707,1.916],[-70.705,1.907],[-70.693,1.9055],[-70.6775,1.908],[-70.6705,1.904],[-70.659,1.911],[-70.651,1.9065],[-70.6365,1.903],[-70.6345,1.9185],[-70.619,1.93],[-70.6085,1.922],[-70.602,1.927],[-70.5995,1.9355],[-70.591,1.9385],[-70.577,1.933],[-70.566,1.9325],[-70.5605,1.94],[-70.55,1.938],[-70.546,1.9465],[-70.5365,1.954],[-70.514,1.957],[-70.502,1.95],[-70.4865,1.949],[-70.4825,1.955],[-70.486,1.9625],[-70.478,1.9665],[-70.4665,1.963],[-70.458,1.9705],[-70.4665,1.9795],[-70.46,1.987],[-70.452,1.984],[-70.441,1.9875],[-70.4415,1.9945],[-70.4145,1.9865],[-70.3985,1.999],[-70.392,1.995],[-70.39,1.986],[-70.378,1.986],[-70.3815,1.996],[-70.3785,2.0045],[-70.364,1.9965],[-70.3635,1.985],[-70.3545,1.9895],[-70.3405,1.989],[-70.3305,1.9985],[-70.3245,1.9975],[-70.3175,2.013],[-70.311,2.011],[-70.2825,2.015],[-70.2765,2.0145],[-70.264,2.023],[-70.2605,2.014],[-70.253,2.02],[-70.254,2.0275],[-70.2295,2.0345],[-70.2195,2.0295],[-70.2155,2.0205],[-70.193,2.0255],[-70.188,2.024],[-70.1755,2.035],[-70.171,2.0465],[-70.163,2.046],[-70.16,2.061],[-70.1305,2.0685],[-70.116,2.0795],[-70.1095,2.08],[-70.113,2.0845],[-70.1045,2.0955],[-70.1095,2.099],[-70.117,2.1125],[-70.1015,2.118],[-70.097,2.124],[-70.083,2.1315],[-70.081,2.138],[-70.0585,2.1455],[-70.052,2.1565],[-70.0545,2.162],[-70.0375,2.163],[-70.032,2.16],[-70.0285,2.1745],[-70.036,2.182],[-70.014,2.1855],[-70.002,2.208],[-69.997,2.2145],[-69.9955,2.224],[-70.0225,2.2335],[-70.0255,2.239],[-70.028,2.262],[-70.038,2.2665],[-70.0425,2.2745],[-70.054,2.2815],[-70.0445,2.2895],[-70.0625,2.2955],[-70.071,2.292],[-70.073,2.2765],[-70.081,2.266],[-70.087,2.263],[-70.107,2.268],[-70.121,2.263],[-70.1415,2.277],[-70.1525,2.273],[-70.1505,2.2655],[-70.1375,2.2615],[-70.1405,2.253],[-70.148,2.249],[-70.155,2.264],[-70.161,2.2595],[-70.1565,2.241],[-70.166,2.242],[-70.172,2.2375],[-70.1825,2.24],[-70.189,2.2315],[-70.1995,2.2305],[-70.203,2.2405],[-70.2145,2.234],[-70.2235,2.246],[-70.2355,2.24],[-70.2475,2.2435],[-70.245,2.2535],[-70.2355,2.256],[-70.237,2.2625],[-70.2515,2.264],[-70.2665,2.248],[-70.2705,2.24],[-70.277,2.2375],[-70.2955,2.2525],[-70.3055,2.253],[-70.3085,2.248],[-70.297,2.241],[-70.2935,2.2255],[-70.31,2.209],[-70.325,2.2235],[-70.335,2.227],[-70.3415,2.233],[-70.341,2.246],[-70.347,2.2475],[-70.3615,2.2345],[-70.383,2.245],[-70.394,2.256],[-70.3955,2.266],[-70.404,2.2655],[-70.406,2.2555],[-70.4155,2.2545],[-70.4175,2.267],[-70.4265,2.2675],[-70.438,2.2595],[-70.458,2.2575],[-70.464,2.249],[-70.456,2.246],[-70.466,2.234],[-70.4745,2.2435],[-70.484,2.2345],[-70.497,2.2335],[-70.5135,2.2445],[-70.513,2.258],[-70.501,2.2595],[-70.5125,2.271],[-70.5085,2.2805],[-70.519,2.2805],[-70.52,2.27],[-70.5305,2.2685],[-70.548,2.2855],[-70.562,2.293],[-70.5735,2.293],[-70.5815,2.2885],[-70.588,2.2925],[-70.604,2.2965],[-70.6155,2.3055],[-70.63,2.313],[-70.633,2.333],[-70.6375,2.338],[-70.6365,2.3475],[-70.642,2.3525],[-70.655,2.3805],[-70.666,2.3945],[-70.6675,2.4045],[-70.6745,2.411],[-70.6815,2.428],[-70.6765,2.434],[-70.6795,2.441],[-70.6905,2.444],[-70.707,2.4715],[-70.7245,2.478],[-70.7435,2.5],[-70.743,2.514],[-70.7475,2.53],[-70.754,2.537],[-70.766,2.5395],[-70.7795,2.535],[-70.7925,2.52],[-70.8095,2.529],[-70.8295,2.5325],[-70.83,2.541],[-70.838,2.5565],[-70.848,2.568],[-70.8705,2.566],[-70.876,2.5605],[-70.888,2.5575],[-70.9,2.562],[-70.902,2.5665],[-70.917,2.56],[-70.93,2.573],[-70.9335,2.5875],[-70.9425,2.6065],[-70.817,2.658],[-70.6205,2.739],[-70.501,2.788],[-70.511,2.7895],[-70.5305,2.8055],[-70.5535,2.817],[-70.57,2.8325],[-70.5835,2.84],[-70.597,2.8365],[-70.6055,2.801],[-70.6185,2.7915],[-70.632,2.808],[-70.6315,2.829],[-70.634,2.846],[-70.6445,2.8545],[-70.66,2.8575],[-70.665,2.8525],[-70.6605,2.84],[-70.6425,2.8255],[-70.639,2.818],[-70.642,2.7995],[-70.652,2.7905],[-70.659,2.7805],[-70.68,2.779],[-70.6915,2.754],[-70.703,2.74],[-70.711,2.7375],[-70.7205,2.75],[-70.717,2.781],[-70.72,2.791],[-70.7275,2.795],[-70.7465,2.776],[-70.762,2.767],[-70.7785,2.768],[-70.8,2.76],[-70.8115,2.76],[-70.8155,2.768],[-70.799,2.7755],[-70.7945,2.783],[-70.797,2.7965],[-70.803,2.8075],[-70.8095,2.8125],[-70.8225,2.813],[-70.835,2.804],[-70.8465,2.8],[-70.8625,2.7765],[-70.8735,2.779],[-70.8685,2.791],[-70.8705,2.7975],[-70.862,2.813],[-70.8555,2.8185],[-70.8555,2.8295],[-70.8605,2.837],[-70.8755,2.847],[-70.882,2.8445],[-70.8825,2.8295],[-70.871,2.8095],[-70.8715,2.7955],[-70.888,2.7935],[-70.9005,2.8115],[-70.9095,2.8475],[-70.914,2.8515],[-70.9365,2.858],[-70.941,2.8525],[-70.9415,2.8395],[-70.938,2.832],[-70.9255,2.8215],[-70.928,2.8025],[-70.9365,2.788],[-70.948,2.786],[-70.962,2.8005],[-70.948,2.818],[-70.948,2.834],[-70.959,2.8425],[-70.973,2.833],[-70.99,2.83],[-70.9995,2.8415],[-71.0055,2.8525],[-71.017,2.857],[-71.0235,2.848],[-71.031,2.8465],[-71.0395,2.85],[-71.0545,2.852],[-71.064,2.8575],[-71.0655,2.8735],[-71.0775,2.882],[-71.088,2.883],[-71.103,2.8725],[-71.116,2.875],[-71.1355,2.903],[-71.141,2.9015],[-71.139,2.883],[-71.1515,2.872],[-71.1565,2.874],[-71.1695,2.889],[-71.173,2.8985],[-71.1835,2.905],[-71.188,2.893],[-71.194,2.8905],[-71.208,2.8905],[-71.213,2.886],[-71.218,2.8685],[-71.222,2.8655],[-71.2405,2.8615],[-71.2495,2.8655],[-71.2495,2.877],[-71.2545,2.885],[-71.262,2.8855],[-71.278,2.868],[-71.2945,2.8715],[-71.3,2.8775],[-71.3,2.901],[-71.3035,2.9165],[-71.3135,2.925],[-71.3265,2.924],[-71.331,2.921],[-71.333,2.91],[-71.3285,2.893],[-71.3385,2.8705],[-71.3465,2.859],[-71.355,2.858],[-71.359,2.864],[-71.3565,2.8775],[-71.358,2.8865],[-71.366,2.8925],[-71.3825,2.888],[-71.379,2.8725],[-71.383,2.8555],[-71.3895,2.845],[-71.3985,2.8475],[-71.42,2.868],[-71.4355,2.8735],[-71.45,2.885],[-71.4645,2.899],[-71.4685,2.894],[-71.464,2.87],[-71.465,2.857],[-71.4735,2.852],[-71.48,2.853],[-71.488,2.862],[-71.4915,2.8705],[-71.5115,2.877],[-71.528,2.8795],[-71.542,2.8605],[-71.546,2.859],[-71.574,2.872],[-71.5845,2.866],[-71.5765,2.8595],[-71.5715,2.851],[-71.5815,2.8425],[-71.597,2.847],[-71.608,2.847],[-71.624,2.841],[-71.6305,2.834],[-71.6335,2.8255],[-71.6415,2.821],[-71.652,2.82],[-71.6705,2.823],[-71.6735,2.8315],[-71.663,2.847],[-71.658,2.861],[-71.662,2.8725],[-71.6715,2.8745],[-71.6815,2.8715],[-71.6825,2.8525],[-71.694,2.838],[-71.702,2.8405],[-71.729,2.8605],[-71.7415,2.8845],[-71.7555,2.897],[-71.7675,2.8925],[-71.766,2.882],[-71.7595,2.8725],[-71.757,2.8615],[-71.7585,2.851],[-71.769,2.831],[-71.78,2.818],[-71.789,2.822],[-71.789,2.8355],[-71.7855,2.844],[-71.784,2.858],[-71.79,2.8715],[-71.7975,2.8755],[-71.8175,2.8795],[-71.8505,2.8725],[-71.8495,2.869],[-71.828,2.8725],[-71.821,2.8665],[-71.8185,2.858],[-71.824,2.842],[-71.829,2.837],[-71.8495,2.843],[-71.858,2.8425],[-71.8885,2.833],[-71.912,2.828],[-71.9245,2.8285],[-71.9405,2.8335],[-71.953,2.832],[-71.9675,2.822],[-71.9815,2.8015],[-71.9865,2.8075],[-71.992,2.8235],[-72.0075,2.83],[-72.026,2.828],[-72.047,2.818],[-72.0595,2.8175],[-72.08,2.825],[-72.096,2.836],[-72.1125,2.8755],[-72.127,2.8885],[-72.135,2.889],[-72.139,2.8835],[-72.142,2.8665],[-72.1585,2.8665],[-72.174,2.8735],[-72.1895,2.8745],[-72.199,2.8695],[-72.2045,2.859],[-72.208,2.8365],[-72.2045,2.8125],[-72.1875,2.799],[-72.184,2.7905],[-72.1895,2.775],[-72.1985,2.7705],[-72.215,2.7755],[-72.226,2.7845],[-72.238,2.805],[-72.2515,2.823],[-72.2645,2.823],[-72.271,2.816],[-72.2715,2.808],[-72.265,2.7965],[-72.266,2.788],[-72.273,2.7795],[-72.2875,2.773],[-72.2945,2.774],[-72.309,2.7975],[-72.3165,2.7995],[-72.3355,2.7965],[-72.348,2.7865],[-72.3585,2.781],[-72.3725,2.7575],[-72.3895,2.7365],[-72.4065,2.726],[-72.4115,2.7255],[-72.433,2.7395],[-72.443,2.735],[-72.4695,2.7345],[-72.472,2.7295],[-72.464,2.717],[-72.465,2.6965],[-72.472,2.6895],[-72.4855,2.686],[-72.51,2.691],[-72.5195,2.6985],[-72.5305,2.703],[-72.5385,2.6985],[-72.5355,2.6855],[-72.5485,2.679],[-72.563,2.682],[-72.5715,2.674],[-72.571,2.6665],[-72.559,2.663],[-72.555,2.651],[-72.5615,2.647],[-72.5775,2.6465],[-72.5865,2.6395],[-72.5875,2.631],[-72.581,2.6085],[-72.5805,2.592],[-72.583,2.5855],[-72.5975,2.5845],[-72.6,2.592],[-72.5975,2.6015],[-72.5995,2.6145],[-72.6065,2.623],[-72.6245,2.627],[-72.6375,2.61],[-72.6445,2.604],[-72.6465,2.5965],[-72.643,2.581],[-72.653,2.5715],[-72.6635,2.576],[-72.663,2.5885],[-72.667,2.6105],[-72.6725,2.618],[-72.682,2.623],[-72.6995,2.62],[-72.706,2.613],[-72.7195,2.5845],[-72.736,2.571],[-72.7475,2.57],[-72.7615,2.573],[-72.789,2.589],[-72.796,2.608],[-72.803,2.614],[-72.8165,2.6145],[-72.83,2.606],[-72.8485,2.597],[-72.868,2.5785],[-72.8795,2.5775],[-72.8925,2.5705],[-72.898,2.563],[-72.911,2.567],[-72.922,2.5605],[-72.923,2.5535],[-72.919,2.54],[-72.9245,2.5295],[-72.933,2.5245],[-72.948,2.524],[-72.956,2.5145],[-72.958,2.4995],[-72.9505,2.4955],[-72.944,2.5035],[-72.9365,2.5025],[-72.9305,2.4915],[-72.9275,2.4755],[-72.93,2.469],[-72.938,2.4645],[-72.96,2.481],[-72.9705,2.4715],[-72.9715,2.461],[-72.963,2.4525],[-72.9865,2.4515],[-72.9935,2.4435],[-73.012,2.4335],[-73.035,2.413],[-73.038,2.433],[-73.043,2.438],[-73.056,2.4265],[-73.0665,2.427],[-73.074,2.415],[-73.082,2.411],[-73.0965,2.393],[-73.1135,2.3815],[-73.118,2.407],[-73.123,2.4115],[-73.1345,2.4075],[-73.1405,2.395],[-73.1265,2.388],[-73.123,2.382],[-73.13,2.3765],[-73.142,2.3775],[-73.156,2.3655],[-73.1675,2.37],[-73.164,2.396],[-73.174,2.401],[-73.1825,2.3965],[-73.186,2.3885],[-73.2,2.3825],[-73.217,2.3855],[-73.2115,2.3985],[-73.218,2.4045],[-73.2245,2.39],[-73.2395,2.389],[-73.253,2.3815],[-73.2675,2.3815],[-73.2635,2.372],[-73.244,2.3735],[-73.2385,2.366],[-73.238,2.354],[-73.2475,2.348],[-73.2555,2.3555],[-73.2705,2.358],[-73.28,2.353],[-73.299,2.336],[-73.309,2.343],[-73.3195,2.3585],[-73.325,2.361],[-73.336,2.354],[-73.33,2.344],[-73.338,2.329],[-73.356,2.324],[-73.3585,2.3365],[-73.349,2.3425],[-73.3455,2.3485],[-73.3485,2.3635],[-73.3565,2.3685],[-73.374,2.3635],[-73.3745,2.3295],[-73.3805,2.3245],[-73.396,2.3285],[-73.3955,2.335],[-73.388,2.342],[-73.391,2.3515],[-73.4115,2.357],[-73.42,2.354],[-73.4245,2.3465],[-73.424,2.33],[-73.435,2.3255],[-73.441,2.3345],[-73.4335,2.35],[-73.4315,2.363],[-73.4385,2.383],[-73.4525,2.3845],[-73.4555,2.379],[-73.447,2.3535],[-73.447,2.344],[-73.459,2.338],[-73.463,2.353],[-73.474,2.362],[-73.4855,2.357],[-73.499,2.3585],[-73.5085,2.3495],[-73.5065,2.335],[-73.5185,2.337],[-73.514,2.3495],[-73.5225,2.368],[-73.524,2.3835],[-73.534,2.386],[-73.5415,2.376],[-73.5585,2.3685],[-73.564,2.36],[-73.574,2.355],[-73.5835,2.3575],[-73.588,2.366],[-73.5825,2.376],[-73.5845,2.3875],[-73.589,2.39],[-73.599,2.3805],[-73.6185,2.3765],[-73.632,2.363],[-73.6315,2.3535],[-73.6185,2.3465],[-73.614,2.341],[-73.6185,2.333],[-73.6305,2.331],[-73.6355,2.3215],[-73.6325,2.304],[-73.629,2.2995],[-73.6335,2.2885],[-73.646,2.2845],[-73.657,2.2945],[-73.657,2.182],[-73.657,2.0355],[-73.657,1.862],[-73.6565,1.6175],[-73.658,1.6075],[-73.6635,1.5965],[-73.66,1.5905],[-73.6585,1.5765],[-73.649,1.568],[-73.638,1.5455],[-73.6265,1.539],[-73.6135,1.5235],[-73.611,1.511],[-73.5935,1.49],[-73.5855,1.488],[-73.5785,1.47],[-73.555,1.448],[-73.5465,1.4365],[-73.5455,1.4165],[-73.548,1.407],[-73.538,1.3995],[-73.535,1.39],[-73.508,1.3865],[-73.5035,1.37],[-73.4765,1.3615],[-73.47,1.352],[-73.47,1.341],[-73.4575,1.323],[-73.4595,1.312],[-73.4535,1.305],[-73.454,1.2985],[-73.447,1.291],[-73.428,1.296],[-73.4225,1.28],[-73.427,1.2635],[-73.414,1.2455],[-73.414,1.232],[-73.4205,1.226],[-73.4225,1.2185],[-73.415,1.212],[-73.418,1.198],[-73.4165,1.1835],[-73.412,1.175],[-73.3965,1.17],[-73.392,1.155],[-73.3925,1.147],[-73.3745,1.1415],[-73.373,1.131],[-73.358,1.1285],[-73.334,1.1105],[-73.3345,1.094],[-73.3255,1.0905],[-73.3225,1.0805],[-73.3015,1.0755],[-73.302,1.07],[-73.281,1.06],[-73.2775,1.0465],[-73.2645,1.048],[-73.2475,1.0395],[-73.239,1.032],[-73.248,1.0225],[-73.235,1.009],[-73.225,1.006],[-73.2165,0.997],[-73.2045,1.005],[-73.199,0.9985],[-73.185,0.9995],[-73.1715,0.992],[-73.1825,0.971],[-73.1755,0.961],[-73.1625,0.95],[-73.1645,0.9455],[-73.1485,0.941],[-73.1395,0.918],[-73.13,0.9145],[-73.1225,0.922],[-73.11,0.9185],[-73.103,0.9125],[-73.0875,0.9105],[-73.0785,0.895],[-73.052,0.9115],[-73.0455,0.906],[-73.0315,0.9145],[-73.025,0.9215],[-73.013,0.9115],[-73.006,0.9195],[-73.007,0.932],[-72.987,0.9325],[-72.9915,0.949],[-72.9825,0.955],[-72.956,0.969],[-72.9525,0.979],[-72.9405,0.98],[-72.929,1.002],[-72.933,1.0085],[-72.928,1.016],[-72.9095,1.0085],[-72.8975,1.0175],[-72.895,1.0115],[-72.885,1.024],[-72.8755,1.0215],[-72.867,1.0255],[-72.8745,1.0365],[-72.8575,1.0435],[-72.8615,1.0575],[-72.861,1.072],[-72.872,1.077],[-72.87,1.0875],[-72.876,1.091],[-72.8755,1.101],[-72.864,1.108],[-72.8595,1.1025],[-72.849,1.108],[-72.8675,1.1205],[-72.872,1.1345],[-72.8705,1.1455],[-72.856,1.1425],[-72.8495,1.1455],[-72.851,1.158],[-72.844,1.161],[-72.836,1.156],[-72.8225,1.161],[-72.816,1.168],[-72.8225,1.1785],[-72.805,1.1825],[-72.7975,1.176],[-72.7845,1.1755],[-72.7765,1.1815],[-72.769,1.177],[-72.7775,1.1645],[-72.778,1.148],[-72.7645,1.1325],[-72.751,1.129],[-72.742,1.1335],[-72.739,1.14],[-72.7425,1.1465],[-72.734,1.1535],[-72.7265,1.168],[-72.729,1.178],[-72.7265,1.186],[-72.719,1.188],[-72.699,1.182],[-72.694,1.177],[-72.6935,1.1635],[-72.671,1.164],[-72.6645,1.1525],[-72.658,1.152],[-72.6515,1.1715],[-72.6365,1.1595],[-72.635,1.149],[-72.619,1.134],[-72.608,1.133],[-72.5895,1.125],[-72.5865,1.1155],[-72.574,1.113],[-72.557,1.0935],[-72.5345,1.0835],[-72.5205,1.081],[-72.508,1.0675],[-72.5,1.0735],[-72.484,1.0715],[-72.4795,1.079],[-72.468,1.084],[-72.457,1.0805],[-72.455,1.069],[-72.442,1.054],[-72.4325,1.047],[-72.426,1.0375],[-72.4235,1.0225],[-72.4135,1.0125],[-72.399,1.0025],[-72.4035,0.992],[-72.4105,0.9875],[-72.4005,0.9675],[-72.377,0.9575],[-72.385,0.9355],[-72.3925,0.9235],[-72.3885,0.918],[-72.374,0.9175],[-72.3545,0.935],[-72.34,0.9265],[-72.3465,0.908],[-72.3455,0.898],[-72.3325,0.8805],[-72.343,0.8705],[-72.341,0.863],[-72.331,0.851],[-72.329,0.841],[-72.319,0.8445],[-72.317,0.8545],[-72.3245,0.866],[-72.324,0.8755],[-72.309,0.8765],[-72.3,0.882],[-72.2885,0.873],[-72.287,0.8625],[-72.2965,0.854],[-72.3015,0.844],[-72.3,0.838],[-72.288,0.824],[-72.2895,0.817],[-72.3035,0.8175],[-72.31,0.8095],[-72.2995,0.7955],[-72.2935,0.7825],[-72.2805,0.7705],[-72.2695,0.763],[-72.261,0.767],[-72.262,0.778],[-72.27,0.7875],[-72.266,0.7945],[-72.2505,0.79],[-72.2385,0.768],[-72.226,0.7575],[-72.222,0.7475],[-72.2245,0.734],[-72.2295,0.726],[-72.2305,0.716],[-72.2205,0.706],[-72.21,0.7],[-72.2005,0.702],[-72.191,0.727],[-72.178,0.723],[-72.1685,0.712],[-72.1625,0.7145],[-72.1595,0.733],[-72.146,0.7195],[-72.1405,0.718],[-72.129,0.74],[-72.1195,0.7345],[-72.1215,0.7215],[-72.11,0.705],[-72.094,0.699],[-72.081,0.705],[-72.0715,0.695],[-72.067,0.681],[-72.0725,0.666],[-72.0855,0.663],[-72.083,0.657],[-72.0485,0.656],[-72.033,0.6645]]]},"properties":{"divipola_dep":"95","divipola_dep_n":95,"dpto_nombre":"GUAVIARE","area_km2":55403.3636}},
{"type":"Feature","geometry":{"type":"Polygon","coordinates":[[[-71.254,0.0595],[-71.2485,0.0585],[-71.235,0.0665],[-71.2275,0.055],[-71.216,0.0655],[-71.205,0.071],[-71.199,0.078],[-71.189,0.08],[-71.1875,0.0865],[-71.192,0.0955],[-71.1845,0.097],[-71.169,0.0885],[-71.16,0.0745],[-71.1455,0.063],[-71.1455,0.0515],[-71.1495,0.0385],[-71.142,0.026],[-71.1365,0.0075],[-71.123,0.004],[-71.1165,0.011],[-71.112,0.0245],[-71.1005,0.024],[-71.0975,0.01],[-71.0995,-0.0015],[-71.089,-0.0065],[-71.0845,0],[-71.077,0.0015],[-71.069,-0.0075],[-71.0615,-0.01],[-71.047,-0.0035],[-71.035,-0.011],[-71.0405,-0.019],[-71.0525,-0.024],[-71.05,-0.0345],[-71.0285,-0.0485],[-71.0215,-0.048],[-71.0115,-0.04],[-71.0175,-0.0285],[-71.0155,-0.0125],[-70.9985,-0.0025],[-70.982,-0.004],[-70.9705,-0.008],[-70.968,-0.0125],[-70.973,-0.027],[-70.9595,-0.041],[-70.9425,-0.0435],[-70.936,-0.051],[-70.9275,-0.052],[-70.926,-0.0705],[-70.9305,-0.0765],[-70.927,-0.0865],[-70.917,-0.099],[-70.903,-0.1],[-70.8965,-0.1035],[-70.892,-0.116],[-70.9015,-0.1325],[-70.912,-0.1235],[-70.92,-0.1235],[-70.9345,-0.1315],[-70.9445,-0.1415],[-70.947,-0.1485],[-70.9445,-0.1595],[-70.935,-0.173],[-70.9175,-0.184],[-70.9135,-0.203],[-70.8985,-0.2055],[-70.8855,-0.2105],[-70.8825,-0.231],[-70.8745,-0.241],[-70.8725,-0.261],[-70.878,-0.28],[-70.8685,-0.29],[-70.8665,-0.3055],[-70.858,-0.317],[-70.8425,-0.3275],[-70.84,-0.3395],[-70.832,-0.347],[-70.8315,-0.3585],[-70.8275,-0.3645],[-70.812,-0.3655],[-70.8085,-0.362],[-70.806,-0.346],[-70.7715,-0.3355],[-70.759,-0.3275],[-70.7615,-0.3175],[-70.7785,-0.3175],[-70.78,-0.3125],[-70.772,-0.3],[-70.76,-0.293],[-70.7475,-0.2915],[-70.739,-0.2865],[-70.73,-0.29],[-70.7155,-0.31],[-70.701,-0.3205],[-70.689,-0.333],[-70.6825,-0.348],[-70.678,-0.352],[-70.6655,-0.35],[-70.6555,-0.3335],[-70.6375,-0.32],[-70.626,-0.323],[-70.6155,-0.339],[-70.6065,-0.3455],[-70.5985,-0.3695],[-70.5855,-0.3895],[-70.573,-0.3925],[-70.567,-0.3855],[-70.5645,-0.3705],[-70.555,-0.3625],[-70.5435,-0.3645],[-70.53,-0.374],[-70.53,-0.3595],[-70.517,-0.36],[-70.5115,-0.3715],[-70.497,-0.386],[-70.4775,-0.4005],[-70.4695,-0.4165],[-70.4565,-0.4315],[-70.449,-0.449],[-70.4485,-0.4605],[-70.4605,-0.4725],[-70.4645,-0.4805],[-70.4625,-0.491],[-70.456,-0.496],[-70.4495,-0.4925],[-70.437,-0.478],[-70.4035,-0.463],[-70.3875,-0.468],[-70.383,-0.489],[-70.3795,-0.4965],[-70.361,-0.4975],[-70.343,-0.5005],[-70.3345,-0.4995],[-70.324,-0.492],[-70.3195,-0.481],[-70.323,-0.4675],[-70.3285,-0.4675],[-70.3425,-0.4735],[-70.3615,-0.4675],[-70.3665,-0.46],[-70.361,-0.451],[-70.346,-0.448],[-70.334,-0.438],[-70.3215,-0.4425],[-70.31,-0.4415],[-70.301,-0.4295],[-70.2945,-0.415],[-70.2815,-0.413],[-70.268,-0.418],[-70.258,-0.4295],[-70.249,-0.4445],[-70.241,-0.4455],[-70.223,-0.436],[-70.21,-0.442],[-70.2005,-0.457],[-70.2,-0.469],[-70.2085,-0.4775],[-70.232,-0.468],[-70.245,-0.47],[-70.257,-0.492],[-70.269,-0.5005],[-70.2785,-0.5035],[-70.292,-0.5125],[-70.32,-0.5495],[-70.326,-0.5685],[-70.325,-0.579],[-70.3105,-0.5905],[-70.303,-0.586],[-70.3005,-0.5775],[-70.3025,-0.5635],[-70.2965,-0.5565],[-70.2815,-0.559],[-70.2645,-0.5815],[-70.2615,-0.5965],[-70.256,-0.6035],[-70.2605,-0.6165],[-70.255,-0.6265],[-70.2565,-0.646],[-70.2605,-0.653],[-70.254,-0.665],[-70.2535,-0.679],[-70.2605,-0.697],[-70.262,-0.7135],[-70.258,-0.722],[-70.2495,-0.7315],[-70.252,-0.745],[-70.2655,-0.7475],[-70.2755,-0.7445],[-70.29,-0.7525],[-70.295,-0.765],[-70.297,-0.7925],[-70.2905,-0.808],[-70.278,-0.82],[-70.2625,-0.8285],[-70.2525,-0.84],[-70.2435,-0.8575],[-70.2355,-0.87],[-70.224,-0.88],[-70.221,-0.887],[-70.225,-0.8955],[-70.2505,-0.91],[-70.255,-0.928],[-70.2605,-0.938],[-70.27,-0.94],[-70.2835,-0.934],[-70.296,-0.9365],[-70.3035,-0.95],[-70.307,-0.9655],[-70.3025,-0.978],[-70.286,-0.9975],[-70.267,-1.0145],[-70.255,-1.0205],[-70.2385,-1.02],[-70.2305,-1.012],[-70.2285,-0.999],[-70.22,-0.9855],[-70.2045,-0.982],[-70.1945,-0.991],[-70.2005,-1.0105],[-70.217,-1.0235],[-70.2275,-1.038],[-70.2275,-1.05],[-70.2175,-1.065],[-70.197,-1.0725],[-70.183,-1.0725],[-70.177,-1.0755],[-70.178,-1.1],[-70.1695,-1.1125],[-70.15,-1.117],[-70.137,-1.115],[-70.1265,-1.1095],[-70.12,-1.0985],[-70.1135,-1.078],[-70.088,-1.0515],[-70.0785,-1.036],[-70.08,-1.0235],[-70.0875,-1.0125],[-70.101,-1.01],[-70.1095,-1.012],[-70.122,-1.021],[-70.1315,-1.0195],[-70.137,-1.013],[-70.14,-0.999],[-70.137,-0.991],[-70.1225,-0.973],[-70.1005,-0.953],[-70.08,-0.947],[-70.0705,-0.95],[-70.0625,-0.958],[-70.0535,-0.9725],[-70.0445,-0.9795],[-70.0275,-0.977],[-70.0225,-0.9675],[-70.0265,-0.9485],[-70.0235,-0.9395],[-70.0095,-0.938],[-70.0005,-0.947],[-70.008,-0.9615],[-70.007,-0.9695],[-69.998,-0.9765],[-69.988,-0.9765],[-69.96,-0.9685],[-69.9515,-0.956],[-69.942,-0.9465],[-69.933,-0.9485],[-69.908,-0.9635],[-69.902,-0.9745],[-69.906,-0.98],[-69.9205,-0.973],[-69.951,-0.9915],[-69.9545,-1.006],[-69.944,-1.021],[-69.941,-1.0335],[-69.944,-1.0395],[-69.9545,-1.0455],[-69.967,-1.0605],[-69.9715,-1.071],[-69.971,-1.079],[-69.964,-1.091],[-69.9465,-1.0975],[-69.9365,-1.096],[-69.9105,-1.081],[-69.889,-1.081],[-69.8765,-1.0785],[-69.8695,-1.0735],[-69.8535,-1.039],[-69.84,-1.0285],[-69.822,-1.029],[-69.815,-1.0355],[-69.7925,-1.0745],[-69.7845,-1.086],[-69.769,-1.096],[-69.7565,-1.099],[-69.7385,-1.094],[-69.734,-1.087],[-69.7395,-1.077],[-69.754,-1.076],[-69.7645,-1.0645],[-69.7725,-1.0365],[-69.7595,-1.0335],[-69.7495,-1.0275],[-69.741,-1.0395],[-69.735,-1.0425],[-69.724,-1.0385],[-69.7045,-1.048],[-69.699,-1.054],[-69.6815,-1.0825],[-69.6605,-1.103],[-69.6495,-1.116],[-69.649,-1.13],[-69.6585,-1.1265],[-69.66,-1.1185],[-69.6695,-1.115],[-69.68,-1.118],[-69.681,-1.124],[-69.678,-1.1535],[-69.6815,-1.1895],[-69.68,-1.203],[-69.672,-1.22],[-69.6645,-1.226],[-69.65,-1.227],[-69.637,-1.212],[-69.6345,-1.1975],[-69.6365,-1.1705],[-69.6305,-1.165],[-69.619,-1.1645],[-69.592,-1.146],[-69.578,-1.1555],[-69.5775,-1.1625],[-69.5705,-1.1775],[-69.5665,-1.191],[-69.552,-1.1955],[-69.5495,-1.191],[-69.539,-1.192],[-69.5295,-1.198],[-69.511,-1.2155],[-69.4905,-1.217],[-69.4815,-1.214],[-69.468,-1.2],[-69.465,-1.1895],[-69.466,-1.1715],[-69.4755,-1.159],[-69.4875,-1.155],[-69.4835,-1.145],[-69.468,-1.146],[-69.4625,-1.142],[-69.4595,-1.1265],[-69.468,-1.1105],[-69.4705,-1.0935],[-69.4625,-1.0775],[-69.452,-1.071],[-69.433,-1.0695],[-69.427,-1.0665],[-69.423,-1.0485],[-69.437,-1.034],[-69.445,-1.023],[-69.433,-1.022],[-69.43,-1.0155],[-69.436,-0.9935],[-69.448,-0.9965],[-69.4595,-0.9925],[-69.4675,-0.9825],[-69.463,-0.9665],[-69.4725,-0.9575],[-69.4805,-0.956],[-69.486,-0.948],[-69.514,-0.9325],[-69.519,-0.9245],[-69.5285,-0.919],[-69.5265,-0.8985],[-69.5225,-0.8875],[-69.53,-0.88],[-69.5255,-0.869],[-69.546,-0.861],[-69.5485,-0.8525],[-69.564,-0.8475],[-69.5735,-0.838],[-69.5585,-0.8185],[-69.5645,-0.8065],[-69.574,-0.8095],[-69.575,-0.8025],[-69.5835,-0.8005],[-69.589,-0.79],[-69.6025,-0.7775],[-69.603,-0.7675],[-69.611,-0.7665],[-69.6135,-0.7545],[-69.6235,-0.729],[-69.6135,-0.7265],[-69.6085,-0.711],[-69.6,-0.7045],[-69.602,-0.6955],[-69.593,-0.6915],[-69.589,-0.6825],[-69.5825,-0.681],[-69.58,-0.6725],[-69.5815,-0.6615],[-69.5745,-0.657],[-69.573,-0.6475],[-69.562,-0.636],[-69.573,-0.6325],[-69.5725,-0.619],[-69.581,-0.619],[-69.5885,-0.6025],[-69.601,-0.5965],[-69.595,-0.58],[-69.5965,-0.566],[-69.5925,-0.5545],[-69.6015,-0.5425],[-69.614,-0.5345],[-69.6085,-0.511],[-69.612,-0.5],[-69.641,-0.4915],[-69.6435,-0.483],[-69.655,-0.4715],[-69.6825,-0.464],[-69.6975,-0.452],[-69.709,-0.4545],[-69.72,-0.4495],[-69.7265,-0.442],[-69.7385,-0.4355],[-69.7445,-0.42],[-69.7535,-0.409],[-69.7665,-0.401],[-69.7735,-0.393],[-69.786,-0.3945],[-69.8155,-0.372],[-69.831,-0.373],[-69.8295,-0.363],[-69.8395,-0.3415],[-69.844,-0.338],[-69.868,-0.3405],[-69.887,-0.3355],[-69.889,-0.3415],[-69.9015,-0.3375],[-69.9165,-0.3265],[-69.9355,-0.305],[-69.9385,-0.293],[-69.948,-0.2915],[-69.955,-0.2765],[-69.9695,-0.2685],[-69.978,-0.258],[-69.984,-0.245],[-69.993,-0.241],[-69.997,-0.2265],[-70.015,-0.2125],[-70.0245,-0.2085],[-70.034,-0.198],[-70.0535,-0.189],[-70.059,-0.1715],[-70.065,-0.1645],[-70.0555,-0.147],[-70.051,-0.145],[-70.0475,-0.1295],[-70.043,-0.121],[-70.0475,-0.1095],[-70.0475,0.076],[-70.047,0.2595],[-70.0465,0.4335],[-70.0465,0.563],[-70.0385,0.5665],[-70.026,0.562],[-70.021,0.5565],[-70.0185,0.544],[-70.0055,0.5445],[-69.9955,0.5505],[-69.9965,0.559],[-69.9915,0.563],[-69.9885,0.5755],[-69.9785,0.578],[-69.964,0.5715],[-69.956,0.5615],[-69.9355,0.553],[-69.9295,0.5645],[-69.92,0.5705],[-69.9155,0.59],[-69.903,0.581],[-69.897,0.586],[-69.887,0.577],[-69.8685,0.5825],[-69.864,0.578],[-69.852,0.5875],[-69.835,0.5865],[-69.8235,0.5915],[-69.8145,0.587],[-69.81,0.577],[-69.7975,0.5785],[-69.7885,0.5855],[-69.7825,0.596],[-69.7775,0.597],[-69.751,0.615],[-69.741,0.6095],[-69.723,0.6155],[-69.716,0.634],[-69.7045,0.6515],[-69.687,0.6555],[-69.688,0.664],[-69.6705,0.6675],[-69.669,0.6635],[-69.6505,0.6645],[-69.6485,0.6545],[-69.64,0.649],[-69.64,0.642],[-69.6335,0.636],[-69.6205,0.6345],[-69.609,0.6135],[-69.6045,0.6365],[-69.5905,0.638],[-69.5925,0.657],[-69.5805,0.6615],[-69.5675,0.675],[-69.5585,0.6815],[-69.5355,0.6795],[-69.5315,0.693],[-69.533,0.701],[-69.514,0.7145],[-69.508,0.713],[-69.4995,0.724],[-69.489,0.726],[-69.4815,0.7355],[-69.464,0.7365],[-69.4565,0.7195],[-69.447,0.715],[-69.434,0.7125],[-69.437,0.7005],[-69.431,0.6935],[-69.416,0.6885],[-69.407,0.676],[-69.404,0.664],[-69.3915,0.6555],[-69.3675,0.632],[-69.358,0.6175],[-69.35,0.6145],[-69.3455,0.626],[-69.3325,0.643],[-69.3185,0.632],[-69.2985,0.6495],[-69.286,0.649],[-69.2905,0.638],[-69.285,0.619],[-69.2935,0.611],[-69.2725,0.602],[-69.269,0.6065],[-69.2545,0.605],[-69.2445,0.61],[-69.2375,0.6035],[-69.2255,0.605],[-69.212,0.6105],[-69.2005,0.6065],[-69.1995,0.616],[-69.204,0.6335],[-69.196,0.6395],[-69.197,0.6475],[-69.1835,0.6545],[-69.1685,0.6495],[-69.1575,0.6525],[-69.1555,0.6465],[-69.1475,0.644],[-69.1345,0.645],[-69.1245,0.6335],[-69.119,0.635],[-69.1155,0.644],[-69.1185,0.655],[-69.1285,0.6655],[-69.1405,0.6895],[-69.1525,0.705],[-69.162,0.713],[-69.181,0.716],[-69.188,0.7335],[-69.188,0.746],[-69.174,0.76],[-69.1615,0.756],[-69.1485,0.767],[-69.1475,0.78],[-69.1535,0.7935],[-69.1535,0.8035],[-69.168,0.8205],[-69.165,0.8335],[-69.1675,0.8435],[-69.1565,0.85],[-69.145,0.846],[-69.1395,0.8515],[-69.1355,0.8695],[-69.14,0.8835],[-69.1485,0.8805],[-69.157,0.883],[-69.1815,0.903],[-69.1915,0.9165],[-69.1915,0.928],[-69.182,0.9365],[-69.169,0.935],[-69.166,0.942],[-69.172,0.95],[-69.193,0.96],[-69.206,0.964],[-69.2075,0.9695],[-69.218,0.9755],[-69.2175,0.9805],[-69.199,0.9965],[-69.2125,1.018],[-69.2275,1.0285],[-69.232,1.0365],[-69.2445,1.045],[-69.244,1.056],[-69.2595,1.054],[-69.2885,1.054],[-69.2885,1.0605],[-69.298,1.0625],[-69.306,1.075],[-69.321,1.088],[-69.3345,1.082],[-69.345,1.0845],[-69.356,1.0795],[-69.366,1.0835],[-69.3715,1.0805],[-69.378,1.0865],[-69.381,1.0745],[-69.399,1.0605],[-69.405,1.048],[-69.414,1.0415],[-69.4315,1.05],[-69.435,1.0595],[-69.4345,1.0725],[-69.448,1.073],[-69.458,1.0765],[-69.476,1.0755],[-69.4855,1.0795],[-69.519,1.072],[-69.5385,1.072],[-69.5535,1.074],[-69.561,1.072],[-69.574,1.0745],[-69.592,1.0905],[-69.605,1.098],[-69.6185,1.0975],[-69.6335,1.0855],[-69.645,1.0895],[-69.655,1.0835],[-69.668,1.081],[-69.6745,1.0705],[-69.687,1.072],[-69.694,1.076],[-69.7035,1.0765],[-69.7055,1.098],[-69.7005,1.117],[-69.708,1.119],[-69.7225,1.1085],[-69.7445,1.1135],[-69.7735,1.1005],[-69.791,1.088],[-69.796,1.0735],[-69.804,1.0655],[-69.8115,1.064],[-69.821,1.0675],[-69.8295,1.0785],[-69.839,1.0805],[-69.8465,1.078],[-69.8465,1.288],[-69.846,1.4185],[-69.846,1.5775],[-69.8455,1.714],[-69.8515,1.708],[-69.8605,1.7145],[-69.875,1.729],[-69.8835,1.7275],[-69.9025,1.7425],[-69.9075,1.742],[-69.9295,1.7485],[-69.9385,1.7455],[-69.965,1.7465],[-69.975,1.743],[-69.9785,1.7485],[-69.994,1.7525],[-70.0055,1.763],[-70.016,1.761],[-70.026,1.7675],[-70.047,1.7725],[-70.0545,1.7765],[-70.071,1.8005],[-70.0805,1.8005],[-70.0845,1.8065],[-70.0945,1.8115],[-70.103,1.8255],[-70.1145,1.836],[-70.1235,1.8375],[-70.134,1.8485],[-70.1485,1.8675],[-70.1545,1.8695],[-70.1755,1.87],[-70.1805,1.8855],[-70.175,1.9035],[-70.1635,1.92],[-70.1655,1.934],[-70.1585,1.9435],[-70.1425,1.9505],[-70.1375,1.9645],[-70.141,1.969],[-70.1405,1.98],[-70.127,1.992],[-70.115,1.999],[-70.1135,2.014],[-70.122,2.032],[-70.119,2.059],[-70.1095,2.08],[-70.116,2.0795],[-70.1305,2.0685],[-70.16,2.061],[-70.163,2.046],[-70.171,2.0465],[-70.1755,2.035],[-70.188,2.024],[-70.193,2.0255],[-70.2155,2.0205],[-70.2195,2.0295],[-70.2295,2.0345],[-70.254,2.0275],[-70.253,2.02],[-70.2605,2.014],[-70.264,2.023],[-70.2765,2.0145],[-70.2825,2.015],[-70.311,2.011],[-70.3175,2.013],[-70.3245,1.9975],[-70.3305,1.9985],[-70.3405,1.989],[-70.3545,1.9895],[-70.3635,1.985],[-70.364,1.9965],[-70.3785,2.0045],[-70.3815,1.996],[-70.378,1.986],[-70.39,1.986],[-70.392,1.995],[-70.3985,1.999],[-70.4145,1.9865],[-70.4415,1.9945],[-70.441,1.9875],[-70.452,1.984],[-70.46,1.987],[-70.4665,1.9795],[-70.458,1.9705],[-70.4665,1.963],[-70.478,1.9665],[-70.486,1.9625],[-70.4825,1.955],[-70.4865,1.949],[-70.502,1.95],[-70.514,1.957],[-70.5365,1.954],[-70.546,1.9465],[-70.55,1.938],[-70.5605,1.94],[-70.566,1.9325],[-70.577,1.933],[-70.591,1.9385],[-70.5995,1.9355],[-70.602,1.927],[-70.6085,1.922],[-70.619,1.93],[-70.6345,1.9185],[-70.6365,1.903],[-70.651,1.9065],[-70.659,1.911],[-70.6705,1.904],[-70.6775,1.908],[-70.693,1.9055],[-70.705,1.907],[-70.707,1.916],[-70.721,1.9105],[-70.722,1.9195],[-70.7435,1.922],[-70.748,1.9125],[-70.7605,1.91],[-70.763,1.92],[-70.77,1.9275],[-70.778,1.9225],[-70.781,1.912],[-70.7965,1.917],[-70.796,1.9095],[-70.81,1.913],[-70.8195,1.909],[-70.828,1.917],[-70.841,1.9145],[-70.8475,1.9205],[-70.8575,1.9115],[-70.8665,1.909],[-70.87,1.9205],[-70.883,1.9235],[-70.895,1.9195],[-70.8945,1.9105],[-70.899,1.9],[-70.908,1.8955],[-70.903,1.888],[-70.913,1.8825],[-70.9175,1.8855],[-70.925,1.876],[-70.944,1.862],[-70.944,1.8585],[-70.9645,1.8405],[-70.9745,1.843],[-70.9885,1.824],[-71.0035,1.8225],[-71.0095,1.8165],[-71.026,1.8105],[-71.037,1.8115],[-71.0525,1.8025],[-71.068,1.8055],[-71.082,1.798],[-71.097,1.7835],[-71.126,1.783],[-71.128,1.7715],[-71.1415,1.766],[-71.144,1.7605],[-71.1545,1.7595],[-71.1655,1.7555],[-71.1985,1.727],[-71.198,1.723],[-71.208,1.7095],[-71.2215,1.7],[-71.231,1.688],[-71.2385,1.685],[-71.246,1.672],[-71.259,1.668],[-71.2665,1.6785],[-71.284,1.684],[-71.292,1.6895],[-71.2975,1.6985],[-71.306,1.701],[-71.315,1.7145],[-71.322,1.7075],[-71.3305,1.705],[-71.345,1.716],[-71.3515,1.7265],[-71.3605,1.7275],[-71.3735,1.736],[-71.398,1.7335],[-71.403,1.7225],[-71.4015,1.7005],[-71.3965,1.6725],[-71.389,1.657],[-71.3985,1.629],[-71.3925,1.6165],[-71.3945,1.608],[-71.39,1.5985],[-71.412,1.5705],[-71.422,1.5685],[-71.426,1.5595],[-71.4385,1.5465],[-71.438,1.526],[-71.4425,1.514],[-71.4475,1.4915],[-71.454,1.4855],[-71.455,1.465],[-71.46,1.464],[-71.4795,1.4465],[-71.4825,1.436],[-71.4785,1.431],[-71.4785,1.4065],[-71.484,1.391],[-71.4895,1.3835],[-71.4875,1.373],[-71.4945,1.3655],[-71.503,1.363],[-71.506,1.3545],[-71.505,1.342],[-71.5135,1.3255],[-71.5225,1.3155],[-71.521,1.301],[-71.5305,1.2955],[-71.531,1.278],[-71.547,1.27],[-71.545,1.2505],[-71.539,1.23],[-71.544,1.2225],[-71.5515,1.2195],[-71.5515,1.2055],[-71.531,1.199],[-71.5275,1.1915],[-71.5315,1.179],[-71.5155,1.1715],[-71.512,1.161],[-71.5085,1.139],[-71.495,1.1335],[-71.4835,1.112],[-71.4885,1.1065],[-71.5005,1.103],[-71.524,1.114],[-71.5355,1.124],[-71.535,1.1355],[-71.5305,1.1465],[-71.5315,1.1605],[-71.5375,1.163],[-71.556,1.1555],[-71.557,1.1445],[-71.54,1.1205],[-71.5405,1.113],[-71.5505,1.112],[-71.5625,1.129],[-71.574,1.1225],[-71.575,1.1085],[-71.583,1.102],[-71.58,1.085],[-71.5745,1.0815],[-71.592,1.0575],[-71.586,1.044],[-71.595,1.045],[-71.616,1.037],[-71.622,1.025],[-71.632,1.0155],[-71.6405,0.9945],[-71.6495,0.9845],[-71.667,0.9725],[-71.6885,0.9705],[-71.692,0.9825],[-71.699,0.9825],[-71.7105,0.9905],[-71.7285,0.9835],[-71.74,0.985],[-71.7585,0.962],[-71.7655,0.9615],[-71.77,0.9515],[-71.7705,0.94],[-71.7675,0.931],[-71.774,0.906],[-71.787,0.8955],[-71.797,0.893],[-71.8035,0.888],[-71.9655,0.7305],[-72.033,0.6645],[-72.0265,0.6645],[-72.0175,0.6545],[-72.0045,0.658],[-71.9965,0.6555],[-71.994,0.632],[-71.982,0.629],[-71.99,0.6135],[-71.9985,0.6035],[-72.0115,0.599],[-72.007,0.5925],[-71.9925,0.5905],[-71.989,0.586],[-71.991,0.5655],[-71.987,0.5605],[-71.9765,0.561],[-71.964,0.556],[-71.9555,0.5415],[-71.9505,0.5405],[-71.9435,0.5505],[-71.945,0.568],[-71.9385,0.57],[-71.9295,0.5535],[-71.929,0.5435],[-71.913,0.516],[-71.915,0.5105],[-71.929,0.497],[-71.9265,0.4825],[-71.92,0.478],[-71.9055,0.4785],[-71.9035,0.468],[-71.9215,0.459],[-71.917,0.4485],[-71.904,0.443],[-71.8885,0.4485],[-71.8815,0.4665],[-71.857,0.455],[-71.8475,0.438],[-71.847,0.4135],[-71.8395,0.408],[-71.824,0.4035],[-71.8365,0.395],[-71.833,0.3735],[-71.8355,0.366],[-71.8465,0.3575],[-71.851,0.3505],[-71.832,0.339],[-71.8235,0.3395],[-71.8055,0.3485],[-71.8015,0.3585],[-71.8055,0.3645],[-71.814,0.366],[-71.815,0.3735],[-71.791,0.364],[-71.781,0.364],[-71.7705,0.3695],[-71.773,0.349],[-71.7845,0.346],[-71.789,0.3355],[-71.7695,0.3275],[-71.753,0.3315],[-71.754,0.3175],[-71.7515,0.297],[-71.745,0.2895],[-71.734,0.287],[-71.7315,0.302],[-71.727,0.3085],[-71.705,0.3185],[-71.699,0.304],[-71.7035,0.296],[-71.7245,0.288],[-71.7265,0.281],[-71.698,0.2375],[-71.667,0.2235],[-71.656,0.2195],[-71.644,0.2095],[-71.627,0.216],[-71.627,0.203],[-71.618,0.197],[-71.625,0.1845],[-71.6125,0.1815],[-71.606,0.1835],[-71.5925,0.1975],[-71.577,0.208],[-71.571,0.2155],[-71.562,0.2165],[-71.563,0.207],[-71.577,0.198],[-71.5795,0.177],[-71.59,0.1695],[-71.5835,0.163],[-71.567,0.1715],[-71.5435,0.1725],[-71.5315,0.165],[-71.526,0.1535],[-71.534,0.1395],[-71.5445,0.1335],[-71.5365,0.1215],[-71.5285,0.12],[-71.5175,0.1315],[-71.503,0.1295],[-71.495,0.135],[-71.4935,0.1465],[-71.4855,0.1485],[-71.483,0.163],[-71.477,0.172],[-71.4755,0.183],[-71.4695,0.185],[-71.459,0.1785],[-71.4555,0.171],[-71.4565,0.163],[-71.47,0.1575],[-71.4495,0.139],[-71.438,0.142],[-71.4305,0.14],[-71.4195,0.143],[-71.404,0.1555],[-71.4025,0.185],[-71.391,0.1785],[-71.375,0.1735],[-71.369,0.1625],[-71.3705,0.1525],[-71.367,0.1455],[-71.352,0.1445],[-71.343,0.138],[-71.339,0.143],[-71.344,0.1505],[-71.335,0.155],[-71.33,0.145],[-71.323,0.1405],[-71.3205,0.13],[-71.3285,0.117],[-71.3075,0.102],[-71.291,0.0975],[-71.2895,0.0875],[-71.297,0.075],[-71.2925,0.0685],[-71.28,0.066],[-71.262,0.069],[-71.254,0.0595]]]},"properties":{"divipola_dep":"97","divipola_dep_n":97,"dpto_nombre":"VAUPÉS","area_km2":53109.3379}},
{"type":"Feature","geometry":{"type":"Polygon","coordinates":[[[-71.0775,2.882],[-71.0655,2.8735],[-71.064,2.8575],[-71.0545,2.852],[-71.0395,2.85],[-71.031,2.8465],[-71.0235,2.848],[-71.017,2.857],[-71.0055,2.8525],[-70.9995,2.8415],[-70.99,2.83],[-70.973,2.833],[-70.959,2.8425],[-70.948,2.834],[-70.948,2.818],[-70.962,2.8005],[-70.948,2.786],[-70.9365,2.788],[-70.928,2.8025],[-70.9255,2.8215],[-70.938,2.832],[-70.9415,2.8395],[-70.941,2.8525],[-70.9365,2.858],[-70.914,2.8515],[-70.9095,2.8475],[-70.9005,2.8115],[-70.888,2.7935],[-70.8715,2.7955],[-70.871,2.8095],[-70.8825,2.8295],[-70.882,2.8445],[-70.8755,2.847],[-70.8605,2.837],[-70.8555,2.8295],[-70.8555,2.8185],[-70.862,2.813],[-70.8705,2.7975],[-70.8685,2.791],[-70.8735,2.779],[-70.8625,2.7765],[-70.8465,2.8],[-70.835,2.804],[-70.8225,2.813],[-70.8095,2.8125],[-70.803,2.8075],[-70.797,2.7965],[-70.7945,2.783],[-70.799,2.7755],[-70.8155,2.768],[-70.8115,2.76],[-70.8,2.76],[-70.7785,2.768],[-70.762,2.767],[-70.7465,2.776],[-70.7275,2.795],[-70.72,2.791],[-70.717,2.781],[-70.7205,2.75],[-70.711,2.7375],[-70.703,2.74],[-70.6915,2.754],[-70.68,2.779],[-70.659,2.7805],[-70.652,2.7905],[-70.642,2.7995],[-70.639,2.818],[-70.6425,2.8255],[-70.6605,2.84],[-70.665,2.8525],[-70.66,2.8575],[-70.6445,2.8545],[-70.634,2.846],[-70.6315,2.829],[-70.632,2.808],[-70.6185,2.7915],[-70.6055,2.801],[-70.597,2.8365],[-70.5835,2.84],[-70.57,2.8325],[-70.5535,2.817],[-70.5305,2.8055],[-70.511,2.7895],[-70.501,2.788],[-70.4965,2.796],[-70.499,2.8085],[-70.4675,2.817],[-70.448,2.8195],[-70.4045,2.831],[-70.374,2.849],[-70.3585,2.852],[-70.3515,2.86],[-70.349,2.8785],[-70.356,2.904],[-70.351,2.916],[-70.324,2.9135],[-70.308,2.922],[-70.2985,2.9305],[-70.28,2.9345],[-70.278,2.9545],[-70.28,2.9805],[-70.285,3.001],[-70.29,3.0115],[-70.302,3.026],[-70.3035,3.0335],[-70.295,3.0355],[-70.272,3.031],[-70.2555,3.0385],[-70.2585,3.0495],[-70.2725,3.066],[-70.2855,3.0715],[-70.3115,3.07],[-70.3175,3.072],[-70.3215,3.083],[-70.313,3.09],[-70.294,3.09],[-70.2825,3.0925],[-70.2785,3.0995],[-70.281,3.1095],[-70.2875,3.118],[-70.284,3.129],[-70.26,3.1435],[-70.251,3.163],[-70.2475,3.1765],[-70.234,3.1825],[-70.225,3.1775],[-70.218,3.169],[-70.2065,3.173],[-70.2065,3.185],[-70.22,3.197],[-70.218,3.206],[-70.2095,3.207],[-70.1995,3.195],[-70.198,3.1815],[-70.194,3.1745],[-70.1855,3.172],[-70.1725,3.1755],[-70.158,3.19],[-70.1605,3.199],[-70.178,3.217],[-70.1785,3.231],[-70.1675,3.2365],[-70.157,3.2295],[-70.1535,3.2205],[-70.1525,3.1975],[-70.142,3.19],[-70.1275,3.203],[-70.1275,3.222],[-70.132,3.244],[-70.136,3.2495],[-70.1535,3.2545],[-70.158,3.26],[-70.158,3.2815],[-70.1475,3.291],[-70.1325,3.293],[-70.1195,3.28],[-70.1095,3.2845],[-70.1085,3.2925],[-70.113,3.3],[-70.124,3.3045],[-70.143,3.3205],[-70.1535,3.3245],[-70.172,3.345],[-70.1705,3.3535],[-70.138,3.3615],[-70.1295,3.372],[-70.1305,3.396],[-70.119,3.403],[-70.113,3.3975],[-70.1125,3.3865],[-70.1005,3.3845],[-70.073,3.388],[-70.0495,3.4005],[-70.043,3.411],[-70.034,3.418],[-70.026,3.4175],[-70.0155,3.4085],[-70.014,3.403],[-70.017,3.384],[-70.006,3.3735],[-69.999,3.373],[-69.9855,3.3815],[-69.9695,3.3885],[-69.9435,3.395],[-69.939,3.403],[-69.9395,3.414],[-69.946,3.4245],[-69.961,3.4375],[-69.9635,3.447],[-69.9605,3.457],[-69.946,3.459],[-69.915,3.447],[-69.908,3.437],[-69.905,3.4265],[-69.8865,3.4265],[-69.874,3.4335],[-69.8705,3.4445],[-69.8715,3.462],[-69.8615,3.4755],[-69.863,3.482],[-69.8705,3.4885],[-69.8755,3.4985],[-69.8955,3.517],[-69.897,3.533],[-69.8895,3.5395],[-69.88,3.54],[-69.8725,3.536],[-69.858,3.503],[-69.8475,3.4875],[-69.822,3.477],[-69.814,3.4845],[-69.816,3.4895],[-69.833,3.509],[-69.845,3.5315],[-69.846,3.544],[-69.834,3.5565],[-69.821,3.5555],[-69.814,3.5465],[-69.813,3.539],[-69.8155,3.516],[-69.8055,3.507],[-69.798,3.51],[-69.7865,3.5245],[-69.7895,3.5505],[-69.784,3.5595],[-69.775,3.565],[-69.7575,3.5615],[-69.747,3.555],[-69.734,3.543],[-69.7225,3.543],[-69.713,3.5505],[-69.7165,3.5645],[-69.7205,3.5695],[-69.7415,3.575],[-69.745,3.5865],[-69.7395,3.591],[-69.7295,3.5915],[-69.7175,3.584],[-69.7095,3.576],[-69.702,3.5595],[-69.7015,3.5425],[-69.691,3.544],[-69.6805,3.558],[-69.6735,3.579],[-69.6625,3.5855],[-69.65,3.58],[-69.643,3.571],[-69.625,3.57],[-69.6205,3.5785],[-69.6205,3.5905],[-69.6125,3.5955],[-69.6015,3.588],[-69.5955,3.57],[-69.59,3.572],[-69.5875,3.5825],[-69.5785,3.6035],[-69.576,3.616],[-69.5775,3.629],[-69.5815,3.638],[-69.579,3.6595],[-69.571,3.667],[-69.574,3.6765],[-69.5805,3.6775],[-69.5905,3.672],[-69.59,3.683],[-69.579,3.6835],[-69.56,3.678],[-69.533,3.6745],[-69.5105,3.679],[-69.4975,3.6725],[-69.496,3.6645],[-69.4995,3.655],[-69.493,3.6505],[-69.4855,3.66],[-69.4875,3.6745],[-69.478,3.696],[-69.462,3.709],[-69.4445,3.7065],[-69.4315,3.687],[-69.4245,3.6675],[-69.4145,3.6605],[-69.4065,3.66],[-69.4,3.666],[-69.3955,3.6805],[-69.384,3.685],[-69.3785,3.678],[-69.3775,3.6695],[-69.3665,3.6655],[-69.3575,3.675],[-69.329,3.6935],[-69.3205,3.696],[-69.312,3.7135],[-69.3055,3.7175],[-69.292,3.7095],[-69.2895,3.7],[-69.2915,3.69],[-69.3035,3.666],[-69.3055,3.652],[-69.2995,3.645],[-69.292,3.645],[-69.2815,3.6525],[-69.271,3.6705],[-69.268,3.6855],[-69.271,3.6965],[-69.2845,3.707],[-69.287,3.7225],[-69.2795,3.7265],[-69.2625,3.7235],[-69.2505,3.718],[-69.242,3.7055],[-69.24,3.6965],[-69.242,3.684],[-69.233,3.6735],[-69.2205,3.6795],[-69.2105,3.7015],[-69.198,3.698],[-69.1965,3.693],[-69.203,3.675],[-69.1945,3.667],[-69.18,3.676],[-69.1685,3.672],[-69.1705,3.6555],[-69.1875,3.642],[-69.1865,3.634],[-69.1675,3.634],[-69.152,3.643],[-69.1415,3.6535],[-69.1275,3.6735],[-69.114,3.675],[-69.1105,3.6675],[-69.109,3.652],[-69.1055,3.643],[-69.095,3.636],[-69.087,3.6395],[-69.082,3.655],[-69.071,3.653],[-69.0655,3.642],[-69.056,3.6385],[-69.044,3.6455],[-69.0395,3.654],[-69.012,3.682],[-68.992,3.693],[-68.9755,3.693],[-68.9585,3.6805],[-68.9495,3.679],[-68.9415,3.6835],[-68.9355,3.6975],[-68.9385,3.714],[-68.948,3.7305],[-68.9445,3.74],[-68.937,3.7425],[-68.929,3.7385],[-68.925,3.7295],[-68.929,3.7115],[-68.9295,3.6935],[-68.927,3.688],[-68.9115,3.6825],[-68.8995,3.6865],[-68.8875,3.6995],[-68.8755,3.7055],[-68.8635,3.706],[-68.8515,3.7],[-68.8445,3.6875],[-68.8405,3.6725],[-68.8295,3.675],[-68.83,3.684],[-68.8365,3.6915],[-68.8385,3.701],[-68.852,3.7185],[-68.8525,3.738],[-68.848,3.7425],[-68.838,3.744],[-68.826,3.736],[-68.8125,3.72],[-68.8005,3.72],[-68.782,3.7285],[-68.775,3.735],[-68.769,3.747],[-68.768,3.77],[-68.76,3.7805],[-68.7535,3.7835],[-68.7425,3.7805],[-68.732,3.773],[-68.7095,3.7675],[-68.696,3.7685],[-68.683,3.7755],[-68.6705,3.776],[-68.6625,3.7715],[-68.653,3.7615],[-68.6455,3.7645],[-68.645,3.7715],[-68.657,3.7835],[-68.674,3.789],[-68.6815,3.804],[-68.676,3.811],[-68.6635,3.81],[-68.655,3.8045],[-68.645,3.784],[-68.636,3.774],[-68.6265,3.773],[-68.6115,3.783],[-68.6015,3.784],[-68.5895,3.777],[-68.58,3.79],[-68.5665,3.7845],[-68.5555,3.765],[-68.5475,3.7715],[-68.555,3.7845],[-68.57,3.7975],[-68.574,3.8105],[-68.5705,3.817],[-68.5625,3.82],[-68.55,3.813],[-68.527,3.7855],[-68.519,3.7795],[-68.507,3.7805],[-68.5025,3.792],[-68.5155,3.8115],[-68.5135,3.8235],[-68.5065,3.832],[-68.4965,3.8375],[-68.4835,3.8495],[-68.476,3.852],[-68.466,3.8505],[-68.454,3.839],[-68.4425,3.8405],[-68.44,3.854],[-68.4505,3.8685],[-68.447,3.8845],[-68.4335,3.884],[-68.426,3.875],[-68.4145,3.853],[-68.4045,3.8475],[-68.3935,3.852],[-68.39,3.8605],[-68.3915,3.8705],[-68.3975,3.878],[-68.4295,3.896],[-68.4375,3.9075],[-68.433,3.92],[-68.4205,3.9265],[-68.404,3.9245],[-68.3845,3.913],[-68.3705,3.9145],[-68.3645,3.921],[-68.3465,3.924],[-68.3425,3.9355],[-68.3545,3.9475],[-68.354,3.96],[-68.348,3.968],[-68.346,3.9785],[-68.349,3.9885],[-68.34,3.994],[-68.3285,3.99],[-68.314,3.978],[-68.3,3.9775],[-68.282,3.9795],[-68.2625,3.976],[-68.2425,3.976],[-68.2315,3.973],[-68.213,3.959],[-68.2065,3.957],[-68.2005,3.962],[-68.1995,3.981],[-68.207,3.991],[-68.2,3.997],[-68.187,3.9875],[-68.167,3.9875],[-68.147,3.9985],[-68.1345,4.0015],[-68.127,3.9995],[-68.121,3.9915],[-68.1195,3.982],[-68.123,3.9705],[-68.1365,3.9535],[-68.1285,3.9425],[-68.1205,3.9395],[-68.1055,3.9495],[-68.0985,3.9745],[-68.0915,3.9795],[-68.0785,3.9805],[-68.0725,3.9735],[-68.0725,3.963],[-68.083,3.948],[-68.084,3.941],[-68.0735,3.9385],[-68.056,3.9775],[-68.051,3.9975],[-68.043,4.0115],[-68.0345,4.0115],[-68.029,4.0015],[-68.032,3.989],[-68.028,3.978],[-68.019,3.974],[-67.9935,3.9805],[-67.9835,3.97],[-67.961,3.9625],[-67.945,3.9655],[-67.9305,3.9565],[-67.922,3.9355],[-67.9195,3.9105],[-67.906,3.9105],[-67.8795,3.917],[-67.8685,3.9255],[-67.8195,3.9795],[-67.7935,3.9985],[-67.752,4.0235],[-67.7195,4.037],[-67.7075,4.045],[-67.7185,4.0625],[-67.723,4.086],[-67.733,4.123],[-67.742,4.139],[-67.7685,4.1625],[-67.7755,4.1825],[-67.7765,4.204],[-67.786,4.213],[-67.797,4.2295],[-67.7985,4.242],[-67.7915,4.2765],[-67.802,4.3025],[-67.8055,4.315],[-67.804,4.3275],[-67.799,4.3355],[-67.791,4.34],[-67.7735,4.3375],[-67.764,4.341],[-67.7615,4.3495],[-67.764,4.3615],[-67.771,4.373],[-67.779,4.3795],[-67.7815,4.3925],[-67.7785,4.4045],[-67.7725,4.4125],[-67.773,4.419],[-67.787,4.425],[-67.798,4.437],[-67.792,4.467],[-67.799,4.48],[-67.8175,4.4965],[-67.84,4.5055],[-67.8535,4.5175],[-67.857,4.5245],[-67.855,4.539],[-67.8405,4.5545],[-67.839,4.562],[-67.846,4.594],[-67.844,4.615],[-67.845,4.645],[-67.842,4.655],[-67.8225,4.6925],[-67.818,4.707],[-67.8195,4.7215],[-67.824,4.7335],[-67.826,4.763],[-67.8265,4.7875],[-67.8225,4.8065],[-67.8235,4.84],[-67.8285,4.8645],[-67.8355,4.8815],[-67.8355,4.906],[-67.8375,4.947],[-67.83,4.956],[-67.8245,4.971],[-67.8205,5.0005],[-67.8215,5.022],[-67.8195,5.029],[-67.8095,5.042],[-67.806,5.055],[-67.822,5.066],[-67.822,5.084],[-67.8375,5.11],[-67.8505,5.126],[-67.8545,5.138],[-67.842,5.1645],[-67.838,5.178],[-67.8265,5.1915],[-67.825,5.202],[-67.829,5.209],[-67.831,5.224],[-67.8235,5.247],[-67.8315,5.2615],[-67.847,5.2695],[-67.8515,5.281],[-67.8495,5.304],[-67.838,5.321],[-67.8165,5.3385],[-67.801,5.3575],[-67.772,5.371],[-67.751,5.387],[-67.7255,5.3985],[-67.716,5.412],[-67.7015,5.4225],[-67.683,5.427],[-67.665,5.4405],[-67.651,5.4545],[-67.635,5.4655],[-67.625,5.476],[-67.623,5.497],[-67.6165,5.5175],[-67.605,5.525],[-67.599,5.5445],[-67.602,5.55],[-67.62,5.5655],[-67.62,5.587],[-67.629,5.6135],[-67.6305,5.6325],[-67.637,5.645],[-67.638,5.6735],[-67.6345,5.687],[-67.6325,5.7255],[-67.6305,5.734],[-67.62,5.7465],[-67.611,5.7765],[-67.609,5.793],[-67.5995,5.8125],[-67.5975,5.8265],[-67.589,5.839],[-67.563,5.8595],[-67.557,5.873],[-67.541,5.895],[-67.523,5.912],[-67.502,5.921],[-67.4755,5.9395],[-67.4635,5.9585],[-67.445,5.971],[-67.418,5.983],[-67.41,5.9955],[-67.412,6.011],[-67.424,6.021],[-67.4285,6.029],[-67.4285,6.0395],[-67.4385,6.045],[-67.456,6.059],[-67.472,6.082],[-67.4775,6.102],[-67.4865,6.113],[-67.4935,6.127],[-67.492,6.148],[-67.4855,6.164],[-67.4565,6.189],[-67.457,6.1945],[-67.4745,6.212],[-67.5115,6.234],[-67.534,6.2595],[-67.5465,6.266],[-67.555,6.267],[-67.585,6.262],[-67.595,6.267],[-67.607,6.2815],[-67.615,6.288],[-67.627,6.291],[-67.634,6.2895],[-67.667,6.2905],[-67.6795,6.293],[-67.701,6.294],[-67.7165,6.3],[-67.7365,6.297],[-67.7565,6.2915],[-67.769,6.294],[-67.796,6.32],[-67.8105,6.3245],[-67.835,6.3175],[-67.8475,6.3105],[-67.8565,6.2985],[-67.873,6.2855],[-67.902,6.2675],[-67.9245,6.24],[-67.9505,6.2275],[-67.9645,6.2195],[-67.979,6.208],[-67.9975,6.209],[-68.0055,6.2065],[-68.026,6.1965],[-68.0355,6.196],[-68.047,6.2015],[-68.0665,6.2215],[-68.0775,6.227],[-68.093,6.2315],[-68.1055,6.231],[-68.1175,6.226],[-68.127,6.2255],[-68.1395,6.229],[-68.153,6.2265],[-68.171,6.2195],[-68.1865,6.2105],[-68.214,6.2075],[-68.2395,6.1975],[-68.258,6.197],[-68.268,6.185],[-68.296,6.166],[-68.313,6.162],[-68.3285,6.164],[-68.355,6.179],[-68.3785,6.186],[-68.3975,6.1825],[-68.413,6.1855],[-68.427,6.182],[-68.446,6.188],[-68.4645,6.1835],[-68.477,6.184],[-68.4905,6.1805],[-68.506,6.18],[-68.5125,6.1775],[-68.523,6.159],[-68.5335,6.1515],[-68.551,6.1495],[-68.5775,6.167],[-68.5965,6.1635],[-68.6155,6.151],[-68.622,6.1425],[-68.643,6.1295],[-68.6655,6.132],[-68.687,6.132],[-68.693,6.138],[-68.6955,6.1475],[-68.7065,6.152],[-68.7275,6.152],[-68.746,6.157],[-68.79,6.1475],[-68.811,6.1715],[-68.8305,6.18],[-68.8575,6.177],[-68.8655,6.1705],[-68.8755,6.167],[-68.8865,6.168],[-68.9175,6.177],[-68.934,6.177],[-68.961,6.189],[-68.971,6.1955],[-68.98,6.1965],[-69.004,6.1915],[-69.0175,6.1945],[-69.0285,6.213],[-69.0345,6.219],[-69.0435,6.2215],[-69.069,6.217],[-69.091,6.2085],[-69.0965,6.198],[-69.103,6.194],[-69.123,6.1915],[-69.139,6.175],[-69.146,6.1575],[-69.1515,6.15],[-69.1775,6.1475],[-69.212,6.118],[-69.2175,6.102],[-69.2375,6.08],[-69.2495,6.0795],[-69.26,6.083],[-69.278,6.082],[-69.2875,6.087],[-69.3105,6.091],[-69.3295,6.132],[-69.3445,6.1445],[-69.361,6.14],[-69.3845,6.1255],[-69.4045,6.1255],[-69.417,6.1125],[-69.429,6.109],[-69.436,6.1045],[-69.445,6.09],[-69.453,6.083],[-69.4695,6.0755],[-69.4855,6.07],[-69.503,6.059],[-69.5355,6.045],[-69.571,6.0445],[-69.614,6.0365],[-69.6395,6.0365],[-69.658,6.04],[-69.6825,6.0385],[-69.7045,6.0455],[-69.732,6.0445],[-69.744,6.043],[-69.7845,6.0585],[-69.804,6.0555],[-69.836,6.0415],[-69.843,6.0325],[-69.848,5.9985],[-69.8545,5.9845],[-69.865,5.975],[-69.883,5.97],[-69.8905,5.952],[-69.901,5.9395],[-69.903,5.9295],[-69.9245,5.9105],[-69.93,5.8945],[-69.93,5.883],[-69.9345,5.875],[-69.9535,5.8665],[-69.9605,5.8655],[-69.969,5.8565],[-69.9675,5.826],[-69.979,5.8075],[-69.991,5.791],[-70.0115,5.767],[-70.023,5.761],[-70.03,5.7525],[-70.044,5.746],[-70.0475,5.7205],[-70.0575,5.7025],[-70.0675,5.6975],[-70.0715,5.689],[-70.079,5.687],[-70.106,5.652],[-70.1145,5.632],[-70.1225,5.63],[-70.128,5.6205],[-70.153,5.601],[-70.16,5.599],[-70.171,5.6035],[-70.186,5.5995],[-70.1945,5.603],[-70.205,5.5965],[-70.2155,5.5835],[-70.2305,5.579],[-70.2645,5.5635],[-70.2985,5.5775],[-70.3155,5.574],[-70.3365,5.5745],[-70.358,5.5875],[-70.391,5.561],[-70.401,5.5595],[-70.4185,5.546],[-70.42,5.535],[-70.4345,5.531],[-70.4455,5.531],[-70.4655,5.516],[-70.4685,5.511],[-70.481,5.5065],[-70.5015,5.4935],[-70.511,5.476],[-70.5315,5.4715],[-70.5545,5.452],[-70.5695,5.442],[-70.57,5.436],[-70.601,5.425],[-70.6205,5.4005],[-70.6495,5.38],[-70.6525,5.373],[-70.666,5.374],[-70.678,5.364],[-70.682,5.3575],[-70.6815,5.348],[-70.675,5.3275],[-70.674,5.3155],[-70.6855,5.3005],[-70.694,5.2835],[-70.7065,5.273],[-70.723,5.2635],[-70.7365,5.25],[-70.7455,5.245],[-70.7635,5.2255],[-70.8085,5.196],[-70.814,5.1875],[-70.8235,5.1865],[-70.8345,5.169],[-70.846,5.157],[-70.866,5.1435],[-70.877,5.148],[-70.8855,5.144],[-70.916,5.14],[-70.942,5.1255],[-70.954,5.111],[-70.956,5.096],[-70.9745,5.0795],[-70.97,5.0705],[-70.9675,5.0585],[-70.987,5.0435],[-70.985,5.0355],[-70.9985,4.9995],[-71.0025,4.98],[-71.013,4.9775],[-71.0235,4.956],[-71.0385,4.9415],[-71.0415,4.9245],[-71.056,4.9065],[-71.068,4.906],[-71.078,4.899],[-71.0775,4.7265],[-71.0775,4.495],[-71.0775,4.3285],[-71.0775,4.1755],[-71.0775,3.973],[-71.0775,3.82],[-71.0775,3.649],[-71.0775,3.443],[-71.0775,3.2955],[-71.0775,3.052],[-71.0775,2.882]]]},"properties":{"divipola_dep":"99","divipola_dep_n":99,"dpto_nombre":"VICHADA","area_km2":99632.7208}}
]}